prime,A,x0,trials,cycles,mul_count,inv_count,branch_count,opcount_m3,batch_time_ms
1002741654979,30100576911,22725890719,343929,39768,2994,0,10,2996.500,547.01
1002741654979,30100576911,704737785672,98,38285,2734,0,6,2735.500,547.01
1002741654979,707806351542,458521280621,804,39185,2994,0,10,2996.500,547.01
1002741654979,707806351542,926269380344,112,38975,3059,0,11,3061.750,547.01
1002741654979,786905574272,570546978013,403617,39685,2929,0,9,2931.250,547.01
1002741654979,786905574272,79240299031,119,39558,2994,0,10,2996.500,547.01
1002741654979,146382456268,76774376516,86181,40243,2994,0,10,2996.500,547.01
1002741654979,146382456268,737750868133,121,39476,2929,0,9,2931.250,547.01
1002741654979,609199001158,908041260056,307105,39352,2799,0,7,2800.750,547.01
1002741654979,609199001158,218770512550,130,39160,2929,0,9,2931.250,547.01
1002741654979,491261922134,502617625371,4203,39494,2734,0,6,2735.500,547.01
1002741654979,491261922134,327824794896,131,39060,2864,0,8,2866.000,547.01
1002741654979,33525133405,991025755883,97296,37868,2799,0,7,2800.750,547.01
1002741654979,33525133405,372758899551,120,38268,2929,0,9,2931.250,547.01
1002741654979,361039146836,698932611504,231232,37809,2799,0,7,2800.750,547.01
1002741654979,361039146836,647387407110,117,39410,3059,0,11,3061.750,547.01
1002741654979,157968849600,875545277503,217239,39351,2864,0,8,2866.000,547.01
1002741654979,157968849600,157391793365,118,39868,3059,0,11,3061.750,547.01
1002741654979,585055844191,606009686844,148030,41143,3124,0,12,3127.000,547.01
1002741654979,585055844191,543579956554,120,38309,2864,0,8,2866.000,547.01
1007307916207,607524444600,664214561790,61233,39018,2806,0,9,2808.250,376.11
1007307916207,607524444600,290556283207,126,38743,2744,0,8,2746.000,376.11
1007307916207,303471860486,793500958338,3101,38517,2806,0,9,2808.250,376.11
1007307916207,303471860486,34861500305,110,36727,2496,0,4,2497.000,376.11
1007307916207,300107846892,625819419213,40066,37951,2496,0,4,2497.000,376.11
1007307916207,300107846892,82347178860,117,38476,2806,0,9,2808.250,376.11
1007307916207,989175944211,504709398857,393637,37077,2558,0,5,2559.250,376.11
1007307916207,989175944211,269257276378,116,37101,2620,0,6,2621.500,376.11
1007307916207,365528284211,490898753279,95521,73719,2868,0,10,2870.500,376.11
1007307916207,365528284211,537110389209,246,71828,2930,0,11,2932.750,376.11
1007307916207,120762025253,648355759515,28170,39475,2806,0,9,2808.250,376.11
1007307916207,120762025253,941677195017,114,37893,2682,0,7,2683.750,376.11
1007307916207,620175005580,450972634102,352257,38744,2806,0,9,2808.250,376.11
1007307916207,620175005580,675950696659,121,38684,2868,0,10,2870.500,376.11
1007307916207,291464140822,953253591075,212141,72719,2806,0,9,2808.250,376.11
1007307916207,291464140822,900079058411,221,69952,2744,0,8,2746.000,376.11
1007307916207,366826200535,500383645030,94776,37602,2682,0,7,2683.750,376.11
1007307916207,366826200535,850321682100,100,36518,2496,0,4,2497.000,376.11
1007307916207,32399021170,557463875753,12155,38160,2744,0,8,2746.000,376.11
1007307916207,32399021170,560639579705,127,38892,2868,0,10,2870.500,376.11
1009868816753,FAILED,FAILED,FAILED,FAILED,FAILED,FAILED,FAILED,FAILED,FAILED
1013789348753,FAILED,FAILED,FAILED,FAILED,FAILED,FAILED,FAILED,FAILED,FAILED
1014502174151,995623652317,84373583709,21316,37934,2760,0,7,2761.750,383.60
1014502174151,995623652317,626768595520,121,37101,2760,0,7,2761.750,383.60
1014502174151,271097654273,861975677684,195259,38350,2824,0,8,2826.000,383.60
1014502174151,271097654273,593041076665,135,38602,2888,0,9,2890.250,383.60
1014502174151,89983646164,171980726994,11877,39018,2888,0,9,2890.250,383.60
1014502174151,89983646164,441849493632,128,37993,2760,0,7,2761.750,383.60
1014502174151,855271162790,946784906688,274295,38517,3016,0,11,3018.750,383.60
1014502174151,855271162790,773699147668,117,38852,3016,0,11,3018.750,383.60
1014502174151,636065603652,113112354734,73092,39410,3016,0,11,3018.750,383.60
1014502174151,636065603652,1012555612721,135,37726,2696,0,6,2697.500,383.60
1014502174151,348610459648,420688544009,372090,38685,2888,0,9,2890.250,383.60
1014502174151,348610459648,298235124102,117,38684,3016,0,11,3018.750,383.60
1014502174151,609613447580,512785801877,135182,39435,2952,0,10,2954.500,383.60
1014502174151,609613447580,963979577260,104,38433,2952,0,10,2954.500,383.60
1014502174151,27535282883,819875741924,82180,38600,2952,0,10,2954.500,383.60
1014502174151,27535282883,163191875080,107,37185,2824,0,8,2826.000,383.60
1014502174151,435366241606,531928323174,12194,40101,2888,0,9,2890.250,383.60
1014502174151,435366241606,377978640776,136,39934,2888,0,9,2890.250,383.60
1014502174151,105917545628,240668169855,135503,37268,2632,0,5,2633.250,383.60
1014502174151,105917545628,688411729453,108,36309,2632,0,5,2633.250,383.60
1015130460781,247523997577,107112288524,323077,38826,2949,0,7,2950.750,266.77
1015130460781,247523997577,709208728952,129,40435,3304,0,12,3307.000,266.77
1015130460781,861424660762,800301708636,10888,39227,2759,0,5,2760.250,266.77
1015130460781,861424660762,825020938720,114,38601,2860,0,6,2861.500,266.77
1015130460781,154432995697,166922704055,80002,73828,3073,0,9,3075.250,266.77
1015130460781,154432995697,350599212033,234,75385,3292,0,12,3295.000,266.77
1015130460781,872664127612,345620031431,21243,40475,3150,0,10,3152.500,266.77
1015130460781,872664127612,402309935947,113,39077,3008,0,8,3010.000,266.77
1015130460781,142163588363,286800664705,15218,39119,3067,0,9,3069.250,266.77
1015130460781,142163588363,198452092615,118,39434,3079,0,9,3081.250,266.77
1015130460781,771695997163,100513795573,1042,41035,3055,0,9,3057.250,266.77
1015130460781,771695997163,787995737421,125,40059,3050,0,8,3052.000,266.77
1015130460781,685031162111,597734579787,271033,37368,2712,0,4,2713.000,266.77
1015130460781,685031162111,289834733882,126,39268,3002,0,8,3004.000,266.77
1015130460781,618259746706,782757018836,38923,38809,2860,0,6,2861.500,266.77
1015130460781,618259746706,395094274509,122,39285,3085,0,9,3087.250,266.77
1015130460781,641650817041,1003656670347,28849,39244,2943,0,7,2944.750,266.77
1015130460781,641650817041,602726620595,112,38101,2825,0,5,2826.250,266.77
1015130460781,279439761546,103940417033,80064,40451,3061,0,9,3063.250,266.77
1015130460781,279439761546,749278244103,131,40808,3103,0,9,3105.250,266.77
1019874006533,822014186412,747803874493,2614,72636,2874,0,7,2875.750,386.47
1019874006533,822014186412,802131472631,243,75535,3248,0,12,3251.000,386.47
1019874006533,578924192607,30889305151,350362,37660,2712,0,4,2713.000,386.47
1019874006533,578924192607,777678660555,117,39184,3096,0,10,3098.500,386.47
1019874006533,84125445349,528954350010,24210,38601,2746,0,5,2747.250,386.47
1019874006533,84125445349,856278136021,116,39451,3020,0,9,3022.250,386.47
1019874006533,547825583977,290283748762,267109,38118,2828,0,6,2829.500,386.47
1019874006533,547825583977,877346351843,111,36851,2636,0,3,2636.750,386.47
1019874006533,504412978215,503868720841,38706,74385,2986,0,8,2988.000,386.47
1019874006533,504412978215,449604579374,231,71578,2892,0,7,2893.750,386.47
1019874006533,625953325105,616028276736,93462,40785,3050,0,9,3052.250,386.47
1019874006533,625953325105,510000227717,116,38517,2798,0,6,2799.500,386.47
1019874006533,2738541707,805127780544,93713,37661,2560,0,2,2560.500,386.47
1019874006533,2738541707,422078565239,112,39226,3084,0,10,3086.500,386.47
1019874006533,205836083788,415448160137,217889,38268,2828,0,6,2829.500,386.47
1019874006533,205836083788,553416465923,103,39727,3154,0,11,3156.750,386.47
1019874006533,443380470854,826768301114,118652,74427,2968,0,8,2970.000,386.47
1019874006533,443380470854,325034656626,168,53727,3090,0,10,3092.500,386.47
1019874006533,1008299323324,728764172947,62663,39018,2962,0,8,2964.000,386.47
1019874006533,1008299323324,585247334079,100,37392,2758,0,5,2759.250,386.47
1038005239429,533315282996,159893629679,20414,39285,3168,0,8,3170.000,304.61
1038005239429,533315282996,826806397440,117,39518,3231,0,9,3233.250,304.61
1038005239429,415008791532,788489045528,24736,37701,2868,0,4,2869.000,304.61
1038005239429,415008791532,1011874966086,109,38976,3180,0,8,3182.000,304.61
1038005239429,86729165163,567005032238,143882,77136,3069,0,7,3070.750,304.61
1038005239429,86729165163,197470837521,243,75868,3198,0,8,3200.000,304.61
1038005239429,505395867094,813907677391,6163,40268,3093,0,7,3094.750,304.61
1038005239429,505395867094,182753064471,132,40600,3375,0,11,3377.750,304.61
1038005239429,457534724944,400289280835,275061,40327,3336,0,10,3338.500,304.61
1038005239429,457534724944,787749615771,115,39393,3225,0,9,3227.250,304.61
1038005239429,343569914826,136328907106,39091,40535,3399,0,11,3401.750,304.61
1038005239429,343569914826,951841854415,115,37017,2643,0,1,2643.250,304.61
1038005239429,390507350348,912166391204,164094,40810,3351,0,11,3353.750,304.61
1038005239429,390507350348,864057610916,126,39267,3057,0,7,3058.750,304.61
1038005239429,356147187530,338429318000,24377,38434,2931,0,5,2932.250,304.61
1038005239429,356147187530,399362824677,123,38327,3006,0,6,3007.500,304.61
1038005239429,292356985220,915203922190,115639,39035,3075,0,7,3076.750,304.61
1038005239429,292356985220,44689520773,117,38768,3069,0,7,3070.750,304.61
1038005239429,10667425927,187473327211,173105,78744,3357,0,11,3359.750,304.61
1038005239429,10667425927,415883718187,244,74136,3081,0,7,3082.750,304.61
1044844571921,FAILED,FAILED,FAILED,FAILED,FAILED,FAILED,FAILED,FAILED,FAILED
1048515943751,399519600717,807679615073,45700,38767,2847,0,9,2849.250,423.36
1048515943751,399519600717,211633290067,116,39226,3036,0,12,3039.000,423.36
1048515943751,1035352727844,26796912447,255039,38434,2721,0,7,2722.750,423.36
1048515943751,1035352727844,185015719436,119,38160,2721,0,7,2722.750,423.36
1048515943751,1011199153774,948187989424,217704,38976,2784,0,8,2786.000,423.36
1048515943751,1011199153774,788909187767,119,38017,2847,0,9,2849.250,423.36
1048515943751,827527134164,524350936438,51712,38017,2658,0,6,2659.500,423.36
1048515943751,827527134164,6697124133,113,38101,2847,0,9,2849.250,423.36
1048515943751,123900350164,777244423889,3477,36577,2532,0,4,2533.000,423.36
1048515943751,123900350164,180106211661,121,38684,2910,0,10,2912.500,423.36
1048515943751,421567492785,206692113294,200402,38977,2910,0,10,2912.500,423.36
1048515943751,421567492785,639008703631,118,37142,2721,0,7,2722.750,423.36
1048515943751,999262099740,1030484014932,19333,38826,2847,0,9,2849.250,423.36
1048515943751,999262099740,738465775760,130,38351,2847,0,9,2849.250,423.36
1048515943751,824183619387,414532915564,550981,38559,2973,0,11,2975.750,423.36
1048515943751,824183619387,40409584064,120,37226,2784,0,8,2786.000,423.36
1048515943751,393109829857,672889304311,5659,37517,2784,0,8,2786.000,423.36
1048515943751,393109829857,768740520592,113,37393,2721,0,7,2722.750,423.36
1048515943751,720454485211,572346491168,112837,39976,3036,0,12,3039.000,423.36
1048515943751,720454485211,462503680111,129,39060,2973,0,11,2975.750,423.36
1057392853169,FAILED,FAILED,FAILED,FAILED,FAILED,FAILED,FAILED,FAILED,FAILED
1057516462489,FAILED,FAILED,FAILED,FAILED,FAILED,FAILED,FAILED,FAILED,FAILED
1059944031121,FAILED,FAILED,FAILED,FAILED,FAILED,FAILED,FAILED,FAILED,FAILED
1078217872051,292912435019,893133210206,78927,38393,2799,0,7,2800.750,644.84
1078217872051,292912435019,311283313538,124,38869,2994,0,10,2996.500,644.84
1078217872051,21497693755,626960961977,754139,39643,3059,0,11,3061.750,644.84
1078217872051,21497693755,277619557942,133,39827,3059,0,11,3061.750,644.84
1078217872051,486757568223,113294616837,377637,38933,2799,0,7,2800.750,644.84
1078217872051,486757568223,103000301471,117,37810,2864,0,8,2866.000,644.84
1078217872051,599628756461,466091677432,447495,37851,2799,0,7,2800.750,644.84
1078217872051,599628756461,602735891204,115,37267,2799,0,7,2800.750,644.84
1078217872051,1015128635730,931553193556,119806,38184,2799,0,7,2800.750,644.84
1078217872051,1015128635730,184788682978,116,37577,2864,0,8,2866.000,644.84
1078217872051,276866807389,443456680059,35034,37476,2799,0,7,2800.750,644.84
1078217872051,276866807389,658024014284,127,38308,2864,0,8,2866.000,644.84
1078217872051,583902351743,852299207524,232326,39143,2929,0,9,2931.250,644.84
1078217872051,583902351743,119058404541,123,38142,2799,0,7,2800.750,644.84
1078217872051,907514378139,265869798820,77221,38642,2864,0,8,2866.000,644.84
1078217872051,907514378139,529008013243,122,38493,2864,0,8,2866.000,644.84
1078217872051,331607906142,391141212291,76760,36643,2669,0,5,2670.250,644.84
1078217872051,331607906142,78404103064,113,39160,3059,0,11,3061.750,644.84
1078217872051,680466003057,429927381841,3425,71535,2799,0,7,2800.750,644.84
1078217872051,680466003057,587869403721,230,66845,2604,0,4,2605.000,644.84
1080245914037,108973012514,822568333295,76684,39768,3103,0,9,3105.250,766.72
1080245914037,108973012514,232428632957,123,39701,3061,0,9,3063.250,766.72
1080245914037,977325175393,748257130415,175137,39035,2913,0,7,2914.750,766.72
1080245914037,977325175393,862939409582,115,40185,3067,0,9,3069.250,766.72
1080245914037,938973949933,11625202152,23340,40018,3209,0,11,3211.750,766.72
1080245914037,938973949933,672662534565,105,39100,3097,0,9,3099.250,766.72
1080245914037,417279714002,1000757200733,440298,76243,3156,0,10,3158.500,766.72
1080245914037,417279714002,407439656273,243,70160,2771,0,5,2772.250,766.72
1080245914037,123119641983,615997604265,184058,40743,3239,0,11,3241.750,766.72
1080245914037,123119641983,164184651489,117,38184,2919,0,7,2920.750,766.72
1080245914037,275443328278,763471741406,220582,39559,3002,0,8,3004.000,766.72
1080245914037,275443328278,789921160667,129,39285,3097,0,9,3099.250,766.72
1080245914037,618663409388,24878542791,353835,39327,3002,0,8,3004.000,766.72
1080245914037,618663409388,864152037549,136,39600,3168,0,10,3170.500,766.72
1080245914037,168291302793,761149111380,354388,72743,2902,0,6,2903.500,766.72
1080245914037,168291302793,140595163101,230,72494,2866,0,6,2867.500,766.72
1080245914037,252829252324,520529181874,148339,40035,3085,0,9,3087.250,766.72
1080245914037,252829252324,426977831369,123,38727,2913,0,7,2914.750,766.72
1080245914037,877811050850,289291978301,510992,41142,3209,0,11,3211.750,766.72
1080245914037,877811050850,885539334184,95,38352,2789,0,5,2790.250,766.72
1083198060391,153563684346,347809352342,321471,39726,3011,0,9,3013.250,428.57
1083198060391,153563684346,10282821415,131,38684,3078,0,10,3080.500,428.57
1083198060391,834362730000,266540600841,38239,39767,2877,0,7,2878.750,428.57
1083198060391,834362730000,536116496780,134,40268,3145,0,11,3147.750,428.57
1083198060391,608897796776,999088999018,49058,40143,3078,0,10,3080.500,428.57
1083198060391,608897796776,146633601630,121,37435,2810,0,6,2811.500,428.57
1083198060391,13348391628,922286396285,52699,36934,2676,0,4,2677.000,428.57
1083198060391,13348391628,85589025103,116,38352,2877,0,7,2878.750,428.57
1083198060391,224139504714,805701889975,234323,38350,3011,0,9,3013.250,428.57
1083198060391,224139504714,659654145619,124,38078,3011,0,9,3013.250,428.57
1083198060391,1048379670945,741635175355,94017,39451,3011,0,9,3013.250,428.57
1083198060391,1048379670945,344484811917,120,37601,2877,0,7,2878.750,428.57
1083198060391,1043387459916,576925943142,67441,38977,3145,0,11,3147.750,428.57
1083198060391,1043387459916,3795144987,114,36702,2743,0,5,2744.250,428.57
1083198060391,560966982023,711003169731,212572,38018,2944,0,8,2946.000,428.57
1083198060391,560966982023,34650778409,114,38975,3212,0,12,3215.000,428.57
1083198060391,155647733866,916920612573,241486,38517,2877,0,7,2878.750,428.57
1083198060391,155647733866,621415461321,114,37768,2877,0,7,2878.750,428.57
1083198060391,811559150341,369090337878,131475,39852,3078,0,10,3080.500,428.57
1083198060391,811559150341,446426540601,107,38243,2944,0,8,2946.000,428.57
1084783206539,497532955792,494315618269,86377,37643,2806,0,9,2808.250,266.39
1084783206539,497532955792,444178766025,113,36685,2620,0,6,2621.500,266.39
1084783206539,769542040898,742118950347,67787,37994,2744,0,8,2746.000,266.39
1084783206539,769542040898,747168882817,125,39059,2868,0,10,2870.500,266.39
1084783206539,204485136435,92125644378,61315,70369,2682,0,7,2683.750,266.39
1084783206539,204485136435,151465124831,224,67344,2496,0,4,2497.000,266.39
1084783206539,196478724865,279070634006,159042,37352,2558,0,5,2559.250,266.39
1084783206539,196478724865,909788996030,127,37226,2682,0,7,2683.750,266.39
1084783206539,503026619139,789468239494,140476,37476,2620,0,6,2621.500,266.39
1084783206539,503026619139,229947374871,125,37952,2744,0,8,2746.000,266.39
1084783206539,983766116035,964470768152,119267,36852,2558,0,5,2559.250,266.39
1084783206539,983766116035,97329571637,112,38827,2868,0,10,2870.500,266.39
1084783206539,352191353864,22143140541,2387,37743,2558,0,5,2559.250,266.39
1084783206539,352191353864,311614231535,128,38893,2806,0,9,2808.250,266.39
1084783206539,768481968707,59757026880,70561,37725,2744,0,8,2746.000,266.39
1084783206539,768481968707,645164709984,143,45328,2744,0,8,2746.000,266.39
1084783206539,993591607545,507318508797,88355,38059,2744,0,8,2746.000,266.39
1084783206539,993591607545,878627313356,123,37726,2744,0,8,2746.000,266.39
1084783206539,427845395441,311713556176,121914,38018,2806,0,9,2808.250,266.39
1084783206539,427845395441,718691933082,116,37933,2806,0,9,2808.250,266.39
1085163919579,254831080957,1029918063295,240816,39517,2984,0,8,2986.000,393.21
1085163919579,254831080957,832355819532,134,39576,3120,0,10,3122.500,393.21
1085163919579,598164519641,20096487438,53829,39350,3120,0,10,3122.500,393.21
1085163919579,598164519641,142326653162,121,38268,2916,0,7,2917.750,393.21
1085163919579,1073866804639,35995750586,1935,37560,2916,0,7,2917.750,393.21
1085163919579,1073866804639,643897568373,104,38226,2984,0,8,2986.000,393.21
1085163919579,443039277003,356285716590,4380,39017,2984,0,8,2986.000,393.21
1085163919579,443039277003,676249810047,123,39602,3256,0,12,3259.000,393.21
1085163919579,319685179879,238117022486,171625,38143,2916,0,7,2917.750,393.21
1085163919579,319685179879,138746266067,133,39243,3256,0,12,3259.000,393.21
1085163919579,357944281178,804604977938,535086,38392,2916,0,7,2917.750,393.21
1085163919579,357944281178,200135274513,127,38518,3120,0,10,3122.500,393.21
1085163919579,655061680333,402725014241,147057,38643,2984,0,8,2986.000,393.21
1085163919579,655061680333,98735453888,126,37226,2780,0,5,2781.250,393.21
1085163919579,911402235990,502446497609,46947,39142,2916,0,7,2917.750,393.21
1085163919579,911402235990,341830415254,113,38328,2984,0,8,2986.000,393.21
1085163919579,563254159219,333718265088,68284,76802,3256,0,12,3259.000,393.21
1085163919579,563254159219,407985872168,251,73743,3052,0,9,3054.250,393.21
1085163919579,546991472332,463879613551,52442,37702,2916,0,7,2917.750,393.21
1085163919579,546991472332,128748538753,127,37518,2916,0,7,2917.750,393.21
1087499030557,880448022487,812073607769,132087,39352,2949,0,7,2950.750,291.90
1087499030557,880448022487,408125418899,120,39059,2961,0,7,2962.750,291.90
1087499030557,455497719102,507543768726,60741,39475,2943,0,7,2944.750,291.90
1087499030557,455497719102,565235296836,116,38910,2943,0,7,2944.750,291.90
1087499030557,137625971538,1027508404750,74858,73678,2913,0,7,2914.750,291.90
1087499030557,137625971538,289849498794,238,73994,3014,0,8,3016.000,291.90
1087499030557,630397662818,30522167589,50841,37808,2943,0,7,2944.750,291.90
1087499030557,630397662818,852432641420,111,38226,2848,0,6,2849.500,291.90
1087499030557,847534318244,1065659154377,6231,39910,3186,0,10,3188.500,291.90
1087499030557,847534318244,770344476923,118,38851,2996,0,8,2998.000,291.90
1087499030557,768860874148,838022587021,232581,38350,2878,0,6,2879.500,291.90
1087499030557,768860874148,297040530214,113,38868,2990,0,8,2992.000,291.90
1087499030557,491489149695,993388683245,230115,40202,3085,0,9,3087.250,291.90
1087499030557,491489149695,322055965570,160,58035,3085,0,9,3087.250,291.90
1087499030557,1027214522035,268911677811,33412,39059,3014,0,8,3016.000,291.90
1087499030557,1027214522035,58885039650,126,39477,3020,0,8,3022.000,291.90
1087499030557,1065667382009,1064760320815,23420,40684,3079,0,9,3081.250,291.90
1087499030557,1065667382009,177063529300,120,40309,3097,0,9,3099.250,291.90
1087499030557,685191024478,436012179180,115615,40035,2848,0,6,2849.500,291.90
1087499030557,685191024478,729286332524,128,39309,2937,0,7,2938.750,291.90
1087645890553,FAILED,FAILED,FAILED,FAILED,FAILED,FAILED,FAILED,FAILED,FAILED
1089507575857,FAILED,FAILED,FAILED,FAILED,FAILED,FAILED,FAILED,FAILED,FAILED
1093422634561,FAILED,FAILED,FAILED,FAILED,FAILED,FAILED,FAILED,FAILED,FAILED
1094879025073,FAILED,FAILED,FAILED,FAILED,FAILED,FAILED,FAILED,FAILED,FAILED
1096684938367,292705286669,490386552006,750502,41518,3114,0,11,3116.750,1210.46
1096684938367,292705286669,345348639689,124,41201,3051,0,10,3053.500,1210.46
1096684938367,923593235481,780355103457,87629,40518,3051,0,10,3053.500,1210.46
1096684938367,923593235481,686761575216,138,40892,3177,0,12,3180.000,1210.46
1096684938367,62633965808,708908133772,71824,40893,3051,0,10,3053.500,1210.46
1096684938367,62633965808,678210654793,137,40118,2988,0,9,2990.250,1210.46
1096684938367,1048608220915,530885200255,1916821,40559,2988,0,9,2990.250,1210.46
1096684938367,1048608220915,888197639201,130,39560,2862,0,7,2863.750,1210.46
1096684938367,375972162916,1055245856604,52325,39643,2925,0,8,2927.000,1210.46
1096684938367,375972162916,796655556966,133,40493,2988,0,9,2990.250,1210.46
1096684938367,716460042150,203542277888,507083,40560,2988,0,9,2990.250,1210.46
1096684938367,716460042150,902954007760,125,40267,2988,0,9,2990.250,1210.46
1096684938367,783323096565,805554159527,202792,40435,2988,0,9,2990.250,1210.46
1096684938367,783323096565,1054404907208,127,39684,2925,0,8,2927.000,1210.46
1096684938367,452895676484,273859607842,7633,40119,2862,0,7,2863.750,1210.46
1096684938367,452895676484,386783897705,130,41352,3051,0,10,3053.500,1210.46
1096684938367,204010172824,711895920685,328217,40267,3051,0,10,3053.500,1210.46
1096684938367,204010172824,901891070446,139,39120,2862,0,7,2863.750,1210.46
1096684938367,15848422354,679430693450,212206,41577,2988,0,9,2990.250,1210.46
1096684938367,15848422354,58102993472,123,38976,2736,0,5,2737.250,1210.46
1099124115827,366592092210,234786464895,66846,43618,3453,0,12,3456.000,433.94
1099124115827,366592092210,770873133355,116,40267,3177,0,8,3179.000,433.94
1099124115827,880608702933,21212580550,49558,38850,2970,0,5,2971.250,433.94
1099124115827,880608702933,447375901171,113,40518,3384,0,11,3386.750,433.94
1099124115827,1039539076747,53978349175,162209,41560,3177,0,8,3179.000,433.94
1099124115827,1039539076747,602031169536,128,41475,3315,0,10,3317.500,433.94
1099124115827,1069245426408,1058262068606,18479,42077,3384,0,11,3386.750,433.94
1099124115827,1069245426408,1087687577989,114,40725,3177,0,8,3179.000,433.94
1099124115827,884581272399,754173084439,248085,40933,3246,0,9,3248.250,433.94
1099124115827,884581272399,932811656063,118,41809,3522,0,13,3525.250,433.94
1099124115827,43404175545,73051506639,48765,40245,3108,0,7,3109.750,433.94
1099124115827,43404175545,1007299453976,117,39934,3108,0,7,3109.750,433.94
1099124115827,981614456899,724258560149,488133,78845,3246,0,9,3248.250,433.94
1099124115827,981614456899,907287292897,250,78594,3384,0,11,3386.750,433.94
1099124115827,448658350670,884822542408,143115,41868,3384,0,11,3386.750,433.94
1099124115827,448658350670,235845081187,126,40933,3246,0,9,3248.250,433.94
1099124115827,468252429250,193731515182,168388,41160,3246,0,9,3248.250,433.94
1099124115827,468252429250,55995211328,126,40684,3246,0,9,3248.250,433.94
1099124115827,538313873426,1016942759484,65379,41017,3177,0,8,3179.000,433.94
1099124115827,538313873426,212452920547,129,40643,3177,0,8,3179.000,433.94
1101412781263,898970517896,960061933584,4532,40184,2799,0,8,2801.000,495.80
1101412781263,898970517896,613869771779,131,40518,2919,0,10,2921.500,495.80
1101412781263,142607098656,932735893408,382120,40910,2919,0,10,2921.500,495.80
1101412781263,142607098656,968734807038,119,40933,2979,0,11,2981.750,495.80
1101412781263,688759061927,444650224067,86647,41494,2919,0,10,2921.500,495.80
1101412781263,688759061927,982175448194,126,40352,2799,0,8,2801.000,495.80
1101412781263,845452398651,890929955299,255949,40702,2739,0,7,2740.750,495.80
1101412781263,845452398651,538040011285,118,41892,3039,0,12,3042.000,495.80
1101412781263,657231277716,734336317238,300925,39642,2679,0,6,2680.500,495.80
1101412781263,657231277716,329966308329,121,39893,2799,0,8,2801.000,495.80
1101412781263,292869723093,103100282196,8793,41267,3039,0,12,3042.000,495.80
1101412781263,292869723093,663979970999,130,40352,2859,0,9,2861.250,495.80
1101412781263,1021864773546,337841827914,81196,40268,2919,0,10,2921.500,495.80
1101412781263,1021864773546,591837388997,125,39785,2859,0,9,2861.250,495.80
1101412781263,292867373262,1027650772363,118966,40326,2859,0,9,2861.250,495.80
1101412781263,292867373262,618144656445,122,40018,2799,0,8,2801.000,495.80
1101412781263,881096170247,771883833817,269893,40285,2739,0,7,2740.750,495.80
1101412781263,881096170247,1050430203943,130,40058,2799,0,8,2801.000,495.80
1101412781263,492324089330,471414947589,202654,39060,2619,0,5,2620.250,495.80
1101412781263,492324089330,828375132366,130,39577,2739,0,7,2740.750,495.80
1107145584697,FAILED,FAILED,FAILED,FAILED,FAILED,FAILED,FAILED,FAILED,FAILED
1122011035241,FAILED,FAILED,FAILED,FAILED,FAILED,FAILED,FAILED,FAILED,FAILED
1122962766259,422257124080,823857150223,233936,40892,3108,0,7,3109.750,638.69
1122962766259,422257124080,655087511199,127,40703,3039,0,6,3040.500,638.69
1122962766259,313556425454,600035117174,322829,42160,3453,0,12,3456.000,638.69
1122962766259,313556425454,756338225315,128,40934,3177,0,8,3179.000,638.69
1122962766259,730201850982,898794709115,23900,39434,3039,0,6,3040.500,638.69
1122962766259,730201850982,162045903074,106,39160,2970,0,5,2971.250,638.69
1122962766259,406722276816,778464985873,163426,81411,3384,0,11,3386.750,638.69
1122962766259,406722276816,115191194063,264,78802,3315,0,10,3317.500,638.69
1122962766259,812117588301,283958124172,42471,40184,3177,0,8,3179.000,638.69
1122962766259,812117588301,91873269241,113,39828,3177,0,8,3179.000,638.69
1122962766259,658493607231,1117410927270,233537,40975,3177,0,8,3179.000,638.69
1122962766259,658493607231,509565362162,112,41536,3315,0,10,3317.500,638.69
1122962766259,87646917351,255407929512,115165,77845,3177,0,8,3179.000,638.69
1122962766259,87646917351,71587648068,235,76243,3108,0,7,3109.750,638.69
1122962766259,91816450949,471039681280,732988,41893,3384,0,11,3386.750,638.69
1122962766259,91816450949,256239351815,137,40868,3177,0,8,3179.000,638.69
1122962766259,1060799766908,693490196888,193310,39851,2970,0,5,2971.250,638.69
1122962766259,1060799766908,172443237274,122,40267,3108,0,7,3109.750,638.69
1122962766259,986581953554,264525070020,63675,40559,3177,0,8,3179.000,638.69
1122962766259,986581953554,220697602181,135,40475,3315,0,10,3317.500,638.69
1132054454207,178702728313,128059456948,73911,40493,3009,0,8,3011.000,717.99
1132054454207,178702728313,605988436832,130,39476,2879,0,6,2880.500,717.99
1132054454207,970647629076,379045132037,224027,40285,3139,0,10,3141.500,717.99
1132054454207,970647629076,161107975970,123,39058,2944,0,7,2945.750,717.99
1132054454207,74155069918,1024811237313,208875,39517,2879,0,6,2880.500,717.99
1132054454207,74155069918,393342540386,137,40827,3009,0,8,3011.000,717.99
1132054454207,634567938130,573922064086,54183,40535,3074,0,9,3076.250,717.99
1132054454207,634567938130,350412504878,122,41018,3269,0,12,3272.000,717.99
1132054454207,44284073158,443212600022,94600,40100,2879,0,6,2880.500,717.99
1132054454207,44284073158,96426557927,130,41560,3269,0,12,3272.000,717.99
1132054454207,1088770122413,549970875382,244179,40328,2944,0,7,2945.750,717.99
1132054454207,1088770122413,92824300858,130,41434,3204,0,11,3206.750,717.99
1132054454207,96881171123,874138283730,817040,41535,3074,0,9,3076.250,717.99
1132054454207,96881171123,112986182073,118,40060,3009,0,8,3011.000,717.99
1132054454207,1078094677783,758062457825,293859,39560,2944,0,7,2945.750,717.99
1132054454207,1078094677783,786881057956,122,40518,3139,0,10,3141.500,717.99
1132054454207,227750704940,823037170271,130175,75952,2944,0,7,2945.750,717.99
1132054454207,227750704940,243476981350,250,75218,2944,0,7,2945.750,717.99
1132054454207,950262025822,753987181425,280382,41202,3139,0,10,3141.500,717.99
1132054454207,950262025822,913751788982,104,39185,2879,0,6,2880.500,717.99
1132331407783,728398607656,471298254093,279345,41226,3177,0,12,3180.000,780.72
1132331407783,728398607656,574821015260,127,40058,3051,0,10,3053.500,780.72
1132331407783,7255722151,681859174480,1122355,40100,2925,0,8,2927.000,780.72
1132331407783,7255722151,921349650019,117,39393,2862,0,7,2863.750,780.72
1132331407783,758033092728,79537662883,61537,39600,2673,0,4,2674.000,780.72
1132331407783,758033092728,866491874563,128,41018,3114,0,11,3116.750,780.72
1132331407783,22174269698,430354397160,193159,40827,2862,0,7,2863.750,780.72
1132331407783,22174269698,820297309556,139,40726,2925,0,8,2927.000,780.72
1132331407783,860706896580,106099908749,86389,41185,3177,0,12,3180.000,780.72
1132331407783,860706896580,347397643410,130,39743,2862,0,7,2863.750,780.72
1132331407783,1095674942518,811866614365,29777,41143,2988,0,9,2990.250,780.72
1132331407783,1095674942518,541027564598,118,40327,2988,0,9,2990.250,780.72
1132331407783,425298478907,721679824984,57446,74136,2862,0,7,2863.750,780.72
1132331407783,425298478907,1115657071035,244,73576,2988,0,9,2990.250,780.72
1132331407783,770567200616,811414265324,44088,41976,2988,0,9,2990.250,780.72
1132331407783,770567200616,263615823414,136,40202,2925,0,8,2927.000,780.72
1132331407783,986323660798,1051876734465,464458,40326,2799,0,6,2800.500,780.72
1132331407783,986323660798,702414403774,133,40017,2862,0,7,2863.750,780.72
1132331407783,1093955881315,198188699320,283020,41352,2925,0,8,2927.000,780.72
1132331407783,1093955881315,1025379933362,132,41576,3240,0,13,3243.250,780.72
1136481939877,605683156225,577866410020,9359,40951,3051,0,8,3053.000,600.64
1136481939877,605683156225,171422220319,110,39600,2805,0,5,2806.250,600.64
1136481939877,600919746857,769297337951,214793,40684,2867,0,6,2868.500,600.64
1136481939877,600919746857,762330272870,117,40993,3021,0,8,3023.000,600.64
1136481939877,81456442002,558258739271,81371,41452,2971,0,7,2972.750,600.64
1136481939877,81456442002,325042869529,122,42392,3293,0,12,3296.000,600.64
1136481939877,850510721673,780016773622,820192,42077,3113,0,9,3115.250,600.64
1136481939877,850510721673,875896569420,133,42435,3151,0,10,3153.500,600.64
1136481939877,665105968895,735008674789,106010,75386,2835,0,5,2836.250,600.64
1136481939877,665105968895,743418857098,235,77910,3163,0,10,3165.500,600.64
1136481939877,338541667268,221972149147,363527,42017,3057,0,8,3059.000,600.64
1136481939877,338541667268,814262604995,126,39910,2873,0,6,2874.500,600.64
1136481939877,23929250004,1052643043043,162751,41977,3077,0,9,3079.250,600.64
1136481939877,23929250004,987230562255,125,41869,3089,0,9,3091.250,600.64
1136481939877,1033647274722,322805333561,74199,41643,3027,0,8,3029.000,600.64
1136481939877,1033647274722,166158542190,119,41285,2965,0,7,2966.750,600.64
1136481939877,506580815349,862257899147,145971,41951,3089,0,9,3091.250,600.64
1136481939877,506580815349,199562468974,114,40934,3039,0,8,3041.000,600.64
1136481939877,924946747785,172434558327,6690,40100,2817,0,5,2818.250,600.64
1136481939877,924946747785,129529962941,120,40786,3107,0,9,3109.250,600.64
1136793441419,642595966962,129317610215,493531,41017,2862,0,7,2863.750,924.27
1136793441419,642595966962,285728862377,128,41727,3114,0,11,3116.750,924.27
1136793441419,586520733319,945380646014,972274,77868,3114,0,11,3116.750,924.27
1136793441419,586520733319,812352187577,244,74886,2925,0,8,2927.000,924.27
1136793441419,1106472032140,916624869998,90224,41393,2925,0,8,2927.000,924.27
1136793441419,1106472032140,578040813727,141,39869,2862,0,7,2863.750,924.27
1136793441419,635720188401,768281454580,50890,40160,2988,0,9,2990.250,924.27
1136793441419,635720188401,939976860114,123,38768,2799,0,6,2800.500,924.27
1136793441419,862392970742,30674171122,326053,43018,3303,0,14,3306.500,924.27
1136793441419,862392970742,158663222918,129,41076,2988,0,9,2990.250,924.27
1136793441419,1079177136542,1043706358844,911494,40559,2799,0,6,2800.500,924.27
1136793441419,1079177136542,559658261655,127,40142,2988,0,9,2990.250,924.27
1136793441419,170803477072,578961349887,61127,40601,2925,0,8,2927.000,924.27
1136793441419,170803477072,254850882625,141,39225,2799,0,6,2800.500,924.27
1136793441419,100788201034,1105790355363,93349,39601,2799,0,6,2800.500,924.27
1136793441419,100788201034,366960987215,132,40558,3051,0,10,3053.500,924.27
1136793441419,812288593357,609845884150,42044,39684,2862,0,7,2863.750,924.27
1136793441419,812288593357,1131704836845,119,39661,2925,0,8,2927.000,924.27
1136793441419,957675050463,814521858894,115531,39935,2799,0,6,2800.500,924.27
1136793441419,957675050463,1080016234619,126,41308,3114,0,11,3116.750,924.27
1141536242243,1110113179139,897713812213,385074,41101,3159,0,11,3161.750,1117.27
1141536242243,1110113179139,174008950482,128,39559,2839,0,6,2840.500,1117.27
1141536242243,495947589305,120669257126,232518,78803,3095,0,10,3097.500,1117.27
1141536242243,495947589305,1076854674120,241,76493,3031,0,9,3033.250,1117.27
1141536242243,1024668561771,900304709045,1097680,40868,3095,0,10,3097.500,1117.27
1141536242243,1024668561771,398063043004,127,39143,2903,0,7,2904.750,1117.27
1141536242243,166729030001,269698764501,134441,40434,2967,0,8,2969.000,1117.27
1141536242243,166729030001,80513817997,129,38827,2711,0,4,2712.000,1117.27
1141536242243,124757695897,508259173993,464617,40767,2903,0,7,2904.750,1117.27
1141536242243,124757695897,455109331586,135,40893,3095,0,10,3097.500,1117.27
1141536242243,713761320581,294185594734,222712,40434,2967,0,8,2969.000,1117.27
1141536242243,713761320581,379606258422,131,39851,2967,0,8,2969.000,1117.27
1141536242243,1097356576368,1111493652330,279651,40660,2903,0,7,2904.750,1117.27
1141536242243,1097356576368,96002996089,114,40184,2903,0,7,2904.750,1117.27
1141536242243,383300711871,1115562221170,16895,41559,3223,0,12,3226.000,1117.27
1141536242243,383300711871,665966225779,114,39518,2839,0,6,2840.500,1117.27
1141536242243,977242413533,46741211086,608091,41309,2967,0,8,2969.000,1117.27
1141536242243,977242413533,300707147246,122,39743,2903,0,7,2904.750,1117.27
1141536242243,1137323275924,78886013901,373406,41477,3095,0,10,3097.500,1117.27
1141536242243,1137323275924,61671136892,132,40976,3159,0,11,3161.750,1117.27
1143936944671,658040075993,757380336477,43295,38643,2799,0,6,2800.500,414.01
1143936944671,658040075993,901045784477,129,39993,2925,0,8,2927.000,414.01
1143936944671,776151103427,182968696339,577091,39118,2799,0,6,2800.500,414.01
1143936944671,776151103427,1745796943,120,40476,2988,0,9,2990.250,414.01
1143936944671,6717861876,629124550862,78478,39976,2862,0,7,2863.750,414.01
1143936944671,6717861876,440989130104,129,39642,2988,0,9,2990.250,414.01
1143936944671,124545214675,46825927367,71103,40976,3114,0,11,3116.750,414.01
1143936944671,124545214675,64874952705,143,41017,3051,0,10,3053.500,414.01
1143936944671,98238491571,1109764023427,65165,40410,3051,0,10,3053.500,414.01
1143936944671,98238491571,382577933723,124,40309,3051,0,10,3053.500,414.01
1143936944671,873519523565,973561713961,41176,41202,2925,0,8,2927.000,414.01
1143936944671,873519523565,2825924563,127,40184,2988,0,9,2990.250,414.01
1143936944671,957390612136,336783029728,203438,41077,3177,0,12,3180.000,414.01
1143936944671,957390612136,942790340213,112,39434,2925,0,8,2927.000,414.01
1143936944671,33387095399,368799535012,252251,76802,2925,0,8,2927.000,414.01
1143936944671,33387095399,1116251178468,260,73411,2799,0,6,2800.500,414.01
1143936944671,1112839249242,968264517198,64762,41185,3051,0,10,3053.500,414.01
1143936944671,1112839249242,951980266395,122,39476,2799,0,6,2800.500,414.01
1143936944671,1047563878569,614318575165,10141,39683,2862,0,7,2863.750,414.01
1143936944671,1047563878569,754661999251,112,38953,2736,0,5,2737.250,414.01
1149220875193,FAILED,FAILED,FAILED,FAILED,FAILED,FAILED,FAILED,FAILED,FAILED
1149244409597,243328657571,1115219293179,40180,41702,2978,0,9,2980.250,943.73
1149244409597,243328657571,779003939180,132,42143,3208,0,13,3211.250,943.73
1149244409597,821483845762,101148478499,590167,43059,3244,0,13,3247.250,943.73
1149244409597,821483845762,655618806548,129,39952,2736,0,5,2737.250,943.73
1149244409597,86904030649,304451338870,242286,42161,3167,0,12,3170.000,943.73
1149244409597,86904030649,896415829997,129,40642,2860,0,7,2861.750,943.73
1149244409597,759612527873,481065103454,14718,42035,3025,0,10,3027.500,943.73
1149244409597,759612527873,41204548666,264,84077,2884,0,7,2885.750,943.73
1149244409597,231220731308,943853255542,2955,40727,2907,0,8,2909.000,943.73
1149244409597,231220731308,671921169732,121,40642,2960,0,9,2962.250,943.73
1149244409597,550877631667,185513975116,465490,41185,2806,0,7,2807.750,943.73
1149244409597,550877631667,982385613389,118,40351,2789,0,6,2790.500,943.73
1149244409597,705973397457,487763308635,187133,42143,3114,0,11,3116.750,943.73
1149244409597,705973397457,687062382530,129,40060,2724,0,5,2725.250,943.73
1149244409597,1055955811623,1053390870552,232,42285,2978,0,9,2980.250,943.73
1149244409597,1055955811623,296198195496,140,41477,2978,0,9,2980.250,943.73
1149244409597,406192490197,469064238754,1045758,39351,2706,0,5,2707.250,943.73
1149244409597,406192490197,848675739659,129,41684,3155,0,12,3158.000,943.73
1149244409597,796518130843,536707481410,555836,41517,2990,0,9,2992.250,943.73
1149244409597,796518130843,717822489359,131,41102,2966,0,9,2968.250,943.73
1161151303517,659567905829,876236641897,248382,43517,3249,0,11,3251.750,669.45
1161151303517,659567905829,557409265144,144,40976,2959,0,7,2960.750,669.45
1161151303517,995738876662,92065135192,145165,41143,2995,0,7,2996.750,669.45
1161151303517,995738876662,510200281681,141,41868,3255,0,11,3257.750,669.45
1161151303517,263563720006,1095205942002,289959,40994,3015,0,8,3017.000,669.45
1161151303517,263563720006,485938110072,126,42142,3113,0,9,3115.250,669.45
1161151303517,309864617377,1149631831500,75651,40184,2855,0,6,2856.500,669.45
1161151303517,309864617377,709325709292,128,41143,3101,0,9,3103.250,669.45
1161151303517,243927393276,39733268593,3131,78553,3101,0,9,3103.250,669.45
1161151303517,243927393276,259183707677,242,75785,3021,0,8,3023.000,669.45
1161151303517,1055786654915,781287215712,25736,40809,2971,0,7,2972.750,669.45
1161151303517,1055786654915,67665871608,126,40434,2953,0,7,2954.750,669.45
1161151303517,64869698276,583583192216,878610,43768,3231,0,11,3233.750,669.45
1161151303517,64869698276,167279637374,126,42226,3151,0,10,3153.500,669.45
1161151303517,646501689263,254438474032,13567,41601,2997,0,8,2999.000,669.45
1161151303517,646501689263,589418105542,115,41701,3157,0,10,3159.500,669.45
1161151303517,90248606184,873410691429,129708,39810,2761,0,4,2762.000,669.45
1161151303517,90248606184,1044289014362,128,41893,3225,0,11,3227.750,669.45
1161151303517,1149098816433,489531471080,395538,41434,3083,0,9,3085.250,669.45
1161151303517,1149098816433,530430822878,133,41185,3021,0,8,3023.000,669.45
1166018686939,939608608670,651615153955,13520,41727,3339,0,11,3341.750,660.55
1166018686939,939608608670,561268256778,129,39976,3135,0,8,3137.000,660.55
1166018686939,341445223208,221996669804,381783,40101,2999,0,6,3000.500,660.55
1166018686939,341445223208,336263743398,136,39976,3067,0,7,3068.750,660.55
1166018686939,994689109937,277888349406,347999,44268,3543,0,14,3546.500,660.55
1166018686939,994689109937,288833556520,137,42893,3339,0,11,3341.750,660.55
1166018686939,774173173581,553867298158,544775,41100,3271,0,10,3273.500,660.55
1166018686939,774173173581,781570670607,128,41035,3271,0,10,3273.500,660.55
1166018686939,63840939400,805334144782,142145,41977,3271,0,10,3273.500,660.55
1166018686939,63840939400,561197888735,134,41452,3203,0,9,3205.250,660.55
1166018686939,324056864197,394872061318,2494,38935,2931,0,5,2932.250,660.55
1166018686939,324056864197,1007636466268,108,39952,3067,0,7,3068.750,660.55
1166018686939,526843845908,394394826956,392683,41143,3135,0,8,3137.000,660.55
1166018686939,526843845908,356437023383,130,41326,3339,0,11,3341.750,660.55
1166018686939,126301489374,1029306591375,248623,40268,3203,0,9,3205.250,660.55
1166018686939,126301489374,622123647111,118,39868,3067,0,7,3068.750,660.55
1166018686939,392113715423,921394474842,31618,41161,3339,0,11,3341.750,660.55
1166018686939,392113715423,854073367156,112,40850,3135,0,8,3137.000,660.55
1166018686939,825718104689,253822771303,100353,40493,3135,0,8,3137.000,660.55
1166018686939,825718104689,583238786446,132,40059,3271,0,10,3273.500,660.55
1167513259487,1107396628919,1136381568248,55169,40350,3026,0,7,3027.750,224.66
1167513259487,1107396628919,647492565137,128,40059,3093,0,8,3095.000,224.66
1167513259487,945878355515,209955440720,43765,42309,3294,0,11,3296.750,224.66
1167513259487,945878355515,200128667637,120,39893,2959,0,6,2960.500,224.66
1167513259487,120992254626,180329371264,3261,40727,3294,0,11,3296.750,224.66
1167513259487,120992254626,967665101727,125,40268,3160,0,9,3162.250,224.66
1167513259487,849869137367,747008607700,31557,41202,3160,0,9,3162.250,224.66
1167513259487,849869137367,190203278445,122,41060,3227,0,10,3229.500,224.66
1167513259487,582130180727,115828045719,37643,40976,3361,0,12,3364.000,224.66
1167513259487,582130180727,407108575387,118,40350,3227,0,10,3229.500,224.66
1167513259487,816262973915,746254044377,66237,41434,3294,0,11,3296.750,224.66
1167513259487,816262973915,715651834997,125,40993,3294,0,11,3296.750,224.66
1167513259487,97347735634,654270623015,163861,41808,3160,0,9,3162.250,224.66
1167513259487,97347735634,1000398764313,117,41060,3361,0,12,3364.000,224.66
1167513259487,585072968409,667155361867,27497,40035,2959,0,6,2960.500,224.66
1167513259487,585072968409,474783038085,129,39643,2959,0,6,2960.500,224.66
1167513259487,1026371556964,377404004167,12010,40369,3093,0,8,3095.000,224.66
1167513259487,1026371556964,727092526411,129,40768,3160,0,9,3162.250,224.66
1167513259487,994097373818,39281585479,269981,42559,3361,0,12,3364.000,224.66
1167513259487,994097373818,411252818409,123,41225,3227,0,10,3229.500,224.66
1168711755689,FAILED,FAILED,FAILED,FAILED,FAILED,FAILED,FAILED,FAILED,FAILED
1170127008527,1145493997410,861805571976,517890,42410,2889,0,11,2891.750,1228.64
1170127008527,1145493997410,252777927983,132,42100,2773,0,9,2775.250,1228.64
1170127008527,867475720278,1020196425401,301163,76535,2715,0,8,2717.000,1228.64
1170127008527,867475720278,1144339499770,254,77094,3005,0,13,3008.250,1228.64
1170127008527,159626300486,295062406922,5609,38518,2599,0,6,2600.500,1228.64
1170127008527,159626300486,457515663484,125,40494,2947,0,12,2950.000,1228.64
1170127008527,1103071302283,122493291451,868282,40810,2715,0,8,2717.000,1228.64
1170127008527,1103071302283,607629811276,132,38702,2483,0,4,2484.000,1228.64
1170127008527,765682340700,464999194172,490496,40577,2773,0,9,2775.250,1228.64
1170127008527,765682340700,1084256369486,129,40558,2831,0,10,2833.500,1228.64
1170127008527,1734262274,1114810448803,1114122,39101,2657,0,7,2658.750,1228.64
1170127008527,1734262274,302722330060,142,40893,3005,0,13,3008.250,1228.64
1170127008527,1024152839729,619365612387,105895,41576,3005,0,13,3008.250,1228.64
1170127008527,1024152839729,827608476217,118,39934,2773,0,9,2775.250,1228.64
1170127008527,3085066832,1073690917892,13349,39393,2599,0,6,2600.500,1228.64
1170127008527,3085066832,226920030410,125,40017,2831,0,10,2833.500,1228.64
1170127008527,15042167471,486971767418,591933,39268,2599,0,6,2600.500,1228.64
1170127008527,15042167471,70496336196,137,40494,2773,0,9,2775.250,1228.64
1170127008527,143091306784,1063442311092,291029,40102,2715,0,8,2717.000,1228.64
1170127008527,143091306784,444378328184,125,39119,2657,0,7,2658.750,1228.64
1170943056631,834392354629,950461630183,970982,39975,2925,0,8,2927.000,808.11
1170943056631,834392354629,324856948604,127,40869,3051,0,10,3053.500,808.11
1170943056631,449812791756,236648023399,415914,41267,2988,0,9,2990.250,808.11
1170943056631,449812791756,769499943364,135,40435,2925,0,8,2927.000,808.11
1170943056631,570502184042,1002732182200,47680,40743,3051,0,10,3053.500,808.11
1170943056631,570502184042,50273834301,129,40892,3114,0,11,3116.750,808.11
1170943056631,993654520073,572180494993,52763,41310,3051,0,10,3053.500,808.11
1170943056631,993654520073,1072131933521,129,41267,3114,0,11,3116.750,808.11
1170943056631,780176887005,67081171999,311082,81386,3051,0,10,3053.500,808.11
1170943056631,780176887005,328744664140,132,41018,3114,0,11,3116.750,808.11
1170943056631,860221898935,203466565355,421388,41243,2988,0,9,2990.250,808.11
1170943056631,860221898935,927001023739,136,39685,2862,0,7,2863.750,808.11
1170943056631,914480387976,516672444651,139238,41725,3114,0,11,3116.750,808.11
1170943056631,914480387976,397250294601,125,39577,2799,0,6,2800.500,808.11
1170943056631,571408969456,946542148144,108811,39392,2799,0,6,2800.500,808.11
1170943056631,571408969456,363806600039,140,39726,2925,0,8,2927.000,808.11
1170943056631,651682128629,34719758215,159183,39744,2799,0,6,2800.500,808.11
1170943056631,651682128629,887852552659,122,40975,2925,0,8,2927.000,808.11
1170943056631,330183841840,25357746366,128700,40226,2925,0,8,2927.000,808.11
1170943056631,330183841840,329888295348,129,41285,3114,0,11,3116.750,808.11
1172510673239,1065191121563,9726634956,1029064,40393,2967,0,8,2969.000,1571.37
1172510673239,1065191121563,1068363260044,110,39517,2903,0,7,2904.750,1571.37
1172510673239,1139014373756,381297827360,679396,40726,3031,0,9,3033.250,1571.37
1172510673239,1139014373756,1148953295737,117,40685,3095,0,10,3097.500,1571.37
1172510673239,859182194139,293727539536,377801,40268,2967,0,8,2969.000,1571.37
1172510673239,859182194139,322004997921,133,40517,2967,0,8,2969.000,1571.37
1172510673239,324481293462,368466440794,440413,40244,2839,0,6,2840.500,1571.37
1172510673239,324481293462,654519757810,124,40852,3031,0,9,3033.250,1571.37
1172510673239,715415304032,947523562725,168632,42059,3287,0,13,3290.250,1571.37
1172510673239,715415304032,786439074070,131,40493,3095,0,10,3097.500,1571.37
1172510673239,319174219993,964130551848,838302,40685,2967,0,8,2969.000,1571.37
1172510673239,319174219993,626233619011,126,40060,2967,0,8,2969.000,1571.37
1172510673239,414661539716,1008486350750,597922,39285,2775,0,5,2776.250,1571.37
1172510673239,414661539716,1082725859453,123,39101,2839,0,6,2840.500,1571.37
1172510673239,164416339628,888211334872,207737,41225,3095,0,10,3097.500,1571.37
1172510673239,164416339628,489320869113,140,40935,3159,0,11,3161.750,1571.37
1172510673239,424532800319,506424645807,409408,40868,3095,0,10,3097.500,1571.37
1172510673239,424532800319,1040476020150,139,41559,3223,0,12,3226.000,1571.37
1172510673239,936411586877,652147475840,593507,41060,2967,0,8,2969.000,1571.37
1172510673239,936411586877,828852867171,125,40392,3031,0,9,3033.250,1571.37
1173309490109,377824687534,547089777731,208230,41892,3051,0,10,3053.500,1012.15
1173309490109,377824687534,602477843715,131,40869,2937,0,8,2939.000,1012.15
1173309490109,383905328853,1021970577569,273808,43327,3129,0,11,3131.750,1012.15
1173309490109,383905328853,144643720726,128,42809,3165,0,11,3167.750,1012.15
1173309490109,513588770906,81872877186,30748,41160,2931,0,8,2933.000,1012.15
1173309490109,513588770906,101131804007,124,41059,2967,0,9,2969.250,1012.15
1173309490109,100837220284,1153046823400,31914,40202,2811,0,6,2812.500,1012.15
1173309490109,100837220284,475525611695,125,41601,3027,0,9,3029.250,1012.15
1173309490109,921466326464,660066273588,82222,40535,2853,0,7,2854.750,1012.15
1173309490109,921466326464,578874752787,127,40892,3027,0,9,3029.250,1012.15
1173309490109,325304349672,1078682893451,479279,42243,3069,0,10,3071.500,1012.15
1173309490109,325304349672,1066919027244,126,42559,3057,0,10,3059.500,1012.15
1173309490109,176140815474,11129950866,500322,42475,3171,0,11,3173.750,1012.15
1173309490109,176140815474,914895031553,123,41643,2967,0,8,2969.000,1012.15
1173309490109,1109832694927,1150418067761,791082,40934,2895,0,7,2896.750,1012.15
1173309490109,1109832694927,360667424889,129,42660,3297,0,13,3300.250,1012.15
1173309490109,1134034149536,233986361787,442862,42101,2991,0,9,2993.250,1012.15
1173309490109,1134034149536,69659263187,126,42142,3111,0,10,3113.500,1012.15
1173309490109,657979059242,360541697735,525168,41701,3033,0,9,3035.250,1012.15
1173309490109,657979059242,711079391227,102,40058,2901,0,8,2903.000,1012.15
1182394948433,FAILED,FAILED,FAILED,FAILED,FAILED,FAILED,FAILED,FAILED,FAILED
1185139665077,422860214861,120614346620,328155,41643,3231,0,8,3233.000,589.00
1185139665077,422860214861,597158384213,112,41327,3285,0,9,3287.250,589.00
1185139665077,261259069285,753565877712,168288,42743,3273,0,9,3275.250,589.00
1185139665077,261259069285,988834905135,143,43935,3465,0,12,3468.000,589.00
1185139665077,495482968988,291533866550,9943,40244,2991,0,5,2992.250,589.00
1185139665077,495482968988,502875742013,128,40893,3207,0,8,3209.000,589.00
1185139665077,172943493401,730894221662,772942,41350,3123,0,7,3124.750,589.00
1185139665077,172943493401,811480714879,127,41893,3147,0,7,3148.750,589.00
1185139665077,665922565288,306555942279,43569,42809,3273,0,9,3275.250,589.00
1185139665077,665922565288,771119401534,129,42476,3345,0,10,3347.500,589.00
1185139665077,843073980029,569560295954,179350,41576,3255,0,9,3257.250,589.00
1185139665077,843073980029,599062593903,129,41767,3327,0,10,3329.500,589.00
1185139665077,785315245650,343856384256,58348,42476,3399,0,11,3401.750,589.00
1185139665077,785315245650,148674313528,118,41244,3045,0,6,3046.500,589.00
1185139665077,172489090452,979718601033,187163,41393,3201,0,8,3203.000,589.00
1185139665077,172489090452,464580595638,126,40702,3165,0,8,3167.000,589.00
1185139665077,944962309446,912295975181,110587,40911,3147,0,7,3148.750,589.00
1185139665077,944962309446,955362204453,116,40809,3069,0,6,3070.500,589.00
1185139665077,1086342432346,1093417296732,51802,42285,3327,0,10,3329.500,589.00
1185139665077,1086342432346,859560557243,143,43058,3543,0,13,3546.250,589.00
1186184033563,114674937711,16707585830,334489,40435,3074,0,9,3076.250,626.97
1186184033563,114674937711,1092981281661,120,40619,3139,0,10,3141.500,626.97
1186184033563,530455945737,1083880621484,310113,41434,3009,0,8,3011.000,626.97
1186184033563,530455945737,257522849214,131,40351,2944,0,7,2945.750,626.97
1186184033563,915192575784,638665195128,18307,42267,3204,0,11,3206.750,626.97
1186184033563,915192575784,422335590257,123,41660,3204,0,11,3206.750,626.97
1186184033563,921854342620,136366659423,46459,40310,3009,0,8,3011.000,626.97
1186184033563,921854342620,1124172218199,126,42267,3269,0,12,3272.000,626.97
1186184033563,488687457995,210439427421,24670,41035,3074,0,9,3076.250,626.97
1186184033563,488687457995,828410847813,123,41935,3269,0,12,3272.000,626.97
1186184033563,705527177702,637010362423,115864,40643,3009,0,8,3011.000,626.97
1186184033563,705527177702,78453158991,126,41185,3074,0,9,3076.250,626.97
1186184033563,242213102269,232582513593,377024,41060,2944,0,7,2945.750,626.97
1186184033563,242213102269,819518176108,125,38993,2879,0,6,2880.500,626.97
1186184033563,783691910035,712150358353,97698,39202,2879,0,6,2880.500,626.97
1186184033563,783691910035,822741478314,125,40476,3074,0,9,3076.250,626.97
1186184033563,431989200185,827249010424,270308,40785,2944,0,7,2945.750,626.97
1186184033563,431989200185,262711106720,110,41143,3204,0,11,3206.750,626.97
1186184033563,248120338154,1184297524269,494092,41244,3204,0,11,3206.750,626.97
1186184033563,248120338154,888197428395,125,41435,3334,0,13,3337.250,626.97
1189050219493,1099404114356,815457770747,441164,42267,3164,0,7,3165.750,709.80
1189050219493,1099404114356,561052405215,114,42102,3237,0,8,3239.000,709.80
1189050219493,800451474039,702469341943,177120,41910,3103,0,6,3104.500,709.80
1189050219493,800451474039,175116122238,132,43143,3480,0,11,3482.750,709.80
1189050219493,616040754969,222903349905,153034,43060,3444,0,11,3446.750,709.80
1189050219493,616040754969,836596654645,147,42476,3413,0,10,3415.500,709.80
1189050219493,552639980589,759268583380,486878,40851,2975,0,4,2976.000,709.80
1189050219493,552639980589,8866300103,131,42160,3407,0,10,3409.500,709.80
1189050219493,480011168555,845500452792,49846,41243,3207,0,8,3209.000,709.80
1189050219493,480011168555,336735602498,119,40226,3140,0,7,3141.750,709.80
1189050219493,138873225231,1141468360700,23205,40685,3200,0,7,3201.750,709.80
1189050219493,138873225231,1117284534690,139,42267,3492,0,11,3494.750,709.80
1189050219493,897449399073,369994161838,146115,43517,3675,0,14,3678.500,709.80
1189050219493,897449399073,141001124745,120,41535,3298,0,9,3300.250,709.80
1189050219493,223142700429,836418211908,62304,82720,3565,0,12,3568.000,709.80
1189050219493,223142700429,679040333590,223,73243,2969,0,4,2970.000,709.80
1189050219493,523712486538,637800330994,18289,43618,3529,0,12,3532.000,709.80
1189050219493,523712486538,700778872978,124,41518,3182,0,7,3183.750,709.80
1189050219493,218641060372,7490318900,741781,41143,3061,0,6,3062.500,709.80
1189050219493,218641060372,916233732398,127,40952,3103,0,6,3104.500,709.80
1192691937431,704673312084,707820237952,39365,41850,2985,0,7,2986.750,588.07
1192691937431,704673312084,73415308210,131,41285,3051,0,8,3053.000,588.07
1192691937431,204074101064,390954232418,100525,40369,3051,0,8,3053.000,588.07
1192691937431,204074101064,743014433804,123,40602,3117,0,9,3119.250,588.07
1192691937431,408719736022,581589803623,557807,41118,2985,0,7,2986.750,588.07
1192691937431,408719736022,361686164116,122,41602,3183,0,10,3185.500,588.07
1192691937431,480227128187,1136029392320,435320,40993,2919,0,6,2920.500,588.07
1192691937431,480227128187,981078937340,126,41517,3051,0,8,3053.000,588.07
1192691937431,440250934551,979453683267,29276,41475,2985,0,7,2986.750,588.07
1192691937431,440250934551,677996303842,124,41477,3117,0,9,3119.250,588.07
1192691937431,95985578795,766683056288,134614,39560,2919,0,6,2920.500,588.07
1192691937431,95985578795,211975122223,122,39058,2787,0,4,2788.000,588.07
1192691937431,128153263358,725704777657,378803,41410,3117,0,9,3119.250,588.07
1192691937431,128153263358,735811665585,128,40768,3051,0,8,3053.000,588.07
1192691937431,1081338040938,544770657554,220594,42226,3183,0,10,3185.500,588.07
1192691937431,1081338040938,54297212309,114,39851,2919,0,6,2920.500,588.07
1192691937431,391146396432,379080900933,21538,40851,3117,0,9,3119.250,588.07
1192691937431,391146396432,904120058366,111,40535,3183,0,10,3185.500,588.07
1192691937431,223341175105,915858149931,44854,40785,3051,0,8,3053.000,588.07
1192691937431,223341175105,319307188175,130,40893,3183,0,10,3185.500,588.07
1193306701747,239285530459,681867173176,144856,41060,3190,0,7,3191.750,723.19
1193306701747,239285530459,347176932358,125,40785,3261,0,8,3263.000,723.19
1193306701747,270349808214,823881360726,267026,41059,3332,0,9,3334.250,723.19
1193306701747,270349808214,684804490856,128,40785,3261,0,8,3263.000,723.19
1193306701747,967793531210,770946484523,222828,42058,3545,0,12,3548.000,723.19
1193306701747,967793531210,947507574282,120,42077,3545,0,12,3548.000,723.19
1193306701747,411361686707,73728053466,376578,40142,3190,0,7,3191.750,723.19
1193306701747,411361686707,21370100496,130,40703,3332,0,9,3334.250,723.19
1193306701747,575876789452,452485515062,140867,41451,3332,0,9,3334.250,723.19
1193306701747,575876789452,662119393070,129,40018,3261,0,8,3263.000,723.19
1193306701747,1171128681574,134353189471,80111,40727,3403,0,10,3405.500,723.19
1193306701747,1171128681574,538223626047,125,40535,3261,0,8,3263.000,723.19
1193306701747,64992706136,370695354773,62832,42119,3403,0,10,3405.500,723.19
1193306701747,64992706136,1080864977923,128,39518,2977,0,4,2978.000,723.19
1193306701747,311539584684,786992108796,188161,41535,3332,0,9,3334.250,723.19
1193306701747,311539584684,1021614207631,124,41268,3403,0,10,3405.500,723.19
1193306701747,1052050321843,921662070159,257369,39868,3119,0,6,3120.500,723.19
1193306701747,1052050321843,461152503584,129,42518,3545,0,12,3548.000,723.19
1193306701747,273970946422,689098505673,645017,41685,3261,0,8,3263.000,723.19
1193306701747,273970946422,1174918307089,102,38452,2906,0,3,2906.750,723.19
1197650615971,1140691849777,1087497455497,181133,41203,3139,0,10,3141.500,997.64
1197650615971,1140691849777,97215969518,129,41558,3334,0,13,3337.250,997.64
1197650615971,599139370311,881578148856,124128,40976,3139,0,10,3141.500,997.64
1197650615971,599139370311,712195999041,134,40143,3074,0,9,3076.250,997.64
1197650615971,210684783360,967738360061,151752,40827,3204,0,11,3206.750,997.64
1197650615971,210684783360,117337415000,126,40602,3204,0,11,3206.750,997.64
1197650615971,16611224706,948195863479,104994,39726,3009,0,8,3011.000,997.64
1197650615971,16611224706,934664402682,120,38868,2814,0,5,2815.250,997.64
1197650615971,164739513940,691287673894,246955,41035,3074,0,9,3076.250,997.64
1197650615971,164739513940,463379013600,121,40185,3074,0,9,3076.250,997.64
1197650615971,1113714145110,656221201355,1850838,39744,2879,0,6,2880.500,997.64
1197650615971,1113714145110,955492676413,118,40184,3009,0,8,3011.000,997.64
1197650615971,190133279501,239954017006,10820,41393,3009,0,8,3011.000,997.64
1197650615971,190133279501,710519853418,133,40725,3074,0,9,3076.250,997.64
1197650615971,654419821748,594697258166,157139,42310,3269,0,12,3272.000,997.64
1197650615971,654419821748,398850235411,128,39285,2879,0,6,2880.500,997.64
1197650615971,491332069727,1114561781088,343771,42184,3139,0,10,3141.500,997.64
1197650615971,491332069727,118913369605,120,40185,2944,0,7,2945.750,997.64
1197650615971,658096096219,43583466963,207754,40809,3009,0,8,3011.000,997.64
1197650615971,658096096219,247719364744,136,39285,2879,0,6,2880.500,997.64
1202241967943,680843828481,327197285720,95134,42994,3361,0,12,3364.000,914.02
1202241967943,680843828481,354074164953,126,40600,3093,0,8,3095.000,914.02
1202241967943,1061468029934,941150493528,366974,40184,3026,0,7,3027.750,914.02
1202241967943,1061468029934,563436426376,134,39660,3093,0,8,3095.000,914.02
1202241967943,1023697724236,202812543880,350354,40559,3093,0,8,3095.000,914.02
1202241967943,1023697724236,936539082931,132,42118,3495,0,14,3498.500,914.02
1202241967943,830386351100,1063448854906,202109,40517,3026,0,7,3027.750,914.02
1202241967943,830386351100,649918228450,125,40268,3093,0,8,3095.000,914.02
1202241967943,664304875407,566016838062,209136,39868,2892,0,5,2893.250,914.02
1202241967943,664304875407,440150353561,122,40059,3026,0,7,3027.750,914.02
1202241967943,686827898089,806858724357,488292,41310,3160,0,9,3162.250,914.02
1202241967943,686827898089,1171110786842,119,39493,3026,0,7,3027.750,914.02
1202241967943,540188352301,966311311421,66923,40476,3026,0,7,3027.750,914.02
1202241967943,540188352301,947844669038,131,40910,3227,0,10,3229.500,914.02
1202241967943,1198872549894,765988820277,750904,40601,3160,0,9,3162.250,914.02
1202241967943,1198872549894,775828943669,119,41035,3294,0,11,3296.750,914.02
1202241967943,887763802540,359727571678,50731,41434,3160,0,9,3162.250,914.02
1202241967943,887763802540,311266193425,138,40203,2959,0,6,2960.500,914.02
1202241967943,1098695126930,449398638529,487233,41059,3227,0,10,3229.500,914.02
1202241967943,1098695126930,1089385631903,119,39850,3093,0,8,3095.000,914.02
1202686780829,241289206528,861386196082,181269,42267,3162,0,9,3164.250,559.91
1202686780829,241289206528,599747527465,137,42535,3438,0,13,3441.250,559.91
1202686780829,396434304253,196542875390,29699,40768,3006,0,7,3007.750,559.91
1202686780829,396434304253,616693786634,128,41351,3138,0,9,3140.250,559.91
1202686780829,435218063462,750334736821,123808,43826,3252,0,11,3254.750,559.91
1202686780829,435218063462,456777273382,131,41226,3000,0,7,3001.750,559.91
1202686780829,266491873946,1058413112580,50205,43326,3225,0,10,3227.500,559.91
1202686780829,266491873946,153975340676,129,42101,3132,0,9,3134.250,559.91
1202686780829,277334768075,178289116158,222088,41285,3132,0,9,3134.250,559.91
1202686780829,277334768075,714444616472,124,40143,3000,0,7,3001.750,559.91
1202686780829,385339762013,710653331790,281428,42351,3219,0,10,3221.500,559.91
1202686780829,385339762013,982328168859,122,41618,3138,0,9,3140.250,559.91
1202686780829,128887792593,956713735967,471860,40809,3018,0,7,3019.750,559.91
1202686780829,128887792593,922936919320,128,40935,3075,0,8,3077.000,559.91
1202686780829,767897032263,11313486704,397511,41393,2931,0,6,2932.500,559.91
1202686780829,767897032263,758437254111,151,48535,3339,0,12,3342.000,559.91
1202686780829,467621609366,242174750918,33019,42142,3138,0,9,3140.250,559.91
1202686780829,467621609366,498044549720,116,41036,3045,0,8,3047.000,559.91
1202686780829,395496353601,654928304666,50461,40911,3075,0,8,3077.000,559.91
1202686780829,395496353601,822758023470,121,41601,3231,0,10,3233.500,559.91
1205338638311,1022511030350,598749756722,443247,40185,2862,0,7,2863.750,735.57
1205338638311,1022511030350,995244376926,128,39809,2862,0,7,2863.750,735.57
1205338638311,578320010308,177082197700,143266,39809,2862,0,7,2863.750,735.57
1205338638311,578320010308,693035557568,139,40326,3051,0,10,3053.500,735.57
1205338638311,35213619579,1074251416358,205986,75827,2988,0,9,2990.250,735.57
1205338638311,35213619579,107012065411,256,78970,3114,0,11,3116.750,735.57
1205338638311,909695104642,1197301219301,48483,41619,3240,0,13,3243.250,735.57
1205338638311,909695104642,962699626159,127,40560,3177,0,12,3180.000,735.57
1205338638311,961269234347,350179343119,15877,41642,3240,0,13,3243.250,735.57
1205338638311,961269234347,806669353268,122,40328,3051,0,10,3053.500,735.57
1205338638311,364783083426,493503224102,357092,40726,3051,0,10,3053.500,735.57
1205338638311,364783083426,449454213299,123,39078,2736,0,5,2737.250,735.57
1205338638311,547760628889,981799051520,169807,40518,3051,0,10,3053.500,735.57
1205338638311,547760628889,622272018762,129,38808,2799,0,6,2800.500,735.57
1205338638311,591244938053,887754372447,776173,40185,2988,0,9,2990.250,735.57
1205338638311,591244938053,401913657349,131,40102,2925,0,8,2927.000,735.57
1205338638311,936429009021,315566621595,200882,40703,3051,0,10,3053.500,735.57
1205338638311,936429009021,1188181696460,112,40142,2925,0,8,2927.000,735.57
1205338638311,555170669544,197092169596,155843,40702,3051,0,10,3053.500,735.57
1205338638311,555170669544,1139793451890,127,41642,3177,0,12,3180.000,735.57
1210376891743,70056211400,271087706219,292447,40684,2799,0,6,2800.500,1167.66
1210376891743,70056211400,1123431850285,130,40725,2988,0,9,2990.250,1167.66
1210376891743,609184812676,225810675477,420217,40185,2862,0,7,2863.750,1167.66
1210376891743,609184812676,491144178727,126,39951,2799,0,6,2800.500,1167.66
1210376891743,894604228401,1094170512606,230155,41786,3114,0,11,3116.750,1167.66
1210376891743,894604228401,1018614271496,122,39975,3051,0,10,3053.500,1167.66
1210376891743,1095999427192,284120598183,860754,41910,3051,0,10,3053.500,1167.66
1210376891743,1095999427192,398714522133,122,39308,2736,0,5,2737.250,1167.66
1210376891743,43360063236,40803982338,167515,41161,2988,0,9,2990.250,1167.66
1210376891743,43360063236,892571310166,119,39600,2862,0,7,2863.750,1167.66
1210376891743,934476623302,890730063685,276928,39893,2799,0,6,2800.500,1167.66
1210376891743,934476623302,488860490965,130,39810,2862,0,7,2863.750,1167.66
1210376891743,489387658778,404501256172,386594,40018,2988,0,9,2990.250,1167.66
1210376891743,489387658778,655640989939,117,39576,2925,0,8,2927.000,1167.66
1210376891743,1102175563840,429305655985,14788,41493,3051,0,10,3053.500,1167.66
1210376891743,1102175563840,727293206211,124,40392,2925,0,8,2927.000,1167.66
1210376891743,181370528417,1187091407761,86233,42100,3114,0,11,3116.750,1167.66
1210376891743,181370528417,328800621371,141,41285,2988,0,9,2990.250,1167.66
1210376891743,861078728361,392557476254,1187333,41100,2988,0,9,2990.250,1167.66
1210376891743,861078728361,1136377672793,126,40993,3051,0,10,3053.500,1167.66
1211910013277,953477410427,1079219384517,135226,41410,2856,0,5,2857.250,533.46
1211910013277,953477410427,601696985518,122,40976,2982,0,7,2983.750,533.46
1211910013277,214152280855,836429431552,628538,43225,3294,0,11,3296.750,533.46
1211910013277,214152280855,760636585602,125,42268,3282,0,11,3284.750,533.46
1211910013277,1072339859118,66494674220,19174,42975,3300,0,11,3302.750,533.46
1211910013277,1072339859118,678149677511,116,43077,3351,0,12,3354.000,533.46
1211910013277,562812521223,889595559690,106907,41202,3051,0,8,3053.000,533.46
1211910013277,562812521223,558039776961,126,40933,3006,0,7,3007.750,533.46
1211910013277,213413822689,106232065287,81799,43600,3174,0,9,3176.250,533.46
1211910013277,213413822689,458573362796,136,44119,3168,0,9,3170.250,533.46
1211910013277,306137132080,460934343167,202095,39828,2742,0,3,2742.750,533.46
1211910013277,306137132080,352482549104,129,40809,3036,0,7,3037.750,533.46
1211910013277,4829324803,1027083147239,160209,41559,3213,0,10,3215.500,533.46
1211910013277,4829324803,507018611250,128,40768,3018,0,7,3019.750,533.46
1211910013277,978333116967,438562123382,223232,40535,3051,0,8,3053.000,533.46
1211910013277,978333116967,240118215076,132,41060,3057,0,8,3059.000,533.46
1211910013277,534870658021,216945041186,180463,77970,3075,0,8,3077.000,533.46
1211910013277,534870658021,92654587252,254,75493,2994,0,7,2995.750,533.46
1211910013277,146190160332,891618957710,11041,41684,3225,0,10,3227.500,533.46
1211910013277,146190160332,1128812330551,130,42185,3189,0,10,3191.500,533.46
1216966940639,1060609982753,993242418751,132257,41227,3160,0,9,3162.250,612.58
1216966940639,1060609982753,908329166644,124,39392,2825,0,4,2826.000,612.58
1216966940639,186639131287,984417645314,112521,40143,3026,0,7,3027.750,612.58
1216966940639,186639131287,577612142950,143,40368,3160,0,9,3162.250,612.58
1216966940639,457924335427,829162370199,423091,40517,3160,0,9,3162.250,612.58
1216966940639,457924335427,682161317596,116,39453,3026,0,7,3027.750,612.58
1216966940639,327558086488,844151999176,203802,41559,3160,0,9,3162.250,612.58
1216966940639,327558086488,205283203632,126,43160,3428,0,13,3431.250,612.58
1216966940639,701446476808,324799364909,107800,41643,3093,0,8,3095.000,612.58
1216966940639,701446476808,737858541918,124,40451,3093,0,8,3095.000,612.58
1216966940639,103924029730,679272622793,73296,40660,3093,0,8,3095.000,612.58
1216966940639,103924029730,408601066424,111,38976,2892,0,5,2893.250,612.58
1216966940639,1013940060775,314595926057,809866,77493,3160,0,9,3162.250,612.58
1216966940639,1013940060775,159360234715,248,75553,3160,0,9,3162.250,612.58
1216966940639,472549568086,416966450644,371,41285,3294,0,11,3296.750,612.58
1216966940639,472549568086,504451670237,128,41935,3294,0,11,3296.750,612.58
1216966940639,1194072147028,1190552336516,74805,41017,3093,0,8,3095.000,612.58
1216966940639,1194072147028,89332423105,127,40785,3160,0,9,3162.250,612.58
1216966940639,945478830118,455727841155,107117,39643,2892,0,5,2893.250,612.58
1216966940639,945478830118,545862786477,128,40392,3093,0,8,3095.000,612.58
1217045784179,255595835246,536405929961,788732,40576,3203,0,9,3205.250,1038.27
1217045784179,255595835246,473844990820,120,41435,3203,0,9,3205.250,1038.27
1217045784179,248664120734,975124835560,480580,41035,3135,0,8,3137.000,1038.27
1217045784179,248664120734,883484147952,124,41309,3203,0,9,3205.250,1038.27
1217045784179,582673300770,172412079287,84261,41808,3271,0,10,3273.500,1038.27
1217045784179,582673300770,968374418444,129,40643,3135,0,8,3137.000,1038.27
1217045784179,1149655426999,457348033920,82112,41951,3339,0,11,3341.750,1038.27
1217045784179,1149655426999,180674016729,129,41060,3271,0,10,3273.500,1038.27
1217045784179,68669670744,99827313473,215707,39952,2999,0,6,3000.500,1038.27
1217045784179,68669670744,1151210631198,110,38684,2863,0,4,2864.000,1038.27
1217045784179,96012736401,1135711023070,768022,40076,2999,0,6,3000.500,1038.27
1217045784179,96012736401,145588596116,138,40976,3271,0,10,3273.500,1038.27
1217045784179,1042213202179,496969863757,416346,40392,3135,0,8,3137.000,1038.27
1217045784179,1042213202179,452401831477,129,41268,3407,0,12,3410.000,1038.27
1217045784179,982751839572,913476889963,151257,41684,3339,0,11,3341.750,1038.27
1217045784179,982751839572,754578222370,142,41351,3135,0,8,3137.000,1038.27
1217045784179,716970207623,878588484442,97040,40227,3067,0,7,3068.750,1038.27
1217045784179,716970207623,151659362633,205,61785,2931,0,5,2932.250,1038.27
1217045784179,857105471123,1023465727011,387077,40892,3135,0,8,3137.000,1038.27
1217045784179,857105471123,360234206239,130,40119,3067,0,7,3068.750,1038.27
1221053857973,432631128763,1083985369634,106976,42910,3351,0,12,3354.000,537.94
1221053857973,432631128763,1194549066511,124,39726,2787,0,4,2788.000,537.94
1221053857973,850602603439,899117366393,723834,40701,3081,0,8,3083.000,537.94
1221053857973,850602603439,356846833467,127,40643,3093,0,8,3095.000,537.94
1221053857973,1030205134897,836083687330,405040,43017,3357,0,12,3360.000,537.94
1221053857973,1030205134897,111321510278,120,39743,2868,0,5,2869.250,537.94
1221053857973,170880100373,497569943325,98422,40351,2982,0,7,2983.750,537.94
1221053857973,170880100373,249886762614,122,40243,2925,0,6,2926.500,537.94
1221053857973,730332107064,523733032371,43399,40976,2994,0,7,2995.750,537.94
1221053857973,730332107064,305670138310,118,42161,3177,0,10,3179.500,537.94
1221053857973,354241014099,521850071212,76799,41558,3186,0,9,3188.250,537.94
1221053857973,354241014099,583793852893,115,40476,3075,0,8,3077.000,537.94
1221053857973,436567641175,445005057953,121408,41185,3063,0,8,3065.000,537.94
1221053857973,436567641175,439726384639,118,42702,3327,0,12,3330.000,537.94
1221053857973,528046491023,692396433643,96396,41851,3081,0,8,3083.000,537.94
1221053857973,528046491023,223959939918,114,40910,3006,0,7,3007.750,537.94
1221053857973,30619322636,405137274282,91803,42517,3225,0,10,3227.500,537.94
1221053857973,30619322636,994137143746,126,41701,3177,0,10,3179.500,537.94
1221053857973,348725154919,1202460090246,12204,39869,2856,0,5,2857.250,537.94
1221053857973,348725154919,725463481849,131,43309,3270,0,11,3272.750,537.94
1224086832503,423587263685,1095106811897,86498,39851,2821,0,7,2822.750,722.25
1224086832503,423587263685,74946264139,115,38660,2759,0,6,2760.500,722.25
1224086832503,119860112030,1010526207682,294480,40393,2945,0,9,2947.250,722.25
1224086832503,119860112030,683159701136,128,38684,2759,0,6,2760.500,722.25
1224086832503,1016768506227,506728706158,241730,40976,2945,0,9,2947.250,722.25
1224086832503,1016768506227,298505387922,124,40267,2883,0,8,2885.000,722.25
1224086832503,494040214952,47436125232,9121,40600,3007,0,10,3009.500,722.25
1224086832503,494040214952,4621866683,132,40810,3131,0,12,3134.000,722.25
1224086832503,241670705456,628260836802,183673,41101,3007,0,10,3009.500,722.25
1224086832503,241670705456,379343569499,124,38868,2635,0,4,2636.000,722.25
1224086832503,1019869648738,380141656769,150138,75803,2883,0,8,2885.000,722.25
1224086832503,1019869648738,913422710863,230,77535,3131,0,12,3134.000,722.25
1224086832503,1166781017041,1104293777299,302078,40559,3069,0,11,3071.750,722.25
1224086832503,1166781017041,845652952871,124,39660,2945,0,9,2947.250,722.25
1224086832503,757688035173,823188127436,599672,40701,2945,0,9,2947.250,722.25
1224086832503,757688035173,287531021229,126,40101,2883,0,8,2885.000,722.25
1224086832503,18955500640,43752475408,582552,41327,3069,0,11,3071.750,722.25
1224086832503,18955500640,922913727544,125,40768,2945,0,9,2947.250,722.25
1224086832503,1215303160456,1162963598534,35190,39868,2759,0,6,2760.500,722.25
1224086832503,1215303160456,168402730987,127,40227,2883,0,8,2885.000,722.25
1236174392263,501354699091,242590275868,108374,41768,3203,0,9,3205.250,440.18
1236174392263,501354699091,121968674620,118,41493,3271,0,10,3273.500,440.18
1236174392263,464096874252,561295294350,161928,41785,3339,0,11,3341.750,440.18
1236174392263,464096874252,801848687291,123,40476,3203,0,9,3205.250,440.18
1236174392263,324597141442,145867046332,256853,41183,3203,0,9,3205.250,440.18
1236174392263,324597141442,423491382331,128,41810,3271,0,10,3273.500,440.18
1236174392263,200396501761,50727310310,21016,40243,3135,0,8,3137.000,440.18
1236174392263,200396501761,580718636707,127,40393,3203,0,9,3205.250,440.18
1236174392263,93816890441,1047002983763,47822,41076,3203,0,9,3205.250,440.18
1236174392263,93816890441,235611245870,141,40393,3271,0,10,3273.500,440.18
1236174392263,645138717014,850792911429,34531,40578,3135,0,8,3137.000,440.18
1236174392263,645138717014,174919315245,122,40559,3135,0,8,3137.000,440.18
1236174392263,12082880014,116177800271,89790,41143,3339,0,11,3341.750,440.18
1236174392263,12082880014,801976056136,109,40285,3203,0,9,3205.250,440.18
1236174392263,45293209315,162836682703,263510,41184,3271,0,10,3273.500,440.18
1236174392263,45293209315,803500222569,129,41059,3203,0,9,3205.250,440.18
1236174392263,470665553932,684515658289,412479,38368,2795,0,3,2795.750,440.18
1236174392263,470665553932,402121758468,125,40226,3203,0,9,3205.250,440.18
1236174392263,129669982496,314953216245,72966,41351,3203,0,9,3205.250,440.18
1236174392263,129669982496,515437539240,122,41035,3271,0,10,3273.500,440.18
1236390159937,FAILED,FAILED,FAILED,FAILED,FAILED,FAILED,FAILED,FAILED,FAILED
1238534208181,293562416647,887482111887,184987,41118,3057,0,8,3059.000,424.11
1238534208181,293562416647,601208359714,128,40393,2931,0,6,2932.500,424.11
1238534208181,261948429800,236486933781,71837,41434,3057,0,8,3059.000,424.11
1238534208181,261948429800,1079089966638,132,40535,2973,0,6,2974.500,424.11
1238534208181,193588507017,135625607429,81537,42226,3231,0,10,3233.500,424.11
1238534208181,193588507017,266625964526,116,42642,3300,0,11,3302.750,424.11
1238534208181,847568155078,1144588853725,5687,81220,3369,0,12,3372.000,424.11
1238534208181,847568155078,1033698100743,233,75952,3075,0,8,3077.000,424.11
1238534208181,733166362240,1213648799994,39468,42285,3069,0,8,3071.000,424.11
1238534208181,733166362240,272886617845,132,39935,2892,0,5,2893.250,424.11
1238534208181,753092001304,990600115423,284573,42268,3174,0,9,3176.250,424.11
1238534208181,753092001304,878155531105,112,41226,3063,0,8,3065.000,424.11
1238534208181,1102376877367,393519206330,39587,43951,3189,0,10,3191.500,424.11
1238534208181,1102376877367,61420642023,123,42685,3132,0,9,3134.250,424.11
1238534208181,1023359849599,616848670237,113278,42393,3144,0,9,3146.250,424.11
1238534208181,1023359849599,424764546718,109,40993,3081,0,8,3083.000,424.11
1238534208181,1134878203940,1230696445193,210640,43451,3357,0,12,3360.000,424.11
1238534208181,1134878203940,170455246864,133,43685,3501,0,14,3504.500,424.11
1238534208181,735420682122,175050844338,317811,42160,3138,0,9,3140.250,424.11
1238534208181,735420682122,199194817485,132,42768,3375,0,12,3378.000,424.11
1240669552183,279412836907,192542543834,464306,38850,2863,0,4,2864.000,631.05
1240669552183,279412836907,1078693088050,117,39143,2863,0,4,2864.000,631.05
1240669552183,617789996429,1131118480837,102306,41184,3203,0,9,3205.250,631.05
1240669552183,617789996429,1162634681267,131,41018,3203,0,9,3205.250,631.05
1240669552183,348878953941,860335212616,99572,41226,3203,0,9,3205.250,631.05
1240669552183,348878953941,690954694843,127,40451,3135,0,8,3137.000,631.05
1240669552183,427447525025,1005767227902,69232,40268,3067,0,7,3068.750,631.05
1240669552183,427447525025,522079666402,110,40243,3203,0,9,3205.250,631.05
1240669552183,1096349083034,735453132834,98632,41017,3271,0,10,3273.500,631.05
1240669552183,1096349083034,692285943449,130,41726,3339,0,11,3341.750,631.05
1240669552183,186935083960,526610143304,143834,41267,3067,0,7,3068.750,631.05
1240669552183,186935083960,1116463944016,139,40977,3135,0,8,3137.000,631.05
1240669552183,954708754844,1003049952160,152239,41118,3271,0,10,3273.500,631.05
1240669552183,954708754844,733529893034,128,39976,2999,0,6,3000.500,631.05
1240669552183,636972060820,1164492174138,347056,40892,3271,0,10,3273.500,631.05
1240669552183,636972060820,279947586492,129,40701,3203,0,9,3205.250,631.05
1240669552183,585911015598,315874393622,87630,41434,3203,0,9,3205.250,631.05
1240669552183,585911015598,150599132616,120,41243,3339,0,11,3341.750,631.05
1240669552183,301792900192,428690201253,538519,41869,3339,0,11,3341.750,631.05
1240669552183,301792900192,347990670613,123,41517,3475,0,13,3478.250,631.05
1244062084267,584378956503,278638644910,511648,39727,2919,0,6,2920.500,565.86
1244062084267,584378956503,309993109957,120,39994,2919,0,6,2920.500,565.86
1244062084267,695015098331,1071288702134,67428,39827,2919,0,6,2920.500,565.86
1244062084267,695015098331,112333289711,122,40142,2985,0,7,2986.750,565.86
1244062084267,285933228595,511176779741,125284,40768,2985,0,7,2986.750,565.86
1244062084267,285933228595,621408175052,105,39225,2853,0,5,2854.250,565.86
1244062084267,687426301782,1109079661614,154464,41517,3051,0,8,3053.000,565.86
1244062084267,687426301782,362452921984,124,40851,3117,0,9,3119.250,565.86
1244062084267,1180783888353,606654469191,53592,41725,3183,0,10,3185.500,565.86
1244062084267,1180783888353,226935923855,135,42203,3249,0,11,3251.750,565.86
1244062084267,339780193654,325099140191,252752,39726,2853,0,5,2854.250,565.86
1244062084267,339780193654,1208835534168,130,40493,2985,0,7,2986.750,565.86
1244062084267,491478732921,668029110011,112422,40452,2919,0,6,2920.500,565.86
1244062084267,491478732921,136764398900,130,39601,2919,0,6,2920.500,565.86
1244062084267,820106668021,494476307917,295874,40495,3051,0,8,3053.000,565.86
1244062084267,820106668021,462721916954,128,41683,3249,0,11,3251.750,565.86
1244062084267,64437610313,513199454835,102370,40726,3249,0,11,3251.750,565.86
1244062084267,64437610313,881586525764,122,39952,2985,0,7,2986.750,565.86
1244062084267,260248605868,219622573076,232863,40518,3117,0,9,3119.250,565.86
1244062084267,260248605868,883019452567,142,40767,3117,0,9,3119.250,565.86
1253440467131,294110437156,1089095541125,7027,41702,3359,0,10,3361.500,683.80
1253440467131,294110437156,434161326452,134,40726,3219,0,8,3221.000,683.80
1253440467131,382597351813,944447914953,133820,41975,3429,0,11,3431.750,683.80
1253440467131,382597351813,202725986149,110,40810,3289,0,9,3291.250,683.80
1253440467131,13888811341,527507547845,30508,41244,3219,0,8,3221.000,683.80
1253440467131,13888811341,1163265699263,124,40810,3289,0,9,3291.250,683.80
1253440467131,35777353761,1128835675050,344237,41684,3289,0,9,3291.250,683.80
1253440467131,35777353761,873589561249,137,41826,3429,0,11,3431.750,683.80
1253440467131,352154117722,1571352335,103371,42326,3359,0,10,3361.500,683.80
1253440467131,352154117722,599741368525,127,40768,3219,0,8,3221.000,683.80
1253440467131,462052034280,849393083324,183806,41060,3289,0,9,3291.250,683.80
1253440467131,462052034280,622945232840,121,40577,3079,0,6,3080.500,683.80
1253440467131,474052671242,402506938684,187137,41727,3429,0,11,3431.750,683.80
1253440467131,474052671242,560089928785,131,41142,3219,0,8,3221.000,683.80
1253440467131,83130592401,692107845064,115490,77345,3149,0,7,3150.750,683.80
1253440467131,83130592401,404564085266,271,78868,3359,0,10,3361.500,683.80
1253440467131,1088117845928,378201614807,777980,40077,3079,0,6,3080.500,683.80
1253440467131,1088117845928,1253265338738,139,39559,3079,0,6,3080.500,683.80
1253440467131,1223394965341,63010354440,386723,41642,3289,0,9,3291.250,683.80
1253440467131,1223394965341,1087357587506,118,40268,3079,0,6,3080.500,683.80
1254081169889,FAILED,FAILED,FAILED,FAILED,FAILED,FAILED,FAILED,FAILED,FAILED
1257788395621,815549736430,978642577915,518736,42976,3267,0,11,3269.750,737.79
1257788395621,815549736430,977846093707,129,41643,3089,0,9,3091.250,737.79
1257788395621,993059744802,360625719076,63876,41227,3009,0,8,3011.000,737.79
1257788395621,993059744802,653315118644,115,41868,3237,0,11,3239.750,737.79
1257788395621,1217491473737,341816071920,378930,41535,3113,0,9,3115.250,737.79
1257788395621,1217491473737,550890874222,115,41310,3125,0,9,3127.250,737.79
1257788395621,733937534888,76783363885,6788,42517,3261,0,11,3263.750,737.79
1257788395621,733937534888,1249692819098,111,42018,3181,0,10,3183.500,737.79
1257788395621,1027916207505,492581032386,706299,39810,2755,0,4,2756.000,737.79
1257788395621,1027916207505,921233057324,113,40618,2867,0,6,2868.500,737.79
1257788395621,726650345204,194645704393,35563,40476,2921,0,6,2922.500,737.79
1257788395621,726650345204,831351625543,122,41517,3101,0,9,3103.250,737.79
1257788395621,356242455682,1113989358938,77478,43060,3107,0,9,3109.250,737.79
1257788395621,356242455682,7207987617,125,41285,2971,0,7,2972.750,737.79
1257788395621,219172556771,122848547336,181390,40476,2903,0,6,2904.500,737.79
1257788395621,219172556771,586332186897,127,41869,3181,0,10,3183.500,737.79
1257788395621,276185196001,483436387245,107899,42410,3083,0,9,3085.250,737.79
1257788395621,276185196001,779900429397,135,40310,2805,0,5,2806.250,737.79
1257788395621,1209803118180,298884478021,371111,41018,2891,0,6,2892.500,737.79
1257788395621,1209803118180,1115042752101,131,40577,3039,0,8,3041.000,737.79
1261725122407,779054143226,708778453200,33468,40184,3067,0,7,3068.750,527.08
1261725122407,779054143226,880901257177,115,42243,3407,0,12,3410.000,527.08
1261725122407,751934944220,116088235025,31447,42142,3339,0,11,3341.750,527.08
1261725122407,751934944220,643228513025,139,41536,3203,0,9,3205.250,527.08
1261725122407,201983619271,228147269612,369659,41434,3271,0,10,3273.500,527.08
1261725122407,201983619271,120050484291,111,39643,2931,0,5,2932.250,527.08
1261725122407,459280024697,655224593200,102504,40726,3203,0,9,3205.250,527.08
1261725122407,459280024697,490930483619,132,41393,3203,0,9,3205.250,527.08
1261725122407,737986553058,1048056837288,64299,40768,3203,0,9,3205.250,527.08
1261725122407,737986553058,226847944942,122,42369,3543,0,14,3546.500,527.08
1261725122407,225021988707,1208785993630,18155,39767,2999,0,6,3000.500,527.08
1261725122407,225021988707,383199728013,115,40118,3135,0,8,3137.000,527.08
1261725122407,288284259635,371106320288,6206,41477,3339,0,11,3341.750,527.08
1261725122407,288284259635,614691367335,128,40452,3135,0,8,3137.000,527.08
1261725122407,814540891534,956375893741,292117,41143,3271,0,10,3273.500,527.08
1261725122407,814540891534,1166885868151,106,39268,2931,0,5,2932.250,527.08
1261725122407,11579207365,57903738652,592582,39786,2999,0,6,3000.500,527.08
1261725122407,11579207365,431797904601,124,41517,3271,0,10,3273.500,527.08
1261725122407,496118486137,456066556637,248404,40851,3135,0,8,3137.000,527.08
1261725122407,496118486137,563467550876,123,39809,3135,0,8,3137.000,527.08
1263334783367,913520671927,653536727233,1001908,39619,2814,0,5,2815.250,716.98
1263334783367,913520671927,779050964724,122,39850,2944,0,7,2945.750,716.98
1263334783367,297690374030,168475537729,100018,42309,3204,0,11,3206.750,716.98
1263334783367,297690374030,157693464702,122,40660,3009,0,8,3011.000,716.98
1263334783367,476934432626,290832784234,52851,40601,3074,0,9,3076.250,716.98
1263334783367,476934432626,724259140169,120,39975,3009,0,8,3011.000,716.98
1263334783367,132089063384,342269298687,203814,82368,3139,0,10,3141.500,716.98
1263334783367,132089063384,1243574932805,246,77177,3139,0,10,3141.500,716.98
1263334783367,363815077223,598944958261,250378,40101,3009,0,8,3011.000,716.98
1263334783367,363815077223,939669408541,124,40017,2944,0,7,2945.750,716.98
1263334783367,439854426050,1026391782062,18658,40160,2944,0,7,2945.750,716.98
1263334783367,439854426050,167678891978,127,40185,3139,0,10,3141.500,716.98
1263334783367,894415869114,868795325358,160652,42952,3269,0,12,3272.000,716.98
1263334783367,894415869114,1130522228082,131,41017,3074,0,9,3076.250,716.98
1263334783367,213976682301,362623261371,82941,40328,2944,0,7,2945.750,716.98
1263334783367,213976682301,1169671099701,137,41683,3204,0,11,3206.750,716.98
1263334783367,721196662689,1005969140821,197876,41476,3204,0,11,3206.750,716.98
1263334783367,721196662689,842582561368,124,40268,3009,0,8,3011.000,716.98
1263334783367,151124677389,1144430818779,348841,76119,2879,0,6,2880.500,716.98
1263334783367,151124677389,620873740726,253,80760,3399,0,14,3402.500,716.98
1264666095137,FAILED,FAILED,FAILED,FAILED,FAILED,FAILED,FAILED,FAILED,FAILED
1268498720743,270420056374,706511503955,1268619,40683,3026,0,7,3027.750,1171.43
1268498720743,270420056374,1082827229459,134,42244,3294,0,11,3296.750,1171.43
1268498720743,926633402475,463790978441,198266,41410,3093,0,8,3095.000,1171.43
1268498720743,926633402475,142639043704,135,39976,3026,0,7,3027.750,1171.43
1268498720743,848602116804,1178649343377,295867,40184,3026,0,7,3027.750,1171.43
1268498720743,848602116804,696568718669,135,41119,3160,0,9,3162.250,1171.43
1268498720743,542539166586,890729284320,227800,41369,3160,0,9,3162.250,1171.43
1268498720743,542539166586,1110216874506,118,40767,3160,0,9,3162.250,1171.43
1268498720743,363141234135,720056107794,475015,42017,3093,0,8,3095.000,1171.43
1268498720743,363141234135,20239459324,121,40518,3026,0,7,3027.750,1171.43
1268498720743,398961480233,516668567398,189303,76094,3026,0,7,3027.750,1171.43
1268498720743,398961480233,74964768722,269,78095,3227,0,10,3229.500,1171.43
1268498720743,1106840567502,993600408623,64214,40935,2959,0,6,2960.500,1171.43
1268498720743,1106840567502,159353097043,127,41785,3294,0,11,3296.750,1171.43
1268498720743,376234492922,19021842097,25880,40600,3227,0,10,3229.500,1171.43
1268498720743,376234492922,98840729003,113,39852,3026,0,7,3027.750,1171.43
1268498720743,591168833007,963169904548,879168,41326,3093,0,8,3095.000,1171.43
1268498720743,591168833007,579682467340,141,41308,3160,0,9,3162.250,1171.43
1268498720743,1051925055980,1188902139619,263875,42601,3361,0,12,3364.000,1171.43
1268498720743,1051925055980,646697491804,119,40809,3093,0,8,3095.000,1171.43
1269715721557,395292971579,977762245727,147572,75428,2875,0,4,2876.000,598.64
1269715721557,395292971579,580577978491,277,81493,3153,0,8,3155.000,598.64
1269715721557,625006236430,654909008253,112652,44743,3621,0,14,3624.500,598.64
1269715721557,625006236430,842098946485,116,41433,3248,0,9,3250.250,598.64
1269715721557,451571586575,779609951853,246663,42060,3319,0,10,3321.500,598.64
1269715721557,451571586575,778246935805,110,39642,2810,0,3,2810.750,598.64
1269715721557,1264776584663,735365563415,344710,41951,3088,0,7,3089.750,598.64
1269715721557,1264776584663,560470195666,133,40892,3064,0,7,3065.750,598.64
1269715721557,1215178821312,1010909407100,25676,42618,3135,0,8,3137.000,598.64
1269715721557,1215178821312,1092358606991,131,41893,3135,0,8,3137.000,598.64
1269715721557,111854672893,711616278233,23292,42619,3248,0,9,3250.250,598.64
1269715721557,111854672893,363856570412,135,42602,3277,0,10,3279.500,598.64
1269715721557,826688998876,276861393901,212251,42160,3159,0,8,3161.000,598.64
1269715721557,826688998876,679795834332,122,41601,3088,0,7,3089.750,598.64
1269715721557,10712488072,1215175822595,518061,42227,3236,0,9,3238.250,598.64
1269715721557,10712488072,306850828542,122,42660,3538,0,13,3541.250,598.64
1269715721557,61602926984,575322427965,221217,41560,2940,0,5,2941.250,598.64
1269715721557,61602926984,328704651415,121,41201,3076,0,7,3077.750,598.64
1269715721557,1005965376348,939685498963,100150,42184,3372,0,11,3374.750,598.64
1269715721557,1005965376348,160984887255,133,41952,3289,0,10,3291.500,598.64
1270815461191,126816593145,1078446821934,229323,40785,3051,0,10,3053.500,587.53
1270815461191,126816593145,1001748001188,125,39975,2925,0,8,2927.000,587.53
1270815461191,205487944274,952718556167,133296,41726,3051,0,10,3053.500,587.53
1270815461191,205487944274,870023337389,134,39267,2862,0,7,2863.750,587.53
1270815461191,82603746431,86653374825,705444,40160,2799,0,6,2800.500,587.53
1270815461191,82603746431,226177135226,137,40392,2988,0,9,2990.250,587.53
1270815461191,328787588226,473654398064,317356,40227,2988,0,9,2990.250,587.53
1270815461191,328787588226,320462668466,112,40435,2925,0,8,2927.000,587.53
1270815461191,968230172440,736618156702,206089,42952,3366,0,15,3369.750,587.53
1270815461191,968230172440,846042307066,126,40310,2988,0,9,2990.250,587.53
1270815461191,1059775519053,879877789844,78357,40059,2925,0,8,2927.000,587.53
1270815461191,1059775519053,1121385262840,119,40018,3051,0,10,3053.500,587.53
1270815461191,892938525696,320338906925,2950,40743,2988,0,9,2990.250,587.53
1270815461191,892938525696,1083854601813,123,39059,2736,0,5,2737.250,587.53
1270815461191,838469808253,910546961804,15262,40493,2799,0,6,2800.500,587.53
1270815461191,838469808253,607213387020,125,40310,2862,0,7,2863.750,587.53
1270815461191,1086222036823,1057371149623,296674,39642,2862,0,7,2863.750,587.53
1270815461191,1086222036823,1265842297503,110,39745,2862,0,7,2863.750,587.53
1270815461191,870816732814,385570048086,21349,42227,3051,0,10,3053.500,587.53
1270815461191,870816732814,527497816977,131,40452,2988,0,9,2990.250,587.53
1277790814423,327383575938,206848408636,531001,41309,2934,0,11,2936.750,1601.64
1277790814423,327383575938,91234823504,116,40393,2757,0,8,2759.000,1601.64
1277790814423,263959471887,182890353284,774784,40768,2934,0,11,2936.750,1601.64
1277790814423,263959471887,431567800103,132,39350,2698,0,7,2699.750,1601.64
1277790814423,1200630004116,480989207352,606539,41768,2875,0,10,2877.500,1601.64
1277790814423,1200630004116,639123932342,137,40060,2698,0,7,2699.750,1601.64
1277790814423,1099940538856,445072002646,718893,40559,2816,0,9,2818.250,1601.64
1277790814423,1099940538856,274055849819,129,40785,2934,0,11,2936.750,1601.64
1277790814423,126086735588,532190831713,526779,40268,2698,0,7,2699.750,1601.64
1277790814423,126086735588,88525500736,145,39910,2757,0,8,2759.000,1601.64
1277790814423,1206416829067,10804895790,112002,40935,2816,0,9,2818.250,1601.64
1277790814423,1206416829067,619972780636,111,40368,2698,0,7,2699.750,1601.64
1277790814423,9866602949,566215512679,127733,40642,2757,0,8,2759.000,1601.64
1277790814423,9866602949,317138336510,128,41226,2875,0,10,2877.500,1601.64
1277790814423,645670202581,492966871278,765332,75428,2816,0,9,2818.250,1601.64
1277790814423,645670202581,33056320063,253,73743,2698,0,7,2699.750,1601.64
1277790814423,482617816669,154934595265,171003,39352,2757,0,8,2759.000,1601.64
1277790814423,482617816669,948844046815,111,40184,2816,0,9,2818.250,1601.64
1277790814423,435909856402,937700331583,1231074,41851,2875,0,10,2877.500,1601.64
1277790814423,435909856402,609315601537,125,39518,2639,0,6,2640.500,1601.64
1278740918639,1248256655938,994741488873,284550,40101,2999,0,6,3000.500,880.42
1278740918639,1248256655938,187071719290,126,40308,3271,0,10,3273.500,880.42
1278740918639,805677902078,841555170094,20586,40245,2931,0,5,2932.250,880.42
1278740918639,805677902078,624354794771,120,41434,3271,0,10,3273.500,880.42
1278740918639,96957096342,388477037935,510182,42643,3339,0,11,3341.750,880.42
1278740918639,96957096342,1251265598791,117,41201,3135,0,8,3137.000,880.42
1278740918639,656270795252,1160075667088,28992,40477,3067,0,7,3068.750,880.42
1278740918639,656270795252,166934979795,120,40351,3067,0,7,3068.750,880.42
1278740918639,786527894596,424831420221,652846,41243,3271,0,10,3273.500,880.42
1278740918639,786527894596,1254500720720,134,40975,3203,0,9,3205.250,880.42
1278740918639,456362352666,511621889806,436559,42059,3339,0,11,3341.750,880.42
1278740918639,456362352666,1192185178684,142,42101,3407,0,12,3410.000,880.42
1278740918639,620463629330,442775942092,178236,42226,3271,0,10,3273.500,880.42
1278740918639,620463629330,306352296623,129,39910,2931,0,5,2932.250,880.42
1278740918639,669156621940,638279056319,292287,78701,3203,0,9,3205.250,880.42
1278740918639,669156621940,444827363217,252,75387,3135,0,8,3137.000,880.42
1278740918639,1163429698078,115826219589,289384,40601,3135,0,8,3137.000,880.42
1278740918639,1163429698078,565066093085,118,38993,2863,0,4,2864.000,880.42
1278740918639,569826086419,733711192749,244557,41393,3271,0,10,3273.500,880.42
1278740918639,569826086419,280020835460,126,42202,3339,0,11,3341.750,880.42
1279732783073,FAILED,FAILED,FAILED,FAILED,FAILED,FAILED,FAILED,FAILED,FAILED
1280708256449,FAILED,FAILED,FAILED,FAILED,FAILED,FAILED,FAILED,FAILED,FAILED
1288359280807,5954281686,1147867346149,426159,40018,2799,0,6,2800.500,691.66
1288359280807,5954281686,731342065466,126,41142,3114,0,11,3116.750,691.66
1288359280807,237032866014,260469336638,622606,41036,2988,0,9,2990.250,691.66
1288359280807,237032866014,445056884757,129,41767,3240,0,13,3243.250,691.66
1288359280807,684782398420,95497331525,75480,40327,2862,0,7,2863.750,691.66
1288359280807,684782398420,902484377773,134,40226,2799,0,6,2800.500,691.66
1288359280807,45974703105,807318129940,117750,40701,2862,0,7,2863.750,691.66
1288359280807,45974703105,531506298037,121,40393,2799,0,6,2800.500,691.66
1288359280807,530561876393,485870922406,172541,40976,3051,0,10,3053.500,691.66
1288359280807,530561876393,572528335342,131,41327,3051,0,10,3053.500,691.66
1288359280807,304741804642,677438949845,283378,40827,3051,0,10,3053.500,691.66
1288359280807,304741804642,341284773330,133,39643,2862,0,7,2863.750,691.66
1288359280807,678066475444,141939246690,173179,41517,3114,0,11,3116.750,691.66
1288359280807,678066475444,239179969487,125,40160,2988,0,9,2990.250,691.66
1288359280807,237419080838,545571505437,253370,39893,2862,0,7,2863.750,691.66
1288359280807,237419080838,960338092353,132,38767,2673,0,4,2674.000,691.66
1288359280807,379489536999,189321510990,118112,41226,2988,0,9,2990.250,691.66
1288359280807,379489536999,66528036584,122,40892,2988,0,9,2990.250,691.66
1288359280807,1131636418994,616079310798,112589,75785,2925,0,8,2927.000,691.66
1288359280807,1131636418994,116859815688,242,74345,2988,0,9,2990.250,691.66
1290899556929,FAILED,FAILED,FAILED,FAILED,FAILED,FAILED,FAILED,FAILED,FAILED
1295028735037,139467638110,30548766944,246493,39767,2909,0,6,2910.500,742.00
1295028735037,139467638110,270655226256,100,39727,2873,0,6,2874.500,742.00
1295028735037,594449495507,981271399924,137949,43059,3169,0,10,3171.500,742.00
1295028735037,594449495507,72553143803,143,40951,2921,0,6,2922.500,742.00
1295028735037,32167755503,737209127621,287742,40892,2953,0,7,2954.750,742.00
1295028735037,32167755503,182118497166,125,41576,3077,0,9,3079.250,742.00
1295028735037,1252201158975,305957626052,283007,40893,2749,0,4,2750.000,742.00
1295028735037,1252201158975,949216860537,131,42017,2959,0,7,2960.750,742.00
1295028735037,707358264510,1170146327101,24660,43059,3163,0,10,3165.500,742.00
1295028735037,707358264510,436057998738,127,41851,3113,0,9,3115.250,742.00
1295028735037,1114726844878,1124023553033,339758,40577,2947,0,7,2948.750,742.00
1295028735037,1114726844878,1227099589044,122,40602,2959,0,7,2960.750,742.00
1295028735037,402479558149,17145534918,257023,41826,3287,0,12,3290.000,742.00
1295028735037,402479558149,976102433102,127,41976,3249,0,11,3251.750,742.00
1295028735037,178488201057,69627555944,387649,42161,3231,0,11,3233.750,742.00
1295028735037,178488201057,426961780934,60,40725,3033,0,8,3035.000,742.00
1295028735037,746237595370,460843715306,294600,42994,3225,0,11,3227.750,742.00
1295028735037,746237595370,546520132665,118,40600,2903,0,6,2904.500,742.00
1295028735037,414612066319,29944732429,146809,41726,2947,0,7,2948.750,742.00
1295028735037,414612066319,269112359932,125,42285,3255,0,11,3257.750,742.00
1304621602121,FAILED,FAILED,FAILED,FAILED,FAILED,FAILED,FAILED,FAILED,FAILED
1304992536469,1303342866771,216582090601,291556,42143,3358,0,7,3359.750,1091.89
1304992536469,1303342866771,874947429244,123,43018,3630,0,11,3632.750,1091.89
1304992536469,397697413999,847561082421,520367,42934,3488,0,9,3490.250,1091.89
1304992536469,397697413999,342759504774,132,41660,3387,0,8,3389.000,1091.89
1304992536469,1050259527152,1059865317461,811577,44327,3689,0,12,3692.000,1091.89
1304992536469,1050259527152,806085862013,120,41977,3482,0,9,3484.250,1091.89
1304992536469,881894079067,481102241512,77837,43160,3713,0,12,3716.000,1091.89
1304992536469,881894079067,915428866930,132,41684,3405,0,8,3407.000,1091.89
1304992536469,488636696887,402083322152,305788,82678,3500,0,9,3502.250,1091.89
1304992536469,488636696887,1269426231752,232,75762,3085,0,4,3086.000,1091.89
1304992536469,543621281474,796781440686,103056,80927,3464,0,9,3466.250,1091.89
1304992536469,543621281474,949210172950,260,78369,3393,0,8,3395.000,1091.89
1304992536469,1191364439193,965021131034,99049,42476,3529,0,10,3531.500,1091.89
1304992536469,1191364439193,1298908596261,125,42185,3506,0,9,3508.250,1091.89
1304992536469,534335656599,508823207511,468404,43142,3547,0,10,3549.500,1091.89
1304992536469,534335656599,1228884836,132,41451,3340,0,7,3341.750,1091.89
1304992536469,690733332545,593245025073,294159,86078,3613,0,10,3615.500,1091.89
1304992536469,690733332545,96709863147,263,82302,3488,0,9,3490.250,1091.89
1304992536469,1106893649286,731362998701,512795,41577,3198,0,5,3199.250,1091.89
1304992536469,1106893649286,728069877716,140,42768,3636,0,11,3638.750,1091.89
1309331907287,160835219261,955944045751,275986,39910,2839,0,6,2840.500,610.13
1309331907287,160835219261,1057496741101,130,41518,3159,0,11,3161.750,610.13
1309331907287,749129067513,100867155540,390759,41977,3223,0,12,3226.000,610.13
1309331907287,749129067513,626066930360,123,42183,3287,0,13,3290.250,610.13
1309331907287,931120585543,826063148403,155364,40392,2967,0,8,2969.000,610.13
1309331907287,931120585543,1273963961565,121,39078,2903,0,7,2904.750,610.13
1309331907287,1139786651145,405713421383,97149,38559,2647,0,3,2647.750,610.13
1309331907287,1139786651145,865783700991,120,40119,2903,0,7,2904.750,610.13
1309331907287,980503665605,251849608476,180571,79386,3287,0,13,3290.250,610.13
1309331907287,980503665605,777883446830,261,74995,2967,0,8,2969.000,610.13
1309331907287,885988897636,533390843742,71407,40268,2775,0,5,2776.250,610.13
1309331907287,885988897636,1087319575101,140,40892,3031,0,9,3033.250,610.13
1309331907287,512690153617,629396595635,19537,40601,2903,0,7,2904.750,610.13
1309331907287,512690153617,1143884893122,126,42036,3223,0,12,3226.000,610.13
1309331907287,731162543815,836829687902,804429,40475,2903,0,7,2904.750,610.13
1309331907287,731162543815,25166482295,134,41018,3031,0,9,3033.250,610.13
1309331907287,485870338830,1214103812479,47491,42101,3159,0,11,3161.750,610.13
1309331907287,485870338830,375730606255,131,40768,3031,0,9,3033.250,610.13
1309331907287,835088839280,250400606635,27607,41869,3095,0,10,3097.500,610.13
1309331907287,835088839280,709998995947,122,40058,2839,0,6,2840.500,610.13
1311239146967,135132538295,1083142559421,147543,42225,3294,0,11,3296.750,584.91
1311239146967,135132538295,1077576588825,129,41120,3294,0,11,3296.750,584.91
1311239146967,525464076412,561262615760,47878,41036,3160,0,9,3162.250,584.91
1311239146967,525464076412,146130303382,134,40475,3160,0,9,3162.250,584.91
1311239146967,480525331077,628735879774,165724,42370,3361,0,12,3364.000,584.91
1311239146967,480525331077,55911392318,125,40809,3093,0,8,3095.000,584.91
1311239146967,817670941825,535135662279,386296,41600,3160,0,9,3162.250,584.91
1311239146967,817670941825,897357446172,124,41077,3093,0,8,3095.000,584.91
1311239146967,639990854790,295308784803,272794,40642,3227,0,10,3229.500,584.91
1311239146967,639990854790,825140053134,124,40393,3160,0,9,3162.250,584.91
1311239146967,1255655247549,112180826687,374587,40684,3227,0,10,3229.500,584.91
1311239146967,1255655247549,1226321469260,135,40560,3093,0,8,3095.000,584.91
1311239146967,899894114890,642894169794,114473,40994,3026,0,7,3027.750,584.91
1311239146967,899894114890,1015252949388,105,41393,3093,0,8,3095.000,584.91
1311239146967,804901012356,292051609511,166714,42493,3361,0,12,3364.000,584.91
1311239146967,804901012356,265306553796,136,40808,3026,0,7,3027.750,584.91
1311239146967,7899441356,1003359345378,214082,40952,3227,0,10,3229.500,584.91
1311239146967,7899441356,179917424104,130,41600,3160,0,9,3162.250,584.91
1311239146967,532489357806,719149377400,70076,40268,3160,0,9,3162.250,584.91
1311239146967,532489357806,143689185273,133,40935,3227,0,10,3229.500,584.91
1311548240017,FAILED,FAILED,FAILED,FAILED,FAILED,FAILED,FAILED,FAILED,FAILED
1313128856773,630736103516,517792757741,354973,42351,3193,0,9,3195.250,786.80
1313128856773,630736103516,633024346728,127,42410,3245,0,10,3247.500,786.80
1313128856773,1254701658481,1118298271704,32193,76369,2941,0,6,2942.500,786.80
1313128856773,1254701658481,445460018962,242,77385,3093,0,8,3095.000,786.80
1313128856773,1121420807676,508959890602,405717,43493,3601,0,15,3604.750,786.80
1313128856773,1121420807676,873142116793,121,42225,3187,0,9,3189.250,786.80
1313128856773,759371788879,611959605096,136462,42017,3181,0,9,3183.250,786.80
1313128856773,759371788879,809957830674,123,41660,3175,0,9,3177.250,786.80
1313128856773,1296718693985,1043153113889,125738,41434,2913,0,5,2914.250,786.80
1313128856773,1296718693985,66724840235,122,39352,2801,0,4,2802.000,786.80
1313128856773,522009827408,196809278511,241485,41309,2983,0,6,2984.500,786.80
1313128856773,522009827408,863788159902,109,40785,3035,0,7,3036.750,786.80
1313128856773,251706855760,826135050622,190936,41160,3053,0,7,3054.750,786.80
1313128856773,251706855760,462595902578,135,40643,3059,0,7,3060.750,786.80
1313128856773,938532230623,1265445057553,278944,40369,2983,0,6,2984.500,786.80
1313128856773,938532230623,820039306592,138,41393,3257,0,10,3259.500,786.80
1313128856773,797140644657,1191750495485,354927,41285,3099,0,8,3101.000,786.80
1313128856773,797140644657,265993623892,119,41560,3181,0,9,3183.250,786.80
1313128856773,273079280792,203308833570,460274,43518,3123,0,8,3125.000,786.80
1313128856773,273079280792,931715814584,133,41809,3397,0,12,3400.000,786.80
1318384963673,FAILED,FAILED,FAILED,FAILED,FAILED,FAILED,FAILED,FAILED,FAILED
1319341066931,1318355773909,928281860178,443546,39851,2959,0,6,2960.500,922.21
1319341066931,1318355773909,1307565926691,124,41743,3294,0,11,3296.750,922.21
1319341066931,729406431013,337041158415,212899,41951,3294,0,11,3296.750,922.21
1319341066931,729406431013,891951073523,127,41018,3160,0,9,3162.250,922.21
1319341066931,749871629297,913488120669,60676,40768,2959,0,6,2960.500,922.21
1319341066931,749871629297,427940591537,143,43100,3428,0,13,3431.250,922.21
1319341066931,338150290880,417376041111,36785,41808,2892,0,5,2893.250,922.21
1319341066931,338150290880,567431548522,135,42452,3294,0,11,3296.750,922.21
1319341066931,213079218393,116718632793,998667,39392,2758,0,3,2758.750,922.21
1319341066931,213079218393,699523954904,117,40410,3093,0,8,3095.000,922.21
1319341066931,1109979475490,1279101961683,2196,40493,3093,0,8,3095.000,922.21
1319341066931,1109979475490,555489357047,117,39768,3026,0,7,3027.750,922.21
1319341066931,238818722991,383749895680,257925,41183,3227,0,10,3229.500,922.21
1319341066931,238818722991,649694990453,107,39077,2892,0,5,2893.250,922.21
1319341066931,506285410946,1227495397513,80257,40578,3093,0,8,3095.000,922.21
1319341066931,506285410946,1130549863747,109,40851,3093,0,8,3095.000,922.21
1319341066931,527059588535,1186369737834,226949,41476,3227,0,10,3229.500,922.21
1319341066931,527059588535,971998268073,130,41619,3294,0,11,3296.750,922.21
1319341066931,225459697228,337397772460,748620,39643,2959,0,6,2960.500,922.21
1319341066931,225459697228,1274127444444,126,39975,3026,0,7,3027.750,922.21
1319632961237,1308698488280,457586691669,451138,41851,3207,0,10,3209.500,673.52
1319632961237,1308698488280,565829172074,143,41410,3156,0,9,3158.250,673.52
1319632961237,1199630928072,1223615891812,62566,42035,3369,0,12,3372.000,673.52
1319632961237,1199630928072,665111267187,115,40434,2988,0,7,2989.750,673.52
1319632961237,169465639710,977928950163,160193,41018,3138,0,9,3140.250,673.52
1319632961237,169465639710,476841973887,127,39702,2874,0,5,2875.250,673.52
1319632961237,787290940115,303500276118,513103,41183,3012,0,7,3013.750,673.52
1319632961237,787290940115,632485493795,117,41618,3156,0,9,3158.250,673.52
1319632961237,841484889807,225287286248,253526,42577,3270,0,11,3272.750,673.52
1319632961237,841484889807,208219684525,122,39518,2868,0,5,2869.250,673.52
1319632961237,1026786872294,240053721156,403567,41685,3126,0,9,3128.250,673.52
1319632961237,1026786872294,1003794987139,113,41160,3087,0,8,3089.000,673.52
1319632961237,755217435922,55707072863,165105,41975,3006,0,7,3007.750,673.52
1319632961237,755217435922,1237742158950,132,41643,3132,0,9,3134.250,673.52
1319632961237,720298652049,457040357904,30237,43267,3315,0,12,3318.000,673.52
1319632961237,720298652049,578661984048,118,42393,3264,0,11,3266.750,673.52
1319632961237,449802974440,75627445057,66878,41101,2868,0,5,2869.250,673.52
1319632961237,449802974440,1176315810569,122,40142,2880,0,5,2881.250,673.52
1319632961237,1189341040877,379911818195,86903,41809,3093,0,8,3095.000,673.52
1319632961237,1189341040877,182626166247,134,42810,3288,0,11,3290.750,673.52
1332161612123,968485437538,693648091237,358746,41268,2988,0,9,2990.250,872.32
1332161612123,968485437538,770667158383,135,40351,2925,0,8,2927.000,872.32
1332161612123,417003634062,616129332493,150875,41435,2862,0,7,2863.750,872.32
1332161612123,417003634062,305891072113,146,42910,3177,0,12,3180.000,872.32
1332161612123,347482671629,1327477506445,731389,41827,3051,0,10,3053.500,872.32
1332161612123,347482671629,1013376499265,125,41475,2988,0,9,2990.250,872.32
1332161612123,44344885430,290129956378,241747,42410,3114,0,11,3116.750,872.32
1332161612123,44344885430,548085790173,130,39601,2862,0,7,2863.750,872.32
1332161612123,880741346400,1119295604060,363361,39660,2862,0,7,2863.750,872.32
1332161612123,880741346400,472415306573,129,40018,2925,0,8,2927.000,872.32
1332161612123,284108762621,562734612445,130839,39725,2799,0,6,2800.500,872.32
1332161612123,284108762621,453968670992,121,40476,2988,0,9,2990.250,872.32
1332161612123,397521755334,798894046810,46291,40808,2988,0,9,2990.250,872.32
1332161612123,397521755334,20109227533,144,39870,2862,0,7,2863.750,872.32
1332161612123,181533461877,574755404311,254549,39517,2673,0,4,2674.000,872.32
1332161612123,181533461877,1047479834948,116,39745,2862,0,7,2863.750,872.32
1332161612123,1283344852358,207441849210,119472,41786,3051,0,10,3053.500,872.32
1332161612123,1283344852358,630100288900,123,42267,3177,0,12,3180.000,872.32
1332161612123,441721683412,267949465330,586304,39976,2799,0,6,2800.500,872.32
1332161612123,441721683412,1303363788321,134,40392,2862,0,7,2863.750,872.32
1333868712277,680670952662,144639269064,106445,41768,3083,0,9,3085.250,410.17
1333868712277,680670952662,235502404126,135,42827,3361,0,13,3364.250,410.17
1333868712277,1067666508497,612584221353,81401,42725,3131,0,9,3133.250,410.17
1333868712277,1065546157214,338499569762,44,41493,3051,0,8,3053.000,410.17
1333868712277,1067666508497,119042111786,85,41494,3063,0,8,3065.000,410.17
1333868712277,1065546157214,1299491580843,54,41725,3145,0,10,3147.500,410.17
1333868712277,957981547187,110251265656,65232,40327,2817,0,5,2818.250,410.17
1333868712277,957981547187,1145454011351,118,40434,2873,0,6,2874.500,410.17
1333868712277,1301720757718,755028976203,284616,40392,2911,0,7,2912.750,410.17
1333868712277,1301720757718,1016175696513,140,43268,3373,0,13,3376.250,410.17
1333868712277,87520973944,43238917567,496596,41326,3045,0,8,3047.000,410.17
1333868712277,87520973944,1303982230833,130,41850,3169,0,10,3171.500,410.17
1333868712277,898698012991,435523399201,129819,41076,2897,0,6,2898.500,410.17
1333868712277,898698012991,473138569198,132,41477,3095,0,9,3097.250,410.17
1333868712277,143136748758,1274007184553,90507,42809,3003,0,8,3005.000,410.17
1333868712277,143136748758,1310357554592,121,40035,2911,0,7,2912.750,410.17
1333868712277,845796573693,865494976226,45033,42910,3095,0,9,3097.250,410.17
1333868712277,845796573693,989195800491,123,41685,3101,0,9,3103.250,410.17
1333868712277,967534226204,106450494848,54216,41143,2959,0,7,2960.750,410.17
1333868712277,967534226204,867266527354,142,42350,3181,0,10,3183.500,410.17
1336113899741,668976990003,203171718208,912592,41976,3101,0,9,3103.250,1475.15
1336113899741,668976990003,1016850758521,123,41493,3101,0,9,3103.250,1475.15
1336113899741,85378609745,516389810104,944375,75595,2847,0,5,2848.250,1475.15
1336113899741,85378609745,34707868206,257,80660,3101,0,9,3103.250,1475.15
1336113899741,616969315693,1189943836744,81334,43810,3391,0,13,3394.250,1475.15
1336113899741,616969315693,539112384610,121,40892,2953,0,7,2954.750,1475.15
1336113899741,93712898617,128308707767,548837,42101,3231,0,11,3233.750,1475.15
1336113899741,93712898617,1164919192760,139,43868,3509,0,15,3512.750,1475.15
1336113899741,1302354063825,484869293050,199678,40309,2933,0,6,2934.500,1475.15
1336113899741,1302354063825,159438410662,125,41560,3151,0,10,3153.500,1475.15
1336113899741,449670153356,896088506477,115630,42285,3255,0,11,3257.750,1475.15
1336113899741,449670153356,395987323469,135,41726,3145,0,10,3147.500,1475.15
1336113899741,749884578495,698179752921,703137,41393,3021,0,8,3023.000,1475.15
1336113899741,749884578495,627854412649,130,40934,2959,0,7,2960.750,1475.15
1336113899741,1144352769945,83957212360,41817,41267,3051,0,8,3053.000,1475.15
1336113899741,1144352769945,1256524532126,125,40893,2847,0,5,2848.250,1475.15
1336113899741,318913104606,155624408824,53599,41826,3107,0,9,3109.250,1475.15
1336113899741,318913104606,677364885809,126,41268,3045,0,8,3047.000,1475.15
1336113899741,1081803729175,615498309575,1267628,41993,3187,0,10,3189.500,1475.15
1336113899741,1081803729175,237108913677,125,43601,3447,0,14,3450.500,1475.15
1341891007657,FAILED,FAILED,FAILED,FAILED,FAILED,FAILED,FAILED,FAILED,FAILED
1343292127171,395251173089,289342890352,54973,41618,3117,0,9,3119.250,526.98
1343292127171,395251173089,302345148107,136,39683,2985,0,7,2986.750,526.98
1343292127171,788237382115,847588582981,204396,39935,2853,0,5,2854.250,526.98
1343292127171,788237382115,1325154242567,132,40850,3117,0,9,3119.250,526.98
1343292127171,131609074029,1039170056486,29224,40058,2919,0,6,2920.500,526.98
1343292127171,131609074029,561821219599,112,41786,3249,0,11,3251.750,526.98
1343292127171,1205446505347,1330592534639,133793,39101,2787,0,4,2788.000,526.98
1343292127171,1205446505347,70928056655,123,39517,2919,0,6,2920.500,526.98
1343292127171,69386615393,1062973586796,244242,41268,3117,0,9,3119.250,526.98
1343292127171,69386615393,988074632992,124,40767,3117,0,9,3119.250,526.98
1343292127171,415087583954,1319808926408,260856,41767,3183,0,10,3185.500,526.98
1343292127171,415087583954,821709046873,116,39827,2985,0,7,2986.750,526.98
1343292127171,1289631941536,102068082873,415203,41535,3183,0,10,3185.500,526.98
1343292127171,1289631941536,349312834768,120,41268,3117,0,9,3119.250,526.98
1343292127171,341473254131,1062703353237,77655,40809,3051,0,8,3053.000,526.98
1343292127171,341473254131,1185830396248,123,41493,3249,0,11,3251.750,526.98
1343292127171,700963395230,306541881766,194495,41267,3183,0,10,3185.500,526.98
1343292127171,700963395230,1312804058442,120,39702,2985,0,7,2986.750,526.98
1343292127171,781583182157,149627624591,165683,40143,2985,0,7,2986.750,526.98
1343292127171,781583182157,1289028460541,125,39683,2919,0,6,2920.500,526.98
1344347534609,FAILED,FAILED,FAILED,FAILED,FAILED,FAILED,FAILED,FAILED,FAILED
1346430950009,FAILED,FAILED,FAILED,FAILED,FAILED,FAILED,FAILED,FAILED,FAILED
1347253445773,839379730992,844251834418,143828,41393,2973,0,8,2975.000,569.13
1347253445773,839379730992,1199326358750,127,40435,2979,0,8,2981.000,569.13
1347253445773,482384807007,568342978533,31069,40809,2875,0,6,2876.500,569.13
1347253445773,482384807007,112223250625,124,41392,3107,0,10,3109.500,569.13
1347253445773,1141359129820,293490451777,940581,40352,2875,0,6,2876.500,569.13
1347253445773,1141359129820,999244737680,115,40977,3015,0,8,3017.000,569.13
1347253445773,785421847610,525864071084,186540,41702,2790,0,5,2791.250,569.13
1347253445773,785421847610,533670460909,141,41642,2991,0,8,2993.000,569.13
1347253445773,835486312013,20077020624,247675,42035,3119,0,10,3121.500,569.13
1347253445773,835486312013,1250791963179,123,42351,3186,0,11,3188.750,569.13
1347253445773,161094164299,129931902693,20667,40642,2857,0,6,2858.500,569.13
1347253445773,161094164299,886275285058,121,41018,2997,0,8,2999.000,569.13
1347253445773,425954769062,314035476435,21543,41810,3076,0,9,3078.250,569.13
1347253445773,425954769062,602309285337,118,40577,2930,0,7,2931.750,569.13
1347253445773,578301853557,453043577946,26266,41452,2967,0,8,2969.000,569.13
1347253445773,578301853557,1279763732746,133,42142,3210,0,11,3212.750,569.13
1347253445773,499170873211,51785597931,106747,41701,2979,0,8,2981.000,569.13
1347253445773,499170873211,5173858498,138,42309,3076,0,9,3078.250,569.13
1347253445773,1085698212574,263185359224,155967,41410,2960,0,7,2961.750,569.13
1347253445773,1085698212574,340357548299,135,41309,2991,0,8,2993.000,569.13
1354267330151,1252900804403,1167112932181,15593,75136,2919,0,6,2920.500,248.12
1354267330151,1252900804403,1320363589907,245,75285,3051,0,8,3053.000,248.12
1354267330151,16683899145,472383922110,13412,40910,3183,0,10,3185.500,248.12
1354267330151,16683899145,513870409579,131,40684,3183,0,10,3185.500,248.12
1354267330151,606464647033,985179618176,95051,44076,3381,0,13,3384.250,248.12
1354267330151,606464647033,458538757945,126,38768,2721,0,3,2721.750,248.12
1354267330151,243302958687,230161174656,2828,40810,3183,0,10,3185.500,248.12
1354267330151,243302958687,364704414909,117,38935,2853,0,5,2854.250,248.12
1354267330151,968456819771,1009024663549,135620,80928,3183,0,10,3185.500,248.12
1354267330151,968456819771,963776109473,263,75618,2985,0,7,2986.750,248.12
1354267330151,1160526368601,1154664797252,40067,39934,2985,0,7,2986.750,248.12
1354267330151,1160526368601,755600478115,110,41100,3117,0,9,3119.250,248.12
1354267330151,903153491745,888867767405,82624,41309,3249,0,11,3251.750,248.12
1354267330151,903153491745,683787044723,132,40726,3117,0,9,3119.250,248.12
1354267330151,337464400081,1243849401801,8180,41268,3249,0,11,3251.750,248.12
1354267330151,337464400081,456816635033,135,41410,3249,0,11,3251.750,248.12
1354267330151,744361470728,295567647740,353885,40933,3117,0,9,3119.250,248.12
1354267330151,744361470728,56803154947,118,41393,3183,0,10,3185.500,248.12
1354267330151,120042627342,976988285692,85413,40768,3183,0,10,3185.500,248.12
1354267330151,120042627342,1271232843852,126,39685,2985,0,7,2986.750,248.12
1357033962773,641463757071,937624696873,975658,41535,3078,0,5,3079.250,1081.56
1357033962773,641463757071,394802412134,128,42184,3408,0,9,3410.250,1081.56
1357033962773,623464251827,693503775347,359214,43077,3390,0,9,3392.250,1081.56
1357033962773,623464251827,222572807595,125,41350,3171,0,6,3172.500,1081.56
1357033962773,516505373456,580760172852,173320,83077,3507,0,10,3509.500,1081.56
1357033962773,516505373456,885849429133,232,79470,3327,0,8,3329.000,1081.56
1357033962773,872921975330,19206901669,116376,41518,3246,0,7,3247.750,1081.56
1357033962773,872921975330,99675081013,118,40076,3102,0,5,3103.250,1081.56
1357033962773,1333527363458,264795207582,155677,42035,3189,0,6,3190.500,1081.56
1357033962773,1333527363458,798435079954,122,40435,3177,0,6,3178.500,1081.56
1357033962773,1239826357672,723483773668,164265,43143,3426,0,9,3428.250,1081.56
1357033962773,1239826357672,426897993852,125,43827,3633,0,12,3636.000,1081.56
1357033962773,771592475008,878504533409,577853,44018,3558,0,11,3560.750,1081.56
1357033962773,771592475008,933192426488,120,41452,3234,0,7,3235.750,1081.56
1357033962773,224081447865,703205959921,136731,42434,3240,0,7,3241.750,1081.56
1357033962773,224081447865,154141796483,125,42183,3177,0,6,3178.500,1081.56
1357033962773,86043233959,591711152885,331693,40934,3171,0,6,3172.500,1081.56
1357033962773,86043233959,158864774607,118,41018,3171,0,6,3172.500,1081.56
1357033962773,1337599661776,517193676413,452690,41725,3258,0,7,3259.750,1081.56
1357033962773,1337599661776,311031176388,115,42910,3522,0,11,3524.750,1081.56
1357888167133,73832658701,1345989617435,232434,42310,3151,0,10,3153.500,1710.87
1357888167133,73832658701,378236767608,120,41602,3119,0,9,3121.250,1710.87
1357888167133,284647847650,480744756442,1403671,41976,3039,0,8,3041.000,1710.87
1357888167133,284647847650,328312429311,132,41934,3255,0,11,3257.750,1710.87
1357888167133,1267018503280,458047644754,1465081,43119,3299,0,12,3302.000,1710.87
1357888167133,1267018503280,934373724930,115,40518,2983,0,7,2984.750,1710.87
1357888167133,792553927839,351046446099,165124,41702,3163,0,10,3165.500,1710.87
1357888167133,792553927839,417373886481,129,40726,2909,0,6,2910.500,1710.87
1357888167133,710107444605,1251366738039,223169,41517,2983,0,7,2984.750,1710.87
1357888167133,710107444605,1192935199896,105,41476,3107,0,9,3109.250,1710.87
1357888167133,1192295496446,384844092748,279042,41102,3107,0,9,3109.250,1710.87
1357888167133,1192295496446,1252660892029,117,40701,3009,0,8,3011.000,1710.87
1357888167133,498445899336,973379308121,189584,42767,3231,0,11,3233.750,1710.87
1357888167133,498445899336,320469554317,136,41578,3113,0,9,3115.250,1710.87
1357888167133,611576182292,126218409786,422565,75469,2903,0,6,2904.500,1710.87
1357888167133,611576182292,108245579404,270,77952,3205,0,10,3207.500,1710.87
1357888167133,832626718762,828920537996,365302,42059,3163,0,10,3165.500,1710.87
1357888167133,832626718762,900305009813,121,40643,3027,0,8,3029.000,1710.87
1357888167133,921922847258,629276922360,900785,42493,3095,0,9,3097.250,1710.87
1357888167133,921922847258,1017015424627,128,41642,3003,0,8,3005.000,1710.87
1359808086953,FAILED,FAILED,FAILED,FAILED,FAILED,FAILED,FAILED,FAILED,FAILED
1361719819703,865670850751,507360180941,612732,42202,3246,0,9,3248.250,897.94
1361719819703,865670850751,213615009956,130,41518,3384,0,11,3386.750,897.94
1361719819703,612642823113,1021474757240,274471,41809,3384,0,11,3386.750,897.94
1361719819703,612642823113,600640097641,134,41243,3315,0,10,3317.500,897.94
1361719819703,640476348645,1213270402518,192300,42893,3384,0,11,3386.750,897.94
1361719819703,640476348645,622503310487,126,41309,3246,0,9,3248.250,897.94
1361719819703,220902791776,880031454331,44770,42452,3315,0,10,3317.500,897.94
1361719819703,220902791776,653053482096,132,41685,3177,0,8,3179.000,897.94
1361719819703,738523625981,63878734725,86949,39410,2901,0,4,2902.000,897.94
1361719819703,738523625981,86863594097,127,41018,3246,0,9,3248.250,897.94
1361719819703,1343851129042,172787623807,619976,41060,3246,0,9,3248.250,897.94
1361719819703,1343851129042,1266534933359,125,40642,3246,0,9,3248.250,897.94
1361719819703,782321672140,580599437644,109834,39809,2970,0,5,2971.250,897.94
1361719819703,782321672140,831413413301,120,41160,3315,0,10,3317.500,897.94
1361719819703,509245738055,758256677469,147999,40768,3108,0,7,3109.750,897.94
1361719819703,509245738055,1178086179930,130,41243,3315,0,10,3317.500,897.94
1361719819703,159421170230,1157250583380,746653,41100,3108,0,7,3109.750,897.94
1361719819703,159421170230,525309755694,126,41619,3384,0,11,3386.750,897.94
1361719819703,1003455846668,1224085595563,148735,40852,3315,0,10,3317.500,897.94
1361719819703,1003455846668,1092244772411,116,40827,3315,0,10,3317.500,897.94
1361993960029,726194857180,451180702722,30288,41410,3045,0,8,3047.000,597.54
1361993960029,726194857180,188218209437,129,41560,3069,0,8,3071.000,597.54
1361993960029,328366388541,880035352504,226833,41267,3150,0,9,3152.250,597.54
1361993960029,328366388541,762419895317,143,42035,3219,0,10,3221.500,597.54
1361993960029,245127159429,1009654476076,22081,41767,3156,0,9,3158.250,597.54
1361993960029,245127159429,390274577655,117,42160,3207,0,10,3209.500,597.54
1361993960029,1060727094935,1232339477735,640840,41702,3225,0,10,3227.500,597.54
1361993960029,1060727094935,390037871340,120,42351,3339,0,12,3342.000,597.54
1361993960029,982089999517,556387067997,134339,83303,3249,0,10,3251.500,597.54
1361993960029,982089999517,505522555416,245,74160,2937,0,6,2938.500,597.54
1361993960029,940606378571,661345161756,4972,40703,2949,0,6,2950.500,597.54
1361993960029,940606378571,1287167526676,125,42767,3369,0,12,3372.000,597.54
1361993960029,747899076832,293377240320,109861,42642,3357,0,12,3360.000,597.54
1361993960029,747899076832,744534851391,110,42268,3381,0,12,3384.000,597.54
1361993960029,719861068041,622729652943,438413,43452,3270,0,11,3272.750,597.54
1361993960029,719861068041,827537566571,125,42559,3195,0,10,3197.500,597.54
1361993960029,835575486486,256360675723,203776,42143,3156,0,9,3158.250,597.54
1361993960029,835575486486,1346287599263,124,42619,3315,0,12,3318.000,597.54
1361993960029,248524289588,1031957749367,115278,42160,3144,0,9,3146.250,597.54
1361993960029,248524289588,758432883753,131,41977,3150,0,9,3152.250,597.54
1362984420139,824033260379,34136261676,114017,40809,3117,0,9,3119.250,1120.71
1362984420139,824033260379,197264546548,122,40702,3117,0,9,3119.250,1120.71
1362984420139,933043093456,1062566275340,664124,38602,2655,0,2,2655.500,1120.71
1362984420139,933043093456,331841961523,137,40850,3249,0,11,3251.750,1120.71
1362984420139,154663071039,384534891227,85384,40934,3051,0,8,3053.000,1120.71
1362984420139,154663071039,569176825992,142,41059,3117,0,9,3119.250,1120.71
1362984420139,42150656406,854109075317,94986,40768,2985,0,7,2986.750,1120.71
1362984420139,42150656406,958692028149,116,40517,3051,0,8,3053.000,1120.71
1362984420139,317314918667,911655727865,153529,75494,2985,0,7,2986.750,1120.71
1362984420139,317314918667,366878042773,254,74928,3117,0,9,3119.250,1120.71
1362984420139,265381249658,1030710131636,1690954,40726,3183,0,10,3185.500,1120.71
1362984420139,265381249658,377614417050,125,42309,3447,0,14,3450.500,1120.71
1362984420139,1142329108541,857639555659,566160,41493,3249,0,11,3251.750,1120.71
1362984420139,1142329108541,829990322206,122,40893,3051,0,8,3053.000,1120.71
1362984420139,15519460891,358211473973,135937,43268,3315,0,12,3318.000,1120.71
1362984420139,15519460891,905469956293,132,41118,3117,0,9,3119.250,1120.71
1362984420139,906983532288,961062432560,3447,41077,3051,0,8,3053.000,1120.71
1362984420139,906983532288,942177608342,123,39810,2853,0,5,2854.250,1120.71
1362984420139,620796947120,165462422832,268136,41227,3183,0,10,3185.500,1120.71
1362984420139,620796947120,1034328807132,139,41035,3183,0,10,3185.500,1120.71
1364276397431,591789361772,31436562835,216942,77553,3203,0,9,3205.250,983.55
1364276397431,591789361772,20950843551,232,73327,2999,0,6,3000.500,983.55
1364276397431,348993274796,802101635291,494342,42933,3203,0,9,3205.250,983.55
1364276397431,348993274796,472498797792,138,42393,3203,0,9,3205.250,983.55
1364276397431,791297581261,682033271060,457881,42934,3543,0,14,3546.500,983.55
1364276397431,791297581261,754605643909,116,40643,3135,0,8,3137.000,983.55
1364276397431,512120929369,335082508230,437514,41226,3135,0,8,3137.000,983.55
1364276397431,512120929369,546757774442,113,41494,3271,0,10,3273.500,983.55
1364276397431,305222155189,451603506192,116236,41809,3203,0,9,3205.250,983.55
1364276397431,305222155189,1131314944874,115,41327,3203,0,9,3205.250,983.55
1364276397431,376633882033,1258224484043,402780,76636,3135,0,8,3137.000,983.55
1364276397431,376633882033,518205093995,250,74451,3067,0,7,3068.750,983.55
1364276397431,907801285759,468559828661,178490,42451,3339,0,11,3341.750,983.55
1364276397431,907801285759,1232934064169,141,41183,3135,0,8,3137.000,983.55
1364276397431,880833965131,1165076415426,660109,41701,3271,0,10,3273.500,983.55
1364276397431,880833965131,447065921822,128,40060,3067,0,7,3068.750,983.55
1364276397431,1053300718703,362770753395,96276,40643,3067,0,7,3068.750,983.55
1364276397431,1053300718703,917851181804,130,41143,3203,0,9,3205.250,983.55
1364276397431,776713899412,1343413404761,218777,41517,3271,0,10,3273.500,983.55
1364276397431,776713899412,258720590181,123,41434,3339,0,11,3341.750,983.55
1371120867299,1200082597603,1093785181917,67866,40810,3246,0,9,3248.250,817.31
1371120867299,1200082597603,572701633513,126,40809,3246,0,9,3248.250,817.31
1371120867299,660693809928,781909906322,166360,42810,3384,0,11,3386.750,817.31
1371120867299,660693809928,258013231875,127,39685,3039,0,6,3040.500,817.31
1371120867299,870024957770,828693695271,308799,40517,3108,0,7,3109.750,817.31
1371120867299,870024957770,1271411215239,135,42018,3315,0,10,3317.500,817.31
1371120867299,1040485129122,1018554091405,521238,75577,3039,0,6,3040.500,817.31
1371120867299,1040485129122,385948830430,237,76803,3246,0,9,3248.250,817.31
1371120867299,304905517396,492618671599,51148,39975,3039,0,6,3040.500,817.31
1371120867299,304905517396,974785618470,113,39785,3108,0,7,3109.750,817.31
1371120867299,1320689115933,400408886554,81517,40685,3039,0,6,3040.500,817.31
1371120867299,1320689115933,1265238555907,128,41267,3177,0,8,3179.000,817.31
1371120867299,774432180728,424015965338,400614,40578,3108,0,7,3109.750,817.31
1371120867299,774432180728,393995864136,141,41767,3384,0,11,3386.750,817.31
1371120867299,595106919958,98104944745,513974,80410,3315,0,10,3317.500,817.31
1371120867299,595106919958,1012061024607,266,75886,3039,0,6,3040.500,817.31
1371120867299,452235783058,44537982446,260699,41851,3315,0,10,3317.500,817.31
1371120867299,452235783058,84703515404,124,40310,3039,0,6,3040.500,817.31
1371120867299,856868115572,1338127024740,357431,40976,3177,0,8,3179.000,817.31
1371120867299,856868115572,262670158207,122,39660,3039,0,6,3040.500,817.31
1371751063853,989907506353,1180267631216,77960,41934,3205,0,9,3207.250,1224.67
1371751063853,989907506353,331055784559,120,40559,2895,0,5,2896.250,1224.67
1371751063853,184018077715,568580851028,323498,43227,3333,0,11,3335.750,1224.67
1371751063853,184018077715,291028587007,107,42100,3211,0,9,3213.250,1224.67
1371751063853,978417192445,930994692973,426714,40517,2901,0,5,2902.250,1224.67
1371751063853,978417192445,589481472301,144,41768,3245,0,10,3247.500,1224.67
1371751063853,1116531653501,827251636887,941100,40327,2855,0,4,2856.000,1224.67
1371751063853,1116531653501,804731096553,124,42475,3251,0,10,3253.500,1224.67
1371751063853,53377959669,624309024808,398061,42351,3239,0,10,3241.500,1224.67
1371751063853,53377959669,1009417878471,129,41744,3135,0,8,3137.000,1224.67
1371751063853,1039101833074,965738931510,461860,42285,3233,0,10,3235.500,1224.67
1371751063853,1039101833074,1283836574701,126,42977,3467,0,13,3470.250,1224.67
1371751063853,408236278174,382940161925,66000,41618,3181,0,9,3183.250,1224.67
1371751063853,408236278174,494190196945,123,41725,3175,0,9,3177.250,1224.67
1371751063853,1140230505806,522482130058,763761,41309,3047,0,7,3048.750,1224.67
1371751063853,1140230505806,1058142317223,104,40535,2983,0,6,2984.500,1224.67
1371751063853,578762251573,1195089814391,208605,42369,3251,0,10,3253.500,1224.67
1371751063853,578762251573,1182270470996,125,40726,3059,0,7,3060.750,1224.67
1371751063853,422908565674,1159348518640,315735,82928,3309,0,11,3311.750,1224.67
1371751063853,422908565674,81793438618,223,75327,2983,0,6,2984.500,1224.67
1372339188559,33554499165,424270467221,410488,40726,3117,0,9,3119.250,986.57
1372339188559,33554499165,963394318671,137,39809,3051,0,8,3053.000,986.57
1372339188559,102908241049,457864298184,3980,40810,3249,0,11,3251.750,986.57
1372339188559,102908241049,1265629977259,114,39910,2853,0,5,2854.250,986.57
1372339188559,1179578164853,728308583074,125237,42035,3183,0,10,3185.500,986.57
1372339188559,1179578164853,904687540071,126,40310,2985,0,7,2986.750,986.57
1372339188559,1012186842385,747255340460,338316,42850,3315,0,12,3318.000,986.57
1372339188559,1012186842385,1368420431841,132,41160,3183,0,10,3185.500,986.57
1372339188559,1005703771574,233989140187,153378,40244,3051,0,8,3053.000,986.57
1372339188559,1005703771574,1339001635720,139,40060,3117,0,9,3119.250,986.57
1372339188559,422489855028,1175923869294,78242,41809,3117,0,9,3119.250,986.57
1372339188559,422489855028,897401674279,115,41060,3117,0,9,3119.250,986.57
1372339188559,709843767013,455183395850,277727,40393,3051,0,8,3053.000,986.57
1372339188559,709843767013,237751124347,117,39118,2853,0,5,2854.250,986.57
1372339188559,401704332338,136139836658,189803,40893,3051,0,8,3053.000,986.57
1372339188559,401704332338,254480553555,123,41285,3183,0,10,3185.500,986.57
1372339188559,475662346687,164128853529,1403255,40933,2985,0,7,2986.750,986.57
1372339188559,475662346687,1293872400438,137,41952,3315,0,12,3318.000,986.57
1372339188559,77470332774,792856570708,342571,40869,2919,0,6,2920.500,986.57
1372339188559,77470332774,427216355352,113,41267,3051,0,8,3053.000,986.57
1372982890403,502095174010,989437725231,76916,39893,2959,0,6,2960.500,558.30
1372982890403,502095174010,762314939084,133,41600,3227,0,10,3229.500,558.30
1372982890403,1211725919825,551854303288,42276,41060,3093,0,8,3095.000,558.30
1372982890403,1211725919825,757362519408,120,39433,2959,0,6,2960.500,558.30
1372982890403,122526182802,193627399476,383397,41350,3227,0,10,3229.500,558.30
1372982890403,122526182802,1261656892221,122,39143,2959,0,6,2960.500,558.30
1372982890403,398168084071,1368606441904,166179,42369,3361,0,12,3364.000,558.30
1372982890403,398168084071,1340777446121,111,40768,3093,0,8,3095.000,558.30
1372982890403,1228102525802,192892249836,90500,42660,3361,0,12,3364.000,558.30
1372982890403,1228102525802,1119714733950,118,39226,2825,0,4,2826.000,558.30
1372982890403,1250080176337,1257137159374,393830,39868,3026,0,7,3027.750,558.30
1372982890403,1250080176337,993213707469,130,38892,2892,0,5,2893.250,558.30
1372982890403,860561508811,352684483210,18697,40994,3093,0,8,3095.000,558.30
1372982890403,860561508811,79245866926,129,40601,3093,0,8,3095.000,558.30
1372982890403,829762164891,1341805550909,79484,40535,3160,0,9,3162.250,558.30
1372982890403,829762164891,1087858644634,126,40643,3160,0,9,3162.250,558.30
1372982890403,1159966981264,880420096909,279586,41268,3227,0,10,3229.500,558.30
1372982890403,1159966981264,721152307895,132,39744,3026,0,7,3027.750,558.30
1372982890403,1183172012280,776834079420,344055,40100,2959,0,6,2960.500,558.30
1372982890403,1183172012280,1114443834539,125,40160,3093,0,8,3095.000,558.30
1373293449317,740950861396,1141427788101,310086,43911,3468,0,11,3470.750,712.98
1373293449317,740950861396,544793912520,139,44475,3553,0,12,3556.000,712.98
1373293449317,1079999596725,1011980102325,235425,41100,3115,0,6,3116.500,712.98
1373293449317,1079999596725,1018902930990,122,41768,3310,0,9,3312.250,712.98
1373293449317,649052795144,1196706396486,52744,43410,3663,0,14,3666.500,712.98
1373293449317,649052795144,653806954123,114,42601,3547,0,12,3550.000,712.98
1373293449317,1323277792227,1182491290940,99342,42935,3474,0,11,3476.750,712.98
1373293449317,1323277792227,644880583915,129,41326,3316,0,9,3318.250,712.98
1373293449317,1200022806284,948278930469,41986,41517,3170,0,7,3171.750,712.98
1373293449317,1200022806284,672417526500,123,41143,3067,0,6,3068.500,712.98
1373293449317,553184402848,1095405201951,918577,43118,3541,0,12,3544.000,712.98
1373293449317,553184402848,1320820528421,114,41060,3097,0,6,3098.500,712.98
1373293449317,106544170155,207926674267,119447,81202,3322,0,9,3324.250,712.98
1373293449317,106544170155,1122739514312,272,79469,3261,0,8,3263.000,712.98
1373293449317,953198088358,138653445092,255068,43535,3432,0,11,3434.750,712.98
1373293449317,953198088358,743045551647,126,40435,3024,0,5,3025.250,712.98
1373293449317,183130452953,470186786722,79607,79927,3328,0,9,3330.250,712.98
1373293449317,183130452953,432174949520,232,78452,3334,0,9,3336.250,712.98
1373293449317,688706345019,577879506707,198319,41119,3109,0,6,3110.500,712.98
1373293449317,688706345019,1076283538395,119,42060,3316,0,9,3318.250,712.98
1373462509339,560012959455,1021088560537,252909,41743,3403,0,10,3405.500,426.51
1373462509339,560012959455,1199478123354,129,40726,3332,0,9,3334.250,426.51
1373462509339,328052662759,664380090523,287207,42601,3474,0,11,3476.750,426.51
1373462509339,328052662759,451377298435,128,41768,3261,0,8,3263.000,426.51
1373462509339,691996359275,327219597867,16921,41977,3545,0,12,3548.000,426.51
1373462509339,691996359275,1345826068805,116,40493,3190,0,7,3191.750,426.51
1373462509339,861906882757,253572993542,130915,40826,3261,0,8,3263.000,426.51
1373462509339,861906882757,1086411438279,128,41809,3474,0,11,3476.750,426.51
1373462509339,1205936039020,24973370448,259307,40952,3119,0,6,3120.500,426.51
1373462509339,1205936039020,1267443067468,134,41726,3332,0,9,3334.250,426.51
1373462509339,1233042946670,1356902365873,85988,40226,3048,0,5,3049.250,426.51
1373462509339,1233042946670,192505598453,142,42660,3403,0,10,3405.500,426.51
1373462509339,1368400580180,1278245402748,171789,41202,3474,0,11,3476.750,426.51
1373462509339,1368400580180,440126493561,132,41143,3332,0,9,3334.250,426.51
1373462509339,697268482323,1050503497839,11697,79595,3261,0,8,3263.000,426.51
1373462509339,697268482323,746313844059,270,78285,3332,0,9,3334.250,426.51
1373462509339,81264457476,978815570359,110143,41059,3190,0,7,3191.750,426.51
1373462509339,81264457476,305459372021,122,39976,3119,0,6,3120.500,426.51
1373462509339,643525588802,55607306552,77147,41035,3332,0,9,3334.250,426.51
1373462509339,643525588802,968979185381,129,41434,3403,0,10,3405.500,426.51
1376364542171,1262940368023,651652034775,304074,40577,3009,0,8,3011.000,347.51
1376364542171,1262940368023,1021637542247,123,38726,2684,0,3,2684.750,347.51
1376364542171,1337480314365,1126856725932,165606,40976,3139,0,10,3141.500,347.51
1376364542171,1337480314365,469962499137,120,39892,3009,0,8,3011.000,347.51
1376364542171,496188138008,999483095244,58287,40602,3009,0,8,3011.000,347.51
1376364542171,496188138008,274548588804,119,39785,2879,0,6,2880.500,347.51
1376364542171,167845248937,891208606907,100503,39452,2879,0,6,2880.500,347.51
1376364542171,167845248937,1201305108050,110,39476,3009,0,8,3011.000,347.51
1376364542171,1000132591256,546655274703,79561,41060,3074,0,9,3076.250,347.51
1376364542171,1000132591256,1283419952722,113,40035,2944,0,7,2945.750,347.51
1376364542171,204948444567,1250907436385,57418,40702,3009,0,8,3011.000,347.51
1376364542171,204948444567,1030095878367,137,40351,3009,0,8,3011.000,347.51
1376364542171,339382743441,89011143884,53996,40452,3139,0,10,3141.500,347.51
1376364542171,339382743441,119781748830,122,40392,3074,0,9,3076.250,347.51
1376364542171,229024813661,666462154364,48918,40744,3139,0,10,3141.500,347.51
1376364542171,229024813661,567746260249,113,39475,2879,0,6,2880.500,347.51
1376364542171,157661909175,231658836531,103602,74910,3009,0,8,3011.000,347.51
1376364542171,157661909175,195624801355,242,74386,3074,0,9,3076.250,347.51
1376364542171,272214550940,865540629780,200842,39077,2879,0,6,2880.500,347.51
1376364542171,272214550940,682104404424,131,39435,2879,0,6,2880.500,347.51
1384426934273,FAILED,FAILED,FAILED,FAILED,FAILED,FAILED,FAILED,FAILED,FAILED
1384432537123,270622911017,987077936920,131887,40559,2883,0,8,2885.000,393.79
1384432537123,270622911017,1060865828724,126,41393,3007,0,10,3009.500,393.79
1384432537123,1035728639041,525953114160,23972,41017,2945,0,9,2947.250,393.79
1384432537123,1035728639041,850153097293,130,40327,2945,0,9,2947.250,393.79
1384432537123,362396030538,164730609698,38516,40184,2759,0,6,2760.500,393.79
1384432537123,362396030538,1063128584805,136,41201,3069,0,11,3071.750,393.79
1384432537123,1174631715348,419974407222,136183,41327,3131,0,12,3134.000,393.79
1384432537123,1174631715348,651147391217,118,38435,2573,0,3,2573.750,393.79
1384432537123,79510122452,602136874573,202272,40310,2821,0,7,2822.750,393.79
1384432537123,79510122452,1112400474636,134,40869,2945,0,9,2947.250,393.79
1384432537123,657120079920,399283744316,10568,40101,2883,0,8,2885.000,393.79
1384432537123,657120079920,859687422905,119,40661,3069,0,11,3071.750,393.79
1384432537123,22191919196,842634782956,134176,39768,2821,0,7,2822.750,393.79
1384432537123,22191919196,477295648227,112,39477,2945,0,9,2947.250,393.79
1384432537123,684761878998,1182509085805,117532,40225,2945,0,9,2947.250,393.79
1384432537123,684761878998,578937890674,129,39993,2883,0,8,2885.000,393.79
1384432537123,419715307974,1275743510419,390279,75677,2945,0,9,2947.250,393.79
1384432537123,419715307974,373423066283,254,72661,2821,0,7,2822.750,393.79
1384432537123,106258653825,1118163686854,169335,40518,2945,0,9,2947.250,393.79
1384432537123,106258653825,243356392976,119,39160,2759,0,6,2760.500,393.79
1391420174021,529404120818,1075494724812,194902,41476,3279,0,8,3281.000,881.02
1391420174021,529404120818,925997997660,128,41517,3167,0,6,3168.500,881.02
1391420174021,1048124109143,294821153751,47710,42560,3495,0,11,3497.750,881.02
1391420174021,1048124109143,1011298389340,134,41826,3329,0,9,3331.250,881.02
1391420174021,446197439380,596637876872,433057,42452,3353,0,9,3355.250,881.02
1391420174021,446197439380,1193806602305,122,41935,3445,0,10,3447.500,881.02
1391420174021,1359071539363,541228494818,242069,42309,3297,0,8,3299.000,881.02
1391420174021,1359071539363,881485561828,120,41952,3365,0,9,3367.250,881.02
1391420174021,953627123841,1186849470037,292274,41226,3291,0,8,3293.000,881.02
1391420174021,953627123841,342333041371,125,40517,3113,0,6,3114.500,881.02
1391420174021,985963963633,401190294473,212563,81201,3427,0,10,3429.500,881.02
1391420174021,985963963633,1167055598064,240,80594,3285,0,8,3287.000,881.02
1391420174021,663404820936,436448800396,314987,43078,3501,0,11,3503.750,881.02
1391420174021,663404820936,1231552794283,132,41267,3217,0,7,3218.750,881.02
1391420174021,1265382299719,163081223880,102814,45451,3575,0,12,3578.000,881.02
1391420174021,1265382299719,254784026270,134,43183,3329,0,9,3331.250,881.02
1391420174021,1028587687532,698695122988,426851,42309,3335,0,9,3337.250,881.02
1391420174021,1028587687532,995795692925,120,41826,3249,0,8,3251.000,881.02
1391420174021,820039925047,777839121614,538399,42434,3341,0,9,3343.250,881.02
1391420174021,820039925047,469609878466,115,42994,3395,0,9,3397.250,881.02
1400751844633,FAILED,FAILED,FAILED,FAILED,FAILED,FAILED,FAILED,FAILED,FAILED
1413876111379,1382906713213,236285662932,850407,40683,2883,0,8,2885.000,918.05
1413876111379,1382906713213,184050873853,133,41310,3069,0,11,3071.750,918.05
1413876111379,107949289198,1057158547385,43042,41851,3193,0,13,3196.250,918.05
1413876111379,107949289198,454272497948,126,40785,3069,0,11,3071.750,918.05
1413876111379,392999678143,325583581189,145391,75077,2945,0,9,2947.250,918.05
1413876111379,392999678143,1273715339220,255,73744,2883,0,8,2885.000,918.05
1413876111379,1231973196213,1193747867524,529732,41102,2759,0,6,2760.500,918.05
1413876111379,1231973196213,141684021501,123,41452,2945,0,9,2947.250,918.05
1413876111379,280817593922,1384373582566,390064,40952,2821,0,7,2822.750,918.05
1413876111379,280817593922,756604116230,122,40267,2759,0,6,2760.500,918.05
1413876111379,468298075092,460074808770,459947,43183,3131,0,12,3134.000,918.05
1413876111379,468298075092,1054454359136,140,40618,2945,0,9,2947.250,918.05
1413876111379,964061302240,1385392879455,139518,40602,2821,0,7,2822.750,918.05
1413876111379,964061302240,299190342412,130,39619,2759,0,6,2760.500,918.05
1413876111379,1217080411719,1293014459308,369060,42226,3069,0,11,3071.750,918.05
1413876111379,1217080411719,99813430522,119,40452,2883,0,8,2885.000,918.05
1413876111379,503375288733,108972934158,141557,38685,2697,0,5,2698.250,918.05
1413876111379,503375288733,1390464475378,132,39309,2697,0,5,2698.250,918.05
1413876111379,60905262781,1221372008163,78266,39225,2635,0,4,2636.000,918.05
1413876111379,60905262781,1267951765808,128,39476,2697,0,5,2698.250,918.05
1416563015579,1392214391618,177983904335,34306,42892,3177,0,8,3179.000,1113.16
1416563015579,1392214391618,1216533157429,128,41268,3039,0,6,3040.500,1113.16
1416563015579,1168190552642,97705809154,375543,41227,3246,0,9,3248.250,1113.16
1416563015579,1168190552642,1180118358207,125,41142,3177,0,8,3179.000,1113.16
1416563015579,471916314987,529668565263,926762,41267,3315,0,10,3317.500,1113.16
1416563015579,471916314987,337774923992,127,41035,3315,0,10,3317.500,1113.16
1416563015579,237894884256,472721580499,44015,41143,3315,0,10,3317.500,1113.16
1416563015579,237894884256,1023690889497,125,40743,3177,0,8,3179.000,1113.16
1416563015579,312458219381,485735918423,326783,41225,3177,0,8,3179.000,1113.16
1416563015579,312458219381,1374983535777,119,40143,3039,0,6,3040.500,1113.16
1416563015579,1178818218278,1293698043575,462289,76511,3039,0,6,3040.500,1113.16
1416563015579,1178818218278,911958190103,236,76910,3246,0,9,3248.250,1113.16
1416563015579,579366440820,108161771969,842025,41517,3315,0,10,3317.500,1113.16
1416563015579,579366440820,852958921550,130,41892,3384,0,11,3386.750,1113.16
1416563015579,1031903846429,580345977,248331,42118,3039,0,6,3040.500,1113.16
1416563015579,1031903846429,772356632786,117,41809,3108,0,7,3109.750,1113.16
1416563015579,1016144131039,484980567648,174317,42183,3453,0,12,3456.000,1113.16
1416563015579,1016144131039,1240013463523,127,39268,3039,0,6,3040.500,1113.16
1416563015579,1340868611685,1005522644644,259883,42160,3315,0,10,3317.500,1113.16
1416563015579,1340868611685,1399872903580,134,42393,3522,0,13,3525.250,1113.16
1420825184879,700035389326,1196372258808,4327,40351,3203,0,9,3205.250,523.18
1420825184879,700035389326,1319290311252,124,40976,3271,0,10,3273.500,523.18
1420825184879,430772599186,764805264345,23622,40976,3135,0,8,3137.000,523.18
1420825184879,430772599186,332210957224,134,40702,3067,0,7,3068.750,523.18
1420825184879,997073246626,1081333958575,66860,41451,3271,0,10,3273.500,523.18
1420825184879,997073246626,1270152394135,122,41392,3203,0,9,3205.250,523.18
1420825184879,104860739789,1269398424492,200944,40643,3135,0,8,3137.000,523.18
1420825184879,104860739789,704906059894,133,41535,3407,0,12,3410.000,523.18
1420825184879,1191691250673,557409495359,129213,41477,3203,0,9,3205.250,523.18
1420825184879,1191691250673,813534136167,126,41827,3339,0,11,3341.750,523.18
1420825184879,402283877425,278492353122,306907,40535,3135,0,8,3137.000,523.18
1420825184879,402283877425,1035618189992,131,40476,3135,0,8,3137.000,523.18
1420825184879,651715226690,590987803762,236650,43535,3271,0,10,3273.500,523.18
1420825184879,651715226690,1311011497154,132,42185,3135,0,8,3137.000,523.18
1420825184879,514159380916,1181468581427,28062,40453,2931,0,5,2932.250,523.18
1420825184879,514159380916,1134631026891,143,42017,3203,0,9,3205.250,523.18
1420825184879,396880940955,1386163627299,649950,41370,3135,0,8,3137.000,523.18
1420825184879,396880940955,632149807417,121,42517,3271,0,10,3273.500,523.18
1420825184879,843786985315,417432856766,88141,40309,3067,0,7,3068.750,523.18
1420825184879,843786985315,1046049759839,133,41892,3271,0,10,3273.500,523.18
1421018829311,1017004151976,158863946930,60890,40185,2945,0,9,2947.250,561.32
1421018829311,1017004151976,1027859058650,128,40327,3069,0,11,3071.750,561.32
1421018829311,848427475872,198069005662,35446,43118,3193,0,13,3196.250,561.32
1421018829311,848427475872,1155805192347,141,41267,2945,0,9,2947.250,561.32
1421018829311,1371515917316,1112940553284,209325,42369,2945,0,9,2947.250,561.32
1421018829311,1371515917316,725819486685,121,40643,2821,0,7,2822.750,561.32
1421018829311,76419650217,848239422656,162105,40850,2945,0,9,2947.250,561.32
1421018829311,76419650217,1384520785490,111,39393,2759,0,6,2760.500,561.32
1421018829311,1039062628359,228107309136,248734,41601,2821,0,7,2822.750,561.32
1421018829311,1039062628359,559208619167,122,42993,3131,0,12,3134.000,561.32
1421018829311,1395956788489,137776606945,180648,41643,2883,0,8,2885.000,561.32
1421018829311,1395956788489,1115161522180,135,41660,2945,0,9,2947.250,561.32
1421018829311,990382967848,66922938861,139817,77344,2883,0,8,2885.000,561.32
1421018829311,990382967848,592247305039,237,72244,2697,0,5,2698.250,561.32
1421018829311,1056135919659,927966853425,105900,39392,2573,0,3,2573.750,561.32
1421018829311,1056135919659,930807809488,122,40535,2821,0,7,2822.750,561.32
1421018829311,1359988068304,946390574180,161885,39767,2821,0,7,2822.750,561.32
1421018829311,1359988068304,974126898889,120,40852,2945,0,9,2947.250,561.32
1421018829311,777890225347,1360766880033,581882,41577,2945,0,9,2947.250,561.32
1421018829311,777890225347,453957119498,137,41184,3007,0,10,3009.500,561.32
1428667282121,FAILED,FAILED,FAILED,FAILED,FAILED,FAILED,FAILED,FAILED,FAILED
1430719896083,1188737955034,1415227496214,132679,42601,3351,0,14,3354.500,698.49
1430719896083,1188737955034,1161672542079,119,40808,3095,0,10,3097.500,698.49
1430719896083,178982273034,1180939977584,97771,40660,2775,0,5,2776.250,698.49
1430719896083,178982273034,1202610534971,131,41768,3095,0,10,3097.500,698.49
1430719896083,1157432642216,659073216486,297850,40726,2967,0,8,2969.000,698.49
1430719896083,1157432642216,730305848361,124,39725,2839,0,6,2840.500,698.49
1430719896083,963987076324,973608813494,1182051,41660,3095,0,10,3097.500,698.49
1430719896083,963987076324,1306688028664,134,40101,2903,0,7,2904.750,698.49
1430719896083,1384849090958,1296953247588,110459,44160,3351,0,14,3354.500,698.49
1430719896083,1384849090958,652176517409,126,40768,2839,0,6,2840.500,698.49
1430719896083,302626174962,28747687412,71905,39059,2839,0,6,2840.500,698.49
1430719896083,302626174962,1182760235640,110,40643,3095,0,10,3097.500,698.49
1430719896083,697937284919,1284043320501,246520,40685,2967,0,8,2969.000,698.49
1430719896083,697937284919,1047938952115,127,41893,3223,0,12,3226.000,698.49
1430719896083,672896604221,1163073272785,66200,40618,3095,0,10,3097.500,698.49
1430719896083,672896604221,958311350750,133,39393,2839,0,6,2840.500,698.49
1430719896083,1127730983629,449053968085,101406,77368,3159,0,11,3161.750,698.49
1430719896083,1127730983629,1055358059239,232,71845,2839,0,6,2840.500,698.49
1430719896083,1261784228143,232062117322,28717,45120,3095,0,10,3097.500,698.49
1430719896083,1261784228143,146821910619,124,43392,2967,0,8,2969.000,698.49
1432437339737,FAILED,FAILED,FAILED,FAILED,FAILED,FAILED,FAILED,FAILED,FAILED
1438698363373,592526590580,1067488787200,91300,42185,3211,0,7,3212.750,613.56
1438698363373,592526590580,1295420137526,128,42308,3323,0,9,3325.250,613.56
1438698363373,748404380752,1109655642336,128157,42618,3297,0,8,3299.000,613.56
1438698363373,748404380752,901560667881,135,43309,3507,0,11,3509.750,613.56
1438698363373,179103783870,113110004714,382331,42475,3223,0,7,3224.750,613.56
1438698363373,179103783870,791570158198,131,42393,3359,0,9,3361.250,613.56
1438698363373,1221107926062,1266923935392,291382,43767,3335,0,9,3337.250,613.56
1438698363373,1221107926062,872644271439,112,42286,3229,0,7,3230.750,613.56
1438698363373,918541099010,393421773621,40127,43077,3303,0,8,3305.000,613.56
1438698363373,918541099010,395424875740,120,42060,3217,0,7,3218.750,613.56
1438698363373,290080116368,723451412489,569922,41976,3285,0,8,3287.000,613.56
1438698363373,290080116368,843291860154,111,40118,3069,0,5,3070.250,613.56
1438698363373,1186735821807,595808179242,237965,44701,3587,0,12,3590.000,613.56
1438698363373,1186735821807,1177730440300,131,43225,3463,0,10,3465.500,613.56
1438698363373,258887710341,616127949689,12509,41743,3205,0,7,3206.750,613.56
1438698363373,258887710341,1159158286502,127,41892,3297,0,8,3299.000,613.56
1438698363373,1431105413032,817011853585,150478,42310,3311,0,9,3313.250,613.56
1438698363373,1431105413032,393875389080,125,42952,3409,0,10,3411.500,613.56
1438698363373,1177568992582,238757670752,56084,80094,3347,0,9,3349.250,613.56
1438698363373,1177568992582,664629401312,251,80244,3415,0,10,3417.500,613.56
1440345480481,FAILED,FAILED,FAILED,FAILED,FAILED,FAILED,FAILED,FAILED,FAILED
1440385570649,FAILED,FAILED,FAILED,FAILED,FAILED,FAILED,FAILED,FAILED,FAILED
1441644984347,653667005219,403950077295,378399,40517,3026,0,7,3027.750,849.64
1441644984347,653667005219,631403346909,125,40660,3026,0,7,3027.750,849.64
1441644984347,1421623860184,775406372582,114325,41951,3361,0,12,3364.000,849.64
1441644984347,1421623860184,647070891621,122,41475,3160,0,9,3162.250,849.64
1441644984347,342245275797,1429422573237,232257,42060,3160,0,9,3162.250,849.64
1441644984347,342245275797,1242379219901,138,40535,3026,0,7,3027.750,849.64
1441644984347,1004729724881,619879735117,292919,40768,3093,0,8,3095.000,849.64
1441644984347,1004729724881,234478276226,119,39684,2892,0,5,2893.250,849.64
1441644984347,592535770415,1177257408247,319583,40101,2758,0,3,2758.750,849.64
1441644984347,592535770415,1129762628756,119,40893,3026,0,7,3027.750,849.64
1441644984347,1160513829601,453415205978,17456,42434,3227,0,10,3229.500,849.64
1441644984347,1160513829601,741909039490,144,41060,2959,0,6,2960.500,849.64
1441644984347,1300018145839,897177412658,566837,41809,3160,0,9,3162.250,849.64
1441644984347,1300018145839,897397011184,130,42393,3227,0,10,3229.500,849.64
1441644984347,241617180582,301693702164,399453,40892,2959,0,6,2960.500,849.64
1441644984347,241617180582,218478842219,135,41685,3227,0,10,3229.500,849.64
1441644984347,1287959546955,1247325146967,180941,43517,3160,0,9,3162.250,849.64
1441644984347,1287959546955,824704411094,129,42226,3227,0,10,3229.500,849.64
1441644984347,1260107037958,1024600160971,338679,41809,3093,0,8,3095.000,849.64
1441644984347,1260107037958,771117202643,136,42435,3227,0,10,3229.500,849.64
1442400186841,FAILED,FAILED,FAILED,FAILED,FAILED,FAILED,FAILED,FAILED,FAILED
1446069414527,324428901239,523486729538,132721,40601,2799,0,8,2801.000,575.11
1446069414527,324428901239,462151871965,117,40476,2979,0,11,2981.750,575.11
1446069414527,435756123710,402104471904,29335,40392,2799,0,8,2801.000,575.11
1446069414527,435756123710,300451450182,138,41393,2859,0,9,2861.250,575.11
1446069414527,583099316200,482374476842,15295,40768,2919,0,10,2921.500,575.11
1446069414527,583099316200,558177212943,130,38975,2559,0,4,2560.000,575.11
1446069414527,187572845262,90609744623,177632,41101,2799,0,8,2801.000,575.11
1446069414527,187572845262,526588259958,127,41535,2919,0,10,2921.500,575.11
1446069414527,1105175446290,199800995963,18208,39475,2679,0,6,2680.500,575.11
1446069414527,1105175446290,820789023421,131,39601,2739,0,7,2740.750,575.11
1446069414527,659991374830,179925870984,20361,38952,2559,0,4,2560.000,575.11
1446069414527,659991374830,428557077226,134,40726,2979,0,11,2981.750,575.11
1446069414527,1298104459490,1146784831654,274002,40560,2619,0,5,2620.250,575.11
1446069414527,1298104459490,889658600728,125,40684,2859,0,9,2861.250,575.11
1446069414527,1332614934360,14232061160,481697,74593,2799,0,8,2801.000,575.11
1446069414527,1332614934360,645088035911,229,73368,2799,0,8,2801.000,575.11
1446069414527,36100212766,787932303106,236530,42035,3039,0,12,3042.000,575.11
1446069414527,36100212766,386628324082,127,40851,2919,0,10,2921.500,575.11
1446069414527,1046995518480,4278450657,582241,40517,2799,0,8,2801.000,575.11
1446069414527,1046995518480,232834415195,129,40786,2859,0,9,2861.250,575.11
1446094121609,FAILED,FAILED,FAILED,FAILED,FAILED,FAILED,FAILED,FAILED,FAILED
1453212898561,FAILED,FAILED,FAILED,FAILED,FAILED,FAILED,FAILED,FAILED,FAILED
1454563585687,1030129420072,675237311049,314397,43558,3315,0,10,3317.500,672.80
1454563585687,1030129420072,596227269273,144,42685,3315,0,10,3317.500,672.80
1454563585687,510963374108,1213856453386,208535,78343,3108,0,7,3109.750,672.80
1454563585687,510963374108,677421542971,266,77536,3246,0,9,3248.250,672.80
1454563585687,1073830346994,1216457998503,17553,45059,3384,0,11,3386.750,672.80
1454563585687,1073830346994,956673489072,133,43060,3177,0,8,3179.000,672.80
1454563585687,849828368394,1164002102866,404986,41475,3108,0,7,3109.750,672.80
1454563585687,849828368394,1164802999498,128,40435,3177,0,8,3179.000,672.80
1454563585687,1178141355084,1312988592624,288507,79077,3246,0,9,3248.250,672.80
1454563585687,1178141355084,910136253102,248,77637,3246,0,9,3248.250,672.80
1454563585687,1066703204833,157814437596,175608,41227,3246,0,9,3248.250,672.80
1454563585687,1066703204833,352731485863,120,40493,3177,0,8,3179.000,672.80
1454563585687,354244658735,419705173011,506766,42893,3315,0,10,3317.500,672.80
1454563585687,354244658735,575215477654,120,42035,3177,0,8,3179.000,672.80
1454563585687,783721428812,1119996951333,42703,41685,3108,0,7,3109.750,672.80
1454563585687,783721428812,586621772841,120,43035,3453,0,12,3456.000,672.80
1454563585687,188863367836,569436363348,247563,41059,3177,0,8,3179.000,672.80
1454563585687,188863367836,582055382626,102,39475,2901,0,4,2902.000,672.80
1454563585687,1414461262644,124127408775,9555,41393,3315,0,10,3317.500,672.80
1454563585687,1414461262644,1223835728732,120,40618,3315,0,10,3317.500,672.80
1461349166419,1002876623918,863934008437,135110,42535,3294,0,11,3296.750,820.35
1461349166419,1002876623918,123978508756,127,40809,3093,0,8,3095.000,820.35
1461349166419,650893422655,131192732139,80072,41060,3026,0,7,3027.750,820.35
1461349166419,650893422655,1458427281885,131,42868,3294,0,11,3296.750,820.35
1461349166419,390508094208,1157614802460,191131,42102,3160,0,9,3162.250,820.35
1461349166419,390508094208,278531191195,133,41369,3026,0,7,3027.750,820.35
1461349166419,1008907226581,1009552589052,54635,75928,3026,0,7,3027.750,820.35
1461349166419,1008907226581,1188020555607,242,72410,2959,0,6,2960.500,820.35
1461349166419,220218870610,873062147090,235960,41852,3361,0,12,3364.000,820.35
1461349166419,220218870610,429534542914,127,41160,3160,0,9,3162.250,820.35
1461349166419,1182279625443,975764898320,627185,43685,3361,0,12,3364.000,820.35
1461349166419,1182279625443,1329600888351,127,41893,3227,0,10,3229.500,820.35
1461349166419,1272061198765,233582122935,124915,41100,2959,0,6,2960.500,820.35
1461349166419,1272061198765,172924910217,136,41118,3160,0,9,3162.250,820.35
1461349166419,1050927415274,1185246428,1078852,40309,2892,0,5,2893.250,820.35
1461349166419,1050927415274,350038615074,123,41059,3160,0,9,3162.250,820.35
1461349166419,1392598173665,446159920236,101425,78827,3160,0,9,3162.250,820.35
1461349166419,1392598173665,539318263105,282,76052,3093,0,8,3095.000,820.35
1461349166419,1284347523638,387932798308,100390,41702,3160,0,9,3162.250,820.35
1461349166419,1284347523638,1077770897949,120,39601,2758,0,3,2758.750,820.35
1463712181501,1192085093737,420954385835,457886,41893,2979,0,8,2981.000,1108.99
1463712181501,1192085093737,1188302635117,120,40576,2833,0,6,2834.500,1108.99
1463712181501,1141522423761,970261332122,127349,44142,3198,0,11,3200.750,1108.99
1463712181501,1141522423761,313559887622,133,42202,3040,0,9,3042.250,1108.99
1463712181501,828367893288,137167788148,63906,41868,3046,0,9,3048.250,1108.99
1463712181501,828367893288,1452052264881,130,40601,2900,0,7,2901.750,1108.99
1463712181501,449208777964,476001378883,761463,42118,3162,0,11,3164.750,1108.99
1463712181501,449208777964,661878589486,119,42476,3119,0,10,3121.500,1108.99
1463712181501,900491682813,261898722016,20794,42101,3107,0,10,3109.500,1108.99
1463712181501,900491682813,529919906331,120,41535,3052,0,9,3054.250,1108.99
1463712181501,745841535908,578471070034,603973,43869,3241,0,12,3244.000,1108.99
1463712181501,745841535908,737464983442,149,43934,3265,0,12,3268.000,1108.99
1463712181501,659694962572,150363787486,247321,43434,2942,0,7,2943.750,1108.99
1463712181501,659694962572,1226370163139,124,42828,3022,0,9,3024.250,1108.99
1463712181501,260839934906,1087644871327,610642,42494,3064,0,9,3066.250,1108.99
1463712181501,260839934906,1266848512831,124,42643,3046,0,9,3048.250,1108.99
1463712181501,367159740306,847847446232,5744,42351,2997,0,8,2999.000,1108.99
1463712181501,367159740306,944579265568,123,42951,3338,0,13,3341.250,1108.99
1463712181501,796393058532,135609352434,701264,40619,2881,0,6,2882.500,1108.99
1463712181501,796393058532,126508001894,138,42685,3283,0,12,3286.000,1108.99
1465467346969,FAILED,FAILED,FAILED,FAILED,FAILED,FAILED,FAILED,FAILED,FAILED
1465470254749,456568896554,1215300613342,361435,83428,3435,0,11,3437.750,482.51
1465470254749,456568896554,61871537130,242,77802,3231,0,8,3233.000,482.51
1465470254749,534481716169,467154108799,95218,41494,3135,0,7,3136.750,482.51
1465470254749,534481716169,822591891897,126,42892,3417,0,11,3419.750,482.51
1465470254749,1156410947072,1294411443129,20037,43535,3447,0,11,3449.750,482.51
1465470254749,1156410947072,15423612089,121,42560,3345,0,10,3347.500,482.51
1465470254749,820066402613,777284764958,81043,42660,3261,0,9,3263.250,482.51
1465470254749,820066402613,394435752016,132,43517,3657,0,14,3660.500,482.51
1465470254749,763352625418,841390062069,123967,42536,3327,0,10,3329.500,482.51
1465470254749,763352625418,1241090687416,108,41475,3261,0,9,3263.250,482.51
1465470254749,388975222325,957115439080,180079,43326,3369,0,10,3371.500,482.51
1465470254749,388975222325,1074792692958,122,42226,3237,0,9,3239.250,482.51
1465470254749,810380903669,1267295750588,299964,42476,3213,0,8,3215.000,482.51
1465470254749,810380903669,1154135759152,135,43077,3429,0,11,3431.750,482.51
1465470254749,147932875122,728367095270,17004,41351,3075,0,6,3076.500,482.51
1465470254749,147932875122,628080903059,136,43077,3333,0,10,3335.500,482.51
1465470254749,969782654728,1427830977178,125361,43309,3405,0,11,3407.750,482.51
1465470254749,969782654728,183482303970,118,43035,3417,0,11,3419.750,482.51
1465470254749,540871685927,765303430402,243668,41393,3195,0,8,3197.000,482.51
1465470254749,540871685927,815759314797,121,41267,3135,0,7,3136.750,482.51
1467716993159,454709411803,431485952600,125171,39850,2679,0,6,2680.500,528.44
1467716993159,454709411803,1334976109938,124,40368,2739,0,7,2740.750,528.44
1467716993159,1157963957027,475183334238,61048,42142,2679,0,6,2680.500,528.44
1467716993159,1157963957027,392385473628,126,41743,2739,0,7,2740.750,528.44
1467716993159,1082296019211,5047292390,539219,42744,3039,0,12,3042.000,528.44
1467716993159,1082296019211,841954279212,135,40809,2919,0,10,2921.500,528.44
1467716993159,180158041345,1423582174635,197368,76594,2859,0,9,2861.250,528.44
1467716993159,180158041345,1051266034896,254,74910,2859,0,9,2861.250,528.44
1467716993159,70754432573,838574574112,477626,73678,2739,0,7,2740.750,528.44
1467716993159,70754432573,214176547227,258,74326,2859,0,9,2861.250,528.44
1467716993159,1251452700604,662655237130,6643,40952,2859,0,9,2861.250,528.44
1467716993159,1251452700604,726258725989,129,39184,2739,0,7,2740.750,528.44
1467716993159,1001879014460,1175222232271,247165,39059,2559,0,4,2560.000,528.44
1467716993159,1001879014460,1025919668554,126,39351,2679,0,6,2680.500,528.44
1467716993159,373012953609,934851908664,65229,40118,2799,0,8,2801.000,528.44
1467716993159,373012953609,709508497928,139,41268,3099,0,13,3102.250,528.44
1467716993159,377814089041,679525939799,63462,40227,2799,0,8,2801.000,528.44
1467716993159,377814089041,695189794086,133,40451,2799,0,8,2801.000,528.44
1467716993159,521463871043,542626980997,38161,41393,2979,0,11,2981.750,528.44
1467716993159,521463871043,507843789665,127,39560,2679,0,6,2680.500,528.44
1472571096881,FAILED,FAILED,FAILED,FAILED,FAILED,FAILED,FAILED,FAILED,FAILED
1478961672479,1226253428509,197005626185,109844,44035,3177,0,12,3180.000,1150.03
1478961672479,1226253428509,931047781426,138,43059,3177,0,12,3180.000,1150.03
1478961672479,1450335983130,1161428726273,58839,41493,2925,0,8,2927.000,1150.03
1478961672479,1450335983130,195104439424,126,41310,2862,0,7,2863.750,1150.03
1478961672479,1420887013686,1152497227220,166250,79428,3114,0,11,3116.750,1150.03
1478961672479,1420887013686,1041137369724,253,75219,2862,0,7,2863.750,1150.03
1478961672479,1355928225367,991941875775,28001,40100,2862,0,7,2863.750,1150.03
1478961672479,1355928225367,73357791082,126,39184,2862,0,7,2863.750,1150.03
1478961672479,258860657620,827987906254,1231498,72160,2736,0,5,2737.250,1150.03
1478961672479,258860657620,406321448426,230,74470,3051,0,10,3053.500,1150.03
1478961672479,916725527065,226432235104,425745,41476,3051,0,10,3053.500,1150.03
1478961672479,916725527065,1266833670720,127,39517,2673,0,4,2674.000,1150.03
1478961672479,575150298982,806842074383,147223,40744,2988,0,9,2990.250,1150.03
1478961672479,575150298982,652754437102,136,40225,2988,0,9,2990.250,1150.03
1478961672479,894381539501,1240679070721,313118,41142,2862,0,7,2863.750,1150.03
1478961672479,894381539501,955490558714,127,41393,3051,0,10,3053.500,1150.03
1478961672479,1228150180875,450906168064,975145,42518,3114,0,11,3116.750,1150.03
1478961672479,1228150180875,1228356530281,135,41892,2925,0,8,2927.000,1150.03
1478961672479,1259515630613,98403927494,421543,43100,3177,0,12,3180.000,1150.03
1478961672479,1259515630613,1395368423070,124,41827,2988,0,9,2990.250,1150.03
1482282861083,466403348856,511254236960,166663,77243,3074,0,9,3076.250,1338.25
1482282861083,466403348856,1385645592949,241,74137,2944,0,7,2945.750,1338.25
1482282861083,105578319794,856113973939,1343654,42476,3074,0,9,3076.250,1338.25
1482282861083,105578319794,1124149990455,126,41017,3009,0,8,3011.000,1338.25
1482282861083,781207901281,251824525882,57705,42243,3009,0,8,3011.000,1338.25
1482282861083,781207901281,440232557120,123,40976,3009,0,8,3011.000,1338.25
1482282861083,1281053142260,270332073416,961365,40684,3139,0,10,3141.500,1338.25
1482282861083,1281053142260,1288007589756,121,40702,3139,0,10,3141.500,1338.25
1482282861083,545032875742,310477795467,39383,39976,2879,0,6,2880.500,1338.25
1482282861083,545032875742,1001600490731,106,39935,3009,0,8,3011.000,1338.25
1482282861083,1435884401986,281373714328,692205,40035,2944,0,7,2945.750,1338.25
1482282861083,1435884401986,655316641933,114,39393,2814,0,5,2815.250,1338.25
1482282861083,49238364917,1448112006806,417176,41225,3139,0,10,3141.500,1338.25
1482282861083,49238364917,628706051307,122,40268,3074,0,9,3076.250,1338.25
1482282861083,19128727220,805258128099,46673,40017,2944,0,7,2945.750,1338.25
1482282861083,19128727220,700933214323,129,43118,3139,0,10,3141.500,1338.25
1482282861083,1286555802565,1405367238215,245174,42475,3074,0,9,3076.250,1338.25
1482282861083,1286555802565,788355483600,130,41702,3074,0,9,3076.250,1338.25
1482282861083,1066789783966,1076333374333,505185,75220,2944,0,7,2945.750,1338.25
1482282861083,1066789783966,1404662063694,249,75452,3139,0,10,3141.500,1338.25
1482283365553,FAILED,FAILED,FAILED,FAILED,FAILED,FAILED,FAILED,FAILED,FAILED
1491994345483,1074317540605,986623833294,187762,42368,3007,0,10,3009.500,356.51
1491994345483,1074317540605,821588580,123,42225,3069,0,11,3071.750,356.51
1491994345483,1448354736659,708164428495,36165,41951,2883,0,8,2885.000,356.51
1491994345483,1448354736659,749635880589,142,51643,3131,0,12,3134.000,356.51
1491994345483,622069765124,651847890471,189446,40808,2945,0,9,2947.250,356.51
1491994345483,622069765124,1335242134260,124,39518,2697,0,5,2698.250,356.51
1491994345483,880237088872,1065585506374,25340,41684,3007,0,10,3009.500,356.51
1491994345483,880237088872,288512271731,127,40685,3069,0,11,3071.750,356.51
1491994345483,135435058457,773129955488,25190,41476,2945,0,9,2947.250,356.51
1491994345483,135435058457,1220475283184,126,41160,2945,0,9,2947.250,356.51
1491994345483,1185649206769,438240747511,195694,40768,2759,0,6,2760.500,356.51
1491994345483,1185649206769,1084072049179,127,42475,3069,0,11,3071.750,356.51
1491994345483,1388555996702,1116941718988,276073,40785,2883,0,8,2885.000,356.51
1491994345483,1388555996702,1207192407014,135,41227,3007,0,10,3009.500,356.51
1491994345483,917453811729,1173800844243,93900,41435,3069,0,11,3071.750,356.51
1491994345483,917453811729,129014967661,121,38327,2697,0,5,2698.250,356.51
1491994345483,701825485564,139047197911,116883,40934,2821,0,7,2822.750,356.51
1491994345483,701825485564,102522504241,138,40935,2883,0,8,2885.000,356.51
1491994345483,1410571566016,192926621007,54627,40768,2945,0,9,2947.250,356.51
1491994345483,1410571566016,521302291351,119,40368,3007,0,10,3009.500,356.51
1495008388037,1390693728009,1482903613001,254612,43452,3351,0,11,3353.750,1030.69
1495008388037,1390693728009,1041793224211,130,42976,3467,0,13,3470.250,1030.69
1495008388037,698669662934,96383468811,1276187,43077,3321,0,11,3323.750,1030.69
1495008388037,698669662934,341469493289,107,42393,3199,0,9,3201.250,1030.69
1495008388037,499899575545,1164597830931,473061,43810,3193,0,9,3195.250,1030.69
1495008388037,499899575545,1444745668352,125,42493,3035,0,7,3036.750,1030.69
1495008388037,1152282047861,305241544481,142108,42494,2977,0,6,2978.500,1030.69
1495008388037,1152282047861,1441166885861,121,42434,3023,0,7,3024.750,1030.69
1495008388037,1166499544208,635549855600,32239,43243,3239,0,10,3241.500,1030.69
1495008388037,1166499544208,226673873140,130,43517,3239,0,10,3241.500,1030.69
1495008388037,308066932028,751314641551,581896,78910,3117,0,8,3119.000,1030.69
1495008388037,308066932028,1184056681710,241,77344,3105,0,8,3107.000,1030.69
1495008388037,1086211968978,337528756423,102675,43809,3543,0,14,3546.500,1030.69
1495008388037,1086211968978,100885653947,149,40935,3099,0,8,3101.000,1030.69
1495008388037,1121280613180,1028417769449,382562,42185,3163,0,9,3165.250,1030.69
1495008388037,1121280613180,208398931961,118,41285,3135,0,8,3137.000,1030.69
1495008388037,672394662740,1376626410380,15198,43601,3239,0,10,3241.500,1030.69
1495008388037,672394662740,454181542439,129,42202,3041,0,7,3042.750,1030.69
1495008388037,1272208665487,1034171497751,86068,43433,3187,0,9,3189.250,1030.69
1495008388037,1272208665487,1407355705152,108,41059,2937,0,5,2938.250,1030.69
1496888638579,663464156143,141175528131,94204,41160,2892,0,5,2893.250,977.39
1496888638579,663464156143,232078013406,132,41143,3026,0,7,3027.750,977.39
1496888638579,412773722980,89231912464,72665,42035,3294,0,11,3296.750,977.39
1496888638579,412773722980,1407192511021,122,39809,3093,0,8,3095.000,977.39
1496888638579,1481062423116,544095976339,188327,41725,3160,0,9,3162.250,977.39
1496888638579,1481062423116,421074972465,113,40518,3026,0,7,3027.750,977.39
1496888638579,1346923943938,1443116072158,107242,40994,3160,0,9,3162.250,977.39
1496888638579,1346923943938,75386286341,110,39852,3026,0,7,3027.750,977.39
1496888638579,1238550489832,1377996754566,371925,41976,3093,0,8,3095.000,977.39
1496888638579,1238550489832,1185812946779,123,41600,3026,0,7,3027.750,977.39
1496888638579,411396329528,633886935397,156652,41619,3026,0,7,3027.750,977.39
1496888638579,411396329528,996756746248,138,40934,3026,0,7,3027.750,977.39
1496888638579,279750458362,1359137138158,1043396,42017,3361,0,12,3364.000,977.39
1496888638579,279750458362,1099234224253,134,40102,3026,0,7,3027.750,977.39
1496888638579,28774987396,1284008836483,550529,40143,2959,0,6,2960.500,977.39
1496888638579,28774987396,850088907553,125,39535,2825,0,4,2826.000,977.39
1496888638579,537134235863,458063574213,253273,78637,3227,0,10,3229.500,977.39
1496888638579,537134235863,1420554812077,259,75701,3026,0,7,3027.750,977.39
1496888638579,124854136845,904252907134,411340,40743,3093,0,8,3095.000,977.39
1496888638579,124854136845,681890285748,119,40642,3093,0,8,3095.000,977.39
1498049649529,FAILED,FAILED,FAILED,FAILED,FAILED,FAILED,FAILED,FAILED,FAILED
1499069919173,218235783968,988069159986,78938,42726,3383,0,10,3385.500,949.06
1499069919173,218235783968,275939212279,131,41827,3127,0,6,3128.500,949.06
1499069919173,248354953197,1460821565905,578098,43326,3219,0,8,3221.000,949.06
1499069919173,248354953197,1346616090024,123,42392,3158,0,7,3159.750,949.06
1499069919173,660491864321,565969696850,92877,42560,3438,0,11,3440.750,949.06
1499069919173,660491864321,576754355241,125,41642,3395,0,10,3397.500,949.06
1499069919173,1100621198664,1451663471547,273641,42660,3268,0,9,3270.250,949.06
1499069919173,1100621198664,1156859208651,130,42351,3322,0,9,3324.250,949.06
1499069919173,274967345350,1189412693813,56111,42535,3401,0,10,3403.500,949.06
1499069919173,274967345350,194919394560,128,41310,3182,0,7,3183.750,949.06
1499069919173,710932008467,716942920253,69298,45453,3231,0,8,3233.000,949.06
1499069919173,710932008467,1333531406971,129,42809,3036,0,5,3037.250,949.06
1499069919173,907591565192,1256074313012,213186,44243,3535,0,12,3538.000,949.06
1499069919173,907591565192,1393997997599,133,44184,3529,0,12,3532.000,949.06
1499069919173,125496851150,592724574559,223396,41434,3164,0,7,3165.750,949.06
1499069919173,125496851150,508028476490,116,41869,3249,0,8,3251.000,949.06
1499069919173,466473979624,525423507688,234802,41602,3225,0,8,3227.000,949.06
1499069919173,466473979624,814182300131,146,42910,3523,0,12,3526.000,949.06
1499069919173,156679590397,1190500570963,1223255,41393,3170,0,7,3171.750,949.06
1499069919173,156679590397,332813539306,127,41410,3237,0,8,3239.000,949.06
1499071400209,FAILED,FAILED,FAILED,FAILED,FAILED,FAILED,FAILED,FAILED,FAILED
1501620364469,498229996739,358383031992,161155,43060,3237,0,8,3239.000,843.36
1501620364469,498229996739,1213644895021,124,43226,3359,0,10,3361.500,843.36
1501620364469,1078492362299,1183113330958,38584,41493,3188,0,7,3189.750,843.36
1501620364469,1078492362299,612151862485,119,42475,3201,0,8,3203.000,843.36
1501620364469,1178619672280,980326962095,787539,42310,3091,0,6,3092.500,843.36
1501620364469,1178619672280,260871620070,128,43410,3304,0,9,3306.250,843.36
1501620364469,331668721096,877099558625,53644,41185,3152,0,7,3153.750,843.36
1501620364469,331668721096,1253959359253,116,41910,3352,0,9,3354.250,843.36
1501620364469,1479498521187,1231058416265,35974,42851,3225,0,8,3227.000,843.36
1501620364469,1479498521187,561727897771,115,42410,3182,0,7,3183.750,843.36
1501620364469,588061939328,539686306031,348145,41685,3103,0,6,3104.500,843.36
1501620364469,588061939328,188521552156,137,42202,3243,0,8,3245.000,843.36
1501620364469,468348438114,971237257552,130718,41893,3085,0,6,3086.500,843.36
1501620364469,468348438114,1363740707857,123,42535,3249,0,8,3251.000,843.36
1501620364469,17125341910,1130344201667,58845,42350,3340,0,9,3342.250,843.36
1501620364469,17125341910,1433237592879,135,42328,3383,0,10,3385.500,843.36
1501620364469,179086539253,1345447555056,979104,41660,3231,0,8,3233.000,843.36
1501620364469,179086539253,1002217288752,131,41559,3255,0,8,3257.000,843.36
1501620364469,482591022087,1276877148037,107536,45535,3292,0,9,3294.250,843.36
1501620364469,482591022087,383554299063,128,42852,3024,0,5,3025.250,843.36
1515182349223,1100815534705,623214410851,66856,42993,3384,0,11,3386.750,560.36
1515182349223,1100815534705,461712697843,116,41351,3108,0,7,3109.750,560.36
1515182349223,1261666652117,448388832656,94236,78177,3108,0,7,3109.750,560.36
1515182349223,1261666652117,843171519893,261,81011,3384,0,11,3386.750,560.36
1515182349223,669818657027,422266152607,160600,41576,3246,0,9,3248.250,560.36
1515182349223,669818657027,449572057737,139,41810,3315,0,10,3317.500,560.36
1515182349223,1156735893064,51583004938,20396,40433,3177,0,8,3179.000,560.36
1515182349223,1156735893064,360596283124,112,40743,3177,0,8,3179.000,560.36
1515182349223,104897129551,875678669872,362053,41827,3177,0,8,3179.000,560.36
1515182349223,104897129551,1358643195807,122,42851,3384,0,11,3386.750,560.36
1515182349223,1003203180104,859098787745,309775,42910,3315,0,10,3317.500,560.36
1515182349223,1003203180104,260802620988,129,42267,3177,0,8,3179.000,560.36
1515182349223,561792415349,591701566228,144542,41393,3177,0,8,3179.000,560.36
1515182349223,561792415349,620446848302,110,41368,3315,0,10,3317.500,560.36
1515182349223,1019398376194,1004864429772,226610,40452,3039,0,6,3040.500,560.36
1515182349223,1019398376194,282741708068,118,40352,3177,0,8,3179.000,560.36
1515182349223,118869053319,1474572492890,219405,41851,3177,0,8,3179.000,560.36
1515182349223,118869053319,657054617215,113,40102,2901,0,4,2902.000,560.36
1515182349223,581602200286,680804820701,190898,40910,3039,0,6,3040.500,560.36
1515182349223,581602200286,522956328646,125,42351,3453,0,12,3456.000,560.36
1515589575977,FAILED,FAILED,FAILED,FAILED,FAILED,FAILED,FAILED,FAILED,FAILED
1518497756177,FAILED,FAILED,FAILED,FAILED,FAILED,FAILED,FAILED,FAILED,FAILED
1522129978211,865562357307,354709818076,81513,41851,2963,0,10,2965.500,1006.97
1522129978211,865562357307,372864008602,131,40975,2963,0,10,2965.500,1006.97
1522129978211,19361883625,488060916229,694569,93678,2841,0,8,2843.000,1006.97
1522129978211,19361883625,1001585850556,131,39350,2780,0,7,2781.750,1006.97
1522129978211,98133733016,533559111222,345578,40351,2780,0,7,2781.750,1006.97
1522129978211,98133733016,626971459565,134,40600,2902,0,9,2904.250,1006.97
1522129978211,1351080404780,965901016199,465307,42743,3024,0,11,3026.750,1006.97
1522129978211,1351080404780,982132619205,120,40810,2780,0,7,2781.750,1006.97
1522129978211,1214228580808,943783265542,988072,41368,3024,0,11,3026.750,1006.97
1522129978211,1214228580808,730434748372,118,40059,2780,0,7,2781.750,1006.97
1522129978211,1076739158535,671561031169,526376,40893,2780,0,7,2781.750,1006.97
1522129978211,1076739158535,348090042402,136,40869,2780,0,7,2781.750,1006.97
1522129978211,1185964383581,866085215442,144602,39326,2658,0,5,2659.250,1006.97
1522129978211,1185964383581,149321882496,129,40393,2841,0,8,2843.000,1006.97
1522129978211,1259169868148,260009401546,78266,40101,2841,0,8,2843.000,1006.97
1522129978211,569695932853,1406190062868,101,39059,2719,0,6,2720.500,1006.97
1522129978211,1259169868148,812614670544,14,41035,2902,0,9,2904.250,1006.97
1522129978211,569695932853,601141843676,112,40660,2963,0,10,2965.500,1006.97
1522129978211,1504238298579,821147566630,138849,40477,2841,0,8,2843.000,1006.97
1522129978211,1504238298579,1026759010453,141,40785,2963,0,10,2965.500,1006.97
1522400187457,FAILED,FAILED,FAILED,FAILED,FAILED,FAILED,FAILED,FAILED,FAILED
1529093922221,684173264298,721215350136,28111,42910,3151,0,10,3153.500,1018.66
1529093922221,684173264298,76264634035,119,40851,2965,0,7,2966.750,1018.66
1529093922221,739551209336,223027560856,11204,41810,3039,0,8,3041.000,1018.66
1529093922221,739551209336,746138992285,121,40559,2915,0,6,2916.500,1018.66
1529093922221,1187504406598,1041834358053,1321824,42994,2965,0,7,2966.750,1018.66
1529093922221,1187504406598,1479024761988,131,42893,3039,0,8,3041.000,1018.66
1529093922221,1300004724183,156221554402,52852,42785,3299,0,12,3302.000,1018.66
1529093922221,1300004724183,1440795817699,118,42143,3169,0,10,3171.500,1018.66
1529093922221,1369783196084,942726230955,33106,42684,3199,0,10,3201.500,1018.66
1529093922221,1369783196084,1511717406927,113,40619,2971,0,7,2972.750,1018.66
1529093922221,1211326408848,439089137059,12074,42559,3243,0,11,3245.750,1018.66
1529093922221,1211326408848,1405815753045,149,42392,3311,0,12,3314.000,1018.66
1529093922221,1170096778587,962255204956,448085,41226,3095,0,9,3097.250,1018.66
1529093922221,1170096778587,554421938440,115,41017,3071,0,9,3073.250,1018.66
1529093922221,568877997606,1238742241098,551098,42202,3187,0,10,3189.500,1018.66
1529093922221,568877997606,1104497131803,117,42101,3193,0,10,3195.500,1018.66
1529093922221,813637820323,218470334910,462934,43727,3361,0,13,3364.250,1018.66
1529093922221,813637820323,396122587828,125,42118,3201,0,11,3203.750,1018.66
1529093922221,53487901230,949844286912,409187,42768,3039,0,8,3041.000,1018.66
1529093922221,53487901230,890377590780,126,42535,3089,0,9,3091.250,1018.66
1530300960191,76710086356,268033702482,370275,42203,3051,0,10,3053.500,1277.21
1530300960191,76710086356,988947694145,139,41475,2988,0,9,2990.250,1277.21
1530300960191,38289271454,854982079713,822747,40684,3051,0,10,3053.500,1277.21
1530300960191,38289271454,1021773468193,133,41451,3114,0,11,3116.750,1277.21
1530300960191,1155365502783,93354935518,698886,39142,2673,0,4,2674.000,1277.21
1530300960191,1155365502783,592910694287,127,41101,3114,0,11,3116.750,1277.21
1530300960191,932429918632,148578577309,795677,41868,2925,0,8,2927.000,1277.21
1530300960191,932429918632,1148238017072,127,41434,2925,0,8,2927.000,1277.21
1530300960191,382223107318,786699336685,100583,40910,2862,0,7,2863.750,1277.21
1530300960191,382223107318,154847568747,132,41143,2862,0,7,2863.750,1277.21
1530300960191,1037850485985,1521076313043,227701,42535,3114,0,11,3116.750,1277.21
1530300960191,1037850485985,765742444273,138,41101,3114,0,11,3116.750,1277.21
1530300960191,703202790829,244797248072,221991,40059,2799,0,6,2800.500,1277.21
1530300960191,703202790829,1360142312200,128,41227,2925,0,8,2927.000,1277.21
1530300960191,1346265589222,195436028699,292853,42558,2988,0,9,2990.250,1277.21
1530300960191,1346265589222,277297404119,134,42410,2925,0,8,2927.000,1277.21
1530300960191,635300114159,1126456694548,661961,42852,2988,0,9,2990.250,1277.21
1530300960191,635300114159,625018508054,137,40993,2862,0,7,2863.750,1277.21
1530300960191,685920007102,370634176119,100300,41619,3051,0,10,3053.500,1277.21
1530300960191,685920007102,1024604482851,115,40475,2925,0,8,2927.000,1277.21
1531006026751,1129607650696,1442603106958,158355,42810,2757,0,8,2759.000,739.79
1531006026751,1129607650696,383330523089,132,40535,2639,0,6,2640.500,739.79
1531006026751,29805454534,950704249831,184408,43725,3111,0,14,3114.500,739.79
1531006026751,29805454534,692921577772,133,41726,2816,0,9,2818.250,739.79
1531006026751,590526160844,29588873114,516737,77118,2934,0,11,2936.750,739.79
1531006026751,590526160844,1309781684233,242,72220,2757,0,8,2759.000,739.79
1531006026751,1006028915548,417561681821,147966,41018,2816,0,9,2818.250,739.79
1531006026751,1006028915548,492405633382,117,41326,2934,0,11,2936.750,739.79
1531006026751,335149819718,1365009601537,356404,40185,2698,0,7,2699.750,739.79
1531006026751,335149819718,484110987413,121,39601,2698,0,7,2699.750,739.79
1531006026751,1214019510497,218536394018,248975,40060,2639,0,6,2640.500,739.79
1531006026751,1214019510497,861254233382,136,40993,2934,0,11,2936.750,739.79
1531006026751,439674124290,1096443535053,396038,40451,2580,0,5,2581.250,739.79
1531006026751,439674124290,412783680344,119,39892,2639,0,6,2640.500,739.79
1531006026751,820221033419,708098271921,255786,41352,2934,0,11,2936.750,739.79
1531006026751,820221033419,51038792152,139,40934,2875,0,10,2877.500,739.79
1531006026751,713722760323,984427187838,124787,40185,2639,0,6,2640.500,739.79
1531006026751,713722760323,440235999613,137,38976,2580,0,5,2581.250,739.79
1531006026751,578109916097,245301094673,134699,40493,2816,0,9,2818.250,739.79
1531006026751,578109916097,504406178543,117,40601,2875,0,10,2877.500,739.79
1533495322493,1132561765465,1331613509331,554589,43035,3087,0,8,3089.000,1224.52
1533495322493,1132561765465,846072414211,128,42434,3189,0,10,3191.500,1224.52
1533495322493,1196877394989,542125188736,5171,42477,2994,0,7,2995.750,1224.52
1533495322493,1196877394989,979485714643,125,43225,3189,0,10,3191.500,1224.52
1533495322493,126015674372,191327858498,35778,44702,3213,0,10,3215.500,1224.52
1533495322493,126015674372,1199198742260,122,42226,2886,0,5,2887.250,1224.52
1533495322493,1046175248089,254724504537,20559,44601,3312,0,11,3314.750,1224.52
1533495322493,1046175248089,377775147807,121,41142,3048,0,7,3049.750,1224.52
1533495322493,797838256286,509906220377,317984,42642,3063,0,8,3065.000,1224.52
1533495322493,797838256286,1048342456819,133,43119,3339,0,12,3342.000,1224.52
1533495322493,557414648802,1433591903096,92271,42560,3063,0,8,3065.000,1224.52
1533495322493,557414648802,1338604842924,121,41077,2919,0,6,2920.500,1224.52
1533495322493,661885227536,1008587327432,483,44268,3240,0,11,3242.750,1224.52
1533495322493,661885227536,751853425301,113,42725,3144,0,9,3146.250,1224.52
1533495322493,319665969471,371074276484,1414180,42476,3069,0,8,3071.000,1224.52
1533495322493,319665969471,577452207977,129,41494,2958,0,7,2959.750,1224.52
1533495322493,1250978035133,1251716182206,368562,43953,3276,0,11,3278.750,1224.52
1533495322493,1250978035133,1398209401002,126,41725,2994,0,7,2995.750,1224.52
1533495322493,1519135564807,176247364232,1122971,41618,2994,0,7,2995.750,1224.52
1533495322493,1519135564807,587343818632,112,41267,3024,0,7,3025.750,1224.52
1534411786189,1323442335698,480031721703,545941,42392,3101,0,9,3103.250,614.78
1534411786189,1323442335698,1121423764604,115,40951,3039,0,8,3041.000,614.78
1534411786189,1071738318499,18796571428,104906,42285,3231,0,11,3233.750,614.78
1534411786189,1071738318499,847561329821,129,41684,3175,0,10,3177.500,614.78
1534411786189,162774889242,1211146410663,594224,44227,3279,0,11,3281.750,614.78
1534411786189,162774889242,824223473075,136,42285,3045,0,8,3047.000,614.78
1534411786189,1516161587657,846050610162,74918,40183,2853,0,5,2854.250,614.78
1534411786189,1516161587657,309159274943,114,40226,2885,0,6,2886.500,614.78
1534411786189,1452056097277,1395973674110,55746,41392,2977,0,7,2978.750,614.78
1534411786189,1452056097277,716360690589,118,42452,3237,0,11,3239.750,614.78
1534411786189,919167094794,301459442285,114293,42202,3187,0,10,3189.500,614.78
1534411786189,919167094794,37666843700,121,40600,2953,0,7,2954.750,614.78
1534411786189,1055445279583,1307441496604,21401,44434,2965,0,7,2966.750,614.78
1534411786189,1055445279583,1286595784345,123,44869,3175,0,10,3177.500,614.78
1534411786189,1169147771026,653340752658,123232,41869,3057,0,8,3059.000,614.78
1534411786189,1169147771026,464030255930,128,41393,3045,0,8,3047.000,614.78
1534411786189,1228595322771,950117241293,322515,41743,2915,0,6,2916.500,614.78
1534411786189,1228595322771,98987814308,136,42851,3193,0,10,3195.500,614.78
1534411786189,990244142558,1321816572017,64407,43101,3157,0,10,3159.500,614.78
1534411786189,990244142558,1240983466047,126,42119,3181,0,10,3183.500,614.78
1535305599923,130845806325,227748289938,993292,42601,3067,0,7,3068.750,1141.90
1535305599923,130845806325,1006773158243,123,39618,2931,0,5,2932.250,1141.90
1535305599923,1454565182000,1350349733497,60592,40893,2999,0,6,3000.500,1141.90
1535305599923,1454565182000,943460814750,117,41410,2999,0,6,3000.500,1141.90
1535305599923,1070252758551,538768245194,71269,42143,3271,0,10,3273.500,1141.90
1535305599923,1070252758551,799127287880,121,41327,3067,0,7,3068.750,1141.90
1535305599923,314460020796,693952037886,120700,75844,2999,0,6,3000.500,1141.90
1535305599923,314460020796,170783265125,257,76202,3135,0,8,3137.000,1141.90
1535305599923,404502822560,251844521380,457532,40994,3135,0,8,3137.000,1141.90
1535305599923,404502822560,1127442502280,122,40268,2999,0,6,3000.500,1141.90
1535305599923,878722240752,921329129993,245111,41518,3067,0,7,3068.750,1141.90
1535305599923,878722240752,581448800021,126,41684,3135,0,8,3137.000,1141.90
1535305599923,22370935484,1491289109575,585486,40934,3203,0,9,3205.250,1141.90
1535305599923,22370935484,1266310755521,123,39827,2999,0,6,3000.500,1141.90
1535305599923,987979170889,66183902142,67196,41393,3203,0,9,3205.250,1141.90
1535305599923,987979170889,1088056928139,135,40660,3067,0,7,3068.750,1141.90
1535305599923,1248381449196,1200887822110,1017755,76286,2999,0,6,3000.500,1141.90
1535305599923,1248381449196,1500853229549,240,76760,3203,0,9,3205.250,1141.90
1535305599923,1285708352407,946035566163,143205,40184,2931,0,5,2932.250,1141.90
1535305599923,1285708352407,1135958472715,126,40560,2999,0,6,3000.500,1141.90
1536435295453,219750378346,920819410715,1162,42350,3046,0,7,3047.750,379.28
1536435295453,219750378346,1360983517157,145,46328,3585,0,14,3588.500,379.28
1536435295453,866099248813,1437313937991,152296,40934,2780,0,3,2780.750,379.28
1536435295453,866099248813,1062877256821,120,44826,3544,0,13,3547.250,379.28
1536435295453,1122947111789,760942138934,125395,44493,3313,0,10,3315.500,379.28
1536435295453,1122947111789,130180307638,137,43934,3295,0,10,3297.500,379.28
1536435295453,1468173548761,151247210217,10090,43618,3378,0,11,3380.750,379.28
1536435295453,1468173548761,78409987336,129,43434,3271,0,10,3273.500,379.28
1536435295453,178260118880,1070313405658,112831,43517,3325,0,10,3327.500,379.28
1536435295453,178260118880,1507864478876,126,43286,3218,0,9,3220.250,379.28
1536435295453,1049992710837,1425937246933,375542,42076,2993,0,6,2994.500,379.28
1536435295453,1049992710837,498745156590,115,42352,3200,0,9,3202.250,379.28
1536435295453,715754026796,2328927059,29704,44810,3384,0,11,3386.750,379.28
1536435295453,715754026796,1383347310246,134,45035,3384,0,11,3386.750,379.28
1536435295453,1152428774720,38230362415,302988,77512,3177,0,8,3179.000,379.28
1536435295453,1152428774720,1124965777697,222,75785,3159,0,8,3161.000,379.28
1536435295453,1165582507808,359962786086,32758,43226,3159,0,8,3161.000,379.28
1536435295453,1165582507808,147442133591,119,42451,3094,0,7,3095.750,379.28
1536435295453,1168958665098,739870755939,55804,42726,3082,0,7,3083.750,379.28
1536435295453,1168958665098,905528658124,110,42994,3254,0,9,3256.250,379.28
1537976974097,FAILED,FAILED,FAILED,FAILED,FAILED,FAILED,FAILED,FAILED,FAILED
1541632657219,672259320414,433096578564,163655,43368,3294,0,11,3296.750,1087.56
1541632657219,672259320414,152746370740,146,43975,3428,0,13,3431.250,1087.56
1541632657219,1106257730172,925842732662,122046,42518,2959,0,6,2960.500,1087.56
1541632657219,1106257730172,161274692577,133,44452,3294,0,11,3296.750,1087.56
1541632657219,185400660719,305109833165,997845,43600,3160,0,9,3162.250,1087.56
1541632657219,185400660719,598916729237,128,44743,3294,0,11,3296.750,1087.56
1541632657219,129551863765,280888897335,134861,42410,3160,0,9,3162.250,1087.56
1541632657219,129551863765,1080607359792,124,42602,3227,0,10,3229.500,1087.56
1541632657219,884150576116,1066460762761,520752,79118,3160,0,9,3162.250,1087.56
1541632657219,884150576116,1130583484947,243,76387,3160,0,9,3162.250,1087.56
1541632657219,356437191405,663951318009,82789,44827,3227,0,10,3229.500,1087.56
1541632657219,356437191405,445140682569,119,42685,3026,0,7,3027.750,1087.56
1541632657219,271943319915,151815386117,381780,42309,3227,0,10,3229.500,1087.56
1541632657219,271943319915,1169760501159,128,41910,3227,0,10,3229.500,1087.56
1541632657219,99136803786,1535166978166,654369,44143,3227,0,10,3229.500,1087.56
1541632657219,99136803786,248451452444,46,44576,3294,0,11,3296.750,1087.56
1541632657219,263757665588,757571538053,273460,44851,3294,0,11,3296.750,1087.56
1541632657219,263757665588,752451942950,137,43536,3294,0,11,3296.750,1087.56
1541632657219,375527643374,574338271505,186830,42643,3160,0,9,3162.250,1087.56
1541632657219,375527643374,331681321201,141,41392,3026,0,7,3027.750,1087.56
1546102827877,1328831935443,366076913908,258282,42892,3281,0,7,3282.750,1103.90
1546102827877,1328831935443,1455051145280,127,43494,3339,0,8,3341.000,1103.90
1546102827877,499263617063,1419038787517,29640,43767,3515,0,10,3517.500,1103.90
1546102827877,499263617063,1277607797409,132,42952,3393,0,8,3395.000,1103.90
1546102827877,271581544675,251512950577,159569,43892,3527,0,10,3529.500,1103.90
1546102827877,271581544675,411764841324,121,44268,3621,0,11,3623.750,1103.90
1546102827877,365678110187,1151149361092,1083112,44328,3223,0,6,3224.500,1103.90
1546102827877,365678110187,1416528937800,121,43059,3083,0,4,3084.000,1103.90
1546102827877,1191685191317,651443910823,61286,44018,3381,0,8,3383.000,1103.90
1546102827877,1191685191317,110395519088,119,44493,3533,0,10,3535.500,1103.90
1546102827877,1211028999038,612837058063,161349,44017,3469,0,9,3471.250,1103.90
1546102827877,1211028999038,92985704337,129,43643,3381,0,8,3383.000,1103.90
1546102827877,1287887605501,514067453905,9424,43892,3433,0,9,3435.250,1103.90
1546102827877,1287887605501,10895235113,119,43809,3451,0,9,3453.250,1103.90
1546102827877,36764198000,1256824071343,1139268,43433,3457,0,9,3459.250,1103.90
1546102827877,36764198000,1355389972666,141,43685,3433,0,9,3435.250,1103.90
1546102827877,839563594550,690566353594,528234,43660,3293,0,7,3294.750,1103.90
1546102827877,839563594550,314066484144,129,42018,3193,0,6,3194.500,1103.90
1546102827877,67407387370,466770646961,4483,43077,3375,0,8,3377.000,1103.90
1546102827877,67407387370,151362604443,122,42101,3229,0,6,3230.500,1103.90
1546967182759,638326940425,56219229393,73226,44743,3407,0,12,3410.000,565.16
1546967182759,638326940425,1447894646728,142,44226,3271,0,10,3273.500,565.16
1546967182759,178316314049,818526146035,54727,42434,3135,0,8,3137.000,565.16
1546967182759,178316314049,858059723246,129,41743,3135,0,8,3137.000,565.16
1546967182759,519601845005,490220332378,321398,42160,3203,0,9,3205.250,565.16
1546967182759,519601845005,110903076978,126,41350,3067,0,7,3068.750,565.16
1546967182759,708898699255,1474511458155,494225,42893,3203,0,9,3205.250,565.16
1546967182759,708898699255,81415793695,129,42701,3203,0,9,3205.250,565.16
1546967182759,1047546995832,769946424937,52839,43227,3271,0,10,3273.500,565.16
1546967182759,1047546995832,129927824042,129,42743,3339,0,11,3341.750,565.16
1546967182759,83379120803,474006261020,91681,41118,3067,0,7,3068.750,565.16
1546967182759,83379120803,365277243682,111,41268,3067,0,7,3068.750,565.16
1546967182759,1495715055345,1155899344777,130071,43559,3339,0,11,3341.750,565.16
1546967182759,1495715055345,151805463789,127,41727,3271,0,10,3273.500,565.16
1546967182759,621595111291,1351730450905,41758,42352,3271,0,10,3273.500,565.16
1546967182759,621595111291,1433945213768,129,42684,3407,0,12,3410.000,565.16
1546967182759,1073284047291,65103319024,473346,41660,2999,0,6,3000.500,565.16
1546967182759,1073284047291,870494992817,104,41018,2999,0,6,3000.500,565.16
1546967182759,117919045256,1262117204239,96389,43535,3271,0,10,3273.500,565.16
1546967182759,117919045256,261563446122,121,41018,2931,0,5,2932.250,565.16
1578495162061,259231181926,567070589847,277481,43850,3417,0,11,3419.750,897.14
1578495162061,259231181926,471874649336,123,42851,3201,0,8,3203.000,897.14
1578495162061,1162863008438,595375282268,109911,43101,3207,0,8,3209.000,897.14
1578495162061,1162863008438,512233663479,120,42767,3213,0,8,3215.000,897.14
1578495162061,184044639851,97276489682,164669,76303,2985,0,5,2986.250,897.14
1578495162061,184044639851,829675942047,231,76868,3207,0,8,3209.000,897.14
1578495162061,979980932502,1250971424996,202407,82327,3411,0,11,3413.750,897.14
1578495162061,979980932502,846361846966,237,75428,2931,0,4,2932.000,897.14
1578495162061,1074945297318,834415906228,398635,75785,2907,0,4,2908.000,897.14
1578495162061,1074945297318,625735622798,233,80595,3345,0,10,3347.500,897.14
1578495162061,1563310524632,964699353474,248835,44660,3369,0,10,3371.500,897.14
1578495162061,1563310524632,300878242163,133,43018,3225,0,8,3227.000,897.14
1578495162061,482081577155,363039971005,545330,42475,3189,0,8,3191.000,897.14
1578495162061,482081577155,1571561691546,126,42077,3183,0,8,3185.000,897.14
1578495162061,1260764546755,940946135327,264142,45225,3195,0,8,3197.000,897.14
1578495162061,1260764546755,7860268566,142,44493,3201,0,8,3203.000,897.14
1578495162061,505965816788,513804712859,78534,43869,3189,0,8,3191.000,897.14
1578495162061,505965816788,1011608697825,131,43935,3273,0,9,3275.250,897.14
1578495162061,1251200146869,578992256845,550090,85011,3579,0,13,3582.250,897.14
1578495162061,1251200146869,1571808783987,244,79928,3345,0,10,3347.500,897.14
1580631557359,756906231042,588483653641,464267,42077,3031,0,9,3033.250,811.45
1580631557359,756906231042,1279828011430,125,42643,3095,0,10,3097.500,811.45
1580631557359,1057737957154,517425051165,104023,40702,2903,0,7,2904.750,811.45
1580631557359,1057737957154,614090548176,131,41893,3159,0,11,3161.750,811.45
1580631557359,1291642648071,293410913226,421282,42701,3031,0,9,3033.250,811.45
1580631557359,1291642648071,362699576894,117,40476,2775,0,5,2776.250,811.45
1580631557359,439309927364,1329766192966,474078,42935,3031,0,9,3033.250,811.45
1580631557359,439309927364,807613625595,133,44244,3223,0,12,3226.000,811.45
1580631557359,1186403212684,1037750294412,460457,41601,2967,0,8,2969.000,811.45
1580631557359,1186403212684,1300027933790,130,40685,2839,0,6,2840.500,811.45
1580631557359,943843995900,690934873091,55864,78178,3095,0,10,3097.500,811.45
1580631557359,943843995900,320794265587,253,76410,3095,0,10,3097.500,811.45
1580631557359,22501323054,620177365586,8632,42951,3159,0,11,3161.750,811.45
1580631557359,22501323054,1332177837541,120,41393,2903,0,7,2904.750,811.45
1580631557359,57068518650,1283359413693,270159,41850,2967,0,8,2969.000,811.45
1580631557359,57068518650,1259271799272,116,41495,2839,0,6,2840.500,811.45
1580631557359,1203440547603,699866520506,6377,41826,3031,0,9,3033.250,811.45
1580631557359,1203440547603,1281352746097,135,40935,2903,0,7,2904.750,811.45
1580631557359,1045452929049,632631942705,414626,42226,3159,0,11,3161.750,811.45
1580631557359,1045452929049,1249280912696,127,41892,3031,0,9,3033.250,811.45
1585965249223,524274695030,57978412114,1164888,44352,3159,0,11,3161.750,1827.28
1585965249223,524274695030,482821170414,138,43494,3031,0,9,3033.250,1827.28
1585965249223,538192973036,305377791329,59258,42142,3095,0,10,3097.500,1827.28
1585965249223,538192973036,1146844832950,142,42077,3031,0,9,3033.250,1827.28
1585965249223,996985474606,395699181991,537523,41453,2967,0,8,2969.000,1827.28
1585965249223,996985474606,402984407080,128,40683,2775,0,5,2776.250,1827.28
1585965249223,1269178835604,873778973323,562412,41600,3031,0,9,3033.250,1827.28
1585965249223,1269178835604,507326586581,134,40827,2903,0,7,2904.750,1827.28
1585965249223,1340751868113,396561785105,482657,43852,3095,0,10,3097.500,1827.28
1585965249223,1340751868113,602330040728,134,42410,2903,0,7,2904.750,1827.28
1585965249223,853972628253,476650812855,1182900,44143,3031,0,9,3033.250,1827.28
1585965249223,853972628253,1012355574782,121,43076,3031,0,9,3033.250,1827.28
1585965249223,439404208238,335947829649,456443,42392,3031,0,9,3033.250,1827.28
1585965249223,439404208238,1150291150892,118,41685,3031,0,9,3033.250,1827.28
1585965249223,210749405625,1048621483727,343976,42785,3031,0,9,3033.250,1827.28
1585965249223,210749405625,222615343962,123,39851,2711,0,4,2712.000,1827.28
1585965249223,619423674319,1575877573062,893266,42078,2967,0,8,2969.000,1827.28
1585965249223,619423674319,474483858212,128,42350,3095,0,10,3097.500,1827.28
1585965249223,85432586245,967157787375,316359,75410,3031,0,9,3033.250,1827.28
1585965249223,85432586245,267408936110,250,75094,3095,0,10,3097.500,1827.28
1592086892171,213175819568,579814172501,40172,42701,3227,0,10,3229.500,409.68
1592086892171,213175819568,1464006510615,135,43393,3428,0,13,3431.250,409.68
1592086892171,762718538732,1048416402909,56836,41267,2892,0,5,2893.250,409.68
1592086892171,762718538732,1252744951811,139,41661,3026,0,7,3027.750,409.68
1592086892171,1467419381913,580436419758,86305,42100,3160,0,9,3162.250,409.68
1592086892171,1467419381913,455533990198,134,41785,3026,0,7,3027.750,409.68
1592086892171,1056784158897,560273323210,217889,74785,3026,0,7,3027.750,409.68
1592086892171,1056784158897,24253155547,241,73261,2892,0,5,2893.250,409.68
1592086892171,137113683892,1337094744160,163919,41685,2959,0,6,2960.500,409.68
1592086892171,137113683892,677850533489,134,42352,3160,0,9,3162.250,409.68
1592086892171,369716937587,1238016269250,122434,44618,3294,0,11,3296.750,409.68
1592086892171,369716937587,548528190888,128,43934,3227,0,10,3229.500,409.68
1592086892171,115860968384,364018642007,15816,43893,3294,0,11,3296.750,409.68
1592086892171,115860968384,435210493147,136,42558,3160,0,9,3162.250,409.68
1592086892171,1375880325139,904168704997,217305,42892,3361,0,12,3364.000,409.68
1592086892171,1375880325139,432256710902,132,41727,3227,0,10,3229.500,409.68
1592086892171,1181266480515,684831968900,246439,43810,3160,0,9,3162.250,409.68
1592086892171,1181266480515,1577125783028,126,42910,3026,0,7,3027.750,409.68
1592086892171,1475108368699,1062877815089,169680,41161,2892,0,5,2893.250,409.68
1592086892171,1475108368699,137302243762,123,42475,3294,0,11,3296.750,409.68
1595009114557,1131504692858,335479444819,63703,46267,3401,0,10,3403.500,958.87
1595009114557,1131504692858,666113865399,134,44076,3195,0,8,3197.000,958.87
1595009114557,610837744941,321046317892,126772,43017,3109,0,6,3110.500,958.87
1595009114557,610837744941,1170421506598,121,42268,3116,0,7,3117.750,958.87
1595009114557,584315785635,313664995694,303638,44160,3468,0,11,3470.750,958.87
1595009114557,584315785635,1494618651663,118,42352,3182,0,7,3183.750,958.87
1595009114557,713635844079,76443825773,127742,42701,3231,0,8,3233.000,958.87
1595009114557,713635844079,531132550372,124,42933,3255,0,8,3257.000,958.87
1595009114557,1418832205209,1067256064513,80827,79970,3334,0,9,3336.250,958.87
1595009114557,1418832205209,583340544156,234,80760,3511,0,12,3514.000,958.87
1595009114557,644799469175,1270393043451,405763,42185,3085,0,6,3086.500,958.87
1595009114557,644799469175,35416296321,110,42785,3322,0,9,3324.250,958.87
1595009114557,640550377419,983738398074,16734,84077,3462,0,11,3464.750,958.87
1595009114557,640550377419,688394540270,235,82220,3371,0,10,3373.500,958.87
1595009114557,1451784797439,1451140580622,451878,81886,3371,0,10,3373.500,958.87
1595009114557,1451784797439,1375020538226,230,76618,3182,0,7,3183.750,958.87
1595009114557,1515021394149,1576423895539,1036688,45226,3322,0,9,3324.250,958.87
1595009114557,1515021394149,754301068532,128,43185,3328,0,9,3330.250,958.87
1595009114557,343612469494,106620020467,393725,43518,3158,0,7,3159.750,958.87
1595009114557,343612469494,265187851846,115,43410,3213,0,8,3215.000,958.87
1595949610781,684505084028,1173819392245,58275,76535,3012,0,7,3013.750,580.33
1595949610781,684505084028,710477958142,225,72803,2811,0,4,2812.000,580.33
1595949610781,1221617749583,1325679123991,324096,44726,3201,0,10,3203.500,580.33
1595949610781,1221617749583,493307385149,123,43370,3012,0,7,3013.750,580.33
1595949610781,339638339305,1326518852004,57933,43244,2994,0,7,2995.750,580.33
1595949610781,339638339305,1281490689588,116,43101,3093,0,8,3095.000,580.33
1595949610781,1437505581919,833776438537,36986,42785,3099,0,8,3101.000,580.33
1595949610781,1437505581919,797872873110,110,42268,3168,0,9,3170.250,580.33
1595949610781,580148672925,339078639947,149619,44143,3063,0,8,3065.000,580.33
1595949610781,580148672925,1149260140635,123,43910,3144,0,9,3146.250,580.33
1595949610781,639141295940,96862951847,489257,46684,3471,0,14,3474.500,580.33
1595949610781,639141295940,732080936509,131,43035,2937,0,6,2938.500,580.33
1595949610781,875200114983,1535423334482,54138,43535,3138,0,9,3140.250,580.33
1595949610781,875200114983,368259655509,120,42643,3075,0,8,3077.000,580.33
1595949610781,779622751525,1513314301373,77679,42202,2919,0,6,2920.500,580.33
1595949610781,779622751525,1018100280847,122,42435,3201,0,10,3203.500,580.33
1595949610781,1467904581133,1385734310028,221805,79302,3150,0,9,3152.250,580.33
1595949610781,1467904581133,1480081283995,244,76451,3000,0,7,3001.750,580.33
1595949610781,323818881547,1334876288,385445,43893,3369,0,12,3372.000,580.33
1595949610781,323818881547,1429363074802,121,42451,3162,0,9,3164.250,580.33
1595984606387,1142004005926,999940413272,21920,44268,3139,0,10,3141.500,883.89
1595984606387,1142004005926,633621284514,138,43202,2879,0,6,2880.500,883.89
1595984606387,1336406403470,1388119124707,55857,41351,3009,0,8,3011.000,883.89
1595984606387,1336406403470,162652502826,132,41368,3009,0,8,3011.000,883.89
1595984606387,197945207061,696812550742,597244,42393,3204,0,11,3206.750,883.89
1595984606387,197945207061,413688794965,119,40768,2879,0,6,2880.500,883.89
1595984606387,1293565089096,587686183677,477179,43060,2944,0,7,2945.750,883.89
1595984606387,1293565089096,531213525583,119,41350,2684,0,3,2684.750,883.89
1595984606387,132412643192,1525545054073,2164,43036,3009,0,8,3011.000,883.89
1595984606387,132412643192,922576780728,133,42558,2944,0,7,2945.750,883.89
1595984606387,899008871903,1166354993618,254826,42018,3139,0,10,3141.500,883.89
1595984606387,899008871903,142871342927,150,42684,3334,0,13,3337.250,883.89
1595984606387,1081432724870,795444050645,246778,41809,3139,0,10,3141.500,883.89
1595984606387,1081432724870,1163641384428,130,42100,3204,0,11,3206.750,883.89
1595984606387,1125533363728,691929072217,427101,42851,3139,0,10,3141.500,883.89
1595984606387,1125533363728,1447633785847,145,43494,3269,0,12,3272.000,883.89
1595984606387,1242628088301,762634608648,683190,41285,2879,0,6,2880.500,883.89
1595984606387,1242628088301,1352129122555,124,41851,3139,0,10,3141.500,883.89
1595984606387,624252411100,1299157532659,153357,40017,2749,0,4,2750.000,883.89
1595984606387,624252411100,1296760033528,127,40703,2944,0,7,2945.750,883.89
1597637155987,1596471631530,1498373808954,334680,42518,3339,0,11,3341.750,1379.57
1597637155987,1596471631530,1121258200883,124,39994,2931,0,5,2932.250,1379.57
1597637155987,1402378351037,1190370240086,232295,42934,3067,0,7,3068.750,1379.57
1597637155987,1402378351037,1122089150054,117,43868,3271,0,10,3273.500,1379.57
1597637155987,546256204845,1244540559686,493009,42410,3271,0,10,3273.500,1379.57
1597637155987,546256204845,623746234351,124,41560,3067,0,7,3068.750,1379.57
1597637155987,1458057891822,758438864064,794818,43101,3067,0,7,3068.750,1379.57
1597637155987,1458057891822,140930137851,120,42225,2931,0,5,2932.250,1379.57
1597637155987,411974211601,360619739377,1030224,42518,3271,0,10,3273.500,1379.57
1597637155987,411974211601,289980299557,118,41851,3203,0,9,3205.250,1379.57
1597637155987,1259510454489,168435735236,188586,44018,3135,0,8,3137.000,1379.57
1597637155987,1259510454489,1349324945402,118,43350,3203,0,9,3205.250,1379.57
1597637155987,390110590128,741517496396,59723,43077,3203,0,9,3205.250,1379.57
1597637155987,390110590128,1399454603620,131,41102,2999,0,6,3000.500,1379.57
1597637155987,902167025854,993927591200,485994,42619,3271,0,10,3273.500,1379.57
1597637155987,902167025854,835343549090,133,40935,2863,0,4,2864.000,1379.57
1597637155987,28992341548,982538493797,59810,44370,3407,0,12,3410.000,1379.57
1597637155987,28992341548,701576874040,126,43142,3271,0,10,3273.500,1379.57
1597637155987,757084500431,1096888419757,753244,41893,3135,0,8,3137.000,1379.57
1597637155987,757084500431,1514246991603,130,43017,3407,0,12,3410.000,1379.57
1600415093723,754611401276,1544822681424,15060,41327,3009,0,8,3011.000,943.10
1600415093723,754611401276,844864871803,123,43267,3269,0,12,3272.000,943.10
1600415093723,979077686299,156288415303,194821,41684,3074,0,9,3076.250,943.10
1600415093723,979077686299,600790157987,119,40643,2879,0,6,2880.500,943.10
1600415093723,1487521900192,440283394392,501026,41559,3009,0,8,3011.000,943.10
1600415093723,1487521900192,1572456594892,117,41642,3009,0,8,3011.000,943.10
1600415093723,1485749815082,688279582881,506282,43785,3074,0,9,3076.250,943.10
1600415093723,1485749815082,1169754632992,123,42685,3074,0,9,3076.250,943.10
1600415093723,1340956669483,1097326480602,114032,41893,3009,0,8,3011.000,943.10
1600415093723,1340956669483,1586803120683,135,42285,3139,0,10,3141.500,943.10
1600415093723,103430891482,1367522755143,518201,41267,3009,0,8,3011.000,943.10
1600415093723,103430891482,1017001582828,136,41893,3009,0,8,3011.000,943.10
1600415093723,1339634269507,1432600980613,89880,40933,2944,0,7,2945.750,943.10
1600415093723,1339634269507,358490189957,111,40477,2944,0,7,2945.750,943.10
1600415093723,1504218156148,1473516407111,1217,41227,3009,0,8,3011.000,943.10
1600415093723,1504218156148,1137499005912,139,40826,2944,0,7,2945.750,943.10
1600415093723,781135108333,663727643982,1097171,40977,2944,0,7,2945.750,943.10
1600415093723,781135108333,1178221267453,128,41100,2944,0,7,2945.750,943.10
1600415093723,306963872199,648468327983,75989,42017,3009,0,8,3011.000,943.10
1600415093723,306963872199,565304915085,113,40602,2814,0,5,2815.250,943.10
1605383865311,1255476208040,247416678586,116356,45660,3183,0,10,3185.500,888.93
1605383865311,1255476208040,198197952005,127,43851,3117,0,9,3119.250,888.93
1605383865311,1194575491905,569968005141,135036,41934,3051,0,8,3053.000,888.93
1605383865311,1194575491905,45494255579,118,41643,3117,0,9,3119.250,888.93
1605383865311,1202512162264,1318706991170,1133950,42810,3381,0,13,3384.250,888.93
1605383865311,1202512162264,1259183519819,123,41058,3051,0,8,3053.000,888.93
1605383865311,783484323314,323425368756,733870,41809,3051,0,8,3053.000,888.93
1605383865311,783484323314,1419215746088,129,42495,3249,0,11,3251.750,888.93
1605383865311,1273497486909,1176846698088,147555,43785,3249,0,11,3251.750,888.93
1605383865311,1273497486909,1450608784942,139,43350,3249,0,11,3251.750,888.93
1605383865311,1138230089867,293758860150,20453,41535,3051,0,8,3053.000,888.93
1605383865311,1138230089867,1243853439619,135,40143,2919,0,6,2920.500,888.93
1605383865311,192841094411,1104638259280,65583,42118,2919,0,6,2920.500,888.93
1605383865311,192841094411,1232608620044,129,42226,3117,0,9,3119.250,888.93
1605383865311,471160878935,624935742661,279392,43893,3315,0,12,3318.000,888.93
1605383865311,471160878935,103327018218,116,40994,2853,0,5,2854.250,888.93
1605383865311,1414380448580,436738332521,133616,43101,3249,0,11,3251.750,888.93
1605383865311,1414380448580,556964189734,126,43493,3381,0,13,3384.250,888.93
1605383865311,504521136730,1552346130747,126449,44368,3117,0,9,3119.250,888.93
1605383865311,504521136730,272322947541,113,43602,3051,0,8,3053.000,888.93
1605801625643,800577338592,476608442626,505506,40327,2814,0,5,2815.250,429.99
1605801625643,800577338592,1236513632475,131,41226,3009,0,8,3011.000,429.99
1605801625643,1367318032522,1413774815973,48292,42326,3139,0,10,3141.500,429.99
1605801625643,1367318032522,885437890857,115,41060,2944,0,7,2945.750,429.99
1605801625643,963630751292,1100822941823,75616,41059,2944,0,7,2945.750,429.99
1605801625643,963630751292,730788026645,122,42660,3139,0,10,3141.500,429.99
1605801625643,34595557618,283451009584,29097,41368,3009,0,8,3011.000,429.99
1605801625643,34595557618,751301438000,123,41517,3074,0,9,3076.250,429.99
1605801625643,10283595925,711936332326,403832,42077,3139,0,10,3141.500,429.99
1605801625643,10283595925,1311132397858,114,40558,3009,0,8,3011.000,429.99
1605801625643,930926672393,1450091295522,4198,39184,2684,0,3,2684.750,429.99
1605801625643,930926672393,101396702449,126,41018,2944,0,7,2945.750,429.99
1605801625643,544760319589,1112159383252,98860,43601,2944,0,7,2945.750,429.99
1605801625643,544760319589,1091690998808,123,42518,2879,0,6,2880.500,429.99
1605801625643,1539300157554,239387581941,221885,77928,3009,0,8,3011.000,429.99
1605801625643,1539300157554,1170386551572,251,74285,2879,0,6,2880.500,429.99
1605801625643,928711623838,1161780840537,15305,42392,3009,0,8,3011.000,429.99
1605801625643,928711623838,1268943499400,118,41828,3074,0,9,3076.250,429.99
1605801625643,243021286742,1368100245336,13165,41517,2944,0,7,2945.750,429.99
1605801625643,243021286742,1155144827937,126,41743,3074,0,9,3076.250,429.99
1607066173387,955423647237,156008713305,823724,42309,3261,0,8,3263.000,772.54
1607066173387,955423647237,972959763955,129,40434,2977,0,4,2978.000,772.54
1607066173387,635062852805,1504837311591,548358,41852,3332,0,9,3334.250,772.54
1607066173387,635062852805,657080348039,138,41767,3190,0,7,3191.750,772.54
1607066173387,898341760415,855514317390,20415,42601,3332,0,9,3334.250,772.54
1607066173387,898341760415,99988299761,117,42869,3403,0,10,3405.500,772.54
1607066173387,198438506553,425723431493,237907,43226,3261,0,8,3263.000,772.54
1607066173387,198438506553,433554054168,119,43078,3261,0,8,3263.000,772.54
1607066173387,1163255413827,1593328083451,27247,42036,3261,0,8,3263.000,772.54
1607066173387,1163255413827,119870058831,128,41059,3190,0,7,3191.750,772.54
1607066173387,146112362137,1207113416123,170158,43975,3332,0,9,3334.250,772.54
1607066173387,146112362137,1151685322918,127,44161,3261,0,8,3263.000,772.54
1607066173387,1047210254637,351457355122,202126,43559,3190,0,7,3191.750,772.54
1607066173387,1047210254637,954130411302,129,43453,3332,0,9,3334.250,772.54
1607066173387,596326414356,1466213234256,105271,41726,3119,0,6,3120.500,772.54
1607066173387,596326414356,657593082369,110,41035,3048,0,5,3049.250,772.54
1607066173387,1055097841196,798039256201,61578,43185,3332,0,9,3334.250,772.54
1607066173387,1055097841196,955350308177,123,43892,3403,0,10,3405.500,772.54
1607066173387,169219825005,826405335807,283715,42767,3332,0,9,3334.250,772.54
1607066173387,169219825005,506686558091,118,41368,3048,0,5,3049.250,772.54
1608946319291,14203632630,1569298748294,3989,41893,3231,0,7,3232.750,565.38
1608946319291,14203632630,346115245062,132,42076,3303,0,8,3305.000,565.38
1608946319291,1551452997191,195818400297,186262,42435,3447,0,10,3449.500,565.38
1608946319291,1551452997191,335622544460,116,42285,3375,0,9,3377.250,565.38
1608946319291,463314495627,1220019893821,96561,41226,3159,0,6,3160.500,565.38
1608946319291,463314495627,731638674549,127,41327,3159,0,6,3160.500,565.38
1608946319291,794625979805,556935139222,96021,43393,3447,0,10,3449.500,565.38
1608946319291,794625979805,375015533363,118,40434,3015,0,4,3016.000,565.38
1608946319291,39569633408,1038516688373,94073,43143,3303,0,8,3305.000,565.38
1608946319291,39569633408,451652170664,128,43410,3375,0,9,3377.250,565.38
1608946319291,619759498595,1153242758192,483590,42018,3375,0,9,3377.250,565.38
1608946319291,619759498595,352605966555,131,40327,3087,0,5,3088.250,565.38
1608946319291,143498789391,717995973377,9860,41018,3159,0,6,3160.500,565.38
1608946319291,143498789391,764921296497,133,42452,3375,0,9,3377.250,565.38
1608946319291,470505789215,26325172025,474688,43477,3447,0,10,3449.500,565.38
1608946319291,470505789215,1122728854517,136,43660,3519,0,11,3521.750,565.38
1608946319291,792819368405,297781024,212911,46352,3735,0,14,3738.500,565.38
1608946319291,792819368405,1537932148160,140,45201,3591,0,12,3594.000,565.38
1608946319291,1395992465098,474656581116,106472,88053,3519,0,11,3521.750,565.38
1608946319291,1395992465098,1481115234003,234,77118,3231,0,7,3232.750,565.38
1613378687981,1319449789378,66517866020,1461761,44077,3397,0,10,3399.500,1830.68
1613378687981,1319449789378,375999176807,124,43933,3575,0,12,3578.000,1830.68
1613378687981,200278538936,1084765741564,1136344,46310,3445,0,10,3447.500,1830.68
1613378687981,200278538936,266350683105,115,44035,3187,0,7,3188.750,1830.68
1613378687981,1563836141771,1542368932137,84072,41559,3075,0,5,3076.250,1830.68
1613378687981,1563836141771,59153799205,126,42518,3175,0,7,3176.750,1830.68
1613378687981,657829224120,107865911174,464077,42327,3193,0,7,3194.750,1830.68
1613378687981,657829224120,175497464629,121,42684,3291,0,8,3293.000,1830.68
1613378687981,730920621013,880126933148,135247,43244,3149,0,6,3150.500,1830.68
1613378687981,730920621013,670279426593,131,43101,3297,0,8,3299.000,1830.68
1613378687981,227315084180,45635803694,1900197,44452,3113,0,6,3114.500,1830.68
1613378687981,227315084180,414549052227,120,44810,3279,0,8,3281.000,1830.68
1613378687981,957362432758,370501340726,138619,42535,3199,0,7,3200.750,1830.68
1613378687981,957362432758,1061904777571,121,42310,3253,0,7,3254.750,1830.68
1613378687981,1253148968621,241967114859,193213,44268,3513,0,11,3515.750,1830.68
1613378687981,1253148968621,62298330952,108,42059,3229,0,7,3230.750,1830.68
1613378687981,1551214990676,82255684550,50111,45683,3433,0,10,3435.500,1830.68
1613378687981,1551214990676,1559724760991,134,44643,3365,0,9,3367.250,1830.68
1613378687981,800620479498,1045967511215,178380,44810,3347,0,9,3349.250,1830.68
1613378687981,800620479498,285337761634,130,41660,2995,0,4,2996.000,1830.68
1625275636837,1495444077829,924500932267,327343,45202,3675,0,14,3678.500,548.35
1625275636837,1495444077829,695109011026,130,42767,3243,0,8,3245.000,548.35
1625275636837,1431912593433,204833087886,65335,43101,3329,0,10,3331.500,548.35
1625275636837,1431912593433,1069441884849,129,43119,3377,0,10,3379.500,548.35
1625275636837,1109266645517,1497357934522,19832,42869,3122,0,7,3123.750,548.35
1625275636837,1109266645517,1330656699349,122,43102,3164,0,7,3165.750,548.35
1625275636837,1524910448643,31709552635,85545,43726,3407,0,10,3409.500,548.35
1625275636837,1524910448643,1158226852400,126,42058,3182,0,7,3183.750,548.35
1625275636837,1492807325637,1326741811443,288983,42143,3012,0,5,3013.250,548.35
1625275636837,1492807325637,138169652510,132,43018,3243,0,8,3245.000,548.35
1625275636837,1568392330270,573334985435,216877,43702,3383,0,10,3385.500,548.35
1625275636837,1568392330270,1305730422049,135,42809,3225,0,8,3227.000,548.35
1625275636837,1048573742791,638784445267,132537,43101,3176,0,7,3177.750,548.35
1625275636837,1048573742791,791736666334,112,42743,3255,0,8,3257.000,548.35
1625275636837,585478226572,1494672836235,150022,42893,3164,0,7,3165.750,548.35
1625275636837,585478226572,1419627972713,127,42601,3273,0,8,3275.000,548.35
1625275636837,1340515840991,730369009676,37508,43852,3395,0,10,3397.500,548.35
1625275636837,1340515840991,1554235044306,127,41308,3066,0,5,3067.250,548.35
1625275636837,571359417073,65858040148,399259,39827,2708,0,1,2708.250,548.35
1625275636837,571359417073,1158095955320,115,41977,3164,0,7,3165.750,548.35
1626566298733,414444404181,191470001069,239714,43102,3165,0,8,3167.000,1002.50
1626566298733,414444404181,200431467191,107,42352,3165,0,8,3167.000,1002.50
1626566298733,239670079511,582250751700,681854,43602,3224,0,9,3226.250,1002.50
1626566298733,239670079511,1468697531061,124,42785,3218,0,9,3220.250,1002.50
1626566298733,1198246327040,355969989141,39128,43809,3242,0,9,3244.250,1002.50
1626566298733,1198246327040,1462808201828,119,42393,3005,0,6,3006.500,1002.50
1626566298733,416669713888,286153204554,438281,43310,3254,0,9,3256.250,1002.50
1626566298733,416669713888,831771026853,125,42910,3165,0,8,3167.000,1002.50
1626566298733,1171977722025,1151429727710,245083,43517,3218,0,9,3220.250,1002.50
1626566298733,1171977722025,668352690404,130,42910,3194,0,9,3196.250,1002.50
1626566298733,881094483689,931736952051,775934,42768,3218,0,9,3220.250,1002.50
1626566298733,881094483689,455765972607,121,42410,3242,0,9,3244.250,1002.50
1626566298733,472651429747,389728539429,125692,45309,3248,0,9,3250.250,1002.50
1626566298733,472651429747,1097231820769,133,44661,3171,0,8,3173.000,1002.50
1626566298733,120305179389,818541364687,99387,42785,3082,0,7,3083.750,1002.50
1626566298733,120305179389,185213327534,120,42392,3082,0,7,3083.750,1002.50
1626566298733,316824416315,604483721775,222705,44976,3378,0,11,3380.750,1002.50
1626566298733,316824416315,972994061784,128,44976,3372,0,11,3374.750,1002.50
1626566298733,816973184904,556958516931,321232,80553,3266,0,9,3268.250,1002.50
1626566298733,816973184904,714453859214,257,79576,3242,0,9,3244.250,1002.50
1627517718709,927460779680,277773701960,147258,43368,3345,0,8,3347.000,348.83
1627517718709,927460779680,339667290628,122,42809,3408,0,9,3410.250,348.83
1627517718709,1449083870999,697125723253,29458,45310,3540,0,11,3542.750,348.83
1627517718709,1449083870999,1345006674113,116,43558,3264,0,7,3265.750,348.83
1627517718709,1432991831164,1234486310519,71872,44535,3540,0,11,3542.750,348.83
1627517718709,1432991831164,190551905708,117,43185,3339,0,8,3341.000,348.83
1627517718709,815052336628,440862503550,54960,43727,3396,0,9,3398.250,348.83
1627517718709,815052336628,1340288235948,122,42785,3183,0,6,3184.500,348.83
1627517718709,623424406431,495119164921,385660,41993,3102,0,5,3103.250,348.83
1627517718709,623424406431,845581662629,135,44184,3570,0,11,3572.750,348.83
1627517718709,903480778564,1326063996998,114300,43267,3408,0,9,3410.250,348.83
1627517718709,903480778564,1558028788076,128,43060,3396,0,9,3398.250,348.83
1627517718709,596613503573,126366632800,3932,44560,3477,0,10,3479.500,348.83
1627517718709,596613503573,1344476903577,129,43851,3384,0,9,3386.250,348.83
1627517718709,176683243049,710249654591,91464,44018,3426,0,9,3428.250,348.83
1627517718709,176683243049,937899692608,137,45451,3594,0,11,3596.750,348.83
1627517718709,747059568003,602762508613,148267,47868,3870,0,15,3873.750,348.83
1627517718709,747059568003,719747154558,123,44268,3408,0,9,3410.250,348.83
1627517718709,1568508978492,1302205552960,38231,42892,3240,0,7,3241.750,348.83
1627517718709,1568508978492,614324068569,126,42827,3246,0,7,3247.750,348.83
1630114070639,1468077748304,269893552511,82838,42310,3183,0,10,3185.500,783.23
1630114070639,1468077748304,219510341060,131,42392,3183,0,10,3185.500,783.23
1630114070639,679825308626,1007326063729,745542,43327,3117,0,9,3119.250,783.23
1630114070639,679825308626,819591577077,143,44685,3249,0,11,3251.750,783.23
1630114070639,441381761402,734264747361,42012,41309,3051,0,8,3053.000,783.23
1630114070639,441381761402,1313729476961,133,42535,3249,0,11,3251.750,783.23
1630114070639,1541925906528,1610337937881,16086,41892,3117,0,9,3119.250,783.23
1630114070639,1541925906528,1113553534144,126,42120,3183,0,10,3185.500,783.23
1630114070639,125131864938,1563741960147,282855,43018,3249,0,11,3251.750,783.23
1630114070639,125131864938,144764131567,129,42243,3051,0,8,3053.000,783.23
1630114070639,142750529690,20002462983,184664,41893,3117,0,9,3119.250,783.23
1630114070639,142750529690,1507632239576,130,42243,3249,0,11,3251.750,783.23
1630114070639,337478448304,734819827338,404009,45059,3051,0,8,3053.000,783.23
1630114070639,337478448304,1024451718215,129,43352,3051,0,8,3053.000,783.23
1630114070639,854758748496,321245632396,188129,44618,3183,0,10,3185.500,783.23
1630114070639,854758748496,786680713765,118,44268,3051,0,8,3053.000,783.23
1630114070639,1488494899194,1120006866741,22271,41433,3117,0,9,3119.250,783.23
1630114070639,1488494899194,456617469772,125,42868,3249,0,11,3251.750,783.23
1630114070639,257334010247,1170619367329,548199,41351,2985,0,7,2986.750,783.23
1630114070639,257334010247,1038266163137,117,41602,3117,0,9,3119.250,783.23
1631294405777,FAILED,FAILED,FAILED,FAILED,FAILED,FAILED,FAILED,FAILED,FAILED
1632710124547,1304546438123,1527228151179,762794,42893,3051,0,10,3053.500,773.45
1632710124547,1304546438123,638664067842,120,41518,2925,0,8,2927.000,773.45
1632710124547,633988184932,1295320824579,348042,42851,3051,0,10,3053.500,773.45
1632710124547,633988184932,1472078387040,124,41785,2925,0,8,2927.000,773.45
1632710124547,747333115204,369751863516,539229,42119,2988,0,9,2990.250,773.45
1632710124547,747333115204,743115935197,120,42309,3051,0,10,3053.500,773.45
1632710124547,79397320817,1316470640911,230317,41601,2925,0,8,2927.000,773.45
1632710124547,79397320817,700273990681,123,41535,2925,0,8,2927.000,773.45
1632710124547,351799195788,365997047082,316235,44035,2988,0,9,2990.250,773.45
1632710124547,351799195788,1411790446719,142,43977,3051,0,10,3053.500,773.45
1632710124547,147912340612,1047771152390,133331,41642,2862,0,7,2863.750,773.45
1632710124547,147912340612,1045215960449,128,41785,2925,0,8,2927.000,773.45
1632710124547,1366137951920,1019381856383,34959,41267,2925,0,8,2927.000,773.45
1632710124547,1366137951920,1252012721556,121,41952,3114,0,11,3116.750,773.45
1632710124547,438486529168,562897181706,25318,42977,3177,0,12,3180.000,773.45
1632710124547,438486529168,1292585528905,140,42351,3114,0,11,3116.750,773.45
1632710124547,229965088618,1209051456701,371,43102,3177,0,12,3180.000,773.45
1632710124547,229965088618,37197359850,119,41683,2925,0,8,2927.000,773.45
1632710124547,165879455136,1224976925699,192895,41560,2925,0,8,2927.000,773.45
1632710124547,165879455136,152728924946,128,42435,3114,0,11,3116.750,773.45
1633344959891,665148300843,1046271219038,41782,42475,3227,0,10,3229.500,463.85
1633344959891,665148300843,866380643932,120,42202,3160,0,9,3162.250,463.85
1633344959891,479912968568,242801615611,4391,43433,3294,0,11,3296.750,463.85
1633344959891,479912968568,87988367781,142,44476,3495,0,14,3498.500,463.85
1633344959891,1115505716465,742008512029,20698,41244,3093,0,8,3095.000,463.85
1633344959891,1115505716465,358403099868,127,40935,3026,0,7,3027.750,463.85
1633344959891,692808539807,278001059254,82008,42535,3160,0,9,3162.250,463.85
1633344959891,692808539807,425599226388,130,41768,3093,0,8,3095.000,463.85
1633344959891,1424153655307,993398970723,91712,42035,3026,0,7,3027.750,463.85
1633344959891,1424153655307,110593369648,119,41560,3026,0,7,3027.750,463.85
1633344959891,896100485776,360550344420,54464,43184,3093,0,8,3095.000,463.85
1633344959891,896100485776,1176693441072,145,44993,3227,0,10,3229.500,463.85
1633344959891,1236726965968,1293214713406,237786,43308,3227,0,10,3229.500,463.85
1633344959891,1236726965968,1001142169956,118,42410,3227,0,10,3229.500,463.85
1633344959891,795575289472,1551278452498,767420,40809,2959,0,6,2960.500,463.85
1633344959891,795575289472,1530579504290,133,41952,3160,0,9,3162.250,463.85
1633344959891,1394204749551,386868744293,161779,42059,3160,0,9,3162.250,463.85
1633344959891,1394204749551,1439411840773,118,41494,2959,0,6,2960.500,463.85
1633344959891,480352358715,183667806434,53557,42226,3160,0,9,3162.250,463.85
1633344959891,480352358715,1368943453553,123,42476,3294,0,11,3296.750,463.85
1635232236601,FAILED,FAILED,FAILED,FAILED,FAILED,FAILED,FAILED,FAILED,FAILED
1639232788187,977905873726,21952977919,19917,41577,3048,0,5,3049.250,510.97
1639232788187,977905873726,884185692404,143,41892,3261,0,8,3263.000,510.97
1639232788187,700353529699,258033560121,257716,43576,3545,0,12,3548.000,510.97
1639232788187,700353529699,955770050365,123,41684,3190,0,7,3191.750,510.97
1639232788187,1289446326457,1064223372044,191027,43392,3474,0,11,3476.750,510.97
1639232788187,1289446326457,1403978431685,117,42477,3332,0,9,3334.250,510.97
1639232788187,993550217663,942721353170,29416,42035,3261,0,8,3263.000,510.97
1639232788187,993550217663,629529889473,123,41976,3261,0,8,3263.000,510.97
1639232788187,1540624570729,171239744676,256045,41685,3261,0,8,3263.000,510.97
1639232788187,1540624570729,668038963245,126,41435,3190,0,7,3191.750,510.97
1639232788187,1299713028174,1636605842910,133037,42392,3332,0,9,3334.250,510.97
1639232788187,1299713028174,1566868524172,131,41578,3190,0,7,3191.750,510.97
1639232788187,1104625891913,598914777429,410137,43119,3474,0,11,3476.750,510.97
1639232788187,1104625891913,344987326639,127,42267,3261,0,8,3263.000,510.97
1639232788187,1158501156311,1061926212756,68521,43308,3190,0,7,3191.750,510.97
1639232788187,1158501156311,972778354501,118,44435,3474,0,11,3476.750,510.97
1639232788187,1064648966445,485476212442,209534,44435,3687,0,14,3690.500,510.97
1639232788187,1064648966445,1339853961350,130,43184,3474,0,11,3476.750,510.97
1639232788187,1301317377685,1434814418285,61933,40392,3048,0,5,3049.250,510.97
1639232788187,1301317377685,857939016955,129,41494,3190,0,7,3191.750,510.97
1653630432287,344635652435,558096877246,714530,40225,2698,0,7,2699.750,945.60
1653630432287,344635652435,106937677943,128,40934,2816,0,9,2818.250,945.60
1653630432287,1496249784591,897948193861,402970,41600,2816,0,9,2818.250,945.60
1653630432287,1496249784591,160852404094,130,42643,2934,0,11,2936.750,945.60
1653630432287,576904984557,904589640700,21214,41267,2816,0,9,2818.250,945.60
1653630432287,576904984557,347935781965,121,42327,3052,0,13,3055.250,945.60
1653630432287,1449255079499,731377223809,256321,41268,2816,0,9,2818.250,945.60
1653630432287,1449255079499,535616515945,130,40392,2757,0,8,2759.000,945.60
1653630432287,347792711694,893570942900,24233,39893,2580,0,5,2581.250,945.60
1653630432287,347792711694,1293047070696,118,40684,2757,0,8,2759.000,945.60
1653630432287,185568085343,419592439880,456581,41494,2875,0,10,2877.500,945.60
1653630432287,185568085343,1169401402924,126,40060,2639,0,6,2640.500,945.60
1653630432287,1620809712842,1276187122463,129935,41328,2698,0,7,2699.750,945.60
1653630432287,1620809712842,953280780253,145,41434,2639,0,6,2640.500,945.60
1653630432287,1397154165068,998308524556,176120,40185,2639,0,6,2640.500,945.60
1653630432287,1397154165068,647862076675,126,40642,2698,0,7,2699.750,945.60
1653630432287,21318400907,412908829273,687184,41268,2875,0,10,2877.500,945.60
1653630432287,21318400907,663613383927,124,40642,2757,0,8,2759.000,945.60
1653630432287,1435289124937,1286373023673,333705,40202,2639,0,6,2640.500,945.60
1653630432287,1435289124937,361516617045,138,41851,2993,0,12,2996.000,945.60
1653670666811,17726334920,724088867075,278178,44035,2967,0,8,2969.000,717.74
1653670666811,17726334920,1003754848187,121,43684,3031,0,9,3033.250,717.74
1653670666811,952903709992,1033142082575,57632,41433,2903,0,7,2904.750,717.74
1653670666811,952903709992,157472940620,133,40244,2839,0,6,2840.500,717.74
1653670666811,1622807794822,1211905544238,6783,42118,3031,0,9,3033.250,717.74
1653670666811,1622807794822,1601975647860,126,40975,2967,0,8,2969.000,717.74
1653670666811,1630235033263,787328836295,181990,41684,2903,0,7,2904.750,717.74
1653670666811,1630235033263,1304168693565,124,41660,2903,0,7,2904.750,717.74
1653670666811,627275928477,246246150905,937672,41518,2903,0,7,2904.750,717.74
1653670666811,627275928477,1432621747449,116,40535,2839,0,6,2840.500,717.74
1653670666811,1480772509178,1459346234090,184495,41267,2967,0,8,2969.000,717.74
1653670666811,1480772509178,144201069849,125,40952,2967,0,8,2969.000,717.74
1653670666811,2862979585,302191612921,82277,42393,3159,0,11,3161.750,717.74
1653670666811,2862979585,1217154680789,136,41951,3095,0,10,3097.500,717.74
1653670666811,523278135913,1489584229107,210785,40893,2903,0,7,2904.750,717.74
1653670666811,523278135913,381244542304,121,42285,3159,0,11,3161.750,717.74
1653670666811,1547740401431,1032532867326,72949,73327,2775,0,5,2776.250,717.74
1653670666811,1547740401431,1633160565172,235,75327,3031,0,9,3033.250,717.74
1653670666811,462079771160,1615325253841,372808,42494,3159,0,11,3161.750,717.74
1653670666811,462079771160,1265657905593,140,41934,3159,0,11,3161.750,717.74
1660053165259,346737297323,185457303678,113629,41393,2841,0,8,2843.000,1041.79
1660053165259,346737297323,1128331186707,131,41660,2902,0,9,2904.250,1041.79
1660053165259,1077398355323,1069558547349,338047,41602,2902,0,9,2904.250,1041.79
1660053165259,1077398355323,545958865978,126,39743,2536,0,3,2536.750,1041.79
1660053165259,672122178097,335027112738,244610,42036,2963,0,10,2965.500,1041.79
1660053165259,672122178097,315963391684,139,42434,3024,0,11,3026.750,1041.79
1660053165259,290958809734,540868335453,202226,41184,2902,0,9,2904.250,1041.79
1660053165259,290958809734,69164041037,132,41451,2902,0,9,2904.250,1041.79
1660053165259,1310779313325,15597231611,342407,43702,2841,0,8,2843.000,1041.79
1660053165259,1310779313325,1547670429185,135,42850,2841,0,8,2843.000,1041.79
1660053165259,1249274671396,607711429216,125540,40827,2841,0,8,2843.000,1041.79
1660053165259,1249274671396,680609874711,137,41600,2902,0,9,2904.250,1041.79
1660053165259,1406428994730,23197963015,544509,40600,2719,0,6,2720.500,1041.79
1660053165259,1406428994730,750297168903,131,40809,2902,0,9,2904.250,1041.79
1660053165259,157797238857,303251595966,628464,42559,2963,0,10,2965.500,1041.79
1660053165259,157797238857,1422885120450,139,41618,2841,0,8,2843.000,1041.79
1660053165259,1655157120433,1202168991064,294679,41786,2780,0,7,2781.750,1041.79
1660053165259,1655157120433,404578327429,133,42101,2963,0,10,2965.500,1041.79
1660053165259,227930846595,562466413169,642990,42143,2963,0,10,2965.500,1041.79
1660053165259,227930846595,516302614859,117,40642,2658,0,5,2659.250,1041.79
1666041957589,1482882208082,946875047381,479676,42643,3223,0,7,3224.750,528.44
1666041957589,1482882208082,1422746902935,142,43327,3317,0,9,3319.250,528.44
1666041957589,1321274640227,456345952232,91529,42869,3131,0,6,3132.500,528.44
1666041957589,1321274640227,1450615078367,130,44310,3415,0,10,3417.500,528.44
1666041957589,966074368930,658873789137,234817,44142,3439,0,10,3441.500,528.44
1666041957589,966074368930,813697880922,133,45620,3649,0,13,3652.250,528.44
1666041957589,563166047377,218717298306,26259,42660,3291,0,8,3293.000,528.44
1666041957589,563166047377,1367588636290,131,44060,3519,0,11,3521.750,528.44
1666041957589,617345169325,852547685328,125786,43017,3229,0,7,3230.750,528.44
1666041957589,617345169325,972651603248,124,42953,3359,0,9,3361.250,528.44
1666041957589,627607292236,916043578869,59874,44910,3427,0,10,3429.500,528.44
1666041957589,627607292236,1017285664598,118,43100,3273,0,8,3275.000,528.44
1666041957589,1021690604355,378369866573,274393,43911,3385,0,10,3387.500,528.44
1666041957589,1021690604355,1359605878036,119,43351,3371,0,9,3373.250,528.44
1666041957589,694033813356,483382361689,108255,44142,3329,0,9,3331.250,528.44
1666041957589,694033813356,792479839294,134,42494,3255,0,8,3257.000,528.44
1666041957589,1232205156043,1222004854310,161485,43227,2989,0,4,2990.000,528.44
1666041957589,1232205156043,1061403946849,126,44701,3397,0,10,3399.500,528.44
1666041957589,1426852399103,1005355177138,96573,44768,3211,0,7,3212.750,528.44
1666041957589,1426852399103,1563959208607,124,45077,3401,0,9,3403.250,528.44
1666999846013,630585975961,24773802172,656534,41476,2755,0,6,2756.500,2564.83
1666999846013,630585975961,74244801299,128,43536,3017,0,10,3019.500,2564.83
1666999846013,960485457502,534721433125,2114905,43643,2993,0,10,2995.500,2564.83
1666999846013,960485457502,833363396959,128,41558,2789,0,7,2790.750,2564.83
1666999846013,556073811849,553287572529,791907,74620,2731,0,6,2732.500,2564.83
1666999846013,556073811849,1054870029953,235,72785,2731,0,6,2732.500,2564.83
1666999846013,259996421356,756770926723,394258,41493,2835,0,8,2837.000,2564.83
1666999846013,259996421356,376820317732,126,42893,2969,0,10,2971.500,2564.83
1666999846013,1480509658243,674536452336,110573,41892,2853,0,8,2855.000,2564.83
1666999846013,1480509658243,241620014577,108,40827,2709,0,5,2710.250,2564.83
1666999846013,536005542590,93873666404,867019,42392,2801,0,7,2802.750,2564.83
1666999846013,536005542590,1200649878466,117,41851,2743,0,6,2744.500,2564.83
1666999846013,1309081085158,508458676760,2573071,43618,2923,0,9,2925.250,2564.83
1666999846013,1309081085158,259510105327,129,42810,2907,0,8,2909.000,2564.83
1666999846013,1284696234885,489275964500,730986,41101,2743,0,6,2744.500,2564.83
1666999846013,1284696234885,955929516607,131,42809,2959,0,9,2961.250,2564.83
1666999846013,215624501839,40642740517,149887,42786,2905,0,9,2907.250,2564.83
1666999846013,215624501839,575692687464,128,42934,2993,0,10,2995.500,2564.83
1666999846013,439141371034,811622207469,28669,42160,2853,0,8,2855.000,2564.83
1666999846013,439141371034,109146596160,118,42100,2865,0,8,2867.000,2564.83
1671187695761,FAILED,FAILED,FAILED,FAILED,FAILED,FAILED,FAILED,FAILED,FAILED
1671252421243,617635114369,1360844005459,37934,42726,3009,0,8,3011.000,625.21
1671252421243,617635114369,512540791413,122,42410,3074,0,9,3076.250,625.21
1671252421243,1302227486361,907881876928,73122,41142,2944,0,7,2945.750,625.21
1671252421243,1302227486361,967518726797,131,41327,3009,0,8,3011.000,625.21
1671252421243,952399455040,1277935463285,244148,42285,3009,0,8,3011.000,625.21
1671252421243,952399455040,1508816280064,137,40267,2814,0,5,2815.250,625.21
1671252421243,722555003079,1314400780635,285065,39851,2684,0,3,2684.750,625.21
1671252421243,722555003079,241119263788,126,39892,2814,0,5,2815.250,625.21
1671252421243,645305989566,1005008278342,58583,43809,3334,0,13,3337.250,625.21
1671252421243,645305989566,1515576305476,137,43452,3334,0,13,3337.250,625.21
1671252421243,1175947853533,1447142242364,410836,42768,3204,0,11,3206.750,625.21
1671252421243,1175947853533,305653765507,126,42327,3074,0,9,3076.250,625.21
1671252421243,662024892847,1249558607694,540022,42683,3269,0,12,3272.000,625.21
1671252421243,662024892847,1317562333689,139,43101,3204,0,11,3206.750,625.21
1671252421243,1620986241835,1652658256159,354843,41618,2814,0,5,2815.250,625.21
1671252421243,1620986241835,1120211292432,138,41850,3009,0,8,3011.000,625.21
1671252421243,430084580140,570777025208,17431,41393,3074,0,9,3076.250,625.21
1671252421243,430084580140,1640946871843,137,42684,3269,0,12,3272.000,625.21
1671252421243,18496049422,1516658393095,45500,42976,2944,0,7,2945.750,625.21
1671252421243,18496049422,1187053867804,125,43119,3074,0,9,3076.250,625.21
1674020417893,1580366261756,1159729886488,216724,41352,2850,0,5,2851.250,725.33
1674020417893,1580366261756,175291583852,128,44185,3270,0,11,3272.750,725.33
1674020417893,1359264053826,751323263796,9743,43184,3069,0,8,3071.000,725.33
1674020417893,1359264053826,1186380792998,145,42910,3150,0,9,3152.250,725.33
1674020417893,1156270257323,1448983762370,441573,80410,3150,0,9,3152.250,725.33
1674020417893,1156270257323,687097536989,232,81035,3264,0,11,3266.750,725.33
1674020417893,148155730593,1284676761998,201637,41660,2868,0,5,2869.250,725.33
1674020417893,148155730593,960701609203,117,41892,2994,0,7,2995.750,725.33
1674020417893,1119280605687,1459691575322,51859,42350,2757,0,4,2758.000,725.33
1674020417893,1119280605687,354700023280,136,43768,3099,0,8,3101.000,725.33
1674020417893,22357787034,1386315678744,258771,42826,2982,0,7,2983.750,725.33
1674020417893,22357787034,802116303578,115,43185,3156,0,9,3158.250,725.33
1674020417893,963595646875,272196808711,355311,42785,3231,0,10,3233.500,725.33
1674020417893,963595646875,1647601649437,144,43810,3426,0,13,3429.250,725.33
1674020417893,1081707085417,1077671492670,114639,43326,3087,0,8,3089.000,725.33
1674020417893,1081707085417,927777722975,139,44518,3363,0,12,3366.000,725.33
1674020417893,10264341535,662009038684,695,42743,3195,0,10,3197.500,725.33
1674020417893,10264341535,505924335826,118,41685,3075,0,8,3077.000,725.33
1674020417893,417604064216,532225648875,646832,42868,3156,0,9,3158.250,725.33
1674020417893,417604064216,506237506615,126,42685,3111,0,8,3113.000,725.33
1677108330127,1089597210869,1287127763420,59848,41202,2959,0,6,2960.500,725.13
1677108330127,1089597210869,1153808496729,136,42517,3294,0,11,3296.750,725.13
1677108330127,67510981915,673206603180,851789,41851,3026,0,7,3027.750,725.13
1677108330127,67510981915,113814892401,125,41767,2959,0,6,2960.500,725.13
1677108330127,1305553544435,30517470607,46805,42577,2892,0,5,2893.250,725.13
1677108330127,1305553544435,1371145732383,134,44227,3160,0,9,3162.250,725.13
1677108330127,807571369215,681964818088,46979,42934,3093,0,8,3095.000,725.13
1677108330127,807571369215,478299559620,130,41744,3093,0,8,3095.000,725.13
1677108330127,651837351357,3446685689,58795,43535,3026,0,7,3027.750,725.13
1677108330127,651837351357,1595639745406,118,40977,2959,0,6,2960.500,725.13
1677108330127,1187423571229,790559894156,275617,42017,3160,0,9,3162.250,725.13
1677108330127,1187423571229,895099282642,130,42411,3093,0,8,3095.000,725.13
1677108330127,1604860983756,858123376536,62801,42493,3227,0,10,3229.500,725.13
1677108330127,1604860983756,1414166582675,120,40893,2959,0,6,2960.500,725.13
1677108330127,892600576955,829679244797,10511,41785,3227,0,10,3229.500,725.13
1677108330127,892600576955,389601315245,129,41101,3093,0,8,3095.000,725.13
1677108330127,1310260868022,634407363786,490517,43017,3026,0,7,3027.750,725.13
1677108330127,1310260868022,1531631056637,117,43851,3160,0,9,3162.250,725.13
1677108330127,1351807965137,787287222132,462421,41560,2959,0,6,2960.500,725.13
1677108330127,1351807965137,1234763003745,132,42350,3160,0,9,3162.250,725.13
1677307625033,FAILED,FAILED,FAILED,FAILED,FAILED,FAILED,FAILED,FAILED,FAILED
1681458422261,646951136472,418689289950,223637,41643,3159,0,5,3160.250,1535.58
1681458422261,646951136472,1216723805529,121,41518,3141,0,5,3142.250,1535.58
1681458422261,1435880839587,867238650256,1238062,44226,3475,0,9,3477.250,1535.58
1681458422261,1435880839587,1388207013286,128,43410,3445,0,9,3447.250,1535.58
1681458422261,1650529442644,968719907922,696728,44476,3591,0,11,3593.750,1535.58
1681458422261,1650529442644,1061178445713,138,44368,3439,0,9,3441.250,1535.58
1681458422261,1440730350005,749758918272,858816,42576,3281,0,7,3282.750,1535.58
1681458422261,1440730350005,865139088033,127,43310,3369,0,8,3371.000,1535.58
1681458422261,887926595033,1321571556999,317526,43160,3351,0,8,3353.000,1535.58
1681458422261,887926595033,730594380669,120,43184,3439,0,9,3441.250,1535.58
1681458422261,164538694904,6510204179,18595,42476,3287,0,7,3288.750,1535.58
1681458422261,164538694904,822012609629,111,41935,3299,0,7,3300.750,1535.58
1681458422261,1406297054503,1503288299601,982772,43827,3427,0,9,3429.250,1535.58
1681458422261,1406297054503,1023050324780,122,42267,3241,0,6,3242.500,1535.58
1681458422261,651665852154,1344991428843,196862,42227,3141,0,5,3142.250,1535.58
1681458422261,651665852154,405371437791,135,42285,3317,0,7,3318.750,1535.58
1681458422261,433409399559,162352683744,80315,42434,3281,0,7,3282.750,1535.58
1681458422261,433409399559,453223261500,108,44327,3579,0,11,3581.750,1535.58
1681458422261,235546062987,1637875747507,177752,45368,3497,0,10,3499.500,1535.58
1681458422261,235546062987,1438648742593,130,44727,3509,0,10,3511.500,1535.58
1686222990703,1371172309524,667236097692,274819,40892,2985,0,7,2986.750,937.63
1686222990703,1371172309524,790938846632,122,42476,3249,0,11,3251.750,937.63
1686222990703,128816508499,1228823233167,106122,41433,2985,0,7,2986.750,937.63
1686222990703,128816508499,339466112482,122,42577,3249,0,11,3251.750,937.63
1686222990703,569356028295,1004065223883,802335,44725,3117,0,9,3119.250,937.63
1686222990703,569356028295,1194734696925,123,42018,3117,0,9,3119.250,937.63
1686222990703,1262746108837,171041365225,129753,42268,3183,0,10,3185.500,937.63
1686222990703,1262746108837,991638307979,124,40993,3051,0,8,3053.000,937.63
1686222990703,1331994374537,10263320489,395643,42184,3051,0,8,3053.000,937.63
1686222990703,1331994374537,1525920842157,130,43327,3249,0,11,3251.750,937.63
1686222990703,24517966725,1404627732261,361739,40559,2853,0,5,2854.250,937.63
1686222990703,24517966725,679944454373,115,40434,2787,0,4,2788.000,937.63
1686222990703,1176580994723,974115511104,225466,40767,2919,0,6,2920.500,937.63
1686222990703,1176580994723,535990973805,121,42160,3249,0,11,3251.750,937.63
1686222990703,929725292099,1379902361160,257517,41350,3051,0,8,3053.000,937.63
1686222990703,929725292099,746879410306,124,41744,3117,0,9,3119.250,937.63
1686222990703,908314954889,294519654256,72210,42434,3249,0,11,3251.750,937.63
1686222990703,908314954889,1354428752185,136,42827,3249,0,11,3251.750,937.63
1686222990703,1155000471355,771217409229,454391,41226,2985,0,7,2986.750,937.63
1686222990703,1155000471355,1685565729236,117,41018,3051,0,8,3053.000,937.63
1687274890393,FAILED,FAILED,FAILED,FAILED,FAILED,FAILED,FAILED,FAILED,FAILED
1706295815981,118995197183,423917985017,138003,43702,3371,0,10,3373.500,735.82
1706295815981,118995197183,640992745472,132,43684,3480,0,11,3482.750,735.82
1706295815981,1521884407873,146286709833,492883,43327,3079,0,6,3080.500,735.82
1706295815981,1521884407873,893918854563,130,44435,3334,0,9,3336.250,735.82
1706295815981,622493709888,499615637575,245530,44517,3237,0,8,3239.000,735.82
1706295815981,622493709888,1027815604708,130,44161,3401,0,10,3403.500,735.82
1706295815981,932906271151,816362775985,655974,43600,3310,0,9,3312.250,735.82
1706295815981,932906271151,194932362164,121,42619,3079,0,6,3080.500,735.82
1706295815981,849309296987,311007567017,93305,45935,3468,0,11,3470.750,735.82
1706295815981,849309296987,738758788356,137,44785,3358,0,9,3360.250,735.82
1706295815981,777708746087,939822622979,62210,43535,3328,0,9,3330.250,735.82
1706295815981,777708746087,1282285948552,123,43976,3468,0,11,3470.750,735.82
1706295815981,901595763965,218002595545,252709,43808,3243,0,8,3245.000,735.82
1706295815981,901595763965,828120172139,123,43143,3188,0,7,3189.750,735.82
1706295815981,233951902259,999361963650,53755,44495,3517,0,12,3520.000,735.82
1706295815981,233951902259,729358748608,120,42142,3109,0,6,3110.500,735.82
1706295815981,108744324645,249739049683,232658,42725,3255,0,8,3257.000,735.82
1706295815981,108744324645,1067443815089,122,43745,3419,0,10,3421.500,735.82
1706295815981,1437462863203,780810287418,62724,43142,3170,0,7,3171.750,735.82
1706295815981,1437462863203,770013571434,122,42743,3261,0,8,3263.000,735.82
1706710939249,FAILED,FAILED,FAILED,FAILED,FAILED,FAILED,FAILED,FAILED,FAILED
1708491540683,609625322929,1100986235046,149470,39935,2597,0,4,2598.000,1902.81
1708491540683,609625322929,834303792645,128,39951,2658,0,5,2659.250,1902.81
1708491540683,6629491615,1411495679342,566959,42477,2963,0,10,2965.500,1902.81
1708491540683,6629491615,1672283771243,135,42226,2963,0,10,2965.500,1902.81
1708491540683,91683547400,300717105556,638483,42559,3085,0,12,3088.000,1902.81
1708491540683,91683547400,1701085129059,136,41077,2780,0,7,2781.750,1902.81
1708491540683,1096518999460,203519221038,110252,74993,2780,0,7,2781.750,1902.81
1708491540683,1096518999460,520126552293,253,73636,2841,0,8,2843.000,1902.81
1708491540683,751257938151,1531121962308,494887,42809,2963,0,10,2965.500,1902.81
1708491540683,751257938151,1219094551039,151,42368,2902,0,9,2904.250,1902.81
1708491540683,500637571033,816349628397,314483,40993,2719,0,6,2720.500,1902.81
1708491540683,500637571033,117230855857,132,39851,2536,0,3,2536.750,1902.81
1708491540683,874218703029,1410297241654,2046051,41411,2841,0,8,2843.000,1902.81
1708491540683,874218703029,1280985292147,133,41976,2963,0,10,2965.500,1902.81
1708491540683,1286377421621,770457543830,453990,41201,2780,0,7,2781.750,1902.81
1708491540683,1286377421621,285105415983,118,41602,2963,0,10,2965.500,1902.81
1708491540683,161380835657,319304474460,1592658,41726,2902,0,9,2904.250,1902.81
1708491540683,161380835657,268733576240,145,41808,2902,0,9,2904.250,1902.81
1708491540683,38149238049,287850039857,76542,42267,3024,0,11,3026.750,1902.81
1708491540683,38149238049,544715272926,133,40702,2719,0,6,2720.500,1902.81
1708753069981,477613233875,1344970989606,25532,43810,3243,0,8,3245.000,865.39
1708753069981,477613233875,1335735996459,129,44369,3474,0,11,3476.750,865.39
1708753069981,1314348275518,1035369008638,320542,42618,3158,0,7,3159.750,865.39
1708753069981,1314348275518,1347011209392,128,42893,3243,0,8,3245.000,865.39
1708753069981,1068461101251,1623842640344,84792,43994,3425,0,10,3427.500,865.39
1708753069981,1068461101251,337828113538,127,43100,3395,0,10,3397.500,865.39
1708753069981,732887809395,1126991708758,1167259,42435,3109,0,6,3110.500,865.39
1708753069981,732887809395,108335643047,123,41827,3024,0,5,3025.250,865.39
1708753069981,1632332970116,761496326676,64388,44142,3249,0,8,3251.000,865.39
1708753069981,1632332970116,606925381971,111,42160,3225,0,8,3227.000,865.39
1708753069981,255770022869,1288712886414,83767,43477,3286,0,9,3288.250,865.39
1708753069981,255770022869,1651825364177,119,42477,3212,0,7,3213.750,865.39
1708753069981,1678475383578,500459275332,439320,43101,3292,0,9,3294.250,865.39
1708753069981,1678475383578,227961229928,126,43869,3444,0,11,3446.750,865.39
1708753069981,659414212524,402804433654,511772,43244,3310,0,9,3312.250,865.39
1708753069981,659414212524,626566058800,128,43184,3407,0,10,3409.500,865.39
1708753069981,155167783941,518502674400,3294,81869,3371,0,10,3373.500,865.39
1708753069981,155167783941,721160402108,270,80093,3480,0,11,3482.750,865.39
1708753069981,1073300722089,55327979938,40407,45268,3249,0,8,3251.000,865.39
1708753069981,1073300722089,1362672057706,141,43535,3158,0,7,3159.750,865.39
1717423973807,64833790715,1241880354377,276793,40893,3067,0,7,3068.750,727.50
1717423973807,64833790715,28063951192,127,42017,3271,0,10,3273.500,727.50
1717423973807,1086472100079,1217325323328,133901,40868,2999,0,6,3000.500,727.50
1717423973807,1086472100079,621144952711,112,41767,3135,0,8,3137.000,727.50
1717423973807,1460387803984,307186440459,194190,43393,3203,0,9,3205.250,727.50
1717423973807,1460387803984,1443129733580,126,41434,2931,0,5,2932.250,727.50
1717423973807,1569336670138,682244242454,36598,41018,2999,0,6,3000.500,727.50
1717423973807,1569336670138,1228277629089,120,41160,2931,0,5,2932.250,727.50
1717423973807,379876761691,1388194284536,232528,40535,2931,0,5,2932.250,727.50
1717423973807,379876761691,1546787536717,117,42393,3339,0,11,3341.750,727.50
1717423973807,709096237841,368631467485,56179,42118,3135,0,8,3137.000,727.50
1717423973807,709096237841,1134587847620,125,42892,3271,0,10,3273.500,727.50
1717423973807,969906736685,1313626741922,56006,43077,3203,0,9,3205.250,727.50
1717423973807,969906736685,726292298838,126,41685,2999,0,6,3000.500,727.50
1717423973807,1023580850826,791383610532,645300,41768,2999,0,6,3000.500,727.50
1717423973807,1023580850826,1009986064373,118,41142,2999,0,6,3000.500,727.50
1717423973807,1415368484514,1181951558229,48607,42201,2999,0,6,3000.500,727.50
1717423973807,1415368484514,1349144797808,127,42102,3067,0,7,3068.750,727.50
1717423973807,586344779978,997034694594,684763,41935,3135,0,8,3137.000,727.50
1717423973807,586344779978,1445322052046,130,42184,3203,0,9,3205.250,727.50
1717871162419,160983623508,55000241495,80734,42559,3203,0,9,3205.250,440.25
1717871162419,160983623508,676615253210,123,41643,3135,0,8,3137.000,440.25
1717871162419,206167015723,266149862399,335653,42850,3339,0,11,3341.750,440.25
1717871162419,206167015723,797747416493,125,41660,3271,0,10,3273.500,440.25
1717871162419,934518425221,356363404008,5971,41225,3135,0,8,3137.000,440.25
1717871162419,934518425221,1441324618952,131,41745,3135,0,8,3137.000,440.25
1717871162419,1278301056181,1544407976290,72236,42243,3203,0,9,3205.250,440.25
1717871162419,1278301056181,849810902390,127,42601,3135,0,8,3137.000,440.25
1717871162419,264192442919,806903129518,96140,43935,3271,0,10,3273.500,440.25
1717871162419,264192442919,39656737627,114,43952,3271,0,10,3273.500,440.25
1717871162419,698710244110,1470373281434,168843,42143,3135,0,8,3137.000,440.25
1717871162419,698710244110,4732699319,136,40285,2863,0,4,2864.000,440.25
1717871162419,366285726802,1400341707089,32309,79470,3271,0,10,3273.500,440.25
1717871162419,366285726802,861105288147,234,76535,3135,0,8,3137.000,440.25
1717871162419,1107153320551,1450180625493,38155,42785,3271,0,10,3273.500,440.25
1717871162419,1107153320551,1540809793227,124,42184,3203,0,9,3205.250,440.25
1717871162419,1690445415058,1111991568909,308794,42826,3067,0,7,3068.750,440.25
1717871162419,1690445415058,182230307407,43,42642,3067,0,7,3068.750,440.25
1717871162419,1574185964052,175326242882,260491,40910,3067,0,7,3068.750,440.25
1717871162419,1574185964052,1101575195418,118,42393,3203,0,9,3205.250,440.25
1723792594211,879985094155,436050250278,329949,45951,3177,0,12,3180.000,1240.18
1723792594211,879985094155,691156017924,124,43726,3051,0,10,3053.500,1240.18
1723792594211,173671045033,810827013617,760640,44185,3240,0,13,3243.250,1240.18
1723792594211,173671045033,151578139653,126,41743,3051,0,10,3053.500,1240.18
1723792594211,1365346839098,990495591568,70042,41785,2988,0,9,2990.250,1240.18
1723792594211,1365346839098,526859442304,125,41434,2925,0,8,2927.000,1240.18
1723792594211,727134684455,882860739931,144175,42518,2988,0,9,2990.250,1240.18
1723792594211,727134684455,1516929592863,133,42494,3051,0,10,3053.500,1240.18
1723792594211,819631995891,1385651106162,432821,42285,2862,0,7,2863.750,1240.18
1723792594211,819631995891,321581570707,133,41101,2862,0,7,2863.750,1240.18
1723792594211,1563305959411,259796726610,445843,40643,2799,0,6,2800.500,1240.18
1723792594211,1563305959411,1525027740476,124,41244,2862,0,7,2863.750,1240.18
1723792594211,468649819303,1553384411675,20710,43328,3114,0,11,3116.750,1240.18
1723792594211,468649819303,893416670946,132,42475,3051,0,10,3053.500,1240.18
1723792594211,1469291848712,977052451568,377905,41993,2862,0,7,2863.750,1240.18
1723792594211,1469291848712,784911954110,128,41809,2862,0,7,2863.750,1240.18
1723792594211,1345421340689,1581812272455,1344393,41244,2799,0,6,2800.500,1240.18
1723792594211,1345421340689,803673087544,116,41101,2862,0,7,2863.750,1240.18
1723792594211,1277606082700,926499456120,219527,41810,2862,0,7,2863.750,1240.18
1723792594211,1277606082700,841571539433,125,41118,2673,0,4,2674.000,1240.18
1731331459499,158920255998,58281926183,503798,78094,3117,0,9,3119.250,1269.83
1731331459499,158920255998,1194952373000,252,78410,3249,0,11,3251.750,1269.83
1731331459499,375540906841,1295915726244,208070,42183,3183,0,10,3185.500,1269.83
1731331459499,375540906841,913275078377,128,40744,2919,0,6,2920.500,1269.83
1731331459499,939511394770,1003168522407,1049923,42143,2985,0,7,2986.750,1269.83
1731331459499,939511394770,135729060193,129,41077,2919,0,6,2920.500,1269.83
1731331459499,967616990548,838742834910,4944,42768,3117,0,9,3119.250,1269.83
1731331459499,967616990548,1680678973965,148,42285,3183,0,10,3185.500,1269.83
1731331459499,1719043117954,701931875809,121477,42618,3051,0,8,3053.000,1269.83
1731331459499,1719043117954,722766609996,131,42143,3051,0,8,3053.000,1269.83
1731331459499,1150496719292,664622913392,566328,43642,3249,0,11,3251.750,1269.83
1731331459499,1150496719292,962710226998,125,42143,3051,0,8,3053.000,1269.83
1731331459499,1520498512718,1512704156641,415727,42810,2985,0,7,2986.750,1269.83
1731331459499,1520498512718,1712412715889,136,42619,3183,0,10,3185.500,1269.83
1731331459499,922182098301,680291623519,562546,42560,3249,0,11,3251.750,1269.83
1731331459499,922182098301,1256715697850,135,41035,3051,0,8,3053.000,1269.83
1731331459499,786267205637,609196568553,677882,42767,3117,0,9,3119.250,1269.83
1731331459499,786267205637,1429998163957,127,41559,3051,0,8,3053.000,1269.83
1731331459499,1659979670273,918137383374,69099,43560,3381,0,13,3384.250,1269.83
1731331459499,1659979670273,1562970144832,132,42952,3315,0,12,3318.000,1269.83
1731340641553,FAILED,FAILED,FAILED,FAILED,FAILED,FAILED,FAILED,FAILED,FAILED
1736227092989,26774908231,711134754792,61015,42934,3145,0,9,3147.250,1017.15
1736227092989,26774908231,861825908955,120,42452,3059,0,7,3060.750,1017.15
1736227092989,398574778005,1522726367994,505971,42809,3193,0,9,3195.250,1017.15
1736227092989,398574778005,30356646113,123,42684,3193,0,9,3195.250,1017.15
1736227092989,974502135575,372734228038,301323,42785,3105,0,8,3107.000,1017.15
1736227092989,974502135575,87266077373,131,42768,3205,0,9,3207.250,1017.15
1736227092989,1590349064578,840167166221,429873,42810,3123,0,8,3125.000,1017.15
1736227092989,1590349064578,454334261839,123,41660,2907,0,5,2908.250,1017.15
1736227092989,547007052418,1688012755472,174322,44494,3245,0,10,3247.500,1017.15
1736227092989,547007052418,150731287106,135,43517,3151,0,9,3153.250,1017.15
1736227092989,1550986434313,181131102513,116097,42977,3141,0,8,3143.000,1017.15
1736227092989,1550986434313,1687481149867,121,44309,3339,0,11,3341.750,1017.15
1736227092989,524856728480,132115422881,29020,41268,2989,0,6,2990.500,1017.15
1736227092989,524856728480,174214941674,128,42225,3123,0,8,3125.000,1017.15
1736227092989,289702794768,1024777481519,108402,44102,3221,0,10,3223.500,1017.15
1736227092989,289702794768,1220009906895,124,42225,2995,0,6,2996.500,1017.15
1736227092989,406888081626,1393110310960,736846,42559,3041,0,7,3042.750,1017.15
1736227092989,406888081626,1603961050549,112,42327,3117,0,8,3119.000,1017.15
1736227092989,1040233198552,1460472008689,765247,44350,3245,0,10,3247.500,1017.15
1736227092989,1040233198552,407835546703,124,42893,3175,0,9,3177.250,1017.15
1739735749781,1439057490380,79098743503,403073,42601,3046,0,9,3048.250,1231.88
1739735749781,1439057490380,1400827232093,128,41702,2851,0,6,2852.500,1231.88
1739735749781,1346705328175,169005083474,905421,41392,2790,0,5,2791.250,1231.88
1739735749781,1346705328175,16066484890,124,42685,3192,0,11,3194.750,1231.88
1739735749781,773170987380,51708832218,18908,41826,2857,0,6,2858.500,1231.88
1739735749781,773170987380,191579898356,117,41767,2833,0,6,2834.500,1231.88
1739735749781,247882014779,545131903794,604354,42477,2991,0,8,2993.000,1231.88
1739735749781,247882014779,1048379927911,129,43035,3009,0,8,3011.000,1231.88
1739735749781,63253495575,136692389285,32164,41851,3082,0,9,3084.250,1231.88
1739735749781,63253495575,589694023178,124,42076,3119,0,10,3121.500,1231.88
1739735749781,92663874386,1089463287352,1156381,44267,3326,0,13,3329.250,1231.88
1739735749781,92663874386,124976415656,136,43995,3253,0,12,3256.000,1231.88
1739735749781,776624962057,1322389094064,633823,76678,2875,0,6,2876.500,1231.88
1739735749781,776624962057,1122711447159,248,76576,2979,0,8,2981.000,1231.88
1739735749781,558679857758,1434875336817,11040,42160,2808,0,5,2809.250,1231.88
1739735749781,558679857758,312056494164,129,44143,3088,0,9,3090.250,1231.88
1739735749781,1613715288799,340995766290,53534,42100,2997,0,8,2999.000,1231.88
1739735749781,1613715288799,389725434913,123,42952,3374,0,13,3377.250,1231.88
1739735749781,375369946203,134914452443,166831,43350,3198,0,11,3200.750,1231.88
1739735749781,375369946203,1307443032249,125,41243,2948,0,7,2949.750,1231.88
1740386730703,555884916869,872307208034,602968,42368,2945,0,9,2947.250,523.49
1740386730703,555884916869,1058288831631,137,43184,3193,0,13,3196.250,523.49
1740386730703,263636532102,1499272232526,101258,75053,2945,0,9,2947.250,523.49
1740386730703,263636532102,643166145957,229,75118,3131,0,12,3134.000,523.49
1740386730703,782673761353,399126975250,80936,44934,3007,0,10,3009.500,523.49
1740386730703,782673761353,734523157348,125,42702,2821,0,7,2822.750,523.49
1740386730703,171699395058,690100073873,424051,42601,2883,0,8,2885.000,523.49
1740386730703,171699395058,765792923329,138,41827,2945,0,9,2947.250,523.49
1740386730703,1105315119558,174392600760,49563,75636,2883,0,8,2885.000,523.49
1740386730703,1105315119558,756830441911,246,74744,3007,0,10,3009.500,523.49
1740386730703,1074550311733,1366143039515,72881,41684,2883,0,8,2885.000,523.49
1740386730703,1074550311733,1123204376873,126,40642,2883,0,8,2885.000,523.49
1740386730703,1701732295981,121637622277,80710,41493,2945,0,9,2947.250,523.49
1740386730703,1701732295981,315530658621,131,41643,2945,0,9,2947.250,523.49
1740386730703,1602865031986,979065117939,139069,73910,2821,0,7,2822.750,523.49
1740386730703,1602865031986,1020792394446,258,75887,3007,0,10,3009.500,523.49
1740386730703,388942928979,274708553091,153350,41101,2883,0,8,2885.000,523.49
1740386730703,388942928979,1056023239557,126,42035,3069,0,11,3071.750,523.49
1740386730703,113675770646,1376710815900,44355,43703,3131,0,12,3134.000,523.49
1740386730703,113675770646,251101954536,134,42975,3069,0,11,3071.750,523.49
1741573106899,1364914068605,1563733515693,167364,43184,3246,0,9,3248.250,776.62
1741573106899,1364914068605,457035430602,147,42976,3384,0,11,3386.750,776.62
1741573106899,1153637932223,686429688582,462286,41267,3108,0,7,3109.750,776.62
1741573106899,1153637932223,1274295685663,121,42869,3384,0,11,3386.750,776.62
1741573106899,1005816093029,1571138381958,75718,42493,3315,0,10,3317.500,776.62
1741573106899,1005816093029,641979034531,136,40434,2970,0,5,2971.250,776.62
1741573106899,1091763698865,856816680401,409332,41392,3384,0,11,3386.750,776.62
1741573106899,1091763698865,883019063609,120,40477,3177,0,8,3179.000,776.62
1741573106899,738034676742,116436229166,328734,41368,3108,0,7,3109.750,776.62
1741573106899,738034676742,564677620345,127,42726,3315,0,10,3317.500,776.62
1741573106899,823481200652,759324122367,5730,41827,3177,0,8,3179.000,776.62
1741573106899,823481200652,1496161175211,124,41725,3108,0,7,3109.750,776.62
1741573106899,1095362710308,1145669289400,727581,41309,3246,0,9,3248.250,776.62
1741573106899,1095362710308,1566843174902,121,40934,3315,0,10,3317.500,776.62
1741573106899,1443778787875,1129925537664,9981,40452,3039,0,6,3040.500,776.62
1741573106899,1443778787875,1401588957855,134,41018,3108,0,7,3109.750,776.62
1741573106899,1633335421829,1066786816102,35062,42517,2970,0,5,2971.250,776.62
1741573106899,1633335421829,599348477616,134,43410,3315,0,10,3317.500,776.62
1741573106899,169994862881,1492305905243,307937,42535,3177,0,8,3179.000,776.62
1741573106899,169994862881,909168611645,133,41767,3108,0,7,3109.750,776.62
1743307571987,186938635635,129751398095,16882,41350,2879,0,6,2880.500,622.23
1743307571987,186938635635,1028016673687,135,42326,3139,0,10,3141.500,622.23
1743307571987,974900587938,353165152635,147288,43268,3074,0,9,3076.250,622.23
1743307571987,974900587938,1148926577640,130,42994,3139,0,10,3141.500,622.23
1743307571987,1603814679763,1161299146027,139351,42018,2944,0,7,2945.750,622.23
1743307571987,1603814679763,501655015551,131,43475,3334,0,13,3337.250,622.23
1743307571987,808881284310,122277577077,411042,42476,3074,0,9,3076.250,622.23
1743307571987,808881284310,370606222385,130,42661,3204,0,11,3206.750,622.23
1743307571987,1382674428584,192759588559,113805,42660,3204,0,11,3206.750,622.23
1743307571987,1382674428584,878626024533,120,40518,2879,0,6,2880.500,622.23
1743307571987,535528298777,625201045642,357945,42393,3139,0,10,3141.500,622.23
1743307571987,535528298777,248907144182,133,42267,3139,0,10,3141.500,622.23
1743307571987,11720988992,1273377849661,608465,43060,3269,0,12,3272.000,622.23
1743307571987,11720988992,1713494966685,117,41202,3009,0,8,3011.000,622.23
1743307571987,671142164088,350322274990,50911,41309,3009,0,8,3011.000,622.23
1743307571987,671142164088,1095021121933,141,41476,3009,0,8,3011.000,622.23
1743307571987,385620932004,1725607552038,211570,42100,3009,0,8,3011.000,622.23
1743307571987,385620932004,178514304163,126,41976,3074,0,9,3076.250,622.23
1743307571987,435423778320,976578613305,5767,42285,3074,0,9,3076.250,622.23
1743307571987,435423778320,1121946794331,121,40310,2879,0,6,2880.500,622.23
1745969533271,840500916207,88796774949,429979,41934,2879,0,6,2880.500,672.52
1745969533271,840500916207,373151666358,131,42493,3009,0,8,3011.000,672.52
1745969533271,1734753702061,1060834945790,195729,41435,3204,0,11,3206.750,672.52
1745969533271,1734753702061,1545518507225,131,41143,3204,0,11,3206.750,672.52
1745969533271,1286075671186,1508637057340,46109,42017,3074,0,9,3076.250,672.52
1745969533271,1286075671186,709668634700,121,41602,3074,0,9,3076.250,672.52
1745969533271,315331699797,1585722071954,440158,41119,2749,0,4,2750.000,672.52
1745969533271,315331699797,577399986914,122,41100,2814,0,5,2815.250,672.52
1745969533271,1291326986081,98237942444,3415,42101,3139,0,10,3141.500,672.52
1745969533271,1291326986081,1687124234641,137,42869,3204,0,11,3206.750,672.52
1745969533271,154031113019,1569363436992,650024,42183,3074,0,9,3076.250,672.52
1745969533271,154031113019,961463274673,117,42268,3204,0,11,3206.750,672.52
1745969533271,167769511116,997887713582,2809,41101,2944,0,7,2945.750,672.52
1745969533271,167769511116,598929603588,118,41035,2944,0,7,2945.750,672.52
1745969533271,493013402573,1208426314011,54777,40934,2944,0,7,2945.750,672.52
1745969533271,493013402573,3986419047,111,40268,2814,0,5,2815.250,672.52
1745969533271,1528412047869,1352267585274,7972,40952,2879,0,6,2880.500,672.52
1745969533271,1528412047869,1722959536371,125,41810,3009,0,8,3011.000,672.52
1745969533271,762771010802,1132997016834,400360,41560,3009,0,8,3011.000,672.52
1745969533271,762771010802,1008686857086,133,40600,2944,0,7,2945.750,672.52
1754136755551,679159091290,703827076178,89634,42077,3051,0,8,3053.000,694.38
1754136755551,679159091290,127813692702,122,41643,2985,0,7,2986.750,694.38
1754136755551,23466875344,747481498685,195432,40435,3051,0,8,3053.000,694.38
1754136755551,23466875344,775934251349,126,39517,2919,0,6,2920.500,694.38
1754136755551,1496245041936,250483526321,98835,40745,2919,0,6,2920.500,694.38
1754136755551,1496245041936,346118536373,112,41851,3051,0,8,3053.000,694.38
1754136755551,1572703811299,1226511962208,176111,43184,3381,0,13,3384.250,694.38
1754136755551,1572703811299,534770919971,124,42660,3315,0,12,3318.000,694.38
1754136755551,1255652364786,1581628458201,51344,42059,3117,0,9,3119.250,694.38
1754136755551,1255652364786,1269754306812,123,40809,3051,0,8,3053.000,694.38
1754136755551,1563455523053,911484614702,951966,41310,3051,0,8,3053.000,694.38
1754136755551,1563455523053,946949311264,146,42244,3117,0,9,3119.250,694.38
1754136755551,1488663665882,1748685382187,398737,40535,2721,0,3,2721.750,694.38
1754136755551,1488663665882,286696246718,122,42642,3117,0,9,3119.250,694.38
1754136755551,1346366353866,254230149042,126660,42809,3051,0,8,3053.000,694.38
1754136755551,1346366353866,117974421779,119,42102,2985,0,7,2986.750,694.38
1754136755551,92336273620,1330574905779,134676,39393,2655,0,2,2655.500,694.38
1754136755551,92336273620,844278568139,143,43076,3249,0,11,3251.750,694.38
1754136755551,670065094484,743580941185,19655,42118,2919,0,6,2920.500,694.38
1754136755551,670065094484,94005536669,130,41517,2985,0,7,2986.750,694.38
1755503420609,FAILED,FAILED,FAILED,FAILED,FAILED,FAILED,FAILED,FAILED,FAILED
1761980716351,1620880804155,1599374303593,440662,41368,2903,0,7,2904.750,602.64
1761980716351,1620880804155,492383587166,120,42059,3095,0,10,3097.500,602.64
1761980716351,341828433536,1024406202640,335772,40327,2775,0,5,2776.250,602.64
1761980716351,341828433536,1692304416071,138,42560,3159,0,11,3161.750,602.64
1761980716351,877359225002,347061346310,37250,41535,2711,0,4,2712.000,602.64
1761980716351,877359225002,1180353096448,125,43101,3159,0,11,3161.750,602.64
1761980716351,709138286718,1643237907423,287167,76178,2903,0,7,2904.750,602.64
1761980716351,709138286718,1175033418675,252,76576,3031,0,9,3033.250,602.64
1761980716351,1190062624406,1344570138110,476220,42850,3095,0,10,3097.500,602.64
1761980716351,1190062624406,705808198952,132,41410,2967,0,8,2969.000,602.64
1761980716351,1723522552060,1759884181247,35313,42827,3031,0,9,3033.250,602.64
1761980716351,1723522552060,533163388736,135,43808,3159,0,11,3161.750,602.64
1761980716351,1180234132105,274369343117,44619,42892,3095,0,10,3097.500,602.64
1761980716351,1180234132105,1165019974751,138,41536,2967,0,8,2969.000,602.64
1761980716351,1431717055154,1466803158399,212815,42434,3095,0,10,3097.500,602.64
1761980716351,1431717055154,174317839019,125,41993,3095,0,10,3097.500,602.64
1761980716351,592190349440,348501695955,16256,42160,3095,0,10,3097.500,602.64
1761980716351,592190349440,707949866581,118,42352,3095,0,10,3097.500,602.64
1761980716351,385385091817,77186767466,97506,41827,3031,0,9,3033.250,602.64
1761980716351,385385091817,578728038351,126,41101,2903,0,7,2904.750,602.64
1764180843097,FAILED,FAILED,FAILED,FAILED,FAILED,FAILED,FAILED,FAILED,FAILED
1766487643633,FAILED,FAILED,FAILED,FAILED,FAILED,FAILED,FAILED,FAILED,FAILED
1766816482537,FAILED,FAILED,FAILED,FAILED,FAILED,FAILED,FAILED,FAILED,FAILED
1767296654689,FAILED,FAILED,FAILED,FAILED,FAILED,FAILED,FAILED,FAILED,FAILED
1781152860737,FAILED,FAILED,FAILED,FAILED,FAILED,FAILED,FAILED,FAILED,FAILED
1782527888333,1109165191411,1337439432617,978053,42976,3106,0,7,3107.750,684.58
1782527888333,1109165191411,150458410888,118,41350,2952,0,5,2953.250,684.58
1782527888333,611871915586,705300120137,163862,43060,3088,0,7,3089.750,684.58
1782527888333,611871915586,195924729741,121,43910,3289,0,10,3291.500,684.58
1782527888333,271692987200,68757050888,155432,43185,3123,0,8,3125.000,684.58
1782527888333,271692987200,767859593728,118,43243,3254,0,9,3256.250,684.58
1782527888333,789563200202,569664668284,72436,43118,3212,0,9,3214.250,684.58
1782527888333,789563200202,727824502028,126,43602,3153,0,8,3155.000,684.58
1782527888333,1523989888753,1139175189250,61176,45076,3307,0,10,3309.500,684.58
1782527888333,1523989888753,252265138037,124,44102,3307,0,10,3309.500,684.58
1782527888333,869560520674,378798694328,30328,43518,3295,0,10,3297.500,684.58
1782527888333,869560520674,929656670470,117,42493,3242,0,9,3244.250,684.58
1782527888333,378921094168,1765059206182,82337,42993,3141,0,8,3143.000,684.58
1782527888333,378921094168,1381740728261,124,43560,3183,0,8,3185.000,684.58
1782527888333,1280228773170,1065209033223,366744,44743,3443,0,12,3446.000,684.58
1782527888333,1280228773170,732912629832,124,42685,3236,0,9,3238.250,684.58
1782527888333,862317491140,458811139877,4903,43518,3206,0,9,3208.250,684.58
1782527888333,862317491140,174861598860,128,43327,3194,0,9,3196.250,684.58
1782527888333,1261230465227,1267236128494,271677,43576,3224,0,9,3226.250,684.58
1782527888333,1261230465227,1425113279118,132,42852,3212,0,9,3214.250,684.58
1792525600583,1555241614389,771749856584,257137,41475,2903,0,7,2904.750,704.95
1792525600583,1555241614389,939236518185,124,41161,2967,0,8,2969.000,704.95
1792525600583,451127596130,926653218687,463825,75428,2903,0,7,2904.750,704.95
1792525600583,451127596130,82277919321,241,72869,2839,0,6,2840.500,704.95
1792525600583,27468367757,423266719168,31782,42560,3159,0,11,3161.750,704.95
1792525600583,27468367757,351739423720,127,40517,2775,0,5,2776.250,704.95
1792525600583,240991894107,1084365259239,97128,41309,2967,0,8,2969.000,704.95
1792525600583,240991894107,417293734992,124,39642,2647,0,3,2647.750,704.95
1792525600583,787435551030,303879877353,47767,40911,2903,0,7,2904.750,704.95
1792525600583,787435551030,150778504199,132,41434,2903,0,7,2904.750,704.95
1792525600583,446956289553,588051478765,419533,76203,3031,0,9,3033.250,704.95
1792525600583,446956289553,55001965559,227,72969,2903,0,7,2904.750,704.95
1792525600583,912582592318,978906325919,168723,43285,3223,0,12,3226.000,704.95
1792525600583,912582592318,414692626518,126,41893,3031,0,9,3033.250,704.95
1792525600583,1471215295423,1378923753219,9766,40600,2839,0,6,2840.500,704.95
1792525600583,1471215295423,1595891864664,120,40660,2775,0,5,2776.250,704.95
1792525600583,1437670612152,1275858567232,521086,42184,3095,0,10,3097.500,704.95
1792525600583,1437670612152,1428029253130,122,40910,2903,0,7,2904.750,704.95
1792525600583,126835138660,837369323356,326550,41160,2967,0,8,2969.000,704.95
1792525600583,126835138660,1775138481367,127,40851,2903,0,7,2904.750,704.95
1792604144411,317867857604,378521837813,226595,41851,2903,0,7,2904.750,559.36
1792604144411,317867857604,1138468204798,133,43809,3159,0,11,3161.750,559.36
1792604144411,1284342375818,786630592812,161608,41143,3159,0,11,3161.750,559.36
1792604144411,1284342375818,1133700733505,124,39392,2839,0,6,2840.500,559.36
1792604144411,897749168178,835707930695,162318,42393,3031,0,9,3033.250,559.36
1792604144411,897749168178,1790942369635,120,41327,2903,0,7,2904.750,559.36
1792604144411,1701520791666,511993799701,360635,42160,3031,0,9,3033.250,559.36
1792604144411,1701520791666,704826342626,120,41017,2903,0,7,2904.750,559.36
1792604144411,21246507647,1397646605429,145268,40851,3159,0,11,3161.750,559.36
1792604144411,21246507647,1385365336307,131,41495,3159,0,11,3161.750,559.36
1792604144411,3053953009,1213464989694,238698,40601,2775,0,5,2776.250,559.36
1792604144411,3053953009,384962799067,122,40993,2839,0,6,2840.500,559.36
1792604144411,369031215733,1612294430667,191018,41768,3031,0,9,3033.250,559.36
1792604144411,369031215733,1187653835729,144,42868,2967,0,8,2969.000,559.36
1792604144411,1775525191219,1227748933495,177961,74743,2903,0,7,2904.750,559.36
1792604144411,1775525191219,1586793016551,233,76803,3159,0,11,3161.750,559.36
1792604144411,719307282858,676206486311,199273,41351,2967,0,8,2969.000,559.36
1792604144411,719307282858,190766325800,123,41244,2967,0,8,2969.000,559.36
1792604144411,399044658442,1381904802677,12996,42185,3031,0,9,3033.250,559.36
1792604144411,399044658442,1737507471445,135,41368,2903,0,7,2904.750,559.36
1797657764569,FAILED,FAILED,FAILED,FAILED,FAILED,FAILED,FAILED,FAILED,FAILED
1798107178331,1218415643922,911280932448,236277,42475,3074,0,9,3076.250,1025.79
1798107178331,1218415643922,608367639973,139,41535,3009,0,8,3011.000,1025.79
1798107178331,163191455648,550551934586,662157,41726,3009,0,8,3011.000,1025.79
1798107178331,163191455648,1497872598626,124,40744,2814,0,5,2815.250,1025.79
1798107178331,204956251992,436463092122,171019,41852,3074,0,9,3076.250,1025.79
1798107178331,204956251992,1579851346209,134,42350,3204,0,11,3206.750,1025.79
1798107178331,1445173939812,1555214418482,75066,43143,3074,0,9,3076.250,1025.79
1798107178331,1445173939812,223421675088,130,42035,3074,0,9,3076.250,1025.79
1798107178331,847205951776,523648122600,68722,41160,2944,0,7,2945.750,1025.79
1798107178331,847205951776,506575592443,134,41393,3269,0,12,3272.000,1025.79
1798107178331,1555373416518,1568116045614,105292,40701,2749,0,4,2750.000,1025.79
1798107178331,1555373416518,309691918344,127,41768,2944,0,7,2945.750,1025.79
1798107178331,1350272119646,853915722438,132148,39558,2879,0,6,2880.500,1025.79
1798107178331,1350272119646,526939553806,131,39768,2944,0,7,2945.750,1025.79
1798107178331,220405399005,1616054242977,760805,41369,3009,0,8,3011.000,1025.79
1798107178331,220405399005,1686665797003,127,41642,3074,0,9,3076.250,1025.79
1798107178331,1060672869997,747717651447,29811,41495,3074,0,9,3076.250,1025.79
1798107178331,1060672869997,1635735175434,120,40809,2944,0,7,2945.750,1025.79
1798107178331,307213124090,511203075294,1183101,43017,3074,0,9,3076.250,1025.79
1798107178331,307213124090,336382031250,129,41035,2814,0,5,2815.250,1025.79
1800814738633,FAILED,FAILED,FAILED,FAILED,FAILED,FAILED,FAILED,FAILED,FAILED
1803846665077,693892144242,1172056868155,169396,83552,3501,0,10,3503.500,539.37
1803846665077,693892144242,312872611779,243,79870,3303,0,8,3305.000,539.37
1803846665077,722347245171,1224065542344,231013,43185,3390,0,9,3392.250,539.37
1803846665077,722347245171,49224759247,123,44201,3477,0,10,3479.500,539.37
1803846665077,1537441473191,1642158072036,213883,43393,3309,0,8,3311.000,539.37
1803846665077,1537441473191,1117182810943,126,43494,3501,0,10,3503.500,539.37
1803846665077,1698000290821,43973524034,25182,44076,3432,0,9,3434.250,539.37
1803846665077,1698000290821,1408582676027,137,43685,3372,0,9,3374.250,539.37
1803846665077,4392948966,1112641552002,176044,43410,3327,0,8,3329.000,539.37
1803846665077,4392948966,384273370101,132,43017,3339,0,8,3341.000,539.37
1803846665077,115984459873,984540338740,164860,43476,3258,0,7,3259.750,539.37
1803846665077,115984459873,1018446619867,127,42160,3159,0,6,3160.500,539.37
1803846665077,1769627855925,265886269761,159481,42935,3228,0,7,3229.750,539.37
1803846665077,1769627855925,1513419662794,112,42535,3258,0,7,3259.750,539.37
1803846665077,1524806504948,1134007548131,59383,44077,3264,0,7,3265.750,539.37
1803846665077,1524806504948,1034250729659,124,43143,3270,0,7,3271.750,539.37
1803846665077,1224107686006,708502895179,5381,43977,3696,0,13,3699.250,539.37
1803846665077,1224107686006,1135871769295,136,42852,3315,0,8,3317.000,539.37
1803846665077,1163752764402,784635627305,457406,77637,3084,0,5,3085.250,539.37
1803846665077,1163752764402,511931734386,239,81035,3465,0,10,3467.500,539.37
1809889634689,FAILED,FAILED,FAILED,FAILED,FAILED,FAILED,FAILED,FAILED,FAILED
1814554089571,1289670268207,1638025602491,221051,41101,2892,0,5,2893.250,665.54
1814554089571,1289670268207,1265414034918,122,41683,3160,0,9,3162.250,665.54
1814554089571,575374282828,1235558437150,109102,42352,3160,0,9,3162.250,665.54
1814554089571,575374282828,330944916873,111,40977,3026,0,7,3027.750,665.54
1814554089571,1148943318009,604955131873,590616,41851,3093,0,8,3095.000,665.54
1814554089571,1148943318009,1455199037200,127,42535,3227,0,10,3229.500,665.54
1814554089571,450619559771,1072525281462,84490,41452,3026,0,7,3027.750,665.54
1814554089571,450619559771,1041560337296,144,43768,3495,0,14,3498.500,665.54
1814554089571,655225236411,612767320515,92031,42433,3294,0,11,3296.750,665.54
1814554089571,655225236411,795049750953,123,41285,3093,0,8,3095.000,665.54
1814554089571,1320090215953,284623054226,735276,43351,3227,0,10,3229.500,665.54
1814554089571,1320090215953,943545271398,126,42785,3227,0,10,3229.500,665.54
1814554089571,172270403483,72483264759,25904,42993,3160,0,9,3162.250,665.54
1814554089571,172270403483,1409432369812,124,43350,3227,0,10,3229.500,665.54
1814554089571,1495601610157,594536505259,275385,42184,3160,0,9,3162.250,665.54
1814554089571,1495601610157,540678320039,129,42369,3227,0,10,3229.500,665.54
1814554089571,1207685471673,1451586642215,11104,42518,3093,0,8,3095.000,665.54
1814554089571,1207685471673,675804210022,129,41910,2959,0,6,2960.500,665.54
1814554089571,1792553881427,1130286835405,47368,41685,3093,0,8,3095.000,665.54
1814554089571,1792553881427,218938245736,127,43350,3294,0,11,3296.750,665.54
1818771998731,21696522249,1407304009731,14823,44118,3095,0,10,3097.500,489.71
1818771998731,21696522249,896518062373,124,41601,2903,0,7,2904.750,489.71
1818771998731,1278678036245,221023245055,59630,40601,2839,0,6,2840.500,489.71
1818771998731,1278678036245,1342458691830,126,40493,2839,0,6,2840.500,489.71
1818771998731,1271799357997,514084489725,304812,41267,2903,0,7,2904.750,489.71
1818771998731,1271799357997,65050820763,142,42618,3159,0,11,3161.750,489.71
1818771998731,1055640270086,117658853936,343370,42351,3095,0,10,3097.500,489.71
1818771998731,1055640270086,229955110403,120,40410,2775,0,5,2776.250,489.71
1818771998731,378727112592,584594606503,43450,41035,2967,0,8,2969.000,489.71
1818771998731,378727112592,208170570380,135,41477,3031,0,9,3033.250,489.71
1818771998731,453094985470,832539586126,245288,41868,3031,0,9,3033.250,489.71
1818771998731,453094985470,837698732752,139,41518,3031,0,9,3033.250,489.71
1818771998731,1322333808728,1149157977089,176045,41518,3031,0,9,3033.250,489.71
1818771998731,1322333808728,185500128997,122,42100,3159,0,11,3161.750,489.71
1818771998731,1580624350273,764959553445,120936,40578,2903,0,7,2904.750,489.71
1818771998731,1580624350273,870805765444,118,41017,2967,0,8,2969.000,489.71
1818771998731,1363970781507,1674613018309,183027,41576,3095,0,10,3097.500,489.71
1818771998731,1363970781507,1525787860657,128,42435,3159,0,11,3161.750,489.71
1818771998731,637656030801,1627824538628,142727,40934,2775,0,5,2776.250,489.71
1818771998731,637656030801,1070295171827,135,42244,3031,0,9,3033.250,489.71
1819411103089,FAILED,FAILED,FAILED,FAILED,FAILED,FAILED,FAILED,FAILED,FAILED
1824838571447,606885383839,1210560247144,281906,42685,3160,0,9,3162.250,329.27
1824838571447,606885383839,310864885705,128,41933,2959,0,6,2960.500,329.27
1824838571447,899137823749,327856656982,35610,42202,3160,0,9,3162.250,329.27
1824838571447,899137823749,1293967647019,129,41768,3093,0,8,3095.000,329.27
1824838571447,1314358076005,1463448747415,136832,42368,3227,0,10,3229.500,329.27
1824838571447,1314358076005,1556795618227,119,42559,3294,0,11,3296.750,329.27
1824838571447,733266861723,1549988236226,78835,42518,3160,0,9,3162.250,329.27
1824838571447,733266861723,440582383351,113,41160,2892,0,5,2893.250,329.27
1824838571447,1159295802562,992220786647,53922,42768,3160,0,9,3162.250,329.27
1824838571447,1159295802562,1656526558427,126,43243,3227,0,10,3229.500,329.27
1824838571447,56455132552,1651967759280,13262,42725,3294,0,11,3296.750,329.27
1824838571447,56455132552,34727660395,124,42411,3294,0,11,3296.750,329.27
1824838571447,1488525540150,1596908306405,58136,42892,2959,0,6,2960.500,329.27
1824838571447,1488525540150,664157223643,127,43161,3026,0,7,3027.750,329.27
1824838571447,566539206271,1130709402326,254865,42102,3093,0,8,3095.000,329.27
1824838571447,566539206271,827771197444,127,41827,3026,0,7,3027.750,329.27
1824838571447,130303738848,123702560810,57873,43101,3227,0,10,3229.500,329.27
1824838571447,130303738848,1554608434569,129,42702,3227,0,10,3229.500,329.27
1824838571447,983623052603,377648369935,109700,43077,3093,0,8,3095.000,329.27
1824838571447,983623052603,1168061740995,120,42893,3160,0,9,3162.250,329.27
1825185047839,1096207665308,1660308758198,116411,42368,2925,0,8,2927.000,691.76
1825185047839,1096207665308,282291874921,142,41518,2925,0,8,2927.000,691.76
1825185047839,430124036883,131750086362,31648,41852,3114,0,11,3116.750,691.76
1825185047839,430124036883,1284353961125,115,40827,2925,0,8,2927.000,691.76
1825185047839,283057178946,896762569721,1247019,41851,3051,0,10,3053.500,691.76
1825185047839,283057178946,820069330456,120,40785,2862,0,7,2863.750,691.76
1825185047839,1345803540129,1750972314071,85802,42285,2988,0,9,2990.250,691.76
1825185047839,1345803540129,1703573960244,126,43518,3240,0,13,3243.250,691.76
1825185047839,742638534061,806519903577,372966,41185,2925,0,8,2927.000,691.76
1825185047839,742638534061,645185008508,113,39309,2736,0,5,2737.250,691.76
1825185047839,889357048865,762408741090,118890,41933,3177,0,12,3180.000,691.76
1825185047839,889357048865,996556864360,127,40601,2862,0,7,2863.750,691.76
1825185047839,1567263590539,1080176084136,72587,40744,2925,0,8,2927.000,691.76
1825185047839,1567263590539,569734436008,118,40601,2862,0,7,2863.750,691.76
1825185047839,942524735899,751630350421,12354,39351,2736,0,5,2737.250,691.76
1825185047839,942524735899,1241539056895,125,40268,2925,0,8,2927.000,691.76
1825185047839,180350447848,1569883943921,113066,42517,2988,0,9,2990.250,691.76
1825185047839,180350447848,383844752851,135,41910,3051,0,10,3053.500,691.76
1825185047839,343192746803,1636818930239,146187,42118,2925,0,8,2927.000,691.76
1825185047839,343192746803,975978932711,134,41142,2862,0,7,2863.750,691.76
1826948245849,FAILED,FAILED,FAILED,FAILED,FAILED,FAILED,FAILED,FAILED,FAILED
1841251220603,565112689659,1037964035615,182672,42475,3303,0,8,3305.000,736.43
1841251220603,565112689659,911971585433,120,41535,3159,0,6,3160.500,736.43
1841251220603,331820090603,398605269046,306107,40643,3159,0,6,3160.500,736.43
1841251220603,331820090603,247228646424,128,42993,3591,0,12,3594.000,736.43
1841251220603,1674245001916,1557095814722,126228,41727,3159,0,6,3160.500,736.43
1841251220603,1674245001916,684004021004,120,42535,3231,0,7,3232.750,736.43
1841251220603,1101913773356,1619045140747,43935,42326,3231,0,7,3232.750,736.43
1841251220603,1101913773356,109262802346,120,44392,3663,0,13,3666.250,736.43
1841251220603,1509232221912,744764616907,125273,41767,3231,0,7,3232.750,736.43
1841251220603,1509232221912,54327318057,121,41851,3231,0,7,3232.750,736.43
1841251220603,154347704874,1036750657513,989487,44118,3591,0,12,3594.000,736.43
1841251220603,154347704874,789186878727,138,41268,3231,0,7,3232.750,736.43
1841251220603,216708826241,598723987804,137897,43309,3303,0,8,3305.000,736.43
1841251220603,216708826241,1569842156573,132,44076,3375,0,9,3377.250,736.43
1841251220603,1493567987382,407483753184,17917,43017,3375,0,9,3377.250,736.43
1841251220603,1493567987382,1599327721161,140,43618,3447,0,10,3449.500,736.43
1841251220603,1063176704757,972401740311,12444,78453,3303,0,8,3305.000,736.43
1841251220603,1063176704757,1392799451867,250,78344,3087,0,5,3088.250,736.43
1841251220603,1092547961499,1224415204372,426481,42493,3303,0,8,3305.000,736.43
1841251220603,1092547961499,26121727075,128,41184,3159,0,6,3160.500,736.43
1841808006373,478583574921,1707619325878,224935,43850,3581,0,12,3584.000,864.75
1841808006373,478583574921,373445469410,115,41935,3347,0,9,3349.250,864.75
1841808006373,429633123311,1752092466834,541780,43976,3303,0,8,3305.000,864.75
1841808006373,429633123311,1727522802788,115,43827,3433,0,10,3435.500,864.75
1841808006373,1571445126018,1195494126497,181414,43642,3371,0,9,3373.250,864.75
1841808006373,1571445126018,1407699561460,129,43768,3445,0,10,3447.500,864.75
1841808006373,835009468803,1515414696493,847908,42142,3137,0,6,3138.500,864.75
1841808006373,835009468803,1241054070370,123,42826,3155,0,6,3156.500,864.75
1841808006373,1054572648489,700633883326,13682,44018,3427,0,10,3429.500,864.75
1841808006373,1054572648489,1743695603922,135,43285,3469,0,10,3471.500,864.75
1841808006373,814041325054,687153172874,403885,41951,3321,0,8,3323.000,864.75
1841808006373,814041325054,402889623316,129,40935,3113,0,6,3114.500,864.75
1841808006373,541255478238,1729599481496,123732,42976,3353,0,9,3355.250,864.75
1841808006373,541255478238,95486996402,133,42827,3501,0,11,3503.750,864.75
1841808006373,1342884530197,997904237522,34574,43518,3279,0,8,3281.000,864.75
1841808006373,1342884530197,215758466752,124,42535,3149,0,6,3150.500,864.75
1841808006373,231792022100,1400168778388,116586,44225,3415,0,10,3417.500,864.75
1841808006373,231792022100,449087916498,141,43911,3451,0,10,3453.500,864.75
1841808006373,626147054936,648820163349,223240,44410,3451,0,10,3453.500,864.75
1841808006373,626147054936,601710723725,133,43308,3359,0,9,3361.250,864.75
1848224025961,FAILED,FAILED,FAILED,FAILED,FAILED,FAILED,FAILED,FAILED,FAILED
1848619205593,FAILED,FAILED,FAILED,FAILED,FAILED,FAILED,FAILED,FAILED,FAILED
1850628885037,140531113296,1840575479340,423564,44744,3321,0,11,3323.750,1031.89
1850628885037,140531113296,669432345028,131,43185,3105,0,8,3107.000,1031.89
1850628885037,163727767431,1764120499394,134317,44351,3327,0,11,3329.750,1031.89
1850628885037,163727767431,1094906681344,116,42785,3257,0,10,3259.500,1031.89
1850628885037,1048876098583,1743170499679,242978,42809,3117,0,8,3119.000,1031.89
1850628885037,1048876098583,839780523122,121,40661,2755,0,3,2755.750,1031.89
1850628885037,1039629174558,326896848649,351567,44102,3181,0,9,3183.250,1031.89
1850628885037,1039629174558,296242962713,125,43410,3099,0,8,3101.000,1031.89
1850628885037,692715010326,1810420267207,1192108,42601,3211,0,9,3213.250,1031.89
1850628885037,692715010326,1201627359209,131,42702,3333,0,11,3335.750,1031.89
1850628885037,889538378315,310448247123,16048,42786,3111,0,8,3113.000,1031.89
1850628885037,889538378315,379444565835,128,42308,3163,0,9,3165.250,1031.89
1850628885037,1810573952328,1412604693916,112937,42243,3093,0,8,3095.000,1031.89
1850628885037,1810573952328,887321842159,130,42017,3181,0,9,3183.250,1031.89
1850628885037,660430985033,1007751810238,357117,43976,3175,0,9,3177.250,1031.89
1850628885037,660430985033,52009901256,136,43202,3239,0,10,3241.500,1031.89
1850628885037,646208124478,872843904934,186081,42785,3059,0,7,3060.750,1031.89
1850628885037,646208124478,1194147122657,123,42768,3059,0,7,3060.750,1031.89
1850628885037,1507401184640,1638533528429,299160,41352,2889,0,5,2890.250,1031.89
1850628885037,1507401184640,1761898279575,134,42494,3053,0,7,3054.750,1031.89
1855364240651,1707496938885,1805958431969,140256,42160,3384,0,11,3386.750,572.13
1855364240651,1707496938885,610551482708,123,41267,3246,0,9,3248.250,572.13
1855364240651,673148272987,1658889759578,180502,41160,2970,0,5,2971.250,572.13
1855364240651,673148272987,1032994397226,129,43434,3246,0,9,3248.250,572.13
1855364240651,700733780651,1029836868824,25816,42036,3177,0,8,3179.000,572.13
1855364240651,700733780651,801029045371,127,42017,3246,0,9,3248.250,572.13
1855364240651,38744602913,1629169378512,14223,42767,3246,0,9,3248.250,572.13
1855364240651,38744602913,613857224476,138,40910,2901,0,4,2902.000,572.13
1855364240651,1450836555084,1733417189837,206304,41118,3108,0,7,3109.750,572.13
1855364240651,1450836555084,1699292622585,115,41560,3108,0,7,3109.750,572.13
1855364240651,1617029829416,543415768557,86798,42660,3246,0,9,3248.250,572.13
1855364240651,1617029829416,1582469754687,116,42267,3177,0,8,3179.000,572.13
1855364240651,1853783379803,447204652268,881703,41143,3177,0,8,3179.000,572.13
1855364240651,1853783379803,379376471694,116,40285,3108,0,7,3109.750,572.13
1855364240651,362413429085,859726476763,42066,41618,3039,0,6,3040.500,572.13
1855364240651,362413429085,1584008755182,126,41060,2970,0,5,2971.250,572.13
1855364240651,1527884447892,1608116695714,217583,43451,3384,0,11,3386.750,572.13
1855364240651,1527884447892,1168246981791,134,42725,3246,0,9,3248.250,572.13
1855364240651,974946456547,980071666809,65837,40351,2901,0,4,2902.000,572.13
1855364240651,974946456547,757121861684,120,42702,3315,0,10,3317.500,572.13
1862472776851,1035938252645,1391168773438,418299,41827,2967,0,8,2969.000,991.69
1862472776851,1035938252645,1005007305891,141,42268,3031,0,9,3033.250,991.69
1862472776851,280101779847,530043155603,558266,44494,3287,0,13,3290.250,991.69
1862472776851,280101779847,842012453383,125,42184,2967,0,8,2969.000,991.69
1862472776851,1170138356719,1388913427945,44806,43060,3287,0,13,3290.250,991.69
1862472776851,1170138356719,1418658817922,131,42368,3159,0,11,3161.750,991.69
1862472776851,383300592206,28368032975,483325,41226,2967,0,8,2969.000,991.69
1862472776851,383300592206,928132697382,128,42410,3159,0,11,3161.750,991.69
1862472776851,876329230088,581099699960,158113,42725,3095,0,10,3097.500,991.69
1862472776851,876329230088,593617099152,134,42160,3095,0,10,3097.500,991.69
1862472776851,768680784194,987205326044,297765,40225,2903,0,7,2904.750,991.69
1862472776851,768680784194,361156643302,142,40202,2903,0,7,2904.750,991.69
1862472776851,466597042602,719304207106,112797,42102,3095,0,10,3097.500,991.69
1862472776851,466597042602,1287709116093,128,41267,2967,0,8,2969.000,991.69
1862472776851,1650338165502,1546608151411,318817,41560,3031,0,9,3033.250,991.69
1862472776851,1650338165502,1461876828374,133,41910,2967,0,8,2969.000,991.69
1862472776851,97889866435,98953836406,415612,42227,3159,0,11,3161.750,991.69
1862472776851,97889866435,698186559224,117,40160,2839,0,6,2840.500,991.69
1862472776851,1585933751946,1814538462978,512310,41310,2903,0,7,2904.750,991.69
1862472776851,1585933751946,1015531231723,130,41743,3031,0,9,3033.250,991.69
1869319676047,529738076094,648414158523,137500,43225,2883,0,8,2885.000,800.40
1869319676047,529738076094,1533064394557,134,43743,3007,0,10,3009.500,800.40
1869319676047,1608689151917,1093618716832,260945,75910,2883,0,8,2885.000,800.40
1869319676047,1608689151917,971049817437,232,73036,2821,0,7,2822.750,800.40
1869319676047,220563102536,1207460435515,172900,40602,2883,0,8,2885.000,800.40
1869319676047,220563102536,918257110561,118,40975,3069,0,11,3071.750,800.40
1869319676047,1528328686717,1643090247225,984366,40143,2821,0,7,2822.750,800.40
1869319676047,1528328686717,1225811849369,132,41017,2883,0,8,2885.000,800.40
1869319676047,1222334348501,204511147328,38400,42953,3069,0,11,3071.750,800.40
1869319676047,1222334348501,551173806733,146,41892,3007,0,10,3009.500,800.40
1869319676047,1568944737819,1433193600977,345813,76076,2945,0,9,2947.250,800.40
1869319676047,1568944737819,831155696215,232,73510,2883,0,8,2885.000,800.40
1869319676047,1212043067985,898011559454,34528,41559,2883,0,8,2885.000,800.40
1869319676047,1212043067985,1821046867105,136,42018,2945,0,9,2947.250,800.40
1869319676047,942682752202,1417242600393,506642,41435,2945,0,9,2947.250,800.40
1869319676047,942682752202,1582498832121,134,40975,2945,0,9,2947.250,800.40
1869319676047,947518579112,1643300085908,130223,41285,2821,0,7,2822.750,800.40
1869319676047,947518579112,961844878775,127,41351,2945,0,9,2947.250,800.40
1869319676047,336517555336,1559556014156,85318,76678,3069,0,11,3071.750,800.40
1869319676047,336517555336,1247136596494,232,73868,2883,0,8,2885.000,800.40
1872334430677,147778087495,370750461407,10385,44601,3415,0,10,3417.500,2650.47
1872334430677,147778087495,906215391138,122,42725,3205,0,7,3206.750,2650.47
1872334430677,1314367166544,2867930883,962825,43243,3205,0,7,3206.750,2650.47
1872334430677,1314367166544,1622582213635,112,43101,3371,0,9,3373.250,2650.47
1872334430677,924661357702,1739986438648,611598,41869,3181,0,7,3182.750,2650.47
1872334430677,924661357702,1237265032107,135,42517,3261,0,8,3263.000,2650.47
1872334430677,318155784100,496326543444,2329526,42995,3161,0,6,3162.500,2650.47
1872334430677,318155784100,723677786674,127,43059,3279,0,8,3281.000,2650.47
1872334430677,793174702566,305652726389,217659,44893,3463,0,10,3465.500,2650.47
1872334430677,793174702566,1719644989334,124,44160,3513,0,11,3515.750,2650.47
1872334430677,718104657396,685480560686,1118299,42852,3279,0,8,3281.000,2650.47
1872334430677,718104657396,58386656859,126,43244,3341,0,9,3343.250,2650.47
1872334430677,504711615811,10799853400,2726751,43310,3347,0,9,3349.250,2650.47
1872334430677,504711615811,722034076489,122,43143,3273,0,8,3275.000,2650.47
1872334430677,909100298640,683146432510,102742,45226,3415,0,10,3417.500,2650.47
1872334430677,909100298640,34978743195,138,43911,3285,0,8,3287.000,2650.47
1872334430677,927245606325,694698496006,260517,44910,3317,0,9,3319.250,2650.47
1872334430677,927245606325,1598226558936,142,42684,3119,0,6,3120.500,2650.47
1872334430677,1108603319079,74410221798,39468,43994,3401,0,9,3403.250,2650.47
1872334430677,1108603319079,829416580162,129,42143,3131,0,6,3132.500,2650.47
1873265522213,1685601214598,421238335693,276477,43578,3301,0,10,3303.500,1335.92
1873265522213,1685601214598,505333529599,123,42767,3236,0,9,3238.250,1335.92
1873265522213,58161112875,367263240356,124485,43142,3100,0,7,3101.750,1335.92
1873265522213,58161112875,172855504943,144,44326,3319,0,10,3321.500,1335.92
1873265522213,169804032470,133499158099,559799,43809,3206,0,9,3208.250,1335.92
1873265522213,169804032470,1363061069786,125,44268,3437,0,12,3440.000,1335.92
1873265522213,683493408215,878911890384,651721,42350,3136,0,7,3137.750,1335.92
1873265522213,683493408215,1136681991110,145,44368,3526,0,13,3529.250,1335.92
1873265522213,1516048468649,1491631270831,489898,43475,3206,0,9,3208.250,1335.92
1873265522213,1516048468649,1302146145724,140,43952,3354,0,11,3356.750,1335.92
1873265522213,952566131038,883663753016,31266,42725,3041,0,6,3042.500,1335.92
1873265522213,952566131038,1497976031247,130,43660,3325,0,10,3327.500,1335.92
1873265522213,301888451989,77925588076,324879,42851,3058,0,7,3059.750,1335.92
1873265522213,301888451989,751805375366,129,42743,3141,0,8,3143.000,1335.92
1873265522213,671534386464,90562620768,1056396,41160,2999,0,6,3000.500,1335.92
1873265522213,671534386464,1163556442916,119,43142,3431,0,12,3434.000,1335.92
1873265522213,1735273312350,757802962891,37108,44934,3419,0,12,3422.000,1335.92
1873265522213,1735273312350,1322786208728,135,43410,3390,0,11,3392.750,1335.92
1873265522213,407228595198,1469156354797,737819,43975,3236,0,9,3238.250,1335.92
1873265522213,407228595198,37054993060,120,42226,3088,0,7,3089.750,1335.92
1873297074613,515816028545,661269152207,699134,43059,3260,0,9,3262.250,731.37
1873297074613,515816028545,1827479169584,114,43392,3171,0,8,3173.000,731.37
1873297074613,1845762528972,45556924095,409806,45101,3372,0,11,3374.750,731.37
1873297074613,1845762528972,271360638084,121,43600,3236,0,9,3238.250,731.37
1873297074613,562805511323,778262728662,239991,80535,3254,0,9,3256.250,731.37
1873297074613,562805511323,1006717803817,233,75220,2975,0,6,2976.500,731.37
1873297074613,1674801951996,1077307413589,5574,43243,3248,0,9,3250.250,731.37
1873297074613,1674801951996,1567738670380,132,43684,3301,0,10,3303.500,731.37
1873297074613,695595521673,1840294106311,482653,43702,3159,0,8,3161.000,731.37
1873297074613,695595521673,1541748275362,139,44185,3360,0,11,3362.750,731.37
1873297074613,1315317473982,1489684911530,65482,43785,3390,0,11,3392.750,731.37
1873297074613,1315317473982,1101337454542,133,42601,3094,0,7,3095.750,731.37
1873297074613,1015575346745,1173456868344,97018,44076,3301,0,10,3303.500,731.37
1873297074613,1015575346745,752593588588,130,43351,3313,0,10,3315.500,731.37
1873297074613,686909620013,1670335641931,60954,44934,3431,0,12,3434.000,731.37
1873297074613,686909620013,363770190219,124,44203,3366,0,11,3368.750,731.37
1873297074613,338850626438,1317065970621,128247,81370,3242,0,9,3244.250,731.37
1873297074613,338850626438,572914627062,233,78010,3165,0,8,3167.000,731.37
1873297074613,1861755294262,1460898914510,122550,43952,3337,0,10,3339.500,731.37
1873297074613,1861755294262,987767912514,118,43058,3230,0,9,3232.250,731.37
1873883461277,404677828274,1019145693792,306964,42202,3027,0,8,3029.000,583.44
1873883461277,404677828274,274884066101,136,42017,3095,0,9,3097.250,583.44
1873883461277,1098952817375,1327086352460,197609,44558,3237,0,11,3239.750,583.44
1873883461277,1098952817375,403370514727,134,44077,3355,0,13,3358.250,583.44
1873883461277,566167726543,448423938967,34573,78869,2989,0,7,2990.750,583.44
1873883461277,566167726543,581689952793,259,76178,3001,0,7,3002.750,583.44
1873883461277,1274824806365,1413378331323,120259,43143,3069,0,8,3071.000,583.44
1873883461277,1274824806365,731869685904,135,43368,3101,0,9,3103.250,583.44
1873883461277,1594384358733,161713451622,111375,42601,2767,0,4,2768.000,583.44
1873883461277,1594384358733,898909855349,118,42559,2903,0,6,2904.500,583.44
1873883461277,1013843199636,1843734497790,22522,79802,3175,0,10,3177.500,583.44
1873883461277,1013843199636,1328996784602,249,77178,3151,0,10,3153.500,583.44
1873883461277,454178134208,1422137245115,314992,42935,3027,0,8,3029.000,583.44
1873883461277,454178134208,697856290997,123,42410,3015,0,8,3017.000,583.44
1873883461277,19894738382,1185572760991,421048,42993,3051,0,8,3053.000,583.44
1873883461277,19894738382,157770522080,127,42476,3039,0,8,3041.000,583.44
1873883461277,357902670909,1665848415024,352754,80577,3293,0,12,3296.000,583.44
1873883461277,357902670909,1372255373057,262,78577,3249,0,11,3251.750,583.44
1873883461277,1817751342035,232014846408,10338,45202,3225,0,11,3227.750,583.44
1873883461277,1817751342035,1642780865020,134,43017,2959,0,7,2960.750,583.44
1876921990501,1364022908385,1784158424361,313806,43077,3126,0,9,3128.250,454.30
1876921990501,1364022908385,479011748583,137,42726,3144,0,9,3146.250,454.30
1876921990501,787109982929,576387444462,204320,44518,3036,0,7,3037.750,454.30
1876921990501,787109982929,588145807890,128,43827,3063,0,8,3065.000,454.30
1876921990501,960119273654,1385703403426,18476,42619,3081,0,8,3083.000,454.30
1876921990501,960119273654,1409653006701,142,41935,3000,0,7,3001.750,454.30
1876921990501,1383888828077,183198896815,95023,43768,3177,0,10,3179.500,454.30
1876921990501,1383888828077,226756835848,133,42185,3030,0,7,3031.750,454.30
1876921990501,1221085164799,1538716081636,2269,43785,3030,0,7,3031.750,454.30
1876921990501,1221085164799,22091208502,132,42852,3075,0,8,3077.000,454.30
1876921990501,251316628529,1069908123019,45506,42620,3120,0,9,3122.250,454.30
1876921990501,251316628529,172820551560,130,42726,3219,0,10,3221.500,454.30
1876921990501,256622877737,504002827508,27821,43410,3213,0,10,3215.500,454.30
1876921990501,256622877737,89086971651,122,42726,3075,0,8,3077.000,454.30
1876921990501,1844150107991,154208270263,152901,41910,3150,0,9,3152.250,454.30
1876921990501,317403219904,595931023811,66,40977,3033,0,8,3035.000,454.30
1876921990501,1844150107991,1444489917505,57,42352,3225,0,10,3227.500,454.30
1876921990501,317403219904,221062407606,66,42327,3300,0,11,3302.750,454.30
1876921990501,1231645261339,479053850659,617313,41827,3120,0,9,3122.250,454.30
1876921990501,1231645261339,769946637223,121,41933,3051,0,8,3053.000,454.30
1883483086073,FAILED,FAILED,FAILED,FAILED,FAILED,FAILED,FAILED,FAILED,FAILED
1886954061011,1647155024256,1494269697760,1416849,43451,3519,0,11,3521.750,983.51
1886954061011,1647155024256,1794604900262,124,41851,3231,0,7,3232.750,983.51
1886954061011,362098388569,798515259813,38388,43618,3519,0,11,3521.750,983.51
1886954061011,362098388569,1465233966407,139,42643,3375,0,9,3377.250,983.51
1886954061011,1614758692292,547043830937,248084,41869,3231,0,7,3232.750,983.51
1886954061011,1614758692292,71920558527,120,42476,3375,0,9,3377.250,983.51
1886954061011,1393045930487,1147885622382,272261,42725,3231,0,7,3232.750,983.51
1886954061011,1393045930487,794003638721,124,41727,3159,0,6,3160.500,983.51
1886954061011,876634518772,1680057276366,450466,81618,3447,0,10,3449.500,983.51
1886954061011,876634518772,1167438899284,238,78678,3375,0,9,3377.250,983.51
1886954061011,406378611634,652377397061,65271,43559,3447,0,10,3449.500,983.51
1886954061011,406378611634,1226063882864,119,41827,3159,0,6,3160.500,983.51
1886954061011,1328744518244,1710089922517,126653,42767,3447,0,10,3449.500,983.51
1886954061011,1328744518244,1492635765231,120,41702,3303,0,8,3305.000,983.51
1886954061011,204800168989,1424072419178,37583,44268,3375,0,9,3377.250,983.51
1886954061011,204800168989,1516787614012,121,42243,3303,0,8,3305.000,983.51
1886954061011,1489463382173,854176998914,309515,43893,3447,0,10,3449.500,983.51
1886954061011,1489463382173,1404821233262,134,42285,3303,0,8,3305.000,983.51
1886954061011,1616056678872,1376707484204,205047,42434,3303,0,8,3305.000,983.51
1886954061011,1616056678872,1449431216531,122,42393,3375,0,9,3377.250,983.51
1896437141087,770109234593,730054221453,725815,42868,3117,0,9,3119.250,1382.21
1896437141087,770109234593,1357300832409,116,41518,3051,0,8,3053.000,1382.21
1896437141087,72789437808,1493299288807,785521,42351,3117,0,9,3119.250,1382.21
1896437141087,72789437808,159929777498,132,42202,3117,0,9,3119.250,1382.21
1896437141087,924576724447,16991443689,51904,43326,3183,0,10,3185.500,1382.21
1896437141087,924576724447,1438681663830,131,43475,3315,0,12,3318.000,1382.21
1896437141087,1656775649014,1821000770281,512664,40976,2787,0,4,2788.000,1382.21
1896437141087,1656775649014,1069317881166,120,41160,2985,0,7,2986.750,1382.21
1896437141087,932525019967,292739035953,298429,43685,3249,0,11,3251.750,1382.21
1896437141087,932525019967,1682796552429,135,42559,3117,0,9,3119.250,1382.21
1896437141087,46026483236,844507064209,892257,41476,2919,0,6,2920.500,1382.21
1896437141087,46026483236,1599844042258,119,41017,2853,0,5,2854.250,1382.21
1896437141087,1167200249912,238757348456,438201,41310,3117,0,9,3119.250,1382.21
1896437141087,1167200249912,346515375120,122,41934,3117,0,9,3119.250,1382.21
1896437141087,806402393760,961068241972,302262,41701,3051,0,8,3053.000,1382.21
1896437141087,806402393760,52691499683,132,42767,3183,0,10,3185.500,1382.21
1896437141087,1229203670427,1640076285793,76589,41951,3051,0,8,3053.000,1382.21
1896437141087,1229203670427,1183915011303,130,42476,2919,0,6,2920.500,1382.21
1896437141087,579390416272,1182404719273,468612,42410,3117,0,9,3119.250,1382.21
1896437141087,579390416272,183882859378,113,41684,3051,0,8,3053.000,1382.21
1902949196641,FAILED,FAILED,FAILED,FAILED,FAILED,FAILED,FAILED,FAILED,FAILED
1907095226833,FAILED,FAILED,FAILED,FAILED,FAILED,FAILED,FAILED,FAILED,FAILED
1909476049357,315315610088,544920708827,309130,41851,3093,0,8,3095.000,1072.01
1909476049357,315315610088,1823425699868,136,41893,3219,0,10,3221.500,1072.01
1909476049357,326780631059,847455480789,160050,41850,3075,0,8,3077.000,1072.01
1909476049357,326780631059,1518011432586,128,42285,3225,0,10,3227.500,1072.01
1909476049357,362825188008,1270001756578,410201,43143,3039,0,8,3041.000,1072.01
1909476049357,362825188008,1902902324377,132,42560,3099,0,8,3101.000,1072.01
1909476049357,763834919586,523012827448,183053,41809,2868,0,5,2869.250,1072.01
1909476049357,763834919586,560570845027,131,43350,3138,0,9,3140.250,1072.01
1909476049357,497398417083,375687698149,168128,43101,3075,0,8,3077.000,1072.01
1909476049357,497398417083,1063672186524,125,41643,2955,0,6,2956.500,1072.01
1909476049357,374386968458,1217436087196,249790,81011,3195,0,10,3197.500,1072.01
1909476049357,374386968458,1443107914517,234,77303,3144,0,9,3146.250,1072.01
1909476049357,1768008658478,304494772262,245473,42310,2982,0,7,2983.750,1072.01
1909476049357,1768008658478,925140361787,132,43035,3300,0,11,3302.750,1072.01
1909476049357,338054002350,1832310945417,1060760,79119,3081,0,8,3083.000,1072.01
1909476049357,338054002350,1066511684107,237,76369,3057,0,8,3059.000,1072.01
1909476049357,807209912866,609372380440,234538,43035,2937,0,6,2938.500,1072.01
1909476049357,807209912866,1817844493605,133,43683,3144,0,9,3146.250,1072.01
1909476049357,1563568741741,1277360460036,387647,45202,3351,0,12,3354.000,1072.01
1909476049357,1563568741741,127983447132,124,42559,3150,0,9,3152.250,1072.01
1913601108533,75750629508,493594896457,489240,44285,3303,0,10,3305.500,645.71
1913601108533,75750629508,1351014602903,129,43976,3399,0,11,3401.750,645.71
1913601108533,1870767013310,589995189123,147107,42518,3129,0,7,3130.750,645.71
1913601108533,1870767013310,1181538468596,117,41660,3069,0,6,3070.500,645.71
1913601108533,1547568767801,1359206611009,64516,80160,3273,0,9,3275.250,645.71
1913601108533,1547568767801,912321057816,245,79053,3339,0,10,3341.500,645.71
1913601108533,1285600103765,142186014730,109009,44035,3285,0,9,3287.250,645.71
1913601108533,1285600103765,1525152373641,130,41560,2931,0,4,2932.000,645.71
1913601108533,453382355872,1454833870975,285857,44202,3501,0,12,3504.000,645.71
1913601108533,453382355872,264366488822,140,41435,3219,0,8,3221.000,645.71
1913601108533,1752046584842,1686698632459,372996,44119,3105,0,7,3106.750,645.71
1913601108533,1752046584842,1667380945451,136,50267,3207,0,8,3209.000,645.71
1913601108533,440675416786,863830177825,121155,45268,3501,0,12,3504.000,645.71
1913601108533,440675416786,1423495426175,127,42410,3195,0,8,3197.000,645.71
1913601108533,248458064622,416468851089,138612,43660,3369,0,10,3371.500,645.71
1913601108533,248458064622,1261639053735,133,44226,3333,0,10,3335.500,645.71
1913601108533,1108235328922,631557517215,86785,43476,3111,0,7,3112.750,645.71
1913601108533,1108235328922,698727591937,123,41951,3033,0,6,3034.500,645.71
1913601108533,61413871707,603877954861,251475,42202,3129,0,7,3130.750,645.71
1913601108533,61413871707,246670364189,125,42893,3225,0,8,3227.000,645.71
1914005133181,1011334948129,510070153946,129613,42309,3023,0,6,3024.500,1120.12
1914005133181,1011334948129,313024371594,134,42410,3082,0,7,3083.750,1120.12
1914005133181,374515682951,805169777272,202774,43101,3177,0,8,3179.000,1120.12
1914005133181,374515682951,1714463333249,134,43035,3165,0,8,3167.000,1120.12
1914005133181,1200131953321,1629952881933,191171,43850,3325,0,10,3327.500,1120.12
1914005133181,1200131953321,290681867983,125,42476,3082,0,7,3083.750,1120.12
1914005133181,1334491165356,1261304219206,348813,43244,3159,0,8,3161.000,1120.12
1914005133181,1334491165356,794335543564,139,42018,3017,0,6,3018.500,1120.12
1914005133181,1843937865482,708911929669,1202638,44160,3277,0,10,3279.500,1120.12
1914005133181,1843937865482,567506292000,127,44268,3236,0,9,3238.250,1120.12
1914005133181,1370642964313,1028098816689,324811,42142,3153,0,8,3155.000,1120.12
1914005133181,1370642964313,458581178693,110,42810,3354,0,11,3356.750,1120.12
1914005133181,899986466898,298371741751,90492,43744,3218,0,9,3220.250,1120.12
1914005133181,899986466898,1114024424292,118,43352,3094,0,7,3095.750,1120.12
1914005133181,191251325358,1182876068171,501428,44494,3544,0,13,3547.250,1120.12
1914005133181,191251325358,26531931153,118,42683,3242,0,9,3244.250,1120.12
1914005133181,1506799604897,690943863389,219179,43868,3301,0,10,3303.500,1120.12
1914005133181,1506799604897,597492188689,132,43434,3360,0,11,3362.750,1120.12
1914005133181,1240216039780,1854223842520,371870,45393,3473,0,12,3476.000,1120.12
1914005133181,1240216039780,801086313982,117,42035,3070,0,7,3071.750,1120.12
1917895689679,1406059415365,901952920845,1940,40893,3149,0,7,3150.750,941.48
1917895689679,1406059415365,681341525968,132,40744,3149,0,7,3150.750,941.48
1917895689679,1478136294800,1545113420802,4653,40977,3149,0,7,3150.750,941.48
1917895689679,1478136294800,709433919196,127,40600,3219,0,8,3221.000,941.48
1917895689679,457735775131,98825465237,417351,41077,3149,0,7,3150.750,941.48
1917895689679,457735775131,450830864949,117,40768,2939,0,4,2940.000,941.48
1917895689679,1154706825361,1408191056807,304574,41326,3009,0,5,3010.250,941.48
1917895689679,1154706825361,1847335369177,113,42976,3359,0,10,3361.500,941.48
1917895689679,926023091791,414265185164,463264,42910,3359,0,10,3361.500,941.48
1917895689679,926023091791,503074167627,137,42268,3289,0,9,3291.250,941.48
1917895689679,1067163169587,1905422763753,665499,43517,3429,0,11,3431.750,941.48
1917895689679,1067163169587,1576442164565,113,40869,3079,0,6,3080.500,941.48
1917895689679,1034733735655,31366713243,73410,41893,3219,0,8,3221.000,941.48
1917895689679,1034733735655,1705864547577,114,42035,3289,0,9,3291.250,941.48
1917895689679,1498973600970,1564870544170,733058,42493,3219,0,8,3221.000,941.48
1917895689679,1498973600970,1291462306569,117,41685,3219,0,8,3221.000,941.48
1917895689679,772960284381,1016651307295,76745,42310,3149,0,7,3150.750,941.48
1917895689679,772960284381,1224437019708,138,41642,3009,0,5,3010.250,941.48
1917895689679,319577028668,1249597029392,303089,41433,3079,0,6,3080.500,941.48
1917895689679,319577028668,1630225051324,134,42185,3359,0,10,3361.500,941.48
1919198637739,331805517700,712096188466,446141,41434,3149,0,7,3150.750,983.32
1919198637739,331805517700,1543194226651,142,43869,3639,0,14,3642.500,983.32
1919198637739,955178179145,41829598313,121029,41685,3149,0,7,3150.750,983.32
1919198637739,955178179145,920896065458,132,42308,3359,0,10,3361.500,983.32
1919198637739,887268066340,718758067776,492007,42851,3359,0,10,3361.500,983.32
1919198637739,887268066340,1555426840331,126,41993,3289,0,9,3291.250,983.32
1919198637739,1603841447708,840469293486,504279,42268,3289,0,9,3291.250,983.32
1919198637739,1603841447708,904273898400,48,43119,3429,0,11,3431.750,983.32
1919198637739,906931348507,747238020969,369244,43160,3149,0,7,3150.750,983.32
1919198637739,906931348507,1634656765351,134,41726,3079,0,6,3080.500,983.32
1919198637739,1383754269685,738848548278,441000,42602,3149,0,7,3150.750,983.32
1919198637739,1383754269685,200014666794,118,41809,3149,0,7,3150.750,983.32
1919198637739,1709086202993,458467724451,11182,43767,3289,0,9,3291.250,983.32
1919198637739,1709086202993,524385378535,127,42725,3219,0,8,3221.000,983.32
1919198637739,289720163013,1185111470490,255540,42768,3219,0,8,3221.000,983.32
1919198637739,289720163013,1031696838138,126,42435,3079,0,6,3080.500,983.32
1919198637739,1636433359470,896924319956,329340,43618,3429,0,11,3431.750,983.32
1919198637739,1636433359470,68233508992,114,42935,3359,0,10,3361.500,983.32
1919198637739,927931969709,274847148045,183960,43160,3359,0,10,3361.500,983.32
1919198637739,927931969709,255564195634,120,41310,3079,0,6,3080.500,983.32
1925846195111,920700595665,385861116207,161270,41827,2903,0,7,2904.750,760.05
1925846195111,920700595665,700913351635,130,41893,2967,0,8,2969.000,760.05
1925846195111,473109787302,329203983073,358618,42060,3031,0,9,3033.250,760.05
1925846195111,473109787302,566779331454,117,41118,2903,0,7,2904.750,760.05
1925846195111,69971867318,1014502545581,110232,42977,3095,0,10,3097.500,760.05
1925846195111,69971867318,1867853337464,144,42684,3159,0,11,3161.750,760.05
1925846195111,1442025898701,654529868942,404982,39243,2647,0,3,2647.750,760.05
1925846195111,1442025898701,1861990365453,134,41143,3031,0,9,3033.250,760.05
1925846195111,898743139223,297233129585,389064,42558,3159,0,11,3161.750,760.05
1925846195111,898743139223,755681924754,131,41661,2967,0,8,2969.000,760.05
1925846195111,1322176222145,260069493612,145055,74660,2839,0,6,2840.500,760.05
1925846195111,1322176222145,265539434077,237,74386,2967,0,8,2969.000,760.05
1925846195111,1305258278652,1231455567777,666648,41808,2967,0,8,2969.000,760.05
1925846195111,1305258278652,271221336864,119,41160,2903,0,7,2904.750,760.05
1925846195111,957265697422,401914642844,185050,41143,2839,0,6,2840.500,760.05
1925846195111,957265697422,1131348971447,118,40517,2775,0,5,2776.250,760.05
1925846195111,721421536574,674535369733,61698,40143,2775,0,5,2776.250,760.05
1925846195111,721421536574,562332502150,132,41076,3031,0,9,3033.250,760.05
1925846195111,203433372119,1423774420797,61288,40393,2775,0,5,2776.250,760.05
1925846195111,203433372119,193102287325,139,40267,2839,0,6,2840.500,760.05
1929868306307,110148585312,228538086562,232554,43078,3074,0,9,3076.250,798.11
1929868306307,110148585312,1329980023248,122,41684,3009,0,8,3011.000,798.11
1929868306307,1317760036579,1754042261804,707065,42933,3269,0,12,3272.000,798.11
1929868306307,1317760036579,187018430134,134,41494,3009,0,8,3011.000,798.11
1929868306307,1262249250703,96672253719,304418,41143,2879,0,6,2880.500,798.11
1929868306307,1262249250703,841170837157,128,41392,3074,0,9,3076.250,798.11
1929868306307,545219931988,145353882899,578997,41225,3139,0,10,3141.500,798.11
1929868306307,545219931988,96935042825,135,42203,3139,0,10,3141.500,798.11
1929868306307,1347344646631,1343158771538,15536,43185,3204,0,11,3206.750,798.11
1929868306307,1347344646631,920300488624,135,40827,2814,0,5,2815.250,798.11
1929868306307,1443659881116,1091407432698,139639,41560,3009,0,8,3011.000,798.11
1929868306307,1443659881116,620349268020,104,40993,2944,0,7,2945.750,798.11
1929868306307,1050599771225,1054579405155,493113,40244,2814,0,5,2815.250,798.11
1929868306307,1050599771225,1314924144476,127,42268,3074,0,9,3076.250,798.11
1929868306307,306724436000,655933036273,26879,42368,3269,0,12,3272.000,798.11
1929868306307,306724436000,1662357994810,113,41143,3009,0,8,3011.000,798.11
1929868306307,1864911368307,1831485990208,53413,41643,3009,0,8,3011.000,798.11
1929868306307,1864911368307,1099299128369,138,41809,3074,0,9,3076.250,798.11
1929868306307,588241026917,241047381697,110699,41077,3074,0,9,3076.250,798.11
1929868306307,588241026917,51030114951,135,40433,2944,0,7,2945.750,798.11
1929929833567,152651113993,344024685014,457867,43077,3007,0,10,3009.500,1169.30
1929929833567,152651113993,1361421311141,127,41976,2945,0,9,2947.250,1169.30
1929929833567,1572037467540,230483634920,386553,38785,2573,0,3,2573.750,1169.30
1929929833567,1572037467540,230171021242,120,40018,2759,0,6,2760.500,1169.30
1929929833567,1780574695870,1364380446345,173808,41310,2945,0,9,2947.250,1169.30
1929929833567,1780574695870,1245705150046,124,40327,2883,0,8,2885.000,1169.30
1929929833567,1543277324712,1238819954538,444186,41226,2759,0,6,2760.500,1169.30
1929929833567,1543277324712,1752538850129,126,41827,2883,0,8,2885.000,1169.30
1929929833567,1918847013458,1144189214232,851438,39161,2697,0,5,2698.250,1169.30
1929929833567,1918847013458,1692980459046,129,40975,3007,0,10,3009.500,1169.30
1929929833567,299694878005,1278670575474,391180,41076,2883,0,8,2885.000,1169.30
1929929833567,299694878005,990916495456,136,41643,3069,0,11,3071.750,1169.30
1929929833567,1111120922474,211483553158,93900,40642,2697,0,5,2698.250,1169.30
1929929833567,1111120922474,1130309069119,127,41101,2821,0,7,2822.750,1169.30
1929929833567,1170270636862,790727071177,253074,41767,3007,0,10,3009.500,1169.30
1929929833567,1170270636862,642821390420,126,40143,2821,0,7,2822.750,1169.30
1929929833567,1455675977283,512215098405,697243,40393,2635,0,4,2636.000,1169.30
1929929833567,1455675977283,1004676197182,116,41577,2821,0,7,2822.750,1169.30
1929929833567,757782031454,425331803676,190610,39309,2573,0,3,2573.750,1169.30
1929929833567,757782031454,1802306068623,127,40810,2945,0,9,2947.250,1169.30
1937242219513,FAILED,FAILED,FAILED,FAILED,FAILED,FAILED,FAILED,FAILED,FAILED
1948523430319,1921418340047,657139597775,408964,41685,2945,0,9,2947.250,1327.73
1948523430319,1921418340047,601188880781,118,41933,3007,0,10,3009.500,1327.73
1948523430319,559182236369,44403234036,937069,41851,3007,0,10,3009.500,1327.73
1948523430319,559182236369,1141381036467,130,40643,2759,0,6,2760.500,1327.73
1948523430319,461159920359,743731330181,350516,42225,2945,0,9,2947.250,1327.73
1948523430319,461159920359,1260398825542,143,42559,3007,0,10,3009.500,1327.73
1948523430319,1898468397020,1595270079706,778161,43702,3007,0,10,3009.500,1327.73
1948523430319,1898468397020,1161299505009,129,41560,2883,0,8,2885.000,1327.73
1948523430319,1312711988921,1842344802428,513861,42060,2945,0,9,2947.250,1327.73
1948523430319,1312711988921,348200272235,126,41326,2821,0,7,2822.750,1327.73
1948523430319,1136831970696,1510257131897,247439,73011,2759,0,6,2760.500,1327.73
1948523430319,1136831970696,1262584490928,98,70827,2759,0,6,2760.500,1327.73
1948523430319,243802088523,335298803156,21717,74161,2883,0,8,2885.000,1327.73
1948523430319,243802088523,214133850293,109,71094,2759,0,6,2760.500,1327.73
1948523430319,379184286062,1354396172962,428399,42143,2821,0,7,2822.750,1327.73
1948523430319,379184286062,1411524752042,127,41619,2945,0,9,2947.250,1327.73
1948523430319,1645357076409,206943441943,660138,41935,3131,0,12,3134.000,1327.73
1948523430319,1645357076409,1381285724195,130,40393,2883,0,8,2885.000,1327.73
1948523430319,1176218666422,924707612366,82988,40768,2821,0,7,2822.750,1327.73
1948523430319,1176218666422,855095367198,134,40910,2821,0,7,2822.750,1327.73
1951847605651,1655482628259,1623715531789,304518,43643,3339,0,11,3341.750,1343.19
1951847605651,1655482628259,1301413095261,132,42952,3203,0,9,3205.250,1343.19
1951847605651,1461665611366,1815569090282,570984,43327,3407,0,12,3410.000,1343.19
1951847605651,1461665611366,1394602199903,131,41809,3135,0,8,3137.000,1343.19
1951847605651,1519385456144,153629212046,195196,42143,3067,0,7,3068.750,1343.19
1951847605651,1519385456144,362534729792,126,41701,3067,0,7,3068.750,1343.19
1951847605651,1737698533197,1557558813529,907140,43369,3271,0,10,3273.500,1343.19
1951847605651,1737698533197,862552247843,118,40601,2931,0,5,2932.250,1343.19
1951847605651,560226504722,1598873141018,417269,40684,2931,0,5,2932.250,1343.19
1951847605651,560226504722,397755212177,131,42160,2999,0,6,3000.500,1343.19
1951847605651,399998850795,647233806320,667196,43726,3339,0,11,3341.750,1343.19
1951847605651,399998850795,961521563826,139,42101,3135,0,8,3137.000,1343.19
1951847605651,623713846915,848514528483,97982,43119,3135,0,8,3137.000,1343.19
1951847605651,623713846915,43004314160,126,42392,3203,0,9,3205.250,1343.19
1951847605651,1170512675777,856459285967,721956,42392,3067,0,7,3068.750,1343.19
1951847605651,1170512675777,608281742115,125,41351,2999,0,6,3000.500,1343.19
1951847605651,1859678621001,656113661248,407400,44934,3271,0,10,3273.500,1343.19
1951847605651,1859678621001,435781546363,151,43244,3203,0,9,3205.250,1343.19
1951847605651,1397105063659,443836516026,114274,41702,2999,0,6,3000.500,1343.19
1951847605651,1397105063659,792238210730,133,42142,3271,0,10,3273.500,1343.19
1964723638793,FAILED,FAILED,FAILED,FAILED,FAILED,FAILED,FAILED,FAILED,FAILED
1966146721741,1844395035977,1560952919692,1243805,41994,3115,0,6,3116.500,1184.33
1966146721741,1844395035977,272859474287,119,42477,3231,0,8,3233.000,1184.33
1966146721741,1833849077479,260464577363,276014,42100,3024,0,5,3025.250,1184.33
1966146721741,1833849077479,436953413416,131,43911,3395,0,10,3397.500,1184.33
1966146721741,550247282023,1017438855144,281589,43410,3237,0,8,3239.000,1184.33
1966146721741,550247282023,713614558646,123,42851,3170,0,7,3171.750,1184.33
1966146721741,1648527091271,546741478893,318127,43701,3480,0,11,3482.750,1184.33
1966146721741,1648527091271,1289792115080,109,43851,3340,0,9,3342.250,1184.33
1966146721741,276331162262,931979114053,126004,41910,3164,0,7,3165.750,1184.33
1966146721741,276331162262,1709991321355,125,43893,3602,0,13,3605.250,1184.33
1966146721741,6366594941,1078213416412,550329,43434,3188,0,7,3189.750,1184.33
1966146721741,6366594941,294951639244,131,42952,3358,0,9,3360.250,1184.33
1966146721741,1594844156249,672682256124,416039,44226,3328,0,9,3330.250,1184.33
1966146721741,1594844156249,584276464048,128,44493,3407,0,10,3409.500,1184.33
1966146721741,652173413866,1614973463204,325395,86011,3620,0,13,3623.250,1184.33
1966146721741,652173413866,1623687415159,257,80660,3395,0,10,3397.500,1184.33
1966146721741,983718507812,1248658264214,202654,43660,3310,0,9,3312.250,1184.33
1966146721741,983718507812,223541761636,150,42308,3176,0,7,3177.750,1184.33
1966146721741,579061358005,772330772229,17411,42517,3377,0,10,3379.500,1184.33
1966146721741,579061358005,1084251304323,128,41452,3164,0,7,3165.750,1184.33
1967554342049,FAILED,FAILED,FAILED,FAILED,FAILED,FAILED,FAILED,FAILED,FAILED
1968023750227,1641209928597,772530588676,706301,43768,3294,0,11,3296.750,804.88
1968023750227,1641209928597,436130699064,118,41077,2892,0,5,2893.250,804.88
1968023750227,1843221736578,894108385795,301480,42308,3026,0,7,3027.750,804.88
1968023750227,1843221736578,1010241594770,131,43518,3227,0,10,3229.500,804.88
1968023750227,851503699359,1188943098285,437434,43327,3227,0,10,3229.500,804.88
1968023750227,851503699359,1598249210591,130,42560,3227,0,10,3229.500,804.88
1968023750227,1412588837143,811414208992,148758,41643,3093,0,8,3095.000,804.88
1968023750227,1412588837143,27752591336,138,41535,3093,0,8,3095.000,804.88
1968023750227,1455891001799,332230213417,185330,43161,3294,0,11,3296.750,804.88
1968023750227,1455891001799,1372238481536,137,42683,3227,0,10,3229.500,804.88
1968023750227,731853676683,1258299819574,95192,41558,3093,0,8,3095.000,804.88
1968023750227,731853676683,1250174215465,120,42744,3227,0,10,3229.500,804.88
1968023750227,1603165100020,716783205772,147273,42768,3227,0,10,3229.500,804.88
1968023750227,1603165100020,542897963592,128,42035,3160,0,9,3162.250,804.88
1968023750227,660292530890,1025976760396,253477,41935,3160,0,9,3162.250,804.88
1968023750227,660292530890,282903898463,130,40619,2892,0,5,2893.250,804.88
1968023750227,1117196055498,1204958042237,345710,42993,3160,0,9,3162.250,804.88
1968023750227,1117196055498,307298080405,134,43225,3428,0,13,3431.250,804.88
1968023750227,1311756326512,265201543638,33300,41851,3160,0,9,3162.250,804.88
1968023750227,1311756326512,1781173714381,120,41809,3160,0,9,3162.250,804.88
1971822307837,1612891053080,423166071470,193058,43018,3064,0,9,3066.250,445.80
1971822307837,1612891053080,1077868866759,123,42225,2894,0,7,2895.750,445.80
1971822307837,314461923391,1483914775893,276666,44017,3058,0,9,3060.250,445.80
1971822307837,314461923391,849289700764,126,43685,3222,0,11,3224.750,445.80
1971822307837,93452328467,398532788458,82541,77327,3052,0,9,3054.250,445.80
1971822307837,93452328467,452491438492,230,74178,2973,0,8,2975.000,445.80
1971822307837,1378238853841,1437026211530,23600,42559,2942,0,7,2943.750,445.80
1971822307837,1378238853841,1041833435939,126,41683,2863,0,6,2864.500,445.80
1971822307837,1791305739558,1737033162475,111,41744,2930,0,7,2931.750,445.80
1971822307837,1791305739558,1939406839967,127,41684,2827,0,6,2828.500,445.80
1971822307837,150920975969,203063540692,109366,41851,2918,0,7,2919.750,445.80
1971822307837,150920975969,921512571678,125,41910,2894,0,7,2895.750,445.80
1971822307837,937880904924,640350431407,103961,41577,2851,0,6,2852.500,445.80
1971822307837,937880904924,1814309264643,123,42435,3070,0,9,3072.250,445.80
1971822307837,493020620863,1316413212613,38262,41952,2875,0,6,2876.500,445.80
1971822307837,493020620863,18605615712,128,42935,3113,0,10,3115.500,445.80
1971822307837,1723570900215,1348533081254,272838,76161,2833,0,6,2834.500,445.80
1971822307837,1723570900215,742740898272,245,77261,3125,0,10,3127.500,445.80
1971822307837,1169858302726,320712876995,296501,44434,3198,0,11,3200.750,445.80
1971822307837,1169858302726,657458248166,122,43618,3082,0,9,3084.250,445.80
1972811437117,854398380857,303515986032,404963,43683,3168,0,9,3170.250,739.39
1972811437117,854398380857,951076174923,130,43119,3219,0,10,3221.500,739.39
1972811437117,1954356442571,429223225958,93399,45577,3288,0,11,3290.750,739.39
1972811437117,1954356442571,1401980143320,217,72452,3132,0,9,3134.250,739.39
1972811437117,581039188083,702814113571,696724,42267,2943,0,6,2944.500,739.39
1972811437117,581039188083,425655320340,131,42685,3051,0,8,3053.000,739.39
1972811437117,1687984814749,134647105115,10073,44518,3237,0,10,3239.500,739.39
1972811437117,1687984814749,1227413204923,139,43285,3177,0,10,3179.500,739.39
1972811437117,1077776172539,954564129695,179684,43976,3243,0,10,3245.500,739.39
1972811437117,1077776172539,287065230851,138,44535,3369,0,12,3372.000,739.39
1972811437117,1719960085920,512978990717,170093,45434,3576,0,15,3579.750,739.39
1972811437117,1719960085920,372997917543,114,42744,3051,0,8,3053.000,739.39
1972811437117,194054642454,1606426286705,97844,41827,2769,0,4,2770.000,739.39
1972811437117,194054642454,1665803141988,128,42809,3045,0,8,3047.000,739.39
1972811437117,1282572807408,1811046610338,412151,44243,3156,0,9,3158.250,739.39
1972811437117,1282572807408,646831293308,127,43392,3189,0,10,3191.500,739.39
1972811437117,1067786373192,1508669398765,575,43934,3069,0,8,3071.000,739.39
1972811437117,1067786373192,727051471705,133,42702,2937,0,6,2938.500,739.39
1972811437117,775884795736,1086969014415,295845,41684,2787,0,4,2788.000,739.39
1972811437117,775884795736,295892335551,122,44118,3333,0,12,3336.000,739.39
1974614657027,157032561671,852697144085,245495,40702,2679,0,6,2680.500,868.50
1974614657027,157032561671,1366028972040,128,39643,2559,0,4,2560.000,868.50
1974614657027,1970448569042,21127199355,828410,41642,2799,0,8,2801.000,868.50
1974614657027,1970448569042,1937596971720,126,41351,2919,0,10,2921.500,868.50
1974614657027,1476446506431,602116160022,120850,42101,2859,0,9,2861.250,868.50
1974614657027,1476446506431,301008514331,134,41702,2859,0,9,2861.250,868.50
1974614657027,1539276173935,540415097273,353711,75701,2799,0,8,2801.000,868.50
1974614657027,1539276173935,620208814435,261,73969,2859,0,9,2861.250,868.50
1974614657027,1333422186951,1543775824166,71337,39725,2559,0,4,2560.000,868.50
1974614657027,1333422186951,1552632442024,119,40477,2799,0,8,2801.000,868.50
1974614657027,556262552864,852040621992,166762,41059,2799,0,8,2801.000,868.50
1974614657027,556262552864,568769848742,124,39953,2739,0,7,2740.750,868.50
1974614657027,873021691849,1550141733707,132352,39351,2499,0,3,2499.750,868.50
1974614657027,873021691849,1158462061699,127,40810,2739,0,7,2740.750,868.50
1974614657027,122395087315,467044643054,457737,40976,2799,0,8,2801.000,868.50
1974614657027,122395087315,1567435263699,129,41827,2919,0,10,2921.500,868.50
1974614657027,521789904867,1257219325705,553837,42809,2859,0,9,2861.250,868.50
1974614657027,521789904867,1064588465964,137,41452,2799,0,8,2801.000,868.50
1974614657027,389223307825,425618400897,47173,41018,2799,0,8,2801.000,868.50
1974614657027,389223307825,1779585058112,146,41451,2919,0,10,2921.500,868.50
1982065121671,1291190283908,413299418494,97813,42642,2985,0,7,2986.750,1277.65
1982065121671,1291190283908,874848768902,131,40410,2853,0,5,2854.250,1277.65
1982065121671,1782513390510,1953685586570,505719,42184,2985,0,7,2986.750,1277.65
1982065121671,1782513390510,265507872823,120,41185,2985,0,7,2986.750,1277.65
1982065121671,1926835042383,1601686353959,226815,42351,3117,0,9,3119.250,1277.65
1982065121671,1926835042383,553284008935,133,43326,3249,0,11,3251.750,1277.65
1982065121671,683970647902,1000325017998,32798,41767,2985,0,7,2986.750,1277.65
1982065121671,683970647902,773944001516,121,41410,2985,0,7,2986.750,1277.65
1982065121671,324545829649,1357911933653,5954,42868,3183,0,10,3185.500,1277.65
1982065121671,324545829649,320555391230,120,42602,3249,0,11,3251.750,1277.65
1982065121671,1508847613540,857381414371,199,41350,2985,0,7,2986.750,1277.65
1982065121671,1508847613540,317707336676,128,42851,3249,0,11,3251.750,1277.65
1982065121671,1811464261777,1258349856172,428793,42035,3051,0,8,3053.000,1277.65
1982065121671,1811464261777,992446678994,127,42101,3183,0,10,3185.500,1277.65
1982065121671,1622457567106,97875222695,933463,41951,3051,0,8,3053.000,1277.65
1982065121671,1622457567106,1626296331282,128,42643,3183,0,10,3185.500,1277.65
1982065121671,1803194876864,233264916059,1913514,42785,3183,0,10,3185.500,1277.65
1982065121671,1803194876864,1098407506994,133,42142,3051,0,8,3053.000,1277.65
1982065121671,189593014769,844261538233,70931,41951,3117,0,9,3119.250,1277.65
1982065121671,189593014769,576906421280,120,41185,2985,0,7,2986.750,1277.65
1982270493503,858298791041,89115233823,298236,40743,2799,0,6,2800.500,536.02
1982270493503,858298791041,118244935306,124,41059,2862,0,7,2863.750,536.02
1982270493503,649238677117,775806445957,32690,43142,3051,0,10,3053.500,536.02
1982270493503,649238677117,1827136451021,128,43201,3177,0,12,3180.000,536.02
1982270493503,1584330987526,576664854563,87420,41618,2862,0,7,2863.750,536.02
1982270493503,1584330987526,1013477235268,135,42850,3051,0,10,3053.500,536.02
1982270493503,1925859295884,311057710390,592424,42685,3114,0,11,3116.750,536.02
1982270493503,1925859295884,1332130642989,135,42852,3177,0,12,3180.000,536.02
1982270493503,1405877654308,1703817259086,203342,42767,3051,0,10,3053.500,536.02
1982270493503,1405877654308,1231013231385,121,41560,2988,0,9,2990.250,536.02
1982270493503,650077730013,1558873714322,222393,43201,3114,0,11,3116.750,536.02
1982270493503,650077730013,1447914047748,133,41642,2925,0,8,2927.000,536.02
1982270493503,694835035822,1212305221792,208664,40560,2988,0,9,2990.250,536.02
1982270493503,694835035822,133562539178,124,40726,2988,0,9,2990.250,536.02
1982270493503,201553558950,813266721466,8125,77702,2988,0,9,2990.250,536.02
1982270493503,201553558950,44385294259,244,75136,2925,0,8,2927.000,536.02
1982270493503,40697975406,379186498440,127899,42393,3051,0,10,3053.500,536.02
1982270493503,40697975406,991096902173,133,42660,3114,0,11,3116.750,536.02
1982270493503,1827851490048,643577901715,2326,43077,3114,0,11,3116.750,536.02
1982270493503,1827851490048,1556344668201,130,41685,2988,0,9,2990.250,536.02
1984529431331,1525639761234,364097405330,628119,42934,3384,0,11,3386.750,1246.13
1984529431331,1525639761234,341902994027,133,42601,3315,0,10,3317.500,1246.13
1984529431331,1127177161724,57192347561,13549,43118,3384,0,11,3386.750,1246.13
1984529431331,1127177161724,961347365855,122,42685,3384,0,11,3386.750,1246.13
1984529431331,1793750759353,1123950166872,744078,42476,3246,0,9,3248.250,1246.13
1984529431331,1793750759353,278845052305,121,41434,3108,0,7,3109.750,1246.13
1984529431331,1452358718486,616940036004,147361,42850,3315,0,10,3317.500,1246.13
1984529431331,1452358718486,1584410137334,112,41309,3108,0,7,3109.750,1246.13
1984529431331,508557938151,917158314441,52851,41976,3177,0,8,3179.000,1246.13
1984529431331,508557938151,1681100787153,132,41118,3039,0,6,3040.500,1246.13
1984529431331,1383280270170,1354283268926,1321389,43035,3246,0,9,3248.250,1246.13
1984529431331,1383280270170,1897355537794,127,43309,3177,0,8,3179.000,1246.13
1984529431331,732336821442,1843211669246,315438,42018,3039,0,6,3040.500,1246.13
1984529431331,732336821442,1376350906590,132,42351,3177,0,8,3179.000,1246.13
1984529431331,1539402769782,1325798474964,17939,42536,3039,0,6,3040.500,1246.13
1984529431331,1539402769782,273996778940,127,41850,3108,0,7,3109.750,1246.13
1984529431331,817106752640,1801651643766,124065,41435,3177,0,8,3179.000,1246.13
1984529431331,817106752640,795481508421,124,42035,3177,0,8,3179.000,1246.13
1984529431331,1919375656269,526965552883,667865,42327,3108,0,7,3109.750,1246.13
1984529431331,1919375656269,1841708530264,111,43018,3315,0,10,3317.500,1246.13
1985258479409,FAILED,FAILED,FAILED,FAILED,FAILED,FAILED,FAILED,FAILED,FAILED
1988932256981,951255954081,1740362013535,127762,43493,3201,0,8,3203.000,650.77
1988932256981,951255954081,1186898338732,129,43643,3249,0,9,3251.250,650.77
1988932256981,445811920855,9516218707,256495,44119,3303,0,9,3305.250,650.77
1988932256981,445811920855,494999784106,140,42725,3111,0,7,3112.750,650.77
1988932256981,733787977200,1532096971207,144647,42726,3069,0,6,3070.500,650.77
1988932256981,733787977200,939670440771,120,42602,3135,0,7,3136.750,650.77
1988932256981,1563946664383,1539710639147,52377,42910,3273,0,9,3275.250,650.77
1988932256981,1563946664383,1223520221064,119,43726,3267,0,9,3269.250,650.77
1988932256981,1194701354330,1005591935520,126754,43244,3195,0,8,3197.000,650.77
1988932256981,1194701354330,1625487186714,121,44393,3519,0,12,3522.000,650.77
1988932256981,1393173761969,1003982281431,330057,42952,3135,0,7,3136.750,650.77
1988932256981,1393173761969,1788291480176,126,43976,3369,0,10,3371.500,650.77
1988932256981,1923594333981,600381749381,677020,42309,2925,0,4,2926.000,650.77
1988932256981,1923594333981,1660854794914,142,43910,3225,0,8,3227.000,650.77
1988932256981,981858798658,1907270283006,7593,43701,3219,0,8,3221.000,650.77
1988932256981,981858798658,916025879815,125,42351,3129,0,7,3130.750,650.77
1988932256981,409290318252,1176363576698,313513,43952,3261,0,9,3263.250,650.77
1988932256981,409290318252,1535209411312,125,43017,3189,0,7,3190.750,650.77
1988932256981,796905624741,961655956256,27991,42684,3207,0,8,3209.000,650.77
1988932256981,796905624741,968848930643,126,42493,3057,0,6,3058.500,650.77
1989280411597,1310211814131,412824294719,264986,44101,3438,0,11,3440.750,535.53
1989280411597,1310211814131,346657671274,125,43327,3322,0,9,3324.250,535.53
1989280411597,1449410285760,117082622505,42200,81160,3285,0,8,3287.000,535.53
1989280411597,1449410285760,1916542737871,268,81678,3401,0,10,3403.500,535.53
1989280411597,421531307720,1021580260882,301628,43434,3316,0,9,3318.250,535.53
1989280411597,421531307720,486729998099,125,42201,3316,0,9,3318.250,535.53
1989280411597,947028153070,1894366167211,17748,43870,3316,0,9,3318.250,535.53
1989280411597,947028153070,193959135957,132,43934,3438,0,11,3440.750,535.53
1989280411597,597772880423,1735449326862,574396,43410,3261,0,8,3263.000,535.53
1989280411597,597772880423,1173672841225,127,43935,3389,0,10,3391.500,535.53
1989280411597,1201986501927,1181866146000,78858,43892,3310,0,9,3312.250,535.53
1989280411597,1201986501927,66537734377,118,43518,3328,0,9,3330.250,535.53
1989280411597,777903645889,1004748525454,110917,43077,3079,0,6,3080.500,535.53
1989280411597,777903645889,911192038267,118,42560,3067,0,6,3068.500,535.53
1989280411597,1535297311868,659605898221,185237,42994,3243,0,8,3245.000,535.53
1989280411597,1535297311868,1144760626707,118,43058,3249,0,8,3251.000,535.53
1989280411597,863783746980,309613008602,53102,43119,3316,0,9,3318.250,535.53
1989280411597,863783746980,1593129447260,119,42809,3334,0,9,3336.250,535.53
1989280411597,1657407529089,653190202909,71768,43369,3273,0,8,3275.000,535.53
1989280411597,1657407529089,1666816402243,135,43142,3225,0,8,3227.000,535.53
1997259377851,1735766690771,76568070873,325338,41183,3135,0,8,3137.000,704.22
1997259377851,1735766690771,765088176080,135,41643,3339,0,11,3341.750,704.22
1997259377851,1832779817399,216660756912,138036,40975,3135,0,8,3137.000,704.22
1997259377851,1832779817399,1738972003379,113,40643,3135,0,8,3137.000,704.22
1997259377851,1166833456224,1976186361481,69593,42600,3067,0,7,3068.750,704.22
1997259377851,1166833456224,1314622088563,140,44410,3475,0,13,3478.250,704.22
1997259377851,833689372943,1009550961420,252376,42660,3203,0,9,3205.250,704.22
1997259377851,833689372943,1637698209688,111,40850,2863,0,4,2864.000,704.22
1997259377851,1883354166134,423060836989,192574,42161,3203,0,9,3205.250,704.22
1997259377851,1883354166134,368742307049,127,42017,3203,0,9,3205.250,704.22
1997259377851,1143900344300,1637916215385,260789,42477,3339,0,11,3341.750,704.22
1997259377851,1143900344300,1692248544954,127,42933,3339,0,11,3341.750,704.22
1997259377851,735823355860,653784801264,45779,42393,3339,0,11,3341.750,704.22
1997259377851,735823355860,1664971305987,129,42535,3407,0,12,3410.000,704.22
1997259377851,1033092393931,1702366493689,387525,43017,3339,0,11,3341.750,704.22
1997259377851,1033092393931,160271358761,128,43410,3475,0,13,3478.250,704.22
1997259377851,1179218989850,184700993496,581971,42768,3203,0,9,3205.250,704.22
1997259377851,1179218989850,100717008801,126,41933,3135,0,8,3137.000,704.22
1997259377851,1788994547255,337987997815,62475,41993,3203,0,9,3205.250,704.22
1997259377851,1788994547255,1331239062691,138,42226,3271,0,10,3273.500,704.22
2000734285687,1618195646793,116372200903,161173,42476,3246,0,9,3248.250,1128.82
2000734285687,1618195646793,833757268461,123,42453,3177,0,8,3179.000,1128.82
2000734285687,1071125520702,1326136419061,117367,41351,3108,0,7,3109.750,1128.82
2000734285687,1071125520702,907780688475,125,40410,2901,0,4,2902.000,1128.82
2000734285687,169656275666,796529977375,133599,41517,3039,0,6,3040.500,1128.82
2000734285687,169656275666,507879923529,131,42286,3177,0,8,3179.000,1128.82
2000734285687,981396259380,1372734291576,596282,42268,3108,0,7,3109.750,1128.82
2000734285687,981396259380,778622642117,126,42577,3246,0,9,3248.250,1128.82
2000734285687,1103467013869,1190150862456,1062296,44142,3453,0,12,3456.000,1128.82
2000734285687,1103467013869,1753414128205,122,42618,3315,0,10,3317.500,1128.82
2000734285687,1805812317311,1176798811940,32649,42977,3315,0,10,3317.500,1128.82
2000734285687,1805812317311,1907989705144,118,41767,3108,0,7,3109.750,1128.82
2000734285687,433384035230,1685338619835,164939,43160,3453,0,12,3456.000,1128.82
2000734285687,433384035230,1085235742073,129,41308,3177,0,8,3179.000,1128.82
2000734285687,1159483351490,1717390325707,122723,42118,3315,0,10,3317.500,1128.82
2000734285687,1159483351490,1340934358667,131,39934,3039,0,6,3040.500,1128.82
2000734285687,920837319391,326025666107,1213497,41910,3108,0,7,3109.750,1128.82
2000734285687,920837319391,648380475025,119,41850,3177,0,8,3179.000,1128.82
2000734285687,1172360513354,1570184594847,84565,42767,3315,0,10,3317.500,1128.82
2000734285687,1172360513354,724301694270,124,41036,3039,0,6,3040.500,1128.82
2002959615373,823948985675,1585777064571,479638,45701,3414,0,13,3417.250,1080.34
2002959615373,823948985675,486765157894,123,42643,2961,0,6,2962.500,1080.34
2002959615373,1641497633615,1225507762828,1232091,42601,3201,0,10,3203.500,1080.34
2002959615373,1641497633615,268994442410,131,41243,3093,0,8,3095.000,1080.34
2002959615373,1191347528246,1173259093517,17364,41934,3186,0,9,3188.250,1080.34
2002959615373,1191347528246,1770685719678,111,40703,2931,0,6,2932.500,1080.34
2002959615373,864055783757,197033891908,14657,41101,3000,0,7,3001.750,1080.34
2002959615373,864055783757,1624484379218,125,42602,3186,0,9,3188.250,1080.34
2002959615373,67749448131,365328091065,14441,43434,3138,0,9,3140.250,1080.34
2002959615373,67749448131,844295326840,128,43203,3039,0,8,3041.000,1080.34
2002959615373,543693502926,1257229682275,169381,44785,3483,0,14,3486.500,1080.34
2002959615373,543693502926,399743345358,127,41310,2862,0,5,2863.250,1080.34
2002959615373,637077409845,458330289338,283863,42935,3012,0,7,3013.750,1080.34
2002959615373,637077409845,1497592513609,118,40243,2649,0,2,2649.500,1080.34
2002959615373,999133712661,805449243039,47183,43310,3081,0,8,3083.000,1080.34
2002959615373,999133712661,987408938364,130,43535,3201,0,10,3203.500,1080.34
2002959615373,334918295477,266138985847,175854,42201,3201,0,10,3203.500,1080.34
2002959615373,334918295477,1605672881437,126,42060,3081,0,8,3083.000,1080.34
2002959615373,386520256676,1175571481080,1015492,83468,3420,0,13,3423.250,1080.34
2002959615373,386520256676,1088957764530,251,77952,3087,0,8,3089.000,1080.34
2003853001727,462906138722,1722360043680,280143,41934,3007,0,10,3009.500,1373.77
2003853001727,462906138722,263829261194,138,42285,3007,0,10,3009.500,1373.77
2003853001727,351834169049,623542339231,264802,43018,3069,0,11,3071.750,1373.77
2003853001727,351834169049,267502571340,112,41809,2945,0,9,2947.250,1373.77
2003853001727,1972149914812,1034878877294,988066,42308,3007,0,10,3009.500,1373.77
2003853001727,1972149914812,526037804148,126,40826,2821,0,7,2822.750,1373.77
2003853001727,1809309115629,462976752904,912986,41976,2945,0,9,2947.250,1373.77
2003853001727,1809309115629,961800036595,120,41118,2883,0,8,2885.000,1373.77
2003853001727,1507361845490,1939741761849,470666,40768,2759,0,6,2760.500,1373.77
2003853001727,1507361845490,1160348153823,131,41142,2945,0,9,2947.250,1373.77
2003853001727,579054520832,1344550715273,399963,42060,2945,0,9,2947.250,1373.77
2003853001727,579054520832,1198968725958,131,42185,2945,0,9,2947.250,1373.77
2003853001727,774555998807,369869120635,173418,41393,2759,0,6,2760.500,1373.77
2003853001727,774555998807,1486638660248,127,40684,2759,0,6,2760.500,1373.77
2003853001727,851056142682,586566386940,785349,41201,2821,0,7,2822.750,1373.77
2003853001727,851056142682,25019729134,120,40976,3007,0,10,3009.500,1373.77
2003853001727,787925200304,151860831372,242618,75076,2759,0,6,2760.500,1373.77
2003853001727,787925200304,629658147085,258,77553,3007,0,10,3009.500,1373.77
2003853001727,1732653232918,804118614515,49563,42618,3007,0,10,3009.500,1373.77
2003853001727,1732653232918,753878845008,132,41517,2883,0,8,2885.000,1373.77
2005974868517,250349353323,191918319402,228368,46102,3333,0,11,3335.750,757.25
2005974868517,250349353323,863467702282,130,45118,3309,0,11,3311.750,757.25
2005974868517,1056886537576,94507324533,145834,44827,3357,0,11,3359.750,757.25
2005974868517,1056886537576,684324746415,128,43310,3053,0,7,3054.750,757.25
2005974868517,535235398477,1687715105688,176232,43934,3193,0,9,3195.250,757.25
2005974868517,535235398477,1508230101476,142,45285,3345,0,11,3347.750,757.25
2005974868517,640164787458,216355886712,230804,79135,3065,0,7,3066.750,757.25
2005974868517,640164787458,1337793976141,234,79077,3175,0,9,3177.250,757.25
2005974868517,1974843564588,235686692410,336867,76368,2937,0,5,2938.250,757.25
2005974868517,1974843564588,1067658162455,247,78510,3175,0,9,3177.250,757.25
2005974868517,1969842010895,801489642641,279521,44203,3193,0,9,3195.250,757.25
2005974868517,1969842010895,146102029913,131,42350,2901,0,5,2902.250,757.25
2005974868517,1689672257158,37174627999,354950,79243,3041,0,7,3042.750,757.25
2005974868517,1689672257158,1655661396262,256,81511,3315,0,11,3317.750,757.25
2005974868517,152046466756,1200267745568,294084,43952,3257,0,10,3259.500,757.25
2005974868517,152046466756,913399337121,131,43100,3181,0,9,3183.250,757.25
2005974868517,1166073976114,2004760449689,69405,42351,3017,0,7,3018.750,757.25
2005974868517,1166073976114,430346849945,132,43452,3339,0,11,3341.750,757.25
2005974868517,1475921256279,330070044732,328327,44142,3221,0,10,3223.500,757.25
2005974868517,1475921256279,1578937693019,118,42870,3111,0,8,3113.000,757.25
2007795292277,432070683304,653700837898,69406,42368,3264,0,7,3265.750,1158.61
2007795292277,432070683304,1006833421457,125,43643,3378,0,9,3380.250,1158.61
2007795292277,518308780727,1182463849513,1598115,42767,3333,0,8,3335.000,1158.61
2007795292277,518308780727,103160694216,132,43202,3483,0,10,3485.500,1158.61
2007795292277,443460502053,1740565212217,592033,44393,3303,0,8,3305.000,1158.61
2007795292277,443460502053,1876976707875,141,44285,3477,0,10,3479.500,1158.61
2007795292277,1135865467200,1736699951208,3277,44559,3477,0,10,3479.500,1158.61
2007795292277,1135865467200,583865793643,109,43785,3351,0,8,3353.000,1158.61
2007795292277,1218849258446,1041666772527,126303,43435,3402,0,9,3404.250,1158.61
2007795292277,1218849258446,1319820254844,120,44660,3552,0,11,3554.750,1158.61
2007795292277,875463285678,470169471895,622679,44934,3408,0,9,3410.250,1158.61
2007795292277,875463285678,869221706054,136,44851,3528,0,11,3530.750,1158.61
2007795292277,1271100462230,1227431012835,125201,83202,3264,0,7,3265.750,1158.61
2007795292277,1271100462230,1235750091557,228,81428,3540,0,11,3542.750,1158.61
2007795292277,838208101892,108059387349,14593,43059,3327,0,8,3329.000,1158.61
2007795292277,838208101892,613628679612,144,44310,3471,0,10,3473.500,1158.61
2007795292277,1253537000582,480669894816,400072,43518,3390,0,9,3392.250,1158.61
2007795292277,1253537000582,1997947347657,127,43369,3441,0,10,3443.500,1158.61
2007795292277,1881200955876,1344853424736,96545,43160,3309,0,8,3311.000,1158.61
2007795292277,1881200955876,1200083343385,124,43476,3501,0,10,3503.500,1158.61
2010160883543,1680306971969,1882513672531,108001,43558,3294,0,11,3296.750,863.46
2010160883543,1680306971969,1200513817937,127,42451,3160,0,9,3162.250,863.46
2010160883543,736064150845,1713060940160,931936,40933,2959,0,6,2960.500,863.46
2010160883543,736064150845,1934643118627,131,42310,3294,0,11,3296.750,863.46
2010160883543,1858515258005,513997965465,1200,41768,3026,0,7,3027.750,863.46
2010160883543,1858515258005,548504090335,131,42410,3294,0,11,3296.750,863.46
2010160883543,1947862166946,1871810863780,482849,76119,2959,0,6,2960.500,863.46
2010160883543,1947862166946,1746708161371,267,86137,3160,0,9,3162.250,863.46
2010160883543,766150332349,340038461235,308651,41160,3160,0,9,3162.250,863.46
2010160883543,766150332349,388254526259,125,39727,2959,0,6,2960.500,863.46
2010160883543,1693274956666,1353151564419,324561,43493,3361,0,12,3364.000,863.46
2010160883543,1693274956666,1408435113715,136,41559,3026,0,7,3027.750,863.46
2010160883543,1273414687581,387912310976,445549,42560,3026,0,7,3027.750,863.46
2010160883543,1273414687581,832631661966,120,41451,2892,0,5,2893.250,863.46
2010160883543,1360269398102,45276949843,110268,44245,3495,0,14,3498.500,863.46
2010160883543,1360269398102,919282008645,128,42517,3227,0,10,3229.500,863.46
2010160883543,1921282858988,601167573368,3030,41225,2892,0,5,2893.250,863.46
2010160883543,1921282858988,603938727403,134,43495,3227,0,10,3229.500,863.46
2010160883543,1506385541784,722467361286,87007,41017,2959,0,6,2960.500,863.46
2010160883543,1506385541784,1123810194067,111,41452,3160,0,9,3162.250,863.46
2011491751649,FAILED,FAILED,FAILED,FAILED,FAILED,FAILED,FAILED,FAILED,FAILED
2015671993729,FAILED,FAILED,FAILED,FAILED,FAILED,FAILED,FAILED,FAILED,FAILED
2017390208069,145695928190,890256364863,64874,80285,3261,0,9,3263.250,1072.50
2017390208069,145695928190,1451753487379,247,78011,3219,0,8,3221.000,1072.50
2017390208069,522407789626,79622127773,34014,42267,3117,0,7,3118.750,1072.50
2017390208069,522407789626,755589489277,119,42743,3129,0,7,3130.750,1072.50
2017390208069,1750837100255,1428689457940,876970,41893,3201,0,8,3203.000,1072.50
2017390208069,1750837100255,1471340411320,129,41952,3165,0,7,3166.750,1072.50
2017390208069,1129613776023,78537724426,325731,42619,3027,0,5,3028.250,1072.50
2017390208069,1129613776023,1173628088208,133,43892,3207,0,8,3209.000,1072.50
2017390208069,1300795623926,626350840636,49050,43393,3351,0,10,3353.500,1072.50
2017390208069,1300795623926,1621885533536,120,42577,3189,0,8,3191.000,1072.50
2017390208069,2011675031167,598859202982,357738,44059,3273,0,9,3275.250,1072.50
2017390208069,2011675031167,1728163586601,115,43285,3189,0,8,3191.000,1072.50
2017390208069,152592911258,1879761921216,1035842,42560,3357,0,10,3359.500,1072.50
2017390208069,152592911258,542869119486,120,42451,3267,0,9,3269.250,1072.50
2017390208069,1676892763950,433808048556,301032,42368,3141,0,7,3142.750,1072.50
2017390208069,1676892763950,1473721024168,132,44309,3471,0,12,3474.000,1072.50
2017390208069,759584323702,203977973673,123018,43477,3159,0,8,3161.000,1072.50
2017390208069,759584323702,1161002832191,126,43494,3219,0,8,3221.000,1072.50
2017390208069,531185532002,1980068166288,253048,42994,3021,0,6,3022.500,1072.50
2017390208069,531185532002,693451258730,125,42725,3171,0,7,3172.750,1072.50
2025962978561,FAILED,FAILED,FAILED,FAILED,FAILED,FAILED,FAILED,FAILED,FAILED
2027313166751,44126003462,41165780244,82058,42035,3139,0,10,3141.500,820.47
2027313166751,44126003462,530824984434,120,41350,3009,0,8,3011.000,820.47
2027313166751,1257156718000,487800779376,180165,40452,2879,0,6,2880.500,820.47
2027313166751,1257156718000,897924116427,143,42643,3269,0,12,3272.000,820.47
2027313166751,174467462173,1795222591751,251780,40018,2944,0,7,2945.750,820.47
2027313166751,174467462173,1187681401179,127,41535,3204,0,11,3206.750,820.47
2027313166751,1309095084543,407711689626,157547,42392,2944,0,7,2945.750,820.47
2027313166751,1309095084543,215670703230,126,42643,3074,0,9,3076.250,820.47
2027313166751,686096352479,476650114840,158736,43035,3139,0,10,3141.500,820.47
2027313166751,686096352479,477584766696,126,41435,3009,0,8,3011.000,820.47
2027313166751,1158003228529,668265840877,296759,41434,2944,0,7,2945.750,820.47
2027313166751,1158003228529,1269736970497,133,40077,2749,0,4,2750.000,820.47
2027313166751,1053500290765,1411583606239,20789,41809,3009,0,8,3011.000,820.47
2027313166751,1053500290765,734971206470,122,42035,3204,0,11,3206.750,820.47
2027313166751,1807942159534,1685737797791,935896,40643,2749,0,4,2750.000,820.47
2027313166751,1807942159534,732627848965,123,41683,2944,0,7,2945.750,820.47
2027313166751,1990860108429,1593000210715,311189,43768,3269,0,12,3272.000,820.47
2027313166751,1990860108429,997499025288,133,42202,3139,0,10,3141.500,820.47
2027313166751,24280726869,151036399998,332631,41434,2944,0,7,2945.750,820.47
2027313166751,24280726869,1432014216610,119,39868,2814,0,5,2815.250,820.47
2035321375937,FAILED,FAILED,FAILED,FAILED,FAILED,FAILED,FAILED,FAILED,FAILED
2039733882947,497813566725,1353843488231,93164,41868,2944,0,7,2945.750,561.22
2039733882947,497813566725,479271374975,140,41185,2879,0,6,2880.500,561.22
2039733882947,1664679028129,922916533172,797853,43202,3074,0,9,3076.250,561.22
2039733882947,1664679028129,159679920725,127,41601,3074,0,9,3076.250,561.22
2039733882947,1303505918735,795407046378,282563,42392,3074,0,9,3076.250,561.22
2039733882947,1303505918735,1767235878529,127,42203,2944,0,7,2945.750,561.22
2039733882947,278250988156,771095773388,3930,42268,2879,0,6,2880.500,561.22
2039733882947,278250988156,1348726966127,124,42451,3009,0,8,3011.000,561.22
2039733882947,793959663739,188785539932,84530,41434,2814,0,5,2815.250,561.22
2039733882947,793959663739,416172387105,139,43285,3204,0,11,3206.750,561.22
2039733882947,1673439430738,1391167355767,291685,81678,3334,0,13,3337.250,561.22
2039733882947,1673439430738,794418548081,250,75826,2944,0,7,2945.750,561.22
2039733882947,636387787023,1779526439325,97846,42184,2944,0,7,2945.750,561.22
2039733882947,636387787023,695630501660,119,43869,3399,0,14,3402.500,561.22
2039733882947,1727286062643,1728606179654,76823,42393,3074,0,9,3076.250,561.22
2039733882947,1727286062643,1550320414751,128,41785,3009,0,8,3011.000,561.22
2039733882947,138619693352,306794131023,295,40910,2814,0,5,2815.250,561.22
2039733882947,138619693352,319530674556,108,41851,2944,0,7,2945.750,561.22
2039733882947,188911337859,1912275019796,139963,42785,3009,0,8,3011.000,561.22
2039733882947,188911337859,775770833386,141,41392,3009,0,8,3011.000,561.22
2041341814717,150238830941,1961994012549,753014,43076,2928,0,5,2929.250,1123.09
2041341814717,150238830941,1630915389553,140,44601,3313,0,10,3315.500,1123.09
2041341814717,119094249922,1258057551960,129555,41977,3189,0,8,3191.000,1123.09
2041341814717,119094249922,188822351065,110,41868,3248,0,9,3250.250,1123.09
2041341814717,1046491719379,1851294167537,181068,44101,3295,0,10,3297.500,1123.09
2041341814717,1046491719379,953127335886,130,44476,3502,0,13,3505.250,1123.09
2041341814717,357668194013,952000099125,316412,45184,3212,0,9,3214.250,1123.09
2041341814717,357668194013,395970274210,127,42910,3082,0,7,3083.750,1123.09
2041341814717,1831253632623,1712882543735,1047270,42393,3023,0,6,3024.500,1123.09
2041341814717,1831253632623,1570522271938,129,42701,3076,0,7,3077.750,1123.09
2041341814717,107097454388,1085130545647,490061,43951,3337,0,10,3339.500,1123.09
2041341814717,107097454388,1755308100754,131,42352,3118,0,7,3119.750,1123.09
2041341814717,1295378593010,1274765032710,98348,43995,3307,0,10,3309.500,1123.09
2041341814717,1295378593010,1239786292773,132,44309,3236,0,9,3238.250,1123.09
2041341814717,509267777439,1302804126520,266921,41433,2958,0,5,2959.250,1123.09
2041341814717,509267777439,1201801153690,139,43078,3254,0,9,3256.250,1123.09
2041341814717,1140935714685,999946072095,26200,44185,3307,0,10,3309.500,1123.09
2041341814717,1140935714685,1534073959228,129,42976,3201,0,8,3203.000,1123.09
2041341814717,393969922209,137465400968,280763,43368,3336,0,11,3338.750,1123.09
2041341814717,393969922209,857183878450,143,40893,2993,0,6,2994.500,1123.09
2041781127119,1150257068091,1454927287561,80305,41703,3135,0,8,3137.000,603.28
2041781127119,1150257068091,1246169067023,124,41392,3067,0,7,3068.750,603.28
2041781127119,116388966286,195049483283,36805,41767,3271,0,10,3273.500,603.28
2041781127119,116388966286,881026144764,132,41369,3339,0,11,3341.750,603.28
2041781127119,1789500319981,141454091451,709426,42601,3203,0,9,3205.250,603.28
2041781127119,1789500319981,1976695389409,126,41559,3067,0,7,3068.750,603.28
2041781127119,730329617878,2024648515451,101765,42684,3203,0,9,3205.250,603.28
2041781127119,730329617878,1027914559709,127,42410,3203,0,9,3205.250,603.28
2041781127119,405202309864,1553455101685,29943,42101,3135,0,8,3137.000,603.28
2041781127119,405202309864,1883372822663,140,42077,3271,0,10,3273.500,603.28
2041781127119,540381519736,1513227551589,380576,41892,3067,0,7,3068.750,603.28
2041781127119,540381519736,392285640221,122,41476,3067,0,7,3068.750,603.28
2041781127119,194004190921,63380323925,148119,79410,3203,0,9,3205.250,603.28
2041781127119,194004190921,1574341494613,259,78427,3271,0,10,3273.500,603.28
2041781127119,1170147664326,1996750096216,136403,42060,3135,0,8,3137.000,603.28
2041781127119,1170147664326,1072209353,135,43350,3475,0,13,3478.250,603.28
2041781127119,46931884172,801913535117,47618,41243,2999,0,6,3000.500,603.28
2041781127119,46931884172,1313001156378,129,42476,3271,0,10,3273.500,603.28
2041781127119,1641667415634,1750656199212,295671,42226,3067,0,7,3068.750,603.28
2041781127119,1641667415634,1285648513905,148,42476,3203,0,9,3205.250,603.28
2047386221291,1356492139087,1251136302368,57847,41434,3048,0,5,3049.250,1048.70
2047386221291,1356492139087,1748910188716,122,41368,3119,0,6,3120.500,1048.70
2047386221291,1368213924563,904974438575,221035,43452,3474,0,11,3476.750,1048.70
2047386221291,1368213924563,1090414735131,131,41475,3119,0,6,3120.500,1048.70
2047386221291,1297678478923,1020294248208,113463,43309,3474,0,11,3476.750,1048.70
2047386221291,1297678478923,1927782738094,136,41934,3261,0,8,3263.000,1048.70
2047386221291,167354729782,30144695272,417052,42060,3190,0,7,3191.750,1048.70
2047386221291,167354729782,1025551133616,129,42576,3332,0,9,3334.250,1048.70
2047386221291,41780283824,1522272369259,974735,44059,3474,0,11,3476.750,1048.70
2047386221291,41780283824,1636146080388,143,42892,3332,0,9,3334.250,1048.70
2047386221291,131448817287,2003203502667,370678,43310,3332,0,9,3334.250,1048.70
2047386221291,131448817287,1165407055899,121,42868,3332,0,9,3334.250,1048.70
2047386221291,534576234020,1343406249398,537743,41935,3261,0,8,3263.000,1048.70
2047386221291,534576234020,2033988955050,132,43684,3403,0,10,3405.500,1048.70
2047386221291,697117207229,104476290446,59173,82118,3687,0,14,3690.500,1048.70
2047386221291,697117207229,1446373074995,250,81428,3758,0,15,3761.750,1048.70
2047386221291,155750333472,947404582007,278106,76219,3261,0,8,3263.000,1048.70
2047386221291,155750333472,732940211593,237,77660,3403,0,10,3405.500,1048.70
2047386221291,969797754360,1571515382653,322507,42643,3332,0,9,3334.250,1048.70
2047386221291,969797754360,1208137543076,129,43452,3474,0,11,3476.750,1048.70
2055148182433,FAILED,FAILED,FAILED,FAILED,FAILED,FAILED,FAILED,FAILED,FAILED
2056795089473,FAILED,FAILED,FAILED,FAILED,FAILED,FAILED,FAILED,FAILED,FAILED
2067521022601,FAILED,FAILED,FAILED,FAILED,FAILED,FAILED,FAILED,FAILED,FAILED
2071353360523,192006485038,181875389065,17192,40643,2639,0,6,2640.500,729.53
2071353360523,192006485038,654029996182,128,42101,3052,0,13,3055.250,729.53
2071353360523,2007703830161,1805232001323,191263,40600,2875,0,10,2877.500,729.53
2071353360523,2007703830161,1991480116798,115,39226,2521,0,4,2522.000,729.53
2071353360523,499071155071,891881941538,318028,39976,2698,0,7,2699.750,729.53
2071353360523,499071155071,311957027476,122,40475,2757,0,8,2759.000,729.53
2071353360523,1628785556663,710596972768,90295,40577,2757,0,8,2759.000,729.53
2071353360523,1628785556663,1742930216284,126,40102,2816,0,9,2818.250,729.53
2071353360523,1521495009,1818936245301,285940,41810,2757,0,8,2759.000,729.53
2071353360523,1521495009,2070919555393,122,40434,2757,0,8,2759.000,729.53
2071353360523,1038172224137,304853682107,729807,39827,2757,0,8,2759.000,729.53
2071353360523,1038172224137,399264439697,112,38976,2639,0,6,2640.500,729.53
2071353360523,877214077735,1538885428868,184741,42327,2816,0,9,2818.250,729.53
2071353360523,877214077735,1284242079987,127,41100,2757,0,8,2759.000,729.53
2071353360523,1301980068771,949318762384,328187,39102,2580,0,5,2581.250,729.53
2071353360523,1301980068771,1261160185265,145,40517,2934,0,11,2936.750,729.53
2071353360523,853843164706,1943927029926,212371,41160,2757,0,8,2759.000,729.53
2071353360523,853843164706,1918347230586,136,41684,2934,0,11,2936.750,729.53
2071353360523,1455142231457,343920749160,164658,40892,2757,0,8,2759.000,729.53
2071353360523,1455142231457,616038410805,124,40368,2757,0,8,2759.000,729.53
2071873088693,426288295034,1409802440480,105109,43868,3211,0,9,3213.250,510.41
2071873088693,426288295034,957971937031,114,42476,3047,0,7,3048.750,510.41
2071873088693,418338251994,2033085150581,6173,75802,2965,0,6,2966.500,510.41
2071873088693,418338251994,1006183837273,259,81910,3467,0,13,3470.250,510.41
2071873088693,1195336279739,929209688689,107066,42726,3175,0,9,3177.250,510.41
2071873088693,1195336279739,1976503754834,116,39119,2703,0,2,2703.500,510.41
2071873088693,1274121432864,1648949415152,119494,42767,3083,0,7,3084.750,510.41
2071873088693,1274121432864,145384168735,124,43726,3263,0,10,3265.500,510.41
2071873088693,136371397507,886134837994,160740,41618,3135,0,8,3137.000,510.41
2071873088693,136371397507,324049372714,117,40601,2907,0,5,2908.250,510.41
2071873088693,1588679544483,884747822017,212409,43393,3129,0,8,3131.000,510.41
2071873088693,1588679544483,839685701486,133,42767,3117,0,8,3119.000,510.41
2071873088693,1794773297871,1590723058229,167741,43286,3063,0,8,3065.000,510.41
2071873088693,1794773297871,110171398803,116,43308,3147,0,8,3149.000,510.41
2071873088693,311852030316,102060446005,531210,42952,3083,0,7,3084.750,510.41
2071873088693,311852030316,470630821796,120,42684,3117,0,8,3119.000,510.41
2071873088693,115971514938,1769953915052,107584,44476,3275,0,10,3277.500,510.41
2071873088693,115971514938,1745092461085,137,42619,2947,0,6,2948.500,510.41
2071873088693,1728248169978,599677144455,124558,43476,3269,0,10,3271.500,510.41
2071873088693,1728248169978,512897875866,115,41101,2971,0,6,2972.500,510.41
2072369469301,97658720174,1506387210014,372513,43451,3141,0,8,3143.000,1077.62
2072369469301,97658720174,1859270435735,117,41684,3029,0,6,3030.500,1077.62
2072369469301,1685995014746,274408628715,150516,81262,3272,0,9,3274.250,1077.62
2072369469301,1685995014746,1154864276601,255,74785,2946,0,5,2947.250,1077.62
2072369469301,192571392720,1492145028299,1135188,79136,2970,0,5,2971.250,1077.62
2072369469301,192571392720,1991884830172,245,82869,3354,0,11,3356.750,1077.62
2072369469301,103571166172,1335112840901,878975,43976,3230,0,9,3232.250,1077.62
2072369469301,103571166172,1336077075880,126,44202,3307,0,10,3309.500,1077.62
2072369469301,1124753082994,1065074727971,10179,44660,3319,0,10,3321.500,1077.62
2072369469301,1124753082994,1785159020725,131,43643,3319,0,10,3321.500,1077.62
2072369469301,1001797748042,2041410083798,166958,42910,2958,0,5,2959.250,1077.62
2072369469301,1001797748042,340176689376,136,43685,3159,0,8,3161.000,1077.62
2072369469301,1900376749498,879394481228,76954,44618,3212,0,9,3214.250,1077.62
2072369469301,1900376749498,720849977415,135,43683,3295,0,10,3297.500,1077.62
2072369469301,1262210439134,1473208707192,231460,42475,2982,0,5,2983.250,1077.62
2072369469301,1262210439134,444497358137,113,44077,3349,0,10,3351.500,1077.62
2072369469301,1293633623907,1297941274472,113868,41893,2881,0,4,2882.000,1077.62
2072369469301,1293633623907,1525323588160,141,43559,3307,0,10,3309.500,1077.62
2072369469301,1409588450898,1405557471019,328858,44725,3325,0,10,3327.500,1077.62
2072369469301,1409588450898,661391186919,117,44577,3313,0,10,3315.500,1077.62
2075090830847,138262862960,1242930854502,438092,43410,3085,0,12,3088.000,993.87
2075090830847,138262862960,1993931813298,135,42309,2902,0,9,2904.250,993.87
2075090830847,512164319708,878532275889,295342,42393,2841,0,8,2843.000,993.87
2075090830847,512164319708,1895150511244,109,41285,2780,0,7,2781.750,993.87
2075090830847,1276903196049,946531848328,339039,40476,2719,0,6,2720.500,993.87
2075090830847,1276903196049,598159600438,131,41868,2902,0,9,2904.250,993.87
2075090830847,1928455047408,898093886927,111719,41951,2963,0,10,2965.500,993.87
2075090830847,1928455047408,1550716699261,120,40851,2841,0,8,2843.000,993.87
2075090830847,927919652441,264558486281,635128,41827,2902,0,9,2904.250,993.87
2075090830847,927919652441,125085553352,124,41059,2780,0,7,2781.750,993.87
2075090830847,993653118049,2012251792818,532096,75118,2841,0,8,2843.000,993.87
2075090830847,993653118049,354536549475,250,73344,2780,0,7,2781.750,993.87
2075090830847,723443123027,687696201291,46502,40993,2780,0,7,2781.750,993.87
2075090830847,723443123027,1990568999449,121,40976,2841,0,8,2843.000,993.87
2075090830847,505584737048,612887253654,856245,41285,2658,0,5,2659.250,993.87
2075090830847,505584737048,349954743571,127,42183,2963,0,10,2965.500,993.87
2075090830847,348346469681,423437917628,17731,43560,2780,0,7,2781.750,993.87
2075090830847,348346469681,269375943423,151,41350,2780,0,7,2781.750,993.87
2075090830847,488073315973,1309084369427,42532,43243,2902,0,9,2904.250,993.87
2075090830847,488073315973,1033044832634,135,41642,2780,0,7,2781.750,993.87
2075183129609,FAILED,FAILED,FAILED,FAILED,FAILED,FAILED,FAILED,FAILED,FAILED
2075365617719,576384783011,895810259076,490257,43558,3117,0,9,3119.250,1133.88
2075365617719,576384783011,201025026346,128,41410,2919,0,6,2920.500,1133.88
2075365617719,1753760264422,1256973200376,127667,42826,3183,0,10,3185.500,1133.88
2075365617719,1753760264422,744466713654,117,42767,3315,0,12,3318.000,1133.88
2075365617719,1088826443714,291677374783,73757,41767,2919,0,6,2920.500,1133.88
2075365617719,1088826443714,675812667950,146,42352,3117,0,9,3119.250,1133.88
2075365617719,302782264582,753902823211,454793,42392,3183,0,10,3185.500,1133.88
2075365617719,302782264582,1787704332024,123,41701,3051,0,8,3053.000,1133.88
2075365617719,1360971263982,625061976385,643604,42076,2919,0,6,2920.500,1133.88
2075365617719,1360971263982,548006818444,124,41309,2919,0,6,2920.500,1133.88
2075365617719,1918678521346,1512548241135,540725,42142,3117,0,9,3119.250,1133.88
2075365617719,1918678521346,905461169916,118,41910,3051,0,8,3053.000,1133.88
2075365617719,1581319581565,1379044903899,615544,41308,2985,0,7,2986.750,1133.88
2075365617719,1581319581565,3258832449,122,41953,3249,0,11,3251.750,1133.88
2075365617719,426480600540,272631308674,536537,42410,3051,0,8,3053.000,1133.88
2075365617719,426480600540,174757313527,124,41685,3051,0,8,3053.000,1133.88
2075365617719,672736431405,405316831945,172805,42910,3183,0,10,3185.500,1133.88
2075365617719,672736431405,1002687727607,123,42934,3183,0,10,3185.500,1133.88
2075365617719,1134292429561,1698084635918,44689,42184,3183,0,10,3185.500,1133.88
2075365617719,1134292429561,1494054914737,121,41203,2985,0,7,2986.750,1133.88
2076000080431,526477362465,560389130743,14950,43185,3271,0,10,3273.500,648.35
2076000080431,526477362465,837956729951,120,40826,2999,0,6,3000.500,648.35
2076000080431,534271215580,2010461839428,101801,41934,2999,0,6,3000.500,648.35
2076000080431,534271215580,401499458324,128,41202,2931,0,5,2932.250,648.35
2076000080431,1502561055612,339464637862,516133,41868,2999,0,6,3000.500,648.35
2076000080431,1502561055612,1974571363272,132,41393,2999,0,6,3000.500,648.35
2076000080431,634481426692,229772049005,263898,42452,3135,0,8,3137.000,648.35
2076000080431,634481426692,1231692710685,117,42101,2999,0,6,3000.500,648.35
2076000080431,2043979990296,338366183289,145840,41977,3067,0,7,3068.750,648.35
2076000080431,2043979990296,1583622602907,120,41993,3203,0,9,3205.250,648.35
2076000080431,1727322426815,1499558234780,512706,41326,3135,0,8,3137.000,648.35
2076000080431,1727322426815,1240640595177,122,41810,3067,0,7,3068.750,648.35
2076000080431,1175777174612,378355677380,155028,41118,2999,0,6,3000.500,648.35
2076000080431,1175777174612,1050697461551,134,41560,2999,0,6,3000.500,648.35
2076000080431,1480524155666,695800289007,216799,43410,3203,0,9,3205.250,648.35
2076000080431,1480524155666,470435722432,129,42559,3203,0,9,3205.250,648.35
2076000080431,2043874685902,867877522596,59647,81470,3271,0,10,3273.500,648.35
2076000080431,2043874685902,1679453981521,243,78660,3203,0,9,3205.250,648.35
2076000080431,1290712490550,1541333606312,129646,42100,3067,0,7,3068.750,648.35
2076000080431,1290712490550,1597693541677,124,43560,3407,0,12,3410.000,648.35
2079462065189,466499850442,784268232158,78271,41768,2799,0,6,2800.500,974.93
2079462065189,466499850442,549518169703,121,43101,3027,0,9,3029.250,974.93
2079462065189,1683653315777,1096535600601,45192,44434,3297,0,13,3300.250,974.93
2079462065189,1683653315777,887115753394,120,42411,2997,0,8,2999.000,974.93
2079462065189,1273183462218,1436632472357,634903,43160,2955,0,8,2957.000,974.93
2079462065189,1273183462218,1956700364393,130,41476,2817,0,6,2818.500,974.93
2079462065189,553371029776,1227317701839,146008,81720,3207,0,12,3210.000,974.93
2079462065189,553371029776,1633816434578,238,76285,3027,0,9,3029.250,974.93
2079462065189,995484685170,775648356894,771186,42493,2955,0,8,2957.000,974.93
2079462065189,995484685170,39130920452,130,42184,2919,0,8,2921.000,974.93
2079462065189,1212503326420,1479241498083,64980,43952,3219,0,12,3222.000,974.93
2079462065189,1212503326420,1505084265695,106,42102,3021,0,9,3023.250,974.93
2079462065189,1915685243506,15115090790,857008,42018,2895,0,7,2896.750,974.93
2079462065189,1915685243506,801853502804,129,42933,3075,0,10,3077.500,974.93
2079462065189,1848943568112,160238741999,382934,42185,2721,0,5,2722.250,974.93
2079462065189,1848943568112,1730884088189,139,44827,3087,0,10,3089.500,974.93
2079462065189,936171598401,1451866652446,85124,45059,3135,0,11,3137.750,974.93
2079462065189,936171598401,1627441913680,133,43869,3057,0,10,3059.500,974.93
2079462065189,1938860448070,1316025841886,132310,42183,2841,0,6,2842.500,974.93
2079462065189,1938860448070,1025772342884,129,41618,2949,0,8,2951.000,974.93
2080019950049,FAILED,FAILED,FAILED,FAILED,FAILED,FAILED,FAILED,FAILED,FAILED
2080384000549,1104939913062,132031297373,505555,42435,2955,0,8,2957.000,1098.16
2080384000549,1104939913062,301713221689,124,41309,2739,0,5,2740.250,1098.16
2080384000549,593513040840,1726953762427,387618,42785,2817,0,6,2818.500,1098.16
2080384000549,593513040840,358900452124,131,43018,2943,0,8,2945.000,1098.16
2080384000549,614888782093,585588973882,595906,44017,3129,0,11,3131.750,1098.16
2080384000549,614888782093,908052011802,123,40994,2823,0,6,2824.500,1098.16
2080384000549,318335865751,778400700443,124754,43869,3081,0,10,3083.500,1098.16
2080384000549,318335865751,204324677070,131,42642,2847,0,6,2848.500,1098.16
2080384000549,1023061360018,575950640161,297352,42618,3003,0,9,3005.250,1098.16
2080384000549,1023061360018,1782096410201,128,41267,2889,0,7,2890.750,1098.16
2080384000549,682931538963,214264750537,79666,43702,3069,0,10,3071.500,1098.16
2080384000549,682931538963,812487371349,113,43685,3159,0,11,3161.750,1098.16
2080384000549,790607726325,385082363646,284991,41558,2787,0,6,2788.500,1098.16
2080384000549,790607726325,1314433014266,126,42077,2835,0,6,2836.500,1098.16
2080384000549,115750325460,1635733904515,688724,43327,2877,0,7,2878.750,1098.16
2080384000549,115750325460,1188636131081,131,42684,2913,0,8,2915.000,1098.16
2080384000549,1834498019481,493565367206,217809,41851,2877,0,7,2878.750,1098.16
2080384000549,1834498019481,834958783543,124,41243,2865,0,7,2866.750,1098.16
2080384000549,1591729888723,1549689376747,442075,44309,3141,0,11,3143.750,1098.16
2080384000549,1591729888723,1183012700897,133,43576,3183,0,11,3185.750,1098.16
2087278371887,775034273600,1234256232581,203401,41810,3177,0,8,3179.000,701.04
2087278371887,775034273600,2081059579177,123,41768,3177,0,8,3179.000,701.04
2087278371887,919322288631,184393620388,50755,41976,3177,0,8,3179.000,701.04
2087278371887,919322288631,943697922747,140,43410,3384,0,11,3386.750,701.04
2087278371887,1163541326925,1977123584692,309173,43078,3384,0,11,3386.750,701.04
2087278371887,1163541326925,691334382073,114,41726,3177,0,8,3179.000,701.04
2087278371887,1486029316899,1502856599366,330633,43642,3246,0,9,3248.250,701.04
2087278371887,1486029316899,28713755363,144,42119,3108,0,7,3109.750,701.04
2087278371887,474828893819,461627021306,482023,43618,3453,0,12,3456.000,701.04
2087278371887,474828893819,1697740247356,129,41101,3039,0,6,3040.500,701.04
2087278371887,2036620793046,1175407355663,280803,74887,3039,0,6,3040.500,701.04
2087278371887,2036620793046,1036304683466,248,74452,3177,0,8,3179.000,701.04
2087278371887,1078000029783,780594370986,48867,42893,3177,0,8,3179.000,701.04
2087278371887,1078000029783,524934817864,118,41994,3177,0,8,3179.000,701.04
2087278371887,1036563244351,1033087522313,346730,76636,3246,0,9,3248.250,701.04
2087278371887,1036563244351,437234689110,225,74243,3108,0,7,3109.750,701.04
2087278371887,1958929151779,1631201242027,9249,41518,3177,0,8,3179.000,701.04
2087278371887,1958929151779,768779097626,126,41475,3108,0,7,3109.750,701.04
2087278371887,574818377288,703005789715,176824,43101,3315,0,10,3317.500,701.04
2087278371887,574818377288,155486111532,117,41060,3039,0,6,3040.500,701.04
2087700930607,920148015152,262658441104,174612,41059,2841,0,8,2843.000,1753.08
2087700930607,920148015152,835627770332,139,41267,2841,0,8,2843.000,1753.08
2087700930607,1310934851089,666685101202,393671,41493,2902,0,9,2904.250,1753.08
2087700930607,1310934851089,1171479877029,132,41893,2902,0,9,2904.250,1753.08
2087700930607,389867975042,1011963439344,176134,42743,3024,0,11,3026.750,1753.08
2087700930607,389867975042,1794344498816,122,41267,2780,0,7,2781.750,1753.08
2087700930607,1800049489550,1589721586427,598411,42952,3146,0,13,3149.250,1753.08
2087700930607,1800049489550,859949579145,126,40226,2841,0,8,2843.000,1753.08
2087700930607,273910350717,632838613174,210463,42183,2841,0,8,2843.000,1753.08
2087700930607,273910350717,1320705286177,131,40809,2780,0,7,2781.750,1753.08
2087700930607,1923238944981,398044888630,2412581,41934,2841,0,8,2843.000,1753.08
2087700930607,1923238944981,607557745297,124,40493,2658,0,5,2659.250,1753.08
2087700930607,1287426581720,408555896440,1461808,40119,2780,0,7,2781.750,1753.08
2087700930607,1287426581720,1636828940699,113,38808,2597,0,4,2598.000,1753.08
2087700930607,1354858480550,304022897970,85187,42059,2841,0,8,2843.000,1753.08
2087700930607,1354858480550,1118638018282,137,42601,3024,0,11,3026.750,1753.08
2087700930607,1822787623247,1189038905026,51355,39935,2719,0,6,2720.500,1753.08
2087700930607,1822787623247,1881692733330,131,40725,2963,0,10,2965.500,1753.08
2087700930607,581617986272,375116998683,390725,41850,2902,0,9,2904.250,1753.08
2087700930607,581617986272,1619536937221,115,40268,2902,0,9,2904.250,1753.08
2088199519057,FAILED,FAILED,FAILED,FAILED,FAILED,FAILED,FAILED,FAILED,FAILED
2089263820181,620796894392,1420955597920,181671,44268,3420,0,9,3422.250,1946.43
2089263820181,620796894392,771761412770,130,43660,3477,0,10,3479.500,1946.43
2089263820181,165969854363,1580599929471,616419,44142,3483,0,10,3485.500,1946.43
2089263820181,165969854363,1765246756841,124,43910,3420,0,9,3422.250,1946.43
2089263820181,218580653043,1350105133023,243045,42767,3222,0,7,3223.750,1946.43
2089263820181,218580653043,679389561765,138,42577,3102,0,5,3103.250,1946.43
2089263820181,49689011491,1483086719086,604097,43683,3390,0,9,3392.250,1946.43
2089263820181,49689011491,791109174084,126,43160,3402,0,9,3404.250,1946.43
2089263820181,1373478338415,1104792820563,74662,43161,3519,0,10,3521.500,1946.43
2089263820181,1373478338415,1759517135143,112,42476,3414,0,9,3416.250,1946.43
2089263820181,388424987385,533503145013,438629,44243,3552,0,11,3554.750,1946.43
2089263820181,388424987385,315097971167,123,42309,3177,0,6,3178.500,1946.43
2089263820181,1205916475941,634779617356,282207,42642,3414,0,9,3416.250,1946.43
2089263820181,1205916475941,182909335229,107,40993,3108,0,5,3109.250,1946.43
2089263820181,872262470359,932043370362,685036,41577,3252,0,7,3253.750,1946.43
2089263820181,872262470359,1623120972407,122,41893,3321,0,8,3323.000,1946.43
2089263820181,619587891915,1354593534751,1358787,44351,3297,0,8,3299.000,1946.43
2089263820181,619587891915,616870620625,130,45994,3777,0,14,3780.500,1946.43
2089263820181,1456229178269,1079981382853,1590627,43201,3246,0,7,3247.750,1946.43
2089263820181,1456229178269,160552234894,118,44268,3495,0,10,3497.500,1946.43
2091123242459,662496894094,1187441154219,88952,79470,3135,0,8,3137.000,1371.09
2091123242459,662496894094,249776647896,246,78510,3271,0,10,3273.500,1371.09
2091123242459,953115408439,591655879653,394236,43393,3135,0,8,3137.000,1371.09
2091123242459,953115408439,1339793761619,130,41517,2931,0,5,2932.250,1371.09
2091123242459,700802742617,1916114785108,301880,43410,3271,0,10,3273.500,1371.09
2091123242459,700802742617,1093073486914,132,41309,2999,0,6,3000.500,1371.09
2091123242459,1489574192723,1392550087678,361825,79762,3135,0,8,3137.000,1371.09
2091123242459,1489574192723,841881486027,282,89427,3271,0,10,3273.500,1371.09
2091123242459,1967580575746,32441573103,276045,43642,3203,0,9,3205.250,1371.09
2091123242459,1967580575746,1084502635892,138,41410,3067,0,7,3068.750,1371.09
2091123242459,302705060326,1761602908369,872394,42350,3203,0,9,3205.250,1371.09
2091123242459,302705060326,1712577187066,137,43327,3407,0,12,3410.000,1371.09
2091123242459,1529935530661,1336865393644,474826,42826,3271,0,10,3273.500,1371.09
2091123242459,1529935530661,61844774467,118,42351,3135,0,8,3137.000,1371.09
2091123242459,144301700653,1809270661021,842082,43160,3067,0,7,3068.750,1371.09
2091123242459,144301700653,1359212598162,124,42643,3203,0,9,3205.250,1371.09
2091123242459,1912164967840,283071349435,469971,42309,3135,0,8,3137.000,1371.09
2091123242459,1912164967840,971899368906,142,42535,3135,0,8,3137.000,1371.09
2091123242459,1611177092663,1097819945145,402022,42786,3135,0,8,3137.000,1371.09
2091123242459,1611177092663,1068225214790,123,42350,2999,0,6,3000.500,1371.09
2093139350927,1027671377619,885089383921,2445514,42227,3067,0,7,3068.750,1793.70
2093139350927,1027671377619,422720132188,126,42017,3135,0,8,3137.000,1793.70
2093139350927,22292979796,626201423481,151864,41433,3067,0,7,3068.750,1793.70
2093139350927,22292979796,273048451329,136,42243,3271,0,10,3273.500,1793.70
2093139350927,528966697515,204295892971,106053,42036,2999,0,6,3000.500,1793.70
2093139350927,528966697515,1792325429765,132,42767,3271,0,10,3273.500,1793.70
2093139350927,844414630411,1150933397294,213980,42018,3135,0,8,3137.000,1793.70
2093139350927,844414630411,686512170949,115,40702,2999,0,6,3000.500,1793.70
2093139350927,1678105688459,1293321294208,266838,43809,3407,0,12,3410.000,1793.70
2093139350927,1678105688459,1424234048741,125,41809,3135,0,8,3137.000,1793.70
2093139350927,600542122585,269169056250,684708,44035,3203,0,9,3205.250,1793.70
2093139350927,600542122585,576315145002,120,43392,3271,0,10,3273.500,1793.70
2093139350927,1790625481786,1383091316479,516435,43035,2999,0,6,3000.500,1793.70
2093139350927,1790625481786,701897051585,116,42727,3271,0,10,3273.500,1793.70
2093139350927,713479252165,1535776108157,621726,42910,3067,0,7,3068.750,1793.70
2093139350927,713479252165,750478719481,117,41726,2931,0,5,2932.250,1793.70
2093139350927,76348508866,1296149316888,509625,43244,3135,0,8,3137.000,1793.70
2093139350927,76348508866,503890865852,117,42060,3135,0,8,3137.000,1793.70
2093139350927,920323783668,55680758636,310864,41976,3067,0,7,3068.750,1793.70
2093139350927,920323783668,993710200073,131,40827,2931,0,5,2932.250,1793.70
2094095267527,1285108253662,972624467005,846788,41952,3149,0,7,3150.750,868.94
2094095267527,1285108253662,1804634083610,123,42143,3219,0,8,3221.000,868.94
2094095267527,1423985222899,119310099674,15903,44035,3359,0,10,3361.500,868.94
2094095267527,1423985222899,1627440422690,120,42434,3289,0,9,3291.250,868.94
2094095267527,629410479839,1202794315718,231759,43517,3429,0,11,3431.750,868.94
2094095267527,629410479839,7885209323,125,41952,3219,0,8,3221.000,868.94
2094095267527,1751728448946,186076199184,143154,40810,3009,0,5,3010.250,868.94
2094095267527,1751728448946,206415214370,123,40785,3009,0,5,3010.250,868.94
2094095267527,1775596400196,75576751746,106754,41560,3219,0,8,3221.000,868.94
2094095267527,1775596400196,1649455191098,115,40768,3009,0,5,3010.250,868.94
2094095267527,1533692460688,281469147515,232077,81303,3359,0,10,3361.500,868.94
2094095267527,1533692460688,1914217630506,245,79928,3289,0,9,3291.250,868.94
2094095267527,1681043210646,1516023337839,377206,46244,3219,0,8,3221.000,868.94
2094095267527,1681043210646,1508624385451,138,42518,3219,0,8,3221.000,868.94
2094095267527,1916655412725,1882342424598,222727,42118,3079,0,6,3080.500,868.94
2094095267527,1916655412725,1518264648022,129,41768,3149,0,7,3150.750,868.94
2094095267527,493995330707,658886709992,324421,42477,3149,0,7,3150.750,868.94
2094095267527,493995330707,1603934578042,121,44035,3359,0,10,3361.500,868.94
2094095267527,1550772670988,312594840852,313618,41576,3149,0,7,3150.750,868.94
2094095267527,1550772670988,126521778625,135,42559,3289,0,9,3291.250,868.94
2100410404003,1059324880449,2089114626788,188996,41768,2944,0,7,2945.750,549.13
2100410404003,1059324880449,109752071641,128,42725,3139,0,10,3141.500,549.13
2100410404003,1494569806313,1620002376031,41037,40743,2814,0,5,2815.250,549.13
2100410404003,1494569806313,436013203069,133,42477,3139,0,10,3141.500,549.13
2100410404003,615862326512,433851736010,51149,43059,3139,0,10,3141.500,549.13
2100410404003,615862326512,333975222533,113,42245,3009,0,8,3011.000,549.13
2100410404003,949745353996,1216292195298,17044,41642,3074,0,9,3076.250,549.13
2100410404003,949745353996,1115787921194,137,41768,3139,0,10,3141.500,549.13
2100410404003,75461835651,788286224027,243740,45451,3204,0,11,3206.750,549.13
2100410404003,75461835651,1496938384182,129,43350,3074,0,9,3076.250,549.13
2100410404003,245190729506,347146944704,215810,43060,3204,0,11,3206.750,549.13
2100410404003,245190729506,1485048498835,120,40768,2814,0,5,2815.250,549.13
2100410404003,279253809038,1403519412619,175709,41601,2944,0,7,2945.750,549.13
2100410404003,279253809038,1423907596705,139,42827,3269,0,12,3272.000,549.13
2100410404003,547920983569,332623065627,805159,41727,2944,0,7,2945.750,549.13
2100410404003,547920983569,1633890383700,134,41160,2879,0,6,2880.500,549.13
2100410404003,157822835994,1701765749340,9427,42851,3204,0,11,3206.750,549.13
2100410404003,157822835994,37590650789,113,40808,2879,0,6,2880.500,549.13
2100410404003,47980827849,1300864690654,68093,42076,3009,0,8,3011.000,549.13
2100410404003,47980827849,1540485444770,135,42185,3204,0,11,3206.750,549.13
2111477760857,FAILED,FAILED,FAILED,FAILED,FAILED,FAILED,FAILED,FAILED,FAILED
2121107970199,1713629736160,845289331430,441377,42643,3177,0,8,3179.000,1169.74
2121107970199,1713629736160,1692325358557,126,42535,3246,0,9,3248.250,1169.74
2121107970199,1239788694487,766873330739,142916,80720,3315,0,10,3317.500,1169.74
2121107970199,1239788694487,416674501630,263,78887,3315,0,10,3317.500,1169.74
2121107970199,1921356848486,1436775936421,288576,42684,3108,0,7,3109.750,1169.74
2121107970199,1921356848486,1667297066874,122,41910,3177,0,8,3179.000,1169.74
2121107970199,1779155610888,195898508929,1161507,43077,3315,0,10,3317.500,1169.74
2121107970199,1779155610888,455183603548,132,43060,3384,0,11,3386.750,1169.74
2121107970199,884030932008,1753709300805,143969,80493,3315,0,10,3317.500,1169.74
2121107970199,884030932008,62379094999,265,80969,3453,0,12,3456.000,1169.74
2121107970199,1179286293607,2102175334891,112259,41852,3039,0,6,3040.500,1169.74
2121107970199,1179286293607,1155768018232,124,41993,3246,0,9,3248.250,1169.74
2121107970199,935547653865,659855303885,579033,44995,3384,0,11,3386.750,1169.74
2121107970199,935547653865,740334255098,126,42350,3177,0,8,3179.000,1169.74
2121107970199,945383696445,151586100600,246199,42411,3108,0,7,3109.750,1169.74
2121107970199,945383696445,43598707263,116,40309,2901,0,4,2902.000,1169.74
2121107970199,798490675334,1668976838536,420908,41809,2970,0,5,2971.250,1169.74
2121107970199,798490675334,443083246450,134,43934,3453,0,12,3456.000,1169.74
2121107970199,2059910847889,2039090260750,234238,78553,3108,0,7,3109.750,1169.74
2121107970199,2059910847889,1803502102627,246,80576,3384,0,11,3386.750,1169.74
2126258064499,1049193570915,1065525221531,312397,43393,3359,0,10,3361.500,903.14
2126258064499,1049193570915,823748290405,132,42119,3219,0,8,3221.000,903.14
2126258064499,1540784168080,1126731697131,7169,42727,3359,0,10,3361.500,903.14
2126258064499,1540784168080,1799980961298,120,40642,3009,0,5,3010.250,903.14
2126258064499,1257348537055,1888974693853,13836,43767,3219,0,8,3221.000,903.14
2126258064499,1257348537055,2000565465925,116,41911,3079,0,6,3080.500,903.14
2126258064499,1650552813656,1061277634524,645565,43035,3289,0,9,3291.250,903.14
2126258064499,1650552813656,322372289676,121,43643,3569,0,13,3572.250,903.14
2126258064499,1464635227531,1736335934784,364609,42952,3359,0,10,3361.500,903.14
2126258064499,1464635227531,691806663897,124,41768,3149,0,7,3150.750,903.14
2126258064499,1207114974276,594840117737,56144,44160,3569,0,13,3572.250,903.14
2126258064499,1207114974276,987261728806,117,41434,3079,0,6,3080.500,903.14
2126258064499,735920631053,1559561545359,283196,44451,3569,0,13,3572.250,903.14
2126258064499,735920631053,1933327065979,137,42642,3359,0,10,3361.500,903.14
2126258064499,1524699569541,852793673785,936223,42976,3219,0,8,3221.000,903.14
2126258064499,1524699569541,559384136459,134,43327,3359,0,10,3361.500,903.14
2126258064499,1333301005009,1470075287161,106634,42642,3149,0,7,3150.750,903.14
2126258064499,1333301005009,564887137433,135,44453,3429,0,11,3431.750,903.14
2126258064499,647634199373,1504498195791,201582,42434,3149,0,7,3150.750,903.14
2126258064499,647634199373,1338234988662,131,43077,3359,0,10,3361.500,903.14
2126640706061,141344280820,323893796448,72006,44142,3303,0,10,3305.500,530.75
2126640706061,141344280820,1242791328779,124,43535,3243,0,9,3245.250,530.75
2126640706061,1629384842794,59025655676,255917,41435,2961,0,5,2962.250,530.75
2126640706061,1629384842794,1616407476790,120,44267,3567,0,13,3570.250,530.75
2126640706061,1037228098844,549983823042,78486,43535,3213,0,8,3215.000,530.75
2126640706061,1037228098844,1030261537192,117,42643,3129,0,7,3130.750,530.75
2126640706061,1818177358135,1369758114612,514224,44452,3513,0,12,3516.000,530.75
2126640706061,1818177358135,1960319846701,122,41810,2973,0,5,2974.250,530.75
2126640706061,1582184834914,1144216565010,16297,44850,3297,0,9,3299.250,530.75
2126640706061,1582184834914,1989467966288,144,44993,3279,0,9,3281.250,530.75
2126640706061,405005817651,1009267429441,3146,43370,3225,0,8,3227.000,530.75
2126640706061,405005817651,232863239330,139,42392,3225,0,8,3227.000,530.75
2126640706061,1872951765496,1650731867975,308851,44851,3363,0,10,3365.500,530.75
2126640706061,1872951765496,1290974319559,130,45369,3423,0,11,3425.750,530.75
2126640706061,148474087134,2004957568153,91316,44118,3519,0,12,3522.000,530.75
2126640706061,148474087134,915535723980,122,42517,3189,0,8,3191.000,530.75
2126640706061,262723187436,975035984152,53707,43785,3213,0,8,3215.000,530.75
2126640706061,262723187436,593662425962,107,41935,3069,0,6,3070.500,530.75
2126640706061,427928184265,847158531178,286346,44702,3465,0,12,3468.000,530.75
2126640706061,427928184265,531614886673,118,43601,3315,0,10,3317.500,530.75
2128407901231,780139772654,1728469966858,246330,44143,3474,0,11,3476.750,866.12
2128407901231,780139772654,26636745236,114,42744,3403,0,10,3405.500,866.12
2128407901231,1612697701000,71733256636,272118,45602,3545,0,12,3548.000,866.12
2128407901231,1612697701000,1739704532082,101,43202,3403,0,10,3405.500,866.12
2128407901231,1780545346189,1792002318873,74215,82095,3332,0,9,3334.250,866.12
2128407901231,1780545346189,1156558053762,249,81868,3545,0,12,3548.000,866.12
2128407901231,616908076926,1094286514075,92909,41368,3048,0,5,3049.250,866.12
2128407901231,616908076926,2087111548950,138,42183,3261,0,8,3263.000,866.12
2128407901231,819320190998,866064226383,659140,43018,3190,0,7,3191.750,866.12
2128407901231,819320190998,1731201226604,128,43994,3474,0,11,3476.750,866.12
2128407901231,44896256394,744826511186,524457,43059,3403,0,10,3405.500,866.12
2128407901231,44896256394,1482969565922,119,41202,3190,0,7,3191.750,866.12
2128407901231,1598783062661,1756833820470,115057,41100,3048,0,5,3049.250,866.12
2128407901231,1598783062661,1875389591778,130,41309,3119,0,6,3120.500,866.12
2128407901231,1565727137012,1070557602117,450215,41226,3119,0,6,3120.500,866.12
2128407901231,1565727137012,1451298259023,130,42143,3261,0,8,3263.000,866.12
2128407901231,452759544198,1467754848867,30447,81887,3403,0,10,3405.500,866.12
2128407901231,452759544198,2057697120318,261,77452,3261,0,8,3263.000,866.12
2128407901231,1984866267456,174202657727,297005,42685,3403,0,10,3405.500,866.12
2128407901231,1984866267456,1356671191774,135,42660,3403,0,10,3405.500,866.12
2129430664213,1712728563035,1752798808977,17444,43017,3258,0,7,3259.750,644.39
2129430664213,1712728563035,2060383441855,138,44410,3570,0,11,3572.750,644.39
2129430664213,769776141143,436543800797,200651,42184,3120,0,5,3121.250,644.39
2129430664213,769776141143,1894902496395,125,42768,3195,0,6,3196.500,644.39
2129430664213,756853020760,1356664047869,199024,43660,3279,0,8,3281.000,644.39
2129430664213,756853020760,1864930512436,133,43393,3483,0,10,3485.500,644.39
2129430664213,514945700421,1092460848922,147155,42619,3252,0,7,3253.750,644.39
2129430664213,514945700421,666609828817,119,41351,3057,0,4,3058.000,644.39
2129430664213,783202964377,597247150883,470272,42517,3252,0,7,3253.750,644.39
2129430664213,783202964377,1754531921586,138,44560,3690,0,13,3693.250,644.39
2129430664213,1239910393157,1920150693229,39966,44102,3447,0,10,3449.500,644.39
2129430664213,1239910393157,212128269212,120,43352,3402,0,9,3404.250,644.39
2129430664213,1765857442971,1642267531234,257523,45893,3471,0,10,3473.500,644.39
2129430664213,1765857442971,584065663533,131,43701,3264,0,7,3265.750,644.39
2129430664213,1463630935177,1578567416726,94107,44642,3390,0,9,3392.250,644.39
2129430664213,1463630935177,1081125285682,135,43743,3414,0,9,3416.250,644.39
2129430664213,1835449646248,473761379936,38154,42577,3177,0,6,3178.500,644.39
2129430664213,1835449646248,1224089022152,132,44559,3732,0,13,3735.250,644.39
2129430664213,1708056081000,398197740243,554437,42767,3183,0,6,3184.500,644.39
2129430664213,1708056081000,2024104532137,120,43910,3270,0,7,3271.750,644.39
2135127797449,FAILED,FAILED,FAILED,FAILED,FAILED,FAILED,FAILED,FAILED,FAILED
2145878925133,792414408435,86718859730,705569,44685,3383,0,10,3385.500,842.75
2145878925133,792414408435,219155163303,124,43869,3310,0,9,3312.250,842.75
2145878925133,2070663815726,633124937094,413455,42976,3322,0,9,3324.250,842.75
2145878925133,2070663815726,823998931731,120,42558,3249,0,8,3251.000,842.75
2145878925133,207192614603,675937039042,75148,44352,3340,0,9,3342.250,842.75
2145878925133,207192614603,1685459731591,134,43452,3310,0,9,3312.250,842.75
2145878925133,1063649975748,1825178762403,202804,44368,3395,0,10,3397.500,842.75
2145878925133,1063649975748,361055604411,116,42518,3170,0,7,3171.750,842.75
2145878925133,1832260796286,650681961907,43871,44393,3298,0,9,3300.250,842.75
2145878925133,1832260796286,143138840372,124,42452,3091,0,6,3092.500,842.75
2145878925133,246625460017,967908137723,376268,42851,3298,0,9,3300.250,842.75
2145878925133,246625460017,1931396938849,117,42993,3353,0,10,3355.500,842.75
2145878925133,170713172027,1696895149392,330174,43768,3298,0,9,3300.250,842.75
2145878925133,170713172027,1360635121401,114,41993,3103,0,6,3104.500,842.75
2145878925133,1133046738822,1628734019490,148642,43660,3365,0,10,3367.500,842.75
2145878925133,1133046738822,301755355600,133,42643,3073,0,6,3074.500,842.75
2145878925133,1054299135232,761401076643,168491,44851,3517,0,12,3520.000,842.75
2145878925133,1054299135232,80560621423,133,45285,3547,0,12,3550.000,842.75
2145878925133,1852908760266,1528051990274,197860,44035,3231,0,8,3233.000,842.75
2145878925133,1852908760266,128031541100,126,43267,3237,0,8,3239.000,842.75
2146244466931,847876977837,805430404052,240294,42018,3177,0,8,3179.000,451.54
2146244466931,847876977837,236578586324,131,42493,3246,0,9,3248.250,451.54
2146244466931,2055428656552,73750814350,142704,44560,3522,0,13,3525.250,451.54
2146244466931,2055428656552,744740793805,121,43452,3384,0,11,3386.750,451.54
2146244466931,1635738699591,282498496404,156083,42618,3315,0,10,3317.500,451.54
2146244466931,1635738699591,235056357097,130,41768,3177,0,8,3179.000,451.54
2146244466931,1196721224561,1235976143612,250546,43267,3384,0,11,3386.750,451.54
2146244466931,1196721224561,812223562982,144,43786,3591,0,14,3594.500,451.54
2146244466931,1377521048250,223479367531,472338,42726,3246,0,9,3248.250,451.54
2146244466931,1377521048250,710435538546,138,42309,3177,0,8,3179.000,451.54
2146244466931,146788048150,140216222942,4961,43327,3315,0,10,3317.500,451.54
2146244466931,146788048150,1042407935704,129,43184,3246,0,9,3248.250,451.54
2146244466931,178561674509,1793724728467,17609,43869,3384,0,11,3386.750,451.54
2146244466931,178561674509,2137491270068,190,61076,3522,0,13,3525.250,451.54
2146244466931,1785672265008,1265591624405,63768,42102,3108,0,7,3109.750,451.54
2146244466931,1785672265008,1442947721729,140,42452,3315,0,10,3317.500,451.54
2146244466931,1599424760377,302439222550,32709,42184,3177,0,8,3179.000,451.54
2146244466931,1599424760377,494217443961,132,43202,3384,0,11,3386.750,451.54
2146244466931,887782029174,1440918845534,54218,41060,2901,0,4,2902.000,451.54
2146244466931,887782029174,819185437645,122,42452,3315,0,10,3317.500,451.54
2146941059113,FAILED,FAILED,FAILED,FAILED,FAILED,FAILED,FAILED,FAILED,FAILED
2147465632483,1315891884653,369158375600,35239,42517,3272,0,7,3273.750,977.48
2147465632483,1315891884653,538047429032,120,42076,3345,0,8,3347.000,977.48
2147465632483,405092487216,1777988625151,213623,43743,3418,0,9,3420.250,977.48
2147465632483,405092487216,651905303712,125,43601,3637,0,12,3640.000,977.48
2147465632483,687715717260,1239172836859,841111,43702,3126,0,5,3127.250,977.48
2147465632483,687715717260,548543591986,131,45017,3491,0,10,3493.500,977.48
2147465632483,32962355436,79328402419,233265,42018,3345,0,8,3347.000,977.48
2147465632483,32962355436,1179118001463,120,41892,3272,0,7,3273.750,977.48
2147465632483,1742403527994,307269872477,2308,41576,2980,0,3,2980.750,977.48
2147465632483,1742403527994,157643169737,124,44017,3637,0,12,3640.000,977.48
2147465632483,254525055340,1873786550048,762458,42684,3345,0,8,3347.000,977.48
2147465632483,254525055340,910559155572,118,41142,3126,0,5,3127.250,977.48
2147465632483,1799065878814,1334307025562,255759,44435,3272,0,7,3273.750,977.48
2147465632483,1799065878814,1949057044651,136,44118,3491,0,10,3493.500,977.48
2147465632483,2102294670150,314048459209,478122,42785,3345,0,8,3347.000,977.48
2147465632483,2102294670150,1411248067085,119,43060,3345,0,8,3347.000,977.48
2147465632483,495082698771,607153866210,296488,41976,3272,0,7,3273.750,977.48
2147465632483,495082698771,914679090310,128,42309,3418,0,9,3420.250,977.48
2147465632483,1766639535257,1743418314830,256,44393,3345,0,8,3347.000,977.48
2147465632483,1766639535257,2026998395923,125,42993,3418,0,9,3420.250,977.48
2147827401959,1266916338821,106238802160,107840,41933,3051,0,8,3053.000,526.43
2147827401959,1266916338821,650108867593,129,41810,3117,0,9,3119.250,526.43
2147827401959,180178869680,1167491686166,167344,42619,3249,0,11,3251.750,526.43
2147827401959,180178869680,283052752185,109,42435,3117,0,9,3119.250,526.43
2147827401959,826485595841,2108616747223,111628,41451,2985,0,7,2986.750,526.43
2147827401959,826485595841,1306953271597,115,40601,2787,0,4,2788.000,526.43
2147827401959,704317882225,1906746503716,234943,41975,3051,0,8,3053.000,526.43
2147827401959,704317882225,134111573105,141,42536,3183,0,10,3185.500,526.43
2147827401959,1228684362927,1709700098211,400441,42993,3117,0,9,3119.250,526.43
2147827401959,1228684362927,1075782732429,134,43060,3381,0,13,3384.250,526.43
2147827401959,112975531940,2001257996639,95345,42059,3117,0,9,3119.250,526.43
2147827401959,112975531940,2003164161854,125,40934,2919,0,6,2920.500,526.43
2147827401959,959110000431,308411831783,17183,41660,3117,0,9,3119.250,526.43
2147827401959,959110000431,1956063122476,130,42768,3315,0,12,3318.000,526.43
2147827401959,357955445979,471632577122,185019,42743,3249,0,11,3251.750,526.43
2147827401959,357955445979,2131200566914,131,41392,3051,0,8,3053.000,526.43
2147827401959,2090325289329,2027206534115,402870,41809,2985,0,7,2986.750,526.43
2147827401959,2090325289329,1951082488946,135,42452,3051,0,8,3053.000,526.43
2147827401959,1462299808083,702970071360,11435,42434,3051,0,8,3053.000,526.43
2147827401959,1462299808083,123822125084,122,41893,3051,0,8,3053.000,526.43
2151195358171,1137048642727,1353585899153,477675,43893,3403,0,10,3405.500,1151.25
2151195358171,1137048642727,1463608987718,128,44285,3474,0,11,3476.750,1151.25
2151195358171,1708465563027,212834369233,392608,42684,3048,0,5,3049.250,1151.25
2151195358171,1708465563027,1195990483612,124,41828,3048,0,5,3049.250,1151.25
2151195358171,1638375797095,1134970844556,9269,42767,3332,0,9,3334.250,1151.25
2151195358171,1638375797095,2118515909705,128,42976,3474,0,11,3476.750,1151.25
2151195358171,659152928166,1107412826284,759295,42952,3261,0,8,3263.000,1151.25
2151195358171,659152928166,1397281747707,133,42477,3403,0,10,3405.500,1151.25
2151195358171,836294156009,34400613881,770027,43702,3545,0,12,3548.000,1151.25
2151195358171,836294156009,1144045285827,121,42393,3261,0,8,3263.000,1151.25
2151195358171,1559704012855,758031733881,628121,42477,3190,0,7,3191.750,1151.25
2151195358171,1559704012855,1960318926828,139,42850,3332,0,9,3334.250,1151.25
2151195358171,2122637918147,671208326250,147143,76660,3119,0,6,3120.500,1151.25
2151195358171,2122637918147,145614684488,250,77302,3261,0,8,3263.000,1151.25
2151195358171,561773579482,1879315834838,432679,42934,3403,0,10,3405.500,1151.25
2151195358171,561773579482,1262248173950,120,42160,3190,0,7,3191.750,1151.25
2151195358171,2029433996882,240749188987,60513,43702,3474,0,11,3476.750,1151.25
2151195358171,2029433996882,165737005821,120,41726,3119,0,6,3120.500,1151.25
2151195358171,876652482673,656714744860,45181,41517,3119,0,6,3120.500,1151.25
2151195358171,876652482673,966857677774,135,43703,3545,0,12,3548.000,1151.25
2154894281173,1973218019473,11382917864,30573,42183,3252,0,7,3253.750,632.97
2154894281173,1973218019473,392423245071,126,40743,2997,0,4,2998.000,632.97
2154894281173,847421071343,1654975599239,8546,42767,3228,0,7,3229.750,632.97
2154894281173,847421071343,1378798464354,107,42536,3315,0,8,3317.000,632.97
2154894281173,1412924857982,2127004603379,153391,44477,3402,0,9,3404.250,632.97
2154894281173,1412924857982,1654334181370,116,43517,3309,0,8,3311.000,632.97
2154894281173,1172336721941,916103867128,411458,43744,3378,0,9,3380.250,632.97
2154894281173,1172336721941,1304514456731,138,42476,3171,0,6,3172.500,632.97
2154894281173,306889650549,360272107310,402791,43078,3345,0,8,3347.000,632.97
2154894281173,306889650549,1845056686291,133,43809,3096,0,5,3097.250,632.97
2154894281173,71512171370,955253234813,291710,42685,3270,0,7,3271.750,632.97
2154894281173,71512171370,619128013149,101,41701,3078,0,5,3079.250,632.97
2154894281173,433481761570,123408093503,31930,43243,3327,0,8,3329.000,632.97
2154894281173,433481761570,1066035750144,125,43268,3408,0,9,3410.250,632.97
2154894281173,1271493552073,114855782606,182845,42452,3165,0,6,3166.500,632.97
2154894281173,1271493552073,1271360431871,131,43267,3270,0,7,3271.750,632.97
2154894281173,300605194785,1229393936698,119189,41410,3027,0,4,3028.000,632.97
2154894281173,300605194785,787872511710,130,42268,3234,0,7,3235.750,632.97
2154894281173,1709585573961,325355239639,358960,43309,3309,0,8,3311.000,632.97
2154894281173,1709585573961,1371819701969,133,43743,3495,0,10,3497.500,632.97
2160251042371,203881732828,129058903636,435954,43185,3637,0,12,3640.000,1189.23
2160251042371,203881732828,1148180702744,135,43201,3637,0,12,3640.000,1189.23
2160251042371,2013088779086,99292793758,82854,44309,3637,0,12,3640.000,1189.23
2160251042371,2013088779086,1407766125109,129,42976,3491,0,10,3493.500,1189.23
2160251042371,49544500311,1159281882017,10036,42517,3418,0,9,3420.250,1189.23
2160251042371,49544500311,1805869102081,125,42935,3564,0,11,3566.750,1189.23
2160251042371,2108377211428,1508646830002,718449,43809,3637,0,12,3640.000,1189.23
2160251042371,2108377211428,2070985140671,127,41977,3272,0,7,3273.750,1189.23
2160251042371,15106715549,1602995288204,145044,42910,3418,0,9,3420.250,1189.23
2160251042371,15106715549,12110005359,126,42727,3345,0,8,3347.000,1189.23
2160251042371,1976773034777,788515043392,436189,44059,3491,0,10,3493.500,1189.23
2160251042371,1976773034777,1039386759325,125,43618,3491,0,10,3493.500,1189.23
2160251042371,1454126203214,476285288566,775019,42434,3345,0,8,3347.000,1189.23
2160251042371,1454126203214,722875396934,134,42285,3418,0,9,3420.250,1189.23
2160251042371,558056823787,1154621293425,926792,42226,3418,0,9,3420.250,1189.23
2160251042371,558056823787,1330338819747,106,41102,3126,0,5,3127.250,1189.23
2160251042371,521379639284,782511769841,76756,42951,3345,0,8,3347.000,1189.23
2160251042371,521379639284,2036222005278,127,43268,3418,0,9,3420.250,1189.23
2160251042371,1156108750555,104649316089,166576,44036,3564,0,11,3566.750,1189.23
2160251042371,1156108750555,449103615846,124,42600,3272,0,7,3273.750,1189.23
2161815294901,635342917875,691385797210,504609,44868,3509,0,10,3511.500,835.28
2161815294901,635342917875,1413642821314,129,42601,3217,0,6,3218.500,835.28
2161815294901,1443739061980,1190735339526,458906,44577,3439,0,9,3441.250,835.28
2161815294901,1443739061980,52093834673,118,42975,3363,0,8,3365.000,835.28
2161815294901,276212293322,1374262371633,198005,43808,3381,0,8,3383.000,835.28
2161815294901,276212293322,198474478735,122,42852,3287,0,7,3288.750,835.28
2161815294901,517997472956,1809828420503,69135,45809,3585,0,11,3587.750,835.28
2161815294901,517997472956,1487777528551,139,43870,3357,0,8,3359.000,835.28
2161815294901,2142949040294,1768799527056,135195,42101,3135,0,5,3136.250,835.28
2161815294901,2142949040294,875574855497,124,43285,3597,0,11,3599.750,835.28
2161815294901,36871517089,1735567324330,497578,43744,3375,0,8,3377.000,835.28
2161815294901,36871517089,673351016068,129,44558,3615,0,11,3617.750,835.28
2161815294901,288158579393,524536040679,32969,44642,3615,0,11,3617.750,835.28
2161815294901,288158579393,226096253877,123,43286,3381,0,8,3383.000,835.28
2161815294901,469474858933,179101920286,56621,44452,3533,0,10,3535.500,835.28
2161815294901,469474858933,1970008971155,122,43018,3257,0,7,3258.750,835.28
2161815294901,1992826245267,1041406939508,293639,43933,3591,0,11,3593.750,835.28
2161815294901,1992826245267,399177372181,125,42910,3381,0,8,3383.000,835.28
2161815294901,335746978997,1170790146511,360104,43851,3591,0,11,3593.750,835.28
2161815294901,335746978997,600778267307,132,43827,3573,0,11,3575.750,835.28
2163465951917,1627069111481,1383638720115,78999,42268,3177,0,6,3178.500,860.60
2163465951917,1627069111481,695909048732,115,42494,3333,0,8,3335.000,860.60
2163465951917,939467952860,1568768210101,202548,42601,3189,0,6,3190.500,860.60
2163465951917,939467952860,1665334492201,121,42851,3315,0,8,3317.000,860.60
2163465951917,615813467354,173377655169,751988,43619,3315,0,8,3317.000,860.60
2163465951917,615813467354,202995726153,132,44017,3345,0,8,3347.000,860.60
2163465951917,263528236377,1292447960544,261027,44559,3558,0,11,3560.750,860.60
2163465951917,263528236377,1459029223410,117,41661,3027,0,4,3028.000,860.60
2163465951917,8767662812,1992863991434,18422,43993,3291,0,8,3293.000,860.60
2163465951917,8767662812,1602675703744,118,42934,3171,0,6,3172.500,860.60
2163465951917,747310357562,2041517269752,864964,43702,3426,0,9,3428.250,860.60
2163465951917,747310357562,85341134295,134,43642,3453,0,10,3455.500,860.60
2163465951917,648259248825,231823951603,36936,45018,3396,0,9,3398.250,860.60
2163465951917,648259248825,1427363961066,119,44160,3426,0,9,3428.250,860.60
2163465951917,1731981555693,705830486233,277600,81011,3297,0,8,3299.000,860.60
2163465951917,1731981555693,1169087399498,243,81095,3408,0,9,3410.250,860.60
2163465951917,708173722051,651997737070,146032,45077,3570,0,11,3572.750,860.60
2163465951917,708173722051,1735465643350,127,42225,3108,0,5,3109.250,860.60
2163465951917,1412029100612,1270407593690,64396,45017,3639,0,12,3642.000,860.60
2163465951917,1412029100612,1200216507820,132,42744,3240,0,7,3241.750,860.60
2165533289221,713274155974,338535846775,365719,43036,3383,0,10,3385.500,1076.61
2165533289221,713274155974,961006552476,112,42726,3176,0,7,3177.750,1076.61
2165533289221,598057189964,810909394426,1050512,43828,3322,0,9,3324.250,1076.61
2165533289221,598057189964,2040990907327,137,44059,3535,0,12,3538.000,1076.61
2165533289221,1356523314677,1787317734748,243386,44036,3395,0,10,3397.500,1076.61
2165533289221,1356523314677,1690060228100,120,44351,3462,0,11,3464.750,1076.61
2165533289221,1662307726048,324347166015,161098,43392,3267,0,8,3269.000,1076.61
2165533289221,1662307726048,1117641282589,123,42685,3152,0,7,3153.750,1076.61
2165533289221,1492936266522,872586975361,653207,45059,3486,0,11,3488.750,1076.61
2165533289221,1492936266522,1509246675104,130,43327,3298,0,9,3300.250,1076.61
2165533289221,847029436329,319396656377,3228,42993,3310,0,9,3312.250,1076.61
2165533289221,847029436329,1437119503160,108,42685,3249,0,8,3251.000,1076.61
2165533289221,1156462755079,1163426214051,242075,43118,3322,0,9,3324.250,1076.61
2165533289221,1156462755079,336923809867,111,42393,3219,0,8,3221.000,1076.61
2165533289221,164619410987,83705741042,223129,42476,3048,0,5,3049.250,1076.61
2165533289221,164619410987,82061082794,135,44202,3401,0,10,3403.500,1076.61
2165533289221,249449018683,255123269245,100330,42934,3304,0,9,3306.250,1076.61
2165533289221,249449018683,1522940331831,120,42952,3298,0,9,3300.250,1076.61
2165533289221,233003342639,212304907176,341575,44410,3334,0,9,3336.250,1076.61
2165533289221,233003342639,369623321889,128,43143,3231,0,8,3233.000,1076.61
2168430898811,366458064722,865079628206,120410,43185,3315,0,10,3317.500,1213.49
2168430898811,366458064722,633408329938,115,41452,3177,0,8,3179.000,1213.49
2168430898811,2150977146636,6471662475,214301,79928,3384,0,11,3386.750,1213.49
2168430898811,2150977146636,297949442319,237,75202,2970,0,5,2971.250,1213.49
2168430898811,1933276781723,1033811413633,180802,42726,3315,0,10,3317.500,1213.49
2168430898811,1933276781723,1448648495610,121,41827,3108,0,7,3109.750,1213.49
2168430898811,71961797371,857867411914,279801,42268,3177,0,8,3179.000,1213.49
2168430898811,71961797371,482427852507,126,41827,3108,0,7,3109.750,1213.49
2168430898811,525355905579,1703808433809,860574,44101,3315,0,10,3317.500,1213.49
2168430898811,525355905579,1275443805539,118,42868,3177,0,8,3179.000,1213.49
2168430898811,1400482637279,427974539016,204947,42351,3246,0,9,3248.250,1213.49
2168430898811,1400482637279,1569869186271,124,41661,3177,0,8,3179.000,1213.49
2168430898811,825515149839,1889479308054,66852,40850,2832,0,3,2832.750,1213.49
2168430898811,825515149839,550756774898,135,42685,3108,0,7,3109.750,1213.49
2168430898811,1505226460492,1763748911279,17174,75951,2970,0,5,2971.250,1213.49
2168430898811,1505226460492,738358140478,243,78636,3246,0,9,3248.250,1213.49
2168430898811,661639511979,39185732045,377143,42809,3177,0,8,3179.000,1213.49
2168430898811,661639511979,799708575757,115,41702,3108,0,7,3109.750,1213.49
2168430898811,1514276612466,1764992277074,1644143,42226,3177,0,8,3179.000,1213.49
2168430898811,1514276612466,1709818856366,145,43035,3177,0,8,3179.000,1213.49
2174783981549,752504314658,949833327296,269406,43727,3211,0,7,3212.750,628.71
2174783981549,752504314658,1338955537063,127,44244,3501,0,11,3503.750,628.71
2174783981549,1646187794030,1287339485017,351030,81910,3365,0,9,3367.250,628.71
2174783981549,1646187794030,1558815123904,260,82178,3439,0,10,3441.500,628.71
2174783981549,2097123743726,1634413525011,11045,44352,3173,0,6,3174.500,628.71
2174783981549,2097123743726,809149889585,125,43327,3057,0,5,3058.250,628.71
2174783981549,1828498383880,213547633058,203097,43310,3063,0,5,3064.250,628.71
2174783981549,1828498383880,36080615762,129,43743,3427,0,10,3429.500,628.71
2174783981549,273438302190,383319400596,193948,44185,3273,0,8,3275.000,628.71
2174783981549,273438302190,843593934012,122,42827,3285,0,8,3287.000,628.71
2174783981549,1386451072603,327985949509,371658,44161,3501,0,11,3503.750,628.71
2174783981549,1386451072603,55943797215,127,43308,3273,0,8,3275.000,628.71
2174783981549,1342589603836,2121899246284,120650,43810,3365,0,9,3367.250,628.71
2174783981549,1342589603836,2021163302166,128,44602,3569,0,12,3572.000,628.71
2174783981549,146033293162,790337455478,217060,43434,3365,0,9,3367.250,628.71
2174783981549,146033293162,1098869986417,120,43078,3243,0,8,3245.000,628.71
2174783981549,1915819296249,1535394152076,178191,80136,3291,0,8,3293.000,628.71
2174783981549,1915819296249,345650964894,253,79953,3359,0,9,3361.250,628.71
2174783981549,89295590397,1430026349915,59833,43744,3273,0,8,3275.000,628.71
2174783981549,89295590397,275607433016,124,42934,3377,0,9,3379.250,628.71
2184149731999,886765370728,1966281994435,582529,42309,3095,0,10,3097.500,902.64
2184149731999,886765370728,453600892887,134,42660,3159,0,11,3161.750,902.64
2184149731999,1578193810394,259784860699,632088,77177,3095,0,10,3097.500,902.64
2184149731999,1578193810394,514751331507,256,79512,3223,0,12,3226.000,902.64
2184149731999,804860257255,1087545811871,259721,41560,2903,0,7,2904.750,902.64
2184149731999,804860257255,984860754326,141,43410,3351,0,14,3354.500,902.64
2184149731999,488351162100,69337386035,94613,42810,3223,0,12,3226.000,902.64
2184149731999,488351162100,1078266524524,131,42225,3223,0,12,3226.000,902.64
2184149731999,1761063878005,462121546373,422237,42851,3159,0,11,3161.750,902.64
2184149731999,1761063878005,337212441681,127,42327,3031,0,9,3033.250,902.64
2184149731999,1478819404447,1805483077320,65733,43435,3223,0,12,3226.000,902.64
2184149731999,1478819404447,1505795626870,138,42743,3223,0,12,3226.000,902.64
2184149731999,1789243417434,1065963711694,260526,42350,3095,0,10,3097.500,902.64
2184149731999,1789243417434,294178188244,138,42620,3159,0,11,3161.750,902.64
2184149731999,1230406584820,917949188003,153944,42309,3031,0,9,3033.250,902.64
2184149731999,1230406584820,2057161376150,145,42518,3159,0,11,3161.750,902.64
2184149731999,684259550222,1350902582342,280024,43743,3159,0,11,3161.750,902.64
2184149731999,684259550222,1264914005333,129,42852,3095,0,10,3097.500,902.64
2184149731999,1154596885562,1920321103918,240411,42535,3031,0,9,3033.250,902.64
2184149731999,1154596885562,717809070063,126,41059,2839,0,6,2840.500,902.64
2187023352011,1209633806314,54702907495,460119,40643,2799,0,6,2800.500,544.98
2187023352011,1209633806314,702555793080,121,40577,2799,0,6,2800.500,544.98
2187023352011,941412072439,925604577827,180957,41435,2862,0,7,2863.750,544.98
2187023352011,941412072439,2006894447171,132,41910,2925,0,8,2927.000,544.98
2187023352011,1937755823925,2048067449318,3252,76761,2925,0,8,2927.000,544.98
2187023352011,1937755823925,2098364455685,237,75785,2988,0,9,2990.250,544.98
2187023352011,1762545698297,2085082473381,67513,40518,2673,0,4,2674.000,544.98
2187023352011,1762545698297,1695415279251,124,40559,2862,0,7,2863.750,544.98
2187023352011,239535925917,2031033275540,25876,41308,2925,0,8,2927.000,544.98
2187023352011,239535925917,1015647698678,107,41726,2988,0,9,2990.250,544.98
2187023352011,891149245958,784038485723,310489,42494,3114,0,11,3116.750,544.98
2187023352011,891149245958,117253594302,125,42685,3177,0,12,3180.000,544.98
2187023352011,1103044924362,1585897314238,507044,41536,2925,0,8,2927.000,544.98
2187023352011,1103044924362,1429971850275,120,41142,2925,0,8,2927.000,544.98
2187023352011,842324693925,2147726935303,63539,43059,2925,0,8,2927.000,544.98
2187023352011,842324693925,7089841471,126,41060,2799,0,6,2800.500,544.98
2187023352011,53126296898,1759657108635,101917,41683,2925,0,8,2927.000,544.98
2187023352011,53126296898,889103628880,139,42393,3114,0,11,3116.750,544.98
2187023352011,1501973254434,1302926222288,103021,41577,2988,0,9,2990.250,544.98
2187023352011,1501973254434,235043917036,139,40602,2799,0,6,2800.500,544.98
2191291057583,321475172101,213977637245,141380,43726,3223,0,12,3226.000,226.76
2191291057583,321475172101,1628000672778,131,42017,2967,0,8,2969.000,226.76
2191291057583,17505833623,1547217591329,4329,73743,2775,0,5,2776.250,226.76
2191291057583,17505833623,902283198632,277,82844,2967,0,8,2969.000,226.76
2191291057583,221003508056,1726237325699,30940,42619,2903,0,7,2904.750,226.76
2191291057583,221003508056,1136400687157,121,42852,3095,0,10,3097.500,226.76
2191291057583,680329498423,1074646734272,167873,40477,2647,0,3,2647.750,226.76
2191291057583,680329498423,827677213545,134,43035,3223,0,12,3226.000,226.76
2191291057583,1071913130868,1745901881941,40569,78094,2903,0,7,2904.750,226.76
2191291057583,1071913130868,1481772355231,260,80161,3223,0,12,3226.000,226.76
2191291057583,542594648742,2056522491504,122497,41226,2903,0,7,2904.750,226.76
2191291057583,542594648742,857703101893,130,42600,3159,0,11,3161.750,226.76
2191291057583,1859234249556,1943149665644,84728,41600,2903,0,7,2904.750,226.76
2191291057583,1859234249556,260981952704,147,43993,3351,0,14,3354.500,226.76
2191291057583,655788131771,713561662023,91920,41433,2967,0,8,2969.000,226.76
2191291057583,655788131771,198776676890,133,41453,3031,0,9,3033.250,226.76
2191291057583,2079455817048,500391803725,7314,76785,3031,0,9,3033.250,226.76
2191291057583,2079455817048,2018958145582,255,77053,3159,0,11,3161.750,226.76
2191291057583,1634043143207,830731154316,61469,42142,2903,0,7,2904.750,226.76
2191291057583,1634043143207,958650854147,124,42727,2967,0,8,2969.000,226.76
2193319870783,189944553199,828672403024,55803,42018,3095,0,10,3097.500,593.94
2193319870783,189944553199,962177155431,132,42702,3159,0,11,3161.750,593.94
2193319870783,1357992522856,1454126098828,89561,42451,3159,0,11,3161.750,593.94
2193319870783,1357992522856,566965851307,129,40476,2903,0,7,2904.750,593.94
2193319870783,1931161015389,614225120538,95833,40602,2839,0,6,2840.500,593.94
2193319870783,1931161015389,2014674711599,129,42434,3095,0,10,3097.500,593.94
2193319870783,529759406999,262257734861,68504,42160,3031,0,9,3033.250,593.94
2193319870783,529759406999,269162825932,124,42142,2967,0,8,2969.000,593.94
2193319870783,893935683717,635022179463,134327,43601,3223,0,12,3226.000,593.94
2193319870783,893935683717,1294443638608,137,43743,3223,0,12,3226.000,593.94
2193319870783,813637378344,2120511907562,482484,42893,3031,0,9,3033.250,593.94
2193319870783,813637378344,228599390503,141,42077,2967,0,8,2969.000,593.94
2193319870783,19212731972,1141189580853,7722,41618,2903,0,7,2904.750,593.94
2193319870783,19212731972,956144710195,126,41434,2903,0,7,2904.750,593.94
2193319870783,1235767156164,155386435352,164904,78761,2967,0,8,2969.000,593.94
2193319870783,1235767156164,173354970093,258,77576,2967,0,8,2969.000,593.94
2193319870783,884812527521,1049816050232,185796,42017,2903,0,7,2904.750,593.94
2193319870783,884812527521,1475938232422,125,41601,3031,0,9,3033.250,593.94
2193319870783,426329547237,792963551357,640820,42535,2903,0,7,2904.750,593.94
2193319870783,426329547237,744592978580,128,42935,3159,0,11,3161.750,593.94
2194084433459,416192341362,1542921510176,9219,44494,3375,0,9,3377.250,414.70
2194084433459,416192341362,2140631711102,119,42935,3303,0,8,3305.000,414.70
2194084433459,491786392377,954278610491,118087,43893,3519,0,11,3521.750,414.70
2194084433459,491786392377,81959863781,126,42952,3447,0,10,3449.500,414.70
2194084433459,1747534395480,1825988254247,200882,42977,3519,0,11,3521.750,414.70
2194084433459,1747534395480,258552648378,132,41244,3159,0,6,3160.500,414.70
2194084433459,1296617976341,1972311392156,6413,41560,3159,0,6,3160.500,414.70
2194084433459,1296617976341,738205380325,129,41910,3231,0,7,3232.750,414.70
2194084433459,2004781457711,1130537347925,223755,41934,3159,0,6,3160.500,414.70
2194084433459,2004781457711,1871478268990,125,42911,3447,0,10,3449.500,414.70
2194084433459,421331511257,1704414532957,30627,42577,3231,0,7,3232.750,414.70
2194084433459,421331511257,1820948390090,110,43142,3375,0,9,3377.250,414.70
2194084433459,27920581265,1386907810144,225904,42268,3231,0,7,3232.750,414.70
2194084433459,27920581265,1484900225732,133,41683,3303,0,8,3305.000,414.70
2194084433459,1119953616160,1162325198072,232387,44475,3375,0,9,3377.250,414.70
2194084433459,1119953616160,814760651547,134,42827,3375,0,9,3377.250,414.70
2194084433459,1302327395397,231690839682,258273,41685,3231,0,7,3232.750,414.70
2194084433459,1302327395397,567358078486,129,42160,3375,0,9,3377.250,414.70
2194084433459,1256894671079,1631397164565,26266,43184,3447,0,10,3449.500,414.70
2194084433459,1256894671079,308734797671,131,41518,3231,0,7,3232.750,414.70
2197172849587,429096479528,220071665329,1564612,42142,3219,0,8,3221.000,1488.75
2197172849587,429096479528,1529355825626,119,42328,3289,0,9,3291.250,1488.75
2197172849587,162567133622,2085912094323,28648,42118,3219,0,8,3221.000,1488.75
2197172849587,162567133622,1733279300067,144,42226,3289,0,9,3291.250,1488.75
2197172849587,1192371298307,914775439706,937877,41767,3079,0,6,3080.500,1488.75
2197172849587,1192371298307,596180040074,135,43202,3359,0,10,3361.500,1488.75
2197172849587,2081942803470,930205211292,294909,42059,3149,0,7,3150.750,1488.75
2197172849587,2081942803470,1339142436411,123,41685,3149,0,7,3150.750,1488.75
2197172849587,417264260178,858483799550,864011,41852,3219,0,8,3221.000,1488.75
2197172849587,417264260178,39279730713,118,41577,3079,0,6,3080.500,1488.75
2197172849587,1416712195917,147890844014,300857,42452,3149,0,7,3150.750,1488.75
2197172849587,1416712195917,1576731914394,118,41685,3149,0,7,3150.750,1488.75
2197172849587,360113462472,906182828870,129377,42035,3289,0,9,3291.250,1488.75
2197172849587,360113462472,56387764509,107,41101,3079,0,6,3080.500,1488.75
2197172849587,793617766873,2024774498624,125941,42994,3289,0,9,3291.250,1488.75
2197172849587,793617766873,1966142628382,116,41725,3009,0,5,3010.250,1488.75
2197172849587,906954230737,2046801108496,326757,42392,3219,0,8,3221.000,1488.75
2197172849587,906954230737,122575771050,119,39952,2869,0,3,2869.750,1488.75
2197172849587,621428245374,1701485711167,254110,43953,3429,0,11,3431.750,1488.75
2197172849587,621428245374,106733796848,108,41808,3219,0,8,3221.000,1488.75
2197603518217,FAILED,FAILED,FAILED,FAILED,FAILED,FAILED,FAILED,FAILED,FAILED
2199026708579,229232087212,1251363375823,1394975,42244,2730,0,9,2732.250,862.99
2199026708579,229232087212,1859522803153,153,41225,2673,0,8,2675.000,862.99
2199026708579,189901758030,494312542901,92268,41768,2730,0,9,2732.250,862.99
2199026708579,189901758030,1077625703169,121,40975,2730,0,9,2732.250,862.99
2199026708579,1634795593391,905981786076,281428,42118,2673,0,8,2675.000,862.99
2199026708579,1634795593391,1303493537643,131,40851,2616,0,7,2617.750,862.99
2199026708579,1054769099550,1235830441806,124735,40243,2445,0,4,2446.000,862.99
2199026708579,1054769099550,1967453032162,126,40685,2616,0,7,2617.750,862.99
2199026708579,1575515039559,392589996688,89984,41910,2730,0,9,2732.250,862.99
2199026708579,1575515039559,476209213307,127,41226,2673,0,8,2675.000,862.99
2199026708579,621694566575,423137624887,56382,42350,2844,0,11,2846.750,862.99
2199026708579,621694566575,157287232465,125,41160,2673,0,8,2675.000,862.99
2199026708579,1439323329105,1120100718814,102075,43619,2787,0,10,2789.500,862.99
2199026708579,1439323329105,1885781154875,134,41434,2616,0,7,2617.750,862.99
2199026708579,1904719592043,537432592138,64398,43601,2958,0,13,2961.250,862.99
2199026708579,1904719592043,214348132016,122,41951,2787,0,10,2789.500,862.99
2199026708579,108798060319,1237305969934,557758,42851,2901,0,12,2904.000,862.99
2199026708579,108798060319,597043286085,120,41477,2730,0,9,2732.250,862.99
2199026708579,187486644640,100957822812,190601,42602,2844,0,11,2846.750,862.99
2199026708579,187486644640,1023682129141,227,73510,2616,0,7,2617.750,862.99
2203020096553,FAILED,FAILED,FAILED,FAILED,FAILED,FAILED,FAILED,FAILED,FAILED
2204135245189,2051314312503,152203013851,1453945,43285,3147,0,11,3149.750,931.44
2204135245189,2051314312503,1866701836349,115,42435,2961,0,8,2963.000,931.44
2204135245189,62875599913,1247324099655,103000,43227,2883,0,7,2884.750,931.44
2204135245189,62875599913,1094331215101,134,42619,2913,0,7,2914.750,931.44
2204135245189,979045801534,1061333107593,337945,46244,3249,0,12,3252.000,931.44
2204135245189,979045801534,1579169066563,128,41726,2733,0,5,2734.250,931.44
2204135245189,252852222602,283568156984,6436,43827,3009,0,9,3011.250,931.44
2204135245189,252852222602,1918094185193,137,42934,2925,0,8,2927.000,931.44
2204135245189,509804686623,316850304057,297413,78927,2949,0,8,2951.000,931.44
2204135245189,509804686623,2039644898986,245,78036,2997,0,9,2999.250,931.44
2204135245189,669938104902,1167452459413,183268,43326,3039,0,9,3041.250,931.44
2204135245189,669938104902,234204663651,130,44018,3099,0,11,3101.750,931.44
2204135245189,1323498076980,936202564470,64040,43911,3051,0,10,3053.500,931.44
2204135245189,1323498076980,763681882914,122,42475,2865,0,7,2866.750,931.44
2204135245189,922971263369,380850534897,280553,45327,3219,0,12,3222.000,931.44
2204135245189,922971263369,366371101154,131,43518,3063,0,10,3065.500,931.44
2204135245189,1992441340224,787007234037,112200,42809,2811,0,6,2812.500,931.44
2204135245189,1992441340224,332999873889,114,42910,2895,0,7,2896.750,931.44
2204135245189,559729448105,694823608060,137284,43160,2937,0,8,2939.000,931.44
2204135245189,559729448105,742272341363,131,44393,3183,0,11,3185.750,931.44
2205885455363,1690352189663,932760137684,102052,40059,2739,0,7,2740.750,408.36
2205885455363,1690352189663,2177322325194,139,41892,2739,0,7,2740.750,408.36
2205885455363,2043084479942,1216589891528,217017,41725,2979,0,11,2981.750,408.36
2205885455363,2043084479942,1328863271667,128,38768,2559,0,4,2560.000,408.36
2205885455363,2135567075873,1051952317446,44174,41618,2739,0,7,2740.750,408.36
2205885455363,2135567075873,826442229845,144,41351,2799,0,8,2801.000,408.36
2205885455363,952258972985,1574624673678,10531,41142,2859,0,9,2861.250,408.36
2205885455363,952258972985,1468131921797,130,40202,2739,0,7,2740.750,408.36
2205885455363,2143095949791,1013777161044,120400,76618,2919,0,10,2921.500,408.36
2205885455363,2143095949791,225341820871,241,74552,2799,0,8,2801.000,408.36
2205885455363,2182071042285,1880436439561,188350,40476,2679,0,6,2680.500,408.36
2205885455363,2182071042285,78151902674,124,42185,3039,0,12,3042.000,408.36
2205885455363,1579092647281,244518255698,74058,41035,2739,0,7,2740.750,408.36
2205885455363,1579092647281,747103152292,110,41560,2799,0,8,2801.000,408.36
2205885455363,466324959883,1409711774650,52062,41953,2619,0,5,2620.250,408.36
2205885455363,466324959883,1379997485482,122,42517,2919,0,10,2921.500,408.36
2205885455363,1150726817097,1231436819979,297205,41393,2859,0,9,2861.250,408.36
2205885455363,1150726817097,1011423419957,128,40910,2739,0,7,2740.750,408.36
2205885455363,383568385028,1806245978351,282612,40101,2559,0,4,2560.000,408.36
2205885455363,383568385028,1128951493374,122,40618,2679,0,6,2680.500,408.36
2210072613709,1940882193,1557146061847,134557,42826,3024,0,7,3025.750,577.23
2210072613709,1940882193,1964111549639,134,43310,3207,0,10,3209.500,577.23
2210072613709,244456649645,1710217542599,415374,44350,3051,0,8,3053.000,577.23
2210072613709,244456649645,483937626496,141,43310,3018,0,7,3019.750,577.23
2210072613709,518556713635,1396551138031,74472,43826,3162,0,9,3164.250,577.23
2210072613709,518556713635,1630625796504,124,43726,3201,0,10,3203.500,577.23
2210072613709,1729369488838,531296468139,146632,43558,3162,0,9,3164.250,577.23
2210072613709,1729369488838,364441034239,139,43703,3213,0,10,3215.500,577.23
2210072613709,915438909305,1923840620959,10917,43952,3093,0,8,3095.000,577.23
2210072613709,915438909305,2007438748591,118,43017,3018,0,7,3019.750,577.23
2210072613709,810919815229,554681229932,198073,44243,3225,0,10,3227.500,577.23
2210072613709,810919815229,1044836571926,116,42893,3018,0,7,3019.750,577.23
2210072613709,1627497976094,2096664132759,436718,43035,3006,0,7,3007.750,577.23
2210072613709,1627497976094,1053927101605,117,43060,3117,0,8,3119.000,577.23
2210072613709,2090732979234,1413704652200,52730,45684,3381,0,12,3384.000,577.23
2210072613709,2090732979234,611226778399,120,43536,3120,0,9,3122.250,577.23
2210072613709,1236001320381,1693853569443,5158,43243,3081,0,8,3083.000,577.23
2210072613709,1236001320381,1287879897429,124,43226,3099,0,8,3101.000,577.23
2210072613709,519547175319,1146964105621,364803,45452,3213,0,10,3215.500,577.23
2210072613709,519547175319,1187161013981,129,43976,3156,0,9,3158.250,577.23
2211223035107,1934284829928,1293333535941,52782,41185,2892,0,5,2893.250,875.31
2211223035107,1934284829928,692585518629,126,42118,3294,0,11,3296.750,875.31
2211223035107,573592764248,1626865624035,40097,42202,3160,0,9,3162.250,875.31
2211223035107,573592764248,816521822150,123,40892,2892,0,5,2893.250,875.31
2211223035107,301242994627,37060033947,272628,42701,3227,0,10,3229.500,875.31
2211223035107,301242994627,1063094115,123,41352,3026,0,7,3027.750,875.31
2211223035107,2011943743327,1619389906085,407306,43100,3093,0,8,3095.000,875.31
2211223035107,2011943743327,171367102861,256,82719,3026,0,7,3027.750,875.31
2211223035107,1631969958194,723574206242,704414,43435,3361,0,12,3364.000,875.31
2211223035107,1631969958194,2043614146739,133,41785,3093,0,8,3095.000,875.31
2211223035107,691515331039,1306514798401,367540,78095,3093,0,8,3095.000,875.31
2211223035107,691515331039,1630539220335,229,77053,3160,0,9,3162.250,875.31
2211223035107,564870771730,1855970722791,606822,43725,3294,0,11,3296.750,875.31
2211223035107,564870771730,1248514483302,117,42226,3093,0,8,3095.000,875.31
2211223035107,1249714109039,1282705944592,197057,43494,3361,0,12,3364.000,875.31
2211223035107,1249714109039,1680772455247,126,41851,2959,0,6,2960.500,875.31
2211223035107,2063919417498,1398250240207,113613,42060,2959,0,6,2960.500,875.31
2211223035107,2063919417498,1381011848712,127,43244,3428,0,13,3431.250,875.31
2211223035107,139987279403,989418610849,96519,41702,3160,0,9,3162.250,875.31
2211223035107,139987279403,2064434429467,124,41768,3093,0,8,3095.000,875.31
2211384509669,1158502499335,615053923289,1172764,79386,3101,0,9,3103.250,922.27
2211384509669,1158502499335,2013341075880,299,94303,3163,0,10,3165.500,922.27
2211384509669,727176490431,1670260549478,118382,43393,3261,0,11,3263.750,922.27
2211384509669,727176490431,1936616389424,140,43869,3299,0,12,3302.000,922.27
2211384509669,1244362180857,244058757091,26550,41951,2977,0,7,2978.750,922.27
2211384509669,1244362180857,1406409268270,125,43226,3205,0,10,3207.500,922.27
2211384509669,1846658434873,928873182273,375179,44953,3343,0,13,3346.250,922.27
2211384509669,1846658434873,651470635602,131,43183,3107,0,9,3109.250,922.27
2211384509669,2017626276321,1421549038916,39922,77203,2939,0,6,2940.500,922.27
2211384509669,2017626276321,1141704160785,245,75968,2953,0,7,2954.750,922.27
2211384509669,527908609979,539890296621,146628,43893,3063,0,8,3065.000,922.27
2211384509669,527908609979,1895793637495,132,42743,3101,0,9,3103.250,922.27
2211384509669,1392599855262,1700537477425,241948,40601,2749,0,4,2750.000,922.27
2211384509669,1392599855262,1815133717233,120,43535,3119,0,9,3121.250,922.27
2211384509669,1629516725322,2067200110420,695605,44851,3163,0,10,3165.500,922.27
2211384509669,1629516725322,1286906726206,122,41869,2897,0,6,2898.500,922.27
2211384509669,1538946626075,1059287027624,87723,80827,3225,0,11,3227.750,922.27
2211384509669,1538946626075,1678775779065,255,79678,3243,0,11,3245.750,922.27
2211384509669,1429804664178,362769907806,71361,44809,3187,0,10,3189.500,922.27
2211384509669,1429804664178,58963471350,119,42934,2959,0,7,2960.750,922.27
2216883487513,FAILED,FAILED,FAILED,FAILED,FAILED,FAILED,FAILED,FAILED,FAILED
2225108619359,878391732553,572849397134,1602976,43452,2963,0,10,2965.500,1623.82
2225108619359,878391732553,1220556749130,142,44142,3207,0,14,3210.500,1623.82
2225108619359,1749749470208,1100196505390,71421,42893,2902,0,9,2904.250,1623.82
2225108619359,1749749470208,2168380380304,124,41452,2780,0,7,2781.750,1623.82
2225108619359,918339041163,127893380725,438054,41643,2841,0,8,2843.000,1623.82
2225108619359,918339041163,199239160033,135,41660,2902,0,9,2904.250,1623.82
2225108619359,494298163412,615819371502,476557,43035,3024,0,11,3026.750,1623.82
2225108619359,494298163412,1988371641000,111,40976,2719,0,6,2720.500,1623.82
2225108619359,2073444295908,1448744258406,160558,44351,3024,0,11,3026.750,1623.82
2225108619359,2073444295908,40770996406,137,42976,2902,0,9,2904.250,1623.82
2225108619359,2108808306362,2179912957375,423545,73910,2780,0,7,2781.750,1623.82
2225108619359,2108808306362,136193873537,239,72678,2719,0,6,2720.500,1623.82
2225108619359,213265248406,1617108938715,301924,42327,2841,0,8,2843.000,1623.82
2225108619359,213265248406,1003225522424,140,41725,2902,0,9,2904.250,1623.82
2225108619359,1690077875851,743856432932,243590,41893,2780,0,7,2781.750,1623.82
2225108619359,1690077875851,2190396673440,127,41493,2841,0,8,2843.000,1623.82
2225108619359,2022629614864,2098848412799,1377571,41142,2719,0,6,2720.500,1623.82
2225108619359,2022629614864,696587150791,133,41036,2780,0,7,2781.750,1623.82
2225108619359,384777776634,1763736372904,298810,41493,2780,0,7,2781.750,1623.82
2225108619359,384777776634,883552054580,127,40935,2658,0,5,2659.250,1623.82
2227450824877,1811267219458,1364084824278,228042,42702,2943,0,6,2944.500,1451.68
2227450824877,1811267219458,1504597720354,121,42685,2988,0,7,2989.750,1451.68
2227450824877,1241423999844,2025875482893,445435,44017,3120,0,9,3122.250,1451.68
2227450824877,1241423999844,665871247564,138,42660,3057,0,8,3059.000,1451.68
2227450824877,896722299011,408801587297,246590,44934,3282,0,11,3284.750,1451.68
2227450824877,896722299011,1389372589624,127,42785,3069,0,8,3071.000,1451.68
2227450824877,2013047721142,1782541778489,847703,44202,3150,0,9,3152.250,1451.68
2227450824877,2013047721142,663020023860,128,43517,3132,0,9,3134.250,1451.68
2227450824877,2186301854253,1757309344265,596700,43285,2943,0,6,2944.500,1451.68
2227450824877,2186301854253,362245774585,128,43017,3063,0,8,3065.000,1451.68
2227450824877,2034510161981,1009102403287,216159,42810,3033,0,8,3035.000,1451.68
2227450824877,2034510161981,119509983323,136,43827,3069,0,8,3071.000,1451.68
2227450824877,1804454565728,901169041089,17208,42518,2793,0,4,2794.000,1451.68
2227450824877,1804454565728,1453543755668,128,43285,3144,0,9,3146.250,1451.68
2227450824877,1796450662496,1000707307922,354374,45101,3282,0,11,3284.750,1451.68
2227450824877,1796450662496,2067699137149,130,44870,3207,0,10,3209.500,1451.68
2227450824877,575483822345,498598559671,1238742,45870,3270,0,11,3272.750,1451.68
2227450824877,575483822345,2164872335518,137,43934,3132,0,9,3134.250,1451.68
2227450824877,668101312056,1172939911757,456689,44851,3189,0,10,3191.500,1451.68
2227450824877,668101312056,1547343274425,123,42826,3006,0,7,3007.750,1451.68
2232069753509,20640490743,817575307996,8265,44309,3135,0,8,3137.000,808.90
2232069753509,20640490743,2087781680283,136,44161,3319,0,10,3321.500,808.90
2232069753509,1620449056782,531414199014,572845,43351,3206,0,9,3208.250,808.90
2232069753509,1620449056782,463493780331,123,42076,3058,0,7,3059.750,808.90
2232069753509,1759560415573,2088396506851,101474,42660,3100,0,7,3101.750,808.90
2232069753509,1759560415573,1743547318633,126,43642,3236,0,9,3238.250,808.90
2232069753509,1947935283072,1861463283269,146201,43893,3259,0,10,3261.500,808.90
2232069753509,1947935283072,1764999889712,122,42494,3076,0,7,3077.750,808.90
2232069753509,637684530618,1775108150134,380216,44952,3378,0,11,3380.750,808.90
2232069753509,637684530618,1390688071157,133,43685,3230,0,9,3232.250,808.90
2232069753509,211202459982,1327333470282,713974,44767,3313,0,10,3315.500,808.90
2232069753509,211202459982,33400064483,132,45118,3449,0,12,3452.000,808.90
2232069753509,456644058616,981535344326,176719,44160,3230,0,9,3232.250,808.90
2232069753509,456644058616,73851066587,134,43309,3082,0,7,3083.750,808.90
2232069753509,970944718048,1887150065971,315346,42660,3159,0,8,3161.000,808.90
2232069753509,970944718048,1943247150953,127,41602,3076,0,7,3077.750,808.90
2232069753509,1702538622074,967498478975,117057,43643,3248,0,9,3250.250,808.90
2232069753509,1702538622074,638060300323,135,42327,3094,0,7,3095.750,808.90
2232069753509,1099879857593,1661829871921,31112,44494,3307,0,10,3309.500,808.90
2232069753509,1099879857593,1850835348512,135,43601,3153,0,8,3155.000,808.90
2232488006939,525469948300,779634153332,209284,79120,3160,0,9,3162.250,823.36
2232488006939,525469948300,483215924431,261,79219,3227,0,10,3229.500,823.36
2232488006939,1234523480764,2017574586974,329565,42934,3093,0,8,3095.000,823.36
2232488006939,1234523480764,2031425290397,140,42142,3160,0,9,3162.250,823.36
2232488006939,111113399071,883044272307,116501,42142,3160,0,9,3162.250,823.36
2232488006939,111113399071,532544661740,144,43786,3361,0,12,3364.000,823.36
2232488006939,1335166708123,962523925569,656166,41809,2959,0,6,2960.500,823.36
2232488006939,1335166708123,887157258603,125,41393,3026,0,7,3027.750,823.36
2232488006939,248103223629,1349005763038,63434,43392,3093,0,8,3095.000,823.36
2232488006939,248103223629,1688689854698,133,42434,3093,0,8,3095.000,823.36
2232488006939,1155277842162,1546419964639,10348,43100,3160,0,9,3162.250,823.36
2232488006939,1155277842162,1338324128045,134,41351,2959,0,6,2960.500,823.36
2232488006939,856834424144,1330712328016,439151,42893,3160,0,9,3162.250,823.36
2232488006939,856834424144,313665443742,119,41410,2892,0,5,2893.250,823.36
2232488006939,1825773438113,1911210535474,454160,42893,3160,0,9,3162.250,823.36
2232488006939,1825773438113,301713668560,138,42035,3160,0,9,3162.250,823.36
2232488006939,1458529660887,419681965375,245871,43910,3294,0,11,3296.750,823.36
2232488006939,1458529660887,2138921978006,114,41768,3160,0,9,3162.250,823.36
2232488006939,143163799644,1349744786974,119625,81220,3160,0,9,3162.250,823.36
2232488006939,143163799644,2217630564707,245,75595,2892,0,5,2893.250,823.36
2239122155471,284792058576,658731971905,320514,42142,2967,0,8,2969.000,805.05
2239122155471,284792058576,1161707308637,124,42077,2903,0,7,2904.750,805.05
2239122155471,1971698140709,618850303729,143993,42893,3095,0,10,3097.500,805.05
2239122155471,1971698140709,796926494081,143,43684,3159,0,11,3161.750,805.05
2239122155471,2180154368222,1797368890283,125205,42934,2967,0,8,2969.000,805.05
2239122155471,2180154368222,995197385894,135,41868,2967,0,8,2969.000,805.05
2239122155471,1335424704814,959005632255,270319,42160,2903,0,7,2904.750,805.05
2239122155471,1335424704814,1931221391422,116,41601,2903,0,7,2904.750,805.05
2239122155471,171578082940,1108688211060,982253,76303,3031,0,9,3033.250,805.05
2239122155471,171578082940,1774285663554,236,75244,3031,0,9,3033.250,805.05
2239122155471,512827118447,736439952049,2148,43851,3351,0,14,3354.500,805.05
2239122155471,512827118447,1787121206516,112,40184,2775,0,5,2776.250,805.05
2239122155471,421468918442,2239073271059,138496,41559,2839,0,6,2840.500,805.05
2239122155471,421468918442,1224231104153,120,42160,3031,0,9,3033.250,805.05
2239122155471,1890190877977,960345169239,3310,41327,2775,0,5,2776.250,805.05
2239122155471,1890190877977,1206873450323,129,41185,2903,0,7,2904.750,805.05
2239122155471,1214069111019,549814708929,90228,44036,3223,0,12,3226.000,805.05
2239122155471,1214069111019,670314580772,117,42225,2967,0,8,2969.000,805.05
2239122155471,40599539518,1500965230325,574204,42351,3031,0,9,3033.250,805.05
2239122155471,40599539518,866157361568,131,42368,2967,0,8,2969.000,805.05
2244071277757,650111798565,265724424398,204218,42351,2918,0,7,2919.750,1189.96
2244071277757,650111798565,1498554698408,109,42243,2991,0,8,2993.000,1189.96
2244071277757,2162104798187,2077148656544,227497,43517,3064,0,9,3066.250,1189.96
2244071277757,2162104798187,406975989305,116,42768,2997,0,8,2999.000,1189.96
2244071277757,59076780677,1855596037708,372358,43327,2985,0,8,2987.000,1189.96
2244071277757,59076780677,2155663699621,128,44060,3119,0,10,3121.500,1189.96
2244071277757,1580284495300,1860510685880,338982,43035,3015,0,8,3017.000,1189.96
2244071277757,1580284495300,327506734917,126,42850,3009,0,8,3011.000,1189.96
2244071277757,1810140213313,925436722450,317564,42951,2918,0,7,2919.750,1189.96
2244071277757,1810140213313,47756625192,108,43101,3125,0,10,3127.500,1189.96
2244071277757,1808868202336,1181206088696,135834,43725,3076,0,9,3078.250,1189.96
2244071277757,1808868202336,331909132928,126,41576,2784,0,5,2785.250,1189.96
2244071277757,1515323092225,958851940455,478006,42868,2900,0,7,2901.750,1189.96
2244071277757,1515323092225,1345841167055,128,42100,2851,0,6,2852.500,1189.96
2244071277757,2178555584514,1869609589009,814615,43327,3082,0,9,3084.250,1189.96
2244071277757,2178555584514,1178217377992,124,42601,2991,0,8,2993.000,1189.96
2244071277757,1386441645158,895429971828,386630,42035,2851,0,6,2852.500,1189.96
2244071277757,1386441645158,1840913554031,148,42227,2906,0,7,2907.750,1189.96
2244071277757,1138094991326,1622999311757,542745,42660,2863,0,6,2864.500,1189.96
2244071277757,1138094991326,2109681712703,119,42518,2857,0,6,2858.500,1189.96
2245100393387,148594781234,1434910700019,75275,41476,2959,0,6,2960.500,760.90
2245100393387,148594781234,1951851641531,119,41202,2825,0,4,2826.000,760.90
2245100393387,929090958509,2003673875080,120246,41326,2892,0,5,2893.250,760.90
2245100393387,929090958509,35060708198,124,43226,3294,0,11,3296.750,760.90
2245100393387,1749684309635,1770130743039,471167,41143,2959,0,6,2960.500,760.90
2245100393387,1749684309635,1560694836015,133,41226,3026,0,7,3027.750,760.90
2245100393387,1442393106811,809195307677,54021,41869,3093,0,8,3095.000,760.90
2245100393387,1442393106811,1863223872846,123,41642,2959,0,6,2960.500,760.90
2245100393387,409954985785,641455567923,285915,41518,2959,0,6,2960.500,760.90
2245100393387,409954985785,1219835172110,123,42226,3160,0,9,3162.250,760.90
2245100393387,2148866220674,1582371040512,181868,42743,3026,0,7,3027.750,760.90
2245100393387,2148866220674,255645133657,117,42808,3227,0,10,3229.500,760.90
2245100393387,815751837751,2046844961639,115831,41726,3026,0,7,3027.750,760.90
2245100393387,815751837751,2074748866248,115,43536,3294,0,11,3296.750,760.90
2245100393387,2233621877667,2158344975501,305753,42434,3227,0,10,3229.500,760.90
2245100393387,2233621877667,59823707621,121,42119,3026,0,7,3027.750,760.90
2245100393387,398121076381,2226385963964,107094,43268,3227,0,10,3229.500,760.90
2245100393387,398121076381,1611769791359,131,42559,3160,0,9,3162.250,760.90
2245100393387,875054457965,1247742488858,765160,42227,3093,0,8,3095.000,760.90
2245100393387,875054457965,1112402404086,127,42476,3160,0,9,3162.250,760.90
2256772489681,FAILED,FAILED,FAILED,FAILED,FAILED,FAILED,FAILED,FAILED,FAILED
2273747067797,1307281702389,1646503352427,81652,44535,3508,0,13,3511.250,1127.47
2273747067797,1307281702389,14883823758,124,42768,3094,0,7,3095.750,1127.47
2273747067797,448814305491,1917000458912,1419488,44143,3289,0,10,3291.500,1127.47
2273747067797,448814305491,901496451669,125,42785,3141,0,8,3143.000,1127.47
2273747067797,1348633906383,2013638274625,481617,44517,3141,0,8,3143.000,1127.47
2273747067797,1348633906383,2148245661910,122,42619,3070,0,7,3071.750,1127.47
2273747067797,815038348456,555586632760,306184,43560,3153,0,8,3155.000,1127.47
2273747067797,815038348456,315935690836,124,43535,3266,0,9,3268.250,1127.47
2273747067797,1384019455931,49257272800,80877,44202,3159,0,8,3161.000,1127.47
2273747067797,1384019455931,1263408801865,130,44143,3331,0,10,3333.500,1127.47
2273747067797,483389188661,2256937383969,88473,43142,3147,0,8,3149.000,1127.47
2273747067797,483389188661,645192519560,124,43119,3230,0,9,3232.250,1127.47
2273747067797,346363086423,705864940626,3247,43452,3313,0,10,3315.500,1127.47
2273747067797,346363086423,1056144184195,132,44601,3496,0,13,3499.250,1127.47
2273747067797,2264480699043,1276000610604,651223,45994,3372,0,11,3374.750,1127.47
2273747067797,2264480699043,989418724935,113,43892,3289,0,10,3291.500,1127.47
2273747067797,1356704491457,955731637812,205723,41642,2964,0,5,2965.250,1127.47
2273747067797,1356704491457,2218085083696,131,42452,3017,0,6,3018.500,1127.47
2273747067797,1869543803924,2209404963537,223839,45160,3360,0,11,3362.750,1127.47
2273747067797,1869543803924,1116155988222,126,42602,3052,0,7,3053.750,1127.47
2274673277861,2172021194805,462833415892,146708,77744,3079,0,6,3080.500,1207.20
2274673277861,2172021194805,1367678375302,247,81343,3480,0,11,3482.750,1207.20
2274673277861,1867066996076,996548913098,1087128,43476,3316,0,9,3318.250,1207.20
2274673277861,1867066996076,1226792502455,118,42185,3097,0,6,3098.500,1207.20
2274673277861,2079269173879,1082969675207,569643,44517,3298,0,9,3300.250,1207.20
2274673277861,2079269173879,2083224914594,131,45493,3590,0,13,3593.250,1207.20
2274673277861,1903257642593,1705025895700,344681,43618,3067,0,6,3068.500,1207.20
2274673277861,1903257642593,790655277111,121,43518,3474,0,11,3476.750,1207.20
2274673277861,1568455017122,585965237429,73565,42685,3103,0,6,3104.500,1207.20
2274673277861,1568455017122,770878654462,133,43577,3243,0,8,3245.000,1207.20
2274673277861,1818958586027,2202838937842,366502,43518,3115,0,6,3116.500,1207.20
2274673277861,1818958586027,23577673964,132,43577,3328,0,9,3330.250,1207.20
2274673277861,2016770937953,351847521332,111033,43100,3024,0,5,3025.250,1207.20
2274673277861,2016770937953,1414465208693,115,43201,3170,0,7,3171.750,1207.20
2274673277861,1161515238269,1246978607668,77854,43892,3255,0,8,3257.000,1207.20
2274673277861,1161515238269,1929065825912,123,43201,3158,0,7,3159.750,1207.20
2274673277861,1002890211089,1815291626255,500425,43850,3316,0,9,3318.250,1207.20
2274673277861,1002890211089,1280674682927,126,42786,3225,0,8,3227.000,1207.20
2274673277861,1909001002553,413558328598,520736,43786,3383,0,10,3385.500,1207.20
2274673277861,1909001002553,1586638262207,132,44726,3462,0,11,3464.750,1207.20
2277711828991,2186004507968,66185055748,5757,77077,2934,0,11,2936.750,936.32
2277711828991,2186004507968,323217691178,211,71970,2698,0,7,2699.750,936.32
2277711828991,818575136510,1350206366768,627922,42352,2934,0,11,2936.750,936.32
2277711828991,818575136510,2137450006369,129,42327,2993,0,12,2996.000,936.32
2277711828991,1751051403354,1000582213828,96794,41226,2639,0,6,2640.500,936.32
2277711828991,1751051403354,1850524723433,128,42327,2875,0,10,2877.500,936.32
2277711828991,1715066020565,1001598846615,734291,42185,2934,0,11,2936.750,936.32
2277711828991,1715066020565,1353030327639,137,42743,2993,0,12,2996.000,936.32
2277711828991,582838138150,1265422257355,157085,40518,2698,0,7,2699.750,936.32
2277711828991,582838138150,394295421188,129,40743,2698,0,7,2699.750,936.32
2277711828991,1789785770431,451766378788,141663,41934,2757,0,8,2759.000,936.32
2277711828991,1789785770431,1895167118141,125,41785,2757,0,8,2759.000,936.32
2277711828991,1965292793264,1327548977644,207375,42494,2934,0,11,2936.750,936.32
2277711828991,1965292793264,1539407055238,138,43017,3052,0,13,3055.250,936.32
2277711828991,570964474241,1063711999367,718585,42893,2875,0,10,2877.500,936.32
2277711828991,570964474241,443998536757,111,40892,2698,0,7,2699.750,936.32
2277711828991,971133450245,854086865007,161979,42868,2934,0,11,2936.750,936.32
2277711828991,971133450245,457478587441,139,41600,2757,0,8,2759.000,936.32
2277711828991,1213622145258,1982004667234,262996,41768,2875,0,10,2877.500,936.32
2277711828991,1213622145258,2040827805375,133,42452,2934,0,11,2936.750,936.32
2278180977713,FAILED,FAILED,FAILED,FAILED,FAILED,FAILED,FAILED,FAILED,FAILED
2279583132679,81418812096,355036969843,240299,76285,3051,0,10,3053.500,739.39
2279583132679,81418812096,1737374890052,245,73994,2988,0,9,2990.250,739.39
2279583132679,1980412005944,1643853757627,333199,43101,3051,0,10,3053.500,739.39
2279583132679,1980412005944,1997947209252,125,42225,2862,0,7,2863.750,739.39
2279583132679,809987532709,846907109198,29161,42059,2988,0,9,2990.250,739.39
2279583132679,809987532709,1845011770821,127,43078,3240,0,13,3243.250,739.39
2279583132679,977960288411,1477876246744,711132,41851,2988,0,9,2990.250,739.39
2279583132679,977960288411,1320151513690,133,41577,2925,0,8,2927.000,739.39
2279583132679,526872013457,675465723188,139669,41952,2925,0,8,2927.000,739.39
2279583132679,526872013457,176189341431,120,42476,3051,0,10,3053.500,739.39
2279583132679,640525614548,1165625335554,230164,42495,3051,0,10,3053.500,739.39
2279583132679,640525614548,1245432934023,150,42767,3051,0,10,3053.500,739.39
2279583132679,1716071488980,1360851546429,56935,42285,2799,0,6,2800.500,739.39
2279583132679,1716071488980,1554328624713,129,42100,2925,0,8,2927.000,739.39
2279583132679,730586362396,963328820326,151144,42768,3051,0,10,3053.500,739.39
2279583132679,730586362396,1391126816570,127,41392,2862,0,7,2863.750,739.39
2279583132679,1397997991811,309361964157,436149,42809,3051,0,10,3053.500,739.39
2279583132679,1397997991811,1279048686248,136,42576,2925,0,8,2927.000,739.39
2279583132679,1650896850742,1647583788238,115712,43059,3114,0,11,3116.750,739.39
2279583132679,1650896850742,2106879634573,133,42410,3114,0,11,3116.750,739.39
2279770195067,5820767336,1885681476502,513952,41017,2879,0,6,2880.500,938.45
2279770195067,5820767336,280551155892,131,42577,3204,0,11,3206.750,938.45
2279770195067,755324085926,208355524420,303259,44267,3204,0,11,3206.750,938.45
2279770195067,755324085926,1549448053863,121,43535,3204,0,11,3206.750,938.45
2279770195067,2254002237663,2196254296668,307443,41601,2944,0,7,2945.750,938.45
2279770195067,2254002237663,1983498248896,128,42326,3074,0,9,3076.250,938.45
2279770195067,1961804136283,405454357772,207589,43535,3139,0,10,3141.500,938.45
2279770195067,1961804136283,600423123652,125,44060,3334,0,13,3337.250,938.45
2279770195067,324268722620,885428449416,7055,42518,3074,0,9,3076.250,938.45
2279770195067,324268722620,1727354241080,130,42850,3139,0,10,3141.500,938.45
2279770195067,1382566090568,2169251392141,823002,40477,2749,0,4,2750.000,938.45
2279770195067,1382566090568,795525272330,125,42826,3204,0,11,3206.750,938.45
2279770195067,1777496573474,2144912681441,8515,43743,3204,0,11,3206.750,938.45
2279770195067,1777496573474,1043499799106,129,41850,2944,0,7,2945.750,938.45
2279770195067,2175959153962,1015626198526,8538,42453,3009,0,8,3011.000,938.45
2279770195067,2175959153962,723928178838,126,43184,3269,0,12,3272.000,938.45
2279770195067,848626232928,472744637817,696652,43225,3139,0,10,3141.500,938.45
2279770195067,848626232928,96481638719,124,43202,3269,0,12,3272.000,938.45
2279770195067,1200169642864,1265418879712,173662,42643,3139,0,10,3141.500,938.45
2279770195067,1200169642864,471562999085,145,44077,3269,0,12,3272.000,938.45
2281855723813,1968526687700,78002972316,11284,42893,3027,0,8,3029.000,534.97
2281855723813,1968526687700,242677274214,117,42326,2977,0,7,2978.750,534.97
2281855723813,1469913354117,1752462942550,264041,44225,3157,0,10,3159.500,534.97
2281855723813,1469913354117,1860315815070,138,43035,2965,0,7,2966.750,534.97
2281855723813,2239344007606,845092394998,641148,43535,3107,0,9,3109.250,534.97
2281855723813,2239344007606,1920042944263,131,42892,3181,0,10,3183.500,534.97
2281855723813,1824388440013,696401182925,116716,43018,3027,0,8,3029.000,534.97
2281855723813,1824388440013,1816630638281,138,43976,3249,0,11,3251.750,534.97
2281855723813,1660399372168,1947907753836,80208,45268,3379,0,13,3382.250,534.97
2281855723813,1660399372168,821791718046,130,43868,3101,0,9,3103.250,534.97
2281855723813,2221130736237,1220282988286,278052,44327,3237,0,11,3239.750,534.97
2281855723813,2221130736237,2279007915791,126,44518,3231,0,11,3233.750,534.97
2281855723813,2192607305716,1014199423554,39869,43202,3181,0,10,3183.500,534.97
2281855723813,2192607305716,813704239488,113,40309,2743,0,4,2744.000,534.97
2281855723813,1688066686758,1688521370729,190253,42285,2945,0,6,2946.500,534.97
2281855723813,1688066686758,778658648027,140,43933,3293,0,12,3296.000,534.97
2281855723813,1351014342607,1997293429360,70161,44576,3219,0,11,3221.750,534.97
2281855723813,1351014342607,917184314871,117,45435,3391,0,13,3394.250,534.97
2281855723813,1283528486068,1066957484612,23239,43058,2903,0,6,2904.500,534.97
2281855723813,1283528486068,1291079116677,113,42993,2841,0,5,2842.250,534.97
2296443905051,337890641610,2101150264098,17004,43451,3183,0,10,3185.500,919.10
2296443905051,337890641610,2042400819666,116,43809,3315,0,12,3318.000,919.10
2296443905051,1439490881562,1359945533714,595015,42827,3051,0,8,3053.000,919.10
2296443905051,1439490881562,901250239013,128,42102,3117,0,9,3119.250,919.10
2296443905051,790756520827,1504638385420,269928,42435,3117,0,9,3119.250,919.10
2296443905051,790756520827,512547514340,120,40933,2853,0,5,2854.250,919.10
2296443905051,1368156504689,946898215896,594992,43351,3381,0,13,3384.250,919.10
2296443905051,1368156504689,1723495932421,119,41850,2985,0,7,2986.750,919.10
2296443905051,761063745532,2161520109757,421472,79470,3051,0,8,3053.000,919.10
2296443905051,761063745532,244469764008,211,77285,3117,0,9,3119.250,919.10
2296443905051,687262402691,2243147547184,28035,44018,3249,0,11,3251.750,919.10
2296443905051,687262402691,1465756262991,127,42726,3117,0,9,3119.250,919.10
2296443905051,731491461482,2081431421233,95586,44143,3315,0,12,3318.000,919.10
2296443905051,731491461482,2038045537504,125,41869,2985,0,7,2986.750,919.10
2296443905051,1561016511466,1209031772586,365946,41392,2985,0,7,2986.750,919.10
2296443905051,1561016511466,1578931732056,128,42828,3249,0,11,3251.750,919.10
2296443905051,1642442622713,259286227179,597830,41660,2985,0,7,2986.750,919.10
2296443905051,1642442622713,434722885354,118,41726,3051,0,8,3053.000,919.10
2296443905051,940413615688,1056745083422,21427,42577,2919,0,6,2920.500,919.10
2296443905051,940413615688,1273518239571,132,43142,3183,0,10,3185.500,919.10
2299799087149,1191666009613,535275302814,66671,42869,3011,0,6,3012.500,596.29
2299799087149,1191666009613,400443041710,123,44477,3390,0,11,3392.750,596.29
2299799087149,1918877643638,989796410826,8709,44410,3307,0,10,3309.500,596.29
2299799087149,1918877643638,2184556229441,123,43435,3307,0,10,3309.500,596.29
2299799087149,213127701599,1982892645715,179491,44202,3325,0,10,3327.500,596.29
2299799087149,213127701599,2199366999390,128,43683,3307,0,10,3309.500,596.29
2299799087149,1390988425905,2067178270680,31760,43452,3159,0,8,3161.000,596.29
2299799087149,1390988425905,125140124296,128,44102,3289,0,10,3291.500,596.29
2299799087149,1129192128582,2210565157354,687221,43643,3230,0,9,3232.250,596.29
2299799087149,1129192128582,44076653958,140,42535,2999,0,6,3000.500,596.29
2299799087149,2165051743864,476583052834,526146,42225,2946,0,5,2947.250,596.29
2299799087149,2165051743864,727949599828,134,43910,3295,0,10,3297.500,596.29
2299799087149,1516032491545,1246070176184,131222,42767,3106,0,7,3107.750,596.29
2299799087149,1516032491545,95969702547,122,42643,3088,0,7,3089.750,596.29
2299799087149,873501780411,1953006717386,9130,80845,3165,0,8,3167.000,596.29
2299799087149,873501780411,1467975289385,273,80660,3372,0,11,3374.750,596.29
2299799087149,1641637561200,904930685070,236375,80618,3325,0,10,3327.500,596.29
2299799087149,1641637561200,1569572591327,231,76012,3011,0,6,3012.500,596.29
2299799087149,1598148290880,1941823259055,7879,44952,3366,0,11,3368.750,596.29
2299799087149,1598148290880,1029338956774,127,43976,3253,0,10,3255.500,596.29
2303341028579,2200155655670,2180276700287,10372,41060,2944,0,7,2945.750,387.84
2303341028579,2200155655670,1003446834593,131,41850,3139,0,10,3141.500,387.84
2303341028579,888789927560,1751472110673,157458,41827,3009,0,8,3011.000,387.84
2303341028579,888789927560,418825701051,130,41434,3009,0,8,3011.000,387.84
2303341028579,1849070265331,121235437666,150169,77535,3204,0,11,3206.750,387.84
2303341028579,1849070265331,2002793530678,232,75637,2944,0,7,2945.750,387.84
2303341028579,539022459010,50779768742,127166,42411,3009,0,8,3011.000,387.84
2303341028579,539022459010,920424378896,127,41434,2944,0,7,2945.750,387.84
2303341028579,2284503957407,2174972340656,89555,41267,2879,0,6,2880.500,387.84
2303341028579,2284503957407,1523216270082,123,41410,2879,0,6,2880.500,387.84
2303341028579,846642138919,1111985338770,212037,40910,2944,0,7,2945.750,387.84
2303341028579,846642138919,1110489062180,140,42392,3074,0,9,3076.250,387.84
2303341028579,1644554832835,1874571629531,422552,42660,3009,0,8,3011.000,387.84
2303341028579,1644554832835,936405065205,130,43352,3139,0,10,3141.500,387.84
2303341028579,1428618967647,859661699367,31024,78220,2944,0,7,2945.750,387.84
2303341028579,1428618967647,1125835253567,261,77618,3009,0,8,3011.000,387.84
2303341028579,431511077400,109142234440,31644,41952,3009,0,8,3011.000,387.84
2303341028579,431511077400,2256235247797,137,42018,3009,0,8,3011.000,387.84
2303341028579,1431459759745,1705037392427,46293,77135,2944,0,7,2945.750,387.84
2303341028579,1431459759745,2208528662212,241,77243,3139,0,10,3141.500,387.84
2310308718791,1822510003186,101458301277,235856,41601,2839,0,6,2840.500,751.38
2310308718791,1822510003186,1460779416773,115,42452,3159,0,11,3161.750,751.38
2310308718791,2164653687411,48740470273,1321,41952,2967,0,8,2969.000,751.38
2310308718791,2164653687411,939099621017,119,41476,2903,0,7,2904.750,751.38
2310308718791,559534974510,62266416725,29366,41643,2967,0,8,2969.000,751.38
2310308718791,559534974510,1677808405542,132,41767,2967,0,8,2969.000,751.38
2310308718791,1511266299489,409776929684,177419,41785,2903,0,7,2904.750,751.38
2310308718791,1511266299489,941323924800,119,42475,3095,0,10,3097.500,751.38
2310308718791,673645949945,1552330189216,339848,41102,2775,0,5,2776.250,751.38
2310308718791,673645949945,1077841555531,125,40952,2839,0,6,2840.500,751.38
2310308718791,1747020761301,104145894072,956979,40850,2775,0,5,2776.250,751.38
2310308718791,1747020761301,2105849808869,127,42393,3095,0,10,3097.500,751.38
2310308718791,966140228855,1117890243092,144207,43185,3095,0,10,3097.500,751.38
2310308718791,966140228855,2209873089964,123,42368,3031,0,9,3033.250,751.38
2310308718791,73145874778,1717787156847,134384,41370,2903,0,7,2904.750,751.38
2310308718791,73145874778,2115196296528,117,41517,2967,0,8,2969.000,751.38
2310308718791,2238123193795,366248631923,34855,43017,2967,0,8,2969.000,751.38
2310308718791,2238123193795,2187591994079,114,42119,2903,0,7,2904.750,751.38
2310308718791,319978496247,77754824897,386177,42660,3031,0,9,3033.250,751.38
2310308718791,319978496247,480834118095,120,43018,3095,0,10,3097.500,751.38
2312487170869,1445176458391,352983452781,35386,43785,3357,0,8,3359.000,708.76
2312487170869,1445176458391,2186924066719,114,43351,3471,0,10,3473.500,708.76
2312487170869,2053805126668,2229259717583,458418,45477,3309,0,8,3311.000,708.76
2312487170869,2053805126668,676592756362,131,44535,3177,0,6,3178.500,708.76
2312487170869,421069373758,1688204240984,259070,83744,3489,0,10,3491.500,708.76
2312487170869,421069373758,1633105655312,248,83011,3540,0,11,3542.750,708.76
2312487170869,335909467411,323756829263,401126,43185,3252,0,7,3253.750,708.76
2312487170869,335909467411,2241113346098,117,43869,3432,0,9,3434.250,708.76
2312487170869,1295981495847,818267386745,212676,43475,3183,0,6,3184.500,708.76
2312487170869,1295981495847,473054959642,119,44411,3594,0,11,3596.750,708.76
2312487170869,1923527746561,294365145439,5672,43077,3198,0,7,3199.750,708.76
2312487170869,1923527746561,570762970801,134,45184,3507,0,10,3509.500,708.76
2312487170869,2076350416373,2014653350996,292535,44578,3333,0,8,3335.000,708.76
2312487170869,2076350416373,2013090790000,119,42851,3252,0,7,3253.750,708.76
2312487170869,1010385682918,1679231549501,293180,44910,3615,0,12,3618.000,708.76
2312487170869,1010385682918,1687324391699,113,44393,3552,0,11,3554.750,708.76
2312487170869,241804645327,1084075513516,226692,44684,3558,0,11,3560.750,708.76
2312487170869,241804645327,1321429115985,138,43810,3396,0,9,3398.250,708.76
2312487170869,1085759735389,150325248761,23140,42935,3177,0,6,3178.500,708.76
2312487170869,1085759735389,236710856952,121,44660,3507,0,10,3509.500,708.76
2313941749417,FAILED,FAILED,FAILED,FAILED,FAILED,FAILED,FAILED,FAILED,FAILED
2322150688373,1378070608099,1763687966473,167663,44893,3433,0,10,3435.500,799.58
2322150688373,1378070608099,263409800023,131,44618,3469,0,10,3471.500,799.58
2322150688373,2264127330539,777386665913,545924,44392,3427,0,10,3429.500,799.58
2322150688373,2264127330539,1750091486310,131,45285,3507,0,11,3509.750,799.58
2322150688373,145600367195,346125281952,532509,42601,3137,0,6,3138.500,799.58
2322150688373,145600367195,2046810183441,139,44743,3501,0,11,3503.750,799.58
2322150688373,1871221382519,1974330180609,400949,43642,3323,0,9,3325.250,799.58
2322150688373,1871221382519,1123914252590,128,43785,3335,0,9,3337.250,799.58
2322150688373,287376102645,1613230927234,279637,43827,3181,0,7,3182.750,799.58
2322150688373,287376102645,1111080925647,125,42935,3143,0,6,3144.500,799.58
2322150688373,1530854149912,540166863178,77515,42602,3137,0,6,3138.500,799.58
2322150688373,1530854149912,911411436582,132,44701,3495,0,11,3497.750,799.58
2322150688373,433044066844,1828518625830,11770,44642,3477,0,11,3479.750,799.58
2322150688373,433044066844,2290139036403,134,43202,3199,0,7,3200.750,799.58
2322150688373,41213352656,1831284231620,126234,44809,3427,0,10,3429.500,799.58
2322150688373,41213352656,451426649474,113,44226,3359,0,9,3361.250,799.58
2322150688373,895948714170,314779245429,134893,43785,3383,0,9,3385.250,799.58
2322150688373,895948714170,461984755519,115,44268,3409,0,10,3411.500,799.58
2322150688373,446396960033,2129720696720,215444,42559,3137,0,6,3138.500,799.58
2322150688373,446396960033,560229862575,123,42018,2977,0,4,2978.000,799.58
2323577838097,FAILED,FAILED,FAILED,FAILED,FAILED,FAILED,FAILED,FAILED,FAILED
2326272075679,2098057952966,1359037369807,771844,44143,3160,0,9,3162.250,866.61
2326272075679,2098057952966,1597355629261,127,43809,3294,0,11,3296.750,866.61
2326272075679,140442490334,1672443180234,252208,43226,3294,0,11,3296.750,866.61
2326272075679,140442490334,565652787825,134,43809,3428,0,13,3431.250,866.61
2326272075679,64050497460,1297463994409,879276,41767,3026,0,7,3027.750,866.61
2326272075679,64050497460,158069658166,109,41369,3026,0,7,3027.750,866.61
2326272075679,1449364191915,1251670092480,37484,42578,3160,0,9,3162.250,866.61
2326272075679,1449364191915,1597367355010,119,41559,3093,0,8,3095.000,866.61
2326272075679,1367839324355,1777046745548,20469,45059,3227,0,10,3229.500,866.61
2326272075679,1367839324355,1239169530287,121,43702,3026,0,7,3027.750,866.61
2326272075679,2202088561082,195284317052,124822,41576,2892,0,5,2893.250,866.61
2326272075679,2202088561082,2294326191209,123,41809,3026,0,7,3027.750,866.61
2326272075679,2087832530315,1007996201995,143123,42618,3026,0,7,3027.750,866.61
2326272075679,2087832530315,1661719812446,122,41393,2892,0,5,2893.250,866.61
2326272075679,1603824997263,703170019582,416080,80636,3361,0,12,3364.000,866.61
2326272075679,1603824997263,1288005496714,243,75035,3026,0,7,3027.750,866.61
2326272075679,663187252987,873375297642,133642,42102,3026,0,7,3027.750,866.61
2326272075679,663187252987,880135060206,135,42702,3160,0,9,3162.250,866.61
2326272075679,236045842669,1804143307584,27760,42369,3160,0,9,3162.250,866.61
2326272075679,236045842669,2033537271486,108,42393,3093,0,8,3095.000,866.61
2328625279069,454314531958,2108688835717,104247,44060,3151,0,9,3153.250,603.77
2328625279069,454314531958,1550955892487,120,43493,3205,0,9,3207.250,603.77
2328625279069,580690456652,116890158450,533510,44184,3379,0,12,3382.000,603.77
2328625279069,580690456652,138778322311,140,43976,3409,0,12,3412.000,603.77
2328625279069,684317903177,117593427254,29581,41893,2959,0,6,2960.500,603.77
2328625279069,684317903177,863783865504,142,43243,3105,0,8,3107.000,603.77
2328625279069,599886465281,1699463128536,54657,41868,2959,0,6,2960.500,603.77
2328625279069,599886465281,2288876953149,123,44268,3309,0,11,3311.750,603.77
2328625279069,1670366751577,1399904001519,194824,43493,3111,0,8,3113.000,603.77
2328625279069,1670366751577,1748217727794,132,44642,3397,0,12,3400.000,603.77
2328625279069,1473840248547,596516579907,142338,75928,2895,0,5,2896.250,603.77
2328625279069,1473840248547,843678008903,238,78785,3217,0,9,3219.250,603.77
2328625279069,1183871053087,720589213043,180838,42951,3123,0,8,3125.000,603.77
2328625279069,1183871053087,14740789430,106,41017,2819,0,4,2820.000,603.77
2328625279069,1907727732727,345199167285,506201,43619,3117,0,8,3119.000,603.77
2328625279069,1907727732727,1259925323302,120,41935,3065,0,7,3066.750,603.77
2328625279069,418455856077,541930614385,17474,41684,2855,0,4,2856.000,603.77
2328625279069,418455856077,1146320186648,143,44120,3433,0,12,3436.000,603.77
2328625279069,929949971436,1729203800372,150545,41826,2989,0,6,2990.500,603.77
2328625279069,929949971436,264179791601,115,42518,3129,0,8,3131.000,603.77
2330709615473,FAILED,FAILED,FAILED,FAILED,FAILED,FAILED,FAILED,FAILED,FAILED
2333629914391,1743846775422,434205868197,576112,42893,3177,0,8,3179.000,557.36
2333629914391,1743846775422,1906710117881,119,43535,3246,0,9,3248.250,557.36
2333629914391,666823153628,944367053148,17158,45660,3453,0,12,3456.000,557.36
2333629914391,666823153628,132999759539,128,42100,3177,0,8,3179.000,557.36
2333629914391,2232338346482,1038755321340,237331,43101,3246,0,9,3248.250,557.36
2333629914391,2232338346482,887679312794,115,43227,3453,0,12,3456.000,557.36
2333629914391,2072444373690,1134810778688,505003,43227,3315,0,10,3317.500,557.36
2333629914391,2072444373690,1209017299097,127,42892,3315,0,10,3317.500,557.36
2333629914391,1566109771738,999508259695,59137,41809,3108,0,7,3109.750,557.36
2333629914391,1566109771738,2296991412475,128,41892,3108,0,7,3109.750,557.36
2333629914391,2116866090501,343212204764,7281,42785,3177,0,8,3179.000,557.36
2333629914391,2116866090501,171261317032,133,42767,3315,0,10,3317.500,557.36
2333629914391,41302524879,2083890663206,103271,42768,3315,0,10,3317.500,557.36
2333629914391,41302524879,10578466623,120,41369,3039,0,6,3040.500,557.36
2333629914391,417063855876,1646813262499,59601,42517,3039,0,6,3040.500,557.36
2333629914391,417063855876,1875914331148,136,43661,3384,0,11,3386.750,557.36
2333629914391,1984768093842,74871932244,40042,42619,3246,0,9,3248.250,557.36
2333629914391,1984768093842,929502653073,110,40643,2901,0,4,2902.000,557.36
2333629914391,1750858652946,1418063713637,148890,43058,3177,0,8,3179.000,557.36
2333629914391,1750858652946,755086722336,151,42810,3384,0,11,3386.750,557.36
2338389587773,669813483307,1801109238081,46861,44327,3132,0,9,3134.250,862.11
2338389587773,669813483307,411253580119,133,42601,2943,0,6,2944.500,862.11
2338389587773,586706561541,1595732513222,301806,42434,3006,0,7,3007.750,862.11
2338389587773,586706561541,20080747690,132,43868,3246,0,11,3248.750,862.11
2338389587773,2257601683275,2203095562706,453976,42852,2955,0,6,2956.500,862.11
2338389587773,2257601683275,651895256117,113,43285,3069,0,8,3071.000,862.11
2338389587773,1807869743548,625317021877,202365,43518,3087,0,8,3089.000,862.11
2338389587773,1807869743548,210255260927,128,43202,3069,0,8,3071.000,862.11
2338389587773,1672257818879,713060492783,43547,44392,3318,0,11,3320.750,862.11
2338389587773,1672257818879,1290030308341,132,43618,3087,0,8,3089.000,862.11
2338389587773,2133377613828,821670275717,457333,43893,3213,0,10,3215.500,862.11
2338389587773,2133377613828,1142863423235,126,42576,3057,0,8,3059.000,862.11
2338389587773,1675218804707,675791029058,461748,78410,3099,0,8,3101.000,862.11
2338389587773,1675218804707,2030051261161,232,78493,3150,0,9,3152.250,862.11
2338389587773,507432231425,1069879300439,68586,45101,3351,0,12,3354.000,862.11
2338389587773,507432231425,1955113319964,120,42327,3000,0,7,3001.750,862.11
2338389587773,319520589361,984517623368,410157,43451,3132,0,9,3134.250,862.11
2338389587773,319520589361,320883824042,118,43602,3144,0,9,3146.250,862.11
2338389587773,2145598636634,1900910033561,298604,43702,3018,0,7,3019.750,862.11
2338389587773,2145598636634,1399248324174,134,43143,3063,0,8,3065.000,862.11
2342347227713,FAILED,FAILED,FAILED,FAILED,FAILED,FAILED,FAILED,FAILED,FAILED
2344999845493,1172253865239,1956579059916,124882,43227,3357,0,8,3359.000,449.73
2344999845493,1172253865239,1596795998293,122,43035,3469,0,9,3471.250,449.73
2344999845493,1267149955888,71034448329,86301,43642,3375,0,8,3377.000,449.73
2344999845493,1267149955888,267242348636,120,43495,3305,0,7,3306.750,449.73
2344999845493,2249217392145,257851806049,51458,42767,3229,0,6,3230.500,449.73
2344999845493,2249217392145,1248531831983,129,43828,3369,0,8,3371.000,449.73
2344999845493,427931904023,233589648806,28068,43101,3293,0,7,3294.750,449.73
2344999845493,427931904023,1993381753458,126,43827,3515,0,10,3517.500,449.73
2344999845493,1264572179535,644834041540,161835,42976,3257,0,7,3258.750,449.73
2344999845493,1264572179535,830437807880,136,43768,3439,0,9,3441.250,449.73
2344999845493,1532558625922,1441229564339,41489,44244,3597,0,11,3599.750,449.73
2344999845493,1532558625922,1897215493918,123,43935,3527,0,10,3529.500,449.73
2344999845493,1800685363602,310558994856,238335,43143,3305,0,7,3306.750,449.73
2344999845493,1800685363602,652491150661,122,42535,3217,0,6,3218.500,449.73
2344999845493,1283171440497,1870948294613,47154,44976,3533,0,10,3535.500,449.73
2344999845493,1283171440497,604005718634,117,43077,3351,0,8,3353.000,449.73
2344999845493,1001110812115,526797097160,291120,44993,3603,0,11,3605.750,449.73
2344999845493,1001110812115,740514737725,113,42893,3311,0,7,3312.750,449.73
2344999845493,689222361352,635689914730,327596,44392,3393,0,8,3395.000,449.73
2344999845493,689222361352,934383749101,144,52827,3503,0,10,3505.500,449.73
2349742413433,FAILED,FAILED,FAILED,FAILED,FAILED,FAILED,FAILED,FAILED,FAILED
2357718232223,1920956377447,1176635424883,216494,42352,3117,0,9,3119.250,711.62
2357718232223,1920956377447,978322282719,136,42910,3315,0,12,3318.000,711.62
2357718232223,1214029456288,1496067361342,483258,42660,3117,0,9,3119.250,711.62
2357718232223,1214029456288,464247767392,114,42601,3183,0,10,3185.500,711.62
2357718232223,1202725845214,669204533856,51547,43451,3183,0,10,3185.500,711.62
2357718232223,1202725845214,2326971018620,119,42726,3117,0,9,3119.250,711.62
2357718232223,2104610141320,1786284754559,67613,78345,3051,0,8,3053.000,711.62
2357718232223,2104610141320,1344588391953,229,77701,3249,0,11,3251.750,711.62
2357718232223,797772440253,181368960499,98277,43518,3315,0,12,3318.000,711.62
2357718232223,797772440253,974665936300,116,41743,3051,0,8,3053.000,711.62
2357718232223,1860199200598,302400467371,674072,41976,3117,0,9,3119.250,711.62
2357718232223,1860199200598,13940045370,125,42870,3249,0,11,3251.750,711.62
2357718232223,1272612048279,1572228924728,63213,42994,3183,0,10,3185.500,711.62
2357718232223,1272612048279,1342542457653,117,42393,3051,0,8,3053.000,711.62
2357718232223,121663135472,1329446867938,306623,43683,3183,0,10,3185.500,711.62
2357718232223,121663135472,1552608225112,119,42826,3183,0,10,3185.500,711.62
2357718232223,162929767177,2167737905110,91673,77369,3051,0,8,3053.000,711.62
2357718232223,162929767177,1093689608744,236,75970,3117,0,9,3119.250,711.62
2357718232223,119919399585,852308747231,256472,42476,3117,0,9,3119.250,711.62
2357718232223,119919399585,970726358210,139,41493,3051,0,8,3053.000,711.62
2367509657413,1378203909346,2091628406494,38992,42744,3189,0,8,3191.000,953.15
2367509657413,1378203909346,20692368310,119,43225,3339,0,10,3341.500,953.15
2367509657413,267011392598,2294895687568,57190,47327,3495,0,12,3498.000,953.15
2367509657413,267011392598,298263939436,137,45518,3357,0,10,3359.500,953.15
2367509657413,1406088437844,103393296886,337974,78869,3111,0,7,3112.750,953.15
2367509657413,1406088437844,147127332255,236,81636,3345,0,10,3347.500,953.15
2367509657413,1277818325953,766809758477,321102,42494,2961,0,5,2962.250,953.15
2367509657413,1277818325953,1471460272534,112,43351,3183,0,8,3185.000,953.15
2367509657413,292640841231,1858589391919,39778,45643,3363,0,10,3365.500,953.15
2367509657413,292640841231,1549624736536,140,43701,3195,0,8,3197.000,953.15
2367509657413,2353965384377,1958854520136,294035,43035,3195,0,8,3197.000,953.15
2367509657413,2353965384377,70719904261,131,45185,3555,0,13,3558.250,953.15
2367509657413,282004547196,376143568389,896661,44785,3543,0,13,3546.250,953.15
2367509657413,282004547196,2207483178803,126,41810,3045,0,6,3046.500,953.15
2367509657413,393283673797,1871027817778,473236,43602,3285,0,9,3287.250,953.15
2367509657413,393283673797,1117801180092,118,41910,3057,0,6,3058.500,953.15
2367509657413,163786072697,1059771636239,277824,80010,3117,0,7,3118.750,953.15
2367509657413,163786072697,917537127120,255,80869,3309,0,9,3311.250,953.15
2367509657413,16879304151,1810210043366,276238,42785,3039,0,6,3040.500,953.15
2367509657413,16879304151,2082986714348,130,44143,3183,0,8,3185.000,953.15
2368098561263,1985524768277,2070960839345,940769,43119,3246,0,9,3248.250,1473.88
2368098561263,1985524768277,2142025792247,130,42225,3108,0,7,3109.750,1473.88
2368098561263,753825665649,1328291574932,373396,42185,3039,0,6,3040.500,1473.88
2368098561263,753825665649,1318330798504,126,42017,3108,0,7,3109.750,1473.88
2368098561263,27327392023,1606088776188,1412048,77178,3108,0,7,3109.750,1473.88
2368098561263,27327392023,1639647848422,231,75618,3039,0,6,3040.500,1473.88
2368098561263,220979319974,169912952127,462173,42308,2970,0,5,2971.250,1473.88
2368098561263,220979319974,1272386730124,123,41560,3039,0,6,3040.500,1473.88
2368098561263,1122940462434,179454151708,930,42868,3177,0,8,3179.000,1473.88
2368098561263,1122940462434,1773232911198,132,43267,3177,0,8,3179.000,1473.88
2368098561263,2338159835631,1549621621216,495817,42435,3108,0,7,3109.750,1473.88
2368098561263,2338159835631,22971620252,117,42100,3108,0,7,3109.750,1473.88
2368098561263,1305316017688,1816247928404,369753,43453,3177,0,8,3179.000,1473.88
2368098561263,1305316017688,127452756955,126,42267,3108,0,7,3109.750,1473.88
2368098561263,1778306534188,236845887946,522583,43393,3384,0,11,3386.750,1473.88
2368098561263,1778306534188,2165318798642,138,43160,3453,0,12,3456.000,1473.88
2368098561263,721195465172,1514930312726,105288,42185,3108,0,7,3109.750,1473.88
2368098561263,721195465172,1026456055192,120,42452,3315,0,10,3317.500,1473.88
2368098561263,198023166472,563201460837,32393,41850,3039,0,6,3040.500,1473.88
2368098561263,198023166472,306177367723,121,43452,3246,0,9,3248.250,1473.88
2370180977119,1830287902044,1423578686400,228031,42351,3203,0,9,3205.250,1213.90
2370180977119,1830287902044,357280293773,140,41660,3135,0,8,3137.000,1213.90
2370180977119,672613240384,1630505795222,26633,43351,3407,0,12,3410.000,1213.90
2370180977119,672613240384,1187722950638,131,41618,2999,0,6,3000.500,1213.90
2370180977119,1913809938151,322538953632,203923,43910,3339,0,11,3341.750,1213.90
2370180977119,1913809938151,980578064333,134,42726,3203,0,9,3205.250,1213.90
2370180977119,364857621136,1789407084767,378612,44743,3135,0,8,3137.000,1213.90
2370180977119,364857621136,1587003666971,131,43226,3135,0,8,3137.000,1213.90
2370180977119,1045666199207,555396702850,862178,43976,3203,0,9,3205.250,1213.90
2370180977119,1045666199207,474452613268,126,43476,3271,0,10,3273.500,1213.90
2370180977119,440694753598,496692913636,905832,44017,3271,0,10,3273.500,1213.90
2370180977119,440694753598,798664873116,132,43452,3339,0,11,3341.750,1213.90
2370180977119,2369712535273,1772876568618,6262,42684,3135,0,8,3137.000,1213.90
2370180977119,2369712535273,2173105102296,132,43076,3271,0,10,3273.500,1213.90
2370180977119,1590858599216,1126446823945,406235,41308,2999,0,6,3000.500,1213.90
2370180977119,1590858599216,1096645689549,127,42351,3135,0,8,3137.000,1213.90
2370180977119,1282761504577,1128059902293,734489,42267,3135,0,8,3137.000,1213.90
2370180977119,1282761504577,1195818683300,131,41744,3067,0,7,3068.750,1213.90
2370180977119,2209090321310,1687148715418,153119,43184,3203,0,9,3205.250,1213.90
2370180977119,2209090321310,5170605850,128,43910,3475,0,13,3478.250,1213.90
2371648236697,FAILED,FAILED,FAILED,FAILED,FAILED,FAILED,FAILED,FAILED,FAILED
2373121187543,709571920640,34348680460,93029,43434,3139,0,10,3141.500,811.52
2373121187543,709571920640,901711884858,133,41370,2879,0,6,2880.500,811.52
2373121187543,1582197036071,2140445704154,354659,42827,2944,0,7,2945.750,811.52
2373121187543,1582197036071,1514288411372,133,41768,3009,0,8,3011.000,811.52
2373121187543,2032966284832,163742651163,163864,77243,2944,0,7,2945.750,811.52
2373121187543,2032966284832,257753399702,251,79178,3334,0,13,3337.250,811.52
2373121187543,2332979067304,204190513337,939403,43143,3009,0,8,3011.000,811.52
2373121187543,2332979067304,1624174248851,125,43185,3139,0,10,3141.500,811.52
2373121187543,1986411207794,1578561530369,152555,42185,3074,0,9,3076.250,811.52
2373121187543,1986411207794,1357958499768,124,43101,3204,0,11,3206.750,811.52
2373121187543,252127304166,214406388221,367139,42184,3009,0,8,3011.000,811.52
2373121187543,252127304166,1443391002382,123,42977,3139,0,10,3141.500,811.52
2373121187543,1498964375557,755092730681,34872,42893,3139,0,10,3141.500,811.52
2373121187543,1498964375557,2070530021628,130,41810,3009,0,8,3011.000,811.52
2373121187543,810676537739,117541677739,166807,42826,3139,0,10,3141.500,811.52
2373121187543,810676537739,1578563886401,126,44184,3204,0,11,3206.750,811.52
2373121187543,873085246482,12422248050,84169,42327,3009,0,8,3011.000,811.52
2373121187543,873085246482,150728181754,123,42310,3074,0,9,3076.250,811.52
2373121187543,1431169389536,255616914622,302429,42685,3074,0,9,3076.250,811.52
2373121187543,1431169389536,841372479798,116,43160,3074,0,9,3076.250,811.52
2373689351401,FAILED,FAILED,FAILED,FAILED,FAILED,FAILED,FAILED,FAILED,FAILED
2382601649567,2090122123353,214649233217,591910,43018,3332,0,9,3334.250,770.32
2382601649567,2090122123353,326843076479,115,42410,3332,0,9,3334.250,770.32
2382601649567,274533725338,2272173528220,89701,43160,3332,0,9,3334.250,770.32
2382601649567,274533725338,2202318970278,122,42850,3332,0,9,3334.250,770.32
2382601649567,1856037190631,632521564840,236173,42726,3261,0,8,3263.000,770.32
2382601649567,1856037190631,190671881915,119,42684,3332,0,9,3334.250,770.32
2382601649567,949423434836,1601088378543,351497,44410,3261,0,8,3263.000,770.32
2382601649567,949423434836,2377874683765,139,46101,3545,0,12,3548.000,770.32
2382601649567,198191693999,55985137467,227070,45702,3545,0,12,3548.000,770.32
2382601649567,198191693999,1360351465620,113,44185,3261,0,8,3263.000,770.32
2382601649567,923045857956,765241931958,15921,44100,2977,0,4,2978.000,770.32
2382601649567,923045857956,1625784707970,118,44619,3332,0,9,3334.250,770.32
2382601649567,2176527561514,1105844631841,462150,44518,3403,0,10,3405.500,770.32
2382601649567,2176527561514,1607694462058,138,44493,3474,0,11,3476.750,770.32
2382601649567,1422032940832,568191562092,184397,43035,3261,0,8,3263.000,770.32
2382601649567,1422032940832,2274168536641,128,43768,3048,0,5,3049.250,770.32
2382601649567,751191005542,66982244474,238510,43268,3403,0,10,3405.500,770.32
2382601649567,751191005542,760653718984,122,42369,3332,0,9,3334.250,770.32
2382601649567,136327596093,779427491899,17605,44827,3048,0,5,3049.250,770.32
2382601649567,136327596093,309961615945,125,42642,3332,0,9,3334.250,770.32
2391149810173,1223125498396,1786658217598,120401,75053,2879,0,6,2880.500,761.65
2391149810173,1223125498396,457223471115,208,74201,2923,0,7,2924.750,761.65
2391149810173,828535269045,1861083809472,262278,43060,2997,0,8,2999.000,761.65
2391149810173,828535269045,236475168573,133,43517,3119,0,9,3121.250,761.65
2391149810173,1990175916227,594021615670,469145,43310,3057,0,8,3059.000,761.65
2391149810173,1990175916227,1780108144996,119,41743,2841,0,5,2842.250,761.65
2391149810173,1326481020986,1917073754144,133354,43476,3243,0,11,3245.750,761.65
2391149810173,1326481020986,1130087428990,122,42243,3033,0,8,3035.000,761.65
2391149810173,505056463929,1008931322033,11437,45435,3089,0,9,3091.250,761.65
2391149810173,505056463929,2263481520787,131,43744,2959,0,7,2960.750,761.65
2391149810173,889360079080,1771173823474,81501,43184,2959,0,7,2960.750,761.65
2391149810173,889360079080,1412247805240,122,40726,2687,0,3,2687.750,761.65
2391149810173,2098016375977,841098174039,112136,80035,3033,0,8,3035.000,761.65
2391149810173,2098016375977,1944804383001,239,75470,2773,0,4,2774.000,761.65
2391149810173,2057549740610,41382734735,418763,42475,2879,0,6,2880.500,761.65
2391149810173,2057549740610,1206316969374,117,43161,3119,0,9,3121.250,761.65
2391149810173,2216614462529,1249821136042,558947,78927,3101,0,9,3103.250,761.65
2391149810173,2216614462529,179337178620,233,76785,3075,0,8,3077.000,761.65
2391149810173,1163514681616,283146667009,252753,43244,3065,0,9,3067.250,761.65
2391149810173,1163514681616,1685488720114,123,42767,3095,0,9,3097.250,761.65
2392176833329,FAILED,FAILED,FAILED,FAILED,FAILED,FAILED,FAILED,FAILED,FAILED
2397776752633,FAILED,FAILED,FAILED,FAILED,FAILED,FAILED,FAILED,FAILED,FAILED
2398375612043,759087293484,1863217012250,12284,42725,3160,0,9,3162.250,739.54
2398375612043,759087293484,1850985214095,126,41952,3093,0,8,3095.000,739.54
2398375612043,1352544607855,355877476687,303477,42350,3093,0,8,3095.000,739.54
2398375612043,1352544607855,799693523821,119,41893,3160,0,9,3162.250,739.54
2398375612043,1118445630954,1607235222961,138674,42685,3093,0,8,3095.000,739.54
2398375612043,1118445630954,2236229813049,130,41827,3026,0,7,3027.750,739.54
2398375612043,2249655986274,2026619222859,362727,44602,3294,0,11,3296.750,739.54
2398375612043,2249655986274,770225517415,121,41244,2892,0,5,2893.250,739.54
2398375612043,466807509481,631906397223,483702,43077,3227,0,10,3229.500,739.54
2398375612043,466807509481,640252271011,143,43018,3160,0,9,3162.250,739.54
2398375612043,180103145698,566214632819,51341,78512,3026,0,7,3027.750,739.54
2398375612043,180103145698,1682960283814,198,63535,3026,0,7,3027.750,739.54
2398375612043,1211793663338,758449429012,86847,41892,2959,0,6,2960.500,739.54
2398375612043,1211793663338,1443448479773,132,43393,3361,0,12,3364.000,739.54
2398375612043,370396475288,539729319533,116072,43618,3227,0,10,3229.500,739.54
2398375612043,370396475288,806124972273,139,42809,3227,0,10,3229.500,739.54
2398375612043,1226168431622,1676361040697,630505,76511,3026,0,7,3027.750,739.54
2398375612043,1226168431622,680424103445,226,76869,3160,0,9,3162.250,739.54
2398375612043,956315218623,2098728472525,220530,42184,3026,0,7,3027.750,739.54
2398375612043,956315218623,1308542149824,120,41685,3026,0,7,3027.750,739.54
2413489162741,215731144295,776031167905,54132,42143,3036,0,5,3037.250,481.64
2413489162741,215731144295,1210066153206,108,43368,3304,0,9,3306.250,481.64
2413489162741,1155937340329,924199384072,55444,43577,3310,0,9,3312.250,481.64
2413489162741,1155937340329,942437991757,143,44226,3383,0,10,3385.500,481.64
2413489162741,814671033813,555384063858,13247,43411,3285,0,8,3287.000,481.64
2413489162741,814671033813,1297558114417,124,43809,3401,0,10,3403.500,481.64
2413489162741,1384838609526,247842242806,108398,43993,3292,0,9,3294.250,481.64
2413489162741,1384838609526,247234040912,134,44559,3383,0,10,3385.500,481.64
2413489162741,221097628567,1474951322200,515321,44619,3359,0,10,3361.500,481.64
2413489162741,221097628567,1105744083402,130,43309,3358,0,9,3360.250,481.64
2413489162741,1846153905497,1856545036367,68224,43934,3261,0,8,3263.000,481.64
2413489162741,1846153905497,1128834947438,132,43702,3304,0,9,3306.250,481.64
2413489162741,1225195581806,1893393706332,54397,80969,3212,0,7,3213.750,481.64
2413489162741,1225195581806,2276002235903,248,81719,3401,0,10,3403.500,481.64
2413489162741,1453723147848,1799120436987,174668,43767,3152,0,7,3153.750,481.64
2413489162741,1453723147848,885621917564,131,43643,3316,0,9,3318.250,481.64
2413489162741,1703328713147,1911817389117,18466,44850,3425,0,10,3427.500,481.64
2413489162741,1703328713147,1039740123098,125,44493,3468,0,11,3470.750,481.64
2413489162741,410794506780,1030313285813,447679,44826,3395,0,10,3397.500,481.64
2413489162741,410794506780,75868285216,124,43100,3237,0,8,3239.000,481.64
2419960816631,1340874844769,866375318572,791318,80678,3359,0,10,3361.500,1393.01
2419960816631,1340874844769,455227714734,256,79452,3359,0,10,3361.500,1393.01
2419960816631,2166314149134,1998671868681,82300,41951,3219,0,8,3221.000,1393.01
2419960816631,2166314149134,625100949251,127,41518,3079,0,6,3080.500,1393.01
2419960816631,2232682960338,1148317021399,607279,42267,3149,0,7,3150.750,1393.01
2419960816631,2232682960338,1036649699664,129,42327,3219,0,8,3221.000,1393.01
2419960816631,884786539612,1377041119666,90787,42076,3149,0,7,3150.750,1393.01
2419960816631,884786539612,567211627125,123,42185,3219,0,8,3221.000,1393.01
2419960816631,928111205169,1009565730996,946089,41725,3149,0,7,3150.750,1393.01
2419960816631,928111205169,618721627744,125,42286,3219,0,8,3221.000,1393.01
2419960816631,1189975442248,2334631824213,816927,41600,3009,0,5,3010.250,1393.01
2419960816631,1189975442248,253434695789,136,43951,3569,0,13,3572.250,1393.01
2419960816631,2036264364825,104551167060,340037,43102,3079,0,6,3080.500,1393.01
2419960816631,2036264364825,1925255433492,134,43910,3359,0,10,3361.500,1393.01
2419960816631,2146843920851,678443948462,448674,44309,3429,0,11,3431.750,1393.01
2419960816631,2146843920851,189360402072,125,42285,3149,0,7,3150.750,1393.01
2419960816631,1644734105259,412819444639,205201,43476,3149,0,7,3150.750,1393.01
2419960816631,1644734105259,266867658756,119,41893,3149,0,7,3150.750,1393.01
2419960816631,1493680896186,2254750697034,116823,42994,3359,0,10,3361.500,1393.01
2419960816631,1493680896186,185439919841,121,41768,3079,0,6,3080.500,1393.01
2421595184353,FAILED,FAILED,FAILED,FAILED,FAILED,FAILED,FAILED,FAILED,FAILED
2436977390453,1098957549746,2050217651804,812789,57785,3784,0,13,3787.250,648.83
2436977390453,1098957549746,1815697571231,119,44809,3399,0,8,3401.000,648.83
2436977390453,1387569674638,892613945274,12918,84285,3565,0,10,3567.500,648.83
2436977390453,1387569674638,1246071843550,241,78243,3293,0,6,3294.500,648.83
2436977390453,162402386919,844934841835,173042,43976,3411,0,8,3413.000,648.83
2436977390453,162402386919,2319142113586,128,43952,3642,0,11,3644.750,648.83
2436977390453,2085878209236,1280523551342,492348,44536,3429,0,8,3431.000,648.83
2436977390453,2085878209236,1391713872329,124,44101,3447,0,8,3449.000,648.83
2436977390453,73859801346,35349248668,45033,43869,3506,0,9,3508.250,648.83
2436977390453,73859801346,1607299974302,124,42602,3251,0,6,3252.500,648.83
2436977390453,2175862672984,2393106593773,40361,42785,3121,0,4,3122.000,648.83
2436977390453,2175862672984,2121844717349,121,42600,3346,0,7,3347.750,648.83
2436977390453,1444689056744,849697598627,74348,45243,3796,0,13,3799.250,648.83
2436977390453,1444689056744,116337412166,125,42351,3257,0,6,3258.500,648.83
2436977390453,1577096923745,107667299506,119984,44994,3423,0,8,3425.000,648.83
2436977390453,1577096923745,1814051922872,131,43934,3435,0,8,3437.000,648.83
2436977390453,2324980860398,273421612925,86466,44934,3612,0,11,3614.750,648.83
2436977390453,2324980860398,617427293990,112,42577,3138,0,5,3139.250,648.83
2436977390453,1179611336287,2242881828758,144999,43893,3506,0,9,3508.250,648.83
2436977390453,1179611336287,80988967989,119,42559,3257,0,6,3258.500,648.83
2443160940541,1110418365585,1465979453220,161423,44643,3295,0,10,3297.500,963.04
2443160940541,1110418365585,621147127353,123,43743,3301,0,10,3303.500,963.04
2443160940541,374785044135,731574180306,129949,44392,3307,0,10,3309.500,963.04
2443160940541,374785044135,345188031121,145,45410,3277,0,10,3279.500,963.04
2443160940541,2434928654772,872665307352,1014295,42767,3029,0,6,3030.500,963.04
2443160940541,2434928654772,1658144438814,118,42995,3183,0,8,3185.000,963.04
2443160940541,1004271214571,2262643467806,180611,44701,3461,0,12,3464.000,963.04
2443160940541,1004271214571,1233439679533,126,43142,3242,0,9,3244.250,963.04
2443160940541,641986650501,1480377310349,387309,43684,3307,0,10,3309.500,963.04
2443160940541,641986650501,847341162842,125,42327,3153,0,8,3155.000,963.04
2443160940541,111404838043,857795024183,73845,42600,3035,0,6,3036.500,963.04
2443160940541,111404838043,1287093907134,123,43161,3177,0,8,3179.000,963.04
2443160940541,773125450670,515990162418,54875,44393,3313,0,10,3315.500,963.04
2443160940541,773125450670,966101769711,127,44369,3502,0,13,3505.250,963.04
2443160940541,1087620604968,345167599686,572204,41518,2999,0,6,3000.500,963.04
2443160940541,1087620604968,1162422939415,124,42868,3171,0,8,3173.000,963.04
2443160940541,404802390960,115849759188,306777,42994,3260,0,9,3262.250,963.04
2443160940541,404802390960,877128045580,123,42809,3159,0,8,3161.000,963.04
2443160940541,1555160233753,1100466530875,131887,42309,2987,0,6,2988.500,963.04
2443160940541,1555160233753,437754574203,120,43643,3366,0,11,3368.750,963.04
2444251406027,1454379648405,1555550480864,2084470,80927,3339,0,11,3341.750,1107.52
2444251406027,1454379648405,439062839882,253,81743,3475,0,13,3478.250,1107.52
2444251406027,1633216313026,1215297586364,166286,96011,3067,0,7,3068.750,1107.52
2444251406027,1633216313026,1756528889537,235,77493,3271,0,10,3273.500,1107.52
2444251406027,807098142949,1096147177043,153416,41851,3067,0,7,3068.750,1107.52
2444251406027,807098142949,2391634796496,130,42868,3271,0,10,3273.500,1107.52
2444251406027,846613738100,300238963398,132914,42827,3135,0,8,3137.000,1107.52
2444251406027,846613738100,207382307539,136,42685,3203,0,9,3205.250,1107.52
2444251406027,1169599031651,2098462379530,176642,41994,3067,0,7,3068.750,1107.52
2444251406027,1169599031651,1100192322261,130,43602,3407,0,12,3410.000,1107.52
2444251406027,827814335663,447998734746,59406,42517,3135,0,8,3137.000,1107.52
2444251406027,827814335663,1736928766992,122,41452,2999,0,6,3000.500,1107.52
2444251406027,96409731021,1179281646785,714915,42660,3135,0,8,3137.000,1107.52
2444251406027,96409731021,618798366485,127,41810,3135,0,8,3137.000,1107.52
2444251406027,45456124716,784156386175,20251,42701,3135,0,8,3137.000,1107.52
2444251406027,45456124716,212578137490,120,41727,3067,0,7,3068.750,1107.52
2444251406027,2345383573535,908605240464,4633,41643,3135,0,8,3137.000,1107.52
2444251406027,2345383573535,2341979799593,125,42202,3203,0,9,3205.250,1107.52
2444251406027,653330031478,524239969494,87873,42893,3271,0,10,3273.500,1107.52
2444251406027,653330031478,1793729603718,133,41618,3067,0,7,3068.750,1107.52
2448412165543,796643178418,886079366447,185867,42244,2944,0,7,2945.750,862.47
2448412165543,796643178418,462141151289,140,42851,3204,0,11,3206.750,862.47
2448412165543,1147280561693,595641257845,396544,41369,3009,0,8,3011.000,862.47
2448412165543,1147280561693,93025189496,125,41226,3009,0,8,3011.000,862.47
2448412165543,91120272929,1114265440731,457034,42826,3074,0,9,3076.250,862.47
2448412165543,91120272929,1461162367307,140,41685,3009,0,8,3011.000,862.47
2448412165543,1701202727351,1994858948870,546139,43434,3204,0,11,3206.750,862.47
2448412165543,1701202727351,1948365432555,120,43702,3139,0,10,3141.500,862.47
2448412165543,672232755674,1953647498052,243647,43743,3139,0,10,3141.500,862.47
2448412165543,672232755674,2071139021394,133,42684,3074,0,9,3076.250,862.47
2448412165543,2287736576401,64191309556,463668,44018,3074,0,9,3076.250,862.47
2448412165543,2287736576401,653270158647,130,44118,3009,0,8,3011.000,862.47
2448412165543,2280205416437,871896922536,29504,41809,3009,0,8,3011.000,862.47
2448412165543,2280205416437,377456249340,126,42952,3139,0,10,3141.500,862.47
2448412165543,1080571770777,2141016786387,120132,42018,2814,0,5,2815.250,862.47
2448412165543,1080571770777,523946577521,138,44202,3204,0,11,3206.750,862.47
2448412165543,1287302327451,2028072008585,72983,43559,3009,0,8,3011.000,862.47
2448412165543,1287302327451,341431641854,125,43076,3074,0,9,3076.250,862.47
2448412165543,555300491872,1755815463812,278080,41642,2814,0,5,2815.250,862.47
2448412165543,555300491872,1036359949629,114,40852,2879,0,6,2880.500,862.47
2453276774407,477661025874,1837828952507,82216,42643,2988,0,9,2990.250,843.42
2453276774407,477661025874,1783297979561,128,42452,3051,0,10,3053.500,843.42
2453276774407,2005888699985,1996730654809,208408,41035,2736,0,5,2737.250,843.42
2453276774407,2005888699985,665696979913,136,41310,2925,0,8,2927.000,843.42
2453276774407,1795743891084,2027455273230,90389,42684,3051,0,10,3053.500,843.42
2453276774407,1795743891084,1950807472329,135,42726,3114,0,11,3116.750,843.42
2453276774407,779100906441,919110906986,80643,43201,3114,0,11,3116.750,843.42
2453276774407,779100906441,1961364724813,129,42018,2925,0,8,2927.000,843.42
2453276774407,612399064619,2377802706000,904573,43910,2988,0,9,2990.250,843.42
2453276774407,612399064619,1975013961362,119,42018,2925,0,8,2927.000,843.42
2453276774407,38663689488,461398867801,274759,42808,2988,0,9,2990.250,843.42
2453276774407,38663689488,2355267115370,123,42018,2925,0,8,2927.000,843.42
2453276774407,644797606509,2188739372935,557822,77261,2925,0,8,2927.000,843.42
2453276774407,644797606509,1556702874495,234,74536,2862,0,7,2863.750,843.42
2453276774407,1880075968733,1079211214195,282615,42100,2862,0,7,2863.750,843.42
2453276774407,1880075968733,1570361539152,145,42577,2988,0,9,2990.250,843.42
2453276774407,57238430537,520771877445,81477,42934,3177,0,12,3180.000,843.42
2453276774407,57238430537,652071086324,141,41393,2925,0,8,2927.000,843.42
2453276774407,905885306939,173109311525,228436,42368,2862,0,7,2863.750,843.42
2453276774407,905885306939,1672339503690,121,43226,3051,0,10,3053.500,843.42
2455816580989,390867501632,288836061040,217870,42892,3165,0,8,3167.000,1025.59
2455816580989,390867501632,1447075498665,133,42202,3017,0,6,3018.500,1025.59
2455816580989,1135417326493,1058218787163,156726,43767,3224,0,9,3226.250,1025.59
2455816580989,1135417326493,371202506516,125,43660,3100,0,7,3101.750,1025.59
2455816580989,767564661105,1981946754578,63179,78636,3118,0,7,3119.750,1025.59
2455816580989,767564661105,1492932963924,260,81702,3372,0,11,3374.750,1025.59
2455816580989,474997370624,2140319545964,78083,43410,3207,0,8,3209.000,1025.59
2455816580989,474997370624,1720664989551,129,43018,3076,0,7,3077.750,1025.59
2455816580989,1453572244306,353614884159,34815,44934,3526,0,13,3529.250,1025.59
2455816580989,1453572244306,500869580592,135,44160,3283,0,10,3285.500,1025.59
2455816580989,1836549493967,1191176020998,868850,44660,3313,0,10,3315.500,1025.59
2455816580989,1836549493967,1119451942108,139,42727,3082,0,7,3083.750,1025.59
2455816580989,1485643826730,1551946173363,1160,76970,3011,0,6,3012.500,1025.59
2455816580989,1485643826730,1540584712605,258,79218,3230,0,9,3232.250,1025.59
2455816580989,2155668962269,279359608036,388797,43100,3082,0,7,3083.750,1025.59
2455816580989,2155668962269,357736515901,115,44036,3360,0,11,3362.750,1025.59
2455816580989,975067792794,235711267282,103648,46143,3449,0,12,3452.000,1025.59
2455816580989,975067792794,896175098863,127,44184,3378,0,11,3380.750,1025.59
2455816580989,1171491449457,2445464064038,1312898,43976,3230,0,9,3232.250,1025.59
2455816580989,1171491449457,548090259400,128,42410,3112,0,7,3113.750,1025.59
2459274127789,2062569400073,1229833870109,4323,44160,3126,0,9,3128.250,660.52
2459274127789,2062569400073,1340614449212,126,43142,3075,0,8,3077.000,660.52
2459274127789,2119800806080,2224026447205,434863,44560,3243,0,10,3245.500,660.52
2459274127789,2119800806080,843735942675,116,44451,3357,0,12,3360.000,660.52
2459274127789,717071363377,430340545735,221628,43267,3138,0,9,3140.250,660.52
2459274127789,717071363377,1066039313688,133,43535,3138,0,9,3140.250,660.52
2459274127789,1179831805789,2032668428081,26588,45243,3282,0,11,3284.750,660.52
2459274127789,1179831805789,1227490259876,135,43267,3081,0,8,3083.000,660.52
2459274127789,2417972248995,1026831401125,314114,43850,3195,0,10,3197.500,660.52
2459274127789,2417972248995,1537331858997,132,42993,3075,0,8,3077.000,660.52
2459274127789,625622507946,1381155882794,45570,42702,2961,0,6,2962.500,660.52
2459274127789,625622507946,654118392241,118,43226,2988,0,7,2989.750,660.52
2459274127789,955523316773,90596207935,511279,43868,3213,0,10,3215.500,660.52
2459274127789,955523316773,2050629716051,124,43934,3288,0,11,3290.750,660.52
2459274127789,379771888149,1767317925649,349665,46201,3420,0,13,3423.250,660.52
2459274127789,379771888149,658760830159,121,41017,2742,0,3,2742.750,660.52
2459274127789,1037912992706,2079401904581,43694,43268,3144,0,9,3146.250,660.52
2459274127789,1037912992706,2101394186412,143,43827,3225,0,10,3227.500,660.52
2459274127789,179128171232,1370112039318,157599,42994,3012,0,7,3013.750,660.52
2459274127789,179128171232,404854681326,129,42142,2931,0,6,2932.500,660.52
2463734770117,2451486518709,142335628733,78867,43643,3156,0,9,3158.250,791.57
2463734770117,2451486518709,1640058764209,120,44393,3225,0,10,3227.500,791.57
2463734770117,1968017820694,487591522670,340086,43309,3207,0,10,3209.500,791.57
2463734770117,1968017820694,834723256782,126,42452,3075,0,8,3077.000,791.57
2463734770117,283096788626,2348770104521,77224,43327,3057,0,8,3059.000,791.57
2463734770117,283096788626,591897705477,135,42851,2970,0,7,2971.750,791.57
2463734770117,1647960335887,395257294595,154148,43309,3087,0,8,3089.000,791.57
2463734770117,1647960335887,730810389433,114,44143,3375,0,12,3378.000,791.57
2463734770117,1792903346692,724304228600,273983,43851,3213,0,10,3215.500,791.57
2463734770117,1792903346692,801570279270,121,42701,3045,0,8,3047.000,791.57
2463734770117,2345370908377,805029071022,79486,43201,3075,0,8,3077.000,791.57
2463734770117,2345370908377,867062855090,138,43517,3225,0,10,3227.500,791.57
2463734770117,184478332888,976193072725,182343,43309,3093,0,8,3095.000,791.57
2463734770117,184478332888,1844527467942,131,42892,3099,0,8,3101.000,791.57
2463734770117,1032477435543,2332956162902,433285,42517,2937,0,6,2938.500,791.57
2463734770117,1032477435543,2374522944148,134,43560,3243,0,10,3245.500,791.57
2463734770117,385739534614,1177282719468,560073,42893,3000,0,7,3001.750,791.57
2463734770117,385739534614,94135177007,117,41952,2919,0,6,2920.500,791.57
2463734770117,343794081997,2432086993638,356342,42684,2955,0,6,2956.500,791.57
2463734770117,343794081997,374514013813,119,42826,3018,0,7,3019.750,791.57
2464611436367,1911201291121,1702517134486,583937,42017,2853,0,5,2854.250,1037.72
2464611436367,1911201291121,1742618259348,131,42327,3183,0,10,3185.500,1037.72
2464611436367,528769040200,93132280235,79454,43560,3183,0,10,3185.500,1037.72
2464611436367,528769040200,1618390271915,121,42976,3117,0,9,3119.250,1037.72
2464611436367,2179886060553,63828382343,839432,42018,2919,0,6,2920.500,1037.72
2464611436367,2179886060553,1002515200342,125,41684,2985,0,7,2986.750,1037.72
2464611436367,974496439668,13289907154,189525,43268,3117,0,9,3119.250,1037.72
2464611436367,974496439668,250847658057,129,42452,3051,0,8,3053.000,1037.72
2464611436367,2094118783382,1847905016120,32814,43060,3117,0,9,3119.250,1037.72
2464611436367,2094118783382,206183819289,118,42142,3117,0,9,3119.250,1037.72
2464611436367,2207233740160,2315510040845,149495,78220,3051,0,8,3053.000,1037.72
2464611436367,2207233740160,1247683125746,250,74285,2919,0,6,2920.500,1037.72
2464611436367,1262555226249,1050018320164,203785,42642,3051,0,8,3053.000,1037.72
2464611436367,1262555226249,1382938161604,131,43244,3249,0,11,3251.750,1037.72
2464611436367,282147165398,169014172659,570121,42767,3117,0,9,3119.250,1037.72
2464611436367,282147165398,1272895107263,128,42703,3183,0,10,3185.500,1037.72
2464611436367,1459110894972,2199472575809,405073,43017,3051,0,8,3053.000,1037.72
2464611436367,1459110894972,61636463090,139,42410,3117,0,9,3119.250,1037.72
2464611436367,1232753876410,1952271174863,301745,41810,2985,0,7,2986.750,1037.72
2464611436367,1232753876410,745905215627,124,42577,3249,0,11,3251.750,1037.72
2466648160621,395974082809,1607570178165,449119,44518,3471,0,8,3473.000,920.34
2466648160621,395974082809,1109121739779,130,44660,3447,0,8,3449.000,920.34
2466648160621,670701335787,1897548251802,201668,42975,3297,0,6,3298.500,920.34
2466648160621,670701335787,1755338915058,125,43285,3363,0,7,3364.750,920.34
2466648160621,1881289796647,599656640406,313018,42850,3153,0,4,3154.000,920.34
2466648160621,1881289796647,51738214636,129,43601,3645,0,10,3647.500,920.34
2466648160621,1543360475682,65716061446,254489,43642,3447,0,8,3449.000,920.34
2466648160621,1543360475682,1218035376229,119,42268,3057,0,3,3057.750,920.34
2466648160621,2070739064049,1315064013022,87359,43201,3375,0,7,3376.750,920.34
2466648160621,2070739064049,1008869128809,116,43976,3549,0,9,3551.250,920.34
2466648160621,953851782470,46608566366,427044,45433,3573,0,10,3575.500,920.34
2466648160621,953851782470,164268457493,118,41578,3057,0,3,3057.750,920.34
2466648160621,1402455117288,823470129653,465572,43018,3285,0,6,3286.500,920.34
2466648160621,1402455117288,668410644694,128,43410,3369,0,7,3370.750,920.34
2466648160621,2133551369257,647694252585,536826,43351,3375,0,7,3376.750,920.34
2466648160621,2133551369257,1134592504708,133,43933,3513,0,9,3515.250,920.34
2466648160621,1920258435228,495705143183,11944,81661,3453,0,8,3455.000,920.34
2466648160621,1920258435228,206495692859,236,82843,3669,0,11,3671.750,920.34
2466648160621,448097099216,117466868629,85894,44410,3453,0,8,3455.000,920.34
2466648160621,448097099216,3947835360,142,43727,3513,0,9,3515.250,920.34
2474871313787,1071959552056,604361197439,763136,41476,3026,0,7,3027.750,826.65
2474871313787,1071959552056,1556168327601,124,42101,3160,0,9,3162.250,826.65
2474871313787,1685011902702,2181672817344,268674,43828,3227,0,10,3229.500,826.65
2474871313787,1685011902702,1969012778209,132,42850,3026,0,7,3027.750,826.65
2474871313787,1850346520105,1427347809451,57302,43535,3227,0,10,3229.500,826.65
2474871313787,1850346520105,1983933103095,119,43477,3294,0,11,3296.750,826.65
2474871313787,385304534706,2303126243875,334303,43451,3227,0,10,3229.500,826.65
2474871313787,385304534706,1456724377738,140,43101,3160,0,9,3162.250,826.65
2474871313787,2406182009239,49438881757,6619,43993,3160,0,9,3162.250,826.65
2474871313787,2406182009239,406254232043,140,43059,3160,0,9,3162.250,826.65
2474871313787,2352679700614,153623758444,216402,42477,2959,0,6,2960.500,826.65
2474871313787,2352679700614,206467085183,131,44743,3227,0,10,3229.500,826.65
2474871313787,698806734303,1575063734187,107620,43035,3227,0,10,3229.500,826.65
2474871313787,698806734303,302707241864,126,42393,3093,0,8,3095.000,826.65
2474871313787,2236186255856,1201710385071,18752,42202,3026,0,7,3027.750,826.65
2474871313787,2236186255856,1493892606517,131,43685,3227,0,10,3229.500,826.65
2474871313787,653060764975,1431405604183,814649,41393,3093,0,8,3095.000,826.65
2474871313787,653060764975,865232751694,122,41577,3026,0,7,3027.750,826.65
2474871313787,1287605808650,606308205796,101994,78576,3227,0,10,3229.500,826.65
2474871313787,1287605808650,2218068176882,235,76928,3160,0,9,3162.250,826.65
2475628088327,2289654061010,885413488087,149144,41434,2903,0,7,2904.750,659.64
2475628088327,2289654061010,1043628796087,133,40768,2839,0,6,2840.500,659.64
2475628088327,320496453975,1877199364354,392702,42535,3031,0,9,3033.250,659.64
2475628088327,320496453975,400017332102,124,42018,3031,0,9,3033.250,659.64
2475628088327,1237612853011,264016286225,67517,41576,2903,0,7,2904.750,659.64
2475628088327,1237612853011,1109115838602,119,40602,2903,0,7,2904.750,659.64
2475628088327,847963098716,1579716852745,83636,42434,3031,0,9,3033.250,659.64
2475628088327,847963098716,2115544798722,130,41477,2967,0,8,2969.000,659.64
2475628088327,155384043623,91871078418,355432,41785,2903,0,7,2904.750,659.64
2475628088327,155384043623,2119152123917,125,41768,2967,0,8,2969.000,659.64
2475628088327,868499450784,238130784728,100388,42576,2903,0,7,2904.750,659.64
2475628088327,868499450784,166365838374,138,42851,3031,0,9,3033.250,659.64
2475628088327,2021731809104,977804665870,437758,42518,2967,0,8,2969.000,659.64
2475628088327,2021731809104,1262822990944,137,42660,3095,0,10,3097.500,659.64
2475628088327,2416122478884,334178446093,331269,43518,3159,0,11,3161.750,659.64
2475628088327,2416122478884,1650707585521,141,44202,3159,0,11,3161.750,659.64
2475628088327,1175375866283,675441456805,131330,42077,2903,0,7,2904.750,659.64
2475628088327,1175375866283,1086958986834,145,43017,3159,0,11,3161.750,659.64
2475628088327,285740376632,2277991981776,136342,41183,2839,0,6,2840.500,659.64
2475628088327,285740376632,1428340387561,128,41577,2903,0,7,2904.750,659.64
2476627368737,FAILED,FAILED,FAILED,FAILED,FAILED,FAILED,FAILED,FAILED,FAILED
2480654941321,FAILED,FAILED,FAILED,FAILED,FAILED,FAILED,FAILED,FAILED,FAILED
2481663697129,FAILED,FAILED,FAILED,FAILED,FAILED,FAILED,FAILED,FAILED,FAILED
2483046140557,930802465704,837197220106,308892,42994,2978,0,9,2980.250,631.40
2483046140557,930802465704,2070554664766,137,42435,2895,0,8,2897.000,631.40
2483046140557,1807170718199,66340947218,52146,42785,2919,0,8,2921.000,631.40
2483046140557,1807170718199,39661688487,126,43018,2836,0,7,2837.750,631.40
2483046140557,963020681257,1677157154291,428854,43310,2966,0,9,2968.250,631.40
2483046140557,963020681257,731518830821,126,41827,2848,0,7,2849.750,631.40
2483046140557,419939422804,1581681308405,63596,44327,2860,0,7,2861.750,631.40
2483046140557,419939422804,1295672089839,113,43810,2966,0,9,2968.250,631.40
2483046140557,1263692313487,1636227019960,573601,42102,2706,0,5,2707.250,631.40
2483046140557,1263692313487,722787445741,130,43202,2895,0,8,2897.000,631.40
2483046140557,939751747287,1551987802399,163257,43410,2978,0,9,2980.250,631.40
2483046140557,939751747287,2169041445339,127,44100,3126,0,11,3128.750,631.40
2483046140557,41546582397,1461879483503,211220,44268,3155,0,12,3158.000,631.40
2483046140557,41546582397,218921883193,120,42310,2931,0,8,2933.000,631.40
2483046140557,1314140654455,368133826136,17375,42535,2854,0,7,2855.750,631.40
2483046140557,1314140654455,565871394303,124,42143,2913,0,8,2915.000,631.40
2483046140557,593585754871,1932892225996,19343,44268,3102,0,11,3104.750,631.40
2483046140557,593585754871,1398635074310,133,42350,2860,0,7,2861.750,631.40
2483046140557,655563384793,1951956448300,171992,43434,2830,0,7,2831.750,631.40
2483046140557,655563384793,34452806846,123,43268,2966,0,9,2968.250,631.40
2487822485861,1459436580279,1329941816909,326662,79011,3171,0,8,3173.000,872.88
2487822485861,1459436580279,759803316429,261,79928,3348,0,11,3350.750,872.88
2487822485861,938878089128,1143793841993,650770,44203,3236,0,9,3238.250,872.88
2487822485861,938878089128,1796138913803,123,44558,3331,0,10,3333.500,872.88
2487822485861,2132845645615,707837123629,300577,43226,3100,0,7,3101.750,872.88
2487822485861,2132845645615,1360485822787,125,42975,3147,0,8,3149.000,872.88
2487822485861,660609998722,515101551570,105753,82095,3319,0,10,3321.500,872.88
2487822485861,660609998722,216063170512,253,80385,3266,0,9,3268.250,872.88
2487822485861,2162432696599,2153028288126,71720,45453,3425,0,12,3428.000,872.88
2487822485861,2162432696599,1750034241016,118,43933,3248,0,9,3250.250,872.88
2487822485861,940883384439,854088297011,266532,44809,3206,0,9,3208.250,872.88
2487822485861,940883384439,652848898405,132,45743,3467,0,12,3470.000,872.88
2487822485861,1914942460035,1186893081781,494585,43225,3159,0,8,3161.000,872.88
2487822485861,1914942460035,1113598493305,113,43368,3171,0,8,3173.000,872.88
2487822485861,1023220654817,10833088818,169341,44392,3182,0,9,3184.250,872.88
2487822485861,1023220654817,259201273718,130,44119,3236,0,9,3238.250,872.88
2487822485861,994218805167,358032525698,296004,80719,3206,0,9,3208.250,872.88
2487822485861,994218805167,439182986905,242,80285,3372,0,11,3374.750,872.88
2487822485861,1041061189218,1830287073807,89996,44661,3301,0,10,3303.500,872.88
2487822485861,1041061189218,1303745531472,126,44100,3354,0,11,3356.750,872.88
2488066060943,2393948303436,410416445149,73162,78470,3177,0,12,3180.000,880.44
2488066060943,2393948303436,1348310126037,233,74119,2862,0,7,2863.750,880.44
2488066060943,568603140398,1299017389444,242813,41643,2862,0,7,2863.750,880.44
2488066060943,568603140398,2030090338612,130,42119,2988,0,9,2990.250,880.44
2488066060943,622771154845,1780459325971,619833,41535,2862,0,7,2863.750,880.44
2488066060943,622771154845,1453824995879,119,41434,2799,0,6,2800.500,880.44
2488066060943,1540455478683,12866102833,227699,42161,3051,0,10,3053.500,880.44
2488066060943,1540455478683,1858372725481,117,40684,2736,0,5,2737.250,880.44
2488066060943,308126198306,1262944529740,394044,41059,2862,0,7,2863.750,880.44
2488066060943,308126198306,2382128084169,118,41476,2925,0,8,2927.000,880.44
2488066060943,1503081215579,2406843773795,162420,41393,2799,0,6,2800.500,880.44
2488066060943,1503081215579,2030041746436,128,42785,3051,0,10,3053.500,880.44
2488066060943,1618802629232,1540408115900,1763,43078,3051,0,10,3053.500,880.44
2488066060943,1618802629232,1670573601368,130,41975,2862,0,7,2863.750,880.44
2488066060943,937903963218,2002565146390,776959,43035,2988,0,9,2990.250,880.44
2488066060943,937903963218,1485236216476,125,42893,2988,0,9,2990.250,880.44
2488066060943,328084614395,168158826901,49553,42326,2799,0,6,2800.500,880.44
2488066060943,328084614395,553008042367,137,44434,3177,0,12,3180.000,880.44
2488066060943,1833931299332,1645545912691,349755,41268,2862,0,7,2863.750,880.44
2488066060943,1833931299332,408943908388,129,40975,2862,0,7,2863.750,880.44
2489907156203,1244583170050,2193802219415,241088,42143,2967,0,8,2969.000,459.79
2489907156203,1244583170050,2305835178983,115,42618,3159,0,11,3161.750,459.79
2489907156203,735145923031,466806924657,102566,42934,2967,0,8,2969.000,459.79
2489907156203,735145923031,1755726968073,146,41852,2903,0,7,2904.750,459.79
2489907156203,791253143695,2422691211473,28090,40101,2711,0,4,2712.000,459.79
2489907156203,791253143695,348218925037,126,42058,2967,0,8,2969.000,459.79
2489907156203,1918395244943,24190472789,54329,41702,2839,0,6,2840.500,459.79
2489907156203,1918395244943,171861218373,140,43184,3223,0,12,3226.000,459.79
2489907156203,303876365109,2644679925,52389,42976,3031,0,9,3033.250,459.79
2489907156203,303876365109,489644087776,142,43035,3223,0,12,3226.000,459.79
2489907156203,549296764732,874981812772,1533,42410,3031,0,9,3033.250,459.79
2489907156203,549296764732,870011817557,133,41726,2903,0,7,2904.750,459.79
2489907156203,859499964871,1388150017277,476413,43225,3095,0,10,3097.500,459.79
2489907156203,859499964871,332693884408,132,41077,2839,0,6,2840.500,459.79
2489907156203,1810743483230,262508173928,406611,79345,3223,0,12,3226.000,459.79
2489907156203,1810743483230,1772362515515,245,74743,2903,0,7,2904.750,459.79
2489907156203,413414443356,1545802869446,923,42328,3031,0,9,3033.250,459.79
2489907156203,413414443356,813973913418,139,43308,3095,0,10,3097.500,459.79
2489907156203,808480319573,335403630043,158123,44493,3223,0,12,3226.000,459.79
2489907156203,808480319573,1994958692253,143,43393,3223,0,12,3226.000,459.79
2495348234653,420780425880,2239685362737,52276,44683,3206,0,9,3208.250,663.71
2495348234653,420780425880,1440993883549,135,43851,3313,0,10,3315.500,663.71
2495348234653,1582078033708,1410332310292,119674,43935,3319,0,10,3321.500,663.71
2495348234653,1582078033708,475396400685,130,43994,3354,0,11,3356.750,663.71
2495348234653,917959127111,911673810265,532900,44785,3141,0,8,3143.000,663.71
2495348234653,917959127111,1753467015137,132,43393,3094,0,7,3095.750,663.71
2495348234653,2354593676066,531877733171,177603,42267,3005,0,6,3006.500,663.71
2495348234653,2354593676066,546907533384,111,44309,3218,0,9,3220.250,663.71
2495348234653,1272227109477,553282432417,146353,43951,3212,0,9,3214.250,663.71
2495348234653,1272227109477,1652001497939,124,43601,3295,0,10,3297.500,663.71
2495348234653,2164133101212,2010770300474,89206,43601,3088,0,7,3089.750,663.71
2495348234653,2164133101212,521283554258,123,43393,3289,0,10,3291.500,663.71
2495348234653,2467738667614,1194815541337,287689,44643,3437,0,12,3440.000,663.71
2495348234653,2467738667614,891209250307,140,43160,3147,0,8,3149.000,663.71
2495348234653,2318911680830,958737925044,230865,44185,3224,0,9,3226.250,663.71
2495348234653,2318911680830,1025337351386,102,43160,3165,0,8,3167.000,663.71
2495348234653,64924982119,373436496098,24515,43243,3088,0,7,3089.750,663.71
2495348234653,64924982119,462310923190,115,42892,3100,0,7,3101.750,663.71
2495348234653,1450382879198,1265100633165,431652,43143,3112,0,7,3113.750,663.71
2495348234653,1450382879198,1437568346545,129,44827,3342,0,11,3344.750,663.71
2495939219359,934330986071,1137866970982,389262,42308,2883,0,8,2885.000,785.21
2495939219359,934330986071,1392041491881,139,44101,3193,0,13,3196.250,785.21
2495939219359,100618111971,1101716078987,166037,76118,2821,0,7,2822.750,785.21
2495939219359,100618111971,987709686716,234,75660,2883,0,8,2885.000,785.21
2495939219359,1422881734770,1292020805960,57537,42660,3007,0,10,3009.500,785.21
2495939219359,1422881734770,389301371518,127,41518,2821,0,7,2822.750,785.21
2495939219359,648229506571,768142328454,375007,78786,2945,0,9,2947.250,785.21
2495939219359,648229506571,1865042382717,240,76552,2945,0,9,2947.250,785.21
2495939219359,1254509718656,1125743579320,166428,41952,2635,0,4,2636.000,785.21
2495939219359,1254509718656,2055528156243,129,41726,2821,0,7,2822.750,785.21
2495939219359,1264620144936,515223900604,167897,42560,3007,0,10,3009.500,785.21
2495939219359,1264620144936,409688808417,128,40517,2635,0,4,2636.000,785.21
2495939219359,480717454665,1535316738643,50018,41184,2821,0,7,2822.750,785.21
2495939219359,480717454665,80316495740,132,41702,2883,0,8,2885.000,785.21
2495939219359,403639644224,1636134509298,537478,42368,2883,0,8,2885.000,785.21
2495939219359,403639644224,1498184185711,129,41809,2945,0,9,2947.250,785.21
2495939219359,259517259907,651460567968,453781,42517,3007,0,10,3009.500,785.21
2495939219359,259517259907,1735158704856,127,43351,3193,0,13,3196.250,785.21
2495939219359,192655848468,321862480144,195507,43369,2883,0,8,2885.000,785.21
2495939219359,192655848468,214475554286,121,41726,2759,0,6,2760.500,785.21
2505641986957,1784204111033,459674129578,199418,44244,3405,0,11,3407.750,892.84
2505641986957,1784204111033,434848265349,141,44017,3297,0,9,3299.250,892.84
2505641986957,170091852545,1817296517443,127930,44976,3303,0,9,3305.250,892.84
2505641986957,170091852545,1299542066891,126,44201,3279,0,9,3281.250,892.84
2505641986957,399371054429,949615834435,1045815,44475,3321,0,10,3323.500,892.84
2505641986957,399371054429,2157417823858,115,43576,3231,0,8,3233.000,892.84
2505641986957,1526355503480,893103875184,660856,44850,3333,0,10,3335.500,892.84
2505641986957,1526355503480,2242977875744,135,42619,3111,0,7,3112.750,892.84
2505641986957,269037777135,2384867190729,196552,43684,3087,0,6,3088.500,892.84
2505641986957,269037777135,170426155326,119,43160,3207,0,8,3209.000,892.84
2505641986957,1017099802190,1172326890929,86609,43809,2997,0,5,2998.250,892.84
2505641986957,1017099802190,1700754441636,133,46059,3387,0,10,3389.500,892.84
2505641986957,348019038746,1431465885841,217408,43935,3147,0,7,3148.750,892.84
2505641986957,348019038746,638155529420,132,44410,3285,0,9,3287.250,892.84
2505641986957,175523798192,1194214590098,14400,43493,3141,0,7,3142.750,892.84
2505641986957,175523798192,1326580449830,128,44476,3357,0,10,3359.500,892.84
2505641986957,153767828199,269812921306,101493,42643,3135,0,7,3136.750,892.84
2505641986957,153767828199,2412995538757,125,43327,3183,0,8,3185.000,892.84
2505641986957,1321562476315,1590456241207,166873,43060,3117,0,7,3118.750,892.84
2505641986957,1321562476315,2407974816544,132,42910,3147,0,7,3148.750,892.84
2507506977847,53606878439,2033494173534,565601,42618,2862,0,7,2863.750,1108.52
2507506977847,53606878439,781548132095,136,43142,3051,0,10,3053.500,1108.52
2507506977847,1475621740724,1818731443032,231358,41185,2925,0,8,2927.000,1108.52
2507506977847,1475621740724,1940590166819,134,42017,3114,0,11,3116.750,1108.52
2507506977847,781643051361,905558471241,380025,41994,2925,0,8,2927.000,1108.52
2507506977847,781643051361,592966353331,110,40808,2862,0,7,2863.750,1108.52
2507506977847,905227025300,319251815207,522942,42976,3114,0,11,3116.750,1108.52
2507506977847,905227025300,1333640322838,128,43285,3114,0,11,3116.750,1108.52
2507506977847,341225915307,1642659234862,557592,41809,2799,0,6,2800.500,1108.52
2507506977847,341225915307,502701500528,136,42285,3051,0,10,3053.500,1108.52
2507506977847,288499590160,1858766710129,100783,44077,3240,0,13,3243.250,1108.52
2507506977847,288499590160,90412049555,116,43059,3114,0,11,3116.750,1108.52
2507506977847,270553258688,2446959177748,65162,41934,2988,0,9,2990.250,1108.52
2507506977847,270553258688,925003648371,126,41310,2736,0,5,2737.250,1108.52
2507506977847,2398674246538,2142997667796,397913,42475,2988,0,9,2990.250,1108.52
2507506977847,2398674246538,283765117434,131,41661,2862,0,7,2863.750,1108.52
2507506977847,743975767899,347473204890,25367,40726,2736,0,5,2737.250,1108.52
2507506977847,743975767899,4204451636,130,43660,3114,0,11,3116.750,1108.52
2507506977847,1751205223076,862220091056,840850,42225,2862,0,7,2863.750,1108.52
2507506977847,1751205223076,1472883658587,134,41745,2862,0,7,2863.750,1108.52
2510906212489,FAILED,FAILED,FAILED,FAILED,FAILED,FAILED,FAILED,FAILED,FAILED
2513137586207,1539919914462,1846503825327,257036,42392,2859,0,9,2861.250,763.52
2513137586207,1539919914462,916689880406,130,41243,2739,0,7,2740.750,763.52
2513137586207,1276786581247,2486003551337,73632,44993,3339,0,17,3343.250,763.52
2513137586207,1276786581247,1492765786647,120,40142,2679,0,6,2680.500,763.52
2513137586207,2155597181873,1495647600390,156060,42952,2919,0,10,2921.500,763.52
2513137586207,2155597181873,1080301053673,130,41934,2919,0,10,2921.500,763.52
2513137586207,1883256755337,2072419470620,819521,42475,2919,0,10,2921.500,763.52
2513137586207,1883256755337,934032135290,129,41619,2799,0,8,2801.000,763.52
2513137586207,1334890288712,1710740761998,346503,41310,2679,0,6,2680.500,763.52
2513137586207,1334890288712,1993981961792,127,39660,2559,0,4,2560.000,763.52
2513137586207,461792822277,1365550470219,272567,42035,2859,0,9,2861.250,763.52
2513137586207,461792822277,987672372352,130,42226,2859,0,9,2861.250,763.52
2513137586207,1643719895154,246292084096,96988,42142,2919,0,10,2921.500,763.52
2513137586207,1643719895154,1458180799998,130,41560,2859,0,9,2861.250,763.52
2513137586207,261709696519,1409168358673,46782,41934,2739,0,7,2740.750,763.52
2513137586207,261709696519,2327770947203,136,42993,2919,0,10,2921.500,763.52
2513137586207,1545089867889,533687102958,436193,76618,2859,0,9,2861.250,763.52
2513137586207,1545089867889,1319420282615,222,74095,2859,0,9,2861.250,763.52
2513137586207,2438980942817,1542927016765,44872,42910,2799,0,8,2801.000,763.52
2513137586207,2438980942817,1365219472373,144,42893,2859,0,9,2861.250,763.52
2515029568553,FAILED,FAILED,FAILED,FAILED,FAILED,FAILED,FAILED,FAILED,FAILED
2518061069453,1835522435266,1983436491888,7248,42518,2919,0,8,2921.000,164.79
2518061069453,1835522435266,143552220299,123,44494,3213,0,12,3216.000,164.79
2518061069453,1543049164412,1322323062307,47674,43118,2967,0,8,2969.000,164.79
2518061069453,1543049164412,893670658936,124,41726,2775,0,5,2776.250,164.79
2518061069453,1258597152911,2114526128074,46383,43477,3087,0,10,3089.500,164.79
2518061069453,1258597152911,101114658419,125,42160,2877,0,7,2878.750,164.79
2518061069453,2118931906369,666726984190,158768,43935,3051,0,9,3053.250,164.79
2518061069453,2118931906369,426185220913,126,44660,3063,0,10,3065.500,164.79
2518061069453,2249632773958,170913806070,12384,43326,3009,0,9,3011.250,164.79
2518061069453,2249632773958,2233044302050,138,42768,2937,0,8,2939.000,164.79
2518061069453,2120506466924,206105493550,10746,78203,2943,0,8,2945.000,164.79
2518061069453,2120506466924,2494839437793,240,79052,3207,0,12,3210.000,164.79
2518061069453,1940088771045,312298348914,32556,44368,3147,0,11,3149.750,164.79
2518061069453,1940088771045,946776423640,127,42893,3009,0,9,3011.250,164.79
2518061069453,1966347140978,1141498043342,79648,42702,2955,0,8,2957.000,164.79
2518061069453,1966347140978,980031499560,129,41976,2907,0,7,2908.750,164.79
2518061069453,1905758231240,259763160313,119066,41642,2685,0,4,2686.000,164.79
2518061069453,1905758231240,827965952568,129,43393,2979,0,8,2981.000,164.79
2518061069453,2436849734679,1221090010701,17326,42352,2829,0,6,2830.500,164.79
2518061069453,2436849734679,1938017823871,132,43392,3009,0,9,3011.250,164.79
2522268547391,1651499077609,2000664155055,61517,43119,3117,0,9,3119.250,545.05
2522268547391,1651499077609,1191035975218,126,42352,3051,0,8,3053.000,545.05
2522268547391,1919209910443,692728326631,80779,42518,3117,0,9,3119.250,545.05
2522268547391,1919209910443,2119782200,120,41201,2985,0,7,2986.750,545.05
2522268547391,2068769610771,1867401811179,423958,42642,2919,0,6,2920.500,545.05
2522268547391,2068769610771,1880987265291,125,42619,3117,0,9,3119.250,545.05
2522268547391,77448928936,757117040755,365413,42201,3051,0,8,3053.000,545.05
2522268547391,77448928936,1082406527369,133,42768,3051,0,8,3053.000,545.05
2522268547391,2484081552211,2233718129699,116966,42142,3051,0,8,3053.000,545.05
2522268547391,2484081552211,2119341749369,120,42310,2985,0,7,2986.750,545.05
2522268547391,343871389493,2128798519878,27093,43768,3051,0,8,3053.000,545.05
2522268547391,343871389493,2264398325153,135,42869,3117,0,9,3119.250,545.05
2522268547391,576001112428,2228794891747,261290,41243,2985,0,7,2986.750,545.05
2522268547391,576001112428,1249587374218,125,40976,2919,0,6,2920.500,545.05
2522268547391,1349553488069,45246831029,42561,44184,3315,0,12,3318.000,545.05
2522268547391,1349553488069,1634665320939,120,42327,3051,0,8,3053.000,545.05
2522268547391,372983483977,413717679070,157910,41560,2919,0,6,2920.500,545.05
2522268547391,372983483977,1238377425226,127,42285,2985,0,7,2986.750,545.05
2522268547391,1876217187749,1667569629805,191877,43351,3051,0,8,3053.000,545.05
2522268547391,1876217187749,1339470482122,137,44452,3315,0,12,3318.000,545.05
2523585174641,FAILED,FAILED,FAILED,FAILED,FAILED,FAILED,FAILED,FAILED,FAILED
2526704251627,355000368923,1643607997316,241358,42475,3203,0,9,3205.250,1203.70
2526704251627,355000368923,1415738105772,136,42953,3271,0,10,3273.500,1203.70
2526704251627,2329532500884,1012952130997,219181,41893,2931,0,5,2932.250,1203.70
2526704251627,2329532500884,2161850772009,132,41618,2999,0,6,3000.500,1203.70
2526704251627,576689385442,64941975647,253259,42827,3203,0,9,3205.250,1203.70
2526704251627,576689385442,2368928061122,129,42518,3135,0,8,3137.000,1203.70
2526704251627,851148166613,904728293195,1885300,41577,2999,0,6,3000.500,1203.70
2526704251627,851148166613,271102889677,118,42143,3067,0,7,3068.750,1203.70
2526704251627,1112624432373,1320682772371,220087,80260,3339,0,11,3341.750,1203.70
2526704251627,1112624432373,910861566506,250,77493,3203,0,9,3205.250,1203.70
2526704251627,1000258598081,1770632915326,88527,43869,3339,0,11,3341.750,1203.70
2526704251627,1000258598081,1284079827166,125,42060,3067,0,7,3068.750,1203.70
2526704251627,705697832261,242154194543,288964,43433,3339,0,11,3341.750,1203.70
2526704251627,705697832261,481393277828,137,42744,3339,0,11,3341.750,1203.70
2526704251627,1774803153695,2402313575759,600522,45060,3475,0,13,3478.250,1203.70
2526704251627,1774803153695,924722782870,121,42618,3067,0,7,3068.750,1203.70
2526704251627,625891899019,91400326907,72434,77618,3067,0,7,3068.750,1203.70
2526704251627,625891899019,814324121652,233,77719,3203,0,9,3205.250,1203.70
2526704251627,2249439353141,2403110377534,40438,43285,3271,0,10,3273.500,1203.70
2526704251627,2249439353141,2305798348652,132,43018,3271,0,10,3273.500,1203.70
2527987669099,1421826465140,1305636039467,15301,42308,3135,0,8,3137.000,722.28
2527987669099,1421826465140,6613293321,129,44118,3475,0,13,3478.250,722.28
2527987669099,99720134679,2270139156069,236505,42201,3135,0,8,3137.000,722.28
2527987669099,99720134679,2041264462953,113,41893,3067,0,7,3068.750,722.28
2527987669099,1520970459006,1913391407682,61914,41869,3067,0,7,3068.750,722.28
2527987669099,1520970459006,1458825972574,121,42435,3135,0,8,3137.000,722.28
2527987669099,2468223340180,1679027709612,531841,41910,3067,0,7,3068.750,722.28
2527987669099,2468223340180,2121694266808,115,41643,3067,0,7,3068.750,722.28
2527987669099,538992187924,2404186904320,387278,41911,3135,0,8,3137.000,722.28
2527987669099,538992187924,1479521035991,125,42517,3203,0,9,3205.250,722.28
2527987669099,1136351219873,1196277202733,750332,76470,2931,0,5,2932.250,722.28
2527987669099,1136351219873,1579445555587,228,80802,3407,0,12,3410.000,722.28
2527987669099,832995234911,693355467289,3958,44102,3135,0,8,3137.000,722.28
2527987669099,832995234911,71710485575,117,42826,2931,0,5,2932.250,722.28
2527987669099,2503433924060,1287606391012,142089,43100,3203,0,9,3205.250,722.28
2527987669099,2503433924060,1700274895035,129,41518,2999,0,6,3000.500,722.28
2527987669099,2272810445118,846423382764,69672,41643,3067,0,7,3068.750,722.28
2527987669099,2272810445118,219233989731,112,42434,3203,0,9,3205.250,722.28
2527987669099,725673582512,686562308465,128399,79762,3271,0,10,3273.500,722.28
2527987669099,725673582512,1956593353301,250,77160,3067,0,7,3068.750,722.28
2528814536977,FAILED,FAILED,FAILED,FAILED,FAILED,FAILED,FAILED,FAILED,FAILED
2530373865683,2133900852022,2177479283382,353848,42577,2945,0,9,2947.250,793.16
2530373865683,2133900852022,1854824958602,139,42183,2883,0,8,2885.000,793.16
2530373865683,1861128659794,151348859272,466361,41660,2821,0,7,2822.750,793.16
2530373865683,1861128659794,1088975607580,134,42850,3069,0,11,3071.750,793.16
2530373865683,725498384263,1943508792362,227668,42952,2945,0,9,2947.250,793.16
2530373865683,725498384263,1723868773705,141,44226,3193,0,13,3196.250,793.16
2530373865683,1195440608053,1066644761484,30000,41601,2883,0,8,2885.000,793.16
2530373865683,1195440608053,2019213828628,132,41952,2883,0,8,2885.000,793.16
2530373865683,92033048967,1726338121883,522909,43535,3131,0,12,3134.000,793.16
2530373865683,92033048967,1294824211468,122,42643,3069,0,11,3071.750,793.16
2530373865683,1653255848483,591090083592,94144,42185,2945,0,9,2947.250,793.16
2530373865683,1653255848483,960721313009,131,41434,2883,0,8,2885.000,793.16
2530373865683,1943628772794,567473164264,113182,40828,2759,0,6,2760.500,793.16
2530373865683,1943628772794,1002174542199,134,42351,2883,0,8,2885.000,793.16
2530373865683,532905002217,2514009568812,377264,41808,2945,0,9,2947.250,793.16
2530373865683,532905002217,997815576601,121,40869,2759,0,6,2760.500,793.16
2530373865683,1212480444207,1219606526285,413808,43352,3069,0,11,3071.750,793.16
2530373865683,1212480444207,51277104477,131,41160,2821,0,7,2822.750,793.16
2530373865683,1654606003594,1895265116533,38915,41351,2759,0,6,2760.500,793.16
2530373865683,1654606003594,891927003123,142,42160,2945,0,9,2947.250,793.16
2531192331301,1165149955330,1312569040609,1420,43994,3351,0,10,3353.500,635.69
2531192331301,1165149955330,1186691026674,119,43017,3117,0,7,3118.750,635.69
2531192331301,1128439723109,1417699377277,64334,42035,2973,0,5,2974.250,635.69
2531192331301,1128439723109,1093312307871,128,43518,3303,0,9,3305.250,635.69
2531192331301,2208136368370,1227098986015,544416,43869,3351,0,10,3353.500,635.69
2531192331301,2208136368370,693417623141,110,42226,3147,0,7,3148.750,635.69
2531192331301,1301147228011,1158453173134,279898,43392,3321,0,9,3323.250,635.69
2531192331301,1301147228011,2373258230880,122,43993,3411,0,11,3413.750,635.69
2531192331301,1960129321924,917016098457,299384,43952,3069,0,6,3070.500,635.69
2531192331301,1960129321924,2322454770480,135,43227,3207,0,8,3209.000,635.69
2531192331301,901393277487,2195465906789,18486,42620,3135,0,7,3136.750,635.69
2531192331301,901393277487,176060764749,134,43475,3375,0,10,3377.500,635.69
2531192331301,359358554771,1263968086503,710631,44601,3267,0,9,3269.250,635.69
2531192331301,359358554771,328740630914,148,44160,3315,0,10,3317.500,635.69
2531192331301,1077061355185,1492719460610,13569,43660,3285,0,9,3287.250,635.69
2531192331301,1077061355185,745964237039,122,43643,3273,0,9,3275.250,635.69
2531192331301,1229233100016,211961003947,21390,45142,3399,0,11,3401.750,635.69
2531192331301,1229233100016,479747568788,123,43368,3135,0,7,3136.750,635.69
2531192331301,2393463671823,1536482877440,13058,42744,3069,0,6,3070.500,635.69
2531192331301,2393463671823,1038148224069,121,42559,3135,0,7,3136.750,635.69
2533256237461,916079826914,505784039654,185005,42785,3099,0,7,3100.750,1061.70
2533256237461,916079826914,1873678930396,114,44017,3261,0,9,3263.250,1061.70
2533256237461,1978424424653,684383596551,351264,81844,3489,0,12,3492.000,1061.70
2533256237461,1978424424653,1772120087804,227,76243,3135,0,7,3136.750,1061.70
2533256237461,522447208148,642221083846,1217798,43976,3279,0,9,3281.250,1061.70
2533256237461,522447208148,2055395541430,139,44577,3429,0,11,3431.750,1061.70
2533256237461,192710647213,2365877939291,447177,43244,2979,0,5,2980.250,1061.70
2533256237461,192710647213,175383007920,124,43435,3123,0,7,3124.750,1061.70
2533256237461,1237841680092,746389155420,204237,44494,3327,0,10,3329.500,1061.70
2533256237461,1237841680092,1909666210793,122,42850,3057,0,6,3058.500,1061.70
2533256237461,2142275446447,1358899349566,84472,43768,3261,0,9,3263.250,1061.70
2533256237461,2142275446447,30566997446,128,43868,3405,0,11,3407.750,1061.70
2533256237461,406605244353,1691877232981,91691,44143,3345,0,10,3347.500,1061.70
2533256237461,406605244353,2134781489567,125,44994,3633,0,14,3636.500,1061.70
2533256237461,2392332908631,2363758880371,251033,43185,3063,0,6,3064.500,1061.70
2533256237461,2392332908631,698180203219,125,43476,3117,0,7,3118.750,1061.70
2533256237461,1655001950602,182510837911,146722,43518,3057,0,6,3058.500,1061.70
2533256237461,1655001950602,463099704372,127,43767,3297,0,9,3299.250,1061.70
2533256237461,1289410314293,1489548964669,370090,45600,3543,0,13,3546.250,1061.70
2533256237461,1289410314293,2043256835186,125,42995,3147,0,7,3148.750,1061.70
2538018529909,1596321710015,512846470626,687180,42994,3199,0,7,3200.750,1343.05
2538018529909,1596321710015,1273091567482,112,42185,3167,0,6,3168.500,1343.05
2538018529909,34413094063,2476809102012,477016,46060,3655,0,13,3658.250,1343.05
2538018529909,34413094063,2419785747517,119,43910,3285,0,8,3287.000,1343.05
2538018529909,2064867899160,2322865175130,593695,43243,3291,0,8,3293.000,1343.05
2538018529909,2064867899160,1001577544862,129,42935,3211,0,7,3212.750,1343.05
2538018529909,599977858127,218931737881,79791,45102,3513,0,11,3515.750,1343.05
2538018529909,599977858127,1464206187503,119,42452,3137,0,6,3138.500,1343.05
2538018529909,1045793669840,2335741216167,43414,45102,3507,0,11,3509.750,1343.05
2538018529909,1045793669840,1828933446507,127,43827,3457,0,10,3459.500,1343.05
2538018529909,169105835411,1296832335701,68120,43350,3309,0,8,3311.000,1343.05
2538018529909,169105835411,2299483008332,129,42618,3125,0,6,3126.500,1343.05
2538018529909,171419557580,1451815806582,127973,42976,3217,0,7,3218.750,1343.05
2538018529909,171419557580,608155094768,117,43701,3433,0,10,3435.500,1343.05
2538018529909,530707384834,1963815824941,490396,42993,3297,0,8,3299.000,1343.05
2538018529909,530707384834,2161574668554,125,44559,3549,0,11,3551.750,1343.05
2538018529909,1086984094544,2475001539696,1118172,42202,3125,0,6,3126.500,1343.05
2538018529909,1086984094544,744911762404,110,42475,3205,0,7,3206.750,1343.05
2538018529909,1527616597499,1040148147799,514194,45160,3371,0,9,3373.250,1343.05
2538018529909,1527616597499,885928904188,131,43435,3199,0,7,3200.750,1343.05
2538952974787,757644404525,243407526500,168758,43184,3093,0,8,3095.000,921.33
2538952974787,757644404525,1946084858461,127,43243,3160,0,9,3162.250,921.33
2538952974787,781175531023,1645875578783,118177,43369,3294,0,11,3296.750,921.33
2538952974787,781175531023,1761809475813,140,42227,3093,0,8,3095.000,921.33
2538952974787,389732860948,2272689968280,153379,42102,3026,0,7,3027.750,921.33
2538952974787,389732860948,1739358635331,108,41035,2825,0,4,2826.000,921.33
2538952974787,274606268560,627834058338,247713,41310,2892,0,5,2893.250,921.33
2538952974787,274606268560,301429436880,126,42100,3093,0,8,3095.000,921.33
2538952974787,2103900849815,1863259098099,845512,45059,3294,0,11,3296.750,921.33
2538952974787,2103900849815,365191906692,150,43435,3227,0,10,3229.500,921.33
2538952974787,1233869391623,845120551099,897981,42560,3093,0,8,3095.000,921.33
2538952974787,1233869391623,254144901876,121,42994,3227,0,10,3229.500,921.33
2538952974787,1294125665082,308589226269,85203,43410,3026,0,7,3027.750,921.33
2538952974787,1294125665082,72894972835,129,42602,3026,0,7,3027.750,921.33
2538952974787,2393503576732,1812474540911,54762,43326,3227,0,10,3229.500,921.33
2538952974787,2393503576732,27714634630,110,42268,3093,0,8,3095.000,921.33
2538952974787,483308481518,2345926624180,287247,42892,3026,0,7,3027.750,921.33
2538952974787,483308481518,1837656201058,128,42494,3160,0,9,3162.250,921.33
2538952974787,241345872153,274046043031,105430,43309,3093,0,8,3095.000,921.33
2538952974787,241345872153,762558667339,133,42827,3026,0,7,3027.750,921.33
2543687065879,1610828273434,929144717190,97327,43476,3114,0,11,3116.750,955.82
2543687065879,1610828273434,1708518192890,117,42035,2862,0,7,2863.750,955.82
2543687065879,86633368452,1801219358226,449564,43726,3051,0,10,3053.500,955.82
2543687065879,86633368452,2069000094878,114,41701,2925,0,8,2927.000,955.82
2543687065879,247996196222,1362826725879,392871,43202,2988,0,9,2990.250,955.82
2543687065879,247996196222,1583384342262,138,42892,3051,0,10,3053.500,955.82
2543687065879,1979708185933,152827570915,261702,45118,3366,0,15,3369.750,955.82
2543687065879,1979708185933,1093691704896,121,41308,2736,0,5,2737.250,955.82
2543687065879,776989165097,1699943912439,1202243,42285,3051,0,10,3053.500,955.82
2543687065879,776989165097,791553141687,125,41893,2925,0,8,2927.000,955.82
2543687065879,1674657820774,1013716573369,144673,41476,2862,0,7,2863.750,955.82
2543687065879,1674657820774,323231341035,127,41702,2925,0,8,2927.000,955.82
2543687065879,2511047926582,1206893438698,74464,41685,2799,0,6,2800.500,955.82
2543687065879,2511047926582,1549271556618,129,43035,3114,0,11,3116.750,955.82
2543687065879,488571335433,1131598746983,66442,42685,2988,0,9,2990.250,955.82
2543687065879,488571335433,2430749414592,126,42934,2988,0,9,2990.250,955.82
2543687065879,548097696789,1981306495820,321003,42309,2862,0,7,2863.750,955.82
2543687065879,548097696789,1217017727305,141,43451,3114,0,11,3116.750,955.82
2543687065879,1529950201094,2311680526030,161875,41660,2925,0,8,2927.000,955.82
2543687065879,1529950201094,1125125515800,124,42060,2988,0,9,2990.250,955.82
2545071043577,FAILED,FAILED,FAILED,FAILED,FAILED,FAILED,FAILED,FAILED,FAILED
2550315833971,351266970792,723857482178,270114,43226,3271,0,10,3273.500,1234.52
2550315833971,351266970792,1727448901101,122,42452,3271,0,10,3273.500,1234.52
2550315833971,66467097144,1933514155171,1573883,41935,3067,0,7,3068.750,1234.52
2550315833971,66467097144,2304992285714,126,43035,3271,0,10,3273.500,1234.52
2550315833971,811254087143,104856257113,11015,82762,3407,0,12,3410.000,1234.52
2550315833971,811254087143,572121635773,205,68077,3203,0,9,3205.250,1234.52
2550315833971,192542096355,1241015555481,214810,42893,3135,0,8,3137.000,1234.52
2550315833971,192542096355,305545411613,119,41910,3067,0,7,3068.750,1234.52
2550315833971,2067118912091,465348213278,35000,43160,3339,0,11,3341.750,1234.52
2550315833971,2067118912091,233851175073,122,42892,3339,0,11,3341.750,1234.52
2550315833971,1000757126672,2211935677359,201425,41142,2931,0,5,2932.250,1234.52
2550315833971,1000757126672,2032796142689,124,41911,3067,0,7,3068.750,1234.52
2550315833971,333130886575,1702879182704,418576,43393,3271,0,10,3273.500,1234.52
2550315833971,333130886575,136478172697,112,41952,3203,0,9,3205.250,1234.52
2550315833971,967138517450,1697022163779,656874,44160,3407,0,12,3410.000,1234.52
2550315833971,967138517450,2058910018868,124,41435,2999,0,6,3000.500,1234.52
2550315833971,2195798567532,1160682526059,519176,43268,3271,0,10,3273.500,1234.52
2550315833971,2195798567532,1705831997563,123,42785,3271,0,10,3273.500,1234.52
2550315833971,1054149767682,353021015588,98573,42852,3271,0,10,3273.500,1234.52
2550315833971,1054149767682,766191898253,117,42410,3271,0,10,3273.500,1234.52
2554271765327,539910914915,1025400637332,402326,42910,3249,0,11,3251.750,1981.78
2554271765327,539910914915,35842947883,126,41684,2985,0,7,2986.750,1981.78
2554271765327,275115664382,90030539347,660143,42309,2985,0,7,2986.750,1981.78
2554271765327,275115664382,2478222989221,127,41786,2985,0,7,2986.750,1981.78
2554271765327,2094519888289,1353316059618,613321,42868,3051,0,8,3053.000,1981.78
2554271765327,2094519888289,477506779929,127,41977,3117,0,9,3119.250,1981.78
2554271765327,2277512984877,1407911665846,297642,44518,3051,0,8,3053.000,1981.78
2554271765327,2277512984877,863696533770,126,41827,2721,0,3,2721.750,1981.78
2554271765327,2009777068097,1184916293071,310642,41202,2919,0,6,2920.500,1981.78
2554271765327,2009777068097,1208442397287,138,42184,2985,0,7,2986.750,1981.78
2554271765327,2123173147295,2055233691687,665150,41433,2919,0,6,2920.500,1981.78
2554271765327,2123173147295,1954715629110,123,41493,2919,0,6,2920.500,1981.78
2554271765327,887247159621,2240871447701,179328,42934,3117,0,9,3119.250,1981.78
2554271765327,887247159621,2356612711956,129,42785,3117,0,9,3119.250,1981.78
2554271765327,552363525170,1773808228,1588974,44910,3183,0,10,3185.500,1981.78
2554271765327,552363525170,698433768312,126,43852,3183,0,10,3185.500,1981.78
2554271765327,33576044442,1226446186670,1037777,41660,2985,0,7,2986.750,1981.78
2554271765327,33576044442,2023732532497,132,43143,3249,0,11,3251.750,1981.78
2554271765327,2430045742072,1312225366886,651293,42661,2919,0,6,2920.500,1981.78
2554271765327,2430045742072,2533609915850,130,43225,3117,0,9,3119.250,1981.78
2554594795691,389767334681,1628627758222,15674,41935,2919,0,6,2920.500,577.27
2554594795691,389767334681,2106821869872,116,42059,2985,0,7,2986.750,577.27
2554594795691,1928667783848,428428866411,468475,43309,3117,0,9,3119.250,577.27
2554594795691,1928667783848,1450980308752,118,41993,2985,0,7,2986.750,577.27
2554594795691,1907948958284,1691215900697,31072,42726,2853,0,5,2854.250,577.27
2554594795691,1907948958284,968293375322,143,43201,3117,0,9,3119.250,577.27
2554594795691,1886681692595,1860872310083,136877,42560,2985,0,7,2986.750,577.27
2554594795691,1886681692595,1176669864228,131,42933,3183,0,10,3185.500,577.27
2554594795691,2257823794587,2162218588239,644422,42975,3051,0,8,3053.000,577.27
2554594795691,2257823794587,525744277645,129,41201,2919,0,6,2920.500,577.27
2554594795691,823336911604,1448858946715,62778,43035,3249,0,11,3251.750,577.27
2554594795691,823336911604,1726986837464,118,41184,3051,0,8,3053.000,577.27
2554594795691,587420510931,1741080842120,46778,42993,2985,0,7,2986.750,577.27
2554594795691,587420510931,743972326814,136,42267,2985,0,7,2986.750,577.27
2554594795691,2397346582371,419902635082,107855,42535,3051,0,8,3053.000,577.27
2554594795691,2397346582371,392269989431,133,43643,3315,0,12,3318.000,577.27
2554594795691,1845623111580,1077339017946,291000,43744,3315,0,12,3318.000,577.27
2554594795691,1845623111580,407580758274,121,43142,3183,0,10,3185.500,577.27
2554594795691,859663513625,640162261297,83142,43267,3183,0,10,3185.500,577.27
2554594795691,859663513625,54867967763,132,43495,3249,0,11,3251.750,577.27
2559883125347,1467663042869,678881334048,77553,42308,2988,0,9,2990.250,375.43
2559883125347,1467663042869,532948548569,119,41685,2799,0,6,2800.500,375.43
2559883125347,803787499222,1016238406668,13282,41518,2925,0,8,2927.000,375.43
2559883125347,803787499222,260560228944,128,43184,3114,0,11,3116.750,375.43
2559883125347,1546622188482,1010850069970,187631,42910,3051,0,10,3053.500,375.43
2559883125347,1546622188482,1976109472044,125,41934,2925,0,8,2927.000,375.43
2559883125347,1943638203747,392236568248,80607,43660,3177,0,12,3180.000,375.43
2559883125347,1943638203747,1051729258947,125,42268,2988,0,9,2990.250,375.43
2559883125347,2120056437692,59611901776,47921,41535,2736,0,5,2737.250,375.43
2559883125347,2120056437692,2233524647841,117,42059,2988,0,9,2990.250,375.43
2559883125347,1672300355159,904441067830,46508,42868,3051,0,10,3053.500,375.43
2559883125347,1672300355159,251186373921,126,41185,2862,0,7,2863.750,375.43
2559883125347,1220359204597,1544652713723,140134,42476,2862,0,7,2863.750,375.43
2559883125347,1220359204597,360228299168,124,41618,2862,0,7,2863.750,375.43
2559883125347,1632833939272,1812960066294,495617,41102,2736,0,5,2737.250,375.43
2559883125347,1632833939272,31363400532,128,41560,2862,0,7,2863.750,375.43
2559883125347,1341663854751,1433201949392,109381,41892,2925,0,8,2927.000,375.43
2559883125347,1341663854751,60938307911,125,40810,2862,0,7,2863.750,375.43
2559883125347,677332599111,2517665363658,50403,42143,2988,0,9,2990.250,375.43
2559883125347,677332599111,2072932044820,133,42285,2988,0,9,2990.250,375.43
2560830676507,507961297295,380926883684,111860,43076,3135,0,8,3137.000,687.94
2560830676507,507961297295,1608547058173,143,43726,3339,0,11,3341.750,687.94
2560830676507,2057120680139,1945046198819,1169183,43058,3271,0,10,3273.500,687.94
2560830676507,2057120680139,1811043105920,135,42619,3067,0,7,3068.750,687.94
2560830676507,977208866142,251677061353,56127,41911,3067,0,7,3068.750,687.94
2560830676507,977208866142,372255995610,136,42767,3203,0,9,3205.250,687.94
2560830676507,1626827696823,1396028538527,272131,44951,3407,0,12,3410.000,687.94
2560830676507,1626827696823,1371587066814,129,42560,2931,0,5,2932.250,687.94
2560830676507,2529111639183,2441760822174,35136,41619,3067,0,7,3068.750,687.94
2560830676507,2529111639183,1344091781034,133,41602,3067,0,7,3068.750,687.94
2560830676507,797741288540,1149011828201,143482,43100,3271,0,10,3273.500,687.94
2560830676507,797741288540,740731674893,126,42702,3271,0,10,3273.500,687.94
2560830676507,437010170587,1286027671802,262760,41160,2863,0,4,2864.000,687.94
2560830676507,437010170587,1441932250183,112,42185,2999,0,6,3000.500,687.94
2560830676507,947363211123,797231546285,122644,43077,3271,0,10,3273.500,687.94
2560830676507,947363211123,964929787368,120,42142,3135,0,8,3137.000,687.94
2560830676507,1352983191668,2165804729610,43888,41368,2999,0,6,3000.500,687.94
2560830676507,1352983191668,193981796835,128,43642,3339,0,11,3341.750,687.94
2560830676507,1466175553049,1022593196878,15178,42643,3135,0,8,3137.000,687.94
2560830676507,1466175553049,1550231809553,136,42826,3203,0,9,3205.250,687.94
2562239943973,293799572347,741100897421,626830,43225,3111,0,8,3113.000,818.03
2562239943973,293799572347,1716853680681,143,43202,3181,0,9,3183.250,818.03
2562239943973,223765026067,1957869349311,11963,43226,3135,0,8,3137.000,818.03
2562239943973,223765026067,1579303183360,123,43701,3275,0,10,3277.500,818.03
2562239943973,1019388803081,29444026535,70116,43868,3175,0,9,3177.250,818.03
2562239943973,1019388803081,960192600994,133,44184,3315,0,11,3317.750,818.03
2562239943973,561290433896,2486670041396,135582,43494,3099,0,8,3101.000,818.03
2562239943973,561290433896,1601465594233,134,42227,2901,0,5,2902.250,818.03
2562239943973,2500056356661,962889087389,176896,81470,3281,0,10,3283.500,818.03
2562239943973,2500056356661,323621741320,259,79951,3129,0,8,3131.000,818.03
2562239943973,1924641560681,1168571733379,447700,42768,3041,0,7,3042.750,818.03
2562239943973,1924641560681,2155557917890,115,42618,3129,0,8,3131.000,818.03
2562239943973,2198817113186,150467867264,191267,42661,3111,0,8,3113.000,818.03
2562239943973,2198817113186,1697838640408,126,43392,3181,0,9,3183.250,818.03
2562239943973,905378397575,110348541886,166192,45184,3619,0,15,3622.750,818.03
2562239943973,905378397575,1773949994628,135,44035,3235,0,9,3237.250,818.03
2562239943973,1472316850302,518613186905,388278,45184,3239,0,10,3241.500,818.03
2562239943973,1472316850302,636654275646,110,43327,3047,0,7,3048.750,818.03
2562239943973,903369628513,1053875309213,386598,42767,3093,0,8,3095.000,818.03
2562239943973,903369628513,129013146581,112,42393,3041,0,7,3042.750,818.03
2564303924657,FAILED,FAILED,FAILED,FAILED,FAILED,FAILED,FAILED,FAILED,FAILED
2569513655353,FAILED,FAILED,FAILED,FAILED,FAILED,FAILED,FAILED,FAILED,FAILED
2571768730211,648917983781,2210887824348,90346,41351,2985,0,7,2986.750,399.20
2571768730211,648917983781,1522514554798,128,42410,3117,0,9,3119.250,399.20
2571768730211,1536774424803,430981602206,215811,76094,2853,0,5,2854.250,399.20
2571768730211,1536774424803,1659511530035,105,80220,3249,0,11,3251.750,399.20
2571768730211,1260926347635,642449484672,115211,43518,3249,0,11,3251.750,399.20
2571768730211,1260926347635,257534951831,120,41785,2919,0,6,2920.500,399.20
2571768730211,2307647559606,601318158508,3688,42976,2985,0,7,2986.750,399.20
2571768730211,2307647559606,1180854376377,136,42100,2985,0,7,2986.750,399.20
2571768730211,844986850692,2296890852766,527986,41410,2853,0,5,2854.250,399.20
2571768730211,844986850692,538166595134,130,43268,3183,0,10,3185.500,399.20
2571768730211,1725531902446,1907439018939,197065,41642,2919,0,6,2920.500,399.20
2571768730211,1725531902446,921325173164,131,41910,2919,0,6,2920.500,399.20
2571768730211,2420278131271,2521107463373,30717,42518,2853,0,5,2854.250,399.20
2571768730211,2420278131271,1485643636075,129,41934,2985,0,7,2986.750,399.20
2571768730211,274341000456,757305325774,51788,41977,3051,0,8,3053.000,399.20
2571768730211,274341000456,698978215653,124,44493,3315,0,12,3318.000,399.20
2571768730211,126375870020,1236599188033,31617,43810,3249,0,11,3251.750,399.20
2571768730211,126375870020,941540089905,123,42826,3117,0,9,3119.250,399.20
2571768730211,2307741203583,406546860074,963,76327,2853,0,5,2854.250,399.20
2571768730211,2307741203583,934372151884,217,74970,2853,0,5,2854.250,399.20
2576303164621,307235917668,1255341002267,296925,42642,3006,0,5,3007.250,719.85
2576303164621,307235917668,913336720392,125,42953,3188,0,7,3189.750,719.85
2576303164621,715420772278,245699612968,151679,44226,3328,0,9,3330.250,719.85
2576303164621,715420772278,88849364365,140,44535,3383,0,10,3385.500,719.85
2576303164621,1471353654988,14546464290,14970,45535,3572,0,13,3575.250,719.85
2576303164621,1471353654988,1998406638691,110,43059,3176,0,7,3177.750,719.85
2576303164621,689520896641,1671019686430,133954,43601,3310,0,9,3312.250,719.85
2576303164621,689520896641,2052418533162,124,42350,3170,0,7,3171.750,719.85
2576303164621,1931621406607,669935113014,769543,45828,3298,0,9,3300.250,719.85
2576303164621,1931621406607,1144655104227,140,43767,3140,0,7,3141.750,719.85
2576303164621,977415876314,1211162171473,48051,43225,3310,0,9,3312.250,719.85
2576303164621,977415876314,1391961609820,106,42203,3073,0,6,3074.500,719.85
2576303164621,345961539588,106705434297,524390,82802,3425,0,10,3427.500,719.85
2576303164621,345961539588,828046073480,235,78368,3207,0,8,3209.000,719.85
2576303164621,1127830745235,1880478800120,169725,48493,3559,0,12,3562.000,719.85
2576303164621,1127830745235,1324544577165,132,44684,3401,0,10,3403.500,719.85
2576303164621,1627068455028,2206324192118,90623,44434,3304,0,9,3306.250,719.85
2576303164621,1627068455028,2264730804846,116,42868,3006,0,5,3007.250,719.85
2576303164621,736937504820,28379991031,56477,43827,3231,0,8,3233.000,719.85
2576303164621,736937504820,191398469384,127,44309,3377,0,10,3379.500,719.85
2583252975943,2034301644206,1560533940885,39304,43743,3031,0,9,3033.250,369.06
2583252975943,2034301644206,2521580703350,138,42142,2967,0,8,2969.000,369.06
2583252975943,1986625194311,1127613921013,21048,43684,2967,0,8,2969.000,369.06
2583252975943,1986625194311,2482263422488,139,43226,3095,0,10,3097.500,369.06
2583252975943,287221116746,59869251480,43821,41452,2903,0,7,2904.750,369.06
2583252975943,287221116746,1733007718353,132,43143,3095,0,10,3097.500,369.06
2583252975943,2349395417849,41535953982,41850,42518,3031,0,9,3033.250,369.06
2583252975943,2349395417849,2236538034985,125,41767,2903,0,7,2904.750,369.06
2583252975943,992939442954,2128251366218,335625,43368,3095,0,10,3097.500,369.06
2583252975943,992939442954,643613008196,131,42393,3095,0,10,3097.500,369.06
2583252975943,1706720373779,1857612516802,23048,42119,3031,0,9,3033.250,369.06
2583252975943,1706720373779,256365270443,115,40433,2839,0,6,2840.500,369.06
2583252975943,2258359541206,7129302453,91189,43809,3287,0,13,3290.250,369.06
2583252975943,2258359541206,208545655176,122,41368,3031,0,9,3033.250,369.06
2583252975943,524589081291,762061328871,52849,43601,3159,0,11,3161.750,369.06
2583252975943,524589081291,733250358067,144,42910,3159,0,11,3161.750,369.06
2583252975943,1418392438184,508769740731,249467,41851,3031,0,9,3033.250,369.06
2583252975943,1418392438184,2033252443574,127,42493,3095,0,10,3097.500,369.06
2583252975943,1816210203614,2006272945378,319311,42369,2967,0,8,2969.000,369.06
2583252975943,1816210203614,424232650144,124,41893,2839,0,6,2840.500,369.06
2583429666523,1796222871723,1013520747008,77581,42684,3009,0,8,3011.000,550.42
2583429666523,1796222871723,34142850774,127,42643,3139,0,10,3141.500,550.42
2583429666523,1634702833156,2377047134664,284658,43892,3269,0,12,3272.000,550.42
2583429666523,1634702833156,416393204257,130,42994,3204,0,11,3206.750,550.42
2583429666523,710953887370,1759150028057,75107,41893,2944,0,7,2945.750,550.42
2583429666523,710953887370,197741092273,116,42035,3009,0,8,3011.000,550.42
2583429666523,421466919089,1528754739504,38018,41702,2879,0,6,2880.500,550.42
2583429666523,421466919089,1560653113765,119,42477,3009,0,8,3011.000,550.42
2583429666523,280066349660,2482955933551,129294,42786,3074,0,9,3076.250,550.42
2583429666523,280066349660,1383090964054,133,42142,3009,0,8,3011.000,550.42
2583429666523,1196132908904,1805971769880,4637,79118,3204,0,11,3206.750,550.42
2583429666523,1196132908904,1216800002620,227,74137,2879,0,6,2880.500,550.42
2583429666523,620791601748,2340014945023,56544,42309,3074,0,9,3076.250,550.42
2583429666523,620791601748,2394407685771,134,42160,3009,0,8,3011.000,550.42
2583429666523,790184487919,1504196717421,547053,43369,3204,0,11,3206.750,550.42
2583429666523,790184487919,1688203988681,135,42226,3074,0,9,3076.250,550.42
2583429666523,295336909913,2365874382426,168398,42392,2944,0,7,2945.750,550.42
2583429666523,295336909913,2349598895668,123,43036,3204,0,11,3206.750,550.42
2583429666523,1459905269646,2090878220465,426180,42243,2879,0,6,2880.500,550.42
2583429666523,1459905269646,2194746307871,135,41642,2944,0,7,2945.750,550.42
2584669421713,FAILED,FAILED,FAILED,FAILED,FAILED,FAILED,FAILED,FAILED,FAILED
2588196426701,1276410649602,382629360032,426415,44660,3405,0,11,3407.750,1636.34
2588196426701,1276410649602,1428223195027,119,42934,3201,0,8,3203.000,1636.34
2588196426701,846017383127,883395976083,59117,43393,3183,0,8,3185.000,1636.34
2588196426701,846017383127,224066783073,126,43993,3237,0,8,3239.000,1636.34
2588196426701,1618669929680,1769191090022,59551,42600,3039,0,6,3040.500,1636.34
2588196426701,1618669929680,316721241765,125,42476,3039,0,6,3040.500,1636.34
2588196426701,2552158910869,2206490390049,620336,43934,3129,0,7,3130.750,1636.34
2588196426701,2552158910869,1804903969902,109,44618,3177,0,8,3179.000,1636.34
2588196426701,2288147307427,2240572018467,149941,43892,3279,0,9,3281.250,1636.34
2588196426701,2288147307427,2537369815021,133,44493,3339,0,10,3341.500,1636.34
2588196426701,594148233465,803364552780,502192,42393,3045,0,6,3046.500,1636.34
2588196426701,594148233465,1801345421957,113,42035,3147,0,7,3148.750,1636.34
2588196426701,165065450885,2117576366617,238650,44035,3279,0,9,3281.250,1636.34
2588196426701,165065450885,1692636446226,127,43226,3147,0,7,3148.750,1636.34
2588196426701,1483341071947,600274041926,1404543,46410,3387,0,10,3389.500,1636.34
2588196426701,1483341071947,2477319024131,115,41643,2991,0,5,2992.250,1636.34
2588196426701,1778421635006,2206322179635,1372668,46310,3513,0,12,3516.000,1636.34
2588196426701,1778421635006,1742622269716,124,43369,3213,0,8,3215.000,1636.34
2588196426701,609413224869,29450499483,279047,83803,3363,0,10,3365.500,1636.34
2588196426701,609413224869,980971618604,251,81119,3297,0,9,3299.250,1636.34
2589200327449,FAILED,FAILED,FAILED,FAILED,FAILED,FAILED,FAILED,FAILED,FAILED
2590427546953,FAILED,FAILED,FAILED,FAILED,FAILED,FAILED,FAILED,FAILED,FAILED
2594881146541,742798744509,325944904646,617012,43660,3165,0,8,3167.000,1058.07
2594881146541,742798744509,516384130705,115,44726,3266,0,9,3268.250,1058.07
2594881146541,625592943961,2574813416240,389323,82678,3366,0,11,3368.750,1058.07
2594881146541,625592943961,236309808800,271,82910,3431,0,12,3434.000,1058.07
2594881146541,1125335452293,74817205574,31389,85719,3585,0,14,3588.500,1058.07
2594881146541,1125335452293,2027679012784,268,82869,3449,0,12,3452.000,1058.07
2594881146541,435112430808,1625576033511,564461,46475,3378,0,11,3380.750,1058.07
2594881146541,435112430808,350666379382,148,45244,3467,0,12,3470.000,1058.07
2594881146541,2176025937645,1651068243531,298024,43476,3159,0,8,3161.000,1058.07
2594881146541,2176025937645,1873998206025,115,43410,3177,0,8,3179.000,1058.07
2594881146541,1461253967725,1569100017049,483798,43560,3052,0,7,3053.750,1058.07
2594881146541,1461253967725,1999203086984,134,43701,3301,0,10,3303.500,1058.07
2594881146541,413234515489,127794572526,434350,42268,2875,0,4,2876.000,1058.07
2594881146541,413234515489,2360348040602,123,45494,3354,0,11,3356.750,1058.07
2594881146541,772409795106,2119240655097,1454,45351,3295,0,10,3297.500,1058.07
2594881146541,772409795106,643656488847,124,45244,3455,0,12,3458.000,1058.07
2594881146541,1512635863446,966022086820,466455,45101,3283,0,10,3285.500,1058.07
2594881146541,1512635863446,2068155424218,127,43785,3153,0,8,3155.000,1058.07
2594881146541,1177726204497,1023365659636,53890,43951,3295,0,10,3297.500,1058.07
2594881146541,1177726204497,583093105532,114,42933,3135,0,8,3137.000,1058.07
2604714037853,295634600187,269802618811,182435,78619,3223,0,9,3225.250,591.52
2604714037853,295634600187,1804617895905,229,76927,3169,0,9,3171.250,591.52
2604714037853,1593026104351,261123815913,17140,44368,3269,0,10,3271.500,591.52
2604714037853,1593026104351,2062510518623,113,44559,3321,0,11,3323.750,591.52
2604714037853,1438021690149,1021842070149,10803,41827,2831,0,4,2832.000,591.52
2604714037853,1438021690149,173663162550,135,44726,3397,0,12,3400.000,591.52
2604714037853,1670601461835,134297516295,802494,42893,3023,0,7,3024.750,591.52
2604714037853,1670601461835,277894397558,125,44660,3403,0,12,3406.000,591.52
2604714037853,1657919786819,1439755713197,158951,45202,3479,0,13,3482.250,591.52
2604714037853,1657919786819,2426676753893,140,42601,3099,0,8,3101.000,591.52
2604714037853,1241824965602,1919227607186,491369,44517,3239,0,10,3241.500,591.52
2604714037853,1241824965602,323310020636,128,44244,3269,0,10,3271.500,591.52
2604714037853,2478624229288,312259427799,80758,42809,3123,0,8,3125.000,591.52
2604714037853,2478624229288,1226532508583,120,43852,3263,0,10,3265.500,591.52
2604714037853,1541033460165,1550734447485,3937,44935,3099,0,8,3101.000,591.52
2604714037853,1541033460165,1812067160346,120,43368,2977,0,6,2978.500,591.52
2604714037853,906516095451,2123520347618,101037,43809,3169,0,9,3171.250,591.52
2604714037853,906516095451,1827294973357,127,43868,3199,0,9,3201.250,591.52
2604714037853,1278589216600,1986395379788,28757,42060,2913,0,5,2914.250,591.52
2604714037853,1278589216600,395089538632,135,44785,3555,0,14,3558.500,591.52
2609117046013,1185151856814,2297877208750,393845,42976,3177,0,6,3178.500,605.57
2609117046013,1185151856814,2138606142773,123,45410,3564,0,11,3566.750,605.57
2609117046013,1530895427549,626607016927,134511,44935,3540,0,11,3542.750,605.57
2609117046013,1530895427549,875494333547,124,44493,3483,0,10,3485.500,605.57
2609117046013,1439138422913,2380946361832,102240,43660,3327,0,8,3329.000,605.57
2609117046013,1439138422913,2351546776692,140,44268,3645,0,12,3648.000,605.57
2609117046013,643439408544,1388378765833,1636,44077,3258,0,7,3259.750,605.57
2609117046013,643439408544,2095247030387,134,44018,3396,0,9,3398.250,605.57
2609117046013,635446875337,1563533740676,131716,44601,3414,0,9,3416.250,605.57
2609117046013,635446875337,1530856706719,114,41933,3096,0,5,3097.250,605.57
2609117046013,2577601588407,38285947574,138537,85120,3501,0,10,3503.500,605.57
2609117046013,2577601588407,178315142512,245,81219,3264,0,7,3265.750,605.57
2609117046013,108888566239,2444697255232,41934,44368,3408,0,9,3410.250,605.57
2609117046013,108888566239,1942336659979,127,43934,3333,0,8,3335.000,605.57
2609117046013,1865502117621,1926508467476,101344,45060,3678,0,13,3681.250,605.57
2609117046013,1865502117621,1491838087550,117,43160,3270,0,7,3271.750,605.57
2609117046013,360418535695,517955779328,808540,42910,3228,0,7,3229.750,605.57
2609117046013,360418535695,1390595303173,117,44893,3597,0,12,3600.000,605.57
2609117046013,11926153476,2049019802526,22600,45660,3708,0,13,3711.250,605.57
2609117046013,11926153476,2509827699084,132,42893,3108,0,5,3109.250,605.57
2621393468503,1516220670607,2598478264263,1018987,41935,3177,0,8,3179.000,959.53
2621393468503,1516220670607,1278990837551,127,42701,3315,0,10,3317.500,959.53
2621393468503,782821167068,768709256478,414030,41893,3108,0,7,3109.750,959.53
2621393468503,782821167068,1860119335657,134,42893,3315,0,10,3317.500,959.53
2621393468503,1103446950238,1948947349425,518167,42143,3177,0,8,3179.000,959.53
2621393468503,1103446950238,740968621663,133,43618,3246,0,9,3248.250,959.53
2621393468503,558378981179,959044425336,111328,43892,3177,0,8,3179.000,959.53
2621393468503,558378981179,1960357383206,151,43076,3177,0,8,3179.000,959.53
2621393468503,1401873336581,616272743742,94399,43434,3384,0,11,3386.750,959.53
2621393468503,1401873336581,1333818961160,128,42576,3246,0,9,3248.250,959.53
2621393468503,1429501850136,487209313140,18397,41976,2970,0,5,2971.250,959.53
2621393468503,1429501850136,443619125397,132,43244,3246,0,9,3248.250,959.53
2621393468503,764042091674,229910321869,255370,41933,3039,0,6,3040.500,959.53
2621393468503,764042091674,1618732806791,120,43578,3384,0,11,3386.750,959.53
2621393468503,1767112270186,284825123087,83077,42560,3177,0,8,3179.000,959.53
2621393468503,1767112270186,442840467296,134,42493,3177,0,8,3179.000,959.53
2621393468503,2030185171557,2456390109854,31879,42684,3177,0,8,3179.000,959.53
2621393468503,2030185171557,1262606570188,123,42702,3246,0,9,3248.250,959.53
2621393468503,557739157001,500802729266,543358,42143,3108,0,7,3109.750,959.53
2621393468503,557739157001,2460455285563,121,42560,3246,0,9,3248.250,959.53
2621510421683,1172340851817,1001076456153,14328,42143,3051,0,8,3053.000,584.07
2621510421683,1172340851817,1312531175957,123,44660,3381,0,13,3384.250,584.07
2621510421683,1811339123354,40775921134,231642,43535,3183,0,10,3185.500,584.07
2621510421683,1811339123354,1634411118357,131,41476,2919,0,6,2920.500,584.07
2621510421683,2010404530811,1537645434431,382106,44328,3183,0,10,3185.500,584.07
2621510421683,2010404530811,502393026688,137,43434,3249,0,11,3251.750,584.07
2621510421683,2101548706037,582209107736,345699,41869,2985,0,7,2986.750,584.07
2621510421683,2101548706037,2431422836857,118,43018,3249,0,11,3251.750,584.07
2621510421683,59825702497,104562080149,183862,43934,3117,0,9,3119.250,584.07
2621510421683,59825702497,1387120140979,123,42184,2985,0,7,2986.750,584.07
2621510421683,1825731581707,820637468656,292280,41767,2985,0,7,2986.750,584.07
2621510421683,1825731581707,2133794623456,133,41535,2985,0,7,2986.750,584.07
2621510421683,433878981760,2133359992897,88881,42352,2919,0,6,2920.500,584.07
2621510421683,433878981760,435065808825,135,43243,3183,0,10,3185.500,584.07
2621510421683,1023118145772,1246997224843,46446,42808,3183,0,10,3185.500,584.07
2621510421683,1023118145772,567621815771,128,42602,3051,0,8,3053.000,584.07
2621510421683,2092352029725,1389467068934,100060,42058,2985,0,7,2986.750,584.07
2621510421683,2092352029725,1315740636455,128,41410,2919,0,6,2920.500,584.07
2621510421683,1154910849277,1260383943662,191362,42975,3117,0,9,3119.250,584.07
2621510421683,1154910849277,1624000455027,125,43660,3249,0,11,3251.750,584.07
2621716630277,823135875694,1995304218269,18728,42601,3035,0,7,3036.750,621.89
2621716630277,823135875694,255231168767,133,42577,3135,0,8,3137.000,621.89
2621716630277,2182767458429,2339062946386,8597,42977,3117,0,8,3119.000,621.89
2621716630277,2182767458429,2543806846522,121,42684,2913,0,5,2914.250,621.89
2621716630277,2004754023086,1942257647525,261632,42910,3047,0,7,3048.750,621.89
2621716630277,2004754023086,672898264850,116,42227,3047,0,7,3048.750,621.89
2621716630277,2308989785610,1991681699411,270964,43244,3169,0,9,3171.250,621.89
2621716630277,2308989785610,2533505524609,111,44601,3391,0,12,3394.000,621.89
2621716630277,2345464890890,810794017234,173327,43743,3093,0,8,3095.000,621.89
2621716630277,2345464890890,1245591787337,113,41685,2907,0,5,2908.250,621.89
2621716630277,385786360901,2200381196119,126827,78886,3181,0,9,3183.250,621.89
2621716630277,385786360901,1941215286301,235,78827,3275,0,10,3277.500,621.89
2621716630277,1717697103040,2025640002157,6537,42660,2977,0,6,2978.500,621.89
2621716630277,1717697103040,618142566583,117,42601,2989,0,6,2990.500,621.89
2621716630277,846704602715,1763646411417,295031,42726,2953,0,6,2954.500,621.89
2621716630277,846704602715,2097430758642,131,43660,3147,0,8,3149.000,621.89
2621716630277,436514792892,756438151443,56736,43101,2989,0,6,2990.500,621.89
2621716630277,436514792892,2574669781064,127,44993,3187,0,9,3189.250,621.89
2621716630277,2595049424110,1083845965319,753688,43060,3099,0,8,3101.000,621.89
2621716630277,2595049424110,1193699365019,135,42476,3129,0,8,3131.000,621.89
2630540492161,FAILED,FAILED,FAILED,FAILED,FAILED,FAILED,FAILED,FAILED,FAILED
2631148140059,2185335920098,1191328326,208630,43869,3227,0,10,3229.500,797.61
2631148140059,2185335920098,393450910562,121,42268,2959,0,6,2960.500,797.61
2631148140059,680330643236,1883541764274,88946,43934,3227,0,10,3229.500,797.61
2631148140059,680330643236,930811534711,127,43160,3026,0,7,3027.750,797.61
2631148140059,921183858527,1197183625134,95063,41726,2892,0,5,2893.250,797.61
2631148140059,921183858527,74553125158,132,42452,3093,0,8,3095.000,797.61
2631148140059,450156127911,441637927423,499990,40685,2758,0,3,2758.750,797.61
2631148140059,450156127911,2285449482031,133,41910,3160,0,9,3162.250,797.61
2631148140059,521015932628,840803547444,403264,77594,3093,0,8,3095.000,797.61
2631148140059,521015932628,1479905016726,254,78952,3294,0,11,3296.750,797.61
2631148140059,1615399268908,197549753468,335878,43310,2959,0,6,2960.500,797.61
2631148140059,1615399268908,1548000076287,118,42850,3227,0,10,3229.500,797.61
2631148140059,1694607853598,2110436862093,174463,43560,3294,0,11,3296.750,797.61
2631148140059,1694607853598,2200086241873,135,44143,3361,0,12,3364.000,797.61
2631148140059,535400991715,1245133058055,672884,43184,3093,0,8,3095.000,797.61
2631148140059,535400991715,1113958948539,131,40643,2825,0,4,2826.000,797.61
2631148140059,1607353656730,289005174405,90408,42326,3093,0,8,3095.000,797.61
2631148140059,1607353656730,1550424386067,116,42559,3026,0,7,3027.750,797.61
2631148140059,1275864063851,304345961377,28808,43351,3093,0,8,3095.000,797.61
2631148140059,1275864063851,2497978855293,126,44518,3093,0,8,3095.000,797.61
2636894417401,FAILED,FAILED,FAILED,FAILED,FAILED,FAILED,FAILED,FAILED,FAILED
2637645766337,FAILED,FAILED,FAILED,FAILED,FAILED,FAILED,FAILED,FAILED,FAILED
2637742382213,427924069318,2417114140755,106814,43951,3099,0,8,3101.000,519.74
2637742382213,427924069318,1962374433837,120,44185,3245,0,10,3247.500,519.74
2637742382213,1004026603073,910066323510,509134,43225,3111,0,8,3113.000,519.74
2637742382213,1004026603073,1609453842817,134,44411,3263,0,10,3265.500,519.74
2637742382213,1735144206117,373238223455,99868,42476,3013,0,6,3014.500,519.74
2637742382213,1735144206117,2069964257534,130,42369,3059,0,7,3060.750,519.74
2637742382213,1788401669686,2125128198926,113690,80053,3129,0,8,3131.000,519.74
2637742382213,1788401669686,811467397661,292,95928,3047,0,7,3048.750,519.74
2637742382213,1302291849766,960631992468,93186,42619,3129,0,8,3131.000,519.74
2637742382213,1302291849766,732200136726,130,42517,3071,0,7,3072.750,519.74
2637742382213,2324845295248,926332962517,389923,44410,3263,0,10,3265.500,519.74
2637742382213,2324845295248,1226743158124,125,43476,3187,0,9,3189.250,519.74
2637742382213,1575360439475,853055342899,89064,42225,2925,0,5,2926.250,519.74
2637742382213,1575360439475,280928052553,134,43202,3123,0,8,3125.000,519.74
2637742382213,1826025588888,520095905032,147364,44369,3269,0,10,3271.500,519.74
2637742382213,1826025588888,1905166420970,106,42392,3053,0,7,3054.750,519.74
2637742382213,1537362852747,1280452744083,83669,82595,3345,0,11,3347.750,519.74
2637742382213,1537362852747,1220903517897,250,79553,3205,0,9,3207.250,519.74
2637742382213,2473730661841,2228191865603,19374,75577,2837,0,4,2838.000,519.74
2637742382213,2473730661841,421503090093,237,77553,3093,0,8,3095.000,519.74
2645875168597,1412593398103,1541877080838,13776,43309,3093,0,8,3095.000,782.05
2645875168597,1412593398103,707623153080,152,45994,3426,0,13,3429.250,782.05
2645875168597,628669446579,235670079421,803343,44517,3189,0,10,3191.500,782.05
2645875168597,628669446579,747460578744,131,45893,3489,0,14,3492.500,782.05
2645875168597,2529231949211,668000011730,392897,43201,3099,0,8,3101.000,782.05
2645875168597,2529231949211,616926103520,141,44393,3201,0,10,3203.500,782.05
2645875168597,588242428997,606895842917,27790,43076,3075,0,8,3077.000,782.05
2645875168597,588242428997,1732295520078,124,42976,3120,0,9,3122.250,782.05
2645875168597,843678898648,2042867514215,123250,44017,2961,0,6,2962.500,782.05
2645875168597,843678898648,471531146619,141,44952,3243,0,10,3245.500,782.05
2645875168597,1997341561028,250333093817,10983,43120,2868,0,5,2869.250,782.05
2645875168597,1997341561028,1163040819622,129,44684,3468,0,13,3471.250,782.05
2645875168597,1539850302897,566805718447,263895,44951,3252,0,11,3254.750,782.05
2645875168597,1539850302897,339283743034,132,42517,3018,0,7,3019.750,782.05
2645875168597,2536881829129,389973751388,525292,43952,3150,0,9,3152.250,782.05
2645875168597,2536881829129,1467398944202,124,42600,3063,0,8,3065.000,782.05
2645875168597,2030173386959,557731755919,33596,43035,3087,0,8,3089.000,782.05
2645875168597,2030173386959,51301838545,119,42226,3000,0,7,3001.750,782.05
2645875168597,2137451457422,1609004516077,303518,44102,3186,0,9,3188.250,782.05
2645875168597,2137451457422,1594795081669,124,42351,3018,0,7,3019.750,782.05
2645939217461,1371508533354,1268805984515,274323,42560,2869,0,6,2870.500,458.00
2645939217461,1371508533354,1355472425212,133,42118,2906,0,7,2907.750,458.00
2645939217461,643861836238,378541305634,201184,43685,3113,0,10,3115.500,458.00
2645939217461,643861836238,1160228807693,124,42310,2924,0,7,2925.750,458.00
2645939217461,723224168502,1230791489755,221241,43810,3162,0,11,3164.750,458.00
2645939217461,723224168502,932227628786,96,41308,2809,0,6,2810.500,458.00
2645939217461,1504113313179,729067156673,90613,41434,2668,0,3,2668.750,458.00
2645939217461,1504113313179,723655860366,119,42435,2875,0,6,2876.500,458.00
2645939217461,1833850147307,1841023115920,140302,43453,3046,0,9,3048.250,458.00
2645939217461,1833850147307,1723565297513,129,42559,2900,0,7,2901.750,458.00
2645939217461,1969042037727,2009282601183,201349,43058,2954,0,7,2955.750,458.00
2645939217461,1969042037727,381915306795,125,44660,3204,0,11,3206.750,458.00
2645939217461,1050488040831,2253861861118,27046,42976,2924,0,7,2925.750,458.00
2645939217461,1050488040831,461145472242,134,42368,2863,0,6,2864.500,458.00
2645939217461,1094688473707,140719180802,25642,44726,3296,0,13,3299.250,458.00
2645939217461,1094688473707,1157324471410,123,41226,2717,0,4,2718.000,458.00
2645939217461,503989222643,166974160775,175841,43351,3003,0,8,3005.000,458.00
2645939217461,503989222643,1020194763895,122,42618,2997,0,8,2999.000,458.00
2645939217461,2309172837633,432582104478,89366,44017,3125,0,10,3127.500,458.00
2645939217461,2309172837633,901538376595,127,44327,3259,0,12,3262.000,458.00
2646153158591,12333063629,1946836021402,65719,43035,2944,0,7,2945.750,793.24
2646153158591,12333063629,1019751720620,125,43310,3139,0,10,3141.500,793.24
2646153158591,2481842157916,1742675259263,258805,42518,3074,0,9,3076.250,793.24
2646153158591,2481842157916,839720419225,118,41309,2879,0,6,2880.500,793.24
2646153158591,944197872470,21125174760,128171,42351,3074,0,9,3076.250,793.24
2646153158591,944197872470,19386939321,132,41310,2879,0,6,2880.500,793.24
2646153158591,570567830103,1964773753100,107352,42351,3074,0,9,3076.250,793.24
2646153158591,570567830103,324874810800,116,42951,3139,0,10,3141.500,793.24
2646153158591,1437968322426,2523212699194,551068,42285,3009,0,8,3011.000,793.24
2646153158591,1437968322426,350759072844,126,42142,2879,0,6,2880.500,793.24
2646153158591,1029115830348,342132946549,170695,43268,3204,0,11,3206.750,793.24
2646153158591,1029115830348,1000896763933,139,41452,2879,0,6,2880.500,793.24
2646153158591,1554988667408,598234495252,101649,42476,3074,0,9,3076.250,793.24
2646153158591,1554988667408,1801142171915,127,42642,3139,0,10,3141.500,793.24
2646153158591,1285828166360,83110067653,358122,42684,3074,0,9,3076.250,793.24
2646153158591,1285828166360,1013260393859,125,41392,2879,0,6,2880.500,793.24
2646153158591,2447805847934,91626784081,178458,43809,3334,0,13,3337.250,793.24
2646153158591,2447805847934,2246280655548,115,42393,3009,0,8,3011.000,793.24
2646153158591,1839519606352,1176361970933,674877,76535,3074,0,9,3076.250,793.24
2646153158591,1839519606352,780527776814,241,73594,2944,0,7,2945.750,793.24
2647562328629,2178260494299,1220310714245,117458,44184,3339,0,11,3341.750,591.56
2647562328629,2178260494299,345667391794,111,43976,3193,0,9,3195.250,591.56
2647562328629,1112813861223,751122808352,130984,43642,3205,0,9,3207.250,591.56
2647562328629,1112813861223,376501783697,122,42994,3035,0,7,3036.750,591.56
2647562328629,1082068888292,2559251647229,680549,41535,2883,0,5,2884.250,591.56
2647562328629,1082068888292,578610269611,123,43643,3263,0,10,3265.500,591.56
2647562328629,1131295864691,1180024076597,20310,43683,3199,0,9,3201.250,591.56
2647562328629,1131295864691,1368082202535,130,42660,3047,0,7,3048.750,591.56
2647562328629,1639267139340,310230531770,47514,44143,3345,0,11,3347.750,591.56
2647562328629,1639267139340,228560111179,134,42868,3187,0,9,3189.250,591.56
2647562328629,2598408170224,777880620421,246189,43310,3129,0,8,3131.000,591.56
2647562328629,2598408170224,722265219955,127,43309,3187,0,9,3189.250,591.56
2647562328629,1480143127918,1001238803161,3003,77428,3035,0,7,3036.750,591.56
2647562328629,1480143127918,611366294679,223,76369,2977,0,6,2978.500,591.56
2647562328629,1252212319985,1917680910576,450174,44452,3333,0,11,3335.750,591.56
2647562328629,1252212319985,1003694473492,119,43393,3135,0,8,3137.000,591.56
2647562328629,748285527967,999544747229,81546,44518,3193,0,9,3195.250,591.56
2647562328629,748285527967,118593189486,131,44410,3187,0,9,3189.250,591.56
2647562328629,128819045270,2060162437274,104082,43977,3245,0,10,3247.500,591.56
2647562328629,128819045270,694161345368,132,43994,3187,0,9,3189.250,591.56
2652508311721,FAILED,FAILED,FAILED,FAILED,FAILED,FAILED,FAILED,FAILED,FAILED
2658478116113,FAILED,FAILED,FAILED,FAILED,FAILED,FAILED,FAILED,FAILED,FAILED
2659876259587,2018121840279,90527657062,41709,41535,2999,0,6,3000.500,640.05
2659876259587,2018121840279,2169923091148,110,42726,3271,0,10,3273.500,640.05
2659876259587,2585445558733,1150723838837,175247,44184,3203,0,9,3205.250,640.05
2659876259587,2585445558733,400548057649,122,43619,3067,0,7,3068.750,640.05
2659876259587,1838443315115,192962489966,281957,43326,3339,0,11,3341.750,640.05
2659876259587,1838443315115,1114818185039,119,40893,2931,0,5,2932.250,640.05
2659876259587,1032275882134,1051885115283,231754,43493,3271,0,10,3273.500,640.05
2659876259587,1032275882134,992507964030,117,43600,3271,0,10,3273.500,640.05
2659876259587,429573917701,156525456869,51826,42643,3135,0,8,3137.000,640.05
2659876259587,429573917701,1001927075912,131,42869,3339,0,11,3341.750,640.05
2659876259587,2149773239742,212856654021,175132,42977,3339,0,11,3341.750,640.05
2659876259587,2149773239742,2091963977029,115,43160,3339,0,11,3341.750,640.05
2659876259587,615098609517,1030894697376,171789,41827,3067,0,7,3068.750,640.05
2659876259587,615098609517,2145496733734,122,42602,3203,0,9,3205.250,640.05
2659876259587,523106917567,1926958322813,186796,77886,3135,0,8,3137.000,640.05
2659876259587,523106917567,2412311749833,255,85952,3271,0,10,3273.500,640.05
2659876259587,414731322583,2804174567,662218,42476,3203,0,9,3205.250,640.05
2659876259587,414731322583,2290056509703,121,42993,3407,0,12,3410.000,640.05
2659876259587,252168577379,753809186681,89267,43725,3339,0,11,3341.750,640.05
2659876259587,252168577379,1272859809757,132,43701,3203,0,9,3205.250,640.05
2665115158241,FAILED,FAILED,FAILED,FAILED,FAILED,FAILED,FAILED,FAILED,FAILED
2681048154661,1862655047462,2186594796969,362467,45493,3276,0,11,3278.750,1472.70
2681048154661,1862655047462,644677232066,138,44226,3201,0,10,3203.500,1472.70
2681048154661,2145916961782,2427137025617,75263,42643,3018,0,7,3019.750,1472.70
2681048154661,2145916961782,1348590975542,127,42935,3126,0,9,3128.250,1472.70
2681048154661,1741113015058,999439042689,58546,41035,2811,0,4,2812.000,1472.70
2681048154661,1741113015058,29806751217,133,42268,3030,0,7,3031.750,1472.70
2681048154661,1677707894313,332218574782,1261911,43059,2931,0,6,2932.500,1472.70
2681048154661,1677707894313,2384218551526,142,43577,3138,0,9,3140.250,1472.70
2681048154661,1121091232237,1783949792433,85899,42702,2955,0,6,2956.500,1472.70
2681048154661,1121091232237,1240900957308,126,43683,3138,0,9,3140.250,1472.70
2681048154661,564842033130,896079625601,136092,42743,3012,0,7,3013.750,1472.70
2681048154661,564842033130,2564301461009,133,43767,3252,0,11,3254.750,1472.70
2681048154661,1545504582019,2473363392582,1131982,43517,3069,0,8,3071.000,1472.70
2681048154661,1545504582019,2286119194180,119,42910,3057,0,8,3059.000,1472.70
2681048154661,614022351691,836192454819,247926,45602,3258,0,11,3260.750,1472.70
2681048154661,614022351691,434121083442,148,44493,3075,0,8,3077.000,1472.70
2681048154661,1903305931098,2637543572504,1111135,43684,3000,0,7,3001.750,1472.70
2681048154661,1903305931098,592080388991,133,43743,3099,0,8,3101.000,1472.70
2681048154661,2493210618813,1472819022829,208185,44642,3243,0,10,3245.500,1472.70
2681048154661,2493210618813,816531779620,128,44452,3207,0,10,3209.500,1472.70
2683361560141,2148994226028,343930038244,614676,43535,2877,0,7,2878.750,889.86
2683361560141,2148994226028,1525225813198,113,42851,2871,0,7,2872.750,889.86
2683361560141,2663238167785,2372134264371,533474,43119,2883,0,7,2884.750,889.86
2683361560141,2663238167785,797140966725,112,40809,2601,0,3,2601.750,889.86
2683361560141,469146147453,1945531534214,312799,42618,2889,0,7,2890.750,889.86
2683361560141,469146147453,1873552524268,138,43393,3081,0,10,3083.500,889.86
2683361560141,2404647329119,694794147327,32870,43600,2925,0,8,2927.000,889.86
2683361560141,2404647329119,780054925074,124,43077,2949,0,8,2951.000,889.86
2683361560141,297502866121,1045354894799,262610,42560,2913,0,8,2915.000,889.86
2683361560141,297502866121,706993482674,129,42952,2871,0,7,2872.750,889.86
2683361560141,1034566967695,1031980612365,95284,44142,3039,0,9,3041.250,889.86
2683361560141,1034566967695,991083722941,140,44577,3195,0,12,3198.000,889.86
2683361560141,333529619621,1672292135478,314497,44393,3153,0,11,3155.750,889.86
2683361560141,333529619621,624697303752,129,42701,2841,0,6,2842.500,889.86
2683361560141,2082010141102,2534760373035,207478,42642,2877,0,7,2878.750,889.86
2683361560141,2082010141102,1307879909208,127,41785,2847,0,7,2848.750,889.86
2683361560141,1185649204416,2654091426078,484315,42933,2889,0,7,2890.750,889.86
2683361560141,1185649204416,2232669893700,117,43185,2997,0,9,2999.250,889.86
2683361560141,325599471435,328692567023,30894,44351,3003,0,9,3005.250,889.86
2683361560141,325599471435,2483834192131,134,44702,3213,0,11,3215.750,889.86
2687579751049,FAILED,FAILED,FAILED,FAILED,FAILED,FAILED,FAILED,FAILED,FAILED
2690985168433,FAILED,FAILED,FAILED,FAILED,FAILED,FAILED,FAILED,FAILED,FAILED
2706985308899,852837092016,819817620915,92967,42035,3067,0,7,3068.750,865.08
2706985308899,852837092016,2113612244117,120,42935,3067,0,7,3068.750,865.08
2706985308899,1403211848480,48194114130,229745,43185,3339,0,11,3341.750,865.08
2706985308899,1403211848480,1209132833255,123,42618,3271,0,10,3273.500,865.08
2706985308899,2209530559453,2452894400726,816067,42326,2863,0,4,2864.000,865.08
2706985308899,2209530559453,2378357815102,141,43017,3067,0,7,3068.750,865.08
2706985308899,1034401520264,680112431111,428558,42618,2931,0,5,2932.250,865.08
2706985308899,1034401520264,1983299553969,140,42893,3067,0,7,3068.750,865.08
2706985308899,1990903882317,255853088370,223577,43785,3203,0,9,3205.250,865.08
2706985308899,1990903882317,2331796742752,129,44518,3407,0,12,3410.000,865.08
2706985308899,2018858178807,2629053828216,262386,43243,3271,0,10,3273.500,865.08
2706985308899,2018858178807,1231328284672,119,43351,3271,0,10,3273.500,865.08
2706985308899,861792779276,912775441438,181247,41685,2931,0,5,2932.250,865.08
2706985308899,861792779276,366446389176,131,42577,3203,0,9,3205.250,865.08
2706985308899,2389543289413,1638211362310,48618,41827,2999,0,6,3000.500,865.08
2706985308899,2389543289413,1304286818021,126,42351,3203,0,9,3205.250,865.08
2706985308899,1006856602982,596795496865,196989,43560,3339,0,11,3341.750,865.08
2706985308899,1006856602982,477378743662,123,42535,3203,0,9,3205.250,865.08
2706985308899,721445989225,2208815868312,321497,76285,2931,0,5,2932.250,865.08
2706985308899,721445989225,806979143658,236,75803,3135,0,8,3137.000,865.08
2708145842209,FAILED,FAILED,FAILED,FAILED,FAILED,FAILED,FAILED,FAILED,FAILED
2711183333203,2407396212486,2126002002752,52057,41725,3159,0,6,3160.500,515.03
2711183333203,2407396212486,1413567493978,142,43576,3519,0,11,3521.750,515.03
2711183333203,1290595122827,1865689285157,6335,44951,3519,0,11,3521.750,515.03
2711183333203,1290595122827,2658378414395,131,43225,3303,0,8,3305.000,515.03
2711183333203,79039730099,1893822790056,36088,42851,3375,0,9,3377.250,515.03
2711183333203,79039730099,2002156628189,124,44058,3303,0,8,3305.000,515.03
2711183333203,2623257851592,1219102441116,202708,42768,3159,0,6,3160.500,515.03
2711183333203,2623257851592,1782471727512,122,42642,3159,0,6,3160.500,515.03
2711183333203,340920098750,276004260920,268897,42077,3159,0,6,3160.500,515.03
2711183333203,340920098750,91469566515,136,44809,3591,0,12,3594.000,515.03
2711183333203,909594490889,2405240708765,467262,45327,3447,0,10,3449.500,515.03
2711183333203,909594490889,2199606897590,124,43392,3159,0,6,3160.500,515.03
2711183333203,2546326875459,1248096230840,103635,43268,3375,0,9,3377.250,515.03
2711183333203,2546326875459,1734276166850,122,43410,3375,0,9,3377.250,515.03
2711183333203,837701651903,2320372342320,282085,42518,3231,0,7,3232.750,515.03
2711183333203,837701651903,2587546988414,110,41243,3087,0,5,3088.250,515.03
2711183333203,623834440859,544382896564,185832,42642,3303,0,8,3305.000,515.03
2711183333203,623834440859,2535665221316,120,42119,3231,0,7,3232.750,515.03
2711183333203,171849262455,2306202405254,32753,43493,3303,0,8,3305.000,515.03
2711183333203,171849262455,503083456525,135,43976,3519,0,11,3521.750,515.03
2712854400653,1029329805942,156152000441,141742,42785,3129,0,7,3130.750,1403.54
2712854400653,1029329805942,941294625349,138,44059,3267,0,9,3269.250,1403.54
2712854400653,1646232601922,1860221293369,839330,43994,3339,0,10,3341.500,1403.54
2712854400653,1646232601922,627538813692,133,43934,3369,0,10,3371.500,1403.54
2712854400653,701300053843,401596728133,937956,83970,3399,0,11,3401.750,1403.54
2712854400653,701300053843,1020291228690,245,77470,3135,0,7,3136.750,1403.54
2712854400653,927222647316,2579880836885,175427,43702,3339,0,10,3341.500,1403.54
2712854400653,927222647316,716616999417,141,43767,3297,0,9,3299.250,1403.54
2712854400653,2056035977255,1066130069388,53340,42993,3201,0,8,3203.000,1403.54
2712854400653,2056035977255,804482264251,123,43518,3363,0,10,3365.500,1403.54
2712854400653,1232955952193,2421671480687,718527,83511,3369,0,10,3371.500,1403.54
2712854400653,1232955952193,69493104540,245,81262,3303,0,9,3305.250,1403.54
2712854400653,1627649053660,49712651813,330103,78553,3171,0,8,3173.000,1403.54
2712854400653,1627649053660,2653787991937,229,80511,3429,0,11,3431.750,1403.54
2712854400653,1709684376122,527931350611,1076475,44018,3183,0,8,3185.000,1403.54
2712854400653,1709684376122,656702946944,126,42160,2979,0,5,2980.250,1403.54
2712854400653,1581262135463,754767992080,69129,44225,3201,0,8,3203.000,1403.54
2712854400653,1581262135463,1276056383011,116,44869,3339,0,10,3341.500,1403.54
2712854400653,2107887390553,1161315219030,50352,43851,3159,0,8,3161.000,1403.54
2712854400653,2107887390553,1114030525976,125,41744,2895,0,4,2896.000,1403.54
2715256860559,2396397882407,214748352697,157039,43017,3246,0,9,3248.250,650.96
2715256860559,2396397882407,1562679062809,121,42934,3246,0,9,3248.250,650.96
2715256860559,2076725966122,161280427869,226556,42619,3039,0,6,3040.500,650.96
2715256860559,2076725966122,1023032212505,129,42351,3108,0,7,3109.750,650.96
2715256860559,2310713153269,455055556889,153967,44393,3384,0,11,3386.750,650.96
2715256860559,2310713153269,1848353304024,126,42101,3108,0,7,3109.750,650.96
2715256860559,1632178096989,993841359059,1398,44160,3453,0,12,3456.000,650.96
2715256860559,1632178096989,1489117734214,124,43142,3384,0,11,3386.750,650.96
2715256860559,411252835929,1488106394821,388026,42785,3177,0,8,3179.000,650.96
2715256860559,411252835929,2186436447834,133,43851,3384,0,11,3386.750,650.96
2715256860559,2610931922438,1683192891514,113821,78493,3177,0,8,3179.000,650.96
2715256860559,2610931922438,534570711621,245,77386,3177,0,8,3179.000,650.96
2715256860559,28903688366,2593965796185,184108,43327,3246,0,9,3248.250,650.96
2715256860559,28903688366,1990580296258,138,42600,3246,0,9,3248.250,650.96
2715256860559,886307399535,906733853934,501670,45160,3315,0,10,3317.500,650.96
2715256860559,886307399535,2163147065453,133,44600,3315,0,10,3317.500,650.96
2715256860559,1218486867469,1957411117004,14267,44725,3315,0,10,3317.500,650.96
2715256860559,1218486867469,1792075363073,128,42934,3177,0,8,3179.000,650.96
2715256860559,448852090426,502451888159,346731,41810,3108,0,7,3109.750,650.96
2715256860559,448852090426,1841162170356,133,42035,3177,0,8,3179.000,650.96
2715389989621,2141438734022,941331152201,500324,43744,3359,0,9,3361.250,1061.00
2715389989621,2141438734022,1499440076875,116,42517,3155,0,6,3156.500,1061.00
2715389989621,479425952541,1866671210105,740,43727,3199,0,7,3200.750,1061.00
2715389989621,479425952541,1725457906623,126,43642,3199,0,7,3200.750,1061.00
2715389989621,2083066533980,1370735494846,1896,44869,3335,0,9,3337.250,1061.00
2715389989621,2083066533980,866770208464,119,44517,3519,0,11,3521.750,1061.00
2715389989621,1071040844876,1453634456292,169608,42308,3015,0,5,3016.250,1061.00
2715389989621,1071040844876,1865881647974,135,42119,3125,0,6,3126.500,1061.00
2715389989621,1750810193822,2186939215337,850574,43767,3161,0,6,3162.500,1061.00
2715389989621,1750810193822,330548294525,127,42369,3143,0,6,3144.500,1061.00
2715389989621,2008385834394,869596089450,1083661,43244,3309,0,8,3311.000,1061.00
2715389989621,2008385834394,1879296637946,125,42434,3155,0,6,3156.500,1061.00
2715389989621,1502507460887,2071041635960,298729,45118,3519,0,11,3521.750,1061.00
2715389989621,1502507460887,510243397196,129,44142,3445,0,10,3447.500,1061.00
2715389989621,1295982170134,1370535477991,195926,43351,3223,0,7,3224.750,1061.00
2715389989621,1295982170134,469271855155,140,45826,3631,0,13,3634.250,1061.00
2715389989621,55930971829,2484748195189,128494,45285,3495,0,11,3497.750,1061.00
2715389989621,55930971829,1102947938910,123,44893,3377,0,9,3379.250,1061.00
2715389989621,1923263305697,402476991733,95727,45827,3593,0,12,3596.000,1061.00
2715389989621,1923263305697,705565612656,120,43143,3285,0,8,3287.000,1061.00
2715878039741,115313494141,2096820722861,220611,43559,3162,0,9,3164.250,755.37
2715878039741,115313494141,2564823208088,116,42161,3012,0,7,3013.750,755.37
2715878039741,1731064293174,1479505538594,199042,43642,3132,0,9,3134.250,755.37
2715878039741,1731064293174,1938386314733,139,44869,3438,0,13,3441.250,755.37
2715878039741,1346685902976,699295232091,143375,43601,3213,0,10,3215.500,755.37
2715878039741,1346685902976,39669084360,123,41995,3000,0,7,3001.750,755.37
2715878039741,2312005467300,2184858686165,270307,43350,3048,0,7,3049.750,755.37
2715878039741,2312005467300,1686972952997,128,43244,3087,0,8,3089.000,755.37
2715878039741,414694538178,1318260521412,50323,43102,3132,0,9,3134.250,755.37
2715878039741,414694538178,1593102192485,125,42767,3126,0,9,3128.250,755.37
2715878039741,2497315384334,1256715659521,171576,44268,3195,0,10,3197.500,755.37
2715878039741,2497315384334,2028125334233,134,42768,2994,0,7,2995.750,755.37
2715878039741,426355943093,721763338047,432068,43559,3192,0,9,3194.250,755.37
2715878039741,426355943093,1891246122869,127,43161,3120,0,9,3122.250,755.37
2715878039741,1077589717318,1137245601246,1378,43452,3201,0,10,3203.500,755.37
2715878039741,1077589717318,2151638092472,269,80577,2919,0,6,2920.500,755.37
2715878039741,2412508870036,795834830263,173891,43327,3006,0,7,3007.750,755.37
2715878039741,2412508870036,1460739458632,138,43393,3144,0,9,3146.250,755.37
2715878039741,1594437123656,1973106154689,743443,46226,3432,0,13,3435.250,755.37
2715878039741,1594437123656,795954266578,123,43243,3033,0,8,3035.000,755.37
2717577178163,78590484480,520346575295,158873,42642,3135,0,8,3137.000,1004.32
2717577178163,78590484480,2611099217554,135,42661,3203,0,9,3205.250,1004.32
2717577178163,281891381032,2710982568551,131010,41976,3067,0,7,3068.750,1004.32
2717577178163,281891381032,2226399119234,116,42826,3339,0,11,3341.750,1004.32
2717577178163,642862343758,1848342093512,575358,42684,3135,0,8,3137.000,1004.32
2717577178163,642862343758,1337568692310,126,42868,3203,0,9,3205.250,1004.32
2717577178163,1063861941068,2543551044231,225793,43535,3271,0,10,3273.500,1004.32
2717577178163,1063861941068,298102250201,144,42977,3135,0,8,3137.000,1004.32
2717577178163,2014972339924,581187733618,801045,42309,3067,0,7,3068.750,1004.32
2717577178163,2014972339924,2187473617749,141,43576,3271,0,10,3273.500,1004.32
2717577178163,1835582656243,420011039472,246297,43285,3203,0,9,3205.250,1004.32
2717577178163,1835582656243,247774085901,131,43935,3271,0,10,3273.500,1004.32
2717577178163,977190904723,2289102541413,596559,43701,3203,0,9,3205.250,1004.32
2717577178163,977190904723,2564086532132,135,42142,3067,0,7,3068.750,1004.32
2717577178163,2314774439383,1096226374455,200693,43393,3203,0,9,3205.250,1004.32
2717577178163,2314774439383,99865283595,133,43201,3339,0,11,3341.750,1004.32
2717577178163,812494773939,1897996312547,139985,41809,2999,0,6,3000.500,1004.32
2717577178163,812494773939,798342093741,127,41727,2931,0,5,2932.250,1004.32
2717577178163,1911982342165,148402908782,149967,44535,3203,0,9,3205.250,1004.32
2717577178163,1911982342165,591055052483,123,41935,2999,0,6,3000.500,1004.32
2730582337969,FAILED,FAILED,FAILED,FAILED,FAILED,FAILED,FAILED,FAILED,FAILED
2733561287099,2495454376493,2643583854985,347593,42310,3149,0,7,3150.750,723.16
2733561287099,2495454376493,1348048489067,129,42243,3219,0,8,3221.000,723.16
2733561287099,1388391316000,1217224141811,214829,43393,3429,0,11,3431.750,723.16
2733561287099,1388391316000,2079116843174,128,42601,3149,0,7,3150.750,723.16
2733561287099,331909150703,1592649406853,140429,42143,3079,0,6,3080.500,723.16
2733561287099,331909150703,821004496298,136,43619,3359,0,10,3361.500,723.16
2733561287099,1031646336131,2637608980247,65691,79053,3079,0,6,3080.500,723.16
2733561287099,1031646336131,1097864576408,269,86886,3289,0,9,3291.250,723.16
2733561287099,241156815431,126382766143,98140,42850,3149,0,7,3150.750,723.16
2733561287099,241156815431,923162676246,121,42160,3149,0,7,3150.750,723.16
2733561287099,1894034469504,244082611196,620130,44952,3499,0,12,3502.000,723.16
2733561287099,1894034469504,2618215829590,130,43393,3359,0,10,3361.500,723.16
2733561287099,1599481375047,1224881797352,27092,41768,2939,0,4,2940.000,723.16
2733561287099,1599481375047,703619834678,119,41452,3149,0,7,3150.750,723.16
2733561287099,2650551195589,1772713120404,254815,81094,3289,0,9,3291.250,723.16
2733561287099,2650551195589,1087679439529,246,79868,3359,0,10,3361.500,723.16
2733561287099,285801514691,439997834508,477439,44202,3359,0,10,3361.500,723.16
2733561287099,285801514691,1422235478357,145,44518,3499,0,12,3502.000,723.16
2733561287099,76440714360,1074435801573,75759,42309,3289,0,9,3291.250,723.16
2733561287099,76440714360,133849068394,121,41202,3149,0,7,3150.750,723.16
2737263583099,1906976186317,1634350293995,610663,77743,3165,0,5,3166.250,1323.80
2737263583099,1906976186317,2597559179737,248,80136,3387,0,8,3389.000,1323.80
2737263583099,71796446945,2012840120319,460575,42993,3387,0,8,3389.000,1323.80
2737263583099,71796446945,569854242885,126,43518,3461,0,9,3463.250,1323.80
2737263583099,298083533909,2126029304916,518158,45350,3387,0,8,3389.000,1323.80
2737263583099,298083533909,2479765990983,145,43702,3461,0,9,3463.250,1323.80
2737263583099,503272094728,2696096889123,133435,44059,3609,0,11,3611.750,1323.80
2737263583099,503272094728,1465720046048,137,43267,3609,0,11,3611.750,1323.80
2737263583099,836393049135,2341861073731,78584,42660,3387,0,8,3389.000,1323.80
2737263583099,836393049135,1406858418553,124,42976,3461,0,9,3463.250,1323.80
2737263583099,2258611536620,1168049197643,151520,43035,3313,0,7,3314.750,1323.80
2737263583099,2258611536620,2092860341998,121,42850,3387,0,8,3389.000,1323.80
2737263583099,1813639807390,1309119163050,593468,42642,3313,0,7,3314.750,1323.80
2737263583099,1813639807390,1350605991928,117,43077,3461,0,9,3463.250,1323.80
2737263583099,2347782524398,1979754167755,651282,43683,3535,0,10,3537.500,1323.80
2737263583099,2347782524398,306444777878,117,42119,3313,0,7,3314.750,1323.80
2737263583099,719038795549,2611478360238,139167,46185,3683,0,12,3686.000,1323.80
2737263583099,719038795549,1020577621772,126,43702,3461,0,9,3463.250,1323.80
2737263583099,2414796463207,1810710011214,834674,41975,3165,0,5,3166.250,1323.80
2737263583099,2414796463207,792044274337,131,40935,3017,0,3,3017.750,1323.80
2744196988207,1870697452002,1304746218872,328129,42727,3345,0,8,3347.000,742.77
2744196988207,1870697452002,139836134608,133,43059,3564,0,11,3566.750,742.77
2744196988207,1209886417681,188691662770,82644,42101,3126,0,5,3127.250,742.77
2744196988207,1209886417681,111391522675,124,43369,3418,0,9,3420.250,742.77
2744196988207,2406872467874,728821590420,44057,41285,3199,0,6,3200.500,742.77
2744196988207,2406872467874,499833465498,122,42727,3418,0,9,3420.250,742.77
2744196988207,219954319949,874116524148,56919,42661,3272,0,7,3273.750,742.77
2744196988207,219954319949,2207381406086,117,43434,3491,0,10,3493.500,742.77
2744196988207,1253857800252,2319540915192,18513,43934,3272,0,7,3273.750,742.77
2744196988207,1253857800252,151477162976,134,44451,3491,0,10,3493.500,742.77
2744196988207,2652354463923,595267986711,254497,45785,3564,0,11,3566.750,742.77
2744196988207,2652354463923,1542670337241,137,45602,3418,0,9,3420.250,742.77
2744196988207,1123125341122,1174124194296,320195,84928,3637,0,12,3640.000,742.77
2744196988207,1123125341122,1851933973888,245,78201,3272,0,7,3273.750,742.77
2744196988207,1672644795656,2136717909353,705047,46493,3418,0,9,3420.250,742.77
2744196988207,1672644795656,145735323542,130,44685,3345,0,8,3347.000,742.77
2744196988207,1592587954960,1077939461743,510367,42100,3199,0,6,3200.500,742.77
2744196988207,1592587954960,2349364950394,117,42310,3272,0,7,3273.750,742.77
2744196988207,1621457586632,1632790935425,28819,42518,3345,0,8,3347.000,742.77
2744196988207,1621457586632,84191907300,126,42643,3272,0,7,3273.750,742.77
2744925747919,821427993897,1777832490757,127390,43393,3359,0,10,3361.500,843.86
2744925747919,821427993897,1424942662117,127,43452,3359,0,10,3361.500,843.86
2744925747919,2404114729582,10767710878,266780,42434,3359,0,10,3361.500,843.86
2744925747919,2404114729582,566745074327,130,42727,3289,0,9,3291.250,843.86
2744925747919,2080434665193,1981687531097,159954,43411,3079,0,6,3080.500,843.86
2744925747919,2080434665193,2400178711242,112,43976,3289,0,9,3291.250,843.86
2744925747919,1526440776595,238849317458,136911,44267,3499,0,12,3502.000,843.86
2744925747919,1526440776595,2359845284575,118,43244,3289,0,9,3291.250,843.86
2744925747919,698963695566,576878946481,221797,43243,3079,0,6,3080.500,843.86
2744925747919,698963695566,2374469572950,123,42226,3079,0,6,3080.500,843.86
2744925747919,236008038719,1258906282009,825783,42243,3149,0,7,3150.750,843.86
2744925747919,236008038719,1340575788609,121,42142,3149,0,7,3150.750,843.86
2744925747919,1362738505393,2378183439560,194714,43351,3359,0,10,3361.500,843.86
2744925747919,1362738505393,1776463028822,136,42785,3219,0,8,3221.000,843.86
2744925747919,1036498956646,563077595214,311023,42077,3149,0,7,3150.750,843.86
2744925747919,1036498956646,898644528714,139,43725,3429,0,11,3431.750,843.86
2744925747919,1225220134557,1671374735016,251207,42577,3289,0,9,3291.250,843.86
2744925747919,1225220134557,13582401768,135,43309,3359,0,10,3361.500,843.86
2744925747919,445199236691,112719392938,171888,81802,3429,0,11,3431.750,843.86
2744925747919,445199236691,1901584839391,244,82012,3429,0,11,3431.750,843.86
2746459976327,2364795071933,1708220791638,26738,42475,3149,0,7,3150.750,1118.50
2746459976327,2364795071933,2264081666824,143,44060,3499,0,12,3502.000,1118.50
2746459976327,72536283300,1208178815176,14917,43851,3289,0,9,3291.250,1118.50
2746459976327,72536283300,1257445067663,134,42827,3219,0,8,3221.000,1118.50
2746459976327,549774664410,697862448702,214553,43286,3359,0,10,3361.500,1118.50
2746459976327,549774664410,614201454191,114,41683,3079,0,6,3080.500,1118.50
2746459976327,1984498755110,1311995152090,518269,42351,3149,0,7,3150.750,1118.50
2746459976327,1984498755110,1595938757974,120,42285,3079,0,6,3080.500,1118.50
2746459976327,940421512631,1604550529589,98133,43352,3359,0,10,3361.500,1118.50
2746459976327,940421512631,292117897458,124,42993,3429,0,11,3431.750,1118.50
2746459976327,842345978568,2164808124039,753948,43767,3499,0,12,3502.000,1118.50
2746459976327,842345978568,2669106026783,122,41577,3219,0,8,3221.000,1118.50
2746459976327,2177723274723,1843756692662,161817,42369,3149,0,7,3150.750,1118.50
2746459976327,2177723274723,838915260689,114,40893,3009,0,5,3010.250,1118.50
2746459976327,2635419438787,1980470255829,775385,43702,3359,0,10,3361.500,1118.50
2746459976327,2635419438787,2658984420796,123,43101,3149,0,7,3150.750,1118.50
2746459976327,258450322510,2297458744964,113581,42351,3219,0,8,3221.000,1118.50
2746459976327,258450322510,2198593089369,132,41392,3009,0,5,3010.250,1118.50
2746459976327,572826758928,2716086449563,914726,42684,3149,0,7,3150.750,1118.50
2746459976327,572826758928,2590999512455,125,43434,3359,0,10,3361.500,1118.50
2759487122201,FAILED,FAILED,FAILED,FAILED,FAILED,FAILED,FAILED,FAILED,FAILED
2761307032999,1055883925565,1622432923232,725177,79785,3294,0,11,3296.750,654.50
2761307032999,1055883925565,1403397773548,254,77512,3227,0,10,3229.500,654.50
2761307032999,216781629271,1776374405034,71219,42202,3093,0,8,3095.000,654.50
2761307032999,216781629271,669580771784,116,41809,2959,0,6,2960.500,654.50
2761307032999,577912243190,985891277298,12502,79095,3160,0,9,3162.250,654.50
2761307032999,577912243190,1251825993209,237,79303,3294,0,11,3296.750,654.50
2761307032999,189707770993,215906306300,13328,43868,3227,0,10,3229.500,654.50
2761307032999,189707770993,2365551387561,124,41892,3026,0,7,3027.750,654.50
2761307032999,2700188184321,679637568754,1145,43076,3160,0,9,3162.250,654.50
2761307032999,2700188184321,2097157907709,123,42059,3093,0,8,3095.000,654.50
2761307032999,2529587897545,1211584622567,329341,41934,3026,0,7,3027.750,654.50
2761307032999,2529587897545,617024794423,134,41077,2825,0,4,2826.000,654.50
2761307032999,1142622269643,880854754135,17869,43518,3227,0,10,3229.500,654.50
2761307032999,1142622269643,2756901535014,115,42785,3093,0,8,3095.000,654.50
2761307032999,808595033007,1968075061758,374747,40243,2825,0,4,2826.000,654.50
2761307032999,808595033007,1014852364929,125,42058,3093,0,8,3095.000,654.50
2761307032999,1828697450761,776169619771,470519,44060,3428,0,13,3431.250,654.50
2761307032999,1828697450761,292432155984,129,42702,3160,0,9,3162.250,654.50
2761307032999,2629608868585,900677198919,105272,41976,3026,0,7,3027.750,654.50
2761307032999,2629608868585,2498003713799,140,42642,3160,0,9,3162.250,654.50
2761318211849,FAILED,FAILED,FAILED,FAILED,FAILED,FAILED,FAILED,FAILED,FAILED
2763265291279,1071232608980,173560962030,257786,76178,2944,0,7,2945.750,1073.31
2763265291279,1071232608980,1705955632938,228,74451,2944,0,7,2945.750,1073.31
2763265291279,1005641149477,1469424988141,547277,43076,3074,0,9,3076.250,1073.31
2763265291279,1005641149477,2597435036689,133,43351,3074,0,9,3076.250,1073.31
2763265291279,385011828092,2344652876887,115697,44185,3269,0,12,3272.000,1073.31
2763265291279,385011828092,2368375689377,129,42785,3074,0,9,3076.250,1073.31
2763265291279,883742828642,696616786431,80588,43142,3139,0,10,3141.500,1073.31
2763265291279,883742828642,2247158571858,128,42328,3009,0,8,3011.000,1073.31
2763265291279,2175454102515,820887111772,808991,40975,2684,0,3,2684.750,1073.31
2763265291279,2175454102515,2617381642563,149,42452,3139,0,10,3141.500,1073.31
2763265291279,2544443186378,1360633144690,262158,41327,2879,0,6,2880.500,1073.31
2763265291279,2544443186378,1320060765972,111,40393,2749,0,4,2750.000,1073.31
2763265291279,1561026991619,951733762667,814447,42560,2944,0,7,2945.750,1073.31
2763265291279,1561026991619,396683683577,138,42559,3009,0,8,3011.000,1073.31
2763265291279,1220489934998,821507611690,132461,42477,3009,0,8,3011.000,1073.31
2763265291279,1220489934998,1097727755792,126,42475,3139,0,10,3141.500,1073.31
2763265291279,1288907991304,126808108389,374846,41600,2879,0,6,2880.500,1073.31
2763265291279,1288907991304,1982908080360,129,41743,2944,0,7,2945.750,1073.31
2763265291279,1908772632474,1807427813764,125449,42767,2944,0,7,2945.750,1073.31
2763265291279,1908772632474,1857143126287,129,42244,3009,0,8,3011.000,1073.31
2766394114499,2323357795325,1886157273900,6294,76053,2883,0,8,2885.000,673.48
2766394114499,2323357795325,1104176015494,254,76118,3069,0,11,3071.750,673.48
2766394114499,879737515212,713843284800,4665,42576,3007,0,10,3009.500,673.48
2766394114499,879737515212,1312167809381,103,42018,2945,0,9,2947.250,673.48
2766394114499,815262001058,1499787411016,15242,44993,2945,0,9,2947.250,673.48
2766394114499,815262001058,1564853185648,137,42475,2945,0,9,2947.250,673.48
2766394114499,1345735521802,2121385429671,254500,43368,3007,0,10,3009.500,673.48
2766394114499,1345735521802,321691347576,135,42559,2945,0,9,2947.250,673.48
2766394114499,1611266063925,825617911034,815556,43558,3131,0,12,3134.000,673.48
2766394114499,1611266063925,99490296990,121,40952,2697,0,5,2698.250,673.48
2766394114499,1407428574561,299907285287,338115,42643,2945,0,9,2947.250,673.48
2766394114499,1407428574561,2188649143056,135,41826,2821,0,7,2822.750,673.48
2766394114499,2029812818752,1406609676681,271483,42851,2945,0,9,2947.250,673.48
2766394114499,2029812818752,506264192906,130,43952,3193,0,13,3196.250,673.48
2766394114499,28455202524,568109594597,290324,42243,2821,0,7,2822.750,673.48
2766394114499,28455202524,285201605511,136,42393,3007,0,10,3009.500,673.48
2766394114499,2683234005835,828600832405,217164,42100,2821,0,7,2822.750,673.48
2766394114499,2683234005835,1966337187166,129,42893,3007,0,10,3009.500,673.48
2766394114499,228939519646,1100101401101,23,42203,2945,0,9,2947.250,673.48
2766394114499,228939519646,413410944675,138,42600,3069,0,11,3071.750,673.48
2768058997373,1858075708631,1181818483230,344810,44727,3288,0,11,3290.750,738.44
2768058997373,1858075708631,1791841604381,140,42535,3000,0,7,3001.750,738.44
2768058997373,1496499899181,2707823388611,5553,44600,3219,0,10,3221.500,738.44
2768058997373,1496499899181,2483233857308,139,44517,3369,0,12,3372.000,738.44
2768058997373,1805988417800,1499468881320,464640,44184,3189,0,10,3191.500,738.44
2768058997373,1805988417800,12855210269,137,43810,3138,0,9,3140.250,738.44
2768058997373,206312781078,2684085230228,204927,44435,3150,0,9,3152.250,738.44
2768058997373,206312781078,809632675456,113,43535,2994,0,7,2995.750,738.44
2768058997373,838364318717,1885900867608,297512,43559,3156,0,9,3158.250,738.44
2768058997373,838364318717,204743360337,131,43577,3057,0,8,3059.000,738.44
2768058997373,87736826737,922674051648,221732,45058,3294,0,11,3296.750,738.44
2768058997373,87736826737,550310873924,133,46410,3375,0,12,3378.000,738.44
2768058997373,1590764062004,618180586952,565424,43785,2955,0,6,2956.500,738.44
2768058997373,1590764062004,2255558228684,132,43893,3132,0,9,3134.250,738.44
2768058997373,842255921124,752217182848,92385,44660,3051,0,8,3053.000,738.44
2768058997373,842255921124,2723647876743,141,44642,3150,0,9,3152.250,738.44
2768058997373,1998439122116,141427647157,60822,42827,3063,0,8,3065.000,738.44
2768058997373,1998439122116,96718574005,117,42351,3012,0,7,3013.750,738.44
2768058997373,2428754555812,2423819871328,89709,43060,3075,0,8,3077.000,738.44
2768058997373,2428754555812,593913892271,142,43285,3156,0,9,3158.250,738.44
2769255670033,FAILED,FAILED,FAILED,FAILED,FAILED,FAILED,FAILED,FAILED,FAILED
2769346762361,FAILED,FAILED,FAILED,FAILED,FAILED,FAILED,FAILED,FAILED,FAILED
