prime,A,x0,trials,cycles,mul_count,inv_count,branch_count,opcount_m3,batch_time_ms
1002741654979,655627902735,786431571593,96802,77410,3384,0,0,3384.000,1967.53
1002741654979,655627902735,733541227686,79,75218,3384,0,0,3384.000,1967.53
1002741654979,926106773142,564267899878,376768,77011,3384,0,0,3384.000,1967.53
1002741654979,926106773142,53084576882,91,75035,3384,0,0,3384.000,1967.53
1002741654979,192192040653,152193258666,43468,76261,3384,0,0,3384.000,1967.53
1002741654979,192192040653,463737041458,55,74701,3384,0,0,3384.000,1967.53
1002741654979,661403549558,40567220996,166432,41185,3384,0,0,3384.000,1967.53
1002741654979,661403549558,450855826413,32,41160,3384,0,0,3384.000,1967.53
1002741654979,621392875819,205615693342,155576,41433,3384,0,0,3384.000,1967.53
1002741654979,621392875819,504995300597,36,40976,3384,0,0,3384.000,1967.53
1002741654979,931598205445,101366143254,190586,41267,3384,0,0,3384.000,1967.53
1002741654979,931598205445,119138075023,48,40160,3384,0,0,3384.000,1967.53
1002741654979,277113903517,520093546464,68815,40850,3384,0,0,3384.000,1967.53
1002741654979,277113903517,335371773673,51,40036,3384,0,0,3384.000,1967.53
1002741654979,170750283883,523986627265,104592,41434,3384,0,0,3384.000,1967.53
1002741654979,170750283883,60452503206,25,40285,3384,0,0,3384.000,1967.53
1002741654979,139894303920,309986648759,452326,41702,3384,0,0,3384.000,1967.53
1002741654979,139894303920,377875310947,20,41350,3384,0,0,3384.000,1967.53
1002741654979,223612140655,104994440155,113507,41869,3384,0,0,3384.000,1967.53
1002741654979,223612140655,112655345162,36,41434,3384,0,0,3384.000,1967.53
1007307916207,911771605874,49479534562,52050,41368,3240,0,0,3240.000,454.42
1007307916207,911771605874,124486220622,51,40392,3240,0,0,3240.000,454.42
1007307916207,426100887340,143974074665,21475,41642,3240,0,0,3240.000,454.42
1007307916207,426100887340,261851597174,41,40143,3240,0,0,3240.000,454.42
1007307916207,647590663946,669033511841,16924,40476,3240,0,0,3240.000,454.42
1007307916207,647590663946,94708393133,27,39935,3240,0,0,3240.000,454.42
1007307916207,637794864355,627683857396,17909,40685,3240,0,0,3240.000,454.42
1007307916207,637794864355,981593511363,32,39993,3240,0,0,3240.000,454.42
1007307916207,751007421272,725254840348,74408,40826,3240,0,0,3240.000,454.42
1007307916207,751007421272,671208742913,50,40727,3240,0,0,3240.000,454.42
1007307916207,479889908461,91213528958,38618,40660,3240,0,0,3240.000,454.42
1007307916207,479889908461,203434360861,55,47435,3240,0,0,3240.000,454.42
1007307916207,369891569080,968527053327,48743,40018,3240,0,0,3240.000,454.42
1007307916207,369891569080,693262286342,45,39560,3240,0,0,3240.000,454.42
1007307916207,971570179716,494544872460,124849,40226,3240,0,0,3240.000,454.42
1007307916207,971570179716,907001187007,7,40435,3240,0,0,3240.000,454.42
1007307916207,70358609174,614568749014,13822,40810,3240,0,0,3240.000,454.42
1007307916207,70358609174,985806145869,46,40410,3240,0,0,3240.000,454.42
1007307916207,75267200652,623559751720,13949,41743,3240,0,0,3240.000,454.42
1007307916207,75267200652,98949953062,54,40143,3240,0,0,3240.000,454.42
1009868816753,FAILED,FAILED,FAILED,FAILED,FAILED,FAILED,FAILED,FAILED,FAILED
1013789348753,FAILED,FAILED,FAILED,FAILED,FAILED,FAILED,FAILED,FAILED,FAILED
1014502174151,422924207498,654885042059,108629,42017,3336,0,0,3336.000,467.38
1014502174151,422924207498,334251248172,65,40327,3336,0,0,3336.000,467.38
1014502174151,386539400731,687010416230,9866,39975,3336,0,0,3336.000,467.38
1014502174151,386539400731,285900445388,15,39351,3336,0,0,3336.000,467.38
1014502174151,244071292924,701722386719,25058,41308,3336,0,0,3336.000,467.38
1014502174151,244071292924,141374177649,38,40518,3336,0,0,3336.000,467.38
1014502174151,721621865395,175843120119,21161,40035,3336,0,0,3336.000,467.38
1014502174151,721621865395,629422929416,19,39683,3336,0,0,3336.000,467.38
1014502174151,125949000798,708530785241,6900,41410,3336,0,0,3336.000,467.38
1014502174151,125949000798,506407184584,48,40476,3336,0,0,3336.000,467.38
1014502174151,933851438457,309061297007,12145,40643,3336,0,0,3336.000,467.38
1014502174151,933851438457,519631861092,29,40600,3336,0,0,3336.000,467.38
1014502174151,539473489887,538440998182,149916,39643,3336,0,0,3336.000,467.38
1014502174151,539473489887,471700027758,39,39101,3336,0,0,3336.000,467.38
1014502174151,1004150835064,974442245057,34295,40643,3336,0,0,3336.000,467.38
1014502174151,1004150835064,538728959821,27,39851,3336,0,0,3336.000,467.38
1014502174151,511072414582,547656621517,15601,40809,3336,0,0,3336.000,467.38
1014502174151,511072414582,407750170858,32,40892,3336,0,0,3336.000,467.38
1014502174151,533988619621,709800154712,9774,41285,3336,0,0,3336.000,467.38
1014502174151,533988619621,491421370803,19,40852,3336,0,0,3336.000,467.38
1015130460781,675712572683,449537263338,91575,41558,3582,0,0,3582.000,1227.73
1015130460781,675712572683,983608941307,28,41660,3594,0,0,3594.000,1227.73
1015130460781,147464363968,815285600271,35863,41017,3552,0,0,3552.000,1227.73
1015130460781,147464363968,615977923143,25,41226,3576,0,0,3576.000,1227.73
1015130460781,263206022860,816628201561,162349,42701,3564,0,0,3564.000,1227.73
1015130460781,263206022860,116073001565,30,41393,3594,0,0,3594.000,1227.73
1015130460781,834764307275,892646692133,67617,42018,3582,0,0,3582.000,1227.73
1015130460781,834764307275,550002988528,30,41910,3582,0,0,3582.000,1227.73
1015130460781,595394248357,846753034634,51494,41892,3564,0,0,3564.000,1227.73
1015130460781,595394248357,154476863773,2,41393,3600,0,0,3600.000,1227.73
1015130460781,387888884983,560206008343,162755,41286,3564,0,0,3564.000,1227.73
1015130460781,387888884983,65533908567,21,41100,3546,0,0,3546.000,1227.73
1015130460781,128801491148,1001624146839,93509,79202,3552,0,0,3552.000,1227.73
1015130460781,128801491148,865857357729,72,77428,3552,0,0,3552.000,1227.73
1015130460781,721826827809,515191965707,137296,42160,3570,0,0,3570.000,1227.73
1015130460781,721826827809,604505068001,37,41143,3576,0,0,3576.000,1227.73
1015130460781,892147741650,11067071716,173152,42310,3606,0,0,3606.000,1227.73
1015130460781,892147741650,31946078783,30,41577,3564,0,0,3564.000,1227.73
1015130460781,623250789309,963500400038,95285,41810,3582,0,0,3582.000,1227.73
1015130460781,623250789309,28892071140,17,41035,3552,0,0,3552.000,1227.73
1019874006533,965567525143,754092290725,3987,41934,3540,0,0,3540.000,2410.29
1019874006533,965567525143,71731855309,28,41143,3528,0,0,3528.000,2410.29
1019874006533,1007648937465,207764526033,332486,41160,3486,0,0,3486.000,2410.29
1019874006533,1007648937465,853090891779,77,41226,3528,0,0,3528.000,2410.29
1019874006533,399839004742,942777128005,105666,78344,3492,0,0,3492.000,2410.29
1019874006533,399839004742,324734141753,78,76468,3492,0,0,3492.000,2410.29
1019874006533,587716264194,652903649504,136400,79719,3516,0,0,3516.000,2410.29
1019874006533,587716264194,270668666418,98,77261,3516,0,0,3516.000,2410.29
1019874006533,28590008227,298713523207,378560,84494,3540,0,0,3540.000,2410.29
1019874006533,28590008227,533990504223,74,76177,3528,0,0,3528.000,2410.29
1019874006533,801239098258,388627141442,83447,43017,3534,0,0,3534.000,2410.29
1019874006533,801239098258,417501993117,19,42160,3558,0,0,3558.000,2410.29
1019874006533,857728268339,273326084515,510162,42017,3492,0,0,3492.000,2410.29
1019874006533,857728268339,508712986122,45,41393,3498,0,0,3498.000,2410.29
1019874006533,906471634916,889942414202,404864,42726,3516,0,0,3516.000,2410.29
1019874006533,906471634916,738511040952,38,40702,3522,0,0,3522.000,2410.29
1019874006533,115184553657,614048190796,766,41351,3558,0,0,3558.000,2410.29
1019874006533,115184553657,92621881696,36,41660,3546,0,0,3546.000,2410.29
1019874006533,49682566769,402584900828,168791,42225,3522,0,0,3522.000,2410.29
1019874006533,49682566769,143640467894,47,42077,3534,0,0,3534.000,2410.29
1038005239429,379564690793,764772271160,23492,42600,3774,0,0,3774.000,1608.63
1038005239429,379564690793,969134863524,17,42661,3786,0,0,3786.000,1608.63
1038005239429,59324154446,651826418115,118292,42118,3738,0,0,3738.000,1608.63
1038005239429,59324154446,116715222010,42,41518,3786,0,0,3786.000,1608.63
1038005239429,981834874749,748224003433,52894,42851,3756,0,0,3756.000,1608.63
1038005239429,981834874749,434232252396,23,42244,3768,0,0,3768.000,1608.63
1038005239429,958443858375,794935142285,108306,42518,3774,0,0,3774.000,1608.63
1038005239429,958443858375,777997529724,17,41868,3798,0,0,3798.000,1608.63
1038005239429,138174948897,184468655641,5426,82678,3762,0,0,3762.000,1608.63
1038005239429,138174948897,825008848939,77,79243,3744,0,0,3744.000,1608.63
1038005239429,619657196694,641275305138,305980,82243,3768,0,0,3768.000,1608.63
1038005239429,619657196694,791245902541,112,80178,3774,0,0,3774.000,1608.63
1038005239429,511136081164,275986634705,144220,81553,3786,0,0,3786.000,1608.63
1038005239429,511136081164,61689801207,44,79636,3768,0,0,3768.000,1608.63
1038005239429,943063643654,185035649321,134877,42036,3780,0,0,3780.000,1608.63
1038005239429,943063643654,330969581036,8,41934,3756,0,0,3756.000,1608.63
1038005239429,172440451482,66962074820,104337,41744,3780,0,0,3780.000,1608.63
1038005239429,172440451482,452551362492,26,41435,3774,0,0,3774.000,1608.63
1038005239429,46642960359,508240066457,314254,42493,3756,0,0,3756.000,1608.63
1038005239429,46642960359,342554919172,38,42475,3792,0,0,3792.000,1608.63
1044844571921,FAILED,FAILED,FAILED,FAILED,FAILED,FAILED,FAILED,FAILED,FAILED
1048515943751,570101305978,274532543688,191426,41018,3288,0,0,3288.000,1408.43
1048515943751,570101305978,854583131069,42,40392,3288,0,0,3288.000,1408.43
1048515943751,1036576733996,561440861841,334164,41077,3288,0,0,3288.000,1408.43
1048515943751,1036576733996,599876973323,59,40726,3288,0,0,3288.000,1408.43
1048515943751,702758758322,377132778344,44738,40227,3288,0,0,3288.000,1408.43
1048515943751,702758758322,675545274989,49,39851,3288,0,0,3288.000,1408.43
1048515943751,578423562128,659823639878,180804,78411,3288,0,0,3288.000,1408.43
1048515943751,578423562128,216069841445,45,73802,3288,0,0,3288.000,1408.43
1048515943751,544589758604,898040293113,105356,40185,3288,0,0,3288.000,1408.43
1048515943751,544589758604,450846101004,53,40410,3288,0,0,3288.000,1408.43
1048515943751,623095970571,5974802926,269408,75328,3288,0,0,3288.000,1408.43
1048515943751,623095970571,906691276029,60,72593,3288,0,0,3288.000,1408.43
1048515943751,1017695683176,120590930286,59105,41268,3288,0,0,3288.000,1408.43
1048515943751,1017695683176,103372475337,38,40184,3288,0,0,3288.000,1408.43
1048515943751,885391484529,197756246181,29710,39976,3288,0,0,3288.000,1408.43
1048515943751,885391484529,975835011639,67,39892,3288,0,0,3288.000,1408.43
1048515943751,744470819634,530181515485,105192,40059,3288,0,0,3288.000,1408.43
1048515943751,744470819634,659200660167,35,39185,3288,0,0,3288.000,1408.43
1048515943751,695727473771,328964696363,51716,76760,3288,0,0,3288.000,1408.43
1048515943751,695727473771,724429782456,51,75619,3288,0,0,3288.000,1408.43
1057392853169,FAILED,FAILED,FAILED,FAILED,FAILED,FAILED,FAILED,FAILED,FAILED
1057516462489,FAILED,FAILED,FAILED,FAILED,FAILED,FAILED,FAILED,FAILED,FAILED
1059944031121,FAILED,FAILED,FAILED,FAILED,FAILED,FAILED,FAILED,FAILED,FAILED
1078217872051,1021652706449,222150587630,74743,41559,3384,0,0,3384.000,1350.15
1078217872051,1021652706449,42258506327,38,40702,3384,0,0,3384.000,1350.15
1078217872051,951234291204,841354592080,532806,41518,3384,0,0,3384.000,1350.15
1078217872051,951234291204,849929557151,49,40410,3384,0,0,3384.000,1350.15
1078217872051,447075556397,772149225119,48576,40160,3384,0,0,3384.000,1350.15
1078217872051,447075556397,722545167979,44,40060,3384,0,0,3384.000,1350.15
1078217872051,1028853005129,389864045077,10991,41350,3384,0,0,3384.000,1350.15
1078217872051,1028853005129,683720612730,43,40726,3384,0,0,3384.000,1350.15
1078217872051,132517440980,283673424795,34976,77136,3384,0,0,3384.000,1350.15
1078217872051,132517440980,202955122413,96,74327,3384,0,0,3384.000,1350.15
1078217872051,518161683610,955256840943,82322,40768,3384,0,0,3384.000,1350.15
1078217872051,518161683610,665614197957,26,40642,3384,0,0,3384.000,1350.15
1078217872051,1067709892313,24330001147,384537,41268,3384,0,0,3384.000,1350.15
1078217872051,1067709892313,347093173193,17,40559,3384,0,0,3384.000,1350.15
1078217872051,966852036008,839175072208,14104,41933,3384,0,0,3384.000,1350.15
1078217872051,966852036008,758722052738,46,40327,3384,0,0,3384.000,1350.15
1078217872051,20754028479,381878768020,90085,40059,3384,0,0,3384.000,1350.15
1078217872051,20754028479,586864451052,23,40160,3384,0,0,3384.000,1350.15
1078217872051,999826813632,338272126485,36896,40309,3384,0,0,3384.000,1350.15
1078217872051,999826813632,465005965960,33,40851,3384,0,0,3384.000,1350.15
1080245914037,127486324002,287861773867,121628,41868,3594,0,0,3594.000,2668.50
1080245914037,127486324002,105032821809,17,41809,3588,0,0,3588.000,2668.50
1080245914037,176263207892,607274677806,552338,42392,3552,0,0,3552.000,2668.50
1080245914037,176263207892,208826626864,29,41827,3558,0,0,3558.000,2668.50
1080245914037,298004582119,210061311826,253584,41410,3570,0,0,3570.000,2668.50
1080245914037,298004582119,666261717735,25,41309,3576,0,0,3576.000,2668.50
1080245914037,493549381030,275268926402,86109,42036,3582,0,0,3582.000,2668.50
1080245914037,493549381030,592687391427,9,41726,3588,0,0,3588.000,2668.50
1080245914037,19364019733,1020240211906,52280,42808,3612,0,0,3612.000,2668.50
1080245914037,19364019733,543515922206,11,41852,3582,0,0,3582.000,2668.50
1080245914037,857359147921,1029154406397,429392,78803,3594,0,0,3594.000,2668.50
1080245914037,857359147921,162438993130,82,77035,3570,0,0,3570.000,2668.50
1080245914037,692009413527,642749054127,39496,42328,3540,0,0,3540.000,2668.50
1080245914037,692009413527,707392478512,15,42100,3576,0,0,3576.000,2668.50
1080245914037,906547417754,27095995591,210170,78785,3564,0,0,3564.000,2668.50
1080245914037,906547417754,1048504209021,43,77137,3576,0,0,3576.000,2668.50
1080245914037,874970479333,188887178908,484863,42326,3564,0,0,3564.000,2668.50
1080245914037,874970479333,935160125089,19,41601,3570,0,0,3570.000,2668.50
1080245914037,565742779684,1072405766529,55819,41392,3552,0,0,3552.000,2668.50
1080245914037,565742779684,408270815500,30,41393,3576,0,0,3576.000,2668.50
1083198060391,35677703446,634021841060,21763,41369,3480,0,0,3480.000,1194.92
1083198060391,35677703446,1014157932499,44,40392,3480,0,0,3480.000,1194.92
1083198060391,718580883134,73268357698,201274,41227,3480,0,0,3480.000,1194.92
1083198060391,718580883134,41230659497,36,40850,3480,0,0,3480.000,1194.92
1083198060391,831431216835,901020502858,270561,41685,3480,0,0,3480.000,1194.92
1083198060391,831431216835,1043790825058,45,40601,3480,0,0,3480.000,1194.92
1083198060391,594551992478,997562882742,223669,41934,3480,0,0,3480.000,1194.92
1083198060391,594551992478,133171536744,12,40743,3480,0,0,3480.000,1194.92
1083198060391,926638233180,1061051074069,8163,40933,3480,0,0,3480.000,1194.92
1083198060391,926638233180,750487400725,50,41076,3480,0,0,3480.000,1194.92
1083198060391,1037651874489,986433104017,118883,78178,3480,0,0,3480.000,1194.92
1083198060391,1037651874489,544180164856,63,76720,3480,0,0,3480.000,1194.92
1083198060391,420379432661,688811954209,141082,40701,3480,0,0,3480.000,1194.92
1083198060391,420379432661,244486990259,31,39893,3480,0,0,3480.000,1194.92
1083198060391,143556574968,34026920462,36839,40077,3480,0,0,3480.000,1194.92
1083198060391,143556574968,529836436342,54,40143,3480,0,0,3480.000,1194.92
1083198060391,928416150569,990019527798,122522,41059,3480,0,0,3480.000,1194.92
1083198060391,928416150569,118755278460,40,40493,3480,0,0,3480.000,1194.92
1083198060391,694352050299,716905916867,22426,40808,3480,0,0,3480.000,1194.92
1083198060391,694352050299,126590203233,17,39935,3480,0,0,3480.000,1194.92
1084783206539,1047144452987,194577442447,6583,40850,3240,0,0,3240.000,1408.99
1084783206539,1047144452987,238582022805,51,40310,3240,0,0,3240.000,1408.99
1084783206539,950174147013,1043813678027,65266,40352,3240,0,0,3240.000,1408.99
1084783206539,950174147013,828396403960,41,39808,3240,0,0,3240.000,1408.99
1084783206539,722107701906,450306432972,58846,40285,3240,0,0,3240.000,1408.99
1084783206539,722107701906,305920586029,18,39351,3240,0,0,3240.000,1408.99
1084783206539,154487334343,575420857130,478358,40851,3240,0,0,3240.000,1408.99
1084783206539,154487334343,284663960846,46,40243,3240,0,0,3240.000,1408.99
1084783206539,868885567437,409507558336,91483,40642,3240,0,0,3240.000,1408.99
1084783206539,868885567437,575985889109,43,40476,3240,0,0,3240.000,1408.99
1084783206539,1033811722456,74203355143,49782,40392,3240,0,0,3240.000,1408.99
1084783206539,1033811722456,675287185123,22,40310,3240,0,0,3240.000,1408.99
1084783206539,645931660665,951662812791,153101,39951,3240,0,0,3240.000,1408.99
1084783206539,645931660665,610288565319,44,39767,3240,0,0,3240.000,1408.99
1084783206539,439380041236,296767228273,250528,41809,3240,0,0,3240.000,1408.99
1084783206539,439380041236,425722653400,25,41660,3240,0,0,3240.000,1408.99
1084783206539,1042067497959,180083156254,102649,41060,3240,0,0,3240.000,1408.99
1084783206539,1042067497959,915108267817,41,40310,3240,0,0,3240.000,1408.99
1084783206539,739765773901,499714825272,25488,76011,3240,0,0,3240.000,1408.99
1084783206539,739765773901,621748103550,35,74577,3240,0,0,3240.000,1408.99
1085163919579,424690363800,319153238273,127134,41518,3528,0,0,3528.000,1921.45
1085163919579,424690363800,1072735577285,16,40369,3528,0,0,3528.000,1921.45
1085163919579,324503128829,634648762412,111722,41268,3528,0,0,3528.000,1921.45
1085163919579,324503128829,550317789809,17,40619,3528,0,0,3528.000,1921.45
1085163919579,701535708590,799722883574,40865,41684,3528,0,0,3528.000,1921.45
1085163919579,701535708590,814127519405,58,40768,3528,0,0,3528.000,1921.45
1085163919579,358054400122,209787005060,9428,41101,3528,0,0,3528.000,1921.45
1085163919579,358054400122,1076390900353,72,41201,3528,0,0,3528.000,1921.45
1085163919579,555403163933,993189163401,93057,41726,3528,0,0,3528.000,1921.45
1085163919579,555403163933,856244092966,35,40785,3528,0,0,3528.000,1921.45
1085163919579,574413406968,258834430003,2888,40560,3528,0,0,3528.000,1921.45
1085163919579,574413406968,452929116938,53,40410,3528,0,0,3528.000,1921.45
1085163919579,66324957486,549896202141,698638,41785,3528,0,0,3528.000,1921.45
1085163919579,66324957486,212652737590,18,40977,3528,0,0,3528.000,1921.45
1085163919579,501760639228,1040634826723,187686,41142,3528,0,0,3528.000,1921.45
1085163919579,501760639228,218304357257,60,40810,3528,0,0,3528.000,1921.45
1085163919579,286918856775,284711962214,401648,41768,3528,0,0,3528.000,1921.45
1085163919579,286918856775,429417523646,45,40392,3528,0,0,3528.000,1921.45
1085163919579,248315212015,608762642690,94734,40910,3528,0,0,3528.000,1921.45
1085163919579,248315212015,703191664593,29,40893,3528,0,0,3528.000,1921.45
1087499030557,820001127093,280016284041,55922,41434,3582,0,0,3582.000,774.70
1087499030557,820001127093,810412285503,31,41310,3570,0,0,3570.000,774.70
1087499030557,168522765445,353144919025,58245,79201,3576,0,0,3576.000,774.70
1087499030557,168522765445,153481859249,26,76844,3582,0,0,3582.000,774.70
1087499030557,978644046315,333617558581,121781,42017,3570,0,0,3570.000,774.70
1087499030557,978644046315,1000657433645,1,41620,3570,0,0,3570.000,774.70
1087499030557,168073585745,422568127549,9283,41743,3576,0,0,3576.000,774.70
1087499030557,168073585745,689301062501,23,42142,3570,0,0,3570.000,774.70
1087499030557,452819573873,160806149939,21819,42452,3582,0,0,3582.000,774.70
1087499030557,452819573873,833295663925,39,41558,3552,0,0,3552.000,774.70
1087499030557,1045715530475,40406655087,102062,41827,3552,0,0,3552.000,774.70
1087499030557,1045715530475,234405135381,50,41476,3576,0,0,3576.000,774.70
1087499030557,947987462651,1078552761478,78948,41892,3582,0,0,3582.000,774.70
1087499030557,947987462651,85804895255,30,41977,3582,0,0,3582.000,774.70
1087499030557,560649116447,475716302881,133136,41726,3546,0,0,3546.000,774.70
1087499030557,560649116447,189683829573,35,41183,3570,0,0,3570.000,774.70
1087499030557,157920163830,146643312327,34155,41618,3552,0,0,3552.000,774.70
1087499030557,157920163830,645315876190,28,41226,3570,0,0,3570.000,774.70
1087499030557,669715856252,961372445039,50208,42101,3612,0,0,3612.000,774.70
1087499030557,669715856252,665868918968,10,41452,3594,0,0,3594.000,774.70
1087645890553,FAILED,FAILED,FAILED,FAILED,FAILED,FAILED,FAILED,FAILED,FAILED
1089507575857,FAILED,FAILED,FAILED,FAILED,FAILED,FAILED,FAILED,FAILED,FAILED
1093422634561,FAILED,FAILED,FAILED,FAILED,FAILED,FAILED,FAILED,FAILED,FAILED
1094879025073,FAILED,FAILED,FAILED,FAILED,FAILED,FAILED,FAILED,FAILED,FAILED
1096684938367,266445394471,750427975583,83078,42993,3492,0,0,3492.000,1971.11
1096684938367,266445394471,593062597319,36,42602,3492,0,0,3492.000,1971.11
1096684938367,898981700936,486485080281,99302,42850,3492,0,0,3492.000,1971.11
1096684938367,898981700936,253649713301,39,41994,3492,0,0,3492.000,1971.11
1096684938367,213533639679,29211361732,43008,43226,3492,0,0,3492.000,1971.11
1096684938367,213533639679,854204598563,34,42476,3492,0,0,3492.000,1971.11
1096684938367,937778354160,986178892740,314806,42976,3492,0,0,3492.000,1971.11
1096684938367,937778354160,639348489698,45,42102,3492,0,0,3492.000,1971.11
1096684938367,284301953078,189124806687,611765,44452,3492,0,0,3492.000,1971.11
1096684938367,284301953078,688328117608,22,43602,3492,0,0,3492.000,1971.11
1096684938367,91819430631,181647875148,7920,43578,3492,0,0,3492.000,1971.11
1096684938367,91819430631,261150352473,58,42350,3492,0,0,3492.000,1971.11
1096684938367,340080151953,320422963544,30842,43518,3492,0,0,3492.000,1971.11
1096684938367,340080151953,809403207797,23,43244,3492,0,0,3492.000,1971.11
1096684938367,627600724779,684612815014,294358,42892,3492,0,0,3492.000,1971.11
1096684938367,627600724779,22509847131,42,41952,3492,0,0,3492.000,1971.11
1096684938367,495109916248,944836481253,92079,43309,3492,0,0,3492.000,1971.11
1096684938367,495109916248,567710652546,39,42351,3492,0,0,3492.000,1971.11
1096684938367,165559112461,706698564137,29430,43975,3492,0,0,3492.000,1971.11
1096684938367,165559112461,572570560378,17,42910,3492,0,0,3492.000,1971.11
1099124115827,297846835834,918658636249,120794,43517,3798,0,0,3798.000,2438.03
1099124115827,297846835834,225709904536,19,42702,3798,0,0,3798.000,2438.03
1099124115827,385842111430,176131006334,224906,43226,3798,0,0,3798.000,2438.03
1099124115827,385842111430,879430752771,31,42785,3798,0,0,3798.000,2438.03
1099124115827,239126868383,993801273579,750678,44643,3798,0,0,3798.000,2438.03
1099124115827,239126868383,229697499091,38,43368,3798,0,0,3798.000,2438.03
1099124115827,706974853849,67507611910,46328,43350,3798,0,0,3798.000,2438.03
1099124115827,706974853849,962675591386,39,42661,3798,0,0,3798.000,2438.03
1099124115827,145460593235,886199959343,10652,44477,3798,0,0,3798.000,2438.03
1099124115827,145460593235,485364952486,27,43244,3798,0,0,3798.000,2438.03
1099124115827,995065439624,165743672294,596011,44142,3798,0,0,3798.000,2438.03
1099124115827,995065439624,328003394812,67,43869,3798,0,0,3798.000,2438.03
1099124115827,303663304998,616506289882,219505,43743,3798,0,0,3798.000,2438.03
1099124115827,303663304998,110806819349,36,43434,3798,0,0,3798.000,2438.03
1099124115827,1051758391016,53935396410,14700,43618,3798,0,0,3798.000,2438.03
1099124115827,1051758391016,748356444162,21,42768,3798,0,0,3798.000,2438.03
1099124115827,726212193441,1058303783623,62531,43350,3798,0,0,3798.000,2438.03
1099124115827,726212193441,1042956831421,35,42935,3798,0,0,3798.000,2438.03
1099124115827,295172723836,976663631771,70761,43892,3798,0,0,3798.000,2438.03
1099124115827,295172723836,1033719233906,20,43451,3798,0,0,3798.000,2438.03
1101412781263,775612980922,509922064374,108148,78011,3339,0,0,3339.000,1507.59
1101412781263,775612980922,808071354219,55,75910,3339,0,0,3339.000,1507.59
1101412781263,378958376732,281076859642,190725,41702,3339,0,0,3339.000,1507.59
1101412781263,378958376732,212671163244,24,42017,3339,0,0,3339.000,1507.59
1101412781263,99348170751,22558154937,339630,42225,3339,0,0,3339.000,1507.59
1101412781263,99348170751,701049228849,39,42310,3339,0,0,3339.000,1507.59
1101412781263,993375967012,584304958151,44560,42244,3339,0,0,3339.000,1507.59
1101412781263,993375967012,1021610684368,9,41976,3339,0,0,3339.000,1507.59
1101412781263,397414565405,486247275186,14185,78635,3339,0,0,3339.000,1507.59
1101412781263,397414565405,665258952311,50,76786,3339,0,0,3339.000,1507.59
1101412781263,1024226027352,862977159416,345910,42911,3339,0,0,3339.000,1507.59
1101412781263,1024226027352,360729806943,46,42683,3339,0,0,3339.000,1507.59
1101412781263,211567130242,230896252309,14724,43076,3339,0,0,3339.000,1507.59
1101412781263,211567130242,550471577750,51,42642,3339,0,0,3339.000,1507.59
1101412781263,1082094444949,292044471987,128692,42892,3339,0,0,3339.000,1507.59
1101412781263,1082094444949,188610785727,37,42726,3339,0,0,3339.000,1507.59
1101412781263,624334967335,867496517333,155375,42809,3339,0,0,3339.000,1507.59
1101412781263,624334967335,81370771987,22,42369,3339,0,0,3339.000,1507.59
1101412781263,116737141528,709496468300,61698,41493,3339,0,0,3339.000,1507.59
1101412781263,116737141528,197827452344,56,41935,3339,0,0,3339.000,1507.59
1107145584697,FAILED,FAILED,FAILED,FAILED,FAILED,FAILED,FAILED,FAILED,FAILED
1122011035241,FAILED,FAILED,FAILED,FAILED,FAILED,FAILED,FAILED,FAILED,FAILED
1122962766259,974553778809,527291965593,277426,43226,3798,0,0,3798.000,3317.55
1122962766259,974553778809,268650280203,29,43660,3798,0,0,3798.000,3317.55
1122962766259,940673188452,972869901365,140089,44308,3798,0,0,3798.000,3317.55
1122962766259,940673188452,858412137027,23,43619,3798,0,0,3798.000,3317.55
1122962766259,999836283022,39383189904,71810,42952,3798,0,0,3798.000,3317.55
1122962766259,999836283022,553133657183,50,42975,3798,0,0,3798.000,3317.55
1122962766259,1539482806,1069776759031,256743,43559,3798,0,0,3798.000,3317.55
1122962766259,1539482806,141612464376,28,42952,3798,0,0,3798.000,3317.55
1122962766259,661228865140,654867226648,100728,43851,3798,0,0,3798.000,3317.55
1122962766259,661228865140,1067600144315,37,43702,3798,0,0,3798.000,3317.55
1122962766259,44181813489,636807369210,860654,46410,3798,0,0,3798.000,3317.55
1122962766259,44181813489,741228344217,22,46203,3798,0,0,3798.000,3317.55
1122962766259,923512818117,414955164997,113424,44952,3798,0,0,3798.000,3317.55
1122962766259,923512818117,883349171654,17,44893,3798,0,0,3798.000,3317.55
1122962766259,545566415344,293205873680,163392,44351,3798,0,0,3798.000,3317.55
1122962766259,545566415344,741987894731,54,43826,3798,0,0,3798.000,3317.55
1122962766259,968490926067,398133853385,122485,46100,3798,0,0,3798.000,3317.55
1122962766259,968490926067,595563369564,22,45785,3798,0,0,3798.000,3317.55
1122962766259,607919238323,936256012703,593003,44977,3798,0,0,3798.000,3317.55
1122962766259,607919238323,704412571489,20,43910,3798,0,0,3798.000,3317.55
1132054454207,275162083883,950263281729,1014479,44203,3594,0,0,3594.000,3566.13
1132054454207,275162083883,947849209690,58,43642,3594,0,0,3594.000,3566.13
1132054454207,740421690045,341392334025,353441,44493,3594,0,0,3594.000,3566.13
1132054454207,740421690045,1062888084708,37,44476,3594,0,0,3594.000,3566.13
1132054454207,760147843488,611721885537,50362,45952,3594,0,0,3594.000,3566.13
1132054454207,760147843488,94153135218,62,46643,3594,0,0,3594.000,3566.13
1132054454207,543251529319,550114476744,332342,44660,3594,0,0,3594.000,3566.13
1132054454207,543251529319,755593243486,45,44226,3594,0,0,3594.000,3566.13
1132054454207,1065525066271,650134489927,209672,45351,3594,0,0,3594.000,3566.13
1132054454207,1065525066271,338410828706,47,45410,3594,0,0,3594.000,3566.13
1132054454207,754072674423,1117676698475,25982,45868,3594,0,0,3594.000,3566.13
1132054454207,754072674423,626218875301,22,45559,3594,0,0,3594.000,3566.13
1132054454207,663691430150,774080113067,90567,46452,3594,0,0,3594.000,3566.13
1132054454207,663691430150,649727105206,27,45975,3594,0,0,3594.000,3566.13
1132054454207,1120114938641,712255691198,391663,45183,3594,0,0,3594.000,3566.13
1132054454207,1120114938641,576216324005,26,44244,3594,0,0,3594.000,3566.13
1132054454207,685421395463,1088849088386,282588,80845,3594,0,0,3594.000,3566.13
1132054454207,685421395463,426997802519,112,79160,3594,0,0,3594.000,3566.13
1132054454207,163866065294,701785499463,351994,43827,3594,0,0,3594.000,3566.13
1132054454207,163866065294,683625647812,54,43684,3594,0,0,3594.000,3566.13
1132331407783,1005916169906,111304834452,196544,43702,3492,0,0,3492.000,2535.56
1132331407783,1005916169906,382693064581,21,42935,3492,0,0,3492.000,2535.56
1132331407783,362438886704,729082509637,197778,46143,3492,0,0,3492.000,2535.56
1132331407783,362438886704,66284071430,57,45202,3492,0,0,3492.000,2535.56
1132331407783,440655351789,271282490402,795885,44202,3492,0,0,3492.000,2535.56
1132331407783,440655351789,55727329943,38,43517,3492,0,0,3492.000,2535.56
1132331407783,691285049148,239654072318,210446,80303,3492,0,0,3492.000,2535.56
1132331407783,691285049148,1042940568096,64,78576,3492,0,0,3492.000,2535.56
1132331407783,276966541683,439291553652,203668,46017,3492,0,0,3492.000,2535.56
1132331407783,276966541683,1002431173972,21,45660,3492,0,0,3492.000,2535.56
1132331407783,42692658417,414414921340,24086,45726,3492,0,0,3492.000,2535.56
1132331407783,42692658417,726837277229,66,45827,3492,0,0,3492.000,2535.56
1132331407783,233598658990,121102433585,279836,43702,3492,0,0,3492.000,2535.56
1132331407783,233598658990,115706887192,35,43185,3492,0,0,3492.000,2535.56
1132331407783,122643420915,333589941732,976,44660,3492,0,0,3492.000,2535.56
1132331407783,122643420915,577073340685,42,43559,3492,0,0,3492.000,2535.56
1132331407783,1026636178866,694901227243,138700,43809,3492,0,0,3492.000,2535.56
1132331407783,1026636178866,28949394140,14,43452,3492,0,0,3492.000,2535.56
1132331407783,580563388184,848383231575,56979,46226,3492,0,0,3492.000,2535.56
1132331407783,580563388184,623573412658,19,45368,3492,0,0,3492.000,2535.56
1136481939877,633650884238,542671810566,949677,46286,3633,0,0,3633.000,5626.25
1136481939877,633650884238,805105888764,17,46725,3639,0,0,3639.000,5626.25
1136481939877,974008726804,819724171939,215557,45226,3609,0,0,3609.000,5626.25
1136481939877,974008726804,163798875707,56,44993,3651,0,0,3651.000,5626.25
1136481939877,23001458368,300973668587,227707,45785,3639,0,0,3639.000,5626.25
1136481939877,23001458368,666894006283,7,44893,3609,0,0,3609.000,5626.25
1136481939877,598244426186,230083728781,524995,45601,3675,0,0,3675.000,5626.25
1136481939877,598244426186,390106540775,52,44827,3633,0,0,3633.000,5626.25
1136481939877,337010054399,1021801815307,729046,46160,3657,0,0,3657.000,5626.25
1136481939877,337010054399,1054592325845,15,44809,3645,0,0,3645.000,5626.25
1136481939877,957025524374,365365066873,799508,46535,3669,0,0,3669.000,5626.25
1136481939877,957025524374,817113470482,69,45477,3633,0,0,3633.000,5626.25
1136481939877,721338718783,686074501867,222081,47352,3627,0,0,3627.000,5626.25
1136481939877,721338718783,419635029936,36,46910,3651,0,0,3651.000,5626.25
1136481939877,879733001419,748075571470,339537,44976,3663,0,0,3663.000,5626.25
1136481939877,879733001419,779815952129,39,44993,3645,0,0,3645.000,5626.25
1136481939877,740468090971,593043987695,186494,47309,3633,0,0,3633.000,5626.25
1136481939877,740468090971,976468464404,10,47077,3657,0,0,3657.000,5626.25
1136481939877,525703153070,705389400936,277980,45494,3639,0,0,3639.000,5626.25
1136481939877,525703153070,288960899098,20,44933,3621,0,0,3621.000,5626.25
1136793441419,748396853961,800020713336,400079,43560,3492,0,0,3492.000,4356.20
1136793441419,748396853961,135729903382,68,43869,3492,0,0,3492.000,4356.20
1136793441419,606714926661,57219979320,76464,43184,3492,0,0,3492.000,4356.20
1136793441419,606714926661,175645615835,54,42726,3492,0,0,3492.000,4356.20
1136793441419,883698279199,606412346369,1021227,44243,3492,0,0,3492.000,4356.20
1136793441419,883698279199,665423596577,57,44768,3492,0,0,3492.000,4356.20
1136793441419,100882913338,1060927463739,49716,44060,3492,0,0,3492.000,4356.20
1136793441419,100882913338,997143594266,47,43910,3492,0,0,3492.000,4356.20
1136793441419,1012925222454,213513155907,669714,44142,3492,0,0,3492.000,4356.20
1136793441419,1012925222454,99491500336,20,43243,3492,0,0,3492.000,4356.20
1136793441419,465281223932,779621452523,116166,43893,3492,0,0,3492.000,4356.20
1136793441419,465281223932,107763605736,27,43517,3492,0,0,3492.000,4356.20
1136793441419,973120212142,518686970797,893139,44309,3492,0,0,3492.000,4356.20
1136793441419,973120212142,1003788994914,63,43702,3492,0,0,3492.000,4356.20
1136793441419,935782702582,736227543873,64143,43850,3492,0,0,3492.000,4356.20
1136793441419,935782702582,1079463472176,25,43285,3492,0,0,3492.000,4356.20
1136793441419,230641680530,551596679009,74163,43743,3492,0,0,3492.000,4356.20
1136793441419,230641680530,947242966770,59,43310,3492,0,0,3492.000,4356.20
1136793441419,841292951771,402608359660,271389,45142,3492,0,0,3492.000,4356.20
1136793441419,841292951771,257378340520,15,45119,3492,0,0,3492.000,4356.20
1141536242243,297810356054,636122355559,831651,79887,3543,0,0,3543.000,3891.06
1141536242243,297810356054,299003584683,55,78118,3543,0,0,3543.000,3891.06
1141536242243,506970138015,866390297970,12269,44618,3543,0,0,3543.000,3891.06
1141536242243,506970138015,627825097620,42,43684,3543,0,0,3543.000,3891.06
1141536242243,163946075273,97588424871,1093516,43869,3543,0,0,3543.000,3891.06
1141536242243,163946075273,520663476993,34,43809,3543,0,0,3543.000,3891.06
1141536242243,320492471958,514285195839,548418,45494,3543,0,0,3543.000,3891.06
1141536242243,320492471958,404511295535,47,44268,3543,0,0,3543.000,3891.06
1141536242243,1072015031761,195775622942,334962,45326,3543,0,0,3543.000,3891.06
1141536242243,1072015031761,518282227796,23,43934,3543,0,0,3543.000,3891.06
1141536242243,923584886253,617464739956,241535,71744,3543,0,0,3543.000,3891.06
1141536242243,923584886253,375573744931,133,78969,3543,0,0,3543.000,3891.06
1141536242243,809521649491,59434131328,193594,44517,3543,0,0,3543.000,3891.06
1141536242243,809521649491,725246026614,31,44243,3543,0,0,3543.000,3891.06
1141536242243,212572705585,329479449168,59698,79885,3543,0,0,3543.000,3891.06
1141536242243,212572705585,83024939945,94,77803,3543,0,0,3543.000,3891.06
1141536242243,337262466915,297363541883,10317,44494,3543,0,0,3543.000,3891.06
1141536242243,337262466915,111602635640,38,43935,3543,0,0,3543.000,3891.06
1141536242243,577034478443,574039462188,27050,44201,3543,0,0,3543.000,3891.06
1141536242243,577034478443,514110264462,20,43768,3543,0,0,3543.000,3891.06
1143936944671,201594524624,322248097818,113599,43810,3492,0,0,3492.000,1978.91
1143936944671,201594524624,589008006585,46,43392,3492,0,0,3492.000,1978.91
1143936944671,150612461496,425376106284,187905,42434,3492,0,0,3492.000,1978.91
1143936944671,150612461496,1116461186111,31,42619,3492,0,0,3492.000,1978.91
1143936944671,465548266350,980115877406,179029,43600,3492,0,0,3492.000,1978.91
1143936944671,465548266350,312781605504,34,43243,3492,0,0,3492.000,1978.91
1143936944671,419368574614,534160150021,685583,43827,3492,0,0,3492.000,1978.91
1143936944671,419368574614,160287252080,53,43726,3492,0,0,3492.000,1978.91
1143936944671,42583469338,515102970130,65092,45018,3492,0,0,3492.000,1978.91
1143936944671,42583469338,319034877313,47,44035,3492,0,0,3492.000,1978.91
1143936944671,717462961303,181957841924,50846,80078,3492,0,0,3492.000,1978.91
1143936944671,717462961303,513002863839,129,77177,3492,0,0,3492.000,1978.91
1143936944671,501981906558,1112213686162,284461,46868,3492,0,0,3492.000,1978.91
1143936944671,501981906558,163481814138,40,45893,3492,0,0,3492.000,1978.91
1143936944671,923654203763,308732673102,76664,79410,3492,0,0,3492.000,1978.91
1143936944671,923654203763,139819031543,49,76970,3492,0,0,3492.000,1978.91
1143936944671,275516909629,391573178012,25582,46102,3492,0,0,3492.000,1978.91
1143936944671,275516909629,419075697165,9,46201,3492,0,0,3492.000,1978.91
1143936944671,170601073818,871671235649,26442,44077,3492,0,0,3492.000,1978.91
1143936944671,170601073818,1108529085295,35,43601,3492,0,0,3492.000,1978.91
1149220875193,FAILED,FAILED,FAILED,FAILED,FAILED,FAILED,FAILED,FAILED,FAILED
1149244409597,575671288634,1056770717376,374567,46078,3498,0,0,3498.000,3211.92
1149244409597,575671288634,1039805313131,33,44600,3492,0,0,3492.000,3211.92
1149244409597,817290736337,673386488359,13891,45202,3474,0,0,3474.000,3211.92
1149244409597,817290736337,4362424234,72,44976,3468,0,0,3468.000,3211.92
1149244409597,981844350348,893465114536,178008,45142,3498,0,0,3498.000,3211.92
1149244409597,981844350348,893959324346,48,44285,3480,0,0,3480.000,3211.92
1149244409597,20477268633,974503715864,23759,45618,3486,0,0,3486.000,3211.92
1149244409597,20477268633,527439270192,40,44643,3498,0,0,3498.000,3211.92
1149244409597,586714362316,1052598950459,400772,45285,3480,0,0,3480.000,3211.92
1149244409597,586714362316,440314307986,24,44643,3486,0,0,3486.000,3211.92
1149244409597,980498610493,325495705789,329898,44952,3474,0,0,3474.000,3211.92
1149244409597,980498610493,591840065151,14,44350,3498,0,0,3498.000,3211.92
1149244409597,899223891507,1131096390705,224730,45618,3474,0,0,3474.000,3211.92
1149244409597,899223891507,256172529056,50,44810,3504,0,0,3504.000,3211.92
1149244409597,610460566571,739445290404,161610,46993,3498,0,0,3498.000,3211.92
1149244409597,610460566571,399839811150,33,46435,3534,0,0,3534.000,3211.92
1149244409597,154102634954,928315206488,283817,45660,3492,0,0,3492.000,3211.92
1149244409597,154102634954,923722875552,45,44975,3492,0,0,3492.000,3211.92
1149244409597,232917311340,1030952956327,544915,44785,3480,0,0,3480.000,3211.92
1149244409597,232917311340,203739895922,47,44685,3468,0,0,3468.000,3211.92
1161151303517,236378757200,680914618869,158428,44994,3615,0,0,3615.000,1455.98
1161151303517,236378757200,178594755754,22,45267,3657,0,0,3657.000,1455.98
1161151303517,431025491377,1133742500157,116765,47142,3621,0,0,3621.000,1455.98
1161151303517,431025491377,13928312283,35,46203,3633,0,0,3633.000,1455.98
1161151303517,875687077641,838912081492,356476,46684,3669,0,0,3669.000,1455.98
1161151303517,875687077641,288627761167,28,45660,3663,0,0,3663.000,1455.98
1161151303517,912637571682,570326415975,174326,47352,3639,0,0,3639.000,1455.98
1161151303517,912637571682,703271321595,22,46327,3657,0,0,3657.000,1455.98
1161151303517,549017652361,112889664969,12536,45118,3627,0,0,3627.000,1455.98
1161151303517,549017652361,36399900918,26,45101,3657,0,0,3657.000,1455.98
1161151303517,573323961403,111991028896,24806,80761,3633,0,0,3633.000,1455.98
1161151303517,573323961403,399409071995,41,79136,3639,0,0,3639.000,1455.98
1161151303517,835533937881,59998072512,48070,46185,3639,0,0,3639.000,1455.98
1161151303517,835533937881,549325818664,47,44993,3633,0,0,3633.000,1455.98
1161151303517,1035343901192,942497474640,84090,46160,3639,0,0,3639.000,1455.98
1161151303517,1035343901192,80112199247,42,47076,3663,0,0,3663.000,1455.98
1161151303517,1118008168658,78360594126,41378,82470,3645,0,0,3645.000,1455.98
1161151303517,1118008168658,476258411044,84,80035,3633,0,0,3633.000,1455.98
1161151303517,568398286742,911881431668,185232,44953,3633,0,0,3633.000,1455.98
1161151303517,568398286742,282022498388,23,44892,3639,0,0,3639.000,1455.98
1166018686939,1081866194715,686043152009,409198,44952,3747,0,0,3747.000,5314.28
1166018686939,1081866194715,868397159789,29,44601,3747,0,0,3747.000,5314.28
1166018686939,548447885132,1131541738176,640804,46892,3747,0,0,3747.000,5314.28
1166018686939,548447885132,320162422813,59,46452,3747,0,0,3747.000,5314.28
1166018686939,370959967097,642140642924,285674,43601,3747,0,0,3747.000,5314.28
1166018686939,370959967097,210522727373,28,43827,3747,0,0,3747.000,5314.28
1166018686939,713070890352,670979962987,747354,45243,3747,0,0,3747.000,5314.28
1166018686939,713070890352,287007442842,21,44100,3747,0,0,3747.000,5314.28
1166018686939,115321374402,930299895482,51791,44100,3747,0,0,3747.000,5314.28
1166018686939,115321374402,436580148640,19,43826,3747,0,0,3747.000,5314.28
1166018686939,128866203582,37589834110,966095,45577,3747,0,0,3747.000,5314.28
1166018686939,128866203582,913710417845,31,44308,3747,0,0,3747.000,5314.28
1166018686939,1134593723112,367268090504,87936,44868,3747,0,0,3747.000,5314.28
1166018686939,1134593723112,217646649051,37,44351,3747,0,0,3747.000,5314.28
1166018686939,815862961592,762910491339,635521,46060,3747,0,0,3747.000,5314.28
1166018686939,815862961592,371531528244,10,44452,3747,0,0,3747.000,5314.28
1166018686939,190967770791,525581896295,16975,44935,3747,0,0,3747.000,5314.28
1166018686939,190967770791,364096498627,20,43910,3747,0,0,3747.000,5314.28
1166018686939,22631959979,563492050383,494842,44535,3747,0,0,3747.000,5314.28
1166018686939,22631959979,892849565754,29,44018,3747,0,0,3747.000,5314.28
1167513259487,67477557671,1060269352942,439089,45368,3696,0,0,3696.000,1462.18
1167513259487,67477557671,942566904883,15,44226,3696,0,0,3696.000,1462.18
1167513259487,618385028298,373246044178,59843,44785,3696,0,0,3696.000,1462.18
1167513259487,618385028298,386267780699,47,44643,3696,0,0,3696.000,1462.18
1167513259487,645120089125,954819314793,75582,44768,3696,0,0,3696.000,1462.18
1167513259487,645120089125,736711322442,33,44202,3696,0,0,3696.000,1462.18
1167513259487,195002019922,1053415797368,174920,45768,3696,0,0,3696.000,1462.18
1167513259487,195002019922,264091942132,39,45452,3696,0,0,3696.000,1462.18
1167513259487,752655386219,1100941340719,83135,45226,3696,0,0,3696.000,1462.18
1167513259487,752655386219,909128739319,40,44118,3696,0,0,3696.000,1462.18
1167513259487,629586456953,989920772268,128878,43451,3696,0,0,3696.000,1462.18
1167513259487,629586456953,127184853520,42,43225,3696,0,0,3696.000,1462.18
1167513259487,170694249862,39020499984,54432,45059,3696,0,0,3696.000,1462.18
1167513259487,170694249862,704888563092,3,44120,3696,0,0,3696.000,1462.18
1167513259487,441161422228,289345240069,71576,44535,3696,0,0,3696.000,1462.18
1167513259487,441161422228,505276857177,27,44018,3696,0,0,3696.000,1462.18
1167513259487,878589027426,1114407406458,43568,44642,3696,0,0,3696.000,1462.18
1167513259487,878589027426,117530119712,16,44393,3696,0,0,3696.000,1462.18
1167513259487,590634606434,93768869582,49317,80927,3696,0,0,3696.000,1462.18
1167513259487,590634606434,279796920015,31,79161,3696,0,0,3696.000,1462.18
1168711755689,FAILED,FAILED,FAILED,FAILED,FAILED,FAILED,FAILED,FAILED,FAILED
1170127008527,188310608851,725305109311,113850,43036,3237,0,0,3237.000,4992.09
1170127008527,188310608851,80628447056,19,43017,3237,0,0,3237.000,4992.09
1170127008527,364814087202,542996469061,1166346,43952,3237,0,0,3237.000,4992.09
1170127008527,364814087202,1001288044053,38,43726,3237,0,0,3237.000,4992.09
1170127008527,347587904152,668554360439,531065,43869,3237,0,0,3237.000,4992.09
1170127008527,347587904152,63166367158,34,42976,3237,0,0,3237.000,4992.09
1170127008527,1167068466449,156991468380,74019,44601,3237,0,0,3237.000,4992.09
1170127008527,1167068466449,754481670632,38,43701,3237,0,0,3237.000,4992.09
1170127008527,671402239086,233422254568,511017,43994,3237,0,0,3237.000,4992.09
1170127008527,671402239086,622015820874,10,43268,3237,0,0,3237.000,4992.09
1170127008527,817389497393,945401801590,678971,44018,3237,0,0,3237.000,4992.09
1170127008527,817389497393,14933838466,44,42725,3237,0,0,3237.000,4992.09
1170127008527,1025298342564,558632516474,238973,44118,3237,0,0,3237.000,4992.09
1170127008527,1025298342564,669031354132,49,43309,3237,0,0,3237.000,4992.09
1170127008527,662455663015,673309256927,522497,43452,3237,0,0,3237.000,4992.09
1170127008527,662455663015,1026778600187,43,42976,3237,0,0,3237.000,4992.09
1170127008527,553621838341,156780090641,370632,44475,3237,0,0,3237.000,4992.09
1170127008527,553621838341,45704111303,29,43643,3237,0,0,3237.000,4992.09
1170127008527,1013263138649,288696621766,22490,43827,3237,0,0,3237.000,4992.09
1170127008527,1013263138649,854538432680,22,43434,3237,0,0,3237.000,4992.09
1170943056631,201123307303,1166662459789,117457,44517,3492,0,0,3492.000,6455.74
1170943056631,201123307303,870051056691,38,42911,3492,0,0,3492.000,6455.74
1170943056631,787131763547,936432047026,601632,43601,3492,0,0,3492.000,6455.74
1170943056631,787131763547,260332843067,15,43493,3492,0,0,3492.000,6455.74
1170943056631,221441371073,721413511475,417710,79743,3492,0,0,3492.000,6455.74
1170943056631,221441371073,767048987119,47,76887,3492,0,0,3492.000,6455.74
1170943056631,761485085260,344305603666,1287417,45142,3492,0,0,3492.000,6455.74
1170943056631,761485085260,829736625950,29,44203,3492,0,0,3492.000,6455.74
1170943056631,398799826104,805214854486,556249,46993,3492,0,0,3492.000,6455.74
1170943056631,398799826104,1007335717492,52,46102,3492,0,0,3492.000,6455.74
1170943056631,136331635204,1157365714000,747232,44827,3492,0,0,3492.000,6455.74
1170943056631,136331635204,266203376147,43,43851,3492,0,0,3492.000,6455.74
1170943056631,994879260008,882634803360,138465,44017,3492,0,0,3492.000,6455.74
1170943056631,994879260008,67770006190,57,44160,3492,0,0,3492.000,6455.74
1170943056631,47485025786,1047863231244,653094,44392,3492,0,0,3492.000,6455.74
1170943056631,47485025786,60537740589,41,43577,3492,0,0,3492.000,6455.74
1170943056631,339203030157,344345668816,573443,44226,3492,0,0,3492.000,6455.74
1170943056631,339203030157,588618436951,35,43577,3492,0,0,3492.000,6455.74
1172510673239,306778062094,859911961527,577354,44726,3543,0,0,3543.000,5333.09
1172510673239,306778062094,653203548791,27,43810,3543,0,0,3543.000,5333.09
1172510673239,878174018734,646062397276,756020,79785,3543,0,0,3543.000,5333.09
1172510673239,878174018734,361493494611,49,79136,3543,0,0,3543.000,5333.09
1172510673239,255660939093,174421503021,1089907,43827,3543,0,0,3543.000,5333.09
1172510673239,255660939093,871174652373,39,42559,3543,0,0,3543.000,5333.09
1172510673239,1028371447767,604585607015,201509,43827,3543,0,0,3543.000,5333.09
1172510673239,1028371447767,203805956580,9,43102,3543,0,0,3543.000,5333.09
1172510673239,493943159722,562530182776,50961,43851,3543,0,0,3543.000,5333.09
1172510673239,493943159722,437382479310,44,42993,3543,0,0,3543.000,5333.09
1172510673239,640835538221,9132739153,393712,43058,3543,0,0,3543.000,5333.09
1172510673239,640835538221,144282410668,45,42702,3543,0,0,3543.000,5333.09
1172510673239,577893886174,79426205180,854547,44726,3543,0,0,3543.000,5333.09
1172510673239,577893886174,152212484053,34,43493,3543,0,0,3543.000,5333.09
1172510673239,481029012619,402453847911,323918,44351,3543,0,0,3543.000,5333.09
1172510673239,481029012619,732348343317,52,42935,3543,0,0,3543.000,5333.09
1172510673239,1003024673937,931400009963,44164,43601,3543,0,0,3543.000,5333.09
1172510673239,1003024673937,767638416426,68,42369,3543,0,0,3543.000,5333.09
1172510673239,567170155014,918373712821,262248,43102,3543,0,0,3543.000,5333.09
1172510673239,567170155014,43762241450,10,42393,3543,0,0,3543.000,5333.09
1173309490109,423770330254,628501369753,278449,44893,3549,0,0,3549.000,4081.30
1173309490109,423770330254,508041492209,47,43809,3543,0,0,3543.000,4081.30
1173309490109,961181342807,474415604637,13672,44577,3549,0,0,3549.000,4081.30
1173309490109,961181342807,57067456402,21,44309,3531,0,0,3531.000,4081.30
1173309490109,1007449449299,655495967811,4195,45184,3549,0,0,3549.000,4081.30
1173309490109,1007449449299,936122705365,21,44286,3543,0,0,3543.000,4081.30
1173309490109,330364214698,1053282566086,139444,44785,3543,0,0,3543.000,4081.30
1173309490109,330364214698,1027019930018,49,43977,3549,0,0,3549.000,4081.30
1173309490109,217442496247,607122157841,61493,44893,3567,0,0,3567.000,4081.30
1173309490109,217442496247,503377901944,31,43952,3561,0,0,3561.000,4081.30
1173309490109,104429622406,460022532387,189552,43701,3549,0,0,3549.000,4081.30
1173309490109,104429622406,230481422507,36,43393,3555,0,0,3555.000,4081.30
1173309490109,420817112666,855998479867,1667289,48410,3513,0,0,3513.000,4081.30
1173309490109,420817112666,50872817934,16,47226,3531,0,0,3531.000,4081.30
1173309490109,281935506405,215677535912,100372,45809,3561,0,0,3561.000,4081.30
1173309490109,281935506405,659631976190,42,44743,3543,0,0,3543.000,4081.30
1173309490109,1162284840475,358450627419,182867,46560,3555,0,0,3555.000,4081.30
1173309490109,1162284840475,879788036134,36,45368,3531,0,0,3531.000,4081.30
1173309490109,710675043596,77071995649,579966,46851,3549,0,0,3549.000,4081.30
1173309490109,710675043596,1039147673951,36,44743,3519,0,0,3519.000,4081.30
1182394948433,FAILED,FAILED,FAILED,FAILED,FAILED,FAILED,FAILED,FAILED,FAILED
1185139665077,639907571373,671117028845,31034,44975,3861,0,0,3861.000,3052.96
1185139665077,639907571373,944110442592,32,44703,3849,0,0,3849.000,3052.96
1185139665077,495186671154,857728703040,35507,44619,3861,0,0,3861.000,3052.96
1185139665077,495186671154,864377453158,36,44560,3867,0,0,3867.000,3052.96
1185139665077,910586053502,539375866226,94133,43743,3819,0,0,3819.000,3052.96
1185139665077,910586053502,825872103095,36,43435,3825,0,0,3825.000,3052.96
1185139665077,957092297754,584828121895,361468,44476,3849,0,0,3849.000,3052.96
1185139665077,957092297754,606586859152,26,43451,3807,0,0,3807.000,3052.96
1185139665077,112701220400,611187729183,455352,45660,3879,0,0,3879.000,3052.96
1185139665077,112701220400,658846859404,43,44726,3825,0,0,3825.000,3052.96
1185139665077,17227989961,311662334454,196102,46184,3861,0,0,3861.000,3052.96
1185139665077,17227989961,970463983468,15,45285,3825,0,0,3825.000,3052.96
1185139665077,844645970746,319408458476,233451,45618,3849,0,0,3849.000,3052.96
1185139665077,844645970746,180342244255,47,44976,3855,0,0,3855.000,3052.96
1185139665077,1146560619125,918950192582,112636,46119,3867,0,0,3867.000,3052.96
1185139665077,1146560619125,756134243335,45,44892,3855,0,0,3855.000,3052.96
1185139665077,1178879245614,755108068330,241622,45268,3867,0,0,3867.000,3052.96
1185139665077,1178879245614,827598438295,48,45951,3873,0,0,3873.000,3052.96
1185139665077,704579802050,646790059606,764795,46244,3837,0,0,3837.000,3052.96
1185139665077,704579802050,68127649754,29,45684,3861,0,0,3861.000,3052.96
1186184033563,607576412565,1146395409159,64203,44743,3594,0,0,3594.000,3578.56
1186184033563,607576412565,669014276182,36,43808,3594,0,0,3594.000,3578.56
1186184033563,846379109351,87886920957,119058,46435,3594,0,0,3594.000,3578.56
1186184033563,846379109351,529148275145,60,46660,3594,0,0,3594.000,3578.56
1186184033563,611763039382,631428693468,414334,45203,3594,0,0,3594.000,3578.56
1186184033563,611763039382,206257053553,33,44475,3594,0,0,3594.000,3578.56
1186184033563,1019796547152,875801619198,52230,80720,3594,0,0,3594.000,3578.56
1186184033563,1019796547152,1072075731529,99,79219,3594,0,0,3594.000,3578.56
1186184033563,336454085619,965105247283,70364,43726,3594,0,0,3594.000,3578.56
1186184033563,336454085619,220727675266,21,44243,3594,0,0,3594.000,3578.56
1186184033563,858263731186,52950650830,113640,44018,3594,0,0,3594.000,3578.56
1186184033563,858263731186,523773106857,32,44119,3594,0,0,3594.000,3578.56
1186184033563,222741752837,753226613819,678954,43476,3594,0,0,3594.000,3578.56
1186184033563,222741752837,547936005657,33,43285,3594,0,0,3594.000,3578.56
1186184033563,600970452274,858099051002,579107,45685,3594,0,0,3594.000,3578.56
1186184033563,600970452274,1149448121333,34,45451,3594,0,0,3594.000,3578.56
1186184033563,39968300773,192757697728,280875,45368,3594,0,0,3594.000,3578.56
1186184033563,39968300773,198835461431,26,43684,3594,0,0,3594.000,3578.56
1186184033563,997964566894,317003384325,671816,44685,3594,0,0,3594.000,3578.56
1186184033563,997964566894,725792576274,34,43951,3594,0,0,3594.000,3578.56
1189050219493,765573341096,412853841311,155702,46226,3918,0,0,3918.000,2462.67
1189050219493,765573341096,16562184405,53,45118,3894,0,0,3894.000,2462.67
1189050219493,748872534824,998233817067,4236,46810,3900,0,0,3900.000,2462.67
1189050219493,748872534824,132328186082,22,44077,3900,0,0,3900.000,2462.67
1189050219493,1055419615207,121138717135,124757,45076,3888,0,0,3888.000,2462.67
1189050219493,1055419615207,450159414742,42,44393,3912,0,0,3912.000,2462.67
1189050219493,1020282767108,221274210602,97571,45642,3882,0,0,3882.000,2462.67
1189050219493,1020282767108,822639384388,15,45452,3882,0,0,3882.000,2462.67
1189050219493,781189071087,1097611501693,202147,45327,3900,0,0,3900.000,2462.67
1189050219493,781189071087,858521590562,21,45101,3888,0,0,3888.000,2462.67
1189050219493,718399247989,196895818674,432284,84220,3888,0,0,3888.000,2462.67
1189050219493,718399247989,529042087085,53,82118,3876,0,0,3876.000,2462.67
1189050219493,879489979209,1016323498278,598578,46684,3924,0,0,3924.000,2462.67
1189050219493,879489979209,857096291363,11,46535,3900,0,0,3900.000,2462.67
1189050219493,869554036131,1061882722995,16475,45951,3906,0,0,3906.000,2462.67
1189050219493,869554036131,609125271350,40,45701,3888,0,0,3888.000,2462.67
1189050219493,945331198983,92004711401,245736,46119,3894,0,0,3894.000,2462.67
1189050219493,945331198983,468597562702,14,45184,3882,0,0,3882.000,2462.67
1189050219493,5200304395,320768304602,102285,47244,3906,0,0,3906.000,2462.67
1189050219493,5200304395,222387073013,22,46976,3906,0,0,3906.000,2462.67
1192691937431,763996377135,534857639126,1585975,47286,3645,0,0,3645.000,4528.06
1192691937431,763996377135,145040935838,40,46452,3645,0,0,3645.000,4528.06
1192691937431,1039697744790,570170872476,28504,45267,3645,0,0,3645.000,4528.06
1192691937431,1039697744790,4526103209,32,43618,3645,0,0,3645.000,4528.06
1192691937431,847973208387,475759474849,418431,46101,3645,0,0,3645.000,4528.06
1192691937431,847973208387,110343750177,34,44369,3645,0,0,3645.000,4528.06
1192691937431,685160196217,434929626541,98338,44143,3645,0,0,3645.000,4528.06
1192691937431,685160196217,133888361704,42,44452,3645,0,0,3645.000,4528.06
1192691937431,405803527657,171761692067,169494,44767,3645,0,0,3645.000,4528.06
1192691937431,405803527657,212837715564,22,44118,3645,0,0,3645.000,4528.06
1192691937431,91822092246,756649538759,385789,43392,3645,0,0,3645.000,4528.06
1192691937431,91822092246,898906191290,38,43643,3645,0,0,3645.000,4528.06
1192691937431,128524056172,1079862169197,383515,44268,3645,0,0,3645.000,4528.06
1192691937431,128524056172,164829121721,34,43910,3645,0,0,3645.000,4528.06
1192691937431,304300483484,207718009741,376495,45810,3645,0,0,3645.000,4528.06
1192691937431,304300483484,464524480627,36,45035,3645,0,0,3645.000,4528.06
1192691937431,257555636607,4159200861,144538,44786,3645,0,0,3645.000,4528.06
1192691937431,257555636607,379741945654,36,44101,3645,0,0,3645.000,4528.06
1192691937431,420809530930,735693581647,174538,43643,3645,0,0,3645.000,4528.06
1192691937431,420809530930,1132318013200,27,44118,3645,0,0,3645.000,4528.06
1193306701747,191227601873,433984388210,19364,83993,3900,0,0,3900.000,1531.20
1193306701747,191227601873,394396398921,114,82303,3900,0,0,3900.000,1531.20
1193306701747,66120944284,534396256918,98804,43893,3900,0,0,3900.000,1531.20
1193306701747,66120944284,950276116645,19,43702,3900,0,0,3900.000,1531.20
1193306701747,541598813433,1062187165479,83114,43577,3900,0,0,3900.000,1531.20
1193306701747,541598813433,1120067395936,12,43268,3900,0,0,3900.000,1531.20
1193306701747,711847548490,159620275253,85288,45059,3900,0,0,3900.000,1531.20
1193306701747,711847548490,429866649083,30,43810,3900,0,0,3900.000,1531.20
1193306701747,916474545420,1014326611621,665805,45183,3900,0,0,3900.000,1531.20
1193306701747,916474545420,1021040339812,19,44077,3900,0,0,3900.000,1531.20
1193306701747,1065664723895,719845177415,100375,45993,3900,0,0,3900.000,1531.20
1193306701747,1065664723895,533803416285,11,44434,3900,0,0,3900.000,1531.20
1193306701747,1167735811066,565907989493,84610,83720,3900,0,0,3900.000,1531.20
1193306701747,1167735811066,120254101593,66,81451,3900,0,0,3900.000,1531.20
1193306701747,176707109212,547665321569,14028,45577,3900,0,0,3900.000,1531.20
1193306701747,176707109212,556141796316,44,44475,3900,0,0,3900.000,1531.20
1193306701747,566524262080,408196011365,31591,46369,3900,0,0,3900.000,1531.20
1193306701747,566524262080,1116461124170,25,45767,3900,0,0,3900.000,1531.20
1193306701747,1163380611316,1047572761230,28757,83261,3900,0,0,3900.000,1531.20
1193306701747,1163380611316,1137585250356,94,81719,3900,0,0,3900.000,1531.20
1197650615971,859275697749,955829948792,582086,44101,3594,0,0,3594.000,4141.39
1197650615971,859275697749,591210559828,23,43660,3594,0,0,3594.000,4141.39
1197650615971,151388681032,709395025662,71764,43809,3594,0,0,3594.000,4141.39
1197650615971,151388681032,64556317544,16,42786,3594,0,0,3594.000,4141.39
1197650615971,994779164818,727535668364,83930,44077,3594,0,0,3594.000,4141.39
1197650615971,994779164818,1004895531758,33,42892,3594,0,0,3594.000,4141.39
1197650615971,756426335033,317305702404,38192,42683,3594,0,0,3594.000,4141.39
1197650615971,756426335033,197439154325,35,42202,3594,0,0,3594.000,4141.39
1197650615971,292403386467,661200755837,311512,45893,3594,0,0,3594.000,4141.39
1197650615971,292403386467,286243317461,35,45785,3594,0,0,3594.000,4141.39
1197650615971,117076585207,768883758694,513963,44743,3594,0,0,3594.000,4141.39
1197650615971,117076585207,1010742626689,61,43892,3594,0,0,3594.000,4141.39
1197650615971,626635601325,538669314863,577365,46975,3594,0,0,3594.000,4141.39
1197650615971,626635601325,517940249206,38,45743,3594,0,0,3594.000,4141.39
1197650615971,785727450949,860736546259,469097,44434,3594,0,0,3594.000,4141.39
1197650615971,785727450949,821813094864,15,44160,3594,0,0,3594.000,4141.39
1197650615971,1014587396082,721423104592,224501,46368,3594,0,0,3594.000,4141.39
1197650615971,1014587396082,1017711656879,51,46017,3594,0,0,3594.000,4141.39
1197650615971,857269959030,439976502374,621945,44827,3594,0,0,3594.000,4141.39
1197650615971,857269959030,538952905536,20,44476,3594,0,0,3594.000,4141.39
1202241967943,816897635421,255903434410,74272,43808,3696,0,0,3696.000,2134.74
1202241967943,816897635421,1123029992330,41,43201,3696,0,0,3696.000,2134.74
1202241967943,294085241855,575260657274,290701,43726,3696,0,0,3696.000,2134.74
1202241967943,294085241855,891483670512,48,42869,3696,0,0,3696.000,2134.74
1202241967943,1038664701295,791982351809,137247,42493,3696,0,0,3696.000,2134.74
1202241967943,1038664701295,2074252155,43,42767,3696,0,0,3696.000,2134.74
1202241967943,424483614161,849162627578,110722,43017,3696,0,0,3696.000,2134.74
1202241967943,424483614161,231224775823,11,42809,3696,0,0,3696.000,2134.74
1202241967943,1025986711674,136522858308,114732,43619,3696,0,0,3696.000,2134.74
1202241967943,1025986711674,540553220913,33,43768,3696,0,0,3696.000,2134.74
1202241967943,738083522840,879353902364,40948,43934,3696,0,0,3696.000,2134.74
1202241967943,738083522840,357895030051,31,43368,3696,0,0,3696.000,2134.74
1202241967943,195791141173,815125811969,188845,44993,3696,0,0,3696.000,2134.74
1202241967943,195791141173,1121121015012,33,44143,3696,0,0,3696.000,2134.74
1202241967943,1142709479968,536754548918,196154,46267,3696,0,0,3696.000,2134.74
1202241967943,1142709479968,452455121344,13,45701,3696,0,0,3696.000,2134.74
1202241967943,1106147547409,1063174491608,374962,45225,3696,0,0,3696.000,2134.74
1202241967943,1106147547409,987620398621,21,44369,3696,0,0,3696.000,2134.74
1202241967943,662205323980,1142716886007,292221,45393,3696,0,0,3696.000,2134.74
1202241967943,662205323980,646135147182,22,44201,3696,0,0,3696.000,2134.74
1202686780829,71444468702,476975379008,588478,44893,3702,0,0,3702.000,2775.24
1202686780829,71444468702,522256743934,30,43785,3678,0,0,3678.000,2775.24
1202686780829,619820643331,999772699327,672794,46160,3720,0,0,3720.000,2775.24
1202686780829,619820643331,1058583452916,6,44851,3714,0,0,3714.000,2775.24
1202686780829,1197179934673,832112381780,224770,46494,3708,0,0,3708.000,2775.24
1202686780829,1197179934673,927099420814,42,45767,3690,0,0,3690.000,2775.24
1202686780829,121714820350,1015706376531,108319,45018,3684,0,0,3684.000,2775.24
1202686780829,121714820350,858349864162,26,45619,3684,0,0,3684.000,2775.24
1202686780829,345505758864,679791061562,107973,46036,3672,0,0,3672.000,2775.24
1202686780829,345505758864,750289905754,35,45017,3708,0,0,3708.000,2775.24
1202686780829,55000945686,864452760234,206035,45827,3720,0,0,3720.000,2775.24
1202686780829,55000945686,248078847476,22,45059,3684,0,0,3684.000,2775.24
1202686780829,896494407014,459810900186,119150,82720,3708,0,0,3708.000,2775.24
1202686780829,896494407014,436134349620,53,80386,3708,0,0,3708.000,2775.24
1202686780829,934038019469,1185999100560,22179,45118,3732,0,0,3732.000,2775.24
1202686780829,934038019469,672673715022,36,44935,3720,0,0,3720.000,2775.24
1202686780829,695335222453,705136033845,37590,46600,3738,0,0,3738.000,2775.24
1202686780829,695335222453,670700227625,40,45202,3708,0,0,3708.000,2775.24
1202686780829,608763025393,511023468572,138481,45558,3690,0,0,3690.000,2775.24
1202686780829,608763025393,709389226304,22,44826,3702,0,0,3702.000,2775.24
1205338638311,947397415457,523365868348,91467,79303,3492,0,0,3492.000,970.06
1205338638311,947397415457,983930532419,63,77178,3492,0,0,3492.000,970.06
1205338638311,1203377075160,1183760097496,86660,42243,3492,0,0,3492.000,970.06
1205338638311,1203377075160,344744752871,19,42351,3492,0,0,3492.000,970.06
1205338638311,355665300529,1050330976809,105752,43476,3492,0,0,3492.000,970.06
1205338638311,355665300529,119913540421,92,43577,3492,0,0,3492.000,970.06
1205338638311,907511141578,360170377094,163966,44577,3492,0,0,3492.000,970.06
1205338638311,907511141578,595809583246,24,44060,3492,0,0,3492.000,970.06
1205338638311,822594845484,523047962209,41273,43934,3492,0,0,3492.000,970.06
1205338638311,822594845484,1115079107259,8,43601,3492,0,0,3492.000,970.06
1205338638311,782144402026,299113223328,64794,44868,3492,0,0,3492.000,970.06
1205338638311,782144402026,1187118872435,20,44392,3492,0,0,3492.000,970.06
1205338638311,131004629694,513066493321,127284,45060,3492,0,0,3492.000,970.06
1205338638311,131004629694,625418695889,54,44243,3492,0,0,3492.000,970.06
1205338638311,484021773418,226034699934,29763,79285,3492,0,0,3492.000,970.06
1205338638311,484021773418,8441668576,104,77677,3492,0,0,3492.000,970.06
1205338638311,968238101783,957034957830,32008,44119,3492,0,0,3492.000,970.06
1205338638311,968238101783,347721968924,20,43726,3492,0,0,3492.000,970.06
1205338638311,1132351855105,1181375716176,90565,43768,3492,0,0,3492.000,970.06
1205338638311,1132351855105,192699295414,26,44101,3492,0,0,3492.000,970.06
1210376891743,200776573378,160998466760,1253236,43993,3492,0,0,3492.000,4895.36
1210376891743,200776573378,154125170459,23,43434,3492,0,0,3492.000,4895.36
1210376891743,593364690223,615965850102,68334,45143,3492,0,0,3492.000,4895.36
1210376891743,593364690223,335420388567,28,43744,3492,0,0,3492.000,4895.36
1210376891743,987840152541,179224655101,383822,44493,3492,0,0,3492.000,4895.36
1210376891743,987840152541,615775314830,32,43893,3492,0,0,3492.000,4895.36
1210376891743,56670783882,182763285651,95633,43975,3492,0,0,3492.000,4895.36
1210376891743,56670783882,581172608684,6,43810,3492,0,0,3492.000,4895.36
1210376891743,489564324573,14168064361,74322,43995,3492,0,0,3492.000,4895.36
1210376891743,489564324573,742932824546,25,43392,3492,0,0,3492.000,4895.36
1210376891743,188606717990,296151724852,1020464,44702,3492,0,0,3492.000,4895.36
1210376891743,188606717990,1023327128173,45,43975,3492,0,0,3492.000,4895.36
1210376891743,13118305233,609033549352,279569,43851,3492,0,0,3492.000,4895.36
1210376891743,13118305233,1101730769460,11,43017,3492,0,0,3492.000,4895.36
1210376891743,1057846244216,165376115615,220750,43910,3492,0,0,3492.000,4895.36
1210376891743,1057846244216,366552614288,53,43726,3492,0,0,3492.000,4895.36
1210376891743,485087570516,361082976651,468991,44185,3492,0,0,3492.000,4895.36
1210376891743,485087570516,190458624980,41,43952,3492,0,0,3492.000,4895.36
1210376891743,1173590646985,920195928395,225438,44244,3492,0,0,3492.000,4895.36
1210376891743,1173590646985,840815466667,44,43767,3492,0,0,3492.000,4895.36
1211910013277,731716499315,862903581561,269287,45684,3690,0,0,3690.000,2584.67
1211910013277,731716499315,661682767705,58,45368,3714,0,0,3714.000,2584.67
1211910013277,310647021854,1079691383413,241180,46202,3690,0,0,3690.000,2584.67
1211910013277,310647021854,443265056511,55,45475,3708,0,0,3708.000,2584.67
1211910013277,769271214083,396190623903,21719,45952,3702,0,0,3702.000,2584.67
1211910013277,769271214083,970013149949,39,45184,3702,0,0,3702.000,2584.67
1211910013277,102256268611,1179578141280,634999,45392,3684,0,0,3684.000,2584.67
1211910013277,102256268611,962481892877,55,45327,3732,0,0,3732.000,2584.67
1211910013277,1105355303369,100826566711,268203,46077,3708,0,0,3708.000,2584.67
1211910013277,1105355303369,775274127359,50,45601,3702,0,0,3702.000,2584.67
1211910013277,33698227222,342245485098,50261,46326,3708,0,0,3708.000,2584.67
1211910013277,33698227222,315074267279,33,45975,3714,0,0,3714.000,2584.67
1211910013277,487632365607,258035113599,351677,45476,3726,0,0,3726.000,2584.67
1211910013277,487632365607,1129096950997,18,44576,3678,0,0,3678.000,2584.67
1211910013277,488751843294,313146200594,259251,85553,3684,0,0,3684.000,2584.67
1211910013277,488751843294,361939093839,27,81178,3702,0,0,3702.000,2584.67
1211910013277,305471096164,947292571727,115941,45643,3702,0,0,3702.000,2584.67
1211910013277,305471096164,224731959950,38,45201,3708,0,0,3708.000,2584.67
1211910013277,148616728245,342328958187,114629,45309,3678,0,0,3678.000,2584.67
1211910013277,148616728245,166066928505,56,45410,3726,0,0,3726.000,2584.67
1216966940639,345138670339,498815788836,57609,44535,3696,0,0,3696.000,4765.96
1216966940639,345138670339,312625142688,19,44142,3696,0,0,3696.000,4765.96
1216966940639,113967738634,942531340155,1017241,44060,3696,0,0,3696.000,4765.96
1216966940639,113967738634,189719575661,29,44142,3696,0,0,3696.000,4765.96
1216966940639,112370852300,500137414286,358686,46767,3696,0,0,3696.000,4765.96
1216966940639,112370852300,848888302833,20,46160,3696,0,0,3696.000,4765.96
1216966940639,175950905751,353421345479,225925,45892,3696,0,0,3696.000,4765.96
1216966940639,175950905751,310925060954,56,44368,3696,0,0,3696.000,4765.96
1216966940639,66075418263,558474352494,319276,44476,3696,0,0,3696.000,4765.96
1216966940639,66075418263,942856629171,39,44077,3696,0,0,3696.000,4765.96
1216966940639,11292722418,603522827559,97067,45493,3696,0,0,3696.000,4765.96
1216966940639,11292722418,497857818603,21,43725,3696,0,0,3696.000,4765.96
1216966940639,936580833898,110193708864,796894,45036,3696,0,0,3696.000,4765.96
1216966940639,936580833898,473146737300,31,43851,3696,0,0,3696.000,4765.96
1216966940639,272693535477,1167383637032,23124,45809,3696,0,0,3696.000,4765.96
1216966940639,272693535477,960055661137,10,44618,3696,0,0,3696.000,4765.96
1216966940639,745631544402,830084997278,553786,44868,3696,0,0,3696.000,4765.96
1216966940639,745631544402,1108652081645,38,43935,3696,0,0,3696.000,4765.96
1216966940639,1155701923200,882976298833,405597,44601,3696,0,0,3696.000,4765.96
1216966940639,1155701923200,670126408955,15,44160,3696,0,0,3696.000,4765.96
1217045784179,759293480917,1186748719482,52131,44726,3747,0,0,3747.000,2749.48
1217045784179,759293480917,143485296097,52,43785,3747,0,0,3747.000,2749.48
1217045784179,530178153016,595975880873,60788,44435,3747,0,0,3747.000,2749.48
1217045784179,530178153016,632253927349,11,43368,3747,0,0,3747.000,2749.48
1217045784179,888390608538,852578095243,496222,44476,3747,0,0,3747.000,2749.48
1217045784179,888390608538,85795475472,48,43660,3747,0,0,3747.000,2749.48
1217045784179,304472786953,903103924017,43707,42851,3747,0,0,3747.000,2749.48
1217045784179,304472786953,345487767531,40,42435,3747,0,0,3747.000,2749.48
1217045784179,1016510852089,983238123034,204598,43767,3747,0,0,3747.000,2749.48
1217045784179,1016510852089,42290481562,67,43185,3747,0,0,3747.000,2749.48
1217045784179,739712203048,153278111234,483344,45018,3747,0,0,3747.000,2749.48
1217045784179,739712203048,128957946799,18,44994,3747,0,0,3747.000,2749.48
1217045784179,1019611171839,442547720751,128454,45309,3747,0,0,3747.000,2749.48
1217045784179,1019611171839,367709439159,49,44576,3747,0,0,3747.000,2749.48
1217045784179,322269876485,798944771288,60454,44810,3747,0,0,3747.000,2749.48
1217045784179,322269876485,944103282175,50,44100,3747,0,0,3747.000,2749.48
1217045784179,419031755055,1000805698561,494294,45184,3747,0,0,3747.000,2749.48
1217045784179,419031755055,278716233230,32,44559,3747,0,0,3747.000,2749.48
1217045784179,141175363993,72754726305,246513,83427,3747,0,0,3747.000,2749.48
1217045784179,141175363993,395038918637,61,81328,3747,0,0,3747.000,2749.48
1221053857973,732154018866,308841893286,246233,44851,3708,0,0,3708.000,3740.48
1221053857973,732154018866,818650908112,48,43285,3678,0,0,3678.000,3740.48
1221053857973,714390972870,401068937830,214034,44935,3714,0,0,3714.000,3740.48
1221053857973,714390972870,588780195270,23,43410,3672,0,0,3672.000,3740.48
1221053857973,206322540553,432085530530,250363,83661,3708,0,0,3708.000,3740.48
1221053857973,206322540553,615995233088,92,81969,3714,0,0,3714.000,3740.48
1221053857973,54219939270,680178358692,325873,46518,3708,0,0,3708.000,3740.48
1221053857973,54219939270,54931885952,68,45368,3732,0,0,3732.000,3740.48
1221053857973,563892860993,895419312434,241749,47477,3690,0,0,3690.000,3740.48
1221053857973,563892860993,397465161656,52,46952,3696,0,0,3696.000,3740.48
1221053857973,723867192908,700423998284,84383,45601,3666,0,0,3666.000,3740.48
1221053857973,723867192908,535318055061,33,45451,3702,0,0,3702.000,3740.48
1221053857973,552116960369,981911186066,932213,45476,3684,0,0,3684.000,3740.48
1221053857973,552116960369,901565107465,35,45244,3672,0,0,3672.000,3740.48
1221053857973,231518069556,288267783997,360422,45660,3678,0,0,3678.000,3740.48
1221053857973,231518069556,318715361585,25,45309,3708,0,0,3708.000,3740.48
1221053857973,1170733664395,517634379454,151943,48410,3672,0,0,3672.000,3740.48
1221053857973,1170733664395,719856902186,38,46560,3690,0,0,3690.000,3740.48
1221053857973,152154090793,747167894278,201855,45601,3678,0,0,3678.000,3740.48
1221053857973,152154090793,1050817673127,30,44660,3708,0,0,3708.000,3740.48
1224086832503,854444623,1029406305674,313207,44017,3441,0,0,3441.000,3380.96
1224086832503,854444623,872957412936,21,43476,3441,0,0,3441.000,3380.96
1224086832503,545886593276,21325344037,306740,45119,3441,0,0,3441.000,3380.96
1224086832503,545886593276,461563614551,62,43893,3441,0,0,3441.000,3380.96
1224086832503,714247705846,481192802337,158495,45892,3441,0,0,3441.000,3380.96
1224086832503,714247705846,1159355075676,38,45244,3441,0,0,3441.000,3380.96
1224086832503,166607065960,126052652578,365803,44077,3441,0,0,3441.000,3380.96
1224086832503,166607065960,1169920437121,27,44143,3441,0,0,3441.000,3380.96
1224086832503,560420331836,1136780795566,177413,44935,3441,0,0,3441.000,3380.96
1224086832503,560420331836,158528457118,26,44326,3441,0,0,3441.000,3380.96
1224086832503,250874186768,1162714525792,315078,44934,3441,0,0,3441.000,3380.96
1224086832503,250874186768,823919796505,64,43494,3441,0,0,3441.000,3380.96
1224086832503,603172804462,630585636066,351160,43661,3441,0,0,3441.000,3380.96
1224086832503,603172804462,1205638838865,22,43559,3441,0,0,3441.000,3380.96
1224086832503,1147572759370,844003240182,710643,44767,3441,0,0,3441.000,3380.96
1224086832503,1147572759370,907707147107,16,43493,3441,0,0,3441.000,3380.96
1224086832503,319207638197,418610116924,135927,44810,3441,0,0,3441.000,3380.96
1224086832503,319207638197,496733372328,40,43535,3441,0,0,3441.000,3380.96
1224086832503,959001935408,470900558226,191193,43643,3441,0,0,3441.000,3380.96
1224086832503,959001935408,87888910110,25,43868,3441,0,0,3441.000,3380.96
1236174392263,457130804885,737198402629,408279,43869,3747,0,0,3747.000,1634.11
1236174392263,457130804885,1069143615588,19,44227,3747,0,0,3747.000,1634.11
1236174392263,133223114757,1216969247964,144544,44077,3747,0,0,3747.000,1634.11
1236174392263,133223114757,1214437117048,30,43808,3747,0,0,3747.000,1634.11
1236174392263,743339367581,985355405028,16327,44059,3747,0,0,3747.000,1634.11
1236174392263,743339367581,914050119206,41,43476,3747,0,0,3747.000,1634.11
1236174392263,475267992402,1226265528421,28636,45726,3747,0,0,3747.000,1634.11
1236174392263,475267992402,629375127685,59,44493,3747,0,0,3747.000,1634.11
1236174392263,49762077395,532459475235,204778,44868,3747,0,0,3747.000,1634.11
1236174392263,49762077395,693338670252,23,44101,3747,0,0,3747.000,1634.11
1236174392263,163483956953,741154783031,144022,44618,3747,0,0,3747.000,1634.11
1236174392263,163483956953,7085585585,7,44768,3747,0,0,3747.000,1634.11
1236174392263,403391428142,329912494680,322478,47619,3747,0,0,3747.000,1634.11
1236174392263,403391428142,306890077242,67,46143,3747,0,0,3747.000,1634.11
1236174392263,78653983717,180214469986,113917,44286,3747,0,0,3747.000,1634.11
1236174392263,78653983717,691938830089,29,44184,3747,0,0,3747.000,1634.11
1236174392263,519392692906,438534918116,13699,45435,3747,0,0,3747.000,1634.11
1236174392263,519392692906,1208170146594,44,45477,3747,0,0,3747.000,1634.11
1236174392263,1183248303413,235510443512,42244,44560,3747,0,0,3747.000,1634.11
1236174392263,1183248303413,190961038085,28,43743,3747,0,0,3747.000,1634.11
1236390159937,FAILED,FAILED,FAILED,FAILED,FAILED,FAILED,FAILED,FAILED,FAILED
1238534208181,16370010073,526884098646,112911,45743,3684,0,0,3684.000,3047.99
1238534208181,16370010073,900593345872,50,45767,3708,0,0,3708.000,3047.99
1238534208181,609414889865,749231679888,345739,45892,3708,0,0,3708.000,3047.99
1238534208181,609414889865,1141196523537,20,44993,3696,0,0,3696.000,3047.99
1238534208181,1154429601408,108180395687,282197,45660,3666,0,0,3666.000,3047.99
1238534208181,1154429601408,531125649289,6,46143,3690,0,0,3690.000,3047.99
1238534208181,793162903479,1171757533492,375940,82535,3684,0,0,3684.000,3047.99
1238534208181,793162903479,632051376760,56,80553,3708,0,0,3708.000,3047.99
1238534208181,571104821821,656545110697,50218,45702,3702,0,0,3702.000,3047.99
1238534208181,571104821821,94407448517,41,45809,3714,0,0,3714.000,3047.99
1238534208181,1106956732890,400902116760,7107,45410,3720,0,0,3720.000,3047.99
1238534208181,1106956732890,464196239395,48,44560,3690,0,0,3690.000,3047.99
1238534208181,888857671554,952352589488,776350,46600,3696,0,0,3696.000,3047.99
1238534208181,888857671554,174743431520,50,46744,3708,0,0,3708.000,3047.99
1238534208181,507238155330,58796621569,145771,45101,3696,0,0,3696.000,3047.99
1238534208181,507238155330,867736871269,41,44494,3726,0,0,3726.000,3047.99
1238534208181,257345422503,600278674653,269366,45517,3720,0,0,3720.000,3047.99
1238534208181,257345422503,531954968759,39,44201,3654,0,0,3654.000,3047.99
1238534208181,109862758697,927650110892,54441,45493,3690,0,0,3690.000,3047.99
1238534208181,109862758697,229228005758,37,45809,3696,0,0,3696.000,3047.99
1240669552183,1222858690261,986506388058,244723,46327,3747,0,0,3747.000,2829.97
1240669552183,1222858690261,1016100882665,51,44643,3747,0,0,3747.000,2829.97
1240669552183,849694211189,222453800171,377608,46494,3747,0,0,3747.000,2829.97
1240669552183,849694211189,219097342500,22,43851,3747,0,0,3747.000,2829.97
1240669552183,882782208608,438263515478,232731,45535,3747,0,0,3747.000,2829.97
1240669552183,882782208608,982862813767,16,44143,3747,0,0,3747.000,2829.97
1240669552183,1228705571838,987294155292,18476,46535,3747,0,0,3747.000,2829.97
1240669552183,1228705571838,1139470726998,12,47018,3747,0,0,3747.000,2829.97
1240669552183,392899162482,542665879955,79531,44226,3747,0,0,3747.000,2829.97
1240669552183,392899162482,366797643091,55,46910,3747,0,0,3747.000,2829.97
1240669552183,76044227243,55368591025,233785,44577,3747,0,0,3747.000,2829.97
1240669552183,76044227243,942908503063,54,44059,3747,0,0,3747.000,2829.97
1240669552183,300755980556,863942932604,544750,44536,3747,0,0,3747.000,2829.97
1240669552183,300755980556,254231984697,15,44308,3747,0,0,3747.000,2829.97
1240669552183,1216416910966,300985059468,26445,45435,3747,0,0,3747.000,2829.97
1240669552183,1216416910966,99234442259,21,44368,3747,0,0,3747.000,2829.97
1240669552183,460147048006,807199374660,534997,45827,3747,0,0,3747.000,2829.97
1240669552183,460147048006,402580247631,42,44393,3747,0,0,3747.000,2829.97
1240669552183,710568154157,77419911864,13666,44702,3747,0,0,3747.000,2829.97
1240669552183,710568154157,853475160310,45,43977,3747,0,0,3747.000,2829.97
1244062084267,193056001487,1076321702468,117267,44201,3645,0,0,3645.000,2284.98
1244062084267,193056001487,160437390837,35,42893,3645,0,0,3645.000,2284.98
1244062084267,172356568225,151031538172,37446,43601,3645,0,0,3645.000,2284.98
1244062084267,172356568225,896604329398,27,43393,3645,0,0,3645.000,2284.98
1244062084267,1041591939052,157921666626,2949,43392,3645,0,0,3645.000,2284.98
1244062084267,1041591939052,809794470714,47,42577,3645,0,0,3645.000,2284.98
1244062084267,811698497578,1240265983455,22732,42893,3645,0,0,3645.000,2284.98
1244062084267,811698497578,186175068434,38,42785,3645,0,0,3645.000,2284.98
1244062084267,175163688114,1121582268020,130773,42577,3645,0,0,3645.000,2284.98
1244062084267,175163688114,536681654011,40,42852,3645,0,0,3645.000,2284.98
1244062084267,680092357384,62212659450,23882,42994,3645,0,0,3645.000,2284.98
1244062084267,680092357384,381649215999,43,43017,3645,0,0,3645.000,2284.98
1244062084267,560252040254,74871323050,26970,80761,3645,0,0,3645.000,2284.98
1244062084267,560252040254,160351091259,73,78619,3645,0,0,3645.000,2284.98
1244062084267,618881685153,160446068629,761418,79619,3645,0,0,3645.000,2284.98
1244062084267,618881685153,849845733775,15,80302,3645,0,0,3645.000,2284.98
1244062084267,103016559497,156099259159,224434,45475,3645,0,0,3645.000,2284.98
1244062084267,103016559497,448121038947,3,44578,3645,0,0,3645.000,2284.98
1244062084267,108738324459,929362259367,553384,45743,3645,0,0,3645.000,2284.98
1244062084267,108738324459,1023576810184,23,45101,3645,0,0,3645.000,2284.98
1253440467131,322814496151,843346462193,20382,44559,3849,0,0,3849.000,2750.68
1253440467131,322814496151,894469049641,19,43577,3849,0,0,3849.000,2750.68
1253440467131,950721744346,635876854471,172407,83660,3849,0,0,3849.000,2750.68
1253440467131,950721744346,152860231896,65,82137,3849,0,0,3849.000,2750.68
1253440467131,61454783021,622188593860,244922,43268,3849,0,0,3849.000,2750.68
1253440467131,61454783021,20664464837,28,43202,3849,0,0,3849.000,2750.68
1253440467131,830494791206,1008347325126,6244,43994,3849,0,0,3849.000,2750.68
1253440467131,830494791206,1247212164432,22,43975,3849,0,0,3849.000,2750.68
1253440467131,136063078728,580049802816,89289,44785,3849,0,0,3849.000,2750.68
1253440467131,136063078728,466362787631,94,44267,3849,0,0,3849.000,2750.68
1253440467131,907014481156,834571870767,285289,44601,3849,0,0,3849.000,2750.68
1253440467131,907014481156,1194621756847,58,44267,3849,0,0,3849.000,2750.68
1253440467131,820523950312,1170875383158,114004,44327,3849,0,0,3849.000,2750.68
1253440467131,820523950312,104820689435,25,45184,3849,0,0,3849.000,2750.68
1253440467131,302956655489,748992159867,180099,44934,3849,0,0,3849.000,2750.68
1253440467131,302956655489,833688071009,29,43618,3849,0,0,3849.000,2750.68
1253440467131,623596045235,958030668289,517244,45435,3849,0,0,3849.000,2750.68
1253440467131,623596045235,180746384266,56,44393,3849,0,0,3849.000,2750.68
1253440467131,1048677236728,141970496181,716545,45642,3849,0,0,3849.000,2750.68
1253440467131,1048677236728,1108261759858,53,44452,3849,0,0,3849.000,2750.68
1254081169889,FAILED,FAILED,FAILED,FAILED,FAILED,FAILED,FAILED,FAILED,FAILED
1257788395621,532800297897,892265566214,77053,45267,3645,0,0,3645.000,3040.12
1257788395621,532800297897,552703996154,71,44910,3639,0,0,3639.000,3040.12
1257788395621,387600858686,1257655491503,207370,45767,3621,0,0,3621.000,3040.12
1257788395621,387600858686,4251595891,23,45744,3681,0,0,3681.000,3040.12
1257788395621,805936724441,880444691572,34117,44869,3657,0,0,3657.000,3040.12
1257788395621,805936724441,389039143175,36,44893,3645,0,0,3645.000,3040.12
1257788395621,833532512857,1231147902995,271657,45101,3633,0,0,3633.000,3040.12
1257788395621,833532512857,363403873433,27,44577,3651,0,0,3651.000,3040.12
1257788395621,827582252147,954693313742,581345,46451,3651,0,0,3651.000,3040.12
1257788395621,827582252147,1022157836926,34,45143,3633,0,0,3633.000,3040.12
1257788395621,1021011178906,827725627374,41927,45993,3663,0,0,3663.000,3040.12
1257788395621,1021011178906,1095962069607,49,45267,3645,0,0,3645.000,3040.12
1257788395621,88302604163,1219009354340,132787,45535,3627,0,0,3627.000,3040.12
1257788395621,88302604163,888804845274,54,44767,3651,0,0,3651.000,3040.12
1257788395621,1059173015103,1063571113588,920020,46267,3657,0,0,3657.000,3040.12
1257788395621,1059173015103,1073425703621,20,45495,3651,0,0,3651.000,3040.12
1257788395621,700070964100,179228809985,174826,45600,3639,0,0,3639.000,3040.12
1257788395621,700070964100,243509542248,30,45494,3645,0,0,3645.000,3040.12
1257788395621,63765681000,621980561802,26467,45327,3627,0,0,3627.000,3040.12
1257788395621,63765681000,1108381601548,17,45184,3645,0,0,3645.000,3040.12
1261725122407,970470259597,290820234331,49814,43143,3747,0,0,3747.000,4121.14
1261725122407,970470259597,1250194822219,43,42910,3747,0,0,3747.000,4121.14
1261725122407,226201183054,1098617863125,407892,43435,3747,0,0,3747.000,4121.14
1261725122407,226201183054,328334421440,6,43118,3747,0,0,3747.000,4121.14
1261725122407,583972413743,836530101653,166337,43577,3747,0,0,3747.000,4121.14
1261725122407,583972413743,274414541329,33,43059,3747,0,0,3747.000,4121.14
1261725122407,395000067552,339690994172,718638,43393,3747,0,0,3747.000,4121.14
1261725122407,395000067552,883429502907,29,43035,3747,0,0,3747.000,4121.14
1261725122407,399593580789,903103227361,245206,45476,3747,0,0,3747.000,4121.14
1261725122407,399593580789,80445292466,45,44618,3747,0,0,3747.000,4121.14
1261725122407,1078341878688,180332279865,1049333,44826,3747,0,0,3747.000,4121.14
1261725122407,1078341878688,376879995055,34,44477,3747,0,0,3747.000,4121.14
1261725122407,1225746789104,902238852940,133230,45243,3747,0,0,3747.000,4121.14
1261725122407,1225746789104,861473866844,31,45560,3747,0,0,3747.000,4121.14
1261725122407,111321338988,880912007602,30221,46410,3747,0,0,3747.000,4121.14
1261725122407,111321338988,145114659710,54,45434,3747,0,0,3747.000,4121.14
1261725122407,1129963093795,597117659974,252881,45827,3747,0,0,3747.000,4121.14
1261725122407,1129963093795,328068200114,45,45768,3747,0,0,3747.000,4121.14
1261725122407,951657450416,1145949517086,493530,44660,3747,0,0,3747.000,4121.14
1261725122407,951657450416,729958181177,18,44227,3747,0,0,3747.000,4121.14
1263334783367,611382874035,404261331409,162908,45035,3594,0,0,3594.000,2356.05
1263334783367,611382874035,712558827987,36,44059,3594,0,0,3594.000,2356.05
1263334783367,573332489910,1168924150573,138703,45059,3594,0,0,3594.000,2356.05
1263334783367,573332489910,1014089001440,47,44161,3594,0,0,3594.000,2356.05
1263334783367,562717767086,1224899311039,529910,81327,3594,0,0,3594.000,2356.05
1263334783367,562717767086,1109140058473,57,79135,3594,0,0,3594.000,2356.05
1263334783367,801726922119,760826046661,50056,80827,3594,0,0,3594.000,2356.05
1263334783367,801726922119,78126819002,52,79469,3594,0,0,3594.000,2356.05
1263334783367,419218931100,590859306647,220718,46036,3594,0,0,3594.000,2356.05
1263334783367,419218931100,773761430370,33,45226,3594,0,0,3594.000,2356.05
1263334783367,1167524895408,687272182410,32967,44183,3594,0,0,3594.000,2356.05
1263334783367,1167524895408,1135023034735,1,43870,3594,0,0,3594.000,2356.05
1263334783367,389466411989,871432746429,67290,45327,3594,0,0,3594.000,2356.05
1263334783367,389466411989,50546847182,8,44725,3594,0,0,3594.000,2356.05
1263334783367,984586398649,705531269446,116091,43935,3594,0,0,3594.000,2356.05
1263334783367,984586398649,168820110519,34,43660,3594,0,0,3594.000,2356.05
1263334783367,1232695122426,296417359256,39670,45185,3594,0,0,3594.000,2356.05
1263334783367,1232695122426,1116675922442,41,44910,3594,0,0,3594.000,2356.05
1263334783367,617962723752,538311935261,657262,44618,3594,0,0,3594.000,2356.05
1263334783367,617962723752,985563747599,33,44017,3594,0,0,3594.000,2356.05
1264666095137,FAILED,FAILED,FAILED,FAILED,FAILED,FAILED,FAILED,FAILED,FAILED
1268498720743,756452525814,492102279880,8170,43935,3696,0,0,3696.000,4452.63
1268498720743,756452525814,953610738503,55,44452,3696,0,0,3696.000,4452.63
1268498720743,711235121870,322053418284,85159,44243,3696,0,0,3696.000,4452.63
1268498720743,711235121870,464832434595,44,43892,3696,0,0,3696.000,4452.63
1268498720743,640092760707,1015323646853,450264,43785,3696,0,0,3696.000,4452.63
1268498720743,640092760707,1180135275494,19,44017,3696,0,0,3696.000,4452.63
1268498720743,1230081008324,423259707938,619209,46661,3696,0,0,3696.000,4452.63
1268498720743,1230081008324,1254392146516,46,46267,3696,0,0,3696.000,4452.63
1268498720743,698526098069,693116238483,354197,44643,3696,0,0,3696.000,4452.63
1268498720743,698526098069,630069113854,27,44452,3696,0,0,3696.000,4452.63
1268498720743,47638077196,89644558971,730771,44827,3696,0,0,3696.000,4452.63
1268498720743,47638077196,87838340555,27,44560,3696,0,0,3696.000,4452.63
1268498720743,57366691765,1197313930682,123822,45411,3696,0,0,3696.000,4452.63
1268498720743,57366691765,87697341733,21,43976,3696,0,0,3696.000,4452.63
1268498720743,582487431976,771176635981,853425,46743,3696,0,0,3696.000,4452.63
1268498720743,582487431976,306143346835,12,46434,3696,0,0,3696.000,4452.63
1268498720743,1203241092146,969272543760,352305,44642,3696,0,0,3696.000,4452.63
1268498720743,1203241092146,73849113237,3,44285,3696,0,0,3696.000,4452.63
1268498720743,212786392331,233440332494,32216,44494,3696,0,0,3696.000,4452.63
1268498720743,212786392331,249448518689,19,44143,3696,0,0,3696.000,4452.63
1269715721557,443559891320,84488174377,339330,45768,3816,0,0,3816.000,2423.63
1269715721557,443559891320,803800124190,49,45451,3810,0,0,3810.000,2423.63
1269715721557,597669302699,461778557992,113399,45352,3780,0,0,3780.000,2423.63
1269715721557,597669302699,427734867625,17,45350,3834,0,0,3834.000,2423.63
1269715721557,779962631888,511232923809,13280,45618,3798,0,0,3798.000,2423.63
1269715721557,779962631888,187649849911,50,45100,3822,0,0,3822.000,2423.63
1269715721557,48880795515,665516335016,315682,46536,3834,0,0,3834.000,2423.63
1269715721557,48880795515,660785121320,45,45517,3780,0,0,3780.000,2423.63
1269715721557,379272745152,1026247432174,209051,45434,3780,0,0,3780.000,2423.63
1269715721557,379272745152,737980694658,35,45577,3792,0,0,3792.000,2423.63
1269715721557,1144182451481,218256180115,2872,46619,3792,0,0,3792.000,2423.63
1269715721557,1144182451481,464971986627,53,45183,3756,0,0,3756.000,2423.63
1269715721557,304098580809,540576910132,266321,45852,3804,0,0,3804.000,2423.63
1269715721557,304098580809,23888652701,65,44952,3816,0,0,3816.000,2423.63
1269715721557,1253713076824,489351401443,110691,45785,3786,0,0,3786.000,2423.63
1269715721557,1253713076824,1082209831628,13,44850,3792,0,0,3792.000,2423.63
1269715721557,566801267050,107729391643,309329,46202,3780,0,0,3780.000,2423.63
1269715721557,566801267050,485900287296,63,45309,3792,0,0,3792.000,2423.63
1269715721557,436974324855,347802839007,315368,45393,3822,0,0,3822.000,2423.63
1269715721557,436974324855,427177075521,43,45369,3768,0,0,3768.000,2423.63
1270815461191,230356894345,94576034571,507871,43701,3492,0,0,3492.000,2241.35
1270815461191,230356894345,979414147468,56,43560,3492,0,0,3492.000,2241.35
1270815461191,650729121301,901175262276,168387,45058,3492,0,0,3492.000,2241.35
1270815461191,650729121301,354164368341,33,44035,3492,0,0,3492.000,2241.35
1270815461191,984982892392,574757451916,109790,44952,3492,0,0,3492.000,2241.35
1270815461191,984982892392,336921304831,37,43310,3492,0,0,3492.000,2241.35
1270815461191,120198167476,1219620699187,231393,80136,3492,0,0,3492.000,2241.35
1270815461191,120198167476,1093205018464,84,79261,3492,0,0,3492.000,2241.35
1270815461191,983509436437,618919491536,134910,44786,3492,0,0,3492.000,2241.35
1270815461191,983509436437,901329698766,42,44600,3492,0,0,3492.000,2241.35
1270815461191,1120353413688,196652025232,52261,44452,3492,0,0,3492.000,2241.35
1270815461191,1120353413688,1134457229848,54,44018,3492,0,0,3492.000,2241.35
1270815461191,1147064818979,48783370976,449522,45160,3492,0,0,3492.000,2241.35
1270815461191,1147064818979,675735116279,21,43726,3492,0,0,3492.000,2241.35
1270815461191,1004927020382,893568966413,117417,44076,3492,0,0,3492.000,2241.35
1270815461191,1004927020382,926647753189,12,43476,3492,0,0,3492.000,2241.35
1270815461191,244522283992,87045977853,63983,44076,3492,0,0,3492.000,2241.35
1270815461191,244522283992,443470078828,34,43809,3492,0,0,3492.000,2241.35
1270815461191,170955804000,617040107588,97067,44494,3492,0,0,3492.000,2241.35
1270815461191,170955804000,940702311156,15,44309,3492,0,0,3492.000,2241.35
1277790814423,659966922734,13700939863,83082,43576,3288,0,0,3288.000,5233.33
1277790814423,659966922734,601743816925,15,43476,3288,0,0,3288.000,5233.33
1277790814423,1073913487629,1179774584707,58350,43225,3288,0,0,3288.000,5233.33
1277790814423,1073913487629,460303736990,27,43643,3288,0,0,3288.000,5233.33
1277790814423,293158489901,234596598421,48171,43976,3288,0,0,3288.000,5233.33
1277790814423,293158489901,449071386769,39,44160,3288,0,0,3288.000,5233.33
1277790814423,400656939579,669721534428,297842,43185,3288,0,0,3288.000,5233.33
1277790814423,400656939579,1143793042302,14,43226,3288,0,0,3288.000,5233.33
1277790814423,325409180831,789839201003,360926,44868,3288,0,0,3288.000,5233.33
1277790814423,325409180831,551906981131,53,43727,3288,0,0,3288.000,5233.33
1277790814423,914924011773,267066957655,261697,44309,3288,0,0,3288.000,5233.33
1277790814423,914924011773,191054919700,42,43494,3288,0,0,3288.000,5233.33
1277790814423,1204509853363,167658385690,1907119,44827,3288,0,0,3288.000,5233.33
1277790814423,1204509853363,1115746148492,45,43851,3288,0,0,3288.000,5233.33
1277790814423,481411665877,137220870846,296934,44434,3288,0,0,3288.000,5233.33
1277790814423,481411665877,509312829743,61,44035,3288,0,0,3288.000,5233.33
1277790814423,622991858100,793638114651,63530,43685,3288,0,0,3288.000,5233.33
1277790814423,622991858100,605567517420,62,43368,3288,0,0,3288.000,5233.33
1277790814423,2373705572,152462057386,1027987,43702,3288,0,0,3288.000,5233.33
1277790814423,2373705572,34650335792,31,43142,3288,0,0,3288.000,5233.33
1278740918639,465302423915,1040526643891,119678,43517,3747,0,0,3747.000,3682.67
1278740918639,465302423915,739158674455,51,43518,3747,0,0,3747.000,3682.67
1278740918639,295411558211,1122063320506,212839,44768,3747,0,0,3747.000,3682.67
1278740918639,295411558211,391772317556,14,44201,3747,0,0,3747.000,3682.67
1278740918639,427867910779,1223542127738,1008597,45434,3747,0,0,3747.000,3682.67
1278740918639,427867910779,49361520695,45,45118,3747,0,0,3747.000,3682.67
1278740918639,127983466785,420967338268,441989,43703,3747,0,0,3747.000,3682.67
1278740918639,127983466785,352082060740,41,44267,3747,0,0,3747.000,3682.67
1278740918639,657087210082,687216588597,981232,87803,3747,0,0,3747.000,3682.67
1278740918639,657087210082,462396645622,110,80285,3747,0,0,3747.000,3682.67
1278740918639,1142922227060,472909359169,72502,44435,3747,0,0,3747.000,3682.67
1278740918639,1142922227060,220867983498,23,44202,3747,0,0,3747.000,3682.67
1278740918639,1156203602947,276721256709,65118,44160,3747,0,0,3747.000,3682.67
1278740918639,1156203602947,1201867991784,69,44142,3747,0,0,3747.000,3682.67
1278740918639,1155471363914,542381657985,38458,45768,3747,0,0,3747.000,3682.67
1278740918639,1155471363914,906161412675,33,44577,3747,0,0,3747.000,3682.67
1278740918639,739244731158,960855592152,15604,44559,3747,0,0,3747.000,3682.67
1278740918639,739244731158,270228293571,20,44660,3747,0,0,3747.000,3682.67
1278740918639,395859785740,603825994023,54494,44933,3747,0,0,3747.000,3682.67
1278740918639,395859785740,175550525855,20,44161,3747,0,0,3747.000,3682.67
1279732783073,FAILED,FAILED,FAILED,FAILED,FAILED,FAILED,FAILED,FAILED,FAILED
1280708256449,FAILED,FAILED,FAILED,FAILED,FAILED,FAILED,FAILED,FAILED,FAILED
1288359280807,864385631639,1068880435378,363428,44243,3492,0,0,3492.000,3899.79
1288359280807,864385631639,986650174859,46,43435,3492,0,0,3492.000,3899.79
1288359280807,91128773985,793981743191,21190,42600,3492,0,0,3492.000,3899.79
1288359280807,91128773985,74686659899,43,42184,3492,0,0,3492.000,3899.79
1288359280807,1000121174929,735791045844,331845,43809,3492,0,0,3492.000,3899.79
1288359280807,1000121174929,228628144063,41,43285,3492,0,0,3492.000,3899.79
1288359280807,988180421785,823094774228,207264,42643,3492,0,0,3492.000,3899.79
1288359280807,988180421785,646900073825,25,43076,3492,0,0,3492.000,3899.79
1288359280807,1128152559498,347398500104,333211,43434,3492,0,0,3492.000,3899.79
1288359280807,1128152559498,634981516851,21,42785,3492,0,0,3492.000,3899.79
1288359280807,136439246492,944642810350,84344,44268,3492,0,0,3492.000,3899.79
1288359280807,136439246492,1221891181921,25,43326,3492,0,0,3492.000,3899.79
1288359280807,234428672746,319135986649,307997,44477,3492,0,0,3492.000,3899.79
1288359280807,234428672746,441957449303,64,44327,3492,0,0,3492.000,3899.79
1288359280807,630870320995,1039770116386,74024,45451,3492,0,0,3492.000,3899.79
1288359280807,630870320995,111354153002,49,44142,3492,0,0,3492.000,3899.79
1288359280807,779183687860,545906443742,980760,79952,3492,0,0,3492.000,3899.79
1288359280807,779183687860,3130807373,36,78011,3492,0,0,3492.000,3899.79
1288359280807,192493400595,677737673911,645732,45226,3492,0,0,3492.000,3899.79
1288359280807,192493400595,1269167139015,15,44369,3492,0,0,3492.000,3899.79
1290899556929,FAILED,FAILED,FAILED,FAILED,FAILED,FAILED,FAILED,FAILED,FAILED
1295028735037,804334142443,157935031885,157174,43453,3633,0,0,3633.000,3005.16
1295028735037,804334142443,1023506576008,39,43975,3651,0,0,3651.000,3005.16
1295028735037,309352886188,344021801171,437841,43685,3627,0,0,3627.000,3005.16
1295028735037,309352886188,897129620534,37,43785,3681,0,0,3681.000,3005.16
1295028735037,58605487585,171636936895,5348,44767,3651,0,0,3651.000,3005.16
1295028735037,58605487585,326420919821,59,44160,3633,0,0,3633.000,3005.16
1295028735037,848361782665,806499918576,66668,43910,3639,0,0,3639.000,3005.16
1295028735037,848361782665,878898767712,28,43808,3651,0,0,3651.000,3005.16
1295028735037,436856927053,962145742161,496733,45202,3627,0,0,3627.000,3005.16
1295028735037,436856927053,613564621033,39,44726,3645,0,0,3645.000,3005.16
1295028735037,434684131467,1167137202176,182142,44475,3639,0,0,3639.000,3005.16
1295028735037,434684131467,339199637100,21,44035,3627,0,0,3627.000,3005.16
1295028735037,370695088726,702801108967,48994,83201,3657,0,0,3657.000,3005.16
1295028735037,370695088726,533227879375,32,81511,3627,0,0,3627.000,3005.16
1295028735037,1066089508261,729773968773,500077,45935,3633,0,0,3633.000,3005.16
1295028735037,1066089508261,973969286212,55,45410,3669,0,0,3669.000,3005.16
1295028735037,876731849050,900255698318,327575,84970,3663,0,0,3663.000,3005.16
1295028735037,876731849050,438919656701,120,90887,3621,0,0,3621.000,3005.16
1295028735037,251925583855,1094441211808,167809,45101,3645,0,0,3645.000,3005.16
1295028735037,251925583855,259036043857,47,44494,3615,0,0,3615.000,3005.16
1304621602121,FAILED,FAILED,FAILED,FAILED,FAILED,FAILED,FAILED,FAILED,FAILED
1304992536469,323587161617,1297729171135,272692,44934,4110,0,0,4110.000,3084.37
1304992536469,323587161617,1174249925247,3,44576,4110,0,0,4110.000,3084.37
1304992536469,554502413912,111926241313,281783,46118,4068,0,0,4068.000,3084.37
1304992536469,554502413912,276551973928,22,45767,4110,0,0,4110.000,3084.37
1304992536469,246722112678,1193111474750,180174,46952,4104,0,0,4104.000,3084.37
1304992536469,246722112678,332154929272,36,46684,4140,0,0,4140.000,3084.37
1304992536469,205610415520,150291280223,130699,46310,4110,0,0,4110.000,3084.37
1304992536469,205610415520,536840454754,32,45660,4086,0,0,4086.000,3084.37
1304992536469,264895642095,388245359235,154460,45826,4104,0,0,4104.000,3084.37
1304992536469,264895642095,1030546101901,2,45892,4104,0,0,4104.000,3084.37
1304992536469,598752947809,626578541191,611907,46493,4110,0,0,4110.000,3084.37
1304992536469,598752947809,886892169969,50,46727,4080,0,0,4080.000,3084.37
1304992536469,367316878315,978049292316,523997,91345,4098,0,0,4098.000,3084.37
1304992536469,367316878315,586578616289,95,85326,4092,0,0,4092.000,3084.37
1304992536469,962222742679,575677026095,211537,46351,4080,0,0,4080.000,3084.37
1304992536469,962222742679,1243093785423,67,46243,4122,0,0,4122.000,3084.37
1304992536469,566297403696,355687898275,103847,46827,4098,0,0,4098.000,3084.37
1304992536469,566297403696,1148809733992,23,46225,4092,0,0,4092.000,3084.37
1304992536469,989569930139,1019716125419,37821,46226,4110,0,0,4110.000,3084.37
1304992536469,989569930139,934786463337,13,45743,4122,0,0,4122.000,3084.37
1309331907287,149420108660,162030491445,53990,43602,3543,0,0,3543.000,1981.91
1309331907287,149420108660,342798147462,37,42869,3543,0,0,3543.000,1981.91
1309331907287,397804384569,1135180131681,251302,43827,3543,0,0,3543.000,1981.91
1309331907287,397804384569,529260573824,31,43101,3543,0,0,3543.000,1981.91
1309331907287,269119165216,301271151407,52854,44475,3543,0,0,3543.000,1981.91
1309331907287,269119165216,1112651380380,18,43369,3543,0,0,3543.000,1981.91
1309331907287,714123412455,425930298145,31127,43535,3543,0,0,3543.000,1981.91
1309331907287,714123412455,1198012474951,36,42892,3543,0,0,3543.000,1981.91
1309331907287,834817688556,553313193560,571908,42892,3543,0,0,3543.000,1981.91
1309331907287,834817688556,690382159925,53,43076,3543,0,0,3543.000,1981.91
1309331907287,155265210605,624314890573,81026,43685,3543,0,0,3543.000,1981.91
1309331907287,155265210605,840509113642,48,43160,3543,0,0,3543.000,1981.91
1309331907287,1202467636358,245433517209,117135,43101,3543,0,0,3543.000,1981.91
1309331907287,1202467636358,642436892816,30,42452,3543,0,0,3543.000,1981.91
1309331907287,26571641844,933105493774,473002,43369,3543,0,0,3543.000,1981.91
1309331907287,26571641844,1179583524204,52,42684,3543,0,0,3543.000,1981.91
1309331907287,671923565464,49554868705,34243,45642,3543,0,0,3543.000,1981.91
1309331907287,671923565464,928416016922,66,44285,3543,0,0,3543.000,1981.91
1309331907287,971164062294,986245087883,167021,44035,3543,0,0,3543.000,1981.91
1309331907287,971164062294,314108414396,22,43893,3543,0,0,3543.000,1981.91
1311239146967,150446499363,106154634927,862377,45143,3696,0,0,3696.000,3172.97
1311239146967,150446499363,283206279398,26,45452,3696,0,0,3696.000,3172.97
1311239146967,452308545320,39181693223,7753,44975,3696,0,0,3696.000,3172.97
1311239146967,452308545320,658898951622,39,45660,3696,0,0,3696.000,3172.97
1311239146967,385522830600,1216556643604,548830,45368,3696,0,0,3696.000,3172.97
1311239146967,385522830600,293257866168,34,44393,3696,0,0,3696.000,3172.97
1311239146967,1153970817985,934073342999,63092,44559,3696,0,0,3696.000,3172.97
1311239146967,1153970817985,444262759032,23,43993,3696,0,0,3696.000,3172.97
1311239146967,1077377338601,292805335573,108798,44951,3696,0,0,3696.000,3172.97
1311239146967,1077377338601,732251820628,39,44435,3696,0,0,3696.000,3172.97
1311239146967,1163932014989,1274830612111,492745,45785,3696,0,0,3696.000,3172.97
1311239146967,1163932014989,14750885911,49,45060,3696,0,0,3696.000,3172.97
1311239146967,395311910855,694918781163,148428,44035,3696,0,0,3696.000,3172.97
1311239146967,395311910855,496701450162,49,43976,3696,0,0,3696.000,3172.97
1311239146967,225110633958,738867778089,328364,44618,3696,0,0,3696.000,3172.97
1311239146967,225110633958,678920479177,41,43935,3696,0,0,3696.000,3172.97
1311239146967,1136394001222,307341582316,18839,44203,3696,0,0,3696.000,3172.97
1311239146967,1136394001222,480727714042,28,43892,3696,0,0,3696.000,3172.97
1311239146967,1084118708870,855222143068,213194,45684,3696,0,0,3696.000,3172.97
1311239146967,1084118708870,337086270760,44,44243,3696,0,0,3696.000,3172.97
1311548240017,FAILED,FAILED,FAILED,FAILED,FAILED,FAILED,FAILED,FAILED,FAILED
1313128856773,685871976078,39376368106,68129,83136,3795,0,0,3795.000,2724.42
1313128856773,685871976078,1017190888505,31,80577,3723,0,0,3723.000,2724.42
1313128856773,208822948003,988130903221,294376,45351,3741,0,0,3741.000,2724.42
1313128856773,208822948003,927338649463,36,45160,3753,0,0,3753.000,2724.42
1313128856773,1067122737073,1068039101157,134793,45475,3759,0,0,3759.000,2724.42
1313128856773,1067122737073,895790396536,22,44703,3735,0,0,3735.000,2724.42
1313128856773,1100194108356,863029736010,79200,45577,3741,0,0,3741.000,2724.42
1313128856773,1100194108356,78553449109,47,45308,3753,0,0,3753.000,2724.42
1313128856773,696863395787,500888996424,151637,45326,3759,0,0,3759.000,2724.42
1313128856773,696863395787,949539335272,45,45350,3747,0,0,3747.000,2724.42
1313128856773,16339029549,14180023008,12468,83160,3759,0,0,3759.000,2724.42
1313128856773,16339029549,354189405664,10,90177,3765,0,0,3765.000,2724.42
1313128856773,1063731201277,676273633645,257355,45743,3729,0,0,3729.000,2724.42
1313128856773,1063731201277,619005195549,46,45059,3753,0,0,3753.000,2724.42
1313128856773,1187865529802,1198676917096,179575,85178,3735,0,0,3735.000,2724.42
1313128856773,1187865529802,175760343744,104,83636,3747,0,0,3747.000,2724.42
1313128856773,974837158161,681866806653,658221,45827,3753,0,0,3753.000,2724.42
1313128856773,974837158161,522487659765,40,45143,3735,0,0,3735.000,2724.42
1313128856773,55511515961,851063238144,422329,46035,3747,0,0,3747.000,2724.42
1313128856773,55511515961,574184858699,28,45893,3771,0,0,3771.000,2724.42
1318384963673,FAILED,FAILED,FAILED,FAILED,FAILED,FAILED,FAILED,FAILED,FAILED
1319341066931,171493487688,1128542165435,489900,44535,3696,0,0,3696.000,2814.45
1319341066931,171493487688,1121187086360,41,45060,3696,0,0,3696.000,2814.45
1319341066931,1067087229878,651055041630,229297,45101,3696,0,0,3696.000,2814.45
1319341066931,1067087229878,698931416539,22,44350,3696,0,0,3696.000,2814.45
1319341066931,990303755579,121828200353,97064,45493,3696,0,0,3696.000,2814.45
1319341066931,990303755579,558297405141,45,43727,3696,0,0,3696.000,2814.45
1319341066931,845605363442,1315885579342,121300,44643,3696,0,0,3696.000,2814.45
1319341066931,845605363442,1201717159516,48,44327,3696,0,0,3696.000,2814.45
1319341066931,695536543693,107586838162,244153,45934,3696,0,0,3696.000,2814.45
1319341066931,695536543693,1228077894614,39,45660,3696,0,0,3696.000,2814.45
1319341066931,1120255254128,192445372715,110753,44310,3696,0,0,3696.000,2814.45
1319341066931,1120255254128,1191351973826,40,43726,3696,0,0,3696.000,2814.45
1319341066931,55835152957,1039849665895,890,45451,3696,0,0,3696.000,2814.45
1319341066931,55835152957,737395521661,40,44684,3696,0,0,3696.000,2814.45
1319341066931,1008058939434,138336814503,268233,45370,3696,0,0,3696.000,2814.45
1319341066931,1008058939434,625366038507,37,44100,3696,0,0,3696.000,2814.45
1319341066931,123977184301,1244480574970,290470,44852,3696,0,0,3696.000,2814.45
1319341066931,123977184301,93956304749,1,43494,3696,0,0,3696.000,2814.45
1319341066931,1143002047997,1059441663533,519294,83660,3696,0,0,3696.000,2814.45
1319341066931,1143002047997,719719101741,67,81511,3696,0,0,3696.000,2814.45
1319632961237,1065541928490,1152836438125,124957,44285,3708,0,0,3708.000,3048.39
1319632961237,1065541928490,691464907263,56,43642,3690,0,0,3690.000,3048.39
1319632961237,796141717133,853581656754,697707,82218,3690,0,0,3690.000,3048.39
1319632961237,796141717133,1115702267036,62,80762,3714,0,0,3714.000,3048.39
1319632961237,1215786324312,1277125927180,42032,47410,3690,0,0,3690.000,3048.39
1319632961237,1215786324312,1279014891325,20,45142,3708,0,0,3708.000,3048.39
1319632961237,373761877506,189096027295,133770,46602,3672,0,0,3672.000,3048.39
1319632961237,373761877506,1109438759971,45,45827,3720,0,0,3720.000,3048.39
1319632961237,187623594522,745102013928,61933,45559,3678,0,0,3678.000,3048.39
1319632961237,187623594522,369363524464,21,45160,3672,0,0,3672.000,3048.39
1319632961237,1306228621527,274935370238,406530,45809,3732,0,0,3732.000,3048.39
1319632961237,1306228621527,252553098191,51,45118,3654,0,0,3654.000,3048.39
1319632961237,836340881795,909507903458,366811,46393,3678,0,0,3678.000,3048.39
1319632961237,836340881795,725492660829,29,45577,3690,0,0,3690.000,3048.39
1319632961237,852367053627,817495159388,253992,45160,3690,0,0,3690.000,3048.39
1319632961237,852367053627,1229543429327,31,45268,3702,0,0,3702.000,3048.39
1319632961237,1074431832447,578455831799,224740,45326,3666,0,0,3666.000,3048.39
1319632961237,1074431832447,84593665484,38,45059,3678,0,0,3678.000,3048.39
1319632961237,675562161375,507856210258,254522,45934,3708,0,0,3708.000,3048.39
1319632961237,675562161375,1047903212868,50,45826,3672,0,0,3672.000,3048.39
1332161612123,34505722344,736446040578,648746,44517,3492,0,0,3492.000,4697.41
1332161612123,34505722344,1324688340316,28,44244,3492,0,0,3492.000,4697.41
1332161612123,1329858004076,1076599251486,560985,44660,3492,0,0,3492.000,4697.41
1332161612123,1329858004076,594392802410,24,43392,3492,0,0,3492.000,4697.41
1332161612123,1121158235320,88879408288,72574,46060,3492,0,0,3492.000,4697.41
1332161612123,1121158235320,1294749072926,40,45535,3492,0,0,3492.000,4697.41
1332161612123,338342174964,242417587937,757846,43910,3492,0,0,3492.000,4697.41
1332161612123,338342174964,497732250184,30,43643,3492,0,0,3492.000,4697.41
1332161612123,157724911354,1210066380938,77744,44725,3492,0,0,3492.000,4697.41
1332161612123,157724911354,11397992085,27,42868,3492,0,0,3492.000,4697.41
1332161612123,429253582505,1308026020268,388036,44601,3492,0,0,3492.000,4697.41
1332161612123,429253582505,383955311545,11,44201,3492,0,0,3492.000,4697.41
1332161612123,1016449216682,1204413068964,348901,44285,3492,0,0,3492.000,4697.41
1332161612123,1016449216682,265683928334,42,44768,3492,0,0,3492.000,4697.41
1332161612123,1168894216379,297936937907,131362,44993,3492,0,0,3492.000,4697.41
1332161612123,1168894216379,54576335989,37,43476,3492,0,0,3492.000,4697.41
1332161612123,453572791065,1155646184726,511354,45309,3492,0,0,3492.000,4697.41
1332161612123,453572791065,107890492441,21,44868,3492,0,0,3492.000,4697.41
1332161612123,814286070102,1171814506892,793421,80761,3492,0,0,3492.000,4697.41
1332161612123,814286070102,436500387902,58,77952,3492,0,0,3492.000,4697.41
1333868712277,1299726351860,887663740624,87104,45910,3627,0,0,3627.000,1275.89
1333868712277,1299726351860,9537926339,7,45476,3657,0,0,3657.000,1275.89
1333868712277,939596462967,1099716949548,260763,45660,3621,0,0,3621.000,1275.89
1333868712277,939596462967,646262590794,27,44809,3657,0,0,3657.000,1275.89
1333868712277,3165740963,384168262358,47600,45393,3633,0,0,3633.000,1275.89
1333868712277,3165740963,516882931453,49,44744,3669,0,0,3669.000,1275.89
1333868712277,428182319520,414853189670,72842,82595,3663,0,0,3663.000,1275.89
1333868712277,428182319520,218546681744,81,80202,3621,0,0,3621.000,1275.89
1333868712277,77242431626,1021611896413,22298,46309,3663,0,0,3663.000,1275.89
1333868712277,77242431626,74076638693,66,45660,3645,0,0,3645.000,1275.89
1333868712277,164398299700,767915964240,131656,45743,3639,0,0,3639.000,1275.89
1333868712277,164398299700,1104695325787,56,45726,3663,0,0,3663.000,1275.89
1333868712277,510871493985,864679578820,248619,45785,3639,0,0,3639.000,1275.89
1333868712277,510871493985,1031307665781,10,45559,3627,0,0,3627.000,1275.89
1333868712277,729129508413,311542559393,1213,46185,3675,0,0,3675.000,1275.89
1333868712277,729129508413,1216154335402,40,44910,3669,0,0,3669.000,1275.89
1333868712277,318401379608,812934827075,89981,82870,3651,0,0,3651.000,1275.89
1333868712277,318401379608,722450166962,42,80385,3633,0,0,3633.000,1275.89
1333868712277,58372509718,466836907734,48450,46393,3627,0,0,3627.000,1275.89
1333868712277,58372509718,187378687085,13,45285,3621,0,0,3621.000,1275.89
1336113899741,186371991887,745857869125,1089294,44036,3621,0,0,3621.000,7627.50
1336113899741,186371991887,350497408558,32,44976,3645,0,0,3645.000,7627.50
1336113899741,782833696696,50677934346,117174,44935,3651,0,0,3651.000,7627.50
1336113899741,782833696696,326944211744,21,44410,3663,0,0,3663.000,7627.50
1336113899741,305624892044,516622551384,2224918,45868,3633,0,0,3633.000,7627.50
1336113899741,305624892044,51001014013,28,45684,3681,0,0,3681.000,7627.50
1336113899741,909309305361,639566174514,41514,45184,3621,0,0,3621.000,7627.50
1336113899741,909309305361,360106843844,32,45618,3657,0,0,3657.000,7627.50
1336113899741,1243322806766,327615776017,321865,45577,3663,0,0,3663.000,7627.50
1336113899741,1243322806766,194536962890,14,45017,3639,0,0,3639.000,7627.50
1336113899741,1088674809841,807199172158,167899,46785,3645,0,0,3645.000,7627.50
1336113899741,1088674809841,1256892028367,35,45393,3621,0,0,3621.000,7627.50
1336113899741,1079875591487,715615254175,847816,43868,3633,0,0,3633.000,7627.50
1336113899741,1079875591487,1109672925506,14,43643,3639,0,0,3639.000,7627.50
1336113899741,274124201868,10897764565,657416,44183,3657,0,0,3657.000,7627.50
1336113899741,274124201868,228592456997,10,42768,3621,0,0,3621.000,7627.50
1341891007657,FAILED,FAILED,FAILED,FAILED,FAILED,FAILED,FAILED,FAILED,FAILED
1343292127171,289439296344,723792096239,499947,44602,3645,0,0,3645.000,2382.82
1343292127171,289439296344,271229350804,34,43702,3645,0,0,3645.000,2382.82
1343292127171,52006439633,1074540446628,49787,44952,3645,0,0,3645.000,2382.82
1343292127171,52006439633,845933194955,62,43518,3645,0,0,3645.000,2382.82
1343292127171,979854442594,12934781369,360387,44352,3645,0,0,3645.000,2382.82
1343292127171,979854442594,696814750260,64,43285,3645,0,0,3645.000,2382.82
1343292127171,1320199626276,402939130205,293646,44493,3645,0,0,3645.000,2382.82
1343292127171,1320199626276,966826472936,57,43600,3645,0,0,3645.000,2382.82
1343292127171,429472096568,490912397680,164715,81386,3645,0,0,3645.000,2382.82
1343292127171,429472096568,668567227485,70,80076,3645,0,0,3645.000,2382.82
1343292127171,89696297402,730170135855,92209,43993,3645,0,0,3645.000,2382.82
1343292127171,89696297402,998382997060,9,43060,3645,0,0,3645.000,2382.82
1343292127171,787655325152,414446406692,10055,44285,3645,0,0,3645.000,2382.82
1343292127171,787655325152,160767626086,9,43142,3645,0,0,3645.000,2382.82
1343292127171,1106132446116,1098155577261,453121,45118,3645,0,0,3645.000,2382.82
1343292127171,1106132446116,641460821057,34,43435,3645,0,0,3645.000,2382.82
1343292127171,920590614290,5719239018,34722,82260,3645,0,0,3645.000,2382.82
1343292127171,920590614290,131588659292,78,79952,3645,0,0,3645.000,2382.82
1343292127171,24719230186,1315774709572,262052,44285,3645,0,0,3645.000,2382.82
1343292127171,24719230186,804205969339,46,43225,3645,0,0,3645.000,2382.82
1344347534609,FAILED,FAILED,FAILED,FAILED,FAILED,FAILED,FAILED,FAILED,FAILED
1346430950009,FAILED,FAILED,FAILED,FAILED,FAILED,FAILED,FAILED,FAILED,FAILED
1347253445773,868042651004,1140498406947,195618,44517,3618,0,0,3618.000,2241.41
1347253445773,868042651004,1319044322357,33,43828,3612,0,0,3612.000,2241.41
1347253445773,63918937542,400892590611,498311,44118,3612,0,0,3612.000,2241.41
1347253445773,63918937542,1272214231124,21,43310,3576,0,0,3576.000,2241.41
1347253445773,69723291441,1203615776623,99797,44810,3618,0,0,3618.000,2241.41
1347253445773,69723291441,450039059959,40,43952,3564,0,0,3564.000,2241.41
1347253445773,1103844707808,88459731595,52006,45601,3624,0,0,3624.000,2241.41
1347253445773,1103844707808,587746778035,30,44702,3618,0,0,3618.000,2241.41
1347253445773,1151731263674,1209465188076,303197,44868,3600,0,0,3600.000,2241.41
1347253445773,1151731263674,1033860567171,44,44059,3600,0,0,3600.000,2241.41
1347253445773,448763601513,1165101691428,73386,44827,3594,0,0,3594.000,2241.41
1347253445773,448763601513,1244615288513,21,44268,3630,0,0,3630.000,2241.41
1347253445773,1341497494616,998333676369,97209,44993,3594,0,0,3594.000,2241.41
1347253445773,1341497494616,991615990454,42,44059,3606,0,0,3606.000,2241.41
1347253445773,1047485976114,1236680403311,167303,44827,3612,0,0,3612.000,2241.41
1347253445773,1047485976114,479968624693,55,43475,3582,0,0,3582.000,2241.41
1347253445773,555837719090,116966542287,4170,44893,3600,0,0,3600.000,2241.41
1347253445773,555837719090,683958794103,81,44076,3612,0,0,3612.000,2241.41
1347253445773,503761967068,275977233511,401891,82428,3582,0,0,3582.000,2241.41
1347253445773,503761967068,1226193297310,25,81095,3612,0,0,3612.000,2241.41
1354267330151,326099572027,1345150405175,379295,44036,3645,0,0,3645.000,1441.89
1354267330151,326099572027,186872212480,5,43184,3645,0,0,3645.000,1441.89
1354267330151,685318915902,1084642277984,241769,43143,3645,0,0,3645.000,1441.89
1354267330151,685318915902,1237558821717,25,43310,3645,0,0,3645.000,1441.89
1354267330151,666408579721,76109524353,165389,43726,3645,0,0,3645.000,1441.89
1354267330151,666408579721,1309638665807,22,42975,3645,0,0,3645.000,1441.89
1354267330151,1162090791122,1261961649246,6085,44077,3645,0,0,3645.000,1441.89
1354267330151,1162090791122,1154101520100,44,43476,3645,0,0,3645.000,1441.89
1354267330151,650242410002,528541615499,2967,81260,3645,0,0,3645.000,1441.89
1354267330151,650242410002,1095572911280,44,79868,3645,0,0,3645.000,1441.89
1354267330151,353070482593,888029645847,63435,43643,3645,0,0,3645.000,1441.89
1354267330151,353070482593,1139776664681,32,42952,3645,0,0,3645.000,1441.89
1354267330151,776236629974,1131689044106,214729,43476,3645,0,0,3645.000,1441.89
1354267330151,776236629974,660498216455,28,42934,3645,0,0,3645.000,1441.89
1354267330151,965710821034,1205972305335,111773,43393,3645,0,0,3645.000,1441.89
1354267330151,965710821034,90398892534,33,43035,3645,0,0,3645.000,1441.89
1354267330151,1032186718464,485719677587,91639,43475,3645,0,0,3645.000,1441.89
1354267330151,1032186718464,798098298500,25,43870,3645,0,0,3645.000,1441.89
1354267330151,731955977226,235534608017,1176,43809,3645,0,0,3645.000,1441.89
1354267330151,731955977226,475902935551,29,43203,3645,0,0,3645.000,1441.89
1357033962773,1323560346483,138167654580,149077,44743,4008,0,0,4008.000,1981.12
1357033962773,1323560346483,196579129253,30,45309,3990,0,0,3990.000,1981.12
1357033962773,1287614895020,293139503627,59129,45643,4020,0,0,4020.000,1981.12
1357033962773,1287614895020,630495861436,22,44618,3996,0,0,3996.000,1981.12
1357033962773,106240134120,993341252026,357846,44868,3984,0,0,3984.000,1981.12
1357033962773,106240134120,621460944778,26,44434,4002,0,0,4002.000,1981.12
1357033962773,1280623382227,663211935667,118471,44910,3990,0,0,3990.000,1981.12
1357033962773,1280623382227,1074873172189,79,44768,4032,0,0,4032.000,1981.12
1357033962773,439056947029,394939258128,297551,44726,4008,0,0,4008.000,1981.12
1357033962773,439056947029,1350312387904,54,45577,3996,0,0,3996.000,1981.12
1357033962773,1335300995019,48508943547,270779,45851,3990,0,0,3990.000,1981.12
1357033962773,1335300995019,44069238103,49,44535,3984,0,0,3984.000,1981.12
1357033962773,495272777578,467030471555,100880,45285,4002,0,0,4002.000,1981.12
1357033962773,495272777578,99595918175,7,44768,4020,0,0,4020.000,1981.12
1357033962773,827270839874,1273411858357,21538,45475,3984,0,0,3984.000,1981.12
1357033962773,827270839874,1032720672445,50,44870,4008,0,0,4008.000,1981.12
1357033962773,260569184202,1044499690878,188877,44494,3984,0,0,3984.000,1981.12
1357033962773,260569184202,1174018795199,10,44184,4014,0,0,4014.000,1981.12
1357033962773,903878972407,1070483847433,10242,46018,4032,0,0,4032.000,1981.12
1357033962773,903878972407,118845077112,36,44934,4002,0,0,4002.000,1981.12
1357888167133,639450853372,720306927188,205328,44851,3663,0,0,3663.000,8039.93
1357888167133,639450853372,1255558367012,61,43952,3663,0,0,3663.000,8039.93
1357888167133,352923648800,819206384773,2001300,44476,3657,0,0,3657.000,8039.93
1357888167133,352923648800,1055259183008,2,43160,3645,0,0,3645.000,8039.93
1357888167133,544011861611,864087748936,211419,44576,3657,0,0,3657.000,8039.93
1357888167133,544011861611,957637552394,60,44393,3651,0,0,3651.000,8039.93
1357888167133,306636994359,1315674732541,42675,44226,3633,0,0,3633.000,8039.93
1357888167133,306636994359,995724163878,33,43743,3633,0,0,3633.000,8039.93
1357888167133,273244042256,781199304042,33382,44577,3657,0,0,3657.000,8039.93
1357888167133,273244042256,1074981469040,36,44809,3663,0,0,3663.000,8039.93
1357888167133,298099287574,579878224019,861521,47535,3633,0,0,3633.000,8039.93
1357888167133,298099287574,190912992343,59,44227,3651,0,0,3651.000,8039.93
1357888167133,448949827682,159840004087,1900259,45185,3639,0,0,3639.000,8039.93
1357888167133,448949827682,1307305548039,44,43660,3621,0,0,3621.000,8039.93
1357888167133,1089265902767,421696019350,191210,44518,3663,0,0,3663.000,8039.93
1357888167133,1089265902767,768248483529,32,43993,3669,0,0,3669.000,8039.93
1357888167133,886014228828,251094247840,95058,43893,3633,0,0,3633.000,8039.93
1357888167133,886014228828,1061440041531,27,42493,3639,0,0,3639.000,8039.93
1359808086953,FAILED,FAILED,FAILED,FAILED,FAILED,FAILED,FAILED,FAILED,FAILED
1361719819703,189473353992,1356578900883,172458,45576,3798,0,0,3798.000,4774.54
1361719819703,189473353992,754103003135,47,44226,3798,0,0,3798.000,4774.54
1361719819703,504400083823,1344887354270,432415,82552,3798,0,0,3798.000,4774.54
1361719819703,504400083823,1253021838276,101,79869,3798,0,0,3798.000,4774.54
1361719819703,1000360902112,488138939187,198683,44893,3798,0,0,3798.000,4774.54
1361719819703,1000360902112,563829816911,62,43576,3798,0,0,3798.000,4774.54
1361719819703,1231079497124,1326579891847,340253,44976,3798,0,0,3798.000,4774.54
1361719819703,1231079497124,894530085666,26,43850,3798,0,0,3798.000,4774.54
1361719819703,506999210227,180927912637,528598,43810,3798,0,0,3798.000,4774.54
1361719819703,506999210227,1306821693064,30,44267,3798,0,0,3798.000,4774.54
1361719819703,1113605036027,1141432557179,500511,45143,3798,0,0,3798.000,4774.54
1361719819703,1113605036027,408873273210,27,43701,3798,0,0,3798.000,4774.54
1361719819703,713084297968,1120916981098,846425,44018,3798,0,0,3798.000,4774.54
1361719819703,713084297968,840476604804,54,43017,3798,0,0,3798.000,4774.54
1361719819703,1144217354905,913943445370,558628,43703,3798,0,0,3798.000,4774.54
1361719819703,1144217354905,1079252009470,23,43601,3798,0,0,3798.000,4774.54
1361719819703,884750212299,369520444988,513624,44018,3798,0,0,3798.000,4774.54
1361719819703,884750212299,1162795218990,62,44035,3798,0,0,3798.000,4774.54
1361719819703,1078535574914,904539860789,12688,44352,3798,0,0,3798.000,4774.54
1361719819703,1078535574914,392111559799,50,42744,3798,0,0,3798.000,4774.54
1361993960029,300402059407,745841697915,233982,44452,3720,0,0,3720.000,2530.07
1361993960029,300402059407,879905722832,14,44434,3720,0,0,3720.000,2530.07
1361993960029,858874692824,437664829409,195331,44827,3714,0,0,3714.000,2530.07
1361993960029,858874692824,771138759081,56,44435,3708,0,0,3708.000,2530.07
1361993960029,753056997614,921529100366,170112,44185,3732,0,0,3732.000,2530.07
1361993960029,753056997614,1073687762259,25,43951,3702,0,0,3702.000,2530.07
1361993960029,378919548779,582984108047,80557,43660,3708,0,0,3708.000,2530.07
1361993960029,378919548779,802636565069,15,44226,3678,0,0,3678.000,2530.07
1361993960029,193118759608,509404547513,95518,45494,3696,0,0,3696.000,2530.07
1361993960029,193118759608,1218536991504,31,44684,3708,0,0,3708.000,2530.07
1361993960029,921753625410,300743026683,703380,45517,3696,0,0,3696.000,2530.07
1361993960029,921753625410,502731036122,26,44119,3690,0,0,3690.000,2530.07
1361993960029,333253106471,429269977256,183124,45160,3714,0,0,3714.000,2530.07
1361993960029,333253106471,339624994623,31,44518,3702,0,0,3702.000,2530.07
1361993960029,1322937067564,80028158323,209577,44392,3708,0,0,3708.000,2530.07
1361993960029,1322937067564,1238964677522,32,43785,3672,0,0,3672.000,2530.07
1361993960029,1308514778529,161974636723,110548,83136,3702,0,0,3702.000,2530.07
1361993960029,1308514778529,1297865950537,35,80785,3690,0,0,3690.000,2530.07
1361993960029,107166365267,1225240195158,80283,44077,3678,0,0,3678.000,2530.07
1361993960029,107166365267,1288672421914,19,43934,3714,0,0,3714.000,2530.07
1362984420139,294322193085,354306920787,23680,43160,3645,0,0,3645.000,4160.75
1362984420139,294322193085,949688430823,31,43101,3645,0,0,3645.000,4160.75
1362984420139,949736400209,867832294512,50972,43309,3645,0,0,3645.000,4160.75
1362984420139,949736400209,156871414036,29,42850,3645,0,0,3645.000,4160.75
1362984420139,141928406097,856259824378,483786,44058,3645,0,0,3645.000,4160.75
1362984420139,141928406097,1070195476488,55,42786,3645,0,0,3645.000,4160.75
1362984420139,1054678398145,1226130472898,16854,43577,3645,0,0,3645.000,4160.75
1362984420139,1054678398145,459906796343,53,42767,3645,0,0,3645.000,4160.75
1362984420139,912610273260,660168050556,143497,42727,3645,0,0,3645.000,4160.75
1362984420139,912610273260,43141345456,19,43017,3645,0,0,3645.000,4160.75
1362984420139,373912456954,37122568387,966411,44160,3645,0,0,3645.000,4160.75
1362984420139,373912456954,1043234520216,14,43143,3645,0,0,3645.000,4160.75
1362984420139,423892797359,416733495523,80836,45142,3645,0,0,3645.000,4160.75
1362984420139,423892797359,253344783088,36,43578,3645,0,0,3645.000,4160.75
1362984420139,1087510098173,855584722441,1440205,43993,3645,0,0,3645.000,4160.75
1362984420139,1087510098173,978078548457,41,43392,3645,0,0,3645.000,4160.75
1362984420139,518267870124,532065565887,175734,42643,3645,0,0,3645.000,4160.75
1362984420139,518267870124,718159312087,29,43452,3645,0,0,3645.000,4160.75
1362984420139,529850371144,233991413164,282398,44559,3645,0,0,3645.000,4160.75
1362984420139,529850371144,388897205282,33,43451,3645,0,0,3645.000,4160.75
1364276397431,1237476425693,1302021340635,112513,81178,3747,0,0,3747.000,3067.42
1364276397431,1237476425693,875513828607,55,80468,3747,0,0,3747.000,3067.42
1364276397431,539807615,558480677730,76913,44952,3747,0,0,3747.000,3067.42
1364276397431,539807615,689791417622,24,43392,3747,0,0,3747.000,3067.42
1364276397431,1011371563620,616573986784,97225,44268,3747,0,0,3747.000,3067.42
1364276397431,1011371563620,997393714223,19,43660,3747,0,0,3747.000,3067.42
1364276397431,1203791320213,811036188300,23293,43975,3747,0,0,3747.000,3067.42
1364276397431,1203791320213,462271166609,25,43868,3747,0,0,3747.000,3067.42
1364276397431,139023811435,1067300124544,220663,43601,3747,0,0,3747.000,3067.42
1364276397431,139023811435,98468362311,5,42244,3747,0,0,3747.000,3067.42
1364276397431,167174537469,1238987478714,48063,43743,3747,0,0,3747.000,3067.42
1364276397431,167174537469,695925277729,22,43517,3747,0,0,3747.000,3067.42
1364276397431,792212081950,634289284831,1782435,83178,3747,0,0,3747.000,3067.42
1364276397431,792212081950,618564817389,101,81344,3747,0,0,3747.000,3067.42
1364276397431,232094674656,1227536295712,245263,43475,3747,0,0,3747.000,3067.42
1364276397431,232094674656,1126567211964,25,42952,3747,0,0,3747.000,3067.42
1364276397431,917871844192,268171002695,25231,44493,3747,0,0,3747.000,3067.42
1364276397431,917871844192,902071414425,63,43518,3747,0,0,3747.000,3067.42
1364276397431,806366387922,765520405806,21210,44100,3747,0,0,3747.000,3067.42
1364276397431,806366387922,904753773740,26,43203,3747,0,0,3747.000,3067.42
1371120867299,785376625157,620180752158,312238,43850,3798,0,0,3798.000,4889.29
1371120867299,785376625157,357194941080,29,43576,3798,0,0,3798.000,4889.29
1371120867299,177282230768,493038803379,159971,43393,3798,0,0,3798.000,4889.29
1371120867299,177282230768,543405890289,52,42893,3798,0,0,3798.000,4889.29
1371120867299,1066029057725,1043910477151,255228,43453,3798,0,0,3798.000,4889.29
1371120867299,1066029057725,179372882077,50,43642,3798,0,0,3798.000,4889.29
1371120867299,1208737817443,360802303129,2331033,43893,3798,0,0,3798.000,4889.29
1371120867299,1208737817443,693306315573,16,43434,3798,0,0,3798.000,4889.29
1371120867299,1198234689111,10530949044,220340,43910,3798,0,0,3798.000,4889.29
1371120867299,1198234689111,314158056403,40,43310,3798,0,0,3798.000,4889.29
1371120867299,404260554041,1335002897478,12794,44600,3798,0,0,3798.000,4889.29
1371120867299,404260554041,126569572485,47,43577,3798,0,0,3798.000,4889.29
1371120867299,651227063646,1299399455233,139946,44143,3798,0,0,3798.000,4889.29
1371120867299,651227063646,204162701676,42,44202,3798,0,0,3798.000,4889.29
1371120867299,376407408993,511981969258,237033,43827,3798,0,0,3798.000,4889.29
1371120867299,376407408993,163009912112,26,43684,3798,0,0,3798.000,4889.29
1371120867299,992427993061,1050582895822,53785,43933,3798,0,0,3798.000,4889.29
1371120867299,992427993061,464755239129,30,44120,3798,0,0,3798.000,4889.29
1371120867299,442340598726,388241317849,495553,43768,3798,0,0,3798.000,4889.29
1371120867299,442340598726,600809751801,31,43619,3798,0,0,3798.000,4889.29
1371751063853,1345294145191,425531163861,279159,44452,3723,0,0,3723.000,4413.30
1371751063853,1345294145191,47890754826,9,43601,3759,0,0,3759.000,4413.30
1371751063853,828289025192,975711833591,243067,44410,3747,0,0,3747.000,4413.30
1371751063853,828289025192,1099669843704,42,44101,3747,0,0,3747.000,4413.30
1371751063853,265404616524,676362395286,116525,44185,3777,0,0,3777.000,4413.30
1371751063853,265404616524,1229615525978,35,44160,3723,0,0,3723.000,4413.30
1371751063853,1071052879449,290726070459,243681,44411,3777,0,0,3777.000,4413.30
1371751063853,1071052879449,30354561715,25,44100,3741,0,0,3741.000,4413.30
1371751063853,668477894690,222252105983,691669,44685,3747,0,0,3747.000,4413.30
1371751063853,668477894690,380815399118,6,44202,3729,0,0,3729.000,4413.30
1371751063853,1028228906946,631046098520,185029,45078,3759,0,0,3759.000,4413.30
1371751063853,1028228906946,182039243315,39,45892,3765,0,0,3765.000,4413.30
1371751063853,116617924557,845652523459,223828,86178,3753,0,0,3753.000,4413.30
1371751063853,116617924557,350077643270,50,83510,3777,0,0,3777.000,4413.30
1371751063853,13765996022,842281970250,141191,83886,3771,0,0,3771.000,4413.30
1371751063853,13765996022,1174741913164,41,81261,3741,0,0,3741.000,4413.30
1371751063853,557832919051,368544744274,508138,44810,3741,0,0,3741.000,4413.30
1371751063853,557832919051,1158859358606,46,44035,3735,0,0,3735.000,4413.30
1371751063853,1130561765231,1057715346612,883954,44684,3771,0,0,3771.000,4413.30
1371751063853,1130561765231,348462769696,19,43743,3759,0,0,3759.000,4413.30
1372339188559,1362300710883,412164993191,87552,43559,3645,0,0,3645.000,2549.87
1372339188559,1362300710883,1203607452368,40,42868,3645,0,0,3645.000,2549.87
1372339188559,154211327495,893031386616,497586,44310,3645,0,0,3645.000,2549.87
1372339188559,154211327495,214104375029,15,43993,3645,0,0,3645.000,2549.87
1372339188559,1097501170702,605840992669,20809,45035,3645,0,0,3645.000,2549.87
1372339188559,1097501170702,317833848488,25,42851,3645,0,0,3645.000,2549.87
1372339188559,1147258760811,1281457851540,84087,43451,3645,0,0,3645.000,2549.87
1372339188559,1147258760811,39032601249,26,42727,3645,0,0,3645.000,2549.87
1372339188559,852340648980,664395099128,409696,43601,3645,0,0,3645.000,2549.87
1372339188559,852340648980,601323651590,39,42826,3645,0,0,3645.000,2549.87
1372339188559,1003424614279,984697918694,464119,44326,3645,0,0,3645.000,2549.87
1372339188559,1003424614279,284975312410,35,43393,3645,0,0,3645.000,2549.87
1372339188559,968133808251,96674187950,169481,43601,3645,0,0,3645.000,2549.87
1372339188559,968133808251,716532000482,20,43435,3645,0,0,3645.000,2549.87
1372339188559,281663114208,1271399840704,212291,82511,3645,0,0,3645.000,2549.87
1372339188559,281663114208,668576946075,92,80511,3645,0,0,3645.000,2549.87
1372339188559,688180040473,930180099180,194327,43018,3645,0,0,3645.000,2549.87
1372339188559,688180040473,937346483511,38,42826,3645,0,0,3645.000,2549.87
1372339188559,163910540867,813414617844,7912,44351,3645,0,0,3645.000,2549.87
1372339188559,163910540867,321455227831,26,42868,3645,0,0,3645.000,2549.87
1372982890403,315644232958,149402006482,156983,44185,3696,0,0,3696.000,3011.17
1372982890403,315644232958,1000662239384,45,43577,3696,0,0,3696.000,3011.17
1372982890403,1328621349969,1172196111871,70768,44202,3696,0,0,3696.000,3011.17
1372982890403,1328621349969,1222587153055,75,43350,3696,0,0,3696.000,3011.17
1372982890403,992842975688,1267487054906,73419,43327,3696,0,0,3696.000,3011.17
1372982890403,992842975688,205816501425,39,42893,3696,0,0,3696.000,3011.17
1372982890403,110941057536,1223410999685,6173,43702,3696,0,0,3696.000,3011.17
1372982890403,110941057536,232277849619,3,43060,3696,0,0,3696.000,3011.17
1372982890403,546634061982,629549984487,97962,44560,3696,0,0,3696.000,3011.17
1372982890403,546634061982,1169462104637,34,43910,3696,0,0,3696.000,3011.17
1372982890403,814118280884,1085646126440,1020891,44393,3696,0,0,3696.000,3011.17
1372982890403,814118280884,103574440478,68,44392,3696,0,0,3696.000,3011.17
1372982890403,407739155444,985934005350,45085,45226,3696,0,0,3696.000,3011.17
1372982890403,407739155444,706308340251,50,45410,3696,0,0,3696.000,3011.17
1372982890403,765281394456,14579050251,90661,46618,3696,0,0,3696.000,3011.17
1372982890403,765281394456,1126316291653,36,46351,3696,0,0,3696.000,3011.17
1372982890403,620152828764,205272957890,916216,46368,3696,0,0,3696.000,3011.17
1372982890403,620152828764,156236087738,22,45726,3696,0,0,3696.000,3011.17
1372982890403,802590280188,498055766718,60707,44226,3696,0,0,3696.000,3011.17
1372982890403,802590280188,113008094314,25,44618,3696,0,0,3696.000,3011.17
1373293449317,1119621019062,23003295819,71710,47493,3930,0,0,3930.000,1853.71
1373293449317,1119621019062,854536477776,41,47017,3906,0,0,3906.000,1853.71
1373293449317,305001399297,120740766602,214776,47369,3888,0,0,3888.000,1853.71
1373293449317,305001399297,863059735077,33,46702,3924,0,0,3924.000,1853.71
1373293449317,1184525743467,496588622101,89711,47952,3876,0,0,3876.000,1853.71
1373293449317,1184525743467,77817129575,47,47601,3888,0,0,3888.000,1853.71
1373293449317,281061432233,972704152593,153071,48267,3942,0,0,3942.000,1853.71
1373293449317,281061432233,196828810152,49,47244,3894,0,0,3894.000,1853.71
1373293449317,599685979885,207148415112,202751,46327,3906,0,0,3906.000,1853.71
1373293449317,599685979885,994765100752,44,45434,3864,0,0,3864.000,1853.71
1373293449317,133427712853,1141621350922,187875,48475,3888,0,0,3888.000,1853.71
1373293449317,133427712853,1056023596581,27,47410,3912,0,0,3912.000,1853.71
1373293449317,1248375383495,592316330239,71375,48226,3924,0,0,3924.000,1853.71
1373293449317,1248375383495,693632933566,18,47910,3888,0,0,3888.000,1853.71
1373293449317,1028437905698,838513086832,17582,75928,3894,0,0,3894.000,1853.71
1373293449317,1028437905698,1293295912310,59,82677,3882,0,0,3882.000,1853.71
1373293449317,959509559216,1088366854667,341737,47868,3924,0,0,3924.000,1853.71
1373293449317,959509559216,952870586948,33,47518,3900,0,0,3900.000,1853.71
1373293449317,715204782849,1340196153431,155772,84428,3864,0,0,3864.000,1853.71
1373293449317,715204782849,108045629727,63,83076,3900,0,0,3900.000,1853.71
1373462509339,605434353321,307713079394,120198,46184,3900,0,0,3900.000,2085.07
1373462509339,605434353321,609111059389,44,45868,3900,0,0,3900.000,2085.07
1373462509339,392651365611,100174612591,81805,47160,3900,0,0,3900.000,2085.07
1373462509339,392651365611,278391776216,28,48435,3900,0,0,3900.000,2085.07
1373462509339,1338174778109,263047092710,172286,46285,3900,0,0,3900.000,2085.07
1373462509339,1338174778109,980822144104,21,46643,3900,0,0,3900.000,2085.07
1373462509339,1159477640757,614186898836,139656,47160,3900,0,0,3900.000,2085.07
1373462509339,1159477640757,499908474098,30,45893,3900,0,0,3900.000,2085.07
1373462509339,478435862570,1173481737046,410231,45810,3900,0,0,3900.000,2085.07
1373462509339,478435862570,1076415896397,38,44994,3900,0,0,3900.000,2085.07
1373462509339,668171330132,425199945979,121548,46118,3900,0,0,3900.000,2085.07
1373462509339,668171330132,1309989613138,15,44518,3900,0,0,3900.000,2085.07
1373462509339,1243924019618,622234612487,24055,47018,3900,0,0,3900.000,2085.07
1373462509339,1243924019618,352084254092,33,46410,3900,0,0,3900.000,2085.07
1373462509339,1247816973132,694102841294,58443,45493,3900,0,0,3900.000,2085.07
1373462509339,1247816973132,555866826884,31,44976,3900,0,0,3900.000,2085.07
1373462509339,755743030500,782401437668,251112,47184,3900,0,0,3900.000,2085.07
1373462509339,755743030500,729795358694,9,46618,3900,0,0,3900.000,2085.07
1373462509339,505641758483,1118198395905,261765,45768,3900,0,0,3900.000,2085.07
1373462509339,505641758483,1102645104740,32,44660,3900,0,0,3900.000,2085.07
1376364542171,852123753271,775072744972,439997,43993,3594,0,0,3594.000,3909.26
1376364542171,852123753271,1162034390030,41,43893,3594,0,0,3594.000,3909.26
1376364542171,144376696468,473930557673,87217,46660,3594,0,0,3594.000,3909.26
1376364542171,144376696468,258631988629,34,45518,3594,0,0,3594.000,3909.26
1376364542171,984877344911,1216728128002,119627,44267,3594,0,0,3594.000,3909.26
1376364542171,984877344911,1304062108759,33,44160,3594,0,0,3594.000,3909.26
1376364542171,1058021904059,364767516819,1155357,46119,3594,0,0,3594.000,3909.26
1376364542171,1058021904059,150001363240,27,45560,3594,0,0,3594.000,3909.26
1376364542171,101910396179,1038471345117,5585,46642,3594,0,0,3594.000,3909.26
1376364542171,101910396179,1061816471198,27,45702,3594,0,0,3594.000,3909.26
1376364542171,728604581920,802370990129,179219,46785,3594,0,0,3594.000,3909.26
1376364542171,728604581920,677161330848,8,46059,3594,0,0,3594.000,3909.26
1376364542171,421123260948,34720045399,118183,44517,3594,0,0,3594.000,3909.26
1376364542171,421123260948,409239597075,34,44411,3594,0,0,3594.000,3909.26
1376364542171,443168522433,771309821769,262188,44285,3594,0,0,3594.000,3909.26
1376364542171,443168522433,203055963370,7,43808,3594,0,0,3594.000,3909.26
1376364542171,245044799894,1027002469514,441553,43934,3594,0,0,3594.000,3909.26
1376364542171,245044799894,316301444870,17,43995,3594,0,0,3594.000,3909.26
1376364542171,947953704630,964456267474,423692,46410,3594,0,0,3594.000,3909.26
1376364542171,947953704630,563163871422,43,45767,3594,0,0,3594.000,3909.26
1384426934273,FAILED,FAILED,FAILED,FAILED,FAILED,FAILED,FAILED,FAILED,FAILED
1384432537123,1090360567639,929653269882,44510,42893,3441,0,0,3441.000,1265.75
1384432537123,1090360567639,33818329194,26,42935,3441,0,0,3441.000,1265.75
1384432537123,857259069794,985724113292,41643,42934,3441,0,0,3441.000,1265.75
1384432537123,857259069794,206844511960,25,42976,3441,0,0,3441.000,1265.75
1384432537123,361118355148,493716418386,56756,42452,3441,0,0,3441.000,1265.75
1384432537123,361118355148,1155911501599,19,42601,3441,0,0,3441.000,1265.75
1384432537123,713003177792,907982479440,80325,43767,3441,0,0,3441.000,1265.75
1384432537123,713003177792,1158793076255,21,43393,3441,0,0,3441.000,1265.75
1384432537123,107584952823,885704065298,362952,43868,3441,0,0,3441.000,1265.75
1384432537123,107584952823,1364225594805,58,43768,3441,0,0,3441.000,1265.75
1384432537123,902270811907,691977858550,309971,44601,3441,0,0,3441.000,1265.75
1384432537123,902270811907,420347210296,46,44327,3441,0,0,3441.000,1265.75
1384432537123,192157935422,970126193853,97050,46244,3441,0,0,3441.000,1265.75
1384432537123,192157935422,254007211957,4,45684,3441,0,0,3441.000,1265.75
1384432537123,1046682522583,26861665769,63985,80137,3441,0,0,3441.000,1265.75
1384432537123,1046682522583,1349404382092,81,77553,3441,0,0,3441.000,1265.75
1384432537123,1143617940122,1119790010774,22218,45726,3441,0,0,3441.000,1265.75
1384432537123,1143617940122,797353603333,29,45660,3441,0,0,3441.000,1265.75
1384432537123,412472476951,320603737561,51061,44600,3441,0,0,3441.000,1265.75
1384432537123,412472476951,922220683679,35,43701,3441,0,0,3441.000,1265.75
1391420174021,786686248494,1118775285522,250109,47701,3963,0,0,3963.000,1996.19
1391420174021,786686248494,479706072794,42,45643,3921,0,0,3921.000,1996.19
1391420174021,630963214823,166253977275,14320,46160,3957,0,0,3957.000,1996.19
1391420174021,630963214823,10507358024,28,45685,3957,0,0,3957.000,1996.19
1391420174021,256605310903,743394503538,368348,46060,3933,0,0,3933.000,1996.19
1391420174021,256605310903,563177438699,40,45202,3927,0,0,3927.000,1996.19
1391420174021,876122728129,1021253583087,68128,47225,3933,0,0,3933.000,1996.19
1391420174021,876122728129,12558331791,30,46828,3915,0,0,3915.000,1996.19
1391420174021,278010858792,482989455469,91123,47202,3957,0,0,3957.000,1996.19
1391420174021,278010858792,439675077168,29,45808,3927,0,0,3927.000,1996.19
1391420174021,1087125839532,896074754043,46554,49183,3951,0,0,3951.000,1996.19
1391420174021,1087125839532,102155832529,42,47743,3945,0,0,3945.000,1996.19
1391420174021,234504006337,1139738467109,127657,46285,3963,0,0,3963.000,1996.19
1391420174021,234504006337,608195221259,18,45560,3945,0,0,3945.000,1996.19
1391420174021,806781317288,682947440981,20251,45809,3951,0,0,3951.000,1996.19
1391420174021,806781317288,899153257921,54,45702,3945,0,0,3945.000,1996.19
1391420174021,1030006028982,1003343238663,420432,45850,3963,0,0,3963.000,1996.19
1391420174021,1030006028982,1061168358894,45,44911,3939,0,0,3939.000,1996.19
1391420174021,51229657378,335948529297,188230,45517,3987,0,0,3987.000,1996.19
1391420174021,51229657378,248911238416,64,46160,3951,0,0,3951.000,1996.19
1400751844633,FAILED,FAILED,FAILED,FAILED,FAILED,FAILED,FAILED,FAILED,FAILED
1413876111379,734603278311,1101345123814,213968,43994,3441,0,0,3441.000,3446.94
1413876111379,734603278311,1246017470217,44,43351,3441,0,0,3441.000,3446.94
1413876111379,469296993441,779443326412,142069,43227,3441,0,0,3441.000,3446.94
1413876111379,469296993441,857594798284,11,42702,3441,0,0,3441.000,3446.94
1413876111379,265232045428,1235231874089,493444,44035,3441,0,0,3441.000,3446.94
1413876111379,265232045428,910214013041,26,43100,3441,0,0,3441.000,3446.94
1413876111379,609276151008,354387140243,282967,44893,3441,0,0,3441.000,3446.94
1413876111379,609276151008,1267736970469,54,43952,3441,0,0,3441.000,3446.94
1413876111379,1023029288794,158536036724,310706,44226,3441,0,0,3441.000,3446.94
1413876111379,1023029288794,1216872382046,6,43993,3441,0,0,3441.000,3446.94
1413876111379,650360849448,1112096497764,54379,79076,3441,0,0,3441.000,3446.94
1413876111379,650360849448,1041827887787,86,77095,3441,0,0,3441.000,3446.94
1413876111379,356783143375,1342960893971,268820,45535,3441,0,0,3441.000,3446.94
1413876111379,356783143375,167766069006,63,43810,3441,0,0,3441.000,3446.94
1413876111379,1359918879341,1090639227314,265548,45559,3441,0,0,3441.000,3446.94
1413876111379,1359918879341,317337805377,15,45618,3441,0,0,3441.000,3446.94
1413876111379,1193345285084,472733437183,59882,81035,3441,0,0,3441.000,3446.94
1413876111379,1193345285084,942765226877,91,82095,3441,0,0,3441.000,3446.94
1413876111379,682168544106,780885030282,846737,45642,3441,0,0,3441.000,3446.94
1413876111379,682168544106,784389158780,47,44869,3441,0,0,3441.000,3446.94
1416563015579,664578424141,903375941321,113445,44018,3798,0,0,3798.000,3110.78
1416563015579,664578424141,321952252091,20,43369,3798,0,0,3798.000,3110.78
1416563015579,486639991602,840521307712,372018,43600,3798,0,0,3798.000,3110.78
1416563015579,486639991602,838041587841,13,43202,3798,0,0,3798.000,3110.78
1416563015579,874499084036,23226395465,80414,44201,3798,0,0,3798.000,3110.78
1416563015579,874499084036,969053831791,49,43434,3798,0,0,3798.000,3110.78
1416563015579,337277170405,927081500559,323720,47035,3798,0,0,3798.000,3110.78
1416563015579,337277170405,923445320601,25,46477,3798,0,0,3798.000,3110.78
1416563015579,215633103303,534710241249,212849,44601,3798,0,0,3798.000,3110.78
1416563015579,215633103303,864316692060,30,44410,3798,0,0,3798.000,3110.78
1416563015579,1087805184617,406253589576,329683,44244,3798,0,0,3798.000,3110.78
1416563015579,1087805184617,1250285722029,34,43850,3798,0,0,3798.000,3110.78
1416563015579,533315928647,306873056828,26391,46119,3798,0,0,3798.000,3110.78
1416563015579,533315928647,1078530027990,53,46102,3798,0,0,3798.000,3110.78
1416563015579,778236703293,367836191814,437313,83011,3798,0,0,3798.000,3110.78
1416563015579,778236703293,1392011340213,73,80576,3798,0,0,3798.000,3110.78
1416563015579,677380602655,1258993024170,602000,45393,3798,0,0,3798.000,3110.78
1416563015579,677380602655,1371673343877,31,44660,3798,0,0,3798.000,3110.78
1416563015579,220750831291,1004856900730,120665,44310,3798,0,0,3798.000,3110.78
1416563015579,220750831291,213449565662,74,44160,3798,0,0,3798.000,3110.78
1420825184879,508510763853,383480265742,80227,82618,3747,0,0,3747.000,1342.88
1420825184879,508510763853,688638729203,48,80803,3747,0,0,3747.000,1342.88
1420825184879,508721425011,167637674249,62044,45035,3747,0,0,3747.000,1342.88
1420825184879,508721425011,1193428679131,32,44809,3747,0,0,3747.000,1342.88
1420825184879,1356926350285,1064008512714,51447,44660,3747,0,0,3747.000,1342.88
1420825184879,1356926350285,249964056320,33,44393,3747,0,0,3747.000,1342.88
1420825184879,360257259910,728836561904,110869,44684,3747,0,0,3747.000,1342.88
1420825184879,360257259910,465000954701,42,44703,3747,0,0,3747.000,1342.88
1420825184879,957627353724,1113919105117,75773,46058,3747,0,0,3747.000,1342.88
1420825184879,957627353724,764068486495,19,45493,3747,0,0,3747.000,1342.88
1420825184879,1281054408785,359169918362,186227,44660,3747,0,0,3747.000,1342.88
1420825184879,1281054408785,577411805646,62,44559,3747,0,0,3747.000,1342.88
1420825184879,390417795212,549456700593,85860,45768,3747,0,0,3747.000,1342.88
1420825184879,390417795212,546567340927,71,44993,3747,0,0,3747.000,1342.88
1420825184879,958236505246,348660083638,193415,82011,3747,0,0,3747.000,1342.88
1420825184879,958236505246,1329431619715,101,73118,3747,0,0,3747.000,1342.88
1420825184879,255146107784,918201407953,153618,46101,3747,0,0,3747.000,1342.88
1420825184879,255146107784,1272402264973,31,45118,3747,0,0,3747.000,1342.88
1420825184879,1282308858494,1165820316428,118002,46643,3747,0,0,3747.000,1342.88
1420825184879,1282308858494,677863721680,45,46327,3747,0,0,3747.000,1342.88
1421018829311,323292167736,149572325765,129531,44893,3441,0,0,3441.000,2927.36
1421018829311,323292167736,500902290137,48,43785,3441,0,0,3441.000,2927.36
1421018829311,192376667547,1222430182667,146426,87720,3441,0,0,3441.000,2927.36
1421018829311,192376667547,631605909630,60,79660,3441,0,0,3441.000,2927.36
1421018829311,205320732446,1302542237621,109987,45285,3441,0,0,3441.000,2927.36
1421018829311,205320732446,267985414596,36,44309,3441,0,0,3441.000,2927.36
1421018829311,732214047613,701027880098,192773,43993,3441,0,0,3441.000,2927.36
1421018829311,732214047613,846647647815,47,42685,3441,0,0,3441.000,2927.36
1421018829311,1208950778823,1115336112347,223500,43893,3441,0,0,3441.000,2927.36
1421018829311,1208950778823,1156245037996,55,43827,3441,0,0,3441.000,2927.36
1421018829311,444300975197,1264854198717,308727,46435,3441,0,0,3441.000,2927.36
1421018829311,444300975197,1418952773415,34,46493,3441,0,0,3441.000,2927.36
1421018829311,672654003982,427067465080,905193,44243,3441,0,0,3441.000,2927.36
1421018829311,672654003982,282968408678,42,43393,3441,0,0,3441.000,2927.36
1421018829311,10750099260,1289598669706,101308,44702,3441,0,0,3441.000,2927.36
1421018829311,10750099260,1272153575290,38,43935,3441,0,0,3441.000,2927.36
1421018829311,48348687038,822412222774,221157,44185,3441,0,0,3441.000,2927.36
1421018829311,48348687038,959682912407,58,43892,3441,0,0,3441.000,2927.36
1421018829311,522832723434,1150493640392,84419,43642,3441,0,0,3441.000,2927.36
1421018829311,522832723434,589806297466,24,43161,3441,0,0,3441.000,2927.36
1428667282121,FAILED,FAILED,FAILED,FAILED,FAILED,FAILED,FAILED,FAILED,FAILED
1430719896083,879769369,1284290814950,884432,43892,3543,0,0,3543.000,3826.75
1430719896083,879769369,657633131629,33,42618,3543,0,0,3543.000,3826.75
1430719896083,913354059862,899486912398,353437,99112,3543,0,0,3543.000,3826.75
1430719896083,913354059862,1128557625661,37,42809,3543,0,0,3543.000,3826.75
1430719896083,1296151365444,1197600513549,159837,44476,3543,0,0,3543.000,3826.75
1430719896083,1296151365444,1298632688364,2,43952,3543,0,0,3543.000,3826.75
1430719896083,201282037356,377877137800,101080,45309,3543,0,0,3543.000,3826.75
1430719896083,201282037356,414205685271,34,44868,3543,0,0,3543.000,3826.75
1430719896083,290405721315,184755305412,548236,46369,3543,0,0,3543.000,3826.75
1430719896083,290405721315,598274663403,37,45434,3543,0,0,3543.000,3826.75
1430719896083,993669364522,483813040896,871556,44477,3543,0,0,3543.000,3826.75
1430719896083,993669364522,353908680714,65,44077,3543,0,0,3543.000,3826.75
1430719896083,1037172736423,1053405789416,132476,44642,3543,0,0,3543.000,3826.75
1430719896083,1037172736423,1065157714031,51,44203,3543,0,0,3543.000,3826.75
1430719896083,613446463817,887764694319,17454,44685,3543,0,0,3543.000,3826.75
1430719896083,613446463817,676371252408,35,44244,3543,0,0,3543.000,3826.75
1430719896083,85581365197,1391127363759,92024,46768,3543,0,0,3543.000,3826.75
1430719896083,85581365197,64715583535,31,46410,3543,0,0,3543.000,3826.75
1430719896083,722435386590,394286957539,246544,44392,3543,0,0,3543.000,3826.75
1430719896083,722435386590,728354869883,39,43701,3543,0,0,3543.000,3826.75
1432437339737,FAILED,FAILED,FAILED,FAILED,FAILED,FAILED,FAILED,FAILED,FAILED
1438698363373,429776506679,1151576597595,77312,86303,3987,0,0,3987.000,1422.36
1438698363373,429776506679,905702216227,45,84052,3921,0,0,3921.000,1422.36
1438698363373,11818344354,1300341028166,56352,44601,3945,0,0,3945.000,1422.36
1438698363373,11818344354,42277205109,10,44435,3963,0,0,3963.000,1422.36
1438698363373,527667873419,1427447316332,12230,44620,3927,0,0,3927.000,1422.36
1438698363373,527667873419,691803324040,30,44475,3945,0,0,3945.000,1422.36
1438698363373,313274945398,1228415164925,3407,44994,3939,0,0,3939.000,1422.36
1438698363373,313274945398,903235297244,39,44434,3945,0,0,3945.000,1422.36
1438698363373,969942748866,1434176059687,372786,45142,3915,0,0,3915.000,1422.36
1438698363373,969942748866,171960442358,43,44870,3981,0,0,3981.000,1422.36
1438698363373,296925623754,742264377309,53973,46410,3969,0,0,3969.000,1422.36
1438698363373,296925623754,1140938086532,67,44934,3945,0,0,3945.000,1422.36
1438698363373,940705480060,456824025199,60164,45452,3945,0,0,3945.000,1422.36
1438698363373,940705480060,133110934517,45,44768,3951,0,0,3951.000,1422.36
1438698363373,842352818736,672919164698,203274,45035,3969,0,0,3969.000,1422.36
1438698363373,842352818736,363406022966,40,43601,3927,0,0,3927.000,1422.36
1438698363373,976061530832,404380412237,83094,45118,3951,0,0,3951.000,1422.36
1438698363373,976061530832,1324289848431,57,44558,3939,0,0,3939.000,1422.36
1438698363373,25077403887,455475056928,196305,87510,3969,0,0,3969.000,1422.36
1438698363373,25077403887,1165831318832,63,84553,3969,0,0,3969.000,1422.36
1440345480481,FAILED,FAILED,FAILED,FAILED,FAILED,FAILED,FAILED,FAILED,FAILED
1440385570649,FAILED,FAILED,FAILED,FAILED,FAILED,FAILED,FAILED,FAILED,FAILED
1441644984347,21127205516,776604768688,226713,43535,3696,0,0,3696.000,2595.26
1441644984347,21127205516,520793514197,32,43476,3696,0,0,3696.000,2595.26
1441644984347,918407291734,384418658185,386169,44243,3696,0,0,3696.000,2595.26
1441644984347,918407291734,564803720954,31,43642,3696,0,0,3696.000,2595.26
1441644984347,454595372179,1133606768579,224455,43643,3696,0,0,3696.000,2595.26
1441644984347,454595372179,743477590585,20,43535,3696,0,0,3696.000,2595.26
1441644984347,1259351231562,1341787902663,269684,44850,3696,0,0,3696.000,2595.26
1441644984347,1259351231562,384737883683,30,43268,3696,0,0,3696.000,2595.26
1441644984347,568269956740,582854743272,84732,43685,3696,0,0,3696.000,2595.26
1441644984347,568269956740,1377545090757,61,43285,3696,0,0,3696.000,2595.26
1441644984347,891923366514,984567358557,163362,44701,3696,0,0,3696.000,2595.26
1441644984347,891923366514,1125926312187,53,43185,3696,0,0,3696.000,2595.26
1441644984347,713866500635,132182437945,17872,44475,3696,0,0,3696.000,2595.26
1441644984347,713866500635,166826082191,46,43185,3696,0,0,3696.000,2595.26
1441644984347,540236037466,792226316624,670048,44559,3696,0,0,3696.000,2595.26
1441644984347,540236037466,1244653623526,46,44535,3696,0,0,3696.000,2595.26
1441644984347,103193866545,1084125653233,202868,46951,3696,0,0,3696.000,2595.26
1441644984347,103193866545,412524587471,24,45768,3696,0,0,3696.000,2595.26
1441644984347,924584768773,1100701079356,79339,44744,3696,0,0,3696.000,2595.26
1441644984347,924584768773,1149839936552,54,44601,3696,0,0,3696.000,2595.26
1442400186841,FAILED,FAILED,FAILED,FAILED,FAILED,FAILED,FAILED,FAILED,FAILED
1446069414527,1421390625747,370126771566,671183,44184,3339,0,0,3339.000,3014.07
1446069414527,1421390625747,587504411150,33,43368,3339,0,0,3339.000,3014.07
1446069414527,205919328563,1090729453890,21950,79303,3339,0,0,3339.000,3014.07
1446069414527,205919328563,1282233618837,40,76910,3339,0,0,3339.000,3014.07
1446069414527,243266825985,914759462957,299905,44768,3339,0,0,3339.000,3014.07
1446069414527,243266825985,248581088808,32,43535,3339,0,0,3339.000,3014.07
1446069414527,263445746809,603692934895,4059,45434,3339,0,0,3339.000,3014.07
1446069414527,263445746809,149677855824,28,45076,3339,0,0,3339.000,3014.07
1446069414527,1172540533113,667107964557,67641,44600,3339,0,0,3339.000,3014.07
1446069414527,1172540533113,437361206800,18,44018,3339,0,0,3339.000,3014.07
1446069414527,1291535653847,859428979935,287488,44410,3339,0,0,3339.000,3014.07
1446069414527,1291535653847,543968861148,13,43310,3339,0,0,3339.000,3014.07
1446069414527,298275740537,956125216295,462869,44100,3339,0,0,3339.000,3014.07
1446069414527,298275740537,148013246706,45,44143,3339,0,0,3339.000,3014.07
1446069414527,921627760293,1202640618978,95657,43910,3339,0,0,3339.000,3014.07
1446069414527,921627760293,960570155750,61,43643,3339,0,0,3339.000,3014.07
1446069414527,809451769082,854562712484,186620,43851,3339,0,0,3339.000,3014.07
1446069414527,809451769082,717127523671,27,43618,3339,0,0,3339.000,3014.07
1446069414527,890531507178,1371132371824,539317,44244,3339,0,0,3339.000,3014.07
1446069414527,890531507178,535474191480,44,44142,3339,0,0,3339.000,3014.07
1446094121609,FAILED,FAILED,FAILED,FAILED,FAILED,FAILED,FAILED,FAILED,FAILED
1453212898561,FAILED,FAILED,FAILED,FAILED,FAILED,FAILED,FAILED,FAILED,FAILED
1454563585687,667148031165,1242819130880,217648,45393,3798,0,0,3798.000,3778.41
1454563585687,667148031165,157250781048,27,44743,3798,0,0,3798.000,3778.41
1454563585687,924411929138,1346283612894,421667,83012,3798,0,0,3798.000,3778.41
1454563585687,924411929138,860180790397,77,81410,3798,0,0,3798.000,3778.41
1454563585687,1078147036940,376181186867,330818,45826,3798,0,0,3798.000,3778.41
1454563585687,1078147036940,1438853681712,33,45101,3798,0,0,3798.000,3778.41
1454563585687,794801172126,361963181641,777648,44601,3798,0,0,3798.000,3778.41
1454563585687,794801172126,676118238376,47,43660,3798,0,0,3798.000,3778.41
1454563585687,246646227780,543958744238,208821,46410,3798,0,0,3798.000,3778.41
1454563585687,246646227780,1438942849845,39,46351,3798,0,0,3798.000,3778.41
1454563585687,514420237590,413737367229,97847,45433,3798,0,0,3798.000,3778.41
1454563585687,514420237590,217414734036,22,44994,3798,0,0,3798.000,3778.41
1454563585687,206420979688,1414177395960,107193,44893,3798,0,0,3798.000,3778.41
1454563585687,206420979688,282804942960,49,44327,3798,0,0,3798.000,3778.41
1454563585687,310998036700,1095458589144,381782,44410,3798,0,0,3798.000,3778.41
1454563585687,310998036700,1366101206200,39,44517,3798,0,0,3798.000,3778.41
1454563585687,195640267477,718949599900,137701,45410,3798,0,0,3798.000,3778.41
1454563585687,195640267477,912069857092,33,45018,3798,0,0,3798.000,3778.41
1454563585687,294453783428,1290792937754,557822,45602,3798,0,0,3798.000,3778.41
1454563585687,294453783428,160453091574,19,45368,3798,0,0,3798.000,3778.41
1461349166419,1350395764284,1337874780745,124546,45035,3696,0,0,3696.000,2998.70
1461349166419,1350395764284,14936389175,60,44184,3696,0,0,3696.000,2998.70
1461349166419,959442721987,1116774346068,315717,45393,3696,0,0,3696.000,2998.70
1461349166419,959442721987,126609697349,26,44535,3696,0,0,3696.000,2998.70
1461349166419,472598992349,129554085676,297478,44101,3696,0,0,3696.000,2998.70
1461349166419,472598992349,35173803118,31,43952,3696,0,0,3696.000,2998.70
1461349166419,779954840133,1359057346261,383649,45244,3696,0,0,3696.000,2998.70
1461349166419,779954840133,573253342722,57,44517,3696,0,0,3696.000,2998.70
1461349166419,1154078110293,1040489463668,205830,44558,3696,0,0,3696.000,2998.70
1461349166419,1154078110293,589580671289,21,43993,3696,0,0,3696.000,2998.70
1461349166419,130518604435,1075525511314,349084,45660,3696,0,0,3696.000,2998.70
1461349166419,130518604435,566974043926,32,44267,3696,0,0,3696.000,2998.70
1461349166419,531437687735,341766626608,2010,44518,3696,0,0,3696.000,2998.70
1461349166419,531437687735,530384467089,33,44017,3696,0,0,3696.000,2998.70
1461349166419,1042869417530,171197560783,530171,44434,3696,0,0,3696.000,2998.70
1461349166419,1042869417530,222163411534,34,44118,3696,0,0,3696.000,2998.70
1461349166419,959082216364,825360161675,46882,44744,3696,0,0,3696.000,2998.70
1461349166419,959082216364,1219018297767,12,44309,3696,0,0,3696.000,2998.70
1461349166419,702944173852,252598905888,226835,44393,3696,0,0,3696.000,2998.70
1461349166419,702944173852,722953398771,26,43994,3696,0,0,3696.000,2998.70
1463712181501,400663681762,472087754147,62764,45077,3612,0,0,3612.000,3811.42
1463712181501,400663681762,441863197308,12,43768,3600,0,0,3600.000,3811.42
1463712181501,584173678031,713539125104,323654,44285,3606,0,0,3606.000,3811.42
1463712181501,584173678031,1065425149216,33,44018,3600,0,0,3600.000,3811.42
1463712181501,324136278267,252190574995,275178,44768,3618,0,0,3618.000,3811.42
1463712181501,324136278267,1424165249592,50,43850,3570,0,0,3570.000,3811.42
1463712181501,932016436601,676567982655,416187,82827,3582,0,0,3582.000,3811.42
1463712181501,932016436601,581746536092,110,80470,3558,0,0,3558.000,3811.42
1463712181501,1249259887638,1333944522033,532475,46243,3588,0,0,3588.000,3811.42
1463712181501,1249259887638,549053464967,52,44768,3594,0,0,3594.000,3811.42
1463712181501,912714736259,173791589241,347758,45535,3582,0,0,3582.000,3811.42
1463712181501,912714736259,923811130993,22,44685,3594,0,0,3594.000,3811.42
1463712181501,173414155721,917624925564,658048,82010,3612,0,0,3612.000,3811.42
1463712181501,173414155721,362297494972,64,80970,3588,0,0,3588.000,3811.42
1463712181501,75865558299,485817008037,157862,46934,3606,0,0,3606.000,3811.42
1463712181501,75865558299,622932329243,28,45285,3552,0,0,3552.000,3811.42
1463712181501,1092495308833,1232592753918,160578,45560,3588,0,0,3588.000,3811.42
1463712181501,1092495308833,580565103835,24,44910,3606,0,0,3606.000,3811.42
1463712181501,902208582660,864659524197,309346,45475,3594,0,0,3594.000,3811.42
1463712181501,902208582660,892988643225,48,44559,3546,0,0,3546.000,3811.42
1465467346969,FAILED,FAILED,FAILED,FAILED,FAILED,FAILED,FAILED,FAILED,FAILED
1465470254749,386057563302,1039920937247,61395,46059,3849,0,0,3849.000,2797.38
1465470254749,386057563302,61741220087,20,45286,3879,0,0,3879.000,2797.38
1465470254749,1055157995349,10700226678,97604,45119,3855,0,0,3855.000,2797.38
1465470254749,1055157995349,38437316122,40,43767,3813,0,0,3813.000,2797.38
1465470254749,251359917197,805089174069,83672,44910,3879,0,0,3879.000,2797.38
1465470254749,251359917197,1395395274308,32,44683,3843,0,0,3843.000,2797.38
1465470254749,181863063038,1036167743025,349225,45660,3843,0,0,3843.000,2797.38
1465470254749,181863063038,615645541093,23,45433,3855,0,0,3855.000,2797.38
1465470254749,1195037298688,1244511657265,282749,46035,3855,0,0,3855.000,2797.38
1465470254749,1195037298688,649970537542,52,45476,3831,0,0,3831.000,2797.38
1465470254749,751688276547,1135124987215,131793,48535,3837,0,0,3837.000,2797.38
1465470254749,751688276547,617412393426,41,47535,3843,0,0,3843.000,2797.38
1465470254749,1002195599406,217036526391,644090,47702,3861,0,0,3861.000,2797.38
1465470254749,1002195599406,616232903441,11,48118,3885,0,0,3885.000,2797.38
1465470254749,599789368489,1292916145791,425360,47076,3837,0,0,3837.000,2797.38
1465470254749,599789368489,971080469258,21,47268,3885,0,0,3885.000,2797.38
1465470254749,250635430168,766801679520,112262,45767,3891,0,0,3891.000,2797.38
1465470254749,250635430168,235930735888,36,45077,3807,0,0,3807.000,2797.38
1465470254749,313696324882,63560409071,104786,45975,3849,0,0,3849.000,2797.38
1465470254749,313696324882,1415645440142,31,45451,3837,0,0,3837.000,2797.38
1467716993159,1380475536480,668246294659,359016,42702,3339,0,0,3339.000,2800.77
1467716993159,1380475536480,780770359553,44,42809,3339,0,0,3339.000,2800.77
1467716993159,52724753581,906027769297,7326,42435,3339,0,0,3339.000,2800.77
1467716993159,52724753581,1290617039394,7,42285,3339,0,0,3339.000,2800.77
1467716993159,1243326421381,322240746891,151698,44268,3339,0,0,3339.000,2800.77
1467716993159,1243326421381,1405966996881,45,43475,3339,0,0,3339.000,2800.77
1467716993159,1439548735280,57473829069,1477,78826,3339,0,0,3339.000,2800.77
1467716993159,1439548735280,360687416061,17,77178,3339,0,0,3339.000,2800.77
1467716993159,705099626657,164891737826,191164,44078,3339,0,0,3339.000,2800.77
1467716993159,705099626657,576591982334,42,43642,3339,0,0,3339.000,2800.77
1467716993159,638516268311,723794509586,9840,44368,3339,0,0,3339.000,2800.77
1467716993159,638516268311,1072263703567,24,44142,3339,0,0,3339.000,2800.77
1467716993159,253020807291,914486180239,587188,78868,3339,0,0,3339.000,2800.77
1467716993159,253020807291,837787110168,105,77303,3339,0,0,3339.000,2800.77
1467716993159,1259961365752,1004779190355,57994,76993,3339,0,0,3339.000,2800.77
1467716993159,1259961365752,119365807024,84,76345,3339,0,0,3339.000,2800.77
1467716993159,517167684557,375471050259,563148,43892,3339,0,0,3339.000,2800.77
1467716993159,517167684557,965348993372,46,43369,3339,0,0,3339.000,2800.77
1467716993159,1151804121103,356253610526,513941,44934,3339,0,0,3339.000,2800.77
1467716993159,1151804121103,1432899232569,24,44285,3339,0,0,3339.000,2800.77
1472571096881,FAILED,FAILED,FAILED,FAILED,FAILED,FAILED,FAILED,FAILED,FAILED
1478961672479,1305083095797,750254082859,289231,45143,3492,0,0,3492.000,3771.83
1478961672479,1305083095797,1287454940422,35,44451,3492,0,0,3492.000,3771.83
1478961672479,913964790021,735607163341,462401,43118,3492,0,0,3492.000,3771.83
1478961672479,913964790021,630284116864,27,43392,3492,0,0,3492.000,3771.83
1478961672479,1346753294606,1094081024850,191239,45285,3492,0,0,3492.000,3771.83
1478961672479,1346753294606,644957900065,15,44350,3492,0,0,3492.000,3771.83
1478961672479,483233285228,664751399329,593116,45660,3492,0,0,3492.000,3771.83
1478961672479,483233285228,1453638594853,48,44560,3492,0,0,3492.000,3771.83
1478961672479,1189570717874,290966006670,18004,44477,3492,0,0,3492.000,3771.83
1478961672479,1189570717874,644780606423,30,44368,3492,0,0,3492.000,3771.83
1478961672479,1456847664159,421089242148,20927,45308,3492,0,0,3492.000,3771.83
1478961672479,1456847664159,829409418592,60,44245,3492,0,0,3492.000,3771.83
1478961672479,414364601897,1138731701409,700524,45827,3492,0,0,3492.000,3771.83
1478961672479,414364601897,1017393734067,32,44643,3492,0,0,3492.000,3771.83
1478961672479,197160275639,396832328666,585622,44435,3492,0,0,3492.000,3771.83
1478961672479,197160275639,29179500053,38,43826,3492,0,0,3492.000,3771.83
1478961672479,1262472907293,361923885214,291799,46410,3492,0,0,3492.000,3771.83
1478961672479,1262472907293,702590026285,44,45684,3492,0,0,3492.000,3771.83
1478961672479,541413427021,722367043182,80627,45119,3492,0,0,3492.000,3771.83
1478961672479,541413427021,192267709157,40,44060,3492,0,0,3492.000,3771.83
1482282861083,1414403841233,93601874705,95873,43517,3594,0,0,3594.000,4223.41
1482282861083,1414403841233,1374103860718,31,43351,3594,0,0,3594.000,4223.41
1482282861083,1465261453574,1469809708012,41686,81702,3594,0,0,3594.000,4223.41
1482282861083,1465261453574,1426655156419,76,80261,3594,0,0,3594.000,4223.41
1482282861083,612749018747,695882341254,147643,42869,3594,0,0,3594.000,4223.41
1482282861083,612749018747,1464252572629,40,42893,3594,0,0,3594.000,4223.41
1482282861083,985100696822,345211868411,239308,43142,3594,0,0,3594.000,4223.41
1482282861083,985100696822,569769447127,48,42369,3594,0,0,3594.000,4223.41
1482282861083,1324502077595,853145083563,396762,44184,3594,0,0,3594.000,4223.41
1482282861083,1324502077595,1152807031468,23,43868,3594,0,0,3594.000,4223.41
1482282861083,1017921342459,484095381897,1284789,44619,3594,0,0,3594.000,4223.41
1482282861083,1017921342459,1387186078039,41,44434,3594,0,0,3594.000,4223.41
1482282861083,737757768470,1225853563266,831687,46368,3594,0,0,3594.000,4223.41
1482282861083,737757768470,674243803494,57,44435,3594,0,0,3594.000,4223.41
1482282861083,805560497094,213937139158,165726,45577,3594,0,0,3594.000,4223.41
1482282861083,805560497094,18274252174,39,44227,3594,0,0,3594.000,4223.41
1482282861083,1342440838543,1252836087023,21958,44952,3594,0,0,3594.000,4223.41
1482282861083,1342440838543,373570389705,22,44310,3594,0,0,3594.000,4223.41
1482282861083,1371888529161,570578451171,375610,44476,3594,0,0,3594.000,4223.41
1482282861083,1371888529161,123203806432,39,44577,3594,0,0,3594.000,4223.41
1482283365553,FAILED,FAILED,FAILED,FAILED,FAILED,FAILED,FAILED,FAILED,FAILED
1491994345483,1351802344511,732159250316,31298,45744,3441,0,0,3441.000,2760.55
1491994345483,1351802344511,1269322249364,72,45142,3441,0,0,3441.000,2760.55
1491994345483,708863060169,1357675723779,508533,45726,3441,0,0,3441.000,2760.55
1491994345483,708863060169,1111361891776,32,44160,3441,0,0,3441.000,2760.55
1491994345483,1424490451401,11615522953,98202,43702,3441,0,0,3441.000,2760.55
1491994345483,1424490451401,18886533269,29,44060,3441,0,0,3441.000,2760.55
1491994345483,1084805639456,156361590001,194924,44602,3441,0,0,3441.000,2760.55
1491994345483,1084805639456,326292309405,47,43743,3441,0,0,3441.000,2760.55
1491994345483,390275946947,546220499952,52505,46935,3441,0,0,3441.000,2760.55
1491994345483,390275946947,268624966787,27,45868,3441,0,0,3441.000,2760.55
1491994345483,1265315790334,615793174465,606898,45951,3441,0,0,3441.000,2760.55
1491994345483,1265315790334,1090143245009,54,43893,3441,0,0,3441.000,2760.55
1491994345483,109302828875,222665600154,539391,44494,3441,0,0,3441.000,2760.55
1491994345483,109302828875,1280807939772,17,44684,3441,0,0,3441.000,2760.55
1491994345483,1046040274701,86343712471,68349,44392,3441,0,0,3441.000,2760.55
1491994345483,1046040274701,927264538503,33,44370,3441,0,0,3441.000,2760.55
1491994345483,97801308448,1408415155035,221243,43725,3441,0,0,3441.000,2760.55
1491994345483,97801308448,431024926847,25,44226,3441,0,0,3441.000,2760.55
1491994345483,357069558798,1427756643238,20633,45993,3441,0,0,3441.000,2760.55
1491994345483,357069558798,922664389421,16,44393,3441,0,0,3441.000,2760.55
1495008388037,492821822296,1300188029987,210057,83345,3741,0,0,3741.000,2886.59
1495008388037,492821822296,837536146831,107,82368,3729,0,0,3729.000,2886.59
1495008388037,981490852519,1439820565391,81580,44934,3759,0,0,3759.000,2886.59
1495008388037,981490852519,95777558947,34,43785,3711,0,0,3711.000,2886.59
1495008388037,1165632966556,846296740155,386480,44477,3753,0,0,3753.000,2886.59
1495008388037,1165632966556,90514296548,48,44619,3747,0,0,3747.000,2886.59
1495008388037,49466539060,311332529557,324010,45685,3777,0,0,3777.000,2886.59
1495008388037,49466539060,625989692209,26,45910,3753,0,0,3753.000,2886.59
1495008388037,331905128328,43164868213,104995,47018,3741,0,0,3741.000,2886.59
1495008388037,331905128328,1457543063464,30,45743,3759,0,0,3759.000,2886.59
1495008388037,503674100589,1464156233364,182356,46142,3753,0,0,3753.000,2886.59
1495008388037,503674100589,772066639087,46,45035,3741,0,0,3741.000,2886.59
1495008388037,79517166508,50751903997,307344,45726,3765,0,0,3765.000,2886.59
1495008388037,79517166508,415296418583,31,45576,3765,0,0,3765.000,2886.59
1495008388037,75872975388,1085306583311,28469,45493,3717,0,0,3717.000,2886.59
1495008388037,75872975388,1240301109266,13,45309,3735,0,0,3735.000,2886.59
1495008388037,1169430979110,676285841281,630368,45935,3735,0,0,3735.000,2886.59
1495008388037,1169430979110,255051695251,39,45118,3759,0,0,3759.000,2886.59
1495008388037,1089666641571,499880187080,98045,46160,3765,0,0,3765.000,2886.59
1495008388037,1089666641571,1327965627692,41,45642,3753,0,0,3753.000,2886.59
1496888638579,511178505035,1310221113083,95912,45286,3696,0,0,3696.000,4216.34
1496888638579,511178505035,1119535345150,2,44059,3696,0,0,3696.000,4216.34
1496888638579,210546622198,1256970584249,63174,45160,3696,0,0,3696.000,4216.34
1496888638579,210546622198,970102085919,47,44893,3696,0,0,3696.000,4216.34
1496888638579,919836044778,1310167025391,284389,45702,3696,0,0,3696.000,4216.34
1496888638579,919836044778,157785070797,27,44684,3696,0,0,3696.000,4216.34
1496888638579,543424767808,803130699200,710832,44559,3696,0,0,3696.000,4216.34
1496888638579,543424767808,1107656950340,30,44119,3696,0,0,3696.000,4216.34
1496888638579,1485955257170,376559616230,629920,82118,3696,0,0,3696.000,4216.34
1496888638579,1485955257170,81145226676,66,79137,3696,0,0,3696.000,4216.34
1496888638579,327462783469,649144465098,69413,44685,3696,0,0,3696.000,4216.34
1496888638579,327462783469,178665509940,23,44160,3696,0,0,3696.000,4216.34
1496888638579,674616345457,767239159493,41383,45910,3696,0,0,3696.000,4216.34
1496888638579,674616345457,49382513028,20,44308,3696,0,0,3696.000,4216.34
1496888638579,605131226525,1219317456617,479668,46952,3696,0,0,3696.000,4216.34
1496888638579,605131226525,545851819017,21,46642,3696,0,0,3696.000,4216.34
1496888638579,427525692656,225490020416,398948,82803,3696,0,0,3696.000,4216.34
1496888638579,427525692656,1448655667473,73,81302,3696,0,0,3696.000,4216.34
1496888638579,87418162431,1303020097122,698555,82553,3696,0,0,3696.000,4216.34
1496888638579,87418162431,9103952278,71,80469,3696,0,0,3696.000,4216.34
1498049649529,FAILED,FAILED,FAILED,FAILED,FAILED,FAILED,FAILED,FAILED,FAILED
1499069919173,1215127922321,1465604166085,829202,85702,3900,0,0,3900.000,3834.49
1499069919173,1215127922321,311142553699,62,82761,3876,0,0,3876.000,3834.49
1499069919173,1418526932744,1442356679173,297188,45018,3888,0,0,3888.000,3834.49
1499069919173,1418526932744,33882481900,38,44368,3912,0,0,3912.000,3834.49
1499069919173,486820253650,246674999225,75520,45184,3900,0,0,3900.000,3834.49
1499069919173,486820253650,163156867341,40,44452,3918,0,0,3918.000,3834.49
1499069919173,1388818471523,400677607439,115408,44852,3906,0,0,3906.000,3834.49
1499069919173,1388818471523,320203674217,35,44535,3876,0,0,3876.000,3834.49
1499069919173,1294033766298,364585007885,33322,45810,3912,0,0,3912.000,3834.49
1499069919173,1294033766298,984971888091,27,44660,3888,0,0,3888.000,3834.49
1499069919173,491387205837,1027497141259,471666,44976,3870,0,0,3870.000,3834.49
1499069919173,491387205837,487319420214,10,45285,3912,0,0,3912.000,3834.49
1499069919173,437516055055,601627587509,482033,45685,3912,0,0,3912.000,3834.49
1499069919173,437516055055,213506184825,55,45077,3870,0,0,3870.000,3834.49
1499069919173,184240845886,535669927225,584647,46119,3858,0,0,3858.000,3834.49
1499069919173,184240845886,1014712536554,45,45143,3882,0,0,3882.000,3834.49
1499069919173,1168223035861,1078297993831,9640,46642,3924,0,0,3924.000,3834.49
1499069919173,1168223035861,1470961529530,27,45953,3924,0,0,3924.000,3834.49
1499069919173,915965550187,193933364762,145181,47035,3900,0,0,3900.000,3834.49
1499069919173,915965550187,175714770918,31,46368,3912,0,0,3912.000,3834.49
1499071400209,FAILED,FAILED,FAILED,FAILED,FAILED,FAILED,FAILED,FAILED,FAILED
1501620364469,1418040877591,312497318480,286395,45494,3894,0,0,3894.000,3107.25
1501620364469,1418040877591,321450111616,14,44559,3882,0,0,3882.000,3107.25
1501620364469,1278460902909,244310054444,123805,45035,3894,0,0,3894.000,3107.25
1501620364469,1278460902909,950086231844,15,44351,3888,0,0,3888.000,3107.25
1501620364469,835243483014,1105735360523,23618,45227,3918,0,0,3918.000,3107.25
1501620364469,835243483014,671140866171,29,44702,3924,0,0,3924.000,3107.25
1501620364469,45991667236,1278323913988,40394,94386,3894,0,0,3894.000,3107.25
1501620364469,45991667236,1161862319356,37,93219,3900,0,0,3900.000,3107.25
1501620364469,91929000228,288550014886,801464,47369,3918,0,0,3918.000,3107.25
1501620364469,91929000228,1207670085375,31,46059,3906,0,0,3906.000,3107.25
1501620364469,802012710030,1354963107019,246087,47452,3936,0,0,3936.000,3107.25
1501620364469,802012710030,1172443242099,39,45744,3882,0,0,3882.000,3107.25
1501620364469,490766904419,1233448659810,40872,48410,3888,0,0,3888.000,3107.25
1501620364469,490766904419,636797041752,43,47310,3882,0,0,3882.000,3107.25
1501620364469,414065744771,179195279466,166441,46785,3894,0,0,3894.000,3107.25
1501620364469,414065744771,1161446771376,25,45893,3900,0,0,3900.000,3107.25
1501620364469,817507457344,1474882710718,444674,47184,3888,0,0,3888.000,3107.25
1501620364469,817507457344,316484176101,28,46368,3876,0,0,3876.000,3107.25
1501620364469,748589965602,440833593529,246441,85636,3912,0,0,3912.000,3107.25
1501620364469,748589965602,1404318875236,74,83510,3918,0,0,3918.000,3107.25
1515182349223,27487633397,1406022911191,103035,44743,3798,0,0,3798.000,4386.50
1515182349223,27487633397,799935269948,37,44976,3798,0,0,3798.000,4386.50
1515182349223,306061761425,1284655346614,285333,45285,3798,0,0,3798.000,4386.50
1515182349223,306061761425,940616381709,19,44768,3798,0,0,3798.000,4386.50
1515182349223,1048158019373,993870170620,778730,83178,3798,0,0,3798.000,4386.50
1515182349223,1048158019373,312360146458,35,81285,3798,0,0,3798.000,4386.50
1515182349223,386843133924,938734633310,305647,45852,3798,0,0,3798.000,4386.50
1515182349223,386843133924,1205323454042,29,45077,3798,0,0,3798.000,4386.50
1515182349223,1370660674709,960825114890,778340,45560,3798,0,0,3798.000,4386.50
1515182349223,1370660674709,1110811865950,30,44410,3798,0,0,3798.000,4386.50
1515182349223,1277951640200,172060064577,149129,46309,3798,0,0,3798.000,4386.50
1515182349223,1277951640200,442806211261,31,45576,3798,0,0,3798.000,4386.50
1515182349223,1427626949153,72358110395,120281,44744,3798,0,0,3798.000,4386.50
1515182349223,1427626949153,292009513854,61,44726,3798,0,0,3798.000,4386.50
1515182349223,701786273407,1242018330050,635941,48018,3798,0,0,3798.000,4386.50
1515182349223,701786273407,295342829301,11,46701,3798,0,0,3798.000,4386.50
1515182349223,789693073693,1218401795024,108321,46326,3798,0,0,3798.000,4386.50
1515182349223,789693073693,349740027276,66,44975,3798,0,0,3798.000,4386.50
1515182349223,825988970917,1224837905344,324576,46268,3798,0,0,3798.000,4386.50
1515182349223,825988970917,83590897052,50,44785,3798,0,0,3798.000,4386.50
1515589575977,FAILED,FAILED,FAILED,FAILED,FAILED,FAILED,FAILED,FAILED,FAILED
1518497756177,FAILED,FAILED,FAILED,FAILED,FAILED,FAILED,FAILED,FAILED,FAILED
1522129978211,186312302967,1300540877950,75671,43851,3390,0,0,3390.000,4918.50
1522129978211,186312302967,158007735225,61,43035,3390,0,0,3390.000,4918.50
1522129978211,320363834261,121469158938,171336,42518,3390,0,0,3390.000,4918.50
1522129978211,320363834261,1129326624208,50,42642,3390,0,0,3390.000,4918.50
1522129978211,1110364741795,1008611555653,415188,44018,3390,0,0,3390.000,4918.50
1522129978211,1110364741795,1313170194388,35,43077,3390,0,0,3390.000,4918.50
1522129978211,824777069714,1159689591380,2354451,44703,3390,0,0,3390.000,4918.50
1522129978211,824777069714,335034420895,49,43476,3390,0,0,3390.000,4918.50
1522129978211,394632935038,238760692517,61179,44268,3390,0,0,3390.000,4918.50
1522129978211,394632935038,1190710467734,13,43994,3390,0,0,3390.000,4918.50
1522129978211,1188093536074,1257115994071,202905,45035,3390,0,0,3390.000,4918.50
1522129978211,1188093536074,1273242798034,48,45893,3390,0,0,3390.000,4918.50
1522129978211,360028751269,1179236123239,421462,45060,3390,0,0,3390.000,4918.50
1522129978211,360028751269,118071356043,40,43869,3390,0,0,3390.000,4918.50
1522129978211,730944648695,1369049403694,422672,45433,3390,0,0,3390.000,4918.50
1522129978211,730944648695,848359505500,17,44392,3390,0,0,3390.000,4918.50
1522129978211,1353343113167,633660907492,39717,44976,3390,0,0,3390.000,4918.50
1522129978211,1353343113167,494398031605,42,43452,3390,0,0,3390.000,4918.50
1522129978211,607599897010,335128823185,114396,43934,3390,0,0,3390.000,4918.50
1522129978211,607599897010,592152285692,28,43535,3390,0,0,3390.000,4918.50
1522400187457,FAILED,FAILED,FAILED,FAILED,FAILED,FAILED,FAILED,FAILED,FAILED
1529093922221,698672454762,677297648702,73592,45600,3663,0,0,3663.000,3893.68
1529093922221,698672454762,1439509703699,36,45535,3627,0,0,3627.000,3893.68
1529093922221,1522963997701,1435947559607,77161,45535,3645,0,0,3645.000,3893.68
1529093922221,1522963997701,119389305532,70,45352,3657,0,0,3657.000,3893.68
1529093922221,502574810542,525464472600,528359,45077,3657,0,0,3657.000,3893.68
1529093922221,502574810542,228535880858,25,44684,3657,0,0,3657.000,3893.68
1529093922221,983981246664,425066470635,152004,45976,3633,0,0,3633.000,3893.68
1529093922221,983981246664,490686549076,13,45868,3669,0,0,3669.000,3893.68
1529093922221,1293621029396,1396789381514,983824,45285,3639,0,0,3639.000,3893.68
1529093922221,1293621029396,202131864245,16,44643,3627,0,0,3627.000,3893.68
1529093922221,903267304915,127260350582,87262,45976,3633,0,0,3633.000,3893.68
1529093922221,903267304915,1217657892484,78,45743,3651,0,0,3651.000,3893.68
1529093922221,1240752752898,693209166130,724160,44850,3597,0,0,3597.000,3893.68
1529093922221,1240752752898,1150176975034,46,45202,3651,0,0,3651.000,3893.68
1529093922221,346735611825,1075598780151,258049,47077,3645,0,0,3645.000,3893.68
1529093922221,346735611825,1424086046740,27,46327,3663,0,0,3663.000,3893.68
1529093922221,1037825251491,838507118286,142866,46017,3633,0,0,3633.000,3893.68
1529093922221,1037825251491,752678445458,6,45952,3687,0,0,3687.000,3893.68
1529093922221,382022034797,950443186296,3998,46327,3657,0,0,3657.000,3893.68
1529093922221,382022034797,810862823694,27,45726,3639,0,0,3639.000,3893.68
1530300960191,1080799974,939805594874,729367,43702,3492,0,0,3492.000,3405.58
1530300960191,1080799974,613450947124,12,42810,3492,0,0,3492.000,3405.58
1530300960191,693495541454,1372803825038,119928,43244,3492,0,0,3492.000,3405.58
1530300960191,693495541454,436047824471,41,42809,3492,0,0,3492.000,3405.58
1530300960191,522337872735,602045339821,448569,44643,3492,0,0,3492.000,3405.58
1530300960191,522337872735,723258315067,46,43826,3492,0,0,3492.000,3405.58
1530300960191,1352498882479,427978928940,118827,45726,3492,0,0,3492.000,3405.58
1530300960191,1352498882479,1144372367744,48,44701,3492,0,0,3492.000,3405.58
1530300960191,168934519895,347308323422,18479,46310,3492,0,0,3492.000,3405.58
1530300960191,168934519895,1255973127411,64,45410,3492,0,0,3492.000,3405.58
1530300960191,365495521486,444692248282,6153,45160,3492,0,0,3492.000,3405.58
1530300960191,365495521486,181143708950,61,45434,3492,0,0,3492.000,3405.58
1530300960191,93185159110,266253887766,911432,45684,3492,0,0,3492.000,3405.58
1530300960191,93185159110,924953804943,22,45452,3492,0,0,3492.000,3405.58
1530300960191,1001249025465,1442017629753,136413,46660,3492,0,0,3492.000,3405.58
1530300960191,1001249025465,783233282311,18,45852,3492,0,0,3492.000,3405.58
1530300960191,1420179909996,434011009136,72602,43201,3492,0,0,3492.000,3405.58
1530300960191,1420179909996,1252678910094,76,43684,3492,0,0,3492.000,3405.58
1530300960191,288944749037,699380452972,297697,43785,3492,0,0,3492.000,3405.58
1530300960191,288944749037,1434629962335,38,43892,3492,0,0,3492.000,3405.58
1531006026751,884295176218,185047479498,189313,44268,3288,0,0,3288.000,2632.67
1531006026751,884295176218,1487635113352,31,42368,3288,0,0,3288.000,2632.67
1531006026751,203920398300,655824169822,71077,43118,3288,0,0,3288.000,2632.67
1531006026751,203920398300,238180078858,35,42810,3288,0,0,3288.000,2632.67
1531006026751,696030724251,1380807351471,95217,43892,3288,0,0,3288.000,2632.67
1531006026751,696030724251,1045484158619,5,42577,3288,0,0,3288.000,2632.67
1531006026751,524206076110,1066354308366,226356,42743,3288,0,0,3288.000,2632.67
1531006026751,524206076110,345671873669,26,42226,3288,0,0,3288.000,2632.67
1531006026751,946719807933,93052268264,7638,41869,3288,0,0,3288.000,2632.67
1531006026751,946719807933,934451346559,15,42226,3288,0,0,3288.000,2632.67
1531006026751,542184293514,1462619824565,556793,44910,3288,0,0,3288.000,2632.67
1531006026751,542184293514,4664708128,35,44101,3288,0,0,3288.000,2632.67
1531006026751,228857087531,1428785173033,27115,44368,3288,0,0,3288.000,2632.67
1531006026751,228857087531,345462063113,28,44768,3288,0,0,3288.000,2632.67
1531006026751,1482878168815,302039449165,95206,45578,3288,0,0,3288.000,2632.67
1531006026751,1482878168815,420926852113,21,44642,3288,0,0,3288.000,2632.67
1531006026751,1505669946013,382196881311,2530,45535,3288,0,0,3288.000,2632.67
1531006026751,1505669946013,1489744066257,50,44601,3288,0,0,3288.000,2632.67
1531006026751,753357778800,607030778608,1121089,44559,3288,0,0,3288.000,2632.67
1531006026751,753357778800,369250029884,46,43410,3288,0,0,3288.000,2632.67
1533495322493,490998861088,200975038470,80920,45018,3684,0,0,3684.000,3439.40
1533495322493,490998861088,68443152572,15,45577,3702,0,0,3702.000,3439.40
1533495322493,150626782715,369749035664,10479,45577,3690,0,0,3690.000,3439.40
1533495322493,150626782715,884454491189,64,45018,3714,0,0,3714.000,3439.40
1533495322493,482551695267,700023907712,294230,44725,3696,0,0,3696.000,3439.40
1533495322493,482551695267,1235544372728,38,44911,3702,0,0,3702.000,3439.40
1533495322493,375268011514,1526214597261,151469,45701,3714,0,0,3714.000,3439.40
1533495322493,375268011514,361863855212,33,45142,3666,0,0,3666.000,3439.40
1533495322493,339621093000,1163094475409,78291,45184,3690,0,0,3690.000,3439.40
1533495322493,339621093000,1336694573456,42,45619,3696,0,0,3696.000,3439.40
1533495322493,1342510724335,316122915668,246589,45767,3708,0,0,3708.000,3439.40
1533495322493,1342510724335,1284461080955,46,45243,3654,0,0,3654.000,3439.40
1533495322493,1233869722745,805514311618,192042,47727,3714,0,0,3714.000,3439.40
1533495322493,1233869722745,831788770095,22,46826,3726,0,0,3726.000,3439.40
1533495322493,130351348609,254945265193,592960,46369,3678,0,0,3678.000,3439.40
1533495322493,130351348609,1345982906404,46,46142,3702,0,0,3702.000,3439.40
1533495322493,42627845958,296884084419,759675,83427,3720,0,0,3720.000,3439.40
1533495322493,42627845958,267368831748,43,81493,3720,0,0,3720.000,3439.40
1533495322493,1196148517207,1498049721321,487549,46018,3702,0,0,3702.000,3439.40
1533495322493,1196148517207,181581068815,54,45494,3702,0,0,3702.000,3439.40
1534411786189,217373144296,926310319726,321068,44493,3639,0,0,3639.000,3204.97
1534411786189,217373144296,254708874200,36,43934,3657,0,0,3657.000,3204.97
1534411786189,754135611690,238213119497,266699,45559,3675,0,0,3675.000,3204.97
1534411786189,754135611690,1382886639183,35,45785,3645,0,0,3645.000,3204.97
1534411786189,153597811917,1363692190143,293439,45435,3663,0,0,3663.000,3204.97
1534411786189,153597811917,1159318604143,12,44785,3651,0,0,3651.000,3204.97
1534411786189,758400397349,1158375200429,221873,45100,3627,0,0,3627.000,3204.97
1534411786189,758400397349,45130616694,4,44268,3669,0,0,3669.000,3204.97
1534411786189,378569026928,1335917145165,25617,46745,3675,0,0,3675.000,3204.97
1534411786189,378569026928,1524230559876,45,45017,3651,0,0,3651.000,3204.97
1534411786189,1182256017041,317907803219,478593,45453,3627,0,0,3627.000,3204.97
1534411786189,1182256017041,1230952171837,40,44934,3645,0,0,3645.000,3204.97
1534411786189,195595737954,1385897465716,26389,45244,3645,0,0,3645.000,3204.97
1534411786189,195595737954,573404247587,33,44852,3633,0,0,3633.000,3204.97
1534411786189,1312432407706,233251970386,675592,46868,3627,0,0,3627.000,3204.97
1534411786189,1312432407706,458258358861,40,45809,3603,0,0,3603.000,3204.97
1534411786189,1098217627065,294634670377,170610,46035,3633,0,0,3633.000,3204.97
1534411786189,1098217627065,444942792756,48,44975,3645,0,0,3645.000,3204.97
1534411786189,453757443538,1481914132547,132487,83618,3663,0,0,3663.000,3204.97
1534411786189,453757443538,611006805964,67,81011,3639,0,0,3639.000,3204.97
1535305599923,600323112824,439687896461,299860,43910,3747,0,0,3747.000,2261.10
1535305599923,600323112824,1069229251782,54,43268,3747,0,0,3747.000,2261.10
1535305599923,1201477828226,1072044609057,79382,43892,3747,0,0,3747.000,2261.10
1535305599923,1201477828226,656081859626,45,43078,3747,0,0,3747.000,2261.10
1535305599923,627886222401,585039325578,570577,45202,3747,0,0,3747.000,2261.10
1535305599923,627886222401,185004610092,46,44601,3747,0,0,3747.000,2261.10
1535305599923,202360459514,1452879602409,76425,43310,3747,0,0,3747.000,2261.10
1535305599923,202360459514,901480910296,37,42910,3747,0,0,3747.000,2261.10
1535305599923,69842906981,1313981451435,25505,44785,3747,0,0,3747.000,2261.10
1535305599923,69842906981,885701839543,11,43850,3747,0,0,3747.000,2261.10
1535305599923,391547623714,958360059283,66213,44243,3747,0,0,3747.000,2261.10
1535305599923,391547623714,196597583964,67,43726,3747,0,0,3747.000,2261.10
1535305599923,503185078223,1310418245424,119160,42618,3747,0,0,3747.000,2261.10
1535305599923,503185078223,999015928117,42,43351,3747,0,0,3747.000,2261.10
1535305599923,264745149722,276913828195,60670,44577,3747,0,0,3747.000,2261.10
1535305599923,264745149722,268195479917,45,44893,3747,0,0,3747.000,2261.10
1535305599923,824706023859,1415500951455,192287,45933,3747,0,0,3747.000,2261.10
1535305599923,824706023859,1115633347818,53,44994,3747,0,0,3747.000,2261.10
1535305599923,640395580598,324448999669,464017,47434,3747,0,0,3747.000,2261.10
1535305599923,640395580598,815972327030,58,46826,3747,0,0,3747.000,2261.10
1536435295453,806764870146,67158240654,143071,45744,3774,0,0,3774.000,3624.59
1536435295453,806764870146,1339554770461,43,44684,3798,0,0,3798.000,3624.59
1536435295453,254381362738,920048390392,176691,43869,3774,0,0,3774.000,3624.59
1536435295453,254381362738,31440644221,17,44183,3774,0,0,3774.000,3624.59
1536435295453,176381913582,856730862727,114360,44785,3816,0,0,3816.000,3624.59
1536435295453,176381913582,1348823543135,50,44684,3798,0,0,3798.000,3624.59
1536435295453,1051427606829,347336854765,653463,46244,3768,0,0,3768.000,3624.59
1536435295453,1051427606829,779563122496,49,45767,3822,0,0,3822.000,3624.59
1536435295453,931224287098,580271962699,417298,45578,3798,0,0,3798.000,3624.59
1536435295453,931224287098,882606470752,43,46350,3810,0,0,3810.000,3624.59
1536435295453,1507564316250,263177991782,45173,45350,3786,0,0,3786.000,3624.59
1536435295453,1507564316250,1035400766680,22,45451,3768,0,0,3768.000,3624.59
1536435295453,1134224125754,1459964540834,150755,46477,3798,0,0,3798.000,3624.59
1536435295453,1134224125754,1457605512582,38,45368,3768,0,0,3768.000,3624.59
1536435295453,1438260183114,1483265011003,656550,45660,3786,0,0,3786.000,3624.59
1536435295453,1438260183114,940232652941,33,45476,3792,0,0,3792.000,3624.59
1536435295453,1169032781878,295637554665,438562,46785,3768,0,0,3768.000,3624.59
1536435295453,1169032781878,55329683853,28,46227,3822,0,0,3822.000,3624.59
1536435295453,1511797486849,812146396678,142474,84261,3798,0,0,3798.000,3624.59
1536435295453,1511797486849,247474794294,119,101719,3822,0,0,3822.000,3624.59
1537976974097,FAILED,FAILED,FAILED,FAILED,FAILED,FAILED,FAILED,FAILED,FAILED
1541632657219,969928653623,1218730947189,285536,43517,3696,0,0,3696.000,3990.29
1541632657219,969928653623,311351998450,50,42995,3696,0,0,3696.000,3990.29
1541632657219,265898414671,1034271725786,413814,43808,3696,0,0,3696.000,3990.29
1541632657219,265898414671,432400072512,20,43077,3696,0,0,3696.000,3990.29
1541632657219,1419628781468,1433282793948,237687,43619,3696,0,0,3696.000,3990.29
1541632657219,1419628781468,857395873009,43,43518,3696,0,0,3696.000,3990.29
1541632657219,616146211629,1067018000973,983701,46309,3696,0,0,3696.000,3990.29
1541632657219,616146211629,280826444190,21,45577,3696,0,0,3696.000,3990.29
1541632657219,542056391807,662986065354,40531,47225,3696,0,0,3696.000,3990.29
1541632657219,542056391807,907104352930,11,46285,3696,0,0,3696.000,3990.29
1541632657219,135796644620,349027900161,1062799,45726,3696,0,0,3696.000,3990.29
1541632657219,135796644620,1477264277620,51,45285,3696,0,0,3696.000,3990.29
1541632657219,311110575257,496308269221,4802,82493,3696,0,0,3696.000,3990.29
1541632657219,311110575257,841946771511,56,80594,3696,0,0,3696.000,3990.29
1541632657219,470240196127,140958159547,118942,44851,3696,0,0,3696.000,3990.29
1541632657219,470240196127,1060860513403,35,44369,3696,0,0,3696.000,3990.29
1541632657219,849976355461,846288116933,161006,45476,3696,0,0,3696.000,3990.29
1541632657219,849976355461,391168661909,34,44160,3696,0,0,3696.000,3990.29
1541632657219,336965757129,367974399718,60626,45327,3696,0,0,3696.000,3990.29
1541632657219,336965757129,1174020369519,31,44685,3696,0,0,3696.000,3990.29
1546102827877,104156817760,253775485871,570284,45058,4041,0,0,4041.000,5345.12
1546102827877,104156817760,696334375642,14,44869,4077,0,0,4077.000,5345.12
1546102827877,970312127435,569038559392,326626,46243,4041,0,0,4041.000,5345.12
1546102827877,970312127435,297638211120,12,45935,4041,0,0,4041.000,5345.12
1546102827877,842699666728,411744236905,799252,47225,4071,0,0,4071.000,5345.12
1546102827877,842699666728,1024529900931,38,46828,4041,0,0,4041.000,5345.12
1546102827877,294527556509,1104486327856,627453,90053,4047,0,0,4047.000,5345.12
1546102827877,294527556509,666771837418,95,90886,4053,0,0,4053.000,5345.12
1546102827877,577827504250,1034522729515,385399,45642,4065,0,0,4065.000,5345.12
1546102827877,577827504250,137011990948,39,45243,4023,0,0,4023.000,5345.12
1546102827877,456071508075,193182081799,675937,46392,4035,0,0,4035.000,5345.12
1546102827877,456071508075,310053441085,39,46202,4071,0,0,4071.000,5345.12
1546102827877,1078821675747,849904342042,54411,46493,4059,0,0,4059.000,5345.12
1546102827877,1078821675747,108215298626,29,45518,4059,0,0,4059.000,5345.12
1546102827877,1025839289088,1067758476259,303265,45976,4059,0,0,4059.000,5345.12
1546102827877,1025839289088,1149177256673,41,46618,4041,0,0,4041.000,5345.12
1546102827877,1433576635242,736139572783,190787,46703,4059,0,0,4059.000,5345.12
1546102827877,1433576635242,1132298249880,31,46808,4077,0,0,4077.000,5345.12
1546102827877,913585756236,1227375733825,145189,45828,4065,0,0,4065.000,5345.12
1546102827877,913585756236,210048036539,25,45433,4065,0,0,4065.000,5345.12
1546967182759,767211143982,1413761990147,104572,43683,3747,0,0,3747.000,6900.84
1546967182759,767211143982,1129655842803,52,43327,3747,0,0,3747.000,6900.84
1546967182759,844906857812,1134933685018,868606,83928,3747,0,0,3747.000,6900.84
1546967182759,844906857812,300467679897,90,83345,3747,0,0,3747.000,6900.84
1546967182759,405793636592,9369609874,988591,45327,3747,0,0,3747.000,6900.84
1546967182759,405793636592,294268603344,50,44518,3747,0,0,3747.000,6900.84
1546967182759,1174808409904,1533688440225,314356,45517,3747,0,0,3747.000,6900.84
1546967182759,1174808409904,1002480472062,31,44577,3747,0,0,3747.000,6900.84
1546967182759,99282781896,1248582666540,241804,45077,3747,0,0,3747.000,6900.84
1546967182759,99282781896,413857075157,27,44850,3747,0,0,3747.000,6900.84
1546967182759,1453107696708,696400582330,166925,45934,3747,0,0,3747.000,6900.84
1546967182759,1453107696708,1137707251305,32,44618,3747,0,0,3747.000,6900.84
1546967182759,944517964168,1420980224120,800758,44351,3747,0,0,3747.000,6900.84
1546967182759,944517964168,38856525917,27,44577,3747,0,0,3747.000,6900.84
1546967182759,1403985541811,40438516416,457921,47018,3747,0,0,3747.000,6900.84
1546967182759,1403985541811,547720202158,25,46410,3747,0,0,3747.000,6900.84
1546967182759,461999179203,60535143979,279442,45952,3747,0,0,3747.000,6900.84
1546967182759,461999179203,854571952971,39,44226,3747,0,0,3747.000,6900.84
1546967182759,226719110542,189089171047,1584670,45452,3747,0,0,3747.000,6900.84
1546967182759,226719110542,720761643993,33,45101,3747,0,0,3747.000,6900.84
1578495162061,1488234807570,797503465742,47457,46267,3855,0,0,3855.000,4130.64
1578495162061,1488234807570,1337766836340,31,45910,3867,0,0,3867.000,4130.64
1578495162061,1407462630466,514549346719,1115021,48452,3843,0,0,3843.000,4130.64
1578495162061,1407462630466,220598288851,17,46851,3825,0,0,3825.000,4130.64
1578495162061,559703457846,650860565164,82735,46785,3885,0,0,3885.000,4130.64
1578495162061,559703457846,1382812653673,25,45601,3843,0,0,3843.000,4130.64
1578495162061,180909332681,852429742124,930744,48410,3849,0,0,3849.000,4130.64
1578495162061,180909332681,1223930134064,33,86344,3849,0,0,3849.000,4130.64
1578495162061,178832559556,1247493001425,64900,91428,3843,0,0,3843.000,4130.64
1578495162061,178832559556,358828470196,11,89344,3819,0,0,3819.000,4130.64
1578495162061,1203741951122,84638528435,21807,47893,3855,0,0,3855.000,4130.64
1578495162061,1203741951122,138232948418,25,46119,3855,0,0,3855.000,4130.64
1578495162061,1365627036760,720373674946,580152,86343,3843,0,0,3843.000,4130.64
1578495162061,1365627036760,1251049217445,68,84970,3849,0,0,3849.000,4130.64
1578495162061,1570559872094,192909872893,32171,48702,3849,0,0,3849.000,4130.64
1578495162061,1570559872094,759182271157,29,48059,3843,0,0,3843.000,4130.64
1578495162061,277362450695,1576238812670,19788,47476,3873,0,0,3873.000,4130.64
1578495162061,277362450695,307493740660,24,46243,3861,0,0,3861.000,4130.64
1578495162061,1221273794224,1315951233241,235638,49619,3837,0,0,3837.000,4130.64
1578495162061,1221273794224,324340938364,31,47143,3807,0,0,3807.000,4130.64
1580631557359,1071984964799,157502190060,26978,44618,3543,0,0,3543.000,2585.54
1580631557359,1071984964799,661359373073,38,43477,3543,0,0,3543.000,2585.54
1580631557359,1572224152850,438336675899,136252,44518,3543,0,0,3543.000,2585.54
1580631557359,1572224152850,1567298480718,45,43743,3543,0,0,3543.000,2585.54
1580631557359,585272509745,4074350332,205965,45411,3543,0,0,3543.000,2585.54
1580631557359,585272509745,766567917051,39,44433,3543,0,0,3543.000,2585.54
1580631557359,657208289841,130049450997,494592,47309,3543,0,0,3543.000,2585.54
1580631557359,657208289841,564177732801,63,46868,3543,0,0,3543.000,2585.54
1580631557359,73356325864,1461989029229,178668,45809,3543,0,0,3543.000,2585.54
1580631557359,73356325864,502452147512,16,44785,3543,0,0,3543.000,2585.54
1580631557359,701219717924,650914075298,96618,45826,3543,0,0,3543.000,2585.54
1580631557359,701219717924,140974845106,34,44517,3543,0,0,3543.000,2585.54
1580631557359,1573406712190,974247529285,118961,45434,3543,0,0,3543.000,2585.54
1580631557359,1573406712190,1257200424441,37,43910,3543,0,0,3543.000,2585.54
1580631557359,754543150293,547820768971,126263,45952,3543,0,0,3543.000,2585.54
1580631557359,754543150293,1310560399726,28,44851,3543,0,0,3543.000,2585.54
1580631557359,168394662454,1391927547334,844333,45058,3543,0,0,3543.000,2585.54
1580631557359,168394662454,855872317931,47,44578,3543,0,0,3543.000,2585.54
1580631557359,463377078400,609628076761,1759,45785,3543,0,0,3543.000,2585.54
1580631557359,463377078400,147126914848,39,44601,3543,0,0,3543.000,2585.54
1585965249223,523231174584,685575019333,206097,45036,3543,0,0,3543.000,4034.06
1585965249223,523231174584,917315685008,38,43934,3543,0,0,3543.000,4034.06
1585965249223,883209753505,1246101847201,410701,44767,3543,0,0,3543.000,4034.06
1585965249223,883209753505,392413125558,50,43744,3543,0,0,3543.000,4034.06
1585965249223,38873900770,553515448135,320591,45493,3543,0,0,3543.000,4034.06
1585965249223,38873900770,88064592938,17,44392,3543,0,0,3543.000,4034.06
1585965249223,309588792422,1056524601142,83909,45268,3543,0,0,3543.000,4034.06
1585965249223,309588792422,1236886594048,36,44600,3543,0,0,3543.000,4034.06
1585965249223,58623155773,208183427918,16409,44351,3543,0,0,3543.000,4034.06
1585965249223,58623155773,191016318177,33,43743,3543,0,0,3543.000,4034.06
1585965249223,957346344343,1497210197582,1110079,45452,3543,0,0,3543.000,4034.06
1585965249223,957346344343,880930610271,32,44935,3543,0,0,3543.000,4034.06
1585965249223,917110401704,532423988721,747360,44851,3543,0,0,3543.000,4034.06
1585965249223,917110401704,843033718425,62,43993,3543,0,0,3543.000,4034.06
1585965249223,688430564495,89740257337,106290,81677,3543,0,0,3543.000,4034.06
1585965249223,688430564495,1417906649628,62,79035,3543,0,0,3543.000,4034.06
1585965249223,1092078357414,14250132824,264923,45352,3543,0,0,3543.000,4034.06
1585965249223,1092078357414,848798270331,33,44618,3543,0,0,3543.000,4034.06
1585965249223,396389844163,1294681192520,59475,44535,3543,0,0,3543.000,4034.06
1585965249223,396389844163,1138026389698,23,44143,3543,0,0,3543.000,4034.06
1592086892171,1152642695011,916721648189,5339,81469,3696,0,0,3696.000,928.12
1592086892171,1152642695011,66501739444,71,79535,3696,0,0,3696.000,928.12
1592086892171,1061900621056,167253712252,107418,44660,3696,0,0,3696.000,928.12
1592086892171,1061900621056,889684639181,44,43518,3696,0,0,3696.000,928.12
1592086892171,5953645690,1065573006348,53818,43993,3696,0,0,3696.000,928.12
1592086892171,5953645690,719267344763,49,43643,3696,0,0,3696.000,928.12
1592086892171,668208591581,1508843509202,12061,44035,3696,0,0,3696.000,928.12
1592086892171,668208591581,2702016712,39,43059,3696,0,0,3696.000,928.12
1592086892171,1126911514278,1074486739978,40879,44577,3696,0,0,3696.000,928.12
1592086892171,1126911514278,1402639723789,51,44643,3696,0,0,3696.000,928.12
1592086892171,172853712258,206944812624,179891,43684,3696,0,0,3696.000,928.12
1592086892171,172853712258,1311843223938,50,43244,3696,0,0,3696.000,928.12
1592086892171,375838893728,921294411153,59570,43410,3696,0,0,3696.000,928.12
1592086892171,375838893728,502472306462,25,43226,3696,0,0,3696.000,928.12
1592086892171,429202324648,706951051344,2234,43143,3696,0,0,3696.000,928.12
1592086892171,429202324648,865876827386,2,42910,3696,0,0,3696.000,928.12
1592086892171,1502968545070,856140701306,315410,45851,3696,0,0,3696.000,928.12
1592086892171,1502968545070,1520261473355,38,45076,3696,0,0,3696.000,928.12
1592086892171,600119824029,865880881106,40139,44351,3696,0,0,3696.000,928.12
1592086892171,600119824029,726756577611,76,44642,3696,0,0,3696.000,928.12
1595009114557,12159525168,405832251256,11656,46267,3900,0,0,3900.000,5211.18
1595009114557,12159525168,1490886109965,31,45577,3900,0,0,3900.000,5211.18
1595009114557,894460365356,17418830452,661329,46518,3900,0,0,3900.000,5211.18
1595009114557,894460365356,1251408671143,60,45160,3870,0,0,3870.000,5211.18
1595009114557,1519494067403,1344756930338,252843,46226,3918,0,0,3918.000,5211.18
1595009114557,1519494067403,312684937897,40,46368,3924,0,0,3924.000,5211.18
1595009114557,1464039844012,1233434770100,38604,46101,3888,0,0,3888.000,5211.18
1595009114557,1464039844012,181350242890,46,45869,3912,0,0,3912.000,5211.18
1595009114557,1225435209735,776436736405,636156,46369,3882,0,0,3882.000,5211.18
1595009114557,1225435209735,108499791922,30,45935,3900,0,0,3900.000,5211.18
1595009114557,866000382731,131557870668,126264,46953,3894,0,0,3894.000,5211.18
1595009114557,866000382731,1308103100673,14,46683,3900,0,0,3900.000,5211.18
1595009114557,311201196184,1483651182527,1212331,47059,3888,0,0,3888.000,5211.18
1595009114557,311201196184,801309426319,57,45661,3906,0,0,3906.000,5211.18
1595009114557,97904414546,339684671279,165099,47743,3900,0,0,3900.000,5211.18
1595009114557,97904414546,31740424947,39,47327,3888,0,0,3888.000,5211.18
1595009114557,733179602230,988660367462,944118,46268,3912,0,0,3912.000,5211.18
1595009114557,733179602230,409162750859,41,45577,3912,0,0,3912.000,5211.18
1595009114557,391611782144,421756593429,179658,46702,3882,0,0,3882.000,5211.18
1595009114557,391611782144,418168734831,29,45308,3912,0,0,3912.000,5211.18
1595949610781,501864777087,1464860381628,113009,44892,3714,0,0,3714.000,4534.43
1595949610781,501864777087,1526363665118,45,44435,3690,0,0,3690.000,4534.43
1595949610781,853520288192,984386612245,1195345,50060,3732,0,0,3732.000,4534.43
1595949610781,853520288192,11528783149,46,47201,3690,0,0,3690.000,4534.43
1595949610781,911997480334,150520809430,374708,46935,3714,0,0,3714.000,4534.43
1595949610781,911997480334,64629352205,26,45201,3690,0,0,3690.000,4534.43
1595949610781,1455479422593,753998799549,139565,49410,3702,0,0,3702.000,4534.43
1595949610781,1455479422593,77935670536,26,45701,3666,0,0,3666.000,4534.43
1595949610781,1103447645848,454497913510,54453,48559,3708,0,0,3708.000,4534.43
1595949610781,1103447645848,1215669957679,18,46993,3714,0,0,3714.000,4534.43
1595949610781,457274970588,18792951149,41554,46202,3678,0,0,3678.000,4534.43
1595949610781,457274970588,934684738812,23,46727,3720,0,0,3720.000,4534.43
1595949610781,1435168018953,743106616836,304543,45826,3714,0,0,3714.000,4534.43
1595949610781,1435168018953,466419234508,27,45226,3702,0,0,3702.000,4534.43
1595949610781,819719348061,330222450485,146629,47018,3726,0,0,3726.000,4534.43
1595949610781,819719348061,325122988086,43,46410,3684,0,0,3684.000,4534.43
1595949610781,522656778643,922475085471,1185268,46601,3696,0,0,3696.000,4534.43
1595949610781,522656778643,527018754654,42,45827,3696,0,0,3696.000,4534.43
1595949610781,1490749675959,494108990303,132922,45643,3702,0,0,3702.000,4534.43
1595949610781,1490749675959,1173157183170,36,46285,3708,0,0,3708.000,4534.43
1595984606387,1492143330507,1450968934770,275673,44602,3594,0,0,3594.000,2692.94
1595984606387,1492143330507,571498874054,67,44493,3594,0,0,3594.000,2692.94
1595984606387,567758328777,85244954523,287847,45975,3594,0,0,3594.000,2692.94
1595984606387,567758328777,626043434694,56,44494,3594,0,0,3594.000,2692.94
1595984606387,968693893346,1593079062393,71463,46017,3594,0,0,3594.000,2692.94
1595984606387,968693893346,149092338143,19,43744,3594,0,0,3594.000,2692.94
1595984606387,1221461241967,1409144179979,276348,45035,3594,0,0,3594.000,2692.94
1595984606387,1221461241967,1380508578096,46,44309,3594,0,0,3594.000,2692.94
1595984606387,1341369873123,1049172448947,139831,44892,3594,0,0,3594.000,2692.94
1595984606387,1341369873123,121765066906,46,43785,3594,0,0,3594.000,2692.94
1595984606387,869822788960,305996427521,238488,44577,3594,0,0,3594.000,2692.94
1595984606387,869822788960,732816592402,23,44433,3594,0,0,3594.000,2692.94
1595984606387,1444078640278,333592529669,321427,45267,3594,0,0,3594.000,2692.94
1595984606387,1444078640278,941661409350,54,44910,3594,0,0,3594.000,2692.94
1595984606387,829059019963,124329779281,202001,44600,3594,0,0,3594.000,2692.94
1595984606387,829059019963,1097032629716,22,44744,3594,0,0,3594.000,2692.94
1595984606387,897265044863,605942896809,80056,45434,3594,0,0,3594.000,2692.94
1595984606387,897265044863,1299785526903,66,44452,3594,0,0,3594.000,2692.94
1595984606387,852546708915,27834871096,438961,44577,3594,0,0,3594.000,2692.94
1595984606387,852546708915,5688135487,39,43934,3594,0,0,3594.000,2692.94
1597637155987,802912919965,1244743649066,153601,43768,3747,0,0,3747.000,2310.50
1597637155987,802912919965,1428583509698,14,43410,3747,0,0,3747.000,2310.50
1597637155987,1120441909666,285222148262,30770,43577,3747,0,0,3747.000,2310.50
1597637155987,1120441909666,604445939083,49,43227,3747,0,0,3747.000,2310.50
1597637155987,1140437712568,240799517491,63148,43517,3747,0,0,3747.000,2310.50
1597637155987,1140437712568,28825337482,34,43160,3747,0,0,3747.000,2310.50
1597637155987,1237799093869,1371220921070,59265,45035,3747,0,0,3747.000,2310.50
1597637155987,1237799093869,1314117680840,28,52434,3747,0,0,3747.000,2310.50
1597637155987,798650509407,1394055308211,221932,43058,3747,0,0,3747.000,2310.50
1597637155987,798650509407,244751297902,40,43935,3747,0,0,3747.000,2310.50
1597637155987,1494540628020,501657807721,199610,44368,3747,0,0,3747.000,2310.50
1597637155987,1494540628020,220053267109,11,44393,3747,0,0,3747.000,2310.50
1597637155987,672731201356,281919737255,177456,44160,3747,0,0,3747.000,2310.50
1597637155987,672731201356,1572126911149,44,44434,3747,0,0,3747.000,2310.50
1597637155987,621175634834,346660226660,554716,45602,3747,0,0,3747.000,2310.50
1597637155987,621175634834,303106928930,61,45160,3747,0,0,3747.000,2310.50
1597637155987,994767028295,1287591482550,76069,44642,3747,0,0,3747.000,2310.50
1597637155987,994767028295,926378255366,28,44559,3747,0,0,3747.000,2310.50
1597637155987,373992601166,1318694536437,385365,44934,3747,0,0,3747.000,2310.50
1597637155987,373992601166,1253068991937,27,44743,3747,0,0,3747.000,2310.50
1600415093723,1515532805809,69921132245,33667,44743,3594,0,0,3594.000,3073.70
1600415093723,1515532805809,1152084594457,56,44810,3594,0,0,3594.000,3073.70
1600415093723,677518997262,1410043169450,385415,45160,3594,0,0,3594.000,3073.70
1600415093723,677518997262,814352658215,27,44476,3594,0,0,3594.000,3073.70
1600415093723,1061793713719,1351962643915,321342,44434,3594,0,0,3594.000,3073.70
1600415093723,1061793713719,328088053209,35,44243,3594,0,0,3594.000,3073.70
1600415093723,374371074808,133725269524,43412,44077,3594,0,0,3594.000,3073.70
1600415093723,374371074808,1275895566791,3,43435,3594,0,0,3594.000,3073.70
1600415093723,639064166603,428261533450,457327,44518,3594,0,0,3594.000,3073.70
1600415093723,639064166603,506408013786,23,44035,3594,0,0,3594.000,3073.70
1600415093723,982623772691,1507049406389,74480,45558,3594,0,0,3594.000,3073.70
1600415093723,982623772691,1224630737634,64,44326,3594,0,0,3594.000,3073.70
1600415093723,360430966643,1257307487680,1156706,45327,3594,0,0,3594.000,3073.70
1600415093723,360430966643,259791447928,35,44433,3594,0,0,3594.000,3073.70
1600415093723,1068384464329,1514060701676,49381,44726,3594,0,0,3594.000,3073.70
1600415093723,1068384464329,1141779774821,20,44076,3594,0,0,3594.000,3073.70
1600415093723,1280213725344,27129147951,24020,44017,3594,0,0,3594.000,3073.70
1600415093723,1280213725344,515444912613,45,43994,3594,0,0,3594.000,3073.70
1600415093723,832447445167,999963956340,187872,44685,3594,0,0,3594.000,3073.70
1600415093723,832447445167,809232777377,37,44368,3594,0,0,3594.000,3073.70
1605383865311,372735656289,818397641756,81802,45577,3645,0,0,3645.000,3578.75
1605383865311,372735656289,1502246346672,26,45476,3645,0,0,3645.000,3578.75
1605383865311,1594130880576,1002675114817,50802,46743,3645,0,0,3645.000,3578.75
1605383865311,1594130880576,456721690837,26,45976,3645,0,0,3645.000,3578.75
1605383865311,711353673308,1007158155877,1200306,82118,3645,0,0,3645.000,3578.75
1605383865311,711353673308,801332049698,88,80720,3645,0,0,3645.000,3578.75
1605383865311,1139501767517,847851248478,38987,45535,3645,0,0,3645.000,3578.75
1605383865311,1139501767517,1169255681335,72,44768,3645,0,0,3645.000,3578.75
1605383865311,857965201949,214228298732,213239,81327,3645,0,0,3645.000,3578.75
1605383865311,857965201949,1194040386098,68,78969,3645,0,0,3645.000,3578.75
1605383865311,428038238964,643704167063,662326,43952,3645,0,0,3645.000,3578.75
1605383865311,428038238964,951084738225,46,44018,3645,0,0,3645.000,3578.75
1605383865311,37012650345,1453047921746,107898,46393,3645,0,0,3645.000,3578.75
1605383865311,37012650345,1221689951797,28,44910,3645,0,0,3645.000,3578.75
1605383865311,1121158790665,635645685094,93088,44642,3645,0,0,3645.000,3578.75
1605383865311,1121158790665,618388540839,28,43869,3645,0,0,3645.000,3578.75
1605383865311,691930311763,867714493608,321845,44600,3645,0,0,3645.000,3578.75
1605383865311,691930311763,989920555659,26,43935,3645,0,0,3645.000,3578.75
1605383865311,387118353186,570678227203,341930,44535,3645,0,0,3645.000,3578.75
1605383865311,387118353186,144743487222,33,45643,3645,0,0,3645.000,3578.75
1605801625643,1291866919555,637440256629,1863163,44994,3594,0,0,3594.000,4447.37
1605801625643,1291866919555,417194389865,74,43810,3594,0,0,3594.000,4447.37
1605801625643,280614990166,246505940245,2543,44934,3594,0,0,3594.000,4447.37
1605801625643,280614990166,1301493548832,45,44285,3594,0,0,3594.000,4447.37
1605801625643,429445864034,1322939869568,1211189,44268,3594,0,0,3594.000,4447.37
1605801625643,429445864034,722671718122,22,44352,3594,0,0,3594.000,4447.37
1605801625643,1587845358857,172302823569,187095,44434,3594,0,0,3594.000,4447.37
1605801625643,1587845358857,1604471433882,70,44058,3594,0,0,3594.000,4447.37
1605801625643,916438926008,822109233751,68277,46518,3594,0,0,3594.000,4447.37
1605801625643,916438926008,1096812946725,42,45369,3594,0,0,3594.000,4447.37
1605801625643,1463082215698,353239389656,247557,100112,3594,0,0,3594.000,4447.37
1605801625643,1463082215698,1093263438369,72,91470,3594,0,0,3594.000,4447.37
1605801625643,1453170225082,513205205283,204110,44642,3594,0,0,3594.000,4447.37
1605801625643,1453170225082,1252284703975,17,44410,3594,0,0,3594.000,4447.37
1605801625643,872210606078,770489355705,91802,45201,3594,0,0,3594.000,4447.37
1605801625643,872210606078,79008840182,31,44268,3594,0,0,3594.000,4447.37
1605801625643,818257076307,306873240444,43586,45060,3594,0,0,3594.000,4447.37
1605801625643,818257076307,867685688942,70,44285,3594,0,0,3594.000,4447.37
1605801625643,1149159963567,676176936691,41263,44393,3594,0,0,3594.000,4447.37
1605801625643,1149159963567,458809085620,45,43725,3594,0,0,3594.000,4447.37
1607066173387,1262683799947,1563838723848,572936,43577,3900,0,0,3900.000,3207.79
1607066173387,1262683799947,1287595868367,32,43268,3900,0,0,3900.000,3207.79
1607066173387,1218024848084,933017871738,362556,84719,3900,0,0,3900.000,3207.79
1607066173387,1218024848084,51713563974,70,83678,3900,0,0,3900.000,3207.79
1607066173387,1496416592809,1234844513454,127743,44660,3900,0,0,3900.000,3207.79
1607066173387,1496416592809,1300951931624,46,43310,3900,0,0,3900.000,3207.79
1607066173387,901075367249,735199384453,282391,45351,3900,0,0,3900.000,3207.79
1607066173387,901075367249,1549127438141,33,43619,3900,0,0,3900.000,3207.79
1607066173387,25205279516,428477064100,206956,46035,3900,0,0,3900.000,3207.79
1607066173387,25205279516,1165488209257,43,45183,3900,0,0,3900.000,3207.79
1607066173387,718343269600,439087145958,33762,44934,3900,0,0,3900.000,3207.79
1607066173387,718343269600,1191851173217,47,44827,3900,0,0,3900.000,3207.79
1607066173387,1242693857737,1444814714740,812,46184,3900,0,0,3900.000,3207.79
1607066173387,1242693857737,1585658260037,43,45161,3900,0,0,3900.000,3207.79
1607066173387,1232906872419,508022214617,384523,46476,3900,0,0,3900.000,3207.79
1607066173387,1232906872419,1375614175940,17,45203,3900,0,0,3900.000,3207.79
1607066173387,1477087437987,247059271856,389966,46142,3900,0,0,3900.000,3207.79
1607066173387,1477087437987,506391272755,16,46369,3900,0,0,3900.000,3207.79
1607066173387,1600409458612,1028551949963,427597,84618,3900,0,0,3900.000,3207.79
1607066173387,1600409458612,448122529160,77,82969,3900,0,0,3900.000,3207.79
1608946319291,894233535120,419805279784,209288,45685,3951,0,0,3951.000,2989.59
1608946319291,894233535120,50194498130,60,44743,3951,0,0,3951.000,2989.59
1608946319291,998025263931,1596290146241,454346,45452,3951,0,0,3951.000,2989.59
1608946319291,998025263931,1010466174863,40,45102,3951,0,0,3951.000,2989.59
1608946319291,642499562173,486530357254,904156,47577,3951,0,0,3951.000,2989.59
1608946319291,642499562173,480342520993,13,46600,3951,0,0,3951.000,2989.59
1608946319291,575327204297,917455801551,191820,45768,3951,0,0,3951.000,2989.59
1608946319291,575327204297,564861197919,61,45535,3951,0,0,3951.000,2989.59
1608946319291,1027974707660,828543397344,5422,44976,3951,0,0,3951.000,2989.59
1608946319291,1027974707660,1536311331999,52,44702,3951,0,0,3951.000,2989.59
1608946319291,910905626569,1546720338370,197468,45452,3951,0,0,3951.000,2989.59
1608946319291,910905626569,1135736158497,32,45143,3951,0,0,3951.000,2989.59
1608946319291,487071927728,493679502226,3617,46725,3951,0,0,3951.000,2989.59
1608946319291,487071927728,1125214378079,35,45786,3951,0,0,3951.000,2989.59
1608946319291,986447621802,615387585602,25538,47268,3951,0,0,3951.000,2989.59
1608946319291,986447621802,330588404760,41,46660,3951,0,0,3951.000,2989.59
1608946319291,403836327311,628521229545,376654,48017,3951,0,0,3951.000,2989.59
1608946319291,403836327311,42194676826,44,44327,3951,0,0,3951.000,2989.59
1608946319291,1359970484099,511873054245,24109,46993,3951,0,0,3951.000,2989.59
1608946319291,1359970484099,883484490836,28,45809,3951,0,0,3951.000,2989.59
1613378687981,1551710756057,167491686048,960400,46285,3921,0,0,3921.000,4669.03
1613378687981,1551710756057,857896044685,26,46018,3951,0,0,3951.000,4669.03
1613378687981,1586241476147,1584541271878,408890,45744,3939,0,0,3939.000,4669.03
1613378687981,1586241476147,706933496747,90,44852,3951,0,0,3951.000,4669.03
1613378687981,884298976579,936867476691,705600,84701,3969,0,0,3969.000,4669.03
1613378687981,884298976579,328131301865,46,83678,3945,0,0,3945.000,4669.03
1613378687981,1397768560894,609064041358,358047,46809,3981,0,0,3981.000,4669.03
1613378687981,1397768560894,100310545203,21,46285,3963,0,0,3963.000,4669.03
1613378687981,1294014979203,1055600582505,449143,47059,3951,0,0,3951.000,4669.03
1613378687981,1294014979203,812288189086,53,46077,3945,0,0,3945.000,4669.03
1613378687981,120446538810,231380267065,179888,47060,3945,0,0,3945.000,4669.03
1613378687981,120446538810,1555581508525,21,46035,3945,0,0,3945.000,4669.03
1613378687981,1591362275081,506156286210,308966,45310,3927,0,0,3927.000,4669.03
1613378687981,1591362275081,54485391468,65,46201,3987,0,0,3987.000,4669.03
1613378687981,1091965686399,34831400586,43862,45826,3945,0,0,3945.000,4669.03
1613378687981,1091965686399,77574777936,4,46018,3951,0,0,3951.000,4669.03
1613378687981,1340031728010,551926811912,249053,45326,3933,0,0,3933.000,4669.03
1613378687981,1340031728010,1286035063213,35,45560,3939,0,0,3939.000,4669.03
1613378687981,953129165705,170358618333,61763,47076,3927,0,0,3927.000,4669.03
1613378687981,953129165705,1499036069788,15,46035,3939,0,0,3939.000,4669.03
1625275636837,1527036634277,479234997473,565663,46076,3912,0,0,3912.000,3346.23
1625275636837,1527036634277,1267850054513,36,45143,3888,0,0,3888.000,3346.23
1625275636837,1133431345747,1411309633885,7508,85827,3900,0,0,3900.000,3346.23
1625275636837,1133431345747,129828166197,87,76344,3894,0,0,3894.000,3346.23
1625275636837,1397632463237,1472176315045,431376,45976,3876,0,0,3876.000,3346.23
1625275636837,1397632463237,614494392200,23,45620,3888,0,0,3888.000,3346.23
1625275636837,682366956861,1219109733827,40295,47268,3930,0,0,3930.000,3346.23
1625275636837,682366956861,1461134011343,27,46035,3936,0,0,3936.000,3346.23
1625275636837,690877801490,1241085095694,205688,46994,3894,0,0,3894.000,3346.23
1625275636837,690877801490,275786714502,23,46767,3906,0,0,3906.000,3346.23
1625275636837,560086899959,290942089775,79373,47184,3912,0,0,3912.000,3346.23
1625275636837,560086899959,913583240758,25,45786,3882,0,0,3882.000,3346.23
1625275636837,656288413903,1313600375771,173526,84369,3870,0,0,3870.000,3346.23
1625275636837,656288413903,126985462302,115,83243,3930,0,0,3930.000,3346.23
1625275636837,420219650751,1058926713369,275726,46077,3864,0,0,3864.000,3346.23
1625275636837,420219650751,1286210828371,41,45850,3906,0,0,3906.000,3346.23
1625275636837,1118404882793,11818079220,490820,47452,3888,0,0,3888.000,3346.23
1625275636837,1118404882793,1484403656465,31,48101,3912,0,0,3912.000,3346.23
1625275636837,115001837692,867049603415,238360,47517,3918,0,0,3918.000,3346.23
1625275636837,115001837692,1293448397164,31,47245,3900,0,0,3900.000,3346.23
1626566298733,1357217491751,13642361820,56367,45143,3810,0,0,3810.000,1572.67
1626566298733,1357217491751,811278569330,51,44785,3822,0,0,3822.000,1572.67
1626566298733,988578217969,154657712781,35570,45577,3816,0,0,3816.000,1572.67
1626566298733,988578217969,461188955958,58,44601,3816,0,0,3816.000,1572.67
1626566298733,654693019027,1000947101709,8150,45434,3798,0,0,3798.000,1572.67
1626566298733,654693019027,707354274347,31,44702,3810,0,0,3810.000,1572.67
1626566298733,529797666403,857396674485,56235,44851,3822,0,0,3822.000,1572.67
1626566298733,529797666403,774490093742,42,44660,3822,0,0,3822.000,1572.67
1626566298733,1579240332967,1101127089815,312041,45643,3786,0,0,3786.000,1572.67
1626566298733,1579240332967,92766237850,90,44327,3780,0,0,3780.000,1572.67
1626566298733,1423939175630,434472716409,247386,44368,3786,0,0,3786.000,1572.67
1626566298733,1423939175630,62345064843,18,44308,3774,0,0,3774.000,1572.67
1626566298733,271016550772,1293133290989,155879,44994,3792,0,0,3792.000,1572.67
1626566298733,271016550772,864922817084,16,44892,3768,0,0,3768.000,1572.67
1626566298733,307122221457,196471564040,13192,44893,3822,0,0,3822.000,1572.67
1626566298733,307122221457,950473735775,21,44368,3792,0,0,3792.000,1572.67
1626566298733,1168971381070,321210994846,301923,45035,3810,0,0,3810.000,1572.67
1626566298733,1168971381070,1057505350371,26,44559,3792,0,0,3792.000,1572.67
1626566298733,876753985943,987217673756,135041,44809,3828,0,0,3828.000,1572.67
1626566298733,876753985943,1134124282515,27,44493,3828,0,0,3828.000,1572.67
1627517718709,289175749509,1145835975864,117204,44952,3972,0,0,3972.000,2400.39
1627517718709,289175749509,1378656231842,27,44893,4020,0,0,4020.000,2400.39
1627517718709,40407999480,1116215993950,107457,45785,4032,0,0,4032.000,2400.39
1627517718709,40407999480,248737684505,44,45143,3960,0,0,3960.000,2400.39
1627517718709,1572550210586,601907186857,549900,45726,3978,0,0,3978.000,2400.39
1627517718709,1572550210586,1412990606692,39,46243,4014,0,0,4014.000,2400.39
1627517718709,983385659453,666616921029,126695,48310,4032,0,0,4032.000,2400.39
1627517718709,983385659453,1281837442113,27,47910,4020,0,0,4020.000,2400.39
1627517718709,624047129480,187233875444,221775,47017,4008,0,0,4008.000,2400.39
1627517718709,624047129480,1115944586280,31,47161,3948,0,0,3948.000,2400.39
1627517718709,69879199781,129354500366,7568,46785,4008,0,0,4008.000,2400.39
1627517718709,69879199781,1447893992096,43,46494,3996,0,0,3996.000,2400.39
1627517718709,858355192596,311081156881,46569,46435,4002,0,0,4002.000,2400.39
1627517718709,858355192596,1481455294073,66,46535,3996,0,0,3996.000,2400.39
1627517718709,787775682012,1447282568599,218083,87344,3978,0,0,3978.000,2400.39
1627517718709,787775682012,1551393518572,26,84760,4026,0,0,4026.000,2400.39
1627517718709,832930603736,1029151796070,438167,45934,3966,0,0,3966.000,2400.39
1627517718709,832930603736,1080871732765,38,46661,4026,0,0,4026.000,2400.39
1627517718709,585303347966,754945215772,94143,46726,3990,0,0,3990.000,2400.39
1627517718709,585303347966,762326220860,41,46618,3984,0,0,3984.000,2400.39
1630114070639,875778914027,100872908845,106880,43559,3645,0,0,3645.000,2677.38
1630114070639,875778914027,1224659694474,21,42851,3645,0,0,3645.000,2677.38
1630114070639,1236989360904,971616931287,133366,43452,3645,0,0,3645.000,2677.38
1630114070639,1236989360904,264779180085,78,43560,3645,0,0,3645.000,2677.38
1630114070639,225127710223,976596819605,310684,81844,3645,0,0,3645.000,2677.38
1630114070639,225127710223,274164176864,42,80052,3645,0,0,3645.000,2677.38
1630114070639,1518523262729,1142045022617,44800,44868,3645,0,0,3645.000,2677.38
1630114070639,1518523262729,414672542894,43,44685,3645,0,0,3645.000,2677.38
1630114070639,391016974441,1033757072662,141266,44535,3645,0,0,3645.000,2677.38
1630114070639,391016974441,197076840913,26,44518,3645,0,0,3645.000,2677.38
1630114070639,1336558241407,1532396174929,256993,44327,3645,0,0,3645.000,2677.38
1630114070639,1336558241407,813489073103,39,44226,3645,0,0,3645.000,2677.38
1630114070639,1497542816426,131277836079,300931,45493,3645,0,0,3645.000,2677.38
1630114070639,1497542816426,1341206551002,22,45308,3645,0,0,3645.000,2677.38
1630114070639,719075560486,42058467360,417202,44493,3645,0,0,3645.000,2677.38
1630114070639,719075560486,1105696985795,41,44643,3645,0,0,3645.000,2677.38
1630114070639,475848414446,834971470499,36838,44392,3645,0,0,3645.000,2677.38
1630114070639,475848414446,854979527396,62,43286,3645,0,0,3645.000,2677.38
1630114070639,1177134351294,247779757091,469718,44660,3645,0,0,3645.000,2677.38
1630114070639,1177134351294,170125753010,26,44558,3645,0,0,3645.000,2677.38
1631294405777,FAILED,FAILED,FAILED,FAILED,FAILED,FAILED,FAILED,FAILED,FAILED
1632710124547,1536218005923,1005883949411,278731,42827,3492,0,0,3492.000,3028.61
1632710124547,1536218005923,53943897283,53,43227,3492,0,0,3492.000,3028.61
1632710124547,312602484713,1020708019494,158579,43535,3492,0,0,3492.000,3028.61
1632710124547,312602484713,824647948306,62,43643,3492,0,0,3492.000,3028.61
1632710124547,828234103525,744196306892,169939,43994,3492,0,0,3492.000,3028.61
1632710124547,828234103525,181261435058,37,43102,3492,0,0,3492.000,3028.61
1632710124547,1555562271513,1209924442430,205858,43661,3492,0,0,3492.000,3028.61
1632710124547,1555562271513,924600954750,47,42726,3492,0,0,3492.000,3028.61
1632710124547,1002028619917,834972854262,297645,43743,3492,0,0,3492.000,3028.61
1632710124547,1002028619917,1189289564154,50,42600,3492,0,0,3492.000,3028.61
1632710124547,1194252455143,535105266707,71770,43535,3492,0,0,3492.000,3028.61
1632710124547,1194252455143,57991416511,84,42976,3492,0,0,3492.000,3028.61
1632710124547,943448011059,1331703582785,522323,44976,3492,0,0,3492.000,3028.61
1632710124547,943448011059,1571823688698,44,45118,3492,0,0,3492.000,3028.61
1632710124547,513322866329,1611475052234,477410,47435,3492,0,0,3492.000,3028.61
1632710124547,513322866329,127251279082,41,46035,3492,0,0,3492.000,3028.61
1632710124547,1516856693196,38758694212,105289,44577,3492,0,0,3492.000,3028.61
1632710124547,1516856693196,108116427988,38,43559,3492,0,0,3492.000,3028.61
1632710124547,1600340579595,16455405939,276663,45018,3492,0,0,3492.000,3028.61
1632710124547,1600340579595,697054327615,22,44642,3492,0,0,3492.000,3028.61
1633344959891,298657640712,1234468146715,563898,44350,3696,0,0,3696.000,5151.68
1633344959891,298657640712,1311077877987,33,43619,3696,0,0,3696.000,5151.68
1633344959891,423371275943,1504336098487,170781,45660,3696,0,0,3696.000,5151.68
1633344959891,423371275943,1089781720235,22,44477,3696,0,0,3696.000,5151.68
1633344959891,411413053846,1286704268017,198243,45410,3696,0,0,3696.000,5151.68
1633344959891,411413053846,57969423752,23,44476,3696,0,0,3696.000,5151.68
1633344959891,1154960469265,381683735401,337020,45727,3696,0,0,3696.000,5151.68
1633344959891,1154960469265,1089957311869,11,44535,3696,0,0,3696.000,5151.68
1633344959891,10020379316,79121890327,617531,44410,3696,0,0,3696.000,5151.68
1633344959891,10020379316,502617484617,7,44600,3696,0,0,3696.000,5151.68
1633344959891,242484345204,405134360799,368056,46701,3696,0,0,3696.000,5151.68
1633344959891,242484345204,967708623934,51,45851,3696,0,0,3696.000,5151.68
1633344959891,907390029246,851090796836,1083397,46576,3696,0,0,3696.000,5151.68
1633344959891,907390029246,1573656412342,29,45475,3696,0,0,3696.000,5151.68
1633344959891,149999345857,1585888758052,157368,44826,3696,0,0,3696.000,5151.68
1633344959891,149999345857,238594479617,45,43683,3696,0,0,3696.000,5151.68
1633344959891,726201960818,490944887957,331951,46243,3696,0,0,3696.000,5151.68
1633344959891,726201960818,1463454382014,36,45310,3696,0,0,3696.000,5151.68
1633344959891,717951990615,1000015664291,504891,45726,3696,0,0,3696.000,5151.68
1633344959891,717951990615,598364951379,11,45618,3696,0,0,3696.000,5151.68
1635232236601,FAILED,FAILED,FAILED,FAILED,FAILED,FAILED,FAILED,FAILED,FAILED
1639232788187,498667729993,977395029600,85244,43952,3900,0,0,3900.000,1562.28
1639232788187,498667729993,1450633734794,45,44059,3900,0,0,3900.000,1562.28
1639232788187,481043206389,1041692835901,147648,43285,3900,0,0,3900.000,1562.28
1639232788187,481043206389,613766195603,29,43183,3900,0,0,3900.000,1562.28
1639232788187,700928872138,743690800224,16286,43702,3900,0,0,3900.000,1562.28
1639232788187,700928872138,184310708944,27,43351,3900,0,0,3900.000,1562.28
1639232788187,1058556225249,604335740457,1848,44558,3900,0,0,3900.000,1562.28
1639232788187,1058556225249,1275297752115,16,43785,3900,0,0,3900.000,1562.28
1639232788187,1072003023688,1335792623568,74453,85469,3900,0,0,3900.000,1562.28
1639232788187,1072003023688,579593167013,50,83762,3900,0,0,3900.000,1562.28
1639232788187,829900415347,1463952155155,407100,46184,3900,0,0,3900.000,1562.28
1639232788187,829900415347,381941717764,41,45452,3900,0,0,3900.000,1562.28
1639232788187,1278299537031,98214551896,20496,45410,3900,0,0,3900.000,1562.28
1639232788187,1278299537031,745205715136,68,45017,3900,0,0,3900.000,1562.28
1639232788187,515032181845,400952920962,207739,45077,3900,0,0,3900.000,1562.28
1639232788187,515032181845,655422128095,34,43975,3900,0,0,3900.000,1562.28
1639232788187,211545275273,343077087568,305359,83452,3900,0,0,3900.000,1562.28
1639232788187,211545275273,461751976389,137,81594,3900,0,0,3900.000,1562.28
1639232788187,1045735087154,1495880960623,33391,45660,3900,0,0,3900.000,1562.28
1639232788187,1045735087154,1390741614354,45,44809,3900,0,0,3900.000,1562.28
1653630432287,1454983048778,1389978674184,388108,44577,3288,0,0,3288.000,4207.38
1653630432287,1454983048778,1126792336280,33,43351,3288,0,0,3288.000,4207.38
1653630432287,1144807785726,721875187171,206412,43077,3288,0,0,3288.000,4207.38
1653630432287,1144807785726,477363630431,41,42726,3288,0,0,3288.000,4207.38
1653630432287,876357834217,128549290311,178818,43101,3288,0,0,3288.000,4207.38
1653630432287,876357834217,495589744916,36,42743,3288,0,0,3288.000,4207.38
1653630432287,795929929465,861904846971,178310,42576,3288,0,0,3288.000,4207.38
1653630432287,795929929465,132300689585,70,42517,3288,0,0,3288.000,4207.38
1653630432287,465719355337,1366180791706,212642,43602,3288,0,0,3288.000,4207.38
1653630432287,465719355337,327558057029,34,42517,3288,0,0,3288.000,4207.38
1653630432287,686194112395,886323260207,1065917,45160,3288,0,0,3288.000,4207.38
1653630432287,686194112395,1337355230662,31,43975,3288,0,0,3288.000,4207.38
1653630432287,839389594362,1006372169442,142725,44351,3288,0,0,3288.000,4207.38
1653630432287,839389594362,654666650093,36,43868,3288,0,0,3288.000,4207.38
1653630432287,1370718644696,110476995572,384749,43952,3288,0,0,3288.000,4207.38
1653630432287,1370718644696,1443844023052,21,43601,3288,0,0,3288.000,4207.38
1653630432287,1604225488065,268474704227,533619,45952,3288,0,0,3288.000,4207.38
1653630432287,1604225488065,331772261745,17,45434,3288,0,0,3288.000,4207.38
1653630432287,732098531229,697768557218,362744,44476,3288,0,0,3288.000,4207.38
1653630432287,732098531229,1097385364907,58,43952,3288,0,0,3288.000,4207.38
1653670666811,961232394230,1100155210555,60337,43559,3543,0,0,3543.000,2364.92
1653670666811,961232394230,1227124192270,48,43618,3543,0,0,3543.000,2364.92
1653670666811,1418146578268,276126397988,234398,43993,3543,0,0,3543.000,2364.92
1653670666811,1418146578268,742409862429,33,43559,3543,0,0,3543.000,2364.92
1653670666811,615875928845,1087577161809,41466,44018,3543,0,0,3543.000,2364.92
1653670666811,615875928845,64384801516,53,42493,3543,0,0,3543.000,2364.92
1653670666811,680121524429,624805502681,137479,43934,3543,0,0,3543.000,2364.92
1653670666811,680121524429,299321376796,31,42869,3543,0,0,3543.000,2364.92
1653670666811,524111324751,1601234504952,93429,44267,3543,0,0,3543.000,2364.92
1653670666811,524111324751,850945305241,60,42786,3543,0,0,3543.000,2364.92
1653670666811,946544137496,1217077210037,256661,43268,3543,0,0,3543.000,2364.92
1653670666811,946544137496,662830681483,44,42451,3543,0,0,3543.000,2364.92
1653670666811,1080597178445,622376490324,731625,44517,3543,0,0,3543.000,2364.92
1653670666811,1080597178445,303071606845,30,44869,3543,0,0,3543.000,2364.92
1653670666811,152877167405,1357411649504,347987,45077,3543,0,0,3543.000,2364.92
1653670666811,152877167405,672809372881,20,44309,3543,0,0,3543.000,2364.92
1653670666811,1575446396004,1145227798015,123236,44560,3543,0,0,3543.000,2364.92
1653670666811,1575446396004,394280241410,39,43577,3543,0,0,3543.000,2364.92
1653670666811,1551567542522,421669983870,62577,44826,3543,0,0,3543.000,2364.92
1653670666811,1551567542522,1419197680770,26,43976,3543,0,0,3543.000,2364.92
1660053165259,819826099168,1086551611587,340516,43975,3390,0,0,3390.000,3191.28
1660053165259,819826099168,1482977441361,38,44077,3390,0,0,3390.000,3191.28
1660053165259,1598025759204,86301533456,512830,43995,3390,0,0,3390.000,3191.28
1660053165259,1598025759204,1341774701129,74,84468,3390,0,0,3390.000,3191.28
1660053165259,637401289986,113405448068,265722,44660,3390,0,0,3390.000,3191.28
1660053165259,637401289986,144009818877,57,44142,3390,0,0,3390.000,3191.28
1660053165259,340038403131,678996333323,661563,44869,3390,0,0,3390.000,3191.28
1660053165259,340038403131,74487863330,25,43935,3390,0,0,3390.000,3191.28
1660053165259,657971596912,412618957407,177298,45952,3390,0,0,3390.000,3191.28
1660053165259,657971596912,158756645423,22,45726,3390,0,0,3390.000,3191.28
1660053165259,1440588113233,1215182006022,115220,45244,3390,0,0,3390.000,3191.28
1660053165259,1440588113233,723573351971,26,44434,3390,0,0,3390.000,3191.28
1660053165259,1163501423547,301579525946,21910,44976,3390,0,0,3390.000,3191.28
1660053165259,1163501423547,1442039761594,61,44743,3390,0,0,3390.000,3191.28
1660053165259,1364931339749,1484672660298,102730,44451,3390,0,0,3390.000,3191.28
1660053165259,1364931339749,1349812975319,33,44018,3390,0,0,3390.000,3191.28
1660053165259,1560991114518,468030480075,354347,44850,3390,0,0,3390.000,3191.28
1660053165259,1560991114518,777945526590,54,44351,3390,0,0,3390.000,3191.28
1660053165259,1652845970939,159606088402,258731,45309,3390,0,0,3390.000,3191.28
1660053165259,1652845970939,339145365732,53,44743,3390,0,0,3390.000,3191.28
1666041957589,754531303927,256439309294,289257,46060,3951,0,0,3951.000,2397.54
1666041957589,754531303927,13959731183,46,45493,3957,0,0,3957.000,2397.54
1666041957589,1211283895214,353257279595,18597,45267,3939,0,0,3939.000,2397.54
1666041957589,1211283895214,14966175281,27,44994,3909,0,0,3909.000,2397.54
1666041957589,859804607458,531152322004,184682,45227,3933,0,0,3933.000,2397.54
1666041957589,859804607458,4079931926,54,45119,3975,0,0,3975.000,2397.54
1666041957589,374598337794,776563858754,56879,44351,3945,0,0,3945.000,2397.54
1666041957589,374598337794,745757943850,31,44451,3957,0,0,3957.000,2397.54
1666041957589,1260917161259,1578279543120,279280,86302,3969,0,0,3969.000,2397.54
1666041957589,1260917161259,638423421332,25,83803,3945,0,0,3945.000,2397.54
1666041957589,1296720264213,942675332495,167683,45535,3939,0,0,3939.000,2397.54
1666041957589,1296720264213,772081463333,26,45809,3987,0,0,3987.000,2397.54
1666041957589,680995620732,206630153263,842350,46493,3927,0,0,3927.000,2397.54
1666041957589,680995620732,1049688389450,48,46518,3951,0,0,3951.000,2397.54
1666041957589,862153240476,530330596442,53586,46493,3939,0,0,3939.000,2397.54
1666041957589,862153240476,503708366469,47,46060,3939,0,0,3939.000,2397.54
1666041957589,851199452556,554498317362,20319,48869,3963,0,0,3963.000,2397.54
1666041957589,851199452556,109890433897,11,47745,3945,0,0,3945.000,2397.54
1666041957589,817464245896,46276724724,9029,46560,3951,0,0,3951.000,2397.54
1666041957589,817464245896,988545706974,40,45493,3951,0,0,3951.000,2397.54
1666999846013,261849453278,1337727204206,1305889,45183,3453,0,0,3453.000,7617.42
1666999846013,261849453278,1489902739752,29,43786,3435,0,0,3435.000,7617.42
1666999846013,665360465097,1405083675065,204011,43993,3411,0,0,3411.000,7617.42
1666999846013,665360465097,683405963919,67,43727,3429,0,0,3429.000,7617.42
1666999846013,1420743376653,112313349027,629189,44935,3405,0,0,3405.000,7617.42
1666999846013,1420743376653,922142185093,24,45243,3465,0,0,3465.000,7617.42
1666999846013,165780272435,1615559906469,306819,44976,3441,0,0,3441.000,7617.42
1666999846013,165780272435,240185447476,29,45326,3441,0,0,3441.000,7617.42
1666999846013,893001517627,512199674140,92965,48660,3459,0,0,3459.000,7617.42
1666999846013,893001517627,970700645863,51,47559,3423,0,0,3423.000,7617.42
1666999846013,67514988562,1045774520235,773240,44975,3417,0,0,3417.000,7617.42
1666999846013,67514988562,1208868936661,51,44826,3423,0,0,3423.000,7617.42
1666999846013,1570488942302,1035264799625,452449,45618,3435,0,0,3435.000,7617.42
1666999846013,1570488942302,216427999614,15,44185,3435,0,0,3435.000,7617.42
1666999846013,1477827045852,434345642192,1808681,45643,3411,0,0,3411.000,7617.42
1666999846013,1477827045852,1467959700632,19,45285,3453,0,0,3453.000,7617.42
1666999846013,1312316507914,904852424860,274508,81077,3417,0,0,3417.000,7617.42
1666999846013,1312316507914,387311867790,42,80094,3435,0,0,3435.000,7617.42
1666999846013,150762023078,442621925663,193613,45785,3447,0,0,3447.000,7617.42
1666999846013,150762023078,1010613406058,13,44809,3411,0,0,3411.000,7617.42
1671187695761,FAILED,FAILED,FAILED,FAILED,FAILED,FAILED,FAILED,FAILED,FAILED
1671252421243,1037773600195,660543971929,507694,43202,3594,0,0,3594.000,3629.41
1671252421243,1037773600195,922578473854,27,42851,3594,0,0,3594.000,3629.41
1671252421243,1529441789702,1605827387677,118795,44642,3594,0,0,3594.000,3629.41
1671252421243,1529441789702,248757420512,16,43535,3594,0,0,3594.000,3629.41
1671252421243,1308717159759,1499353107482,677898,43726,3594,0,0,3594.000,3629.41
1671252421243,1308717159759,107918801497,32,43202,3594,0,0,3594.000,3629.41
1671252421243,795498433453,1299123626987,328490,45642,3594,0,0,3594.000,3629.41
1671252421243,795498433453,574728003543,10,44660,3594,0,0,3594.000,3629.41
1671252421243,790916374390,1663095967343,290883,45267,3594,0,0,3594.000,3629.41
1671252421243,790916374390,732891629093,24,44368,3594,0,0,3594.000,3629.41
1671252421243,1135233880235,234607235560,43601,44951,3594,0,0,3594.000,3629.41
1671252421243,1135233880235,1260335016818,47,44518,3594,0,0,3594.000,3629.41
1671252421243,944907533187,525654045399,658361,44993,3594,0,0,3594.000,3629.41
1671252421243,944907533187,138411673230,9,44893,3594,0,0,3594.000,3629.41
1671252421243,285165150754,803316500147,76760,45118,3594,0,0,3594.000,3629.41
1671252421243,285165150754,1236492730173,39,43892,3594,0,0,3594.000,3629.41
1671252421243,133305068603,850428154003,84997,81410,3594,0,0,3594.000,3629.41
1671252421243,133305068603,1170005226515,55,80553,3594,0,0,3594.000,3629.41
1671252421243,1017073251257,961978987273,421282,44059,3594,0,0,3594.000,3629.41
1671252421243,1017073251257,1539667623368,37,44451,3594,0,0,3594.000,3629.41
1674020417893,1213128453808,854562290128,262511,45660,3684,0,0,3684.000,2479.80
1674020417893,1213128453808,1650074896769,22,45851,3684,0,0,3684.000,2479.80
1674020417893,1520273641220,1348606075265,1318,46369,3696,0,0,3696.000,2479.80
1674020417893,1520273641220,1398056407169,23,45851,3702,0,0,3702.000,2479.80
1674020417893,863482822627,1078959202406,300270,83243,3696,0,0,3696.000,2479.80
1674020417893,863482822627,34995676120,67,80637,3684,0,0,3684.000,2479.80
1674020417893,829922469260,901735723103,165671,45035,3666,0,0,3666.000,2479.80
1674020417893,829922469260,1182145251341,28,45684,3720,0,0,3720.000,2479.80
1674020417893,838027194789,1160758438372,152272,46977,3684,0,0,3684.000,2479.80
1674020417893,838027194789,83576220094,18,46077,3702,0,0,3702.000,2479.80
1674020417893,1057593540091,70993068025,531623,48826,3708,0,0,3708.000,2479.80
1674020417893,1057593540091,848535594613,44,47559,3714,0,0,3714.000,2479.80
1674020417893,1585637061319,855830968754,55592,45994,3690,0,0,3690.000,2479.80
1674020417893,1585637061319,1113779814516,4,45475,3714,0,0,3714.000,2479.80
1674020417893,1141648321149,1509098250704,48406,46601,3684,0,0,3684.000,2479.80
1674020417893,1141648321149,606092939976,40,45285,3696,0,0,3696.000,2479.80
1674020417893,1469446354956,544932151855,399626,46160,3702,0,0,3702.000,2479.80
1674020417893,1469446354956,1045661904003,37,45392,3696,0,0,3696.000,2479.80
1674020417893,955430420515,437865317802,124377,45160,3708,0,0,3708.000,2479.80
1674020417893,955430420515,1192460533774,20,45435,3678,0,0,3678.000,2479.80
1677108330127,535054632815,1120512353640,406736,45619,3696,0,0,3696.000,7248.59
1677108330127,535054632815,707135117233,27,44393,3696,0,0,3696.000,7248.59
1677108330127,708310444175,1490406963545,90456,44475,3696,0,0,3696.000,7248.59
1677108330127,708310444175,1495618995204,45,44576,3696,0,0,3696.000,7248.59
1677108330127,504171195875,177742726894,233806,44602,3696,0,0,3696.000,7248.59
1677108330127,504171195875,1439520880807,10,44243,3696,0,0,3696.000,7248.59
1677108330127,235792121221,1207582538423,1206994,45119,3696,0,0,3696.000,7248.59
1677108330127,235792121221,1287637513718,3,44517,3696,0,0,3696.000,7248.59
1677108330127,692855108072,1444921527292,928329,45285,3696,0,0,3696.000,7248.59
1677108330127,692855108072,1165024349124,70,44393,3696,0,0,3696.000,7248.59
1677108330127,1165582251064,937776825536,21666,44701,3696,0,0,3696.000,7248.59
1677108330127,1165582251064,436228194823,53,44475,3696,0,0,3696.000,7248.59
1677108330127,429700835018,516963742940,58789,83887,3696,0,0,3696.000,7248.59
1677108330127,429700835018,699861304554,89,81178,3696,0,0,3696.000,7248.59
1677108330127,367608734674,169962871792,930717,46392,3696,0,0,3696.000,7248.59
1677108330127,367608734674,568860083349,32,45369,3696,0,0,3696.000,7248.59
1677108330127,440066741150,833076144413,2084121,45577,3696,0,0,3696.000,7248.59
1677108330127,440066741150,227401492607,46,46976,3696,0,0,3696.000,7248.59
1677108330127,1543773806160,768002056629,97283,45910,3696,0,0,3696.000,7248.59
1677108330127,1543773806160,148433536260,36,44683,3696,0,0,3696.000,7248.59
1677307625033,FAILED,FAILED,FAILED,FAILED,FAILED,FAILED,FAILED,FAILED,FAILED
1681458422261,1196683510235,486545036880,114094,45077,4035,0,0,4035.000,3675.91
1681458422261,1196683510235,471765284920,70,44975,4047,0,0,4047.000,3675.91
1681458422261,1330323885797,13403427020,519420,45368,4071,0,0,4071.000,3675.91
1681458422261,1330323885797,1627750113965,47,44559,4041,0,0,4041.000,3675.91
1681458422261,1504921981708,546887789446,338945,44993,4053,0,0,4053.000,3675.91
1681458422261,1504921981708,207219025224,26,44767,4059,0,0,4059.000,3675.91
1681458422261,761876010018,458796264253,126495,45618,4035,0,0,4035.000,3675.91
1681458422261,761876010018,1666705828838,46,44559,4065,0,0,4065.000,3675.91
1681458422261,841658332274,382639183817,26693,44702,4047,0,0,4047.000,3675.91
1681458422261,841658332274,999856286464,50,44685,4059,0,0,4059.000,3675.91
1681458422261,553046503371,278978583902,382167,88928,4059,0,0,4059.000,3675.91
1681458422261,553046503371,136953758245,53,85010,4047,0,0,4047.000,3675.91
1681458422261,1655794782777,1254632289762,687272,45851,4041,0,0,4041.000,3675.91
1681458422261,1655794782777,1225881010300,9,45202,4011,0,0,4011.000,3675.91
1681458422261,1244074344070,112654036738,329671,46952,4059,0,0,4059.000,3675.91
1681458422261,1244074344070,1255695370179,42,46393,4035,0,0,4035.000,3675.91
1681458422261,595626362632,1394200240249,36904,47267,4071,0,0,4071.000,3675.91
1681458422261,595626362632,694061318109,11,46702,4107,0,0,4107.000,3675.91
1681458422261,272027921056,1065552288080,325334,47368,4059,0,0,4059.000,3675.91
1681458422261,272027921056,1219544107654,19,46558,4065,0,0,4065.000,3675.91
1686222990703,1356175855508,1678218238894,64111,44059,3645,0,0,3645.000,4069.69
1686222990703,1356175855508,1469299176531,28,43576,3645,0,0,3645.000,4069.69
1686222990703,1366244819651,1264403603302,103585,45286,3645,0,0,3645.000,4069.69
1686222990703,1366244819651,696105784648,36,43851,3645,0,0,3645.000,4069.69
1686222990703,1539950512513,1061752283326,425484,45976,3645,0,0,3645.000,4069.69
1686222990703,1539950512513,1103099600717,30,44601,3645,0,0,3645.000,4069.69
1686222990703,648704278417,503471496121,485920,45286,3645,0,0,3645.000,4069.69
1686222990703,648704278417,1143121760092,23,44892,3645,0,0,3645.000,4069.69
1686222990703,244051406894,1411020044930,444570,45202,3645,0,0,3645.000,4069.69
1686222990703,244051406894,1262469405905,31,44226,3645,0,0,3645.000,4069.69
1686222990703,185968181299,1645447654227,1005982,44976,3645,0,0,3645.000,4069.69
1686222990703,185968181299,1211597586225,26,43560,3645,0,0,3645.000,4069.69
1686222990703,1589977753364,173728016639,407488,44309,3645,0,0,3645.000,4069.69
1686222990703,1589977753364,1360244992103,8,43411,3645,0,0,3645.000,4069.69
1686222990703,536355762609,1319892452373,23534,44851,3645,0,0,3645.000,4069.69
1686222990703,536355762609,1569152264955,38,44118,3645,0,0,3645.000,4069.69
1686222990703,541724857392,1111789518049,12936,46077,3645,0,0,3645.000,4069.69
1686222990703,541724857392,1127845015517,38,45102,3645,0,0,3645.000,4069.69
1686222990703,763404950534,440745650244,431498,82135,3645,0,0,3645.000,4069.69
1686222990703,763404950534,84102295919,89,80327,3645,0,0,3645.000,4069.69
1687274890393,FAILED,FAILED,FAILED,FAILED,FAILED,FAILED,FAILED,FAILED,FAILED
1706295815981,787708053641,341313126289,130323,46993,3912,0,0,3912.000,2870.13
1706295815981,787708053641,520105101569,22,45975,3870,0,0,3870.000,2870.13
1706295815981,1191297232560,451766101501,200111,46227,3882,0,0,3882.000,2870.13
1706295815981,1191297232560,1032092074494,19,45785,3870,0,0,3870.000,2870.13
1706295815981,1595564214973,422099656137,351675,48119,3912,0,0,3912.000,2870.13
1706295815981,1595564214973,991059559359,27,47517,3906,0,0,3906.000,2870.13
1706295815981,1336576935513,1251983232066,718741,47059,3900,0,0,3900.000,2870.13
1706295815981,1336576935513,1186782187907,38,46160,3852,0,0,3852.000,2870.13
1706295815981,362143363066,322212449057,225825,46743,3912,0,0,3912.000,2870.13
1706295815981,362143363066,1601348409307,34,45810,3906,0,0,3906.000,2870.13
1706295815981,571066705292,745838090475,93084,46393,3906,0,0,3906.000,2870.13
1706295815981,571066705292,1678992964688,32,45702,3912,0,0,3912.000,2870.13
1706295815981,709317969798,113721231468,53868,47101,3882,0,0,3882.000,2870.13
1706295815981,709317969798,1000612017188,56,45576,3912,0,0,3912.000,2870.13
1706295815981,294495904359,44503284968,273897,47785,3906,0,0,3906.000,2870.13
1706295815981,294495904359,1282658169198,43,45934,3876,0,0,3876.000,2870.13
1706295815981,866353157091,57454426344,8726,85952,3876,0,0,3876.000,2870.13
1706295815981,866353157091,985731573408,99,85594,3900,0,0,3900.000,2870.13
1706295815981,920283616270,333981228687,297408,46285,3876,0,0,3876.000,2870.13
1706295815981,920283616270,1499142872044,28,46184,3912,0,0,3912.000,2870.13
1706710939249,FAILED,FAILED,FAILED,FAILED,FAILED,FAILED,FAILED,FAILED,FAILED
1708491540683,1667524735092,169005788759,382268,45893,3390,0,0,3390.000,1772.03
1708491540683,1667524735092,90114611826,44,43768,3390,0,0,3390.000,1772.03
1708491540683,1401935434826,1135294005161,263766,45434,3390,0,0,3390.000,1772.03
1708491540683,1401935434826,89000383600,35,43618,3390,0,0,3390.000,1772.03
1708491540683,549851416874,1305793162609,103643,45451,3390,0,0,3390.000,1772.03
1708491540683,549851416874,1679433309913,34,43892,3390,0,0,3390.000,1772.03
1708491540683,375685243899,109313968991,107879,44243,3390,0,0,3390.000,1772.03
1708491540683,375685243899,1583893296015,30,43934,3390,0,0,3390.000,1772.03
1708491540683,503713755023,399453789792,107957,44225,3390,0,0,3390.000,1772.03
1708491540683,503713755023,572713110485,25,44119,3390,0,0,3390.000,1772.03
1708491540683,1392447895805,1221161992478,74381,44310,3390,0,0,3390.000,1772.03
1708491540683,1392447895805,525812728912,18,43702,3390,0,0,3390.000,1772.03
1708491540683,1662578874981,1061017045400,22116,46118,3390,0,0,3390.000,1772.03
1708491540683,1662578874981,226339388090,17,45018,3390,0,0,3390.000,1772.03
1708491540683,199394546784,21685269730,261792,82178,3390,0,0,3390.000,1772.03
1708491540683,199394546784,236783203623,86,80512,3390,0,0,3390.000,1772.03
1708491540683,14275301560,748394844108,106055,44201,3390,0,0,3390.000,1772.03
1708491540683,14275301560,46017660633,14,43602,3390,0,0,3390.000,1772.03
1708491540683,1459616585767,647501401596,140812,44100,3390,0,0,3390.000,1772.03
1708491540683,1459616585767,884405059796,25,43660,3390,0,0,3390.000,1772.03
1708753069981,239656782428,1500122418050,109901,46243,3882,0,0,3882.000,1963.85
1708753069981,239656782428,1593632639724,20,45952,3888,0,0,3888.000,1963.85
1708753069981,1596447249048,1283442510783,215467,45368,3894,0,0,3894.000,1963.85
1708753069981,1596447249048,1685928414431,31,45518,3936,0,0,3936.000,1963.85
1708753069981,927776401465,825506861492,514228,46267,3870,0,0,3870.000,1963.85
1708753069981,927776401465,974863310600,32,46368,3918,0,0,3918.000,1963.85
1708753069981,1100671534386,1072798047458,179845,45851,3894,0,0,3894.000,1963.85
1708753069981,1100671534386,388011259913,58,45868,3888,0,0,3888.000,1963.85
1708753069981,1134494989563,1192894710344,250240,46851,3882,0,0,3882.000,1963.85
1708753069981,1134494989563,1618363285863,36,46910,3912,0,0,3912.000,1963.85
1708753069981,730980362053,911820087187,35828,45809,3900,0,0,3900.000,1963.85
1708753069981,730980362053,1051767173891,55,45827,3918,0,0,3918.000,1963.85
1708753069981,113077831478,744170819286,20286,44809,3906,0,0,3906.000,1963.85
1708753069981,113077831478,448715047023,21,45018,3906,0,0,3906.000,1963.85
1708753069981,1172477900149,332414740022,25280,45493,3900,0,0,3900.000,1963.85
1708753069981,1172477900149,1167569885696,30,45060,3906,0,0,3906.000,1963.85
1708753069981,1630998976945,1247589980315,63295,46453,3882,0,0,3882.000,1963.85
1708753069981,1630998976945,398117176284,68,45475,3900,0,0,3900.000,1963.85
1708753069981,1536711630310,1420526977419,90422,45286,3900,0,0,3900.000,1963.85
1708753069981,1536711630310,1530669106699,45,46225,3888,0,0,3888.000,1963.85
1717423973807,1400872158052,553286884079,91744,43493,3747,0,0,3747.000,2878.39
1717423973807,1400872158052,1306971254506,54,42601,3747,0,0,3747.000,2878.39
1717423973807,1501104134032,1560867359109,1293,43576,3747,0,0,3747.000,2878.39
1717423973807,1501104134032,186725284673,49,42518,3747,0,0,3747.000,2878.39
1717423973807,856047219746,1517395553715,144482,44411,3747,0,0,3747.000,2878.39
1717423973807,856047219746,34587201808,34,43725,3747,0,0,3747.000,2878.39
1717423973807,1662706844334,1163510283192,607435,84177,3747,0,0,3747.000,2878.39
1717423973807,1662706844334,287144135776,51,82470,3747,0,0,3747.000,2878.39
1717423973807,1217502406691,21299704942,593843,45017,3747,0,0,3747.000,2878.39
1717423973807,1217502406691,587797817216,29,44578,3747,0,0,3747.000,2878.39
1717423973807,453720399666,852170349828,37968,45101,3747,0,0,3747.000,2878.39
1717423973807,453720399666,1714112702776,12,44410,3747,0,0,3747.000,2878.39
1717423973807,1448970990819,701683257727,231535,46768,3747,0,0,3747.000,2878.39
1717423973807,1448970990819,905846385180,73,46285,3747,0,0,3747.000,2878.39
1717423973807,1063948370274,1333760966666,187075,44285,3747,0,0,3747.000,2878.39
1717423973807,1063948370274,204490477466,37,44518,3747,0,0,3747.000,2878.39
1717423973807,1279682789920,856889356457,319277,44327,3747,0,0,3747.000,2878.39
1717423973807,1279682789920,925896299204,23,44602,3747,0,0,3747.000,2878.39
1717423973807,1293076511849,651127399761,210642,44910,3747,0,0,3747.000,2878.39
1717423973807,1293076511849,740352184663,16,44268,3747,0,0,3747.000,2878.39
1717871162419,748065301044,343514440917,1812172,46352,3747,0,0,3747.000,3468.99
1717871162419,748065301044,201807836779,66,44660,3747,0,0,3747.000,3468.99
1717871162419,908569233630,1057066996906,11168,45267,3747,0,0,3747.000,3468.99
1717871162419,908569233630,1648510554713,11,44619,3747,0,0,3747.000,3468.99
1717871162419,1508824802829,1141153540350,45527,47727,3747,0,0,3747.000,3468.99
1717871162419,1508824802829,385495521041,17,46993,3747,0,0,3747.000,3468.99
1717871162419,1436557607678,1501319685361,401868,44643,3747,0,0,3747.000,3468.99
1717871162419,1436557607678,1459479224570,13,44035,3747,0,0,3747.000,3468.99
1717871162419,855115309555,674022273974,241402,45202,3747,0,0,3747.000,3468.99
1717871162419,855115309555,162507060103,33,45185,3747,0,0,3747.000,3468.99
1717871162419,996236811152,518968050504,75138,44785,3747,0,0,3747.000,3468.99
1717871162419,996236811152,1608989207640,43,44310,3747,0,0,3747.000,3468.99
1717871162419,840457831513,712642912149,85799,45809,3747,0,0,3747.000,3468.99
1717871162419,840457831513,439293964664,23,45035,3747,0,0,3747.000,3468.99
1717871162419,856786927906,449587343207,16551,44100,3747,0,0,3747.000,3468.99
1717871162419,856786927906,1716711488191,32,44309,3747,0,0,3747.000,3468.99
1717871162419,1101437826408,1395410516674,41930,82636,3747,0,0,3747.000,3468.99
1717871162419,1101437826408,1180835022253,63,80285,3747,0,0,3747.000,3468.99
1717871162419,254487580435,1218835503909,191580,45017,3747,0,0,3747.000,3468.99
1717871162419,254487580435,306741072782,54,44328,3747,0,0,3747.000,3468.99
1723792594211,373036040367,913982562739,903688,44934,3492,0,0,3492.000,6294.00
1723792594211,373036040367,309412147069,49,44410,3492,0,0,3492.000,6294.00
1723792594211,1616952741798,864160870636,294525,44933,3492,0,0,3492.000,6294.00
1723792594211,1616952741798,1524082000688,18,44576,3492,0,0,3492.000,6294.00
1723792594211,1307872617304,1158626235153,1246698,45101,3492,0,0,3492.000,6294.00
1723792594211,1307872617304,1560881736537,18,44118,3492,0,0,3492.000,6294.00
1723792594211,96387462780,1519698863334,69351,44642,3492,0,0,3492.000,6294.00
1723792594211,96387462780,390174691183,22,43744,3492,0,0,3492.000,6294.00
1723792594211,1488660466589,862466861302,381720,44660,3492,0,0,3492.000,6294.00
1723792594211,1488660466589,1551170374929,42,43642,3492,0,0,3492.000,6294.00
1723792594211,1081986993364,941269084534,25747,45035,3492,0,0,3492.000,6294.00
1723792594211,1081986993364,153716182603,22,44310,3492,0,0,3492.000,6294.00
1723792594211,1356488116681,304582562568,1103153,45077,3492,0,0,3492.000,6294.00
1723792594211,1356488116681,173923559788,53,44642,3492,0,0,3492.000,6294.00
1723792594211,507169759026,1214316235955,186208,45077,3492,0,0,3492.000,6294.00
1723792594211,507169759026,873588488424,43,44393,3492,0,0,3492.000,6294.00
1723792594211,634200132544,320055249145,895628,80885,3492,0,0,3492.000,6294.00
1723792594211,634200132544,246951831404,84,79369,3492,0,0,3492.000,6294.00
1723792594211,1363583257800,341292373332,119183,44702,3492,0,0,3492.000,6294.00
1723792594211,1363583257800,246754207710,59,44893,3492,0,0,3492.000,6294.00
1731331459499,1696051841911,1289297410685,617192,43727,3645,0,0,3645.000,3025.26
1731331459499,1696051841911,1188887552981,42,43393,3645,0,0,3645.000,3025.26
1731331459499,1691197690818,1145406365624,26918,43768,3645,0,0,3645.000,3025.26
1731331459499,1691197690818,428723015495,24,42826,3645,0,0,3645.000,3025.26
1731331459499,129797085372,1264738416176,1687,44660,3645,0,0,3645.000,3025.26
1731331459499,129797085372,1213372966026,15,43975,3645,0,0,3645.000,3025.26
1731331459499,1682736014252,910037884540,1449020,46018,3645,0,0,3645.000,3025.26
1731331459499,1682736014252,746742012051,43,44952,3645,0,0,3645.000,3025.26
1731331459499,1589032947111,822451541539,191558,44683,3645,0,0,3645.000,3025.26
1731331459499,1589032947111,382493361582,50,44559,3645,0,0,3645.000,3025.26
1731331459499,206389174665,1710459115729,26371,45785,3645,0,0,3645.000,3025.26
1731331459499,206389174665,346217379098,35,43934,3645,0,0,3645.000,3025.26
1731331459499,1167913461999,1252177348278,98521,45059,3645,0,0,3645.000,3025.26
1731331459499,1167913461999,908828960890,2,44952,3645,0,0,3645.000,3025.26
1731331459499,1247005848126,227334100601,28029,45535,3645,0,0,3645.000,3025.26
1731331459499,1247005848126,691711446809,18,44393,3645,0,0,3645.000,3025.26
1731331459499,1418367637381,593962506906,105954,43993,3645,0,0,3645.000,3025.26
1731331459499,1418367637381,400179322723,73,44183,3645,0,0,3645.000,3025.26
1731331459499,1226326550049,1052995799832,63688,43850,3645,0,0,3645.000,3025.26
1731331459499,1226326550049,1217696252044,21,43827,3645,0,0,3645.000,3025.26
1731340641553,FAILED,FAILED,FAILED,FAILED,FAILED,FAILED,FAILED,FAILED,FAILED
1736227092989,638871667684,789625671501,4273,45558,3753,0,0,3753.000,2711.99
1736227092989,638871667684,1486556107866,55,45202,3747,0,0,3747.000,2711.99
1736227092989,739630415577,415679782156,208162,45160,3753,0,0,3753.000,2711.99
1736227092989,739630415577,794399036591,28,44642,3717,0,0,3717.000,2711.99
1736227092989,165697241542,1008913535184,747619,45326,3735,0,0,3735.000,2711.99
1736227092989,165697241542,499426909158,26,44976,3771,0,0,3771.000,2711.99
1736227092989,558616945488,277295224319,426552,46202,3771,0,0,3771.000,2711.99
1736227092989,558616945488,715498675930,43,45560,3747,0,0,3747.000,2711.99
1736227092989,892584463283,637186283715,57177,47059,3765,0,0,3765.000,2711.99
1736227092989,892584463283,600265751253,46,45827,3735,0,0,3735.000,2711.99
1736227092989,935780585220,971905676588,37501,46309,3723,0,0,3723.000,2711.99
1736227092989,935780585220,1600818017927,44,45869,3747,0,0,3747.000,2711.99
1736227092989,1110052427434,839000795443,377418,45285,3711,0,0,3711.000,2711.99
1736227092989,1110052427434,728493612787,64,45726,3759,0,0,3759.000,2711.99
1736227092989,637449212369,1236532780169,11508,45785,3711,0,0,3711.000,2711.99
1736227092989,637449212369,1435452461544,50,46058,3747,0,0,3747.000,2711.99
1736227092989,368688880174,362683727908,69715,45993,3723,0,0,3723.000,2711.99
1736227092989,368688880174,961925911915,13,45601,3759,0,0,3759.000,2711.99
1736227092989,280359273320,876810337104,220502,44810,3729,0,0,3729.000,2711.99
1736227092989,280359273320,1494686326039,53,45619,3765,0,0,3765.000,2711.99
1739735749781,736885718010,184858862426,171043,44393,3588,0,0,3588.000,6129.87
1739735749781,736885718010,633356246791,25,43993,3570,0,0,3570.000,6129.87
1739735749781,242512046775,1531631448941,378518,45851,3570,0,0,3570.000,6129.87
1739735749781,242512046775,1386714525042,53,45701,3588,0,0,3588.000,6129.87
1739735749781,1499012751165,758555574534,375784,45351,3552,0,0,3552.000,6129.87
1739735749781,1499012751165,1124392712685,38,44660,3612,0,0,3612.000,6129.87
1739735749781,1201272417656,1695354640985,331261,45993,3600,0,0,3600.000,6129.87
1739735749781,1201272417656,661460209430,37,44809,3612,0,0,3612.000,6129.87
1739735749781,1090148184449,939623820187,37398,46077,3564,0,0,3564.000,6129.87
1739735749781,1090148184449,588400791525,51,45560,3600,0,0,3600.000,6129.87
1739735749781,361488727720,755584502245,1040993,46434,3624,0,0,3624.000,6129.87
1739735749781,361488727720,1044812753957,57,45993,3594,0,0,3594.000,6129.87
1739735749781,1458550992280,117549645506,7857,46017,3612,0,0,3612.000,6129.87
1739735749781,1458550992280,678259043024,33,45285,3600,0,0,3600.000,6129.87
1739735749781,72920088793,809549782091,584104,45351,3618,0,0,3618.000,6129.87
1739735749781,72920088793,1619146548971,12,44910,3600,0,0,3600.000,6129.87
1739735749781,802485989722,356935339892,145970,45685,3594,0,0,3594.000,6129.87
1739735749781,802485989722,1069305527193,46,45702,3588,0,0,3588.000,6129.87
1739735749781,1208343506685,531249580437,1871137,45852,3606,0,0,3606.000,6129.87
1739735749781,1208343506685,1546466867072,47,45868,3582,0,0,3582.000,6129.87
1740386730703,216214386807,1154950846837,10341,44059,3441,0,0,3441.000,2651.89
1740386730703,216214386807,995620713242,45,43327,3441,0,0,3441.000,2651.89
1740386730703,179306736888,535053903969,102565,44017,3441,0,0,3441.000,2651.89
1740386730703,179306736888,460034872888,49,43101,3441,0,0,3441.000,2651.89
1740386730703,1733333572433,706745542549,555785,43535,3441,0,0,3441.000,2651.89
1740386730703,1733333572433,1521187065988,51,43267,3441,0,0,3441.000,2651.89
1740386730703,1698957198778,1296984782529,324968,42953,3441,0,0,3441.000,2651.89
1740386730703,1698957198778,742388054097,30,42600,3441,0,0,3441.000,2651.89
1740386730703,1465412314070,909494852293,343492,79618,3441,0,0,3441.000,2651.89
1740386730703,1465412314070,1238413137241,38,77553,3441,0,0,3441.000,2651.89
1740386730703,1391539690891,1341688057665,104929,43911,3441,0,0,3441.000,2651.89
1740386730703,1391539690891,1634044386613,33,43726,3441,0,0,3441.000,2651.89
1740386730703,1541440885027,244648011600,166074,45077,3441,0,0,3441.000,2651.89
1740386730703,1541440885027,1680306393892,29,44685,3441,0,0,3441.000,2651.89
1740386730703,665863859746,608476283341,250668,46910,3441,0,0,3441.000,2651.89
1740386730703,665863859746,1252443014336,47,46559,3441,0,0,3441.000,2651.89
1740386730703,1256694521709,121158713779,113660,44309,3441,0,0,3441.000,2651.89
1740386730703,1256694521709,1136820595843,26,43452,3441,0,0,3441.000,2651.89
1740386730703,1437450390693,763084727248,266430,45018,3441,0,0,3441.000,2651.89
1740386730703,1437450390693,203635978389,15,43952,3441,0,0,3441.000,2651.89
1741573106899,27804474643,431973454332,428839,44326,3798,0,0,3798.000,3699.11
1741573106899,27804474643,1037474446960,20,43268,3798,0,0,3798.000,3699.11
1741573106899,198920665142,1722075153703,400357,44892,3798,0,0,3798.000,3699.11
1741573106899,198920665142,226969545586,34,44161,3798,0,0,3798.000,3699.11
1741573106899,1616262021527,1553851932373,242262,46101,3798,0,0,3798.000,3699.11
1741573106899,1616262021527,812162430719,26,45368,3798,0,0,3798.000,3699.11
1741573106899,92751167494,1406843932581,448659,49017,3798,0,0,3798.000,3699.11
1741573106899,92751167494,1610987045814,39,44660,3798,0,0,3798.000,3699.11
1741573106899,802372685832,1241179504011,956334,46743,3798,0,0,3798.000,3699.11
1741573106899,802372685832,428993256791,14,46352,3798,0,0,3798.000,3699.11
1741573106899,10579447494,1447333811113,143565,45244,3798,0,0,3798.000,3699.11
1741573106899,10579447494,1402305469147,40,45809,3798,0,0,3798.000,3699.11
1741573106899,851754331348,569976890166,41432,47726,3798,0,0,3798.000,3699.11
1741573106899,851754331348,195939901097,49,46035,3798,0,0,3798.000,3699.11
1741573106899,1090039240814,542756964700,224319,47393,3798,0,0,3798.000,3699.11
1741573106899,1090039240814,872644150580,34,46493,3798,0,0,3798.000,3699.11
1741573106899,37726268460,1480461566362,270342,45517,3798,0,0,3798.000,3699.11
1741573106899,37726268460,915094178574,49,45578,3798,0,0,3798.000,3699.11
1741573106899,953743787444,1646770618908,2117,44809,3798,0,0,3798.000,3699.11
1741573106899,953743787444,1459453903840,24,44035,3798,0,0,3798.000,3699.11
1743307571987,1088424515531,1182886365396,413569,45475,3594,0,0,3594.000,2679.96
1743307571987,1088424515531,1204724861670,40,44910,3594,0,0,3594.000,2679.96
1743307571987,368325978002,133979875304,72092,44767,3594,0,0,3594.000,2679.96
1743307571987,368325978002,946196422281,28,45077,3594,0,0,3594.000,2679.96
1743307571987,241881853992,1191225204204,353938,44536,3594,0,0,3594.000,2679.96
1743307571987,241881853992,1522763028475,41,44017,3594,0,0,3594.000,2679.96
1743307571987,1038545777330,55829302870,103770,45226,3594,0,0,3594.000,2679.96
1743307571987,1038545777330,163452277718,23,44785,3594,0,0,3594.000,2679.96
1743307571987,1001693276387,1349856552235,224062,44351,3594,0,0,3594.000,2679.96
1743307571987,1001693276387,946395003716,47,43494,3594,0,0,3594.000,2679.96
1743307571987,1537145801115,514455428430,49227,44785,3594,0,0,3594.000,2679.96
1743307571987,1537145801115,72630960930,39,44350,3594,0,0,3594.000,2679.96
1743307571987,988666014292,770471501701,413306,45785,3594,0,0,3594.000,2679.96
1743307571987,988666014292,74962976934,32,44601,3594,0,0,3594.000,2679.96
1743307571987,1019897828654,772201450449,188517,45493,3594,0,0,3594.000,2679.96
1743307571987,1019897828654,1307247498184,45,44475,3594,0,0,3594.000,2679.96
1743307571987,591387448715,736000739067,524517,46060,3594,0,0,3594.000,2679.96
1743307571987,591387448715,336848778994,21,45243,3594,0,0,3594.000,2679.96
1743307571987,1508604324125,442782035982,6067,45977,3594,0,0,3594.000,2679.96
1743307571987,1508604324125,1678286178424,34,45951,3594,0,0,3594.000,2679.96
1745969533271,835914004748,1254668088180,96616,44535,3594,0,0,3594.000,3181.53
1745969533271,835914004748,1428323984481,24,43685,3594,0,0,3594.000,3181.53
1745969533271,554117337364,349259324131,286799,43993,3594,0,0,3594.000,3181.53
1745969533271,554117337364,1177287429201,60,44351,3594,0,0,3594.000,3181.53
1745969533271,1091191195408,31870553264,200185,44184,3594,0,0,3594.000,3181.53
1745969533271,1091191195408,1742986172963,38,44286,3594,0,0,3594.000,3181.53
1745969533271,1058050958584,960584055467,802134,44743,3594,0,0,3594.000,3181.53
1745969533271,1058050958584,318945120231,27,44727,3594,0,0,3594.000,3181.53
1745969533271,928859937379,1065669616002,95175,47143,3594,0,0,3594.000,3181.53
1745969533271,928859937379,264087123904,61,45785,3594,0,0,3594.000,3181.53
1745969533271,1214727359062,1571157814388,433727,47368,3594,0,0,3594.000,3181.53
1745969533271,1214727359062,532166909660,52,46059,3594,0,0,3594.000,3181.53
1745969533271,1694493384326,775065093299,149017,44517,3594,0,0,3594.000,3181.53
1745969533271,1694493384326,1461960675693,30,44577,3594,0,0,3594.000,3181.53
1745969533271,921677722862,63544296880,113975,44869,3594,0,0,3594.000,3181.53
1745969533271,921677722862,253303599977,14,44058,3594,0,0,3594.000,3181.53
1745969533271,1046496288590,1645111213971,429582,44268,3594,0,0,3594.000,3181.53
1745969533271,1046496288590,1374644580005,44,44868,3594,0,0,3594.000,3181.53
1745969533271,207433176563,1585238577453,140313,45577,3594,0,0,3594.000,3181.53
1745969533271,207433176563,763378010279,32,44393,3594,0,0,3594.000,3181.53
1754136755551,1236478461411,1028127051053,476366,44243,3645,0,0,3645.000,2712.01
1754136755551,1236478461411,1661186742737,24,44476,3645,0,0,3645.000,2712.01
1754136755551,1077127823634,1508942913344,75320,44893,3645,0,0,3645.000,2712.01
1754136755551,1077127823634,1499101246185,21,44018,3645,0,0,3645.000,2712.01
1754136755551,1608258251291,1346882491222,174013,45392,3645,0,0,3645.000,2712.01
1754136755551,1608258251291,738217391847,37,44326,3645,0,0,3645.000,2712.01
1754136755551,1387931818546,824578137496,560395,46393,3645,0,0,3645.000,2712.01
1754136755551,1387931818546,470960619891,21,44951,3645,0,0,3645.000,2712.01
1754136755551,770361185818,1535094264813,133764,45102,3645,0,0,3645.000,2712.01
1754136755551,770361185818,926030943167,27,45035,3645,0,0,3645.000,2712.01
1754136755551,568609610200,1465103090156,140646,45143,3645,0,0,3645.000,2712.01
1754136755551,568609610200,1122908920871,27,44351,3645,0,0,3645.000,2712.01
1754136755551,912899588296,1620526984833,14353,44393,3645,0,0,3645.000,2712.01
1754136755551,912899588296,418701725659,41,44560,3645,0,0,3645.000,2712.01
1754136755551,557830138379,132430063793,63942,45078,3645,0,0,3645.000,2712.01
1754136755551,557830138379,101269265480,20,44017,3645,0,0,3645.000,2712.01
1754136755551,264357570514,1125857997042,333386,44243,3645,0,0,3645.000,2712.01
1754136755551,264357570514,851103135295,25,44059,3645,0,0,3645.000,2712.01
1754136755551,248928048545,1499873468850,323841,45535,3645,0,0,3645.000,2712.01
1754136755551,248928048545,1473334156923,23,45142,3645,0,0,3645.000,2712.01
1755503420609,FAILED,FAILED,FAILED,FAILED,FAILED,FAILED,FAILED,FAILED,FAILED
1761980716351,773319705306,1444653584219,309628,45370,3543,0,0,3543.000,3611.84
1761980716351,773319705306,1210368692761,25,44392,3543,0,0,3543.000,3611.84
1761980716351,1497867561576,1250471497523,93115,44951,3543,0,0,3543.000,3611.84
1761980716351,1497867561576,258276714519,44,44268,3543,0,0,3543.000,3611.84
1761980716351,1581559577935,1366632808610,107808,44934,3543,0,0,3543.000,3611.84
1761980716351,1581559577935,937418314696,39,44077,3543,0,0,3543.000,3611.84
1761980716351,986066970745,619355551659,472312,44226,3543,0,0,3543.000,3611.84
1761980716351,986066970745,913961218418,35,43868,3543,0,0,3543.000,3611.84
1761980716351,712848969032,250568167579,398693,44910,3543,0,0,3543.000,3611.84
1761980716351,712848969032,1253702791839,54,44852,3543,0,0,3543.000,3611.84
1761980716351,1118291783741,251669580709,28014,47827,3543,0,0,3543.000,3611.84
1761980716351,1118291783741,759559204872,29,46977,3543,0,0,3543.000,3611.84
1761980716351,544643557268,1593994962025,318839,81928,3543,0,0,3543.000,3611.84
1761980716351,544643557268,552625480793,46,79427,3543,0,0,3543.000,3611.84
1761980716351,1693222588887,739171944852,760544,46808,3543,0,0,3543.000,3611.84
1761980716351,1693222588887,124935059494,30,45619,3543,0,0,3543.000,3611.84
1761980716351,12092985555,1701826714108,380627,45768,3543,0,0,3543.000,3611.84
1761980716351,12092985555,693526395634,35,44160,3543,0,0,3543.000,3611.84
1761980716351,914362246929,1167867641913,110419,44058,3543,0,0,3543.000,3611.84
1761980716351,914362246929,133974646915,50,43993,3543,0,0,3543.000,3611.84
1764180843097,FAILED,FAILED,FAILED,FAILED,FAILED,FAILED,FAILED,FAILED,FAILED
1766487643633,FAILED,FAILED,FAILED,FAILED,FAILED,FAILED,FAILED,FAILED,FAILED
1766816482537,FAILED,FAILED,FAILED,FAILED,FAILED,FAILED,FAILED,FAILED,FAILED
1767296654689,FAILED,FAILED,FAILED,FAILED,FAILED,FAILED,FAILED,FAILED,FAILED
1781152860737,FAILED,FAILED,FAILED,FAILED,FAILED,FAILED,FAILED,FAILED,FAILED
1782527888333,505388893811,264319593856,538860,46577,3804,0,0,3804.000,4147.76
1782527888333,505388893811,1134512972761,17,45102,3816,0,0,3816.000,4147.76
1782527888333,428565858005,1245785364650,30868,46268,3780,0,0,3780.000,4147.76
1782527888333,428565858005,431042019290,26,45952,3786,0,0,3786.000,4147.76
1782527888333,180895693486,1745324203152,1167259,46058,3822,0,0,3822.000,4147.76
1782527888333,180895693486,1489922772520,34,45951,3792,0,0,3792.000,4147.76
1782527888333,1693595713209,280558167507,225939,46725,3834,0,0,3834.000,4147.76
1782527888333,1693595713209,365596451783,26,45725,3828,0,0,3828.000,4147.76
1782527888333,219878880343,1283392212626,85815,47060,3786,0,0,3786.000,4147.76
1782527888333,219878880343,1234005219613,8,46410,3816,0,0,3816.000,4147.76
1782527888333,568166355099,1307627534478,689837,85202,3822,0,0,3822.000,4147.76
1782527888333,568166355099,749865220720,72,83951,3822,0,0,3822.000,4147.76
1782527888333,428105765668,631589976973,185914,46976,3792,0,0,3792.000,4147.76
1782527888333,428105765668,751199443125,18,46743,3762,0,0,3762.000,4147.76
1782527888333,1669724537466,1615847644295,101591,47035,3792,0,0,3792.000,4147.76
1782527888333,1669724537466,1142823286027,55,46976,3816,0,0,3816.000,4147.76
1782527888333,1453015493058,1713989876556,120442,47076,3792,0,0,3792.000,4147.76
1782527888333,1453015493058,1420430371811,42,46601,3792,0,0,3792.000,4147.76
1782527888333,484099284372,886193336495,322754,45911,3804,0,0,3804.000,4147.76
1782527888333,484099284372,864585324437,33,45517,3804,0,0,3804.000,4147.76
1792525600583,340994078827,296682518410,351135,45060,3543,0,0,3543.000,2587.13
1792525600583,340994078827,1348153993729,30,44535,3543,0,0,3543.000,2587.13
1792525600583,1567657912486,1536101813490,146609,80285,3543,0,0,3543.000,2587.13
1792525600583,1567657912486,1643941562790,18,79178,3543,0,0,3543.000,2587.13
1792525600583,1153380418475,1455100704332,1355,81494,3543,0,0,3543.000,2587.13
1792525600583,1153380418475,754416660462,39,78887,3543,0,0,3543.000,2587.13
1792525600583,1205871495225,418196754113,102989,44976,3543,0,0,3543.000,2587.13
1792525600583,1205871495225,800817842266,46,44452,3543,0,0,3543.000,2587.13
1792525600583,1696985155886,564276243245,224979,44494,3543,0,0,3543.000,2587.13
1792525600583,1696985155886,345111655027,26,44309,3543,0,0,3543.000,2587.13
1792525600583,1672000710524,1679675629593,61424,46410,3543,0,0,3543.000,2587.13
1792525600583,1672000710524,398662517493,58,45935,3543,0,0,3543.000,2587.13
1792525600583,1445660629696,92006550406,333804,44726,3543,0,0,3543.000,2587.13
1792525600583,1445660629696,1377133364192,25,43868,3543,0,0,3543.000,2587.13
1792525600583,464259965431,669629421176,418142,45351,3543,0,0,3543.000,2587.13
1792525600583,464259965431,1075076407181,58,44368,3543,0,0,3543.000,2587.13
1792525600583,252494656389,1339453271717,111744,44934,3543,0,0,3543.000,2587.13
1792525600583,252494656389,1120604593953,22,43953,3543,0,0,3543.000,2587.13
1792525600583,313964940056,1716275535675,497956,45202,3543,0,0,3543.000,2587.13
1792525600583,313964940056,1236688513392,48,44350,3543,0,0,3543.000,2587.13
1792604144411,1243573892697,517986403212,504810,81094,3543,0,0,3543.000,2570.41
1792604144411,1243573892697,1527568349524,54,79636,3543,0,0,3543.000,2570.41
1792604144411,1069219636066,1260468317921,176943,44975,3543,0,0,3543.000,2570.41
1792604144411,1069219636066,467483615289,29,44286,3543,0,0,3543.000,2570.41
1792604144411,371996060083,504728016054,273229,44475,3543,0,0,3543.000,2570.41
1792604144411,371996060083,1329677543601,12,43911,3543,0,0,3543.000,2570.41
1792604144411,1459632739587,1231101496919,131333,45285,3543,0,0,3543.000,2570.41
1792604144411,1459632739587,1166705993766,12,44476,3543,0,0,3543.000,2570.41
1792604144411,1734027860294,611423111578,237986,45517,3543,0,0,3543.000,2570.41
1792604144411,1734027860294,1474886861518,14,44410,3543,0,0,3543.000,2570.41
1792604144411,1175747121124,42623581493,33426,44475,3543,0,0,3543.000,2570.41
1792604144411,1175747121124,112185371045,16,43743,3543,0,0,3543.000,2570.41
1792604144411,897199215463,1692458314976,231438,45035,3543,0,0,3543.000,2570.41
1792604144411,897199215463,1424599892348,2,44642,3543,0,0,3543.000,2570.41
1792604144411,275024527591,223671858015,324695,44601,3543,0,0,3543.000,2570.41
1792604144411,275024527591,19074826103,48,43868,3543,0,0,3543.000,2570.41
1792604144411,276563631355,1530386436060,196336,46743,3543,0,0,3543.000,2570.41
1792604144411,276563631355,470486916761,29,45226,3543,0,0,3543.000,2570.41
1792604144411,1449435026856,1455541859740,192932,47476,3543,0,0,3543.000,2570.41
1792604144411,1449435026856,1090460291449,16,45951,3543,0,0,3543.000,2570.41
1797657764569,FAILED,FAILED,FAILED,FAILED,FAILED,FAILED,FAILED,FAILED,FAILED
1798107178331,952873330051,1150464515560,753644,45059,3594,0,0,3594.000,4158.93
1798107178331,952873330051,387860515581,42,44743,3594,0,0,3594.000,4158.93
1798107178331,1163690240791,704690825850,145977,44351,3594,0,0,3594.000,4158.93
1798107178331,1163690240791,1170721737871,61,44243,3594,0,0,3594.000,4158.93
1798107178331,1064316383025,153168544650,378584,48226,3594,0,0,3594.000,4158.93
1798107178331,1064316383025,441672792351,25,46535,3594,0,0,3594.000,4158.93
1798107178331,1524466310138,1597580885093,23170,44951,3594,0,0,3594.000,4158.93
1798107178331,1524466310138,238608481269,31,44643,3594,0,0,3594.000,4158.93
1798107178331,1125686847617,540522960530,143210,45201,3594,0,0,3594.000,4158.93
1798107178331,1125686847617,941857289899,24,44268,3594,0,0,3594.000,4158.93
1798107178331,1764521877864,882439440223,442580,44684,3594,0,0,3594.000,4158.93
1798107178331,1764521877864,663427489682,37,44202,3594,0,0,3594.000,4158.93
1798107178331,912261861181,1249199480313,36447,45226,3594,0,0,3594.000,4158.93
1798107178331,912261861181,1770352800671,27,44410,3594,0,0,3594.000,4158.93
1798107178331,992008249489,1692935852802,564813,45809,3594,0,0,3594.000,4158.93
1798107178331,992008249489,8526552981,31,44535,3594,0,0,3594.000,4158.93
1798107178331,488524267432,577716297374,160931,44393,3594,0,0,3594.000,4158.93
1798107178331,488524267432,1369204508781,20,44452,3594,0,0,3594.000,4158.93
1798107178331,930717637590,403016701914,753627,44518,3594,0,0,3594.000,4158.93
1798107178331,930717637590,775743911208,32,43993,3594,0,0,3594.000,4158.93
1800814738633,FAILED,FAILED,FAILED,FAILED,FAILED,FAILED,FAILED,FAILED,FAILED
1803846665077,1728735795646,211694870658,754738,46118,3990,0,0,3990.000,4319.35
1803846665077,1728735795646,1202838500620,45,46560,4008,0,0,4008.000,4319.35
1803846665077,1048644931883,1485944251446,1028378,48785,4020,0,0,4020.000,4319.35
1803846665077,1048644931883,1231779763194,22,47518,4014,0,0,4014.000,4319.35
1803846665077,1385186583267,486556163383,465205,47477,3990,0,0,3990.000,4319.35
1803846665077,1385186583267,756906667838,37,47827,4032,0,0,4032.000,4319.35
1803846665077,620007568332,385372902433,79070,47060,4008,0,0,4008.000,4319.35
1803846665077,620007568332,772334539294,35,45868,3996,0,0,3996.000,4319.35
1803846665077,80862118561,436966666811,337934,45911,3978,0,0,3978.000,4319.35
1803846665077,80862118561,362597375897,23,45476,3984,0,0,3984.000,4319.35
1803846665077,1297107269169,1678456516385,193376,86261,4014,0,0,4014.000,4319.35
1803846665077,1297107269169,1193590849017,100,85177,4008,0,0,4008.000,4319.35
1803846665077,1220476286438,562529021228,294355,46309,4026,0,0,4026.000,4319.35
1803846665077,1220476286438,856854269534,35,45578,4002,0,0,4002.000,4319.35
1803846665077,1738106318648,1686257394764,34633,47643,4008,0,0,4008.000,4319.35
1803846665077,1738106318648,266558267991,12,47285,3996,0,0,3996.000,4319.35
1803846665077,820926257463,996088989223,276334,46660,4002,0,0,4002.000,4319.35
1803846665077,820926257463,783200490304,50,46433,3996,0,0,3996.000,4319.35
1803846665077,539973240926,1257232062895,42009,87052,4020,0,0,4020.000,4319.35
1803846665077,539973240926,346270877873,55,85886,4020,0,0,4020.000,4319.35
1809889634689,FAILED,FAILED,FAILED,FAILED,FAILED,FAILED,FAILED,FAILED,FAILED
1814554089571,893886979286,831984143555,512924,45434,3696,0,0,3696.000,3462.78
1814554089571,893886979286,1518102405121,29,45410,3696,0,0,3696.000,3462.78
1814554089571,1732065558397,1646002290724,19798,45286,3696,0,0,3696.000,3462.78
1814554089571,1732065558397,1624039877561,20,44434,3696,0,0,3696.000,3462.78
1814554089571,344446835948,448213542781,186426,46368,3696,0,0,3696.000,3462.78
1814554089571,344446835948,1741918116550,71,45768,3696,0,0,3696.000,3462.78
1814554089571,867016760403,962323466494,88867,44576,3696,0,0,3696.000,3462.78
1814554089571,867016760403,1498013433564,53,44477,3696,0,0,3696.000,3462.78
1814554089571,904353655308,31551726393,98444,44393,3696,0,0,3696.000,3462.78
1814554089571,904353655308,536237638744,20,43809,3696,0,0,3696.000,3462.78
1814554089571,68884935653,557255138092,117829,45184,3696,0,0,3696.000,3462.78
1814554089571,68884935653,1439297061602,30,45244,3696,0,0,3696.000,3462.78
1814554089571,305179479189,611600328516,597209,44785,3696,0,0,3696.000,3462.78
1814554089571,305179479189,763051502625,17,44268,3696,0,0,3696.000,3462.78
1814554089571,736225251171,869866767545,336687,47476,3696,0,0,3696.000,3462.78
1814554089571,736225251171,123845548748,8,45868,3696,0,0,3696.000,3462.78
1814554089571,1806308687971,665274995063,508593,45642,3696,0,0,3696.000,3462.78
1814554089571,1806308687971,350346555770,54,44160,3696,0,0,3696.000,3462.78
1814554089571,1306797772157,795890661655,441714,46351,3696,0,0,3696.000,3462.78
1814554089571,1306797772157,208408478015,20,45994,3696,0,0,3696.000,3462.78
1818771998731,1096293082402,555948143121,42490,44892,3543,0,0,3543.000,2854.34
1818771998731,1096293082402,483406221036,55,44577,3543,0,0,3543.000,2854.34
1818771998731,1326694751103,1461075216864,62931,44934,3543,0,0,3543.000,2854.34
1818771998731,1326694751103,1464285605371,5,44160,3543,0,0,3543.000,2854.34
1818771998731,384170507077,202728703420,416111,82178,3543,0,0,3543.000,2854.34
1818771998731,384170507077,1553919841720,90,80802,3543,0,0,3543.000,2854.34
1818771998731,403273760510,1034047592947,125680,81261,3543,0,0,3543.000,2854.34
1818771998731,403273760510,1389692482967,7,78927,3543,0,0,3543.000,2854.34
1818771998731,1480272487417,580144990780,790835,81619,3543,0,0,3543.000,2854.34
1818771998731,1480272487417,842658707154,52,81302,3543,0,0,3543.000,2854.34
1818771998731,1373974010262,625115784427,33736,44453,3543,0,0,3543.000,2854.34
1818771998731,1373974010262,1396132158927,18,43267,3543,0,0,3543.000,2854.34
1818771998731,1660625156595,1249716645634,101898,47327,3543,0,0,3543.000,2854.34
1818771998731,1660625156595,1610487123453,33,46850,3543,0,0,3543.000,2854.34
1818771998731,269894364726,405471789484,641747,45993,3543,0,0,3543.000,2854.34
1818771998731,269894364726,281985621471,45,45476,3543,0,0,3543.000,2854.34
1818771998731,948880022741,342740581672,160628,44476,3543,0,0,3543.000,2854.34
1818771998731,948880022741,813395233265,21,44077,3543,0,0,3543.000,2854.34
1818771998731,107940643630,930718385331,145069,45160,3543,0,0,3543.000,2854.34
1818771998731,107940643630,207700325340,29,44475,3543,0,0,3543.000,2854.34
1819411103089,FAILED,FAILED,FAILED,FAILED,FAILED,FAILED,FAILED,FAILED,FAILED
1824838571447,777374124093,1158011326345,85287,45850,3696,0,0,3696.000,2207.20
1824838571447,777374124093,830369777666,74,44953,3696,0,0,3696.000,2207.20
1824838571447,1349150046932,1773730556052,18439,45285,3696,0,0,3696.000,2207.20
1824838571447,1349150046932,954925298031,36,44851,3696,0,0,3696.000,2207.20
1824838571447,1466571332901,1447902092391,214342,45036,3696,0,0,3696.000,2207.20
1824838571447,1466571332901,106578783958,35,44308,3696,0,0,3696.000,2207.20
1824838571447,706304498623,703641789520,340268,45493,3696,0,0,3696.000,2207.20
1824838571447,706304498623,255052073965,20,43726,3696,0,0,3696.000,2207.20
1824838571447,237720901499,1220806103076,641978,45660,3696,0,0,3696.000,2207.20
1824838571447,237720901499,779439148397,7,45852,3696,0,0,3696.000,2207.20
1824838571447,1352972240582,39898300551,30641,44870,3696,0,0,3696.000,2207.20
1824838571447,1352972240582,702478961653,33,44642,3696,0,0,3696.000,2207.20
1824838571447,1240921253984,1651859368200,58489,44560,3696,0,0,3696.000,2207.20
1824838571447,1240921253984,335954110819,30,44244,3696,0,0,3696.000,2207.20
1824838571447,1271754862266,1633199324883,239164,46101,3696,0,0,3696.000,2207.20
1824838571447,1271754862266,1293468157489,37,44910,3696,0,0,3696.000,2207.20
1824838571447,391214962208,1073118869578,132952,44435,3696,0,0,3696.000,2207.20
1824838571447,391214962208,582345527213,43,44410,3696,0,0,3696.000,2207.20
1824838571447,167979021304,1173395372937,151861,44643,3696,0,0,3696.000,2207.20
1824838571447,167979021304,815185888683,25,44493,3696,0,0,3696.000,2207.20
1825185047839,1124494084592,1440178225886,42320,44202,3492,0,0,3492.000,3987.42
1825185047839,1124494084592,1188825300687,64,42851,3492,0,0,3492.000,3987.42
1825185047839,1508482376637,673566371440,357530,42702,3492,0,0,3492.000,3987.42
1825185047839,1508482376637,434625546102,38,42934,3492,0,0,3492.000,3987.42
1825185047839,494060975827,522323799292,9852,43601,3492,0,0,3492.000,3987.42
1825185047839,494060975827,234240180651,36,42743,3492,0,0,3492.000,3987.42
1825185047839,1282910130921,632768644446,474964,44119,3492,0,0,3492.000,3987.42
1825185047839,1282910130921,405210982828,31,44102,3492,0,0,3492.000,3987.42
1825185047839,1687977156164,603074420121,16200,46119,3492,0,0,3492.000,3987.42
1825185047839,1687977156164,142353170698,14,44976,3492,0,0,3492.000,3987.42
1825185047839,1491128384203,187559909862,464122,45661,3492,0,0,3492.000,3987.42
1825185047839,1491128384203,1523073504206,48,44600,3492,0,0,3492.000,3987.42
1825185047839,1153449746796,909833905932,313737,45327,3492,0,0,3492.000,3987.42
1825185047839,1153449746796,1130257854930,46,44393,3492,0,0,3492.000,3987.42
1825185047839,627684968564,618718442533,86326,44785,3492,0,0,3492.000,3987.42
1825185047839,627684968564,578682050198,35,43852,3492,0,0,3492.000,3987.42
1825185047839,1625184329455,1097090413325,638384,45119,3492,0,0,3492.000,3987.42
1825185047839,1625184329455,491296430817,49,44143,3492,0,0,3492.000,3987.42
1825185047839,119791975444,1395381835057,997001,45201,3492,0,0,3492.000,3987.42
1825185047839,119791975444,1347634377931,28,44183,3492,0,0,3492.000,3987.42
1826948245849,FAILED,FAILED,FAILED,FAILED,FAILED,FAILED,FAILED,FAILED,FAILED
1841251220603,269687151167,79264696218,13330,44493,3951,0,0,3951.000,2352.75
1841251220603,269687151167,1683812852932,37,43559,3951,0,0,3951.000,2352.75
1841251220603,966985053987,200511325405,40637,44893,3951,0,0,3951.000,2352.75
1841251220603,966985053987,1068943263223,20,44100,3951,0,0,3951.000,2352.75
1841251220603,1703532446354,1768659186263,100811,43910,3951,0,0,3951.000,2352.75
1841251220603,1703532446354,1544656869169,40,44227,3951,0,0,3951.000,2352.75
1841251220603,1350734144743,1118063240896,803611,44518,3951,0,0,3951.000,2352.75
1841251220603,1350734144743,282642568027,42,44017,3951,0,0,3951.000,2352.75
1841251220603,1262471460310,1771305411944,176316,47183,3951,0,0,3951.000,2352.75
1841251220603,1262471460310,1131667897601,29,45701,3951,0,0,3951.000,2352.75
1841251220603,1268015657036,130505011984,165011,45328,3951,0,0,3951.000,2352.75
1841251220603,1268015657036,1043489154688,37,44934,3951,0,0,3951.000,2352.75
1841251220603,153582828166,546116833554,2350,45226,3951,0,0,3951.000,2352.75
1841251220603,153582828166,1563056366357,37,44327,3951,0,0,3951.000,2352.75
1841251220603,1386493206513,1439571039594,93426,86095,3951,0,0,3951.000,2352.75
1841251220603,1386493206513,982853248746,32,85035,3951,0,0,3951.000,2352.75
1841251220603,115334975607,283729175880,74402,45035,3951,0,0,3951.000,2352.75
1841251220603,115334975607,824100767045,56,44768,3951,0,0,3951.000,2352.75
1841251220603,1503332554258,893161664376,564330,45935,3951,0,0,3951.000,2352.75
1841251220603,1503332554258,1811397055529,46,44827,3951,0,0,3951.000,2352.75
1841808006373,1130638369235,1038947239096,482061,87720,3963,0,0,3963.000,6117.72
1841808006373,1130638369235,1681633918307,52,83553,3939,0,0,3939.000,6117.72
1841808006373,108824992466,309279544798,246069,47368,3945,0,0,3945.000,6117.72
1841808006373,108824992466,823578809185,25,46703,3951,0,0,3951.000,6117.72
1841808006373,1044610462444,834225645703,187987,47035,3969,0,0,3969.000,6117.72
1841808006373,1044610462444,1161580030224,8,46309,3939,0,0,3939.000,6117.72
1841808006373,277125373618,1401737501876,164448,46119,3957,0,0,3957.000,6117.72
1841808006373,277125373618,357608680211,53,45267,3927,0,0,3927.000,6117.72
1841808006373,1822346463706,1017861067773,137141,46036,3933,0,0,3933.000,6117.72
1841808006373,1822346463706,103378324780,45,45142,3933,0,0,3933.000,6117.72
1841808006373,601184120011,394833819804,549314,46035,3945,0,0,3945.000,6117.72
1841808006373,601184120011,1133530503435,34,48851,3957,0,0,3957.000,6117.72
1841808006373,1676791357189,1169840478747,896922,48727,3951,0,0,3951.000,6117.72
1841808006373,1676791357189,949818738835,57,48035,3981,0,0,3981.000,6117.72
1841808006373,1785201437224,1480853115675,367987,46851,3963,0,0,3963.000,6117.72
1841808006373,1785201437224,341681362133,42,45911,3963,0,0,3963.000,6117.72
1841808006373,295987742003,1652436901309,834680,47435,3963,0,0,3963.000,6117.72
1841808006373,295987742003,1265039953223,8,46493,3951,0,0,3951.000,6117.72
1841808006373,689427645131,1012928260256,790090,48493,3951,0,0,3951.000,6117.72
1841808006373,689427645131,1259543871242,34,47892,3933,0,0,3933.000,6117.72
1848224025961,FAILED,FAILED,FAILED,FAILED,FAILED,FAILED,FAILED,FAILED,FAILED
1848619205593,FAILED,FAILED,FAILED,FAILED,FAILED,FAILED,FAILED,FAILED,FAILED
1850628885037,1125384641024,1003270155563,25736,45434,3735,0,0,3735.000,3792.67
1850628885037,1125384641024,839067698356,40,44410,3741,0,0,3741.000,3792.67
1850628885037,77366466636,749384678001,934147,84053,3729,0,0,3729.000,3792.67
1850628885037,77366466636,1615973334503,84,81386,3729,0,0,3729.000,3792.67
1850628885037,789575451760,25022966793,225840,47101,3741,0,0,3741.000,3792.67
1850628885037,789575451760,753923443781,19,46451,3735,0,0,3735.000,3792.67
1850628885037,580543311030,13185130359,87360,46268,3771,0,0,3771.000,3792.67
1850628885037,580543311030,839218174257,28,45243,3747,0,0,3747.000,3792.67
1850628885037,1820966018440,1445842467750,122,84303,3759,0,0,3759.000,3792.67
1850628885037,1820966018440,872625691992,137,81410,3741,0,0,3741.000,3792.67
1850628885037,536025668514,158808729560,109448,84118,3747,0,0,3747.000,3792.67
1850628885037,536025668514,912642719951,44,82345,3771,0,0,3771.000,3792.67
1850628885037,1685488523113,1609057452287,294984,46559,3735,0,0,3735.000,3792.67
1850628885037,1685488523113,1432491655853,54,45827,3741,0,0,3741.000,3792.67
1850628885037,69190005559,1533317066840,530392,45493,3717,0,0,3717.000,3792.67
1850628885037,69190005559,52644788150,61,45768,3735,0,0,3735.000,3792.67
1850628885037,372812501136,587590094369,96321,45225,3735,0,0,3735.000,3792.67
1850628885037,372812501136,10579443365,40,45828,3741,0,0,3741.000,3792.67
1850628885037,1392601543057,1849731447435,739781,45310,3759,0,0,3759.000,3792.67
1850628885037,1392601543057,1647784927155,25,45493,3747,0,0,3747.000,3792.67
1855364240651,683213305963,1761427255634,15588,44059,3798,0,0,3798.000,1850.05
1855364240651,683213305963,1535093128212,33,42993,3798,0,0,3798.000,1850.05
1855364240651,1200536984761,768691642037,337373,44618,3798,0,0,3798.000,1850.05
1855364240651,1200536984761,891915277415,46,43517,3798,0,0,3798.000,1850.05
1855364240651,216640224317,1264980440042,81504,44143,3798,0,0,3798.000,1850.05
1855364240651,216640224317,608328125580,25,43809,3798,0,0,3798.000,1850.05
1855364240651,799529661230,1848618255319,104980,44494,3798,0,0,3798.000,1850.05
1855364240651,799529661230,1121001937142,44,43726,3798,0,0,3798.000,1850.05
1855364240651,1486292771625,59854176117,131615,45076,3798,0,0,3798.000,1850.05
1855364240651,1486292771625,376353673863,49,44268,3798,0,0,3798.000,1850.05
1855364240651,1123349383761,645156097899,40712,43727,3798,0,0,3798.000,1850.05
1855364240651,1123349383761,587968057518,73,43476,3798,0,0,3798.000,1850.05
1855364240651,1257138551784,1225740679041,220365,44643,3798,0,0,3798.000,1850.05
1855364240651,1257138551784,919708843991,32,43368,3798,0,0,3798.000,1850.05
1855364240651,1516215875912,1382347571750,442497,44952,3798,0,0,3798.000,1850.05
1855364240651,1516215875912,214561675087,43,44809,3798,0,0,3798.000,1850.05
1855364240651,1243170678275,576903137569,261399,45368,3798,0,0,3798.000,1850.05
1855364240651,1243170678275,1814556196345,37,45060,3798,0,0,3798.000,1850.05
1855364240651,640650031074,562962174901,4150,44410,3798,0,0,3798.000,1850.05
1855364240651,640650031074,761725853208,38,44184,3798,0,0,3798.000,1850.05
1862472776851,1416699650208,380043014934,1199,43767,3543,0,0,3543.000,2887.68
1862472776851,1416699650208,1702079101148,40,43868,3543,0,0,3543.000,2887.68
1862472776851,289238990298,1711488898751,210443,80136,3543,0,0,3543.000,2887.68
1862472776851,289238990298,1690877837463,284,289200,3543,0,0,3543.000,2887.68
1862472776851,1119938252805,1695406977923,346527,44952,3543,0,0,3543.000,2887.68
1862472776851,1119938252805,1034949836189,46,44018,3543,0,0,3543.000,2887.68
1862472776851,1657715064853,862998610172,65148,43726,3543,0,0,3543.000,2887.68
1862472776851,1657715064853,384490798869,7,43744,3543,0,0,3543.000,2887.68
1862472776851,692400747049,399007554839,27167,44183,3543,0,0,3543.000,2887.68
1862472776851,692400747049,1861898788396,36,43851,3543,0,0,3543.000,2887.68
1862472776851,606098881971,1029098135846,346203,45160,3543,0,0,3543.000,2887.68
1862472776851,606098881971,1375723371419,33,46559,3543,0,0,3543.000,2887.68
1862472776851,129728954049,812344260051,499665,44410,3543,0,0,3543.000,2887.68
1862472776851,129728954049,1152497384370,22,43225,3543,0,0,3543.000,2887.68
1862472776851,183576687886,1788581523816,318710,44785,3543,0,0,3543.000,2887.68
1862472776851,183576687886,1522611303909,47,44475,3543,0,0,3543.000,2887.68
1862472776851,548318587455,1033411923483,136846,45620,3543,0,0,3543.000,2887.68
1862472776851,548318587455,1727986575560,45,44892,3543,0,0,3543.000,2887.68
1862472776851,1398752983681,1350430560282,555878,45326,3543,0,0,3543.000,2887.68
1862472776851,1398752983681,1058019387615,57,43935,3543,0,0,3543.000,2887.68
1869319676047,1399492497848,888924796159,101842,44768,3441,0,0,3441.000,3033.91
1869319676047,1399492497848,1552544040849,42,44077,3441,0,0,3441.000,3033.91
1869319676047,1112613511267,536815915767,271265,47285,3441,0,0,3441.000,3033.91
1869319676047,1112613511267,496592486829,70,46310,3441,0,0,3441.000,3033.91
1869319676047,9219760841,1489035775263,522907,44869,3441,0,0,3441.000,3033.91
1869319676047,9219760841,92909199939,20,43893,3441,0,0,3441.000,3033.91
1869319676047,1830164714445,1517444409289,68498,79411,3441,0,0,3441.000,3033.91
1869319676047,1830164714445,366322162784,49,77302,3441,0,0,3441.000,3033.91
1869319676047,1815609596798,52041675652,262409,44660,3441,0,0,3441.000,3033.91
1869319676047,1815609596798,765809984276,24,43768,3441,0,0,3441.000,3033.91
1869319676047,1024388958666,1054589687154,284310,44185,3441,0,0,3441.000,3033.91
1869319676047,1024388958666,116539381229,34,44118,3441,0,0,3441.000,3033.91
1869319676047,1299183647322,382313530061,45414,44952,3441,0,0,3441.000,3033.91
1869319676047,1299183647322,186021782545,60,43892,3441,0,0,3441.000,3033.91
1869319676047,1495380450560,1653870291500,200661,44726,3441,0,0,3441.000,3033.91
1869319676047,1495380450560,1839677032783,49,44243,3441,0,0,3441.000,3033.91
1869319676047,1857783057752,919298323182,192764,80451,3441,0,0,3441.000,3033.91
1869319676047,1857783057752,1106748257872,60,103363,3441,0,0,3441.000,3033.91
1869319676047,1776033260079,252093400168,653170,45369,3441,0,0,3441.000,3033.91
1869319676047,1776033260079,1032206393286,42,44018,3441,0,0,3441.000,3033.91
1872334430677,1220073578169,1246428262731,350116,47518,3921,0,0,3921.000,3639.18
1872334430677,1220073578169,38041946132,29,46576,3957,0,0,3957.000,3639.18
1872334430677,1433655540135,1158001070584,353300,46660,3927,0,0,3927.000,3639.18
1872334430677,1433655540135,812032734627,35,46309,3945,0,0,3945.000,3639.18
1872334430677,573600252754,958986827108,79436,46475,3939,0,0,3939.000,3639.18
1872334430677,573600252754,973596218955,44,45952,3951,0,0,3951.000,3639.18
1872334430677,225752082991,778965920850,586330,46410,3927,0,0,3927.000,3639.18
1872334430677,225752082991,744982037469,44,45351,3927,0,0,3927.000,3639.18
1872334430677,1802327412748,445141565495,176708,47267,3939,0,0,3939.000,3639.18
1872334430677,1802327412748,1367303530806,56,46368,3939,0,0,3939.000,3639.18
1872334430677,955370059634,1200864524867,140670,45868,3951,0,0,3951.000,3639.18
1872334430677,955370059634,1142526837061,20,45183,3975,0,0,3975.000,3639.18
1872334430677,147783137507,26312859437,479504,45618,3951,0,0,3951.000,3639.18
1872334430677,147783137507,1028465248205,33,46018,3939,0,0,3939.000,3639.18
1872334430677,1611944609177,409795084128,135092,46142,3921,0,0,3921.000,3639.18
1872334430677,1611944609177,1375019682256,28,45618,3975,0,0,3975.000,3639.18
1872334430677,1416589417326,318894735154,419288,45809,3945,0,0,3945.000,3639.18
1872334430677,1416589417326,399788595209,10,48160,3969,0,0,3969.000,3639.18
1872334430677,1699538598398,237359814267,102286,46142,3957,0,0,3957.000,3639.18
1872334430677,1699538598398,241164316121,36,45868,3939,0,0,3939.000,3639.18
1873265522213,1756245581232,23959019221,519246,44285,3804,0,0,3804.000,4128.94
1873265522213,1756245581232,831661668095,48,43934,3786,0,0,3786.000,4128.94
1873265522213,805077624168,1113053842256,34453,46017,3786,0,0,3786.000,4128.94
1873265522213,805077624168,1793750047852,28,45952,3816,0,0,3816.000,4128.94
1873265522213,1145834082590,987598628075,100794,46183,3798,0,0,3798.000,4128.94
1873265522213,1145834082590,233632531406,69,45535,3798,0,0,3798.000,4128.94
1873265522213,530932595801,1840381948960,86625,46577,3798,0,0,3798.000,4128.94
1873265522213,530932595801,268271309864,71,45892,3774,0,0,3774.000,4128.94
1873265522213,761043568269,652479962254,588531,45577,3810,0,0,3810.000,4128.94
1873265522213,761043568269,1683704319056,47,45268,3798,0,0,3798.000,4128.94
1873265522213,1569983571845,1033080737081,519696,45517,3786,0,0,3786.000,4128.94
1873265522213,1569983571845,948644037248,32,44619,3780,0,0,3780.000,4128.94
1873265522213,679970124709,1409273288330,517572,45433,3780,0,0,3780.000,4128.94
1873265522213,679970124709,1608674611749,54,45202,3786,0,0,3786.000,4128.94
1873265522213,88285813700,1341752274232,152155,45643,3810,0,0,3810.000,4128.94
1873265522213,88285813700,1495316128965,20,45451,3798,0,0,3798.000,4128.94
1873265522213,1611784689238,151501371700,460988,46743,3786,0,0,3786.000,4128.94
1873265522213,1611784689238,1221467585992,55,46477,3804,0,0,3804.000,4128.94
1873265522213,1866470522442,160235246863,304590,47118,3786,0,0,3786.000,4128.94
1873265522213,1866470522442,553834973228,6,46143,3804,0,0,3804.000,4128.94
1873297074613,981266900654,1193854818575,293305,44745,3810,0,0,3810.000,4475.59
1873297074613,981266900654,1624233785390,38,44600,3804,0,0,3804.000,4475.59
1873297074613,80804179260,905193016140,292074,44952,3786,0,0,3786.000,4475.59
1873297074613,80804179260,747725697697,27,44185,3786,0,0,3786.000,4475.59
1873297074613,779655023231,158441488186,74281,45183,3786,0,0,3786.000,4475.59
1873297074613,779655023231,1471114601016,47,45244,3822,0,0,3822.000,4475.59
1873297074613,1256265138926,1363198100552,125995,44702,3804,0,0,3804.000,4475.59
1873297074613,1256265138926,556657087544,60,44350,3792,0,0,3792.000,4475.59
1873297074613,1388538831054,1809823196918,1017116,45267,3804,0,0,3804.000,4475.59
1873297074613,1388538831054,551023729998,52,44851,3810,0,0,3810.000,4475.59
1873297074613,402608515464,255149231165,152841,46911,3792,0,0,3792.000,4475.59
1873297074613,402608515464,764317843669,7,46309,3774,0,0,3774.000,4475.59
1873297074613,1422046196353,1172099459788,163492,46060,3768,0,0,3768.000,4475.59
1873297074613,1422046196353,1475507258355,31,45952,3816,0,0,3816.000,4475.59
1873297074613,73689411347,1194562296806,563946,46268,3786,0,0,3786.000,4475.59
1873297074613,73689411347,1856247430171,30,46119,3834,0,0,3834.000,4475.59
1873297074613,1317723068191,1299585841994,634092,47203,3822,0,0,3822.000,4475.59
1873297074613,1317723068191,1835471498248,11,45892,3774,0,0,3774.000,4475.59
1873297074613,178010188476,1602514872091,241307,46076,3786,0,0,3786.000,4475.59
1873297074613,178010188476,1186116800470,38,45185,3786,0,0,3786.000,4475.59
1873883461277,251844764647,1570599022776,259474,46643,3675,0,0,3675.000,1884.56
1873883461277,251844764647,418037069709,51,45076,3627,0,0,3627.000,1884.56
1873883461277,1503328608518,1135010990525,203342,44476,3651,0,0,3651.000,1884.56
1873883461277,1503328608518,832910858468,63,44286,3627,0,0,3627.000,1884.56
1873883461277,1232322548927,866016190229,220560,45952,3651,0,0,3651.000,1884.56
1873883461277,1232322548927,566022599966,37,45435,3627,0,0,3627.000,1884.56
1873883461277,237747846343,1872292588389,80694,47410,3627,0,0,3627.000,1884.56
1873883461277,237747846343,628631098244,34,46100,3651,0,0,3651.000,1884.56
1873883461277,382157146531,522882276864,103111,82970,3615,0,0,3615.000,1884.56
1873883461277,382157146531,91093175954,58,80886,3621,0,0,3621.000,1884.56
1873883461277,55219758509,1725519101571,226744,46518,3681,0,0,3681.000,1884.56
1873883461277,55219758509,84122357699,45,45118,3633,0,0,3633.000,1884.56
1873883461277,1720439813166,536063122022,165769,98927,3633,0,0,3633.000,1884.56
1873883461277,1720439813166,890954674764,95,82886,3651,0,0,3651.000,1884.56
1873883461277,676659787711,399473545928,7608,48828,3657,0,0,3657.000,1884.56
1873883461277,676659787711,389111011628,46,47601,3633,0,0,3633.000,1884.56
1873883461277,480063469569,1330410500631,314608,46994,3651,0,0,3651.000,1884.56
1873883461277,480063469569,986415105936,27,46850,3639,0,0,3639.000,1884.56
1873883461277,933996432584,597345281083,73292,47285,3645,0,0,3645.000,1884.56
1873883461277,933996432584,855141440609,51,47350,3675,0,0,3675.000,1884.56
1876921990501,933375098288,1415467053073,112939,45245,3696,0,0,3696.000,1652.64
1876921990501,933375098288,1295259922349,35,44975,3690,0,0,3690.000,1652.64
1876921990501,274607811392,457458816990,114364,44767,3702,0,0,3702.000,1652.64
1876921990501,274607811392,1204178788233,43,44703,3708,0,0,3708.000,1652.64
1876921990501,444504074314,1439467579313,183048,45618,3672,0,0,3672.000,1652.64
1876921990501,444504074314,638635790336,26,44351,3720,0,0,3720.000,1652.64
1876921990501,1685895458203,997846025352,461651,45268,3714,0,0,3714.000,1652.64
1876921990501,1685895458203,712058106798,23,44869,3702,0,0,3702.000,1652.64
1876921990501,628696620234,934775082343,46143,44476,3702,0,0,3702.000,1652.64
1876921990501,628696620234,195447632058,32,43642,3654,0,0,3654.000,1652.64
1876921990501,480002176238,1155443140510,29471,44142,3696,0,0,3696.000,1652.64
1876921990501,480002176238,1714139312272,27,44309,3678,0,0,3678.000,1652.64
1876921990501,278448765474,357626604253,187585,46351,3720,0,0,3720.000,1652.64
1876921990501,278448765474,81598357066,70,45953,3720,0,0,3720.000,1652.64
1876921990501,496885110597,492524276657,6558,46809,3726,0,0,3726.000,1652.64
1876921990501,496885110597,448314711351,54,45785,3708,0,0,3708.000,1652.64
1876921990501,380509161735,920709301538,202611,46035,3678,0,0,3678.000,1652.64
1876921990501,380509161735,148350327290,34,45226,3690,0,0,3690.000,1652.64
1876921990501,1003988968789,1429515019712,104686,83844,3732,0,0,3732.000,1652.64
1876921990501,1003988968789,760438252838,107,80635,3684,0,0,3684.000,1652.64
1883483086073,FAILED,FAILED,FAILED,FAILED,FAILED,FAILED,FAILED,FAILED,FAILED
1886954061011,1190154304199,145063167420,26997,45184,3951,0,0,3951.000,2337.00
1886954061011,1190154304199,1281924956939,29,44827,3951,0,0,3951.000,2337.00
1886954061011,1866600475919,1023660195952,1662,84637,3951,0,0,3951.000,2337.00
1886954061011,1866600475919,372505994445,64,83345,3951,0,0,3951.000,2337.00
1886954061011,1628108527925,1268236195642,175082,46660,3951,0,0,3951.000,2337.00
1886954061011,1628108527925,1496595671214,56,46601,3951,0,0,3951.000,2337.00
1886954061011,286401672714,714987623189,187330,44851,3951,0,0,3951.000,2337.00
1886954061011,286401672714,70437816070,35,45244,3951,0,0,3951.000,2337.00
1886954061011,1330324719183,171955973398,66775,47892,3951,0,0,3951.000,2337.00
1886954061011,1330324719183,1472735780348,36,47243,3951,0,0,3951.000,2337.00
1886954061011,1688329171058,1679314416924,1263905,45368,3951,0,0,3951.000,2337.00
1886954061011,1688329171058,528271605125,13,44393,3951,0,0,3951.000,2337.00
1886954061011,1072276269202,1562510367828,13184,45600,3951,0,0,3951.000,2337.00
1886954061011,1072276269202,197252573571,7,45077,3951,0,0,3951.000,2337.00
1886954061011,1354723897199,1279865809507,23841,47618,3951,0,0,3951.000,2337.00
1886954061011,1354723897199,1506279405171,39,47435,3951,0,0,3951.000,2337.00
1886954061011,1192894833835,256348997763,92818,48392,3951,0,0,3951.000,2337.00
1886954061011,1192894833835,1443518679167,48,46826,3951,0,0,3951.000,2337.00
1886954061011,873053976287,1884369485319,3224,45642,3951,0,0,3951.000,2337.00
1886954061011,873053976287,487626185515,15,45077,3951,0,0,3951.000,2337.00
1896437141087,1596032317992,852066091458,448541,43701,3645,0,0,3645.000,5400.63
1896437141087,1596032317992,682493661357,27,43060,3645,0,0,3645.000,5400.63
1896437141087,1010482547039,1440049400237,68169,43600,3645,0,0,3645.000,5400.63
1896437141087,1010482547039,167000125220,32,43683,3645,0,0,3645.000,5400.63
1896437141087,1733088512895,1866933285062,344890,45827,3645,0,0,3645.000,5400.63
1896437141087,1733088512895,1378412282910,23,44934,3645,0,0,3645.000,5400.63
1896437141087,1728936785510,1456074013115,259731,44368,3645,0,0,3645.000,5400.63
1896437141087,1728936785510,583459421052,70,44060,3645,0,0,3645.000,5400.63
1896437141087,378290025889,255941164380,358607,45560,3645,0,0,3645.000,5400.63
1896437141087,378290025889,1189420351216,55,44743,3645,0,0,3645.000,5400.63
1896437141087,1133005227352,970034675917,656346,44517,3645,0,0,3645.000,5400.63
1896437141087,1133005227352,1407725335328,42,44327,3645,0,0,3645.000,5400.63
1896437141087,1113810344598,1780364194847,1367152,46935,3645,0,0,3645.000,5400.63
1896437141087,1113810344598,1493646921594,53,46077,3645,0,0,3645.000,5400.63
1896437141087,1862218035976,1723546687511,133697,44684,3645,0,0,3645.000,5400.63
1896437141087,1862218035976,1650227531927,11,44827,3645,0,0,3645.000,5400.63
1896437141087,1434697571713,1575783743642,517209,44768,3645,0,0,3645.000,5400.63
1896437141087,1434697571713,1230800321590,20,44035,3645,0,0,3645.000,5400.63
1896437141087,1367137343288,882939638744,489240,45994,3645,0,0,3645.000,5400.63
1896437141087,1367137343288,1886569816626,55,44226,3645,0,0,3645.000,5400.63
1902949196641,FAILED,FAILED,FAILED,FAILED,FAILED,FAILED,FAILED,FAILED,FAILED
1907095226833,FAILED,FAILED,FAILED,FAILED,FAILED,FAILED,FAILED,FAILED,FAILED
1909476049357,1100569396398,1662534208197,4589,45701,3684,0,0,3684.000,2219.23
1909476049357,1100569396398,825355516421,19,45310,3696,0,0,3696.000,2219.23
1909476049357,516967240890,42987111106,20918,45994,3702,0,0,3702.000,2219.23
1909476049357,516967240890,1666368586666,50,45517,3678,0,0,3678.000,2219.23
1909476049357,511914997186,147665250909,401562,45410,3750,0,0,3750.000,2219.23
1909476049357,511914997186,842624374946,18,45517,3714,0,0,3714.000,2219.23
1909476049357,375185949021,180867664542,154221,46476,3672,0,0,3672.000,2219.23
1909476049357,375185949021,1315340825953,18,46452,3654,0,0,3654.000,2219.23
1909476049357,1157095921912,676737194573,716437,46952,3672,0,0,3672.000,2219.23
1909476049357,1157095921912,1838798203252,25,46560,3696,0,0,3696.000,2219.23
1909476049357,770389247300,716309800328,95050,46059,3702,0,0,3702.000,2219.23
1909476049357,770389247300,1250000815788,29,46286,3666,0,0,3666.000,2219.23
1909476049357,1721587414,1121549717317,239884,47685,3702,0,0,3702.000,2219.23
1909476049357,1721587414,684660232275,27,47202,3720,0,0,3720.000,2219.23
1909476049357,1606512222816,1548732442849,6393,46018,3720,0,0,3720.000,2219.23
1909476049357,1606512222816,147769570951,26,45660,3732,0,0,3732.000,2219.23
1909476049357,1181776926271,570056777668,94729,45868,3684,0,0,3684.000,2219.23
1909476049357,1181776926271,1114076923647,36,45767,3714,0,0,3714.000,2219.23
1909476049357,332475959250,1121702984633,41615,47743,3702,0,0,3702.000,2219.23
1909476049357,332475959250,322273452380,44,47184,3690,0,0,3690.000,2219.23
1913601108533,1416676642765,1878320770173,368182,46244,3873,0,0,3873.000,3804.51
1913601108533,1416676642765,1195668283883,16,45435,3807,0,0,3807.000,3804.51
1913601108533,425786047029,1049187110924,279857,46143,3891,0,0,3891.000,3804.51
1913601108533,425786047029,948365141164,105,49035,3849,0,0,3849.000,3804.51
1913601108533,1886169860232,1912793712670,311600,46267,3885,0,0,3885.000,3804.51
1913601108533,1886169860232,913896683124,38,45618,3849,0,0,3849.000,3804.51
1913601108533,1604979881649,990877665373,636018,46392,3831,0,0,3831.000,3804.51
1913601108533,1604979881649,1574778101707,52,46201,3861,0,0,3861.000,3804.51
1913601108533,1538272843499,1628865478125,393571,46393,3819,0,0,3819.000,3804.51
1913601108533,1538272843499,216420342501,28,46244,3861,0,0,3861.000,3804.51
1913601108533,93983783502,46799164139,284574,46243,3831,0,0,3831.000,3804.51
1913601108533,93983783502,639848373847,39,46225,3855,0,0,3855.000,3804.51
1913601108533,1116706971148,676955820826,81660,46017,3873,0,0,3873.000,3804.51
1913601108533,1116706971148,1786789158033,65,45910,3831,0,0,3831.000,3804.51
1913601108533,1398893418955,1593397432799,144640,45785,3837,0,0,3837.000,3804.51
1913601108533,1398893418955,1291565504547,60,45643,3849,0,0,3849.000,3804.51
1913601108533,196164676946,1488085112327,232871,47310,3849,0,0,3849.000,3804.51
1913601108533,196164676946,873303982338,24,47160,3831,0,0,3831.000,3804.51
1913601108533,809477394081,1528900423238,486501,45642,3825,0,0,3825.000,3804.51
1913601108533,809477394081,217401259967,27,46119,3855,0,0,3855.000,3804.51
1914005133181,1613593215291,308058474160,352202,46893,3810,0,0,3810.000,2153.22
1914005133181,1613593215291,439297653547,55,46327,3816,0,0,3816.000,2153.22
1914005133181,1093374501969,973558239850,136171,83428,3792,0,0,3792.000,2153.22
1914005133181,1093374501969,1130251589061,41,83052,3834,0,0,3834.000,2153.22
1914005133181,1745424968417,12581394480,25838,45826,3798,0,0,3798.000,2153.22
1914005133181,1745424968417,944077027682,34,45601,3768,0,0,3768.000,2153.22
1914005133181,1484067742180,968845829456,20710,46476,3786,0,0,3786.000,2153.22
1914005133181,1484067742180,1023239528213,44,46577,3798,0,0,3798.000,2153.22
1914005133181,1893553781112,1872056335741,141464,46559,3816,0,0,3816.000,2153.22
1914005133181,1893553781112,852525164317,16,46286,3798,0,0,3798.000,2153.22
1914005133181,1399596741365,1710285249882,866316,46685,3798,0,0,3798.000,2153.22
1914005133181,1399596741365,1750868599325,12,46493,3792,0,0,3792.000,2153.22
1914005133181,1017058866521,1140963427936,77464,46017,3792,0,0,3792.000,2153.22
1914005133181,1017058866521,1579594682765,21,44828,3786,0,0,3786.000,2153.22
1914005133181,266415966388,1526735886126,20150,46244,3810,0,0,3810.000,2153.22
1914005133181,266415966388,1467027522222,30,45518,3798,0,0,3798.000,2153.22
1914005133181,384056271174,1512002361093,40883,47910,3816,0,0,3816.000,2153.22
1914005133181,384056271174,1714570583420,35,45560,3786,0,0,3786.000,2153.22
1914005133181,437471324482,987692588364,89384,72178,3804,0,0,3804.000,2153.22
1914005133181,437471324482,306284612246,81,86345,3792,0,0,3792.000,2153.22
1917895689679,962365857649,1800481368655,50428,84261,3849,0,0,3849.000,3805.41
1917895689679,962365857649,1628616228061,65,82244,3849,0,0,3849.000,3805.41
1917895689679,1811411127478,835552942037,1231181,45453,3849,0,0,3849.000,3805.41
1917895689679,1811411127478,1118698086743,40,44934,3849,0,0,3849.000,3805.41
1917895689679,953281271071,1780446396235,913824,84720,3849,0,0,3849.000,3805.41
1917895689679,953281271071,697084217219,68,82886,3849,0,0,3849.000,3805.41
1917895689679,348694893128,1192346083629,199218,45452,3849,0,0,3849.000,3805.41
1917895689679,348694893128,1901604568953,47,45101,3849,0,0,3849.000,3805.41
1917895689679,1462359318730,149987546547,28949,45185,3849,0,0,3849.000,3805.41
1917895689679,1462359318730,341159716953,24,44410,3849,0,0,3849.000,3805.41
1917895689679,1316192906701,1543235826349,131487,44910,3849,0,0,3849.000,3805.41
1917895689679,1316192906701,1440361608955,35,45350,3849,0,0,3849.000,3805.41
1917895689679,814233345669,1604823346886,166880,45077,3849,0,0,3849.000,3805.41
1917895689679,814233345669,807647542357,43,44476,3849,0,0,3849.000,3805.41
1917895689679,278019911146,1266875853272,160127,44643,3849,0,0,3849.000,3805.41
1917895689679,278019911146,763344047720,57,44226,3849,0,0,3849.000,3805.41
1917895689679,144195138648,985787041622,237109,46493,3849,0,0,3849.000,3805.41
1917895689679,144195138648,432977370175,10,45643,3849,0,0,3849.000,3805.41
1917895689679,316632041466,474373127349,68338,46702,3849,0,0,3849.000,3805.41
1917895689679,316632041466,610190323183,25,45435,3849,0,0,3849.000,3805.41
1919198637739,1117126436750,415375025668,1099983,45225,3849,0,0,3849.000,6342.95
1919198637739,1117126436750,499871370649,46,44786,3849,0,0,3849.000,6342.95
1919198637739,1841534192187,1436794884307,117065,49810,3849,0,0,3849.000,6342.95
1919198637739,1841534192187,734252935296,58,44994,3849,0,0,3849.000,6342.95
1919198637739,1893000493142,410394837228,823456,45518,3849,0,0,3849.000,6342.95
1919198637739,1893000493142,273055896255,36,45118,3849,0,0,3849.000,6342.95
1919198637739,1368989373726,1811971763640,517183,46576,3849,0,0,3849.000,6342.95
1919198637739,1368989373726,1011803882311,54,45142,3849,0,0,3849.000,6342.95
1919198637739,638759643436,1550827638008,176056,45660,3849,0,0,3849.000,6342.95
1919198637739,638759643436,1508581431173,51,44685,3849,0,0,3849.000,6342.95
1919198637739,920238739392,881591432566,130481,84719,3849,0,0,3849.000,6342.95
1919198637739,920238739392,1066582048331,17,82845,3849,0,0,3849.000,6342.95
1919198637739,1492310386623,1776274573081,112648,45017,3849,0,0,3849.000,6342.95
1919198637739,1492310386623,1859002169220,11,44119,3849,0,0,3849.000,6342.95
1919198637739,516836811934,1815540204350,1100911,44934,3849,0,0,3849.000,6342.95
1919198637739,516836811934,669086424965,26,44827,3849,0,0,3849.000,6342.95
1919198637739,1838289968359,1229078216833,309086,46810,3849,0,0,3849.000,6342.95
1919198637739,1838289968359,1867750854064,5,45452,3849,0,0,3849.000,6342.95
1919198637739,1263395162071,1080071674300,940637,46184,3849,0,0,3849.000,6342.95
1919198637739,1263395162071,58360499017,24,45660,3849,0,0,3849.000,6342.95
1925846195111,351157621276,150088645317,143562,81137,3543,0,0,3543.000,2607.25
1925846195111,351157621276,1052163783812,42,79011,3543,0,0,3543.000,2607.25
1925846195111,1672738890900,1708290307597,562570,44910,3543,0,0,3543.000,2607.25
1925846195111,1672738890900,1685126938492,44,44185,3543,0,0,3543.000,2607.25
1925846195111,189533260485,883120442232,172755,81093,3543,0,0,3543.000,2607.25
1925846195111,189533260485,1396032537309,11,80036,3543,0,0,3543.000,2607.25
1925846195111,1324656928545,359202078198,364108,46392,3543,0,0,3543.000,2607.25
1925846195111,1324656928545,620682263987,10,45660,3543,0,0,3543.000,2607.25
1925846195111,305192039618,1221756779171,251219,44910,3543,0,0,3543.000,2607.25
1925846195111,305192039618,779481047524,31,44184,3543,0,0,3543.000,2607.25
1925846195111,1823076578244,613679020565,21740,47118,3543,0,0,3543.000,2607.25
1925846195111,1823076578244,553145823740,50,46601,3543,0,0,3543.000,2607.25
1925846195111,539682158887,1823564505532,297375,47643,3543,0,0,3543.000,2607.25
1925846195111,539682158887,1269801041718,2,46785,3543,0,0,3543.000,2607.25
1925846195111,1699364500681,155478832942,67252,45976,3543,0,0,3543.000,2607.25
1925846195111,1699364500681,1602826831632,36,45535,3543,0,0,3543.000,2607.25
1925846195111,69685895353,1462024469233,333100,46018,3543,0,0,3543.000,2607.25
1925846195111,69685895353,1750743179724,36,45701,3543,0,0,3543.000,2607.25
1925846195111,743778244419,790081820148,67118,44660,3543,0,0,3543.000,2607.25
1925846195111,743778244419,221422059961,31,44101,3543,0,0,3543.000,2607.25
1929868306307,1278413669209,1726501119926,68829,43202,3594,0,0,3594.000,2714.93
1929868306307,1278413669209,46466771380,30,42852,3594,0,0,3594.000,2714.93
1929868306307,146209771671,1873973283261,669197,45559,3594,0,0,3594.000,2714.93
1929868306307,146209771671,474119303716,16,44243,3594,0,0,3594.000,2714.93
1929868306307,752360474970,1681255906300,214234,82303,3594,0,0,3594.000,2714.93
1929868306307,752360474970,1768496339846,53,82577,3594,0,0,3594.000,2714.93
1929868306307,1778009830337,751250965449,81294,45018,3594,0,0,3594.000,2714.93
1929868306307,1778009830337,1693172038958,21,44702,3594,0,0,3594.000,2714.93
1929868306307,903117400483,1413706459215,17216,46494,3594,0,0,3594.000,2714.93
1929868306307,903117400483,114129402250,43,45477,3594,0,0,3594.000,2714.93
1929868306307,187605963378,989217236388,312870,45185,3594,0,0,3594.000,2714.93
1929868306307,187605963378,113192434840,22,44285,3594,0,0,3594.000,2714.93
1929868306307,948006597860,459349640251,81712,45327,3594,0,0,3594.000,2714.93
1929868306307,948006597860,1520461402549,20,44518,3594,0,0,3594.000,2714.93
1929868306307,792217589965,1843354669526,421702,45351,3594,0,0,3594.000,2714.93
1929868306307,792217589965,117840880082,48,45160,3594,0,0,3594.000,2714.93
1929868306307,1868529919775,457038022663,320715,44827,3594,0,0,3594.000,2714.93
1929868306307,1868529919775,563665092816,11,44560,3594,0,0,3594.000,2714.93
1929868306307,570110769382,978365269746,83915,44768,3594,0,0,3594.000,2714.93
1929868306307,570110769382,1619411451881,18,44267,3594,0,0,3594.000,2714.93
1929929833567,447292886644,1213537020478,475459,45059,3441,0,0,3441.000,2925.93
1929929833567,447292886644,1918601659907,53,44619,3441,0,0,3441.000,2925.93
1929929833567,784752705213,739149667676,153826,44935,3441,0,0,3441.000,2925.93
1929929833567,784752705213,1633095364465,31,44160,3441,0,0,3441.000,2925.93
1929929833567,1440247736073,1113997798325,292308,44392,3441,0,0,3441.000,2925.93
1929929833567,1440247736073,38660437836,52,43786,3441,0,0,3441.000,2925.93
1929929833567,201985958666,70047577398,323257,47142,3441,0,0,3441.000,2925.93
1929929833567,201985958666,87718347576,55,45702,3441,0,0,3441.000,2925.93
1929929833567,1093782746202,549235653522,37428,44660,3441,0,0,3441.000,2925.93
1929929833567,1093782746202,980424226368,35,43810,3441,0,0,3441.000,2925.93
1929929833567,1443099807240,831152008936,112996,44601,3441,0,0,3441.000,2925.93
1929929833567,1443099807240,1624642027813,21,44142,3441,0,0,3441.000,2925.93
1929929833567,831273145109,629426901640,804245,46310,3441,0,0,3441.000,2925.93
1929929833567,831273145109,817374500219,47,45493,3441,0,0,3441.000,2925.93
1929929833567,126661482276,1279423875648,237835,45743,3441,0,0,3441.000,2925.93
1929929833567,126661482276,601133447381,36,44267,3441,0,0,3441.000,2925.93
1929929833567,1868881138358,1486963676811,75149,44601,3441,0,0,3441.000,2925.93
1929929833567,1868881138358,1864369902454,42,44392,3441,0,0,3441.000,2925.93
1929929833567,1756749938598,1352516579507,42017,44952,3441,0,0,3441.000,2925.93
1929929833567,1756749938598,971019554858,46,43934,3441,0,0,3441.000,2925.93
1937242219513,FAILED,FAILED,FAILED,FAILED,FAILED,FAILED,FAILED,FAILED,FAILED
1948523430319,1909782189417,444137144221,93181,44352,3441,0,0,3441.000,6074.18
1948523430319,1909782189417,1161874851778,45,43118,3441,0,0,3441.000,6074.18
1948523430319,1002961937446,34337493115,262885,43560,3441,0,0,3441.000,6074.18
1948523430319,1002961937446,1349655176998,83,43285,3441,0,0,3441.000,6074.18
1948523430319,838838653885,1803409734748,418427,43433,3441,0,0,3441.000,6074.18
1948523430319,838838653885,1154140023212,23,42893,3441,0,0,3441.000,6074.18
1948523430319,1091574006532,1315700483812,710885,45410,3441,0,0,3441.000,6074.18
1948523430319,1091574006532,1799453119951,41,44559,3441,0,0,3441.000,6074.18
1948523430319,1602298176698,396323674867,298925,45160,3441,0,0,3441.000,6074.18
1948523430319,1602298176698,1197621319990,50,44392,3441,0,0,3441.000,6074.18
1948523430319,145160302850,240786078583,364880,44851,3441,0,0,3441.000,6074.18
1948523430319,145160302850,759256927935,53,44452,3441,0,0,3441.000,6074.18
1948523430319,1779671590165,1666978213489,273175,44518,3441,0,0,3441.000,6074.18
1948523430319,1779671590165,485587765435,31,44619,3441,0,0,3441.000,6074.18
1948523430319,1701296983036,1470653117289,21540,80969,3441,0,0,3441.000,6074.18
1948523430319,1701296983036,731936820935,81,79302,3441,0,0,3441.000,6074.18
1948523430319,692266751526,1031264428907,159506,45410,3441,0,0,3441.000,6074.18
1948523430319,692266751526,416577312138,21,44558,3441,0,0,3441.000,6074.18
1948523430319,1149561882657,1191092677801,2696494,45452,3441,0,0,3441.000,6074.18
1948523430319,1149561882657,1046981324988,17,44351,3441,0,0,3441.000,6074.18
1951847605651,675428053542,1856073035417,578906,46285,3747,0,0,3747.000,3827.67
1951847605651,675428053542,1157920655366,32,45851,3747,0,0,3747.000,3827.67
1951847605651,959352547759,1410156612559,131589,44518,3747,0,0,3747.000,3827.67
1951847605651,959352547759,84869520804,37,44743,3747,0,0,3747.000,3827.67
1951847605651,546335137339,1294317348407,2252,46077,3747,0,0,3747.000,3827.67
1951847605651,546335137339,797826713250,40,45643,3747,0,0,3747.000,3827.67
1951847605651,389187188848,1372242151335,806065,45851,3747,0,0,3747.000,3827.67
1951847605651,389187188848,1814921048355,40,45410,3747,0,0,3747.000,3827.67
1951847605651,1526077079536,544474440277,10660,46243,3747,0,0,3747.000,3827.67
1951847605651,1526077079536,1756854544650,41,45476,3747,0,0,3747.000,3827.67
1951847605651,1530869446579,1268897389135,287526,45535,3747,0,0,3747.000,3827.67
1951847605651,1530869446579,1284128312774,47,44893,3747,0,0,3747.000,3827.67
1951847605651,556192213325,598361410876,187514,66595,3747,0,0,3747.000,3827.67
1951847605651,556192213325,1053299043888,113,83368,3747,0,0,3747.000,3827.67
1951847605651,1488383393276,906779467986,36391,46577,3747,0,0,3747.000,3827.67
1951847605651,1488383393276,950830985859,77,46852,3747,0,0,3747.000,3827.67
1951847605651,1177110387340,1045165376487,885452,82262,3747,0,0,3747.000,3827.67
1951847605651,1177110387340,261548357791,52,80635,3747,0,0,3747.000,3827.67
1951847605651,1169542444358,1767620593230,320613,44768,3747,0,0,3747.000,3827.67
1951847605651,1169542444358,959579888997,44,45285,3747,0,0,3747.000,3827.67
1964723638793,FAILED,FAILED,FAILED,FAILED,FAILED,FAILED,FAILED,FAILED,FAILED
1966146721741,880372702290,301128092140,536361,46601,3888,0,0,3888.000,2140.11
1966146721741,880372702290,1429385711197,23,45952,3882,0,0,3882.000,2140.11
1966146721741,636702455941,318547259238,157469,46077,3888,0,0,3888.000,2140.11
1966146721741,636702455941,348192222573,53,46810,3888,0,0,3888.000,2140.11
1966146721741,1497409464657,262566626100,94428,46267,3924,0,0,3924.000,2140.11
1966146721741,1497409464657,1676304070483,18,45702,3924,0,0,3924.000,2140.11
1966146721741,1237027789969,1746986691380,33840,46702,3906,0,0,3906.000,2140.11
1966146721741,1237027789969,1278073318514,31,46393,3930,0,0,3930.000,2140.11
1966146721741,245235534129,1172379445424,146674,48018,3924,0,0,3924.000,2140.11
1966146721741,245235534129,1348270862373,36,46744,3912,0,0,3912.000,2140.11
1966146721741,1446393086458,336774329282,347793,45702,3876,0,0,3876.000,2140.11
1966146721741,1446393086458,596739589910,52,45600,3876,0,0,3876.000,2140.11
1966146721741,954316304145,262057041997,289090,45518,3894,0,0,3894.000,2140.11
1966146721741,954316304145,742790735903,25,46201,3906,0,0,3906.000,2140.11
1966146721741,1247050088991,238958029930,926,46952,3894,0,0,3894.000,2140.11
1966146721741,1247050088991,1916070128118,28,45684,3894,0,0,3894.000,2140.11
1966146721741,92266382448,780820179950,45141,45685,3924,0,0,3924.000,2140.11
1966146721741,92266382448,1669212125550,46,45451,3888,0,0,3888.000,2140.11
1966146721741,879828433429,537411126514,26533,46309,3888,0,0,3888.000,2140.11
1966146721741,879828433429,1932097892832,32,46119,3912,0,0,3912.000,2140.11
1967554342049,FAILED,FAILED,FAILED,FAILED,FAILED,FAILED,FAILED,FAILED,FAILED
1968023750227,1714583318933,1834994426234,273582,46226,3696,0,0,3696.000,3776.32
1968023750227,1714583318933,406357282956,48,45327,3696,0,0,3696.000,3776.32
1968023750227,847601399786,1325189300289,172272,45452,3696,0,0,3696.000,3776.32
1968023750227,847601399786,1174667897676,34,44185,3696,0,0,3696.000,3776.32
1968023750227,1548955402720,1026256042147,819882,48160,3696,0,0,3696.000,3776.32
1968023750227,1548955402720,1365968012296,8,45768,3696,0,0,3696.000,3776.32
1968023750227,978133623888,849364042695,175193,45952,3696,0,0,3696.000,3776.32
1968023750227,978133623888,1577872950518,31,44767,3696,0,0,3696.000,3776.32
1968023750227,1927021492187,1592752042271,65823,44602,3696,0,0,3696.000,3776.32
1968023750227,1927021492187,1470283776870,29,44493,3696,0,0,3696.000,3776.32
1968023750227,51886650902,512450676872,119488,45684,3696,0,0,3696.000,3776.32
1968023750227,51886650902,493096029836,31,45452,3696,0,0,3696.000,3776.32
1968023750227,1629707367756,233623012398,141864,46852,3696,0,0,3696.000,3776.32
1968023750227,1629707367756,424217349391,33,46077,3696,0,0,3696.000,3776.32
1968023750227,1622825818968,548818990894,988142,45411,3696,0,0,3696.000,3776.32
1968023750227,1622825818968,1099843221775,51,44475,3696,0,0,3696.000,3776.32
1968023750227,1837843799411,1392925306728,103649,44328,3696,0,0,3696.000,3776.32
1968023750227,1837843799411,473791011249,16,44267,3696,0,0,3696.000,3776.32
1968023750227,1609510809956,270427864900,373472,45202,3696,0,0,3696.000,3776.32
1968023750227,1609510809956,1505896161814,30,44851,3696,0,0,3696.000,3776.32
1971822307837,651309442399,322292317450,401506,43852,3588,0,0,3588.000,1620.69
1971822307837,651309442399,1600960692924,21,44118,3612,0,0,3612.000,1620.69
1971822307837,100307688763,231116814187,88883,44827,3600,0,0,3600.000,1620.69
1971822307837,100307688763,1721555146404,30,44142,3600,0,0,3600.000,1620.69
1971822307837,1118866400521,74478113133,195854,44993,3600,0,0,3600.000,1620.69
1971822307837,1118866400521,1710473744952,52,44434,3588,0,0,3588.000,1620.69
1971822307837,623327390382,810956993155,194036,46702,3600,0,0,3600.000,1620.69
1971822307837,623327390382,1638329437941,23,45727,3630,0,0,3630.000,1620.69
1971822307837,144355004428,7375334162,65328,46243,3594,0,0,3594.000,1620.69
1971822307837,144355004428,1828751955031,47,45518,3582,0,0,3582.000,1620.69
1971822307837,861600181376,1714439214862,28908,45535,3594,0,0,3594.000,1620.69
1971822307837,861600181376,419011722538,65,45768,3624,0,0,3624.000,1620.69
1971822307837,1677311516975,1521303111667,294919,45060,3552,0,0,3552.000,1620.69
1971822307837,1677311516975,273545397172,26,44827,3582,0,0,3582.000,1620.69
1971822307837,694886098782,1672887612412,16302,45476,3612,0,0,3612.000,1620.69
1971822307837,694886098782,678678175140,24,44994,3618,0,0,3618.000,1620.69
1971822307837,631582417003,1277363615626,14130,46451,3588,0,0,3588.000,1620.69
1971822307837,631582417003,932229460875,47,45893,3600,0,0,3600.000,1620.69
1971822307837,1860280514116,160858125459,12868,45559,3570,0,0,3570.000,1620.69
1971822307837,1860280514116,423727590183,37,44452,3594,0,0,3594.000,1620.69
1972811437117,952555224950,1428582611505,5035,83720,3696,0,0,3696.000,1533.06
1972811437117,952555224950,170495508784,73,81952,3702,0,0,3702.000,1533.06
1972811437117,1530132778165,778948698302,36735,45351,3708,0,0,3708.000,1533.06
1972811437117,1530132778165,26716760955,50,44577,3702,0,0,3702.000,1533.06
1972811437117,341349722766,1606537641874,245499,44285,3696,0,0,3696.000,1533.06
1972811437117,341349722766,359762923686,42,43976,3702,0,0,3702.000,1533.06
1972811437117,165270383406,1080825295381,5263,44327,3702,0,0,3702.000,1533.06
1972811437117,165270383406,1655584893638,31,44476,3720,0,0,3720.000,1533.06
1972811437117,369716349863,1058286664473,220743,46476,3714,0,0,3714.000,1533.06
1972811437117,369716349863,472429244195,19,45952,3672,0,0,3672.000,1533.06
1972811437117,1264911534092,1473522988270,177151,46285,3678,0,0,3678.000,1533.06
1972811437117,1264911534092,836831506496,29,45726,3690,0,0,3690.000,1533.06
1972811437117,1293174697658,387076792108,18549,45910,3708,0,0,3708.000,1533.06
1972811437117,1293174697658,509629143245,40,45310,3690,0,0,3690.000,1533.06
1972811437117,136869893780,1129380471363,395131,48702,3678,0,0,3678.000,1533.06
1972811437117,136869893780,1413009296574,17,48702,3702,0,0,3702.000,1533.06
1972811437117,19722530409,1796076451515,1812,48327,3720,0,0,3720.000,1533.06
1972811437117,19722530409,994619294936,53,48309,3678,0,0,3678.000,1533.06
1972811437117,1286078308157,1094152611504,40501,45268,3690,0,0,3690.000,1533.06
1972811437117,1286078308157,712879441371,29,45327,3702,0,0,3702.000,1533.06
1974614657027,1960819201677,790170256816,234853,79720,3339,0,0,3339.000,4548.76
1974614657027,1960819201677,579480679256,64,77119,3339,0,0,3339.000,4548.76
1974614657027,975854134030,1257440513485,81554,43517,3339,0,0,3339.000,4548.76
1974614657027,975854134030,1517501991380,41,42995,3339,0,0,3339.000,4548.76
1974614657027,866595713887,1229117846610,616097,43327,3339,0,0,3339.000,4548.76
1974614657027,866595713887,133998741921,47,42768,3339,0,0,3339.000,4548.76
1974614657027,1078170760548,359366241260,390603,44225,3339,0,0,3339.000,4548.76
1974614657027,1078170760548,1941146820448,32,44702,3339,0,0,3339.000,4548.76
1974614657027,1965721111592,1258256439589,1087039,45351,3339,0,0,3339.000,4548.76
1974614657027,1965721111592,1749140441417,61,44702,3339,0,0,3339.000,4548.76
1974614657027,577093246297,1739810982947,131880,44410,3339,0,0,3339.000,4548.76
1974614657027,577093246297,809593690378,54,43642,3339,0,0,3339.000,4548.76
1974614657027,1077557645822,58451886859,939376,44643,3339,0,0,3339.000,4548.76
1974614657027,1077557645822,1887836877530,13,43826,3339,0,0,3339.000,4548.76
1974614657027,1239804495628,603061190818,252995,44309,3339,0,0,3339.000,4548.76
1974614657027,1239804495628,734817527634,48,43535,3339,0,0,3339.000,4548.76
1974614657027,1781978234434,1639694886532,218218,44392,3339,0,0,3339.000,4548.76
1974614657027,1781978234434,1739815175296,39,43202,3339,0,0,3339.000,4548.76
1974614657027,1157415432104,1229390596865,21822,45392,3339,0,0,3339.000,4548.76
1974614657027,1157415432104,1784908945340,34,44243,3339,0,0,3339.000,4548.76
1982065121671,1346680250151,480024909003,2845,44326,3645,0,0,3645.000,5444.35
1982065121671,1346680250151,444402972356,54,43226,3645,0,0,3645.000,5444.35
1982065121671,970331115125,1060167340667,987572,45202,3645,0,0,3645.000,5444.35
1982065121671,970331115125,1624062872489,19,44768,3645,0,0,3645.000,5444.35
1982065121671,1263195172149,133406885217,275078,84910,3645,0,0,3645.000,5444.35
1982065121671,1263195172149,1306708878110,41,83220,3645,0,0,3645.000,5444.35
1982065121671,1733724103056,386244675965,399251,82410,3645,0,0,3645.000,5444.35
1982065121671,1733724103056,281695214034,95,80095,3645,0,0,3645.000,5444.35
1982065121671,1644685288628,1692861332947,322275,46351,3645,0,0,3645.000,5444.35
1982065121671,1644685288628,81179348863,51,44952,3645,0,0,3645.000,5444.35
1982065121671,40364554103,1010233981427,512835,82201,3645,0,0,3645.000,5444.35
1982065121671,40364554103,68012279373,67,79970,3645,0,0,3645.000,5444.35
1982065121671,228704955398,347448431380,1323360,45017,3645,0,0,3645.000,5444.35
1982065121671,228704955398,904920276730,33,44118,3645,0,0,3645.000,5444.35
1982065121671,630886017024,71250994706,390954,46018,3645,0,0,3645.000,5444.35
1982065121671,630886017024,1124835403809,45,44285,3645,0,0,3645.000,5444.35
1982065121671,1915042108870,1668337900270,74355,82743,3645,0,0,3645.000,5444.35
1982065121671,1915042108870,559132048652,77,81095,3645,0,0,3645.000,5444.35
1982065121671,1260165990716,136811444420,342225,44767,3645,0,0,3645.000,5444.35
1982065121671,1260165990716,102342435298,67,44493,3645,0,0,3645.000,5444.35
1982270493503,95691558629,888332450739,97325,46017,3492,0,0,3492.000,1708.07
1982270493503,95691558629,292563956397,36,44243,3492,0,0,3492.000,1708.07
1982270493503,809384725139,861100731039,181028,45852,3492,0,0,3492.000,1708.07
1982270493503,809384725139,875516423749,30,44535,3492,0,0,3492.000,1708.07
1982270493503,1661176973403,791737801475,38769,44933,3492,0,0,3492.000,1708.07
1982270493503,1661176973403,1281175098659,29,45327,3492,0,0,3492.000,1708.07
1982270493503,1578444550510,371473663720,13566,44851,3492,0,0,3492.000,1708.07
1982270493503,1578444550510,1225130862627,35,44077,3492,0,0,3492.000,1708.07
1982270493503,370226974642,1207884385374,151889,44310,3492,0,0,3492.000,1708.07
1982270493503,370226974642,1528373351936,38,44160,3492,0,0,3492.000,1708.07
1982270493503,293431736313,164767380322,161268,45560,3492,0,0,3492.000,1708.07
1982270493503,293431736313,112306582006,37,43976,3492,0,0,3492.000,1708.07
1982270493503,1924675978790,1667748519356,99224,45143,3492,0,0,3492.000,1708.07
1982270493503,1924675978790,825277295020,21,44452,3492,0,0,3492.000,1708.07
1982270493503,1538167115026,1809260173827,137661,44309,3492,0,0,3492.000,1708.07
1982270493503,1538167115026,115660280438,28,43410,3492,0,0,3492.000,1708.07
1982270493503,522226471020,254294954665,205140,43868,3492,0,0,3492.000,1708.07
1982270493503,522226471020,1204928282639,44,44268,3492,0,0,3492.000,1708.07
1982270493503,87778933501,800205320134,364349,45327,3492,0,0,3492.000,1708.07
1982270493503,87778933501,1599020126050,59,44310,3492,0,0,3492.000,1708.07
1984529431331,1788409146435,1925325238001,15125,44160,3798,0,0,3798.000,4379.92
1984529431331,1788409146435,554978291067,61,43143,3798,0,0,3798.000,4379.92
1984529431331,1517617539379,1175144983695,611848,44077,3798,0,0,3798.000,4379.92
1984529431331,1517617539379,1914180823560,41,43267,3798,0,0,3798.000,4379.92
1984529431331,782951871705,698001731112,171715,46160,3798,0,0,3798.000,4379.92
1984529431331,782951871705,1897763598290,5,45310,3798,0,0,3798.000,4379.92
1984529431331,1015861830250,599112542405,423062,47243,3798,0,0,3798.000,4379.92
1984529431331,1015861830250,828895303117,59,46726,3798,0,0,3798.000,4379.92
1984529431331,995574658268,582344363154,913175,45351,3798,0,0,3798.000,4379.92
1984529431331,995574658268,104678559867,33,44618,3798,0,0,3798.000,4379.92
1984529431331,703239369211,349792679824,77905,83369,3798,0,0,3798.000,4379.92
1984529431331,703239369211,1031290598199,32,81053,3798,0,0,3798.000,4379.92
1984529431331,112756947361,1095171032537,122633,46035,3798,0,0,3798.000,4379.92
1984529431331,112756947361,775854149942,27,44684,3798,0,0,3798.000,4379.92
1984529431331,1471377367517,235767015586,708489,44726,3798,0,0,3798.000,4379.92
1984529431331,1471377367517,1498421821188,37,44702,3798,0,0,3798.000,4379.92
1984529431331,874639967882,752639004836,239273,44642,3798,0,0,3798.000,4379.92
1984529431331,874639967882,865819263364,26,44660,3798,0,0,3798.000,4379.92
1984529431331,1242763091597,1066334220881,468618,47101,3798,0,0,3798.000,4379.92
1984529431331,1242763091597,1369462873538,49,47327,3798,0,0,3798.000,4379.92
1985258479409,FAILED,FAILED,FAILED,FAILED,FAILED,FAILED,FAILED,FAILED,FAILED
1988932256981,893465809248,955380054038,9205,45702,3861,0,0,3861.000,3257.08
1988932256981,893465809248,1013729607633,27,45434,3837,0,0,3837.000,3257.08
1988932256981,720440302733,600818354450,454680,46893,3855,0,0,3855.000,3257.08
1988932256981,720440302733,662200730893,24,46327,3879,0,0,3879.000,3257.08
1988932256981,1829074465041,1848280052381,972973,85118,3855,0,0,3855.000,3257.08
1988932256981,1829074465041,1053288504500,108,83470,3843,0,0,3843.000,3257.08
1988932256981,104859801121,1034219926234,208291,48102,3837,0,0,3837.000,3257.08
1988932256981,104859801121,616862064361,28,46243,3867,0,0,3867.000,3257.08
1988932256981,718380243603,1988345625380,63947,46827,3831,0,0,3831.000,3257.08
1988932256981,718380243603,1222273133649,43,46559,3849,0,0,3849.000,3257.08
1988932256981,159568552691,1585042817545,48221,46077,3867,0,0,3867.000,3257.08
1988932256981,159568552691,1739395791720,25,45143,3843,0,0,3843.000,3257.08
1988932256981,968674184800,1959546030374,704031,46952,3873,0,0,3873.000,3257.08
1988932256981,968674184800,79947026021,33,46934,3855,0,0,3855.000,3257.08
1988932256981,921766730516,1141334213573,4824,46452,3843,0,0,3843.000,3257.08
1988932256981,921766730516,498116722014,41,46559,3867,0,0,3867.000,3257.08
1988932256981,532897779186,727999286845,164672,46618,3861,0,0,3861.000,3257.08
1988932256981,532897779186,1188356781124,35,46267,3861,0,0,3861.000,3257.08
1988932256981,1203450787850,292924952811,11363,46810,3849,0,0,3849.000,3257.08
1988932256981,1203450787850,1860202939943,39,46327,3861,0,0,3861.000,3257.08
1989280411597,1945116106581,310176643847,414724,46160,3948,0,0,3948.000,1469.25
1989280411597,1945116106581,1675713807858,23,45685,3894,0,0,3894.000,1469.25
1989280411597,1297947285031,492818160516,89906,46618,3912,0,0,3912.000,1469.25
1989280411597,1297947285031,1618487139938,51,46059,3924,0,0,3924.000,1469.25
1989280411597,1046131803168,886121861080,10617,84928,3924,0,0,3924.000,1469.25
1989280411597,1046131803168,820328116147,94,82868,3900,0,0,3900.000,1469.25
1989280411597,247299321395,1110489767368,4192,46476,3894,0,0,3894.000,1469.25
1989280411597,247299321395,1274274178393,24,46160,3930,0,0,3930.000,1469.25
1989280411597,1700082795745,1971837846138,158139,46851,3942,0,0,3942.000,1469.25
1989280411597,1700082795745,1749965889495,75,45618,3894,0,0,3894.000,1469.25
1989280411597,834933766902,643328331950,20336,85344,3900,0,0,3900.000,1469.25
1989280411597,834933766902,429093412529,62,82136,3864,0,0,3864.000,1469.25
1989280411597,1683111532645,1185393538379,149216,45869,3930,0,0,3930.000,1469.25
1989280411597,1683111532645,1546592946299,36,45643,3900,0,0,3900.000,1469.25
1989280411597,1049570312623,6389518761,82422,45951,3936,0,0,3936.000,1469.25
1989280411597,1049570312623,480284289551,9,48142,3900,0,0,3900.000,1469.25
1989280411597,1486456471663,1082869055084,142784,85052,3930,0,0,3930.000,1469.25
1989280411597,1486456471663,1697576538400,79,83369,3870,0,0,3870.000,1469.25
1989280411597,1977302529441,930389258761,96650,46267,3888,0,0,3888.000,1469.25
1989280411597,1977302529441,1708101029293,36,45827,3876,0,0,3876.000,1469.25
1997259377851,250121731243,989728634681,99883,91761,3747,0,0,3747.000,1625.20
1997259377851,250121731243,1440234842795,145,82095,3747,0,0,3747.000,1625.20
1997259377851,1264931325295,788003736370,176833,43768,3747,0,0,3747.000,1625.20
1997259377851,1264931325295,1601344980328,56,43077,3747,0,0,3747.000,1625.20
1997259377851,416380056175,1251529150258,92639,43494,3747,0,0,3747.000,1625.20
1997259377851,416380056175,224539263098,21,43350,3747,0,0,3747.000,1625.20
1997259377851,1791144926428,344727241604,20698,43393,3747,0,0,3747.000,1625.20
1997259377851,1791144926428,3873047358,25,43433,3747,0,0,3747.000,1625.20
1997259377851,710666775748,1938067592653,199248,44160,3747,0,0,3747.000,1625.20
1997259377851,710666775748,808535354184,56,43685,3747,0,0,3747.000,1625.20
1997259377851,1970582195930,162251855254,21910,43142,3747,0,0,3747.000,1625.20
1997259377851,1970582195930,998694469307,21,42910,3747,0,0,3747.000,1625.20
1997259377851,1131537562206,182660027049,291465,44410,3747,0,0,3747.000,1625.20
1997259377851,1131537562206,1369952746196,31,43810,3747,0,0,3747.000,1625.20
1997259377851,1456541997004,827147030792,250929,45910,3747,0,0,3747.000,1625.20
1997259377851,1456541997004,3164792041,24,44685,3747,0,0,3747.000,1625.20
1997259377851,843860259299,16279310277,32974,45577,3747,0,0,3747.000,1625.20
1997259377851,843860259299,1061693957092,34,44434,3747,0,0,3747.000,1625.20
1997259377851,1805732123728,803227887502,175956,45994,3747,0,0,3747.000,1625.20
1997259377851,1805732123728,1514255096327,38,44726,3747,0,0,3747.000,1625.20
2000734285687,1799437628841,356230592182,184549,44076,3798,0,0,3798.000,4254.94
2000734285687,1799437628841,1215776953756,32,43935,3798,0,0,3798.000,4254.94
2000734285687,1745678714172,1941894087569,371678,45226,3798,0,0,3798.000,4254.94
2000734285687,1745678714172,1042972916888,68,45077,3798,0,0,3798.000,4254.94
2000734285687,898111044150,1066984130235,140425,45600,3798,0,0,3798.000,4254.94
2000734285687,898111044150,1130216859102,50,45077,3798,0,0,3798.000,4254.94
2000734285687,1942115104507,1496060663546,559106,44892,3798,0,0,3798.000,4254.94
2000734285687,1942115104507,769725431702,32,44535,3798,0,0,3798.000,4254.94
2000734285687,1755764889937,63120798471,31285,46060,3798,0,0,3798.000,4254.94
2000734285687,1755764889937,920201159547,17,44701,3798,0,0,3798.000,4254.94
2000734285687,1500720682700,186323546982,1003758,45309,3798,0,0,3798.000,4254.94
2000734285687,1500720682700,1495662661605,65,45370,3798,0,0,3798.000,4254.94
2000734285687,1628923628839,1980062409504,438754,45993,3798,0,0,3798.000,4254.94
2000734285687,1628923628839,206250246540,33,44934,3798,0,0,3798.000,4254.94
2000734285687,520833522239,263542592735,434240,83386,3798,0,0,3798.000,4254.94
2000734285687,520833522239,200543289514,58,80952,3798,0,0,3798.000,4254.94
2000734285687,1565830530271,1853161426621,30869,46433,3798,0,0,3798.000,4254.94
2000734285687,1565830530271,284646193100,35,45286,3798,0,0,3798.000,4254.94
2000734285687,97202320761,1139502615223,381647,45285,3798,0,0,3798.000,4254.94
2000734285687,97202320761,462914393049,29,45017,3798,0,0,3798.000,4254.94
2002959615373,1911983776300,27309781794,53018,45452,3696,0,0,3696.000,1990.99
2002959615373,1911983776300,1314345234395,30,45101,3732,0,0,3732.000,1990.99
2002959615373,344510372760,1226298248167,43223,45785,3714,0,0,3714.000,1990.99
2002959615373,344510372760,761702760640,20,44600,3690,0,0,3690.000,1990.99
2002959615373,757844291653,1574561282966,224892,45977,3720,0,0,3720.000,1990.99
2002959615373,757844291653,1795249835371,33,44493,3708,0,0,3708.000,1990.99
2002959615373,160138116147,1919303567084,780100,46892,3714,0,0,3714.000,1990.99
2002959615373,160138116147,17197650655,12,45828,3708,0,0,3708.000,1990.99
2002959615373,106199395733,1447996398675,40387,84511,3702,0,0,3702.000,1990.99
2002959615373,106199395733,1003784324530,49,82012,3714,0,0,3714.000,1990.99
2002959615373,1567955685844,1025376311343,116922,82343,3714,0,0,3714.000,1990.99
2002959615373,1567955685844,1247826157868,113,87011,3696,0,0,3696.000,1990.99
2002959615373,1262142180010,502573005904,101378,46018,3666,0,0,3666.000,1990.99
2002959615373,1262142180010,149379020461,36,45410,3684,0,0,3684.000,1990.99
2002959615373,159452955975,220678661707,88612,46767,3690,0,0,3690.000,1990.99
2002959615373,159452955975,1928138307702,35,46452,3702,0,0,3702.000,1990.99
2002959615373,1286333367595,1708943876802,142743,45685,3720,0,0,3720.000,1990.99
2002959615373,1286333367595,1556070188208,26,45119,3714,0,0,3714.000,1990.99
2002959615373,1648686656694,1690792352976,22704,47268,3696,0,0,3696.000,1990.99
2002959615373,1648686656694,562733328451,38,47660,3702,0,0,3702.000,1990.99
2003853001727,1034828752828,171565277821,15409,44410,3441,0,0,3441.000,3901.07
2003853001727,1034828752828,645683025995,21,43309,3441,0,0,3441.000,3901.07
2003853001727,1727007660853,392312005172,90719,45059,3441,0,0,3441.000,3901.07
2003853001727,1727007660853,1089413066262,27,44535,3441,0,0,3441.000,3901.07
2003853001727,1103725403307,607820491140,635869,45102,3441,0,0,3441.000,3901.07
2003853001727,1103725403307,1552726865442,18,44560,3441,0,0,3441.000,3901.07
2003853001727,1469100269236,1028339795242,456068,46493,3441,0,0,3441.000,3901.07
2003853001727,1469100269236,1844052926114,20,46018,3441,0,0,3441.000,3901.07
2003853001727,696653149812,588435323897,346366,44410,3441,0,0,3441.000,3901.07
2003853001727,696653149812,1691181597619,33,43935,3441,0,0,3441.000,3901.07
2003853001727,1345223649005,530457487304,258684,46184,3441,0,0,3441.000,3901.07
2003853001727,1345223649005,1713540421360,25,44077,3441,0,0,3441.000,3901.07
2003853001727,1853176624622,1126129856130,173683,45142,3441,0,0,3441.000,3901.07
2003853001727,1853176624622,650010434712,27,44619,3441,0,0,3441.000,3901.07
2003853001727,1610499410587,1970279750703,699199,45476,3441,0,0,3441.000,3901.07
2003853001727,1610499410587,864804126285,25,44410,3441,0,0,3441.000,3901.07
2003853001727,1268090384766,928591680564,603092,44202,3441,0,0,3441.000,3901.07
2003853001727,1268090384766,1616604289473,46,44477,3441,0,0,3441.000,3901.07
2003853001727,675648885703,1331634773911,74015,45493,3441,0,0,3441.000,3901.07
2003853001727,675648885703,1075474885104,19,44810,3441,0,0,3441.000,3901.07
2005974868517,56936691599,754512404557,396067,46910,3741,0,0,3741.000,3184.78
2005974868517,56936691599,1160139772385,12,45767,3741,0,0,3741.000,3184.78
2005974868517,1918186752987,1257346909169,84211,45768,3723,0,0,3723.000,3184.78
2005974868517,1918186752987,1710482948266,30,45202,3711,0,0,3711.000,3184.78
2005974868517,151461743998,972714456065,270680,46517,3747,0,0,3747.000,3184.78
2005974868517,151461743998,618616485159,75,45618,3723,0,0,3723.000,3184.78
2005974868517,1260116464064,1213043526631,131960,46392,3777,0,0,3777.000,3184.78
2005974868517,1260116464064,1211983299567,25,45744,3771,0,0,3771.000,3184.78
2005974868517,426419354236,1627691407576,654163,45893,3759,0,0,3759.000,3184.78
2005974868517,426419354236,182639614609,34,45410,3717,0,0,3717.000,3184.78
2005974868517,1960326810767,521843919176,183522,45661,3759,0,0,3759.000,3184.78
2005974868517,1960326810767,991660242603,23,45059,3711,0,0,3711.000,3184.78
2005974868517,1010387411975,486021922120,77668,46142,3741,0,0,3741.000,3184.78
2005974868517,1010387411975,1880942593046,16,45285,3741,0,0,3741.000,3184.78
2005974868517,227661554165,365470370996,397969,45994,3735,0,0,3735.000,3184.78
2005974868517,227661554165,1648236585587,56,45976,3759,0,0,3759.000,3184.78
2005974868517,779038348162,1586468964999,61919,46701,3723,0,0,3723.000,3184.78
2005974868517,779038348162,410253824055,25,45893,3747,0,0,3747.000,3184.78
2005974868517,1236890891473,1534720279545,315779,45934,3699,0,0,3699.000,3184.78
2005974868517,1236890891473,1259343068900,42,46160,3753,0,0,3753.000,3184.78
2007795292277,1045337729322,1799810738935,1333475,46868,3984,0,0,3984.000,8231.65
2007795292277,1045337729322,1487742836072,33,46453,3990,0,0,3990.000,8231.65
2007795292277,1285148299644,1418756674656,49319,47225,4002,0,0,4002.000,8231.65
2007795292277,1285148299644,1589773210511,13,45994,3978,0,0,3978.000,8231.65
2007795292277,352369401216,1206856104769,203698,45852,3990,0,0,3990.000,8231.65
2007795292277,352369401216,157319289838,33,45951,3996,0,0,3996.000,8231.65
2007795292277,1334627106399,1483353666194,755964,46809,4008,0,0,4008.000,8231.65
2007795292277,1334627106399,775593568933,43,46368,4020,0,0,4020.000,8231.65
2007795292277,737687222889,116854847174,450623,47369,3990,0,0,3990.000,8231.65
2007795292277,737687222889,1089108770411,11,46935,4014,0,0,4014.000,8231.65
2007795292277,943415265140,707270336156,538418,46035,4026,0,0,4026.000,8231.65
2007795292277,943415265140,1268719185643,41,45518,3972,0,0,3972.000,8231.65
2007795292277,1061673314654,451122425358,168229,45744,3984,0,0,3984.000,8231.65
2007795292277,1061673314654,1492542605796,30,45785,4014,0,0,4014.000,8231.65
2007795292277,1510045096581,1928638351848,528782,46643,4014,0,0,4014.000,8231.65
2007795292277,1510045096581,1233284437288,53,46952,4026,0,0,4026.000,8231.65
2007795292277,457784400953,1107630665630,2329333,46494,4008,0,0,4008.000,8231.65
2007795292277,457784400953,864434788553,33,46118,3978,0,0,3978.000,8231.65
2007795292277,558613840419,335209761991,201767,87470,3996,0,0,3996.000,8231.65
2007795292277,558613840419,15807764135,33,59285,3978,0,0,3978.000,8231.65
2010160883543,892885882119,1535523625691,59971,81178,3696,0,0,3696.000,5139.55
2010160883543,892885882119,1310699602452,18,79845,3696,0,0,3696.000,5139.55
2010160883543,1550886335395,1712479181734,134794,82928,3696,0,0,3696.000,5139.55
2010160883543,1550886335395,1897514648334,108,81095,3696,0,0,3696.000,5139.55
2010160883543,1737845758127,561941117537,2547950,46017,3696,0,0,3696.000,5139.55
2010160883543,1737845758127,927862709424,20,45326,3696,0,0,3696.000,5139.55
2010160883543,1509685377416,238635460743,57476,47202,3696,0,0,3696.000,5139.55
2010160883543,1509685377416,431903990447,41,46392,3696,0,0,3696.000,5139.55
2010160883543,725954032574,1836268289551,747509,45952,3696,0,0,3696.000,5139.55
2010160883543,725954032574,2002098652695,21,44893,3696,0,0,3696.000,5139.55
2010160883543,1607013699026,1607791021795,118648,82035,3696,0,0,3696.000,5139.55
2010160883543,1607013699026,1324057825623,50,80178,3696,0,0,3696.000,5139.55
2010160883543,478007044057,1182173883266,83126,82928,3696,0,0,3696.000,5139.55
2010160883543,478007044057,683004748468,69,80011,3696,0,0,3696.000,5139.55
2010160883543,1029424364883,291878249879,419799,46160,3696,0,0,3696.000,5139.55
2010160883543,1029424364883,1215094606018,31,44809,3696,0,0,3696.000,5139.55
2010160883543,940561694255,427945451053,15173,45560,3696,0,0,3696.000,5139.55
2010160883543,940561694255,896451755973,21,44827,3696,0,0,3696.000,5139.55
2010160883543,98995426325,589484858472,103727,45852,3696,0,0,3696.000,5139.55
2010160883543,98995426325,1979875607782,64,44994,3696,0,0,3696.000,5139.55
2011491751649,FAILED,FAILED,FAILED,FAILED,FAILED,FAILED,FAILED,FAILED,FAILED
2015671993729,FAILED,FAILED,FAILED,FAILED,FAILED,FAILED,FAILED,FAILED,FAILED
2017390208069,1753421683491,883068797451,244737,45910,3861,0,0,3861.000,4232.84
2017390208069,1753421683491,1414498808529,47,46143,3867,0,0,3867.000,4232.84
2017390208069,1008023317006,332898612051,1031565,46785,3855,0,0,3855.000,4232.84
2017390208069,1008023317006,1936276210442,42,45851,3867,0,0,3867.000,4232.84
2017390208069,207477501190,693282241367,658518,48326,3879,0,0,3879.000,4232.84
2017390208069,207477501190,148340750726,23,47226,3867,0,0,3867.000,4232.84
2017390208069,1048685291762,275601949269,47576,46160,3855,0,0,3855.000,4232.84
2017390208069,1048685291762,796946943736,64,45976,3843,0,0,3843.000,4232.84
2017390208069,1461533788058,700414563746,136275,47101,3819,0,0,3819.000,4232.84
2017390208069,1461533788058,1633713541060,34,46077,3843,0,0,3843.000,4232.84
2017390208069,361778600450,1107821445043,14496,46576,3855,0,0,3855.000,4232.84
2017390208069,361778600450,421187158159,58,46268,3855,0,0,3855.000,4232.84
2017390208069,656691755478,1285484672645,319368,46268,3831,0,0,3831.000,4232.84
2017390208069,656691755478,302019591236,42,46660,3867,0,0,3867.000,4232.84
2017390208069,383938416504,73006080086,315058,46309,3861,0,0,3861.000,4232.84
2017390208069,383938416504,1624287436577,37,45493,3831,0,0,3831.000,4232.84
2017390208069,1485900784789,1905149283069,248995,46184,3825,0,0,3825.000,4232.84
2017390208069,1485900784789,85752405168,51,46744,3855,0,0,3855.000,4232.84
2017390208069,1929976012461,1749906263322,414944,45517,3861,0,0,3861.000,4232.84
2017390208069,1929976012461,1774329645266,38,46576,3867,0,0,3867.000,4232.84
2025962978561,FAILED,FAILED,FAILED,FAILED,FAILED,FAILED,FAILED,FAILED,FAILED
2027313166751,1138467650398,1000196530414,518464,81994,3594,0,0,3594.000,3684.74
2027313166751,1138467650398,237895345400,53,79994,3594,0,0,3594.000,3684.74
2027313166751,1414141283297,909183758094,225051,83302,3594,0,0,3594.000,3684.74
2027313166751,1414141283297,1439984668953,120,81053,3594,0,0,3594.000,3684.74
2027313166751,1751467368126,644188411926,25934,45850,3594,0,0,3594.000,3684.74
2027313166751,1751467368126,312718473562,25,44618,3594,0,0,3594.000,3684.74
2027313166751,1892713715882,838940888514,357802,45392,3594,0,0,3594.000,3684.74
2027313166751,1892713715882,1863815843656,46,44368,3594,0,0,3594.000,3684.74
2027313166751,272566535370,1620535381722,41906,44892,3594,0,0,3594.000,3684.74
2027313166751,272566535370,1386487788761,35,44745,3594,0,0,3594.000,3684.74
2027313166751,445681151201,185157578065,359842,45601,3594,0,0,3594.000,3684.74
2027313166751,445681151201,986923343807,50,44826,3594,0,0,3594.000,3684.74
2027313166751,1863811599676,757891608277,460141,44559,3594,0,0,3594.000,3684.74
2027313166751,1863811599676,816769311856,39,44059,3594,0,0,3594.000,3684.74
2027313166751,1051731007081,2015224059842,18774,45244,3594,0,0,3594.000,3684.74
2027313166751,1051731007081,224766934584,56,44517,3594,0,0,3594.000,3684.74
2027313166751,2007786194128,1947681023226,28123,44684,3594,0,0,3594.000,3684.74
2027313166751,2007786194128,799083885564,77,44451,3594,0,0,3594.000,3684.74
2027313166751,955909043196,556726149161,1176660,44826,3594,0,0,3594.000,3684.74
2027313166751,955909043196,1902556243739,44,45100,3594,0,0,3594.000,3684.74
2035321375937,FAILED,FAILED,FAILED,FAILED,FAILED,FAILED,FAILED,FAILED,FAILED
2039733882947,1902609442834,1889930099320,291697,44951,3594,0,0,3594.000,2900.03
2039733882947,1902609442834,736091944853,32,44435,3594,0,0,3594.000,2900.03
2039733882947,1338213105838,1493360146587,143138,44977,3594,0,0,3594.000,2900.03
2039733882947,1338213105838,1497692333035,62,44452,3594,0,0,3594.000,2900.03
2039733882947,1206374853952,1946085939372,26397,45310,3594,0,0,3594.000,2900.03
2039733882947,1206374853952,195787498317,50,44910,3594,0,0,3594.000,2900.03
2039733882947,1454119073681,1020574029700,18247,47035,3594,0,0,3594.000,2900.03
2039733882947,1454119073681,456146537376,32,46352,3594,0,0,3594.000,2900.03
2039733882947,641953566742,634112581359,401786,46243,3594,0,0,3594.000,2900.03
2039733882947,641953566742,1961110882884,29,45643,3594,0,0,3594.000,2900.03
2039733882947,448843536273,79541545590,27049,45493,3594,0,0,3594.000,2900.03
2039733882947,448843536273,1285715105524,32,46143,3594,0,0,3594.000,2900.03
2039733882947,1820115312915,990771264573,249495,45642,3594,0,0,3594.000,2900.03
2039733882947,1820115312915,763227999895,25,44411,3594,0,0,3594.000,2900.03
2039733882947,1612301277461,43875649258,378776,44767,3594,0,0,3594.000,2900.03
2039733882947,1612301277461,740964702452,66,44326,3594,0,0,3594.000,2900.03
2039733882947,1054115156672,1844396365388,763275,48285,3594,0,0,3594.000,2900.03
2039733882947,1054115156672,382421392509,34,46810,3594,0,0,3594.000,2900.03
2039733882947,75437493009,998225246122,163933,45619,3594,0,0,3594.000,2900.03
2039733882947,75437493009,611112804777,29,44393,3594,0,0,3594.000,2900.03
2041341814717,363018035635,401736782534,654704,44203,3774,0,0,3774.000,4136.20
2041341814717,363018035635,601997320450,48,44225,3780,0,0,3780.000,4136.20
2041341814717,409210918827,1066441261140,374969,46618,3852,0,0,3852.000,4136.20
2041341814717,409210918827,1163660533864,37,46060,3768,0,0,3768.000,4136.20
2041341814717,948396455392,2011684258395,162153,46411,3810,0,0,3810.000,4136.20
2041341814717,948396455392,1378911461729,30,45809,3798,0,0,3798.000,4136.20
2041341814717,1471671686824,1462887211256,233111,46660,3792,0,0,3792.000,4136.20
2041341814717,1471671686824,699364390224,27,45851,3774,0,0,3774.000,4136.20
2041341814717,1581444004591,1424727903781,358637,46393,3792,0,0,3792.000,4136.20
2041341814717,1581444004591,638140779259,37,46160,3810,0,0,3810.000,4136.20
2041341814717,24195708774,2030708707182,67431,46201,3762,0,0,3762.000,4136.20
2041341814717,24195708774,1288428457186,28,45976,3798,0,0,3798.000,4136.20
2041341814717,758704248363,1041732655610,675454,47559,3822,0,0,3822.000,4136.20
2041341814717,758704248363,17138914357,34,46951,3822,0,0,3822.000,4136.20
2041341814717,77722033214,1323124021114,439275,46993,3786,0,0,3786.000,4136.20
2041341814717,77722033214,1277328298427,64,45560,3798,0,0,3798.000,4136.20
2041341814717,1918755018012,1033736859,185489,46451,3774,0,0,3774.000,4136.20
2041341814717,1918755018012,1252930549494,35,45993,3798,0,0,3798.000,4136.20
2041341814717,654170290506,357908607428,33278,46452,3792,0,0,3792.000,4136.20
2041341814717,654170290506,1558086948186,71,45767,3768,0,0,3768.000,4136.20
2041781127119,665966241020,254344246749,23112,44911,3747,0,0,3747.000,3428.82
2041781127119,665966241020,97666805483,55,44476,3747,0,0,3747.000,3428.82
2041781127119,1797456659546,55368369791,703621,43726,3747,0,0,3747.000,3428.82
2041781127119,1797456659546,240976872052,65,43827,3747,0,0,3747.000,3428.82
2041781127119,1715423104695,890801670633,174372,86053,3747,0,0,3747.000,3428.82
2041781127119,1715423104695,1134674505614,64,82594,3747,0,0,3747.000,3428.82
2041781127119,85353964258,842266830899,30042,44494,3747,0,0,3747.000,3428.82
2041781127119,85353964258,1279214092687,28,44351,3747,0,0,3747.000,3428.82
2041781127119,1360715881634,560245052534,79226,83035,3747,0,0,3747.000,3428.82
2041781127119,1360715881634,840458076328,85,80553,3747,0,0,3747.000,3428.82
2041781127119,932006526793,91172191037,98915,46493,3747,0,0,3747.000,3428.82
2041781127119,932006526793,1094829680678,7,45393,3747,0,0,3747.000,3428.82
2041781127119,485551846660,240414607503,675209,47660,3747,0,0,3747.000,3428.82
2041781127119,485551846660,1229923394054,37,46100,3747,0,0,3747.000,3428.82
2041781127119,809005247328,296774446621,27723,45851,3747,0,0,3747.000,3428.82
2041781127119,809005247328,752046952073,44,45118,3747,0,0,3747.000,3428.82
2041781127119,351626673588,1631970140213,132019,45076,3747,0,0,3747.000,3428.82
2041781127119,351626673588,2000072323767,66,45059,3747,0,0,3747.000,3428.82
2041781127119,1723362363739,478658689297,1004856,47101,3747,0,0,3747.000,3428.82
2041781127119,1723362363739,1424047976035,51,46119,3747,0,0,3747.000,3428.82
2047386221291,1268142628740,173741500903,99590,45476,3900,0,0,3900.000,2127.76
2047386221291,1268142628740,1955601941304,33,45328,3900,0,0,3900.000,2127.76
2047386221291,1049380676539,525062889897,977021,45768,3900,0,0,3900.000,2127.76
2047386221291,1049380676539,410697066143,40,44369,3900,0,0,3900.000,2127.76
2047386221291,1911999292241,1952791139636,105030,48369,3900,0,0,3900.000,2127.76
2047386221291,1911999292241,456069914299,25,46767,3900,0,0,3900.000,2127.76
2047386221291,1559236638956,1110543593584,9582,45892,3900,0,0,3900.000,2127.76
2047386221291,1559236638956,1228395170149,29,45203,3900,0,0,3900.000,2127.76
2047386221291,1851397366966,1837371485522,72063,45118,3900,0,0,3900.000,2127.76
2047386221291,1851397366966,1422629336658,46,44893,3900,0,0,3900.000,2127.76
2047386221291,361339143275,689083876353,99151,44934,3900,0,0,3900.000,2127.76
2047386221291,361339143275,147888826235,37,44410,3900,0,0,3900.000,2127.76
2047386221291,1358008701934,1892905787820,168563,45350,3900,0,0,3900.000,2127.76
2047386221291,1358008701934,1273159861364,41,45202,3900,0,0,3900.000,2127.76
2047386221291,1869444276045,879320730823,14870,46933,3900,0,0,3900.000,2127.76
2047386221291,1869444276045,1742270209778,37,46744,3900,0,0,3900.000,2127.76
2047386221291,1177819032372,367904148681,98691,46726,3900,0,0,3900.000,2127.76
2047386221291,1177819032372,1029540297874,20,45535,3900,0,0,3900.000,2127.76
2047386221291,1432299143694,1479184961539,56643,45351,3900,0,0,3900.000,2127.76
2047386221291,1432299143694,637914367349,37,45285,3900,0,0,3900.000,2127.76
2055148182433,FAILED,FAILED,FAILED,FAILED,FAILED,FAILED,FAILED,FAILED,FAILED
2056795089473,FAILED,FAILED,FAILED,FAILED,FAILED,FAILED,FAILED,FAILED,FAILED
2067521022601,FAILED,FAILED,FAILED,FAILED,FAILED,FAILED,FAILED,FAILED,FAILED
2071353360523,1065313568367,955909750576,55099,43184,3288,0,0,3288.000,2146.53
2071353360523,1065313568367,2010083489066,41,42327,3288,0,0,3288.000,2146.53
2071353360523,1873759661424,774477852394,447629,45452,3288,0,0,3288.000,2146.53
2071353360523,1873759661424,336329851897,43,43683,3288,0,0,3288.000,2146.53
2071353360523,958405349115,283857322193,54079,44786,3288,0,0,3288.000,2146.53
2071353360523,958405349115,327036942160,32,44392,3288,0,0,3288.000,2146.53
2071353360523,997734342841,57474166153,128172,44477,3288,0,0,3288.000,2146.53
2071353360523,997734342841,149948511851,47,43475,3288,0,0,3288.000,2146.53
2071353360523,624677594123,1247251840816,334903,44410,3288,0,0,3288.000,2146.53
2071353360523,624677594123,2043633312800,53,44018,3288,0,0,3288.000,2146.53
2071353360523,1710743088899,1719270769874,197077,45244,3288,0,0,3288.000,2146.53
2071353360523,1710743088899,444807091783,29,45476,3288,0,0,3288.000,2146.53
2071353360523,121718060518,1624749122806,36063,44826,3288,0,0,3288.000,2146.53
2071353360523,121718060518,870291856348,32,43643,3288,0,0,3288.000,2146.53
2071353360523,1632258969519,1159168673501,315431,44118,3288,0,0,3288.000,2146.53
2071353360523,1632258969519,484964174467,32,43267,3288,0,0,3288.000,2146.53
2071353360523,1977414324903,1335326246572,58735,44851,3288,0,0,3288.000,2146.53
2071353360523,1977414324903,160589041525,53,44035,3288,0,0,3288.000,2146.53
2071353360523,1225487090043,121875911241,263772,45018,3288,0,0,3288.000,2146.53
2071353360523,1225487090043,771793092943,14,44118,3288,0,0,3288.000,2146.53
2071873088693,1350099068153,1549299462190,162325,45368,3711,0,0,3711.000,2857.52
2071873088693,1350099068153,1478508669529,24,45768,3753,0,0,3753.000,2857.52
2071873088693,351609500916,1936450151848,96273,45701,3705,0,0,3705.000,2857.52
2071873088693,351609500916,1788540756023,69,45310,3717,0,0,3717.000,2857.52
2071873088693,1166131713271,1168341259675,209878,45868,3735,0,0,3735.000,2857.52
2071873088693,1166131713271,230503618345,18,45393,3759,0,0,3759.000,2857.52
2071873088693,802257539551,1742774320371,840771,45327,3747,0,0,3747.000,2857.52
2071873088693,802257539551,2061171127563,38,45350,3741,0,0,3741.000,2857.52
2071873088693,985267613715,363105766178,420639,47435,3759,0,0,3759.000,2857.52
2071873088693,985267613715,1690749780130,18,47285,3753,0,0,3753.000,2857.52
2071873088693,2030032408237,1962565963868,151094,82219,3729,0,0,3729.000,2857.52
2071873088693,2030032408237,1491686680839,89,81760,3759,0,0,3759.000,2857.52
2071873088693,787067406356,294590845571,98769,45410,3747,0,0,3747.000,2857.52
2071873088693,787067406356,1839977577320,17,45392,3741,0,0,3741.000,2857.52
2071873088693,2011185051013,1577887522857,91156,48142,3753,0,0,3753.000,2857.52
2071873088693,2011185051013,841134983298,29,46994,3717,0,0,3717.000,2857.52
2071873088693,1093123725169,556700890214,12650,46768,3729,0,0,3729.000,2857.52
2071873088693,1093123725169,1174487267330,23,46410,3723,0,0,3723.000,2857.52
2071873088693,1146197606062,144094975466,276541,46102,3747,0,0,3747.000,2857.52
2071873088693,1146197606062,777490385504,53,45701,3753,0,0,3753.000,2857.52
2072369469301,1548935479840,567809464587,392906,46036,3816,0,0,3816.000,3093.12
2072369469301,1548935479840,1377110841422,45,46059,3798,0,0,3798.000,3093.12
2072369469301,1981557009090,1698945004789,624854,47184,3816,0,0,3816.000,3093.12
2072369469301,1981557009090,1223456592197,57,46078,3768,0,0,3768.000,3093.12
2072369469301,1932585710453,1871488440064,453537,45560,3762,0,0,3762.000,3093.12
2072369469301,1932585710453,105181455523,46,45618,3816,0,0,3816.000,3093.12
2072369469301,292026863889,374020931282,69525,83743,3780,0,0,3780.000,3093.12
2072369469301,292026863889,1990235155682,12,81303,3804,0,0,3804.000,3093.12
2072369469301,898300072620,1855978952105,22555,47660,3816,0,0,3816.000,3093.12
2072369469301,898300072620,127545799654,38,46851,3792,0,0,3792.000,3093.12
2072369469301,4645831224,413139628777,625748,47827,3810,0,0,3810.000,3093.12
2072369469301,4645831224,1182217305749,46,46351,3792,0,0,3792.000,3093.12
2072369469301,1286546958801,1840385420693,38130,47201,3786,0,0,3786.000,3093.12
2072369469301,1286546958801,920316064011,27,46768,3804,0,0,3804.000,3093.12
2072369469301,237650593385,612547558615,181255,84743,3768,0,0,3768.000,3093.12
2072369469301,237650593385,1654880237858,81,82303,3810,0,0,3810.000,3093.12
2072369469301,12662534559,444689697086,45470,46119,3786,0,0,3786.000,3093.12
2072369469301,12662534559,732265761238,62,46226,3816,0,0,3816.000,3093.12
2072369469301,1592416519801,1251463894129,57501,48351,3798,0,0,3798.000,3093.12
2072369469301,1592416519801,107514476695,50,47494,3804,0,0,3804.000,3093.12
2075090830847,2064246858897,562375288498,105359,44560,3390,0,0,3390.000,2430.42
2075090830847,2064246858897,1333678063947,53,44410,3390,0,0,3390.000,2430.42
2075090830847,275963133927,1586282799380,683704,80012,3390,0,0,3390.000,2430.42
2075090830847,275963133927,453549390021,77,79136,3390,0,0,3390.000,2430.42
2075090830847,1029474842415,1752041141613,16821,44434,3390,0,0,3390.000,2430.42
2075090830847,1029474842415,491022730059,29,43995,3390,0,0,3390.000,2430.42
2075090830847,169554095666,1583442222058,310300,43851,3390,0,0,3390.000,2430.42
2075090830847,169554095666,586626300767,37,43727,3390,0,0,3390.000,2430.42
2075090830847,866303138915,1791284786112,53396,44309,3390,0,0,3390.000,2430.42
2075090830847,866303138915,1859604073905,43,43701,3390,0,0,3390.000,2430.42
2075090830847,1796551946907,342092535205,49555,44851,3390,0,0,3390.000,2430.42
2075090830847,1796551946907,1137296606214,36,43827,3390,0,0,3390.000,2430.42
2075090830847,1613990914269,987558655766,67724,44892,3390,0,0,3390.000,2430.42
2075090830847,1613990914269,144204728941,9,44161,3390,0,0,3390.000,2430.42
2075090830847,270853768286,1603507063048,506491,44327,3390,0,0,3390.000,2430.42
2075090830847,270853768286,940669198744,23,43392,3390,0,0,3390.000,2430.42
2075090830847,1878802516551,1740236066522,200462,43226,3390,0,0,3390.000,2430.42
2075090830847,1878802516551,2037357544574,25,44058,3390,0,0,3390.000,2430.42
2075090830847,181784230769,1083551190721,200485,45225,3390,0,0,3390.000,2430.42
2075090830847,181784230769,745243541788,4,44203,3390,0,0,3390.000,2430.42
2075183129609,FAILED,FAILED,FAILED,FAILED,FAILED,FAILED,FAILED,FAILED,FAILED
2075365617719,1908462384034,1891017258288,279781,45393,3645,0,0,3645.000,2949.63
2075365617719,1908462384034,975063987651,52,45202,3645,0,0,3645.000,2949.63
2075365617719,1423936682529,374616211185,188676,44309,3645,0,0,3645.000,2949.63
2075365617719,1423936682529,918054461625,13,44518,3645,0,0,3645.000,2949.63
2075365617719,1152852421629,100679562119,22399,45285,3645,0,0,3645.000,2949.63
2075365617719,1152852421629,735425021063,21,44768,3645,0,0,3645.000,2949.63
2075365617719,1279475677490,1646754568504,164512,44851,3645,0,0,3645.000,2949.63
2075365617719,1279475677490,1981321815408,33,44743,3645,0,0,3645.000,2949.63
2075365617719,1030706270607,176298363451,438942,45827,3645,0,0,3645.000,2949.63
2075365617719,1030706270607,1336098310320,36,45744,3645,0,0,3645.000,2949.63
2075365617719,648784938938,632063789787,254109,46184,3645,0,0,3645.000,2949.63
2075365617719,648784938938,1073959773793,29,46493,3645,0,0,3645.000,2949.63
2075365617719,1325635185074,249374787999,139812,44952,3645,0,0,3645.000,2949.63
2075365617719,1325635185074,1042153219776,38,44518,3645,0,0,3645.000,2949.63
2075365617719,983309751447,1303844386804,665214,44476,3645,0,0,3645.000,2949.63
2075365617719,983309751447,477213357041,17,44285,3645,0,0,3645.000,2949.63
2075365617719,694178235386,1487461580854,99287,83453,3645,0,0,3645.000,2949.63
2075365617719,694178235386,1252333021636,56,80760,3645,0,0,3645.000,2949.63
2075365617719,1181190364854,134561393546,186898,44893,3645,0,0,3645.000,2949.63
2075365617719,1181190364854,1294826620404,37,44244,3645,0,0,3645.000,2949.63
2076000080431,886513343140,71411198552,53931,43660,3747,0,0,3747.000,4167.93
2076000080431,886513343140,1905744827234,17,43268,3747,0,0,3747.000,4167.93
2076000080431,764785249961,1950531450187,269295,43577,3747,0,0,3747.000,4167.93
2076000080431,764785249961,2014520013355,34,43184,3747,0,0,3747.000,4167.93
2076000080431,705112832588,775299059522,595117,45618,3747,0,0,3747.000,4167.93
2076000080431,705112832588,961517795416,40,45518,3747,0,0,3747.000,4167.93
2076000080431,26121022892,991413513273,479272,45160,3747,0,0,3747.000,4167.93
2076000080431,26121022892,1340056294116,6,45351,3747,0,0,3747.000,4167.93
2076000080431,1749986927266,157871060118,220423,45535,3747,0,0,3747.000,4167.93
2076000080431,1749986927266,350387738703,72,44852,3747,0,0,3747.000,4167.93
2076000080431,501795960914,761094740128,330809,46369,3747,0,0,3747.000,4167.93
2076000080431,501795960914,346149802832,20,45392,3747,0,0,3747.000,4167.93
2076000080431,1972461806544,516896427732,854133,45119,3747,0,0,3747.000,4167.93
2076000080431,1972461806544,1517858419752,21,44810,3747,0,0,3747.000,4167.93
2076000080431,1391891922614,353278999179,528075,44951,3747,0,0,3747.000,4167.93
2076000080431,1391891922614,188564526019,66,44350,3747,0,0,3747.000,4167.93
2076000080431,1607584382344,1811657233518,25166,45809,3747,0,0,3747.000,4167.93
2076000080431,1607584382344,427295761144,73,44869,3747,0,0,3747.000,4167.93
2076000080431,1442978388307,2052261159846,177260,46285,3747,0,0,3747.000,4167.93
2076000080431,1442978388307,1340043901255,40,45060,3747,0,0,3747.000,4167.93
2079462065189,804064324304,433220077495,633764,46077,3561,0,0,3561.000,3851.62
2079462065189,804064324304,582601220346,13,45851,3555,0,0,3555.000,3851.62
2079462065189,1126870945691,526703780305,59646,46185,3513,0,0,3513.000,3851.62
2079462065189,1126870945691,101539411429,33,45702,3561,0,0,3561.000,3851.62
2079462065189,2023794243831,2078783177036,898787,82118,3537,0,0,3537.000,3851.62
2079462065189,2023794243831,1387390360449,93,79803,3549,0,0,3549.000,3851.62
2079462065189,104966028165,21832202023,55781,45993,3573,0,0,3573.000,3851.62
2079462065189,104966028165,1914455706985,32,45351,3561,0,0,3561.000,3851.62
2079462065189,1968708888121,590159541107,113700,45351,3531,0,0,3531.000,3851.62
2079462065189,1968708888121,1446207397102,28,45410,3537,0,0,3537.000,3851.62
2079462065189,825497297105,427324045468,453527,45869,3537,0,0,3537.000,3851.62
2079462065189,825497297105,1584351577701,39,45475,3549,0,0,3549.000,3851.62
2079462065189,57440887906,1709776378309,17105,45286,3561,0,0,3561.000,3851.62
2079462065189,57440887906,1295055895476,17,44934,3537,0,0,3537.000,3851.62
2079462065189,1261017735875,1693503591729,244687,46578,3573,0,0,3573.000,3851.62
2079462065189,1261017735875,1068243261579,48,45476,3567,0,0,3567.000,3851.62
2079462065189,1419170367881,1172459994205,504122,45185,3549,0,0,3549.000,3851.62
2079462065189,1419170367881,1079109100355,20,44702,3543,0,0,3543.000,3851.62
2079462065189,529279178742,235697802636,49176,45768,3537,0,0,3537.000,3851.62
2079462065189,529279178742,1664365987811,30,45618,3549,0,0,3549.000,3851.62
2080019950049,FAILED,FAILED,FAILED,FAILED,FAILED,FAILED,FAILED,FAILED,FAILED
2080384000549,1219073688926,32905738900,1376621,45101,3531,0,0,3531.000,3235.71
2080384000549,1219073688926,1238847259193,59,44869,3549,0,0,3549.000,3235.71
2080384000549,1259639645742,1925040983108,56191,81886,3531,0,0,3531.000,3235.71
2080384000549,1259639645742,1501074947749,86,80452,3525,0,0,3525.000,3235.71
2080384000549,481189216540,1632373941441,409391,45851,3513,0,0,3513.000,3235.71
2080384000549,481189216540,400594396403,15,45744,3531,0,0,3531.000,3235.71
2080384000549,430799314454,715489942499,269906,46726,3537,0,0,3537.000,3235.71
2080384000549,430799314454,915412404761,29,46327,3519,0,0,3519.000,3235.71
2080384000549,1118375742425,1750127780596,150510,48184,3561,0,0,3561.000,3235.71
2080384000549,1118375742425,1401937563356,42,47535,3555,0,0,3555.000,3235.71
2080384000549,366379236506,1100937836548,29597,45827,3555,0,0,3555.000,3235.71
2080384000549,366379236506,1232053371565,18,45060,3555,0,0,3555.000,3235.71
2080384000549,685577403459,405601579423,9887,46368,3537,0,0,3537.000,3235.71
2080384000549,685577403459,477958384197,51,46102,3543,0,0,3543.000,3235.71
2080384000549,682397076568,647355318484,206199,45893,3525,0,0,3525.000,3235.71
2080384000549,682397076568,1909855798665,15,45785,3579,0,0,3579.000,3235.71
2080384000549,941797570061,2023263532440,38555,47351,3537,0,0,3537.000,3235.71
2080384000549,941797570061,660290782463,21,46493,3543,0,0,3543.000,3235.71
2080384000549,1469168534396,800021629803,151323,47143,3519,0,0,3519.000,3235.71
2080384000549,1469168534396,189596486783,35,46618,3489,0,0,3489.000,3235.71
2087278371887,1756510058678,234557372266,459500,45243,3798,0,0,3798.000,2458.15
2087278371887,1756510058678,1304661601583,41,44226,3798,0,0,3798.000,2458.15
2087278371887,788840548844,692611590697,162761,45725,3798,0,0,3798.000,2458.15
2087278371887,788840548844,1764453777352,14,44535,3798,0,0,3798.000,2458.15
2087278371887,848042673212,839112594640,39958,46994,3798,0,0,3798.000,2458.15
2087278371887,848042673212,1732536728803,20,46683,3798,0,0,3798.000,2458.15
2087278371887,1639717204816,38411580393,423465,46910,3798,0,0,3798.000,2458.15
2087278371887,1639717204816,2008429766707,57,46685,3798,0,0,3798.000,2458.15
2087278371887,893670246015,1513529191198,106564,47101,3798,0,0,3798.000,2458.15
2087278371887,893670246015,200651281989,47,44993,3798,0,0,3798.000,2458.15
2087278371887,1811703931713,2005140899185,7490,47475,3798,0,0,3798.000,2458.15
2087278371887,1811703931713,515844699247,32,47119,3798,0,0,3798.000,2458.15
2087278371887,181250787375,221300002476,500289,45433,3798,0,0,3798.000,2458.15
2087278371887,181250787375,1063953486188,42,44661,3798,0,0,3798.000,2458.15
2087278371887,1431947252687,672044176562,61114,46202,3798,0,0,3798.000,2458.15
2087278371887,1431947252687,404747347875,41,44976,3798,0,0,3798.000,2458.15
2087278371887,1749826047213,18565997334,157014,45100,3798,0,0,3798.000,2458.15
2087278371887,1749826047213,1286067590461,39,44535,3798,0,0,3798.000,2458.15
2087278371887,320280936456,1293627914673,107883,46410,3798,0,0,3798.000,2458.15
2087278371887,320280936456,1075665492960,1,46227,3798,0,0,3798.000,2458.15
2087700930607,6071530835,1587470741436,164411,43060,3390,0,0,3390.000,5425.79
2087700930607,6071530835,1956412194214,29,43119,3390,0,0,3390.000,5425.79
2087700930607,312130902474,808716709098,144301,44285,3390,0,0,3390.000,5425.79
2087700930607,312130902474,484464426042,34,44058,3390,0,0,3390.000,5425.79
2087700930607,1943823260654,260006368480,387769,43868,3390,0,0,3390.000,5425.79
2087700930607,1943823260654,1273477486502,67,44393,3390,0,0,3390.000,5425.79
2087700930607,1765175180200,1013238572648,701833,45995,3390,0,0,3390.000,5425.79
2087700930607,1765175180200,1571616398297,83,44600,3390,0,0,3390.000,5425.79
2087700930607,731717619636,1706804222754,962615,45368,3390,0,0,3390.000,5425.79
2087700930607,731717619636,104239941813,40,44560,3390,0,0,3390.000,5425.79
2087700930607,1987715986275,1489257455017,14448,79012,3390,0,0,3390.000,5425.79
2087700930607,1987715986275,1052826980033,81,77095,3390,0,0,3390.000,5425.79
2087700930607,866309436640,1884804446796,528597,44726,3390,0,0,3390.000,5425.79
2087700930607,866309436640,1014508032685,50,43493,3390,0,0,3390.000,5425.79
2087700930607,1776839044771,1841156517694,456173,44535,3390,0,0,3390.000,5425.79
2087700930607,1776839044771,642329988813,57,43935,3390,0,0,3390.000,5425.79
2087700930607,1789350863510,1905393122507,242861,44684,3390,0,0,3390.000,5425.79
2087700930607,1789350863510,1127290180935,39,43826,3390,0,0,3390.000,5425.79
2087700930607,1077371841983,1692713006350,1057794,80326,3390,0,0,3390.000,5425.79
2087700930607,1077371841983,1998185288041,61,79386,3390,0,0,3390.000,5425.79
2088199519057,FAILED,FAILED,FAILED,FAILED,FAILED,FAILED,FAILED,FAILED,FAILED
2089263820181,452432178301,1915479354298,323401,45100,3984,0,0,3984.000,9081.55
2089263820181,452432178301,976053729327,22,45119,3990,0,0,3990.000,9081.55
2089263820181,248389022440,1505660323425,701422,45893,3972,0,0,3972.000,9081.55
2089263820181,248389022440,1597175407495,53,45577,4002,0,0,4002.000,9081.55
2089263820181,1333231917408,478156790050,208662,47602,4032,0,0,4032.000,9081.55
2089263820181,1333231917408,1672225283820,40,46119,4008,0,0,4008.000,9081.55
2089263820181,206358301348,1662083381144,536065,87719,4056,0,0,4056.000,9081.55
2089263820181,206358301348,396445309150,44,84968,4014,0,0,4014.000,9081.55
2089263820181,2062280246325,1665604711557,1017998,46768,4002,0,0,4002.000,9081.55
2089263820181,2062280246325,2052403711532,57,47535,4014,0,0,4014.000,9081.55
2089263820181,1750567237873,747148965742,1913421,46767,3990,0,0,3990.000,9081.55
2089263820181,1750567237873,1870575591005,27,46577,4002,0,0,4002.000,9081.55
2089263820181,362458665051,2040594112540,1381331,47035,3978,0,0,3978.000,9081.55
2089263820181,362458665051,391814610781,22,46475,4008,0,0,4008.000,9081.55
2089263820181,879749987980,496542135886,806882,46785,3972,0,0,3972.000,9081.55
2089263820181,879749987980,118252666912,42,47227,3966,0,0,3966.000,9081.55
2089263820181,634722851229,1366313555655,133733,46642,4008,0,0,4008.000,9081.55
2089263820181,634722851229,1886988856943,50,48744,3954,0,0,3954.000,9081.55
2089263820181,996098306975,774956393957,48422,47101,4008,0,0,4008.000,9081.55
2089263820181,996098306975,516935034440,13,46243,4026,0,0,4026.000,9081.55
2091123242459,1540584758867,573184189003,50193,44077,3747,0,0,3747.000,3587.04
2091123242459,1540584758867,867554522739,39,43018,3747,0,0,3747.000,3587.04
2091123242459,918987598009,2000372144099,317008,44558,3747,0,0,3747.000,3587.04
2091123242459,918987598009,1894380846816,40,43435,3747,0,0,3747.000,3587.04
2091123242459,1938252624393,2075654360261,306188,43726,3747,0,0,3747.000,3587.04
2091123242459,1938252624393,1492008664960,21,43410,3747,0,0,3747.000,3587.04
2091123242459,1768313946365,399976461550,311423,44827,3747,0,0,3747.000,3587.04
2091123242459,1768313946365,213897532426,34,44600,3747,0,0,3747.000,3587.04
2091123242459,1717646025102,1177029106352,302929,46143,3747,0,0,3747.000,3587.04
2091123242459,1717646025102,812260872063,17,44767,3747,0,0,3747.000,3587.04
2091123242459,737794879943,891856607738,321393,46702,3747,0,0,3747.000,3587.04
2091123242459,737794879943,131914763225,31,46618,3747,0,0,3747.000,3587.04
2091123242459,927356974056,772915421361,318977,45393,3747,0,0,3747.000,3587.04
2091123242459,927356974056,1161901052119,9,44952,3747,0,0,3747.000,3587.04
2091123242459,1254571421608,1518950763462,536392,47660,3747,0,0,3747.000,3587.04
2091123242459,1254571421608,552416906032,47,46185,3747,0,0,3747.000,3587.04
2091123242459,722338626775,311419493610,195997,45892,3747,0,0,3747.000,3587.04
2091123242459,722338626775,121227583786,51,44743,3747,0,0,3747.000,3587.04
2091123242459,506692331566,1823181636173,340441,83219,3747,0,0,3747.000,3587.04
2091123242459,506692331566,1108950364000,23,82285,3747,0,0,3747.000,3587.04
2093139350927,233606834384,1636117780118,488378,47535,3747,0,0,3747.000,4580.90
2093139350927,233606834384,1882901837043,34,47035,3747,0,0,3747.000,4580.90
2093139350927,811218230227,505720241048,253879,45643,3747,0,0,3747.000,4580.90
2093139350927,811218230227,1991917544427,35,45160,3747,0,0,3747.000,4580.90
2093139350927,1420022680996,1833016336876,77199,81827,3747,0,0,3747.000,4580.90
2093139350927,1420022680996,1690523706477,21,79345,3747,0,0,3747.000,4580.90
2093139350927,1962901914779,1614180860387,209836,47994,3747,0,0,3747.000,4580.90
2093139350927,1962901914779,1247070198570,29,46203,3747,0,0,3747.000,4580.90
2093139350927,1951851704531,1455774650592,759034,46309,3747,0,0,3747.000,4580.90
2093139350927,1951851704531,935582061934,18,44868,3747,0,0,3747.000,4580.90
2093139350927,924609762145,2060770655743,567488,45726,3747,0,0,3747.000,4580.90
2093139350927,924609762145,1808211860212,31,45493,3747,0,0,3747.000,4580.90
2093139350927,1672933854057,2057119193890,395769,47202,3747,0,0,3747.000,4580.90
2093139350927,1672933854057,276670689588,11,46435,3747,0,0,3747.000,4580.90
2093139350927,1755466593384,679812675107,113484,45850,3747,0,0,3747.000,4580.90
2093139350927,1755466593384,1081147326674,39,45618,3747,0,0,3747.000,4580.90
2093139350927,1177104354755,670773571623,298069,45767,3747,0,0,3747.000,4580.90
2093139350927,1177104354755,2027664345608,44,45035,3747,0,0,3747.000,4580.90
2093139350927,1056303024582,459731666187,571854,45078,3747,0,0,3747.000,4580.90
2093139350927,1056303024582,913294373465,37,44350,3747,0,0,3747.000,4580.90
2094095267527,497747822606,894342978791,646802,45975,3849,0,0,3849.000,3450.67
2094095267527,497747822606,1150743306600,38,45660,3849,0,0,3849.000,3450.67
2094095267527,1611275063037,729845270318,282524,45393,3849,0,0,3849.000,3450.67
2094095267527,1611275063037,2087487916159,35,44618,3849,0,0,3849.000,3450.67
2094095267527,1695619076467,373783238037,437494,45268,3849,0,0,3849.000,3450.67
2094095267527,1695619076467,1186082609747,36,44868,3849,0,0,3849.000,3450.67
2094095267527,1784600121743,1482796170741,99189,45143,3849,0,0,3849.000,3450.67
2094095267527,1784600121743,1239821022457,31,45077,3849,0,0,3849.000,3450.67
2094095267527,1827921451402,705582053971,268700,46702,3849,0,0,3849.000,3450.67
2094095267527,1827921451402,1824097098247,33,47101,3849,0,0,3849.000,3450.67
2094095267527,1443325516188,1639748042506,140509,45060,3849,0,0,3849.000,3450.67
2094095267527,1443325516188,490316517518,51,44827,3849,0,0,3849.000,3450.67
2094095267527,1630256987078,1177766590172,65604,45309,3849,0,0,3849.000,3450.67
2094095267527,1630256987078,757007156109,27,44660,3849,0,0,3849.000,3450.67
2094095267527,1667037928199,1617026853951,151099,47076,3849,0,0,3849.000,3450.67
2094095267527,1667037928199,1443020933407,13,46518,3849,0,0,3849.000,3450.67
2094095267527,328434625234,1676386208738,203701,44726,3849,0,0,3849.000,3450.67
2094095267527,328434625234,465673014335,45,44684,3849,0,0,3849.000,3450.67
2094095267527,467131024840,578243731700,501775,44743,3849,0,0,3849.000,3450.67
2094095267527,467131024840,1633858829741,59,44893,3849,0,0,3849.000,3450.67
2100410404003,748233546965,426930879580,143039,44618,3594,0,0,3594.000,2514.38
2100410404003,748233546965,27994145019,46,43392,3594,0,0,3594.000,2514.38
2100410404003,513824118427,473742595168,211475,43767,3594,0,0,3594.000,2514.38
2100410404003,513824118427,1312430240990,14,43077,3594,0,0,3594.000,2514.38
2100410404003,1469291798395,1201273116410,54376,43310,3594,0,0,3594.000,2514.38
2100410404003,1469291798395,1721653736989,36,43225,3594,0,0,3594.000,2514.38
2100410404003,558766155076,783420129104,268117,44393,3594,0,0,3594.000,2514.38
2100410404003,558766155076,1225016603090,21,43785,3594,0,0,3594.000,2514.38
2100410404003,1114225814270,586242419195,8576,44934,3594,0,0,3594.000,2514.38
2100410404003,1114225814270,150771712280,35,43601,3594,0,0,3594.000,2514.38
2100410404003,682972641114,1940238710915,686908,45600,3594,0,0,3594.000,2514.38
2100410404003,682972641114,268906150640,35,45202,3594,0,0,3594.000,2514.38
2100410404003,93416502215,1241212863292,47427,45809,3594,0,0,3594.000,2514.38
2100410404003,93416502215,374238062548,36,44285,3594,0,0,3594.000,2514.38
2100410404003,1419418529062,198954435433,2181,45285,3594,0,0,3594.000,2514.38
2100410404003,1419418529062,694022257363,27,44685,3594,0,0,3594.000,2514.38
2100410404003,506709514,2018745363882,453941,47268,3594,0,0,3594.000,2514.38
2100410404003,506709514,1290732536870,29,46368,3594,0,0,3594.000,2514.38
2100410404003,1684595163248,849267159752,112662,45350,3594,0,0,3594.000,2514.38
2100410404003,1684595163248,1712508937229,71,44493,3594,0,0,3594.000,2514.38
2111477760857,FAILED,FAILED,FAILED,FAILED,FAILED,FAILED,FAILED,FAILED,FAILED
2121107970199,367769027479,980637052484,24808,45285,3798,0,0,3798.000,3284.73
2121107970199,367769027479,1377398715031,44,44350,3798,0,0,3798.000,3284.73
2121107970199,586058303004,959426573732,194925,44976,3798,0,0,3798.000,3284.73
2121107970199,586058303004,880023797835,63,44118,3798,0,0,3798.000,3284.73
2121107970199,796056099645,246335313027,1059585,47226,3798,0,0,3798.000,3284.73
2121107970199,796056099645,1089630906738,31,46451,3798,0,0,3798.000,3284.73
2121107970199,1380776292554,415495797260,314949,45285,3798,0,0,3798.000,3284.73
2121107970199,1380776292554,1559513158223,34,44601,3798,0,0,3798.000,3284.73
2121107970199,1388244069584,1296766422488,175154,45451,3798,0,0,3798.000,3284.73
2121107970199,1388244069584,949868273450,24,44601,3798,0,0,3798.000,3284.73
2121107970199,1851449959050,1805376653246,363848,45017,3798,0,0,3798.000,3284.73
2121107970199,1851449959050,94577006999,36,44451,3798,0,0,3798.000,3284.73
2121107970199,1623108381403,554301673143,264540,45643,3798,0,0,3798.000,3284.73
2121107970199,1623108381403,45025628581,48,44576,3798,0,0,3798.000,3284.73
2121107970199,47026960255,1559088560410,423092,46202,3798,0,0,3798.000,3284.73
2121107970199,47026960255,892940780926,57,47392,3798,0,0,3798.000,3284.73
2121107970199,1726547731718,1871604629237,4904,45475,3798,0,0,3798.000,3284.73
2121107970199,1726547731718,1756262451843,35,44536,3798,0,0,3798.000,3284.73
2121107970199,80186855004,1298717821925,51105,45351,3798,0,0,3798.000,3284.73
2121107970199,80186855004,1128181814070,59,45660,3798,0,0,3798.000,3284.73
2126258064499,1668723988264,72038230863,626313,45369,3849,0,0,3849.000,3701.51
2126258064499,1668723988264,348329770164,38,44976,3849,0,0,3849.000,3701.51
2126258064499,135952683362,793035200812,32381,45119,3849,0,0,3849.000,3701.51
2126258064499,135952683362,661664394923,49,44850,3849,0,0,3849.000,3701.51
2126258064499,805593133661,1925000500979,424885,46934,3849,0,0,3849.000,3701.51
2126258064499,805593133661,2077578528509,10,46744,3849,0,0,3849.000,3701.51
2126258064499,2114114959421,1947105939505,348721,45060,3849,0,0,3849.000,3701.51
2126258064499,2114114959421,211641727165,47,44826,3849,0,0,3849.000,3701.51
2126258064499,1143779103394,1030322063543,190503,45619,3849,0,0,3849.000,3701.51
2126258064499,1143779103394,1822920193273,26,44934,3849,0,0,3849.000,3701.51
2126258064499,1210079004539,1483897261705,27536,44702,3849,0,0,3849.000,3701.51
2126258064499,1210079004539,1376070915868,58,44934,3849,0,0,3849.000,3701.51
2126258064499,113188831277,1698847164416,248916,46118,3849,0,0,3849.000,3701.51
2126258064499,113188831277,332466877346,10,45352,3849,0,0,3849.000,3701.51
2126258064499,1645953655674,826033434470,71240,44392,3849,0,0,3849.000,3701.51
2126258064499,1645953655674,811191895066,39,44243,3849,0,0,3849.000,3701.51
2126258064499,701079527117,1059551343246,1127782,45518,3849,0,0,3849.000,3701.51
2126258064499,701079527117,1979745249698,38,45160,3849,0,0,3849.000,3701.51
2126258064499,725115761945,299138283269,78603,46035,3849,0,0,3849.000,3701.51
2126258064499,725115761945,1880147070833,48,45059,3849,0,0,3849.000,3701.51
2126640706061,207581286415,2113056168239,29403,46535,3855,0,0,3855.000,916.09
2126640706061,207581286415,1190460816760,47,46643,3843,0,0,3843.000,916.09
2126640706061,1930145727451,1993926475369,45210,46952,3843,0,0,3843.000,916.09
2126640706061,1930145727451,912324779134,28,46685,3843,0,0,3843.000,916.09
2126640706061,1325153536431,1381673207276,72130,45768,3849,0,0,3849.000,916.09
2126640706061,1325153536431,1442546432197,27,46076,3843,0,0,3843.000,916.09
2126640706061,25676506500,1486309532960,31010,46726,3837,0,0,3837.000,916.09
2126640706061,25676506500,491656811351,26,45785,3819,0,0,3819.000,916.09
2126640706061,214886302169,842184952776,90783,46767,3837,0,0,3837.000,916.09
2126640706061,214886302169,363120061272,56,46786,3861,0,0,3861.000,916.09
2126640706061,574943595849,2036378094287,5284,46143,3849,0,0,3849.000,916.09
2126640706061,574943595849,1367308075762,25,46452,3861,0,0,3861.000,916.09
2126640706061,1768100472908,1663602531242,11872,46035,3855,0,0,3855.000,916.09
2126640706061,1768100472908,1104135705668,17,45600,3825,0,0,3825.000,916.09
2126640706061,74977886373,1751639390059,246139,46744,3849,0,0,3849.000,916.09
2126640706061,74977886373,1919993169904,35,46352,3867,0,0,3867.000,916.09
2126640706061,1336488887237,1721807386363,133023,45660,3843,0,0,3843.000,916.09
2126640706061,1336488887237,1253942114887,45,45560,3855,0,0,3855.000,916.09
2126640706061,308766812623,227021361132,5102,46202,3843,0,0,3843.000,916.09
2126640706061,308766812623,1533286950932,27,45685,3861,0,0,3861.000,916.09
2128407901231,28874080508,344218384582,747292,45369,3900,0,0,3900.000,5404.25
2128407901231,28874080508,444218220935,28,45018,3900,0,0,3900.000,5404.25
2128407901231,986067252232,1070131636170,25708,44826,3900,0,0,3900.000,5404.25
2128407901231,986067252232,900031835964,51,45393,3900,0,0,3900.000,5404.25
2128407901231,673790922759,2127358483797,312094,45102,3900,0,0,3900.000,5404.25
2128407901231,673790922759,1029352363672,20,44369,3900,0,0,3900.000,5404.25
2128407901231,1423705456578,1731893404259,318098,45518,3900,0,0,3900.000,5404.25
2128407901231,1423705456578,127107540701,43,45035,3900,0,0,3900.000,5404.25
2128407901231,1891442608757,569688593534,792196,47201,3900,0,0,3900.000,5404.25
2128407901231,1891442608757,1159000983813,25,46477,3900,0,0,3900.000,5404.25
2128407901231,1125158739514,683232057348,620756,45785,3900,0,0,3900.000,5404.25
2128407901231,1125158739514,288043402637,55,44601,3900,0,0,3900.000,5404.25
2128407901231,862264304530,512658055540,629795,46184,3900,0,0,3900.000,5404.25
2128407901231,862264304530,1537038306098,47,45243,3900,0,0,3900.000,5404.25
2128407901231,1341077369242,2004543150423,115170,45577,3900,0,0,3900.000,5404.25
2128407901231,1341077369242,483684375137,16,44393,3900,0,0,3900.000,5404.25
2128407901231,1796030643689,1102597533140,778004,45077,3900,0,0,3900.000,5404.25
2128407901231,1796030643689,4983983959,28,45017,3900,0,0,3900.000,5404.25
2128407901231,965154361834,806068595184,42285,45119,3900,0,0,3900.000,5404.25
2128407901231,965154361834,915828202459,38,44768,3900,0,0,3900.000,5404.25
2129430664213,1311745713286,1975298300812,355828,47476,4008,0,0,4008.000,4167.33
2129430664213,1311745713286,981594440705,19,46911,4008,0,0,4008.000,4167.33
2129430664213,1884340262289,58908448838,354801,46744,4026,0,0,4026.000,4167.33
2129430664213,1884340262289,841896150197,32,46368,4014,0,0,4014.000,4167.33
2129430664213,1937365406346,1413981910000,127946,47077,4014,0,0,4014.000,4167.33
2129430664213,1937365406346,65234938712,24,45976,4008,0,0,4008.000,4167.33
2129430664213,1003231873847,1426579423817,205827,46142,4002,0,0,4002.000,4167.33
2129430664213,1003231873847,2008375206615,29,46119,4014,0,0,4014.000,4167.33
2129430664213,860721516688,982685850268,23579,46410,3978,0,0,3978.000,4167.33
2129430664213,860721516688,234642387248,31,46142,4008,0,0,4008.000,4167.33
2129430664213,1615907384943,1879926543665,898389,86427,4014,0,0,4014.000,4167.33
2129430664213,1615907384943,1642627706452,100,85386,3978,0,0,3978.000,4167.33
2129430664213,19592566459,2099087718970,650327,46702,4008,0,0,4008.000,4167.33
2129430664213,19592566459,360512304657,19,46434,3984,0,0,3984.000,4167.33
2129430664213,369083089018,1683703608962,317821,46369,4008,0,0,4008.000,4167.33
2129430664213,369083089018,1557128427698,27,46351,4026,0,0,4026.000,4167.33
2129430664213,4755063693,872655511618,250505,87385,4008,0,0,4008.000,4167.33
2129430664213,4755063693,895059367361,56,84512,4002,0,0,4002.000,4167.33
2129430664213,581431939431,813305417376,134154,46827,3972,0,0,3972.000,4167.33
2129430664213,581431939431,1395566729529,34,46060,3966,0,0,3966.000,4167.33
2135127797449,FAILED,FAILED,FAILED,FAILED,FAILED,FAILED,FAILED,FAILED,FAILED
2145878925133,93375539663,1602272974754,80321,45827,3894,0,0,3894.000,2126.20
2145878925133,93375539663,1794446078543,14,46018,3906,0,0,3906.000,2126.20
2145878925133,995507062185,1045285553003,76697,46577,3906,0,0,3906.000,2126.20
2145878925133,995507062185,1878342253685,50,46226,3888,0,0,3888.000,2126.20
2145878925133,2026857402532,1599034068395,426478,46618,3918,0,0,3918.000,2126.20
2145878925133,2026857402532,1260509217801,54,46267,3936,0,0,3936.000,2126.20
2145878925133,651836518350,1935016434273,163026,86595,3894,0,0,3894.000,2126.20
2145878925133,651836518350,2044808143708,34,85637,3918,0,0,3918.000,2126.20
2145878925133,851740539,1284960116041,58420,45227,3894,0,0,3894.000,2126.20
2145878925133,851740539,630768984783,13,44827,3882,0,0,3882.000,2126.20
2145878925133,434701433783,1141779556475,347208,45619,3888,0,0,3888.000,2126.20
2145878925133,434701433783,994248717578,41,45642,3918,0,0,3918.000,2126.20
2145878925133,662678016759,546880460600,27273,48452,3954,0,0,3954.000,2126.20
2145878925133,662678016759,2144133620820,30,46767,3882,0,0,3882.000,2126.20
2145878925133,88104699521,1440070002777,512679,45850,3876,0,0,3876.000,2126.20
2145878925133,88104699521,205701552912,26,45285,3918,0,0,3918.000,2126.20
2145878925133,2087527348305,22690717626,50006,46267,3930,0,0,3930.000,2126.20
2145878925133,2087527348305,163875109422,22,46410,3918,0,0,3918.000,2126.20
2145878925133,617995825016,910106784859,7333,47160,3900,0,0,3900.000,2126.20
2145878925133,617995825016,1520391635662,26,46143,3912,0,0,3912.000,2126.20
2146244466931,1554028278718,1286559130459,223520,45685,3798,0,0,3798.000,3829.08
2146244466931,1554028278718,1665851971756,48,45201,3798,0,0,3798.000,3829.08
2146244466931,1396097025577,718082719854,189045,44809,3798,0,0,3798.000,3829.08
2146244466931,1396097025577,1824442177457,30,44701,3798,0,0,3798.000,3829.08
2146244466931,1618595321503,762088368107,203891,46559,3798,0,0,3798.000,3829.08
2146244466931,1618595321503,1759144727963,35,45077,3798,0,0,3798.000,3829.08
2146244466931,982051295907,1953047971355,453285,44910,3798,0,0,3798.000,3829.08
2146244466931,982051295907,1156473397606,42,44434,3798,0,0,3798.000,3829.08
2146244466931,439508186870,778972220784,869851,45935,3798,0,0,3798.000,3829.08
2146244466931,439508186870,2022993644508,46,44910,3798,0,0,3798.000,3829.08
2146244466931,1210884867482,869371261758,267607,45452,3798,0,0,3798.000,3829.08
2146244466931,1210884867482,629760407140,50,44850,3798,0,0,3798.000,3829.08
2146244466931,777100081260,1453053413750,23512,83660,3798,0,0,3798.000,3829.08
2146244466931,777100081260,1866535617249,75,83012,3798,0,0,3798.000,3829.08
2146244466931,237871229370,1388974274126,492551,45661,3798,0,0,3798.000,3829.08
2146244466931,237871229370,301969254593,42,45142,3798,0,0,3798.000,3829.08
2146244466931,1807171881186,896117460992,366449,46185,3798,0,0,3798.000,3829.08
2146244466931,1807171881186,702835742575,55,45785,3798,0,0,3798.000,3829.08
2146244466931,1659724483752,1423568395934,138064,46452,3798,0,0,3798.000,3829.08
2146244466931,1659724483752,432685646958,32,45809,3798,0,0,3798.000,3829.08
2146941059113,FAILED,FAILED,FAILED,FAILED,FAILED,FAILED,FAILED,FAILED,FAILED
2147465632483,1944685585934,385778757286,248705,45243,4002,0,0,4002.000,5318.34
2147465632483,1944685585934,847221613780,24,43975,4002,0,0,4002.000,5318.34
2147465632483,1405498132939,478875279151,1101944,46434,4002,0,0,4002.000,5318.34
2147465632483,1405498132939,978128388264,42,45202,4002,0,0,4002.000,5318.34
2147465632483,1485752838035,1976910858048,186419,46059,4002,0,0,4002.000,5318.34
2147465632483,1485752838035,2063906395999,15,45785,4002,0,0,4002.000,5318.34
2147465632483,1572850595640,579656015377,407329,44685,4002,0,0,4002.000,5318.34
2147465632483,1572850595640,1459503506415,35,44868,4002,0,0,4002.000,5318.34
2147465632483,569543791621,1028441516948,183490,84743,4002,0,0,4002.000,5318.34
2147465632483,569543791621,1419866846104,29,83886,4002,0,0,4002.000,5318.34
2147465632483,582688081313,377658235333,547488,45285,4002,0,0,4002.000,5318.34
2147465632483,582688081313,596744802489,30,44768,4002,0,0,4002.000,5318.34
2147465632483,1770286292436,1440064750093,571972,46118,4002,0,0,4002.000,5318.34
2147465632483,1770286292436,1462491827432,59,45642,4002,0,0,4002.000,5318.34
2147465632483,1399578116066,1519502425257,614892,46285,4002,0,0,4002.000,5318.34
2147465632483,1399578116066,1696797691903,40,45851,4002,0,0,4002.000,5318.34
2147465632483,1766252774678,944867388728,99444,46993,4002,0,0,4002.000,5318.34
2147465632483,1766252774678,351758948252,31,45642,4002,0,0,4002.000,5318.34
2147465632483,317237356,1235574318160,253770,45060,4002,0,0,4002.000,5318.34
2147465632483,317237356,988941303523,62,44994,4002,0,0,4002.000,5318.34
2147827401959,764443333688,1101994842199,880702,44726,3645,0,0,3645.000,3341.01
2147827401959,764443333688,1796494669787,31,44701,3645,0,0,3645.000,3341.01
2147827401959,1697593396089,522276654750,82727,46643,3645,0,0,3645.000,3341.01
2147827401959,1697593396089,193100022915,39,46327,3645,0,0,3645.000,3341.01
2147827401959,342991364852,641383895289,35623,45100,3645,0,0,3645.000,3341.01
2147827401959,342991364852,840730840369,75,44410,3645,0,0,3645.000,3341.01
2147827401959,137623568122,977700961645,169285,46660,3645,0,0,3645.000,3341.01
2147827401959,137623568122,1787179764191,45,45977,3645,0,0,3645.000,3341.01
2147827401959,2020392951853,1949628216245,127323,45893,3645,0,0,3645.000,3341.01
2147827401959,2020392951853,709923418337,43,44768,3645,0,0,3645.000,3341.01
2147827401959,724030496466,1963128135644,160537,82637,3645,0,0,3645.000,3341.01
2147827401959,724030496466,1336030281137,105,80202,3645,0,0,3645.000,3341.01
2147827401959,641932877202,1958425463098,495271,45018,3645,0,0,3645.000,3341.01
2147827401959,641932877202,1321191469499,23,45035,3645,0,0,3645.000,3341.01
2147827401959,1865219704590,1039978431149,131208,45185,3645,0,0,3645.000,3341.01
2147827401959,1865219704590,916118387035,19,44160,3645,0,0,3645.000,3341.01
2147827401959,878195755366,728437259480,493548,45226,3645,0,0,3645.000,3341.01
2147827401959,878195755366,1202094269733,72,44535,3645,0,0,3645.000,3341.01
2147827401959,98365817571,1863052483386,334057,44535,3645,0,0,3645.000,3341.01
2147827401959,98365817571,895963467395,17,44475,3645,0,0,3645.000,3341.01
2151195358171,92067476611,987221737809,3618,44768,3900,0,0,3900.000,2236.91
2151195358171,92067476611,526714895769,48,44576,3900,0,0,3900.000,2236.91
2151195358171,179800866051,1687139503079,138801,44118,3900,0,0,3900.000,2236.91
2151195358171,179800866051,466600865999,26,43768,3900,0,0,3900.000,2236.91
2151195358171,882243726807,1539192588542,102297,44517,3900,0,0,3900.000,2236.91
2151195358171,882243726807,1085040269730,19,43434,3900,0,0,3900.000,2236.91
2151195358171,1009917802387,159915941807,153015,45351,3900,0,0,3900.000,2236.91
2151195358171,1009917802387,1867433132964,5,44827,3900,0,0,3900.000,2236.91
2151195358171,1467091144400,2149924457855,168003,85470,3900,0,0,3900.000,2236.91
2151195358171,1467091144400,1783463520206,108,82345,3900,0,0,3900.000,2236.91
2151195358171,1020132689350,894868906000,30861,46160,3900,0,0,3900.000,2236.91
2151195358171,1020132689350,839117245592,40,45726,3900,0,0,3900.000,2236.91
2151195358171,1656563653422,371691785880,19220,45410,3900,0,0,3900.000,2236.91
2151195358171,1656563653422,1704972264174,31,44601,3900,0,0,3900.000,2236.91
2151195358171,436991010111,1780873437537,913499,45244,3900,0,0,3900.000,2236.91
2151195358171,436991010111,1647765575644,45,44352,3900,0,0,3900.000,2236.91
2151195358171,644498995697,1391192773225,219996,44767,3900,0,0,3900.000,2236.91
2151195358171,644498995697,365423614258,21,45036,3900,0,0,3900.000,2236.91
2151195358171,1139520365606,1321857497193,124702,46809,3900,0,0,3900.000,2236.91
2151195358171,1139520365606,990173600203,32,46285,3900,0,0,3900.000,2236.91
2154894281173,1655170844452,499608744236,293547,45809,3990,0,0,3990.000,3729.74
2154894281173,1655170844452,184277318355,39,46243,3978,0,0,3978.000,3729.74
2154894281173,50316710132,2120304170345,74717,46451,4014,0,0,4014.000,3729.74
2154894281173,50316710132,2152738596052,16,46434,4026,0,0,4026.000,3729.74
2154894281173,432374920457,830449592134,98662,87303,4008,0,0,4008.000,3729.74
2154894281173,432374920457,881587121570,70,84660,3990,0,0,3990.000,3729.74
2154894281173,1958617540898,79592394513,363447,45993,3990,0,0,3990.000,3729.74
2154894281173,1958617540898,598436498019,48,45893,4026,0,0,4026.000,3729.74
2154894281173,604839952399,100384927222,485721,46202,3984,0,0,3984.000,3729.74
2154894281173,604839952399,1845026819590,55,46160,3990,0,0,3990.000,3729.74
2154894281173,1628592920204,204043685286,65391,46619,4002,0,0,4002.000,3729.74
2154894281173,1628592920204,155787912450,44,46935,3996,0,0,3996.000,3729.74
2154894281173,465942230908,615159863405,274187,47910,4002,0,0,4002.000,3729.74
2154894281173,465942230908,917992580813,38,46852,4002,0,0,4002.000,3729.74
2154894281173,2132502283572,482577645223,158551,47993,3996,0,0,3996.000,3729.74
2154894281173,2132502283572,596386765989,11,46518,3996,0,0,3996.000,3729.74
2154894281173,371906241205,225035491411,322604,48243,3966,0,0,3966.000,3729.74
2154894281173,371906241205,335937782601,22,47685,4014,0,0,4014.000,3729.74
2154894281173,1842914425745,275531689396,807719,45952,3996,0,0,3996.000,3729.74
2154894281173,1842914425745,757450726534,22,46059,4026,0,0,4026.000,3729.74
2160251042371,662980426569,138192772953,294311,85076,4002,0,0,4002.000,3959.16
2160251042371,662980426569,1972017417382,20,84136,4002,0,0,4002.000,3959.16
2160251042371,357637130590,468749077147,151102,45517,4002,0,0,4002.000,3959.16
2160251042371,357637130590,1546072589618,60,44828,4002,0,0,4002.000,3959.16
2160251042371,1847670832743,430530637998,134107,88803,4002,0,0,4002.000,3959.16
2160251042371,1847670832743,1290917347808,65,85218,4002,0,0,4002.000,3959.16
2160251042371,1629393520950,1008995275849,942822,49036,4002,0,0,4002.000,3959.16
2160251042371,1629393520950,1668198137169,37,45475,4002,0,0,4002.000,3959.16
2160251042371,2031724877202,1760323324732,620135,45059,4002,0,0,4002.000,3959.16
2160251042371,2031724877202,1994075681525,20,44953,4002,0,0,4002.000,3959.16
2160251042371,1082411136600,879701595537,67185,45743,4002,0,0,4002.000,3959.16
2160251042371,1082411136600,715956926021,30,44518,4002,0,0,4002.000,3959.16
2160251042371,548308181317,2062429894459,112161,45183,4002,0,0,4002.000,3959.16
2160251042371,548308181317,701815218642,62,45286,4002,0,0,4002.000,3959.16
2160251042371,827567882876,1015600029641,365966,45493,4002,0,0,4002.000,3959.16
2160251042371,827567882876,624085587397,65,45559,4002,0,0,4002.000,3959.16
2160251042371,835677226177,1305006557591,132342,48036,4002,0,0,4002.000,3959.16
2160251042371,835677226177,1842866844212,32,47327,4002,0,0,4002.000,3959.16
2160251042371,651988758461,1909764826132,368649,45227,4002,0,0,4002.000,3959.16
2160251042371,651988758461,1372230023729,24,45702,4002,0,0,4002.000,3959.16
2161815294901,1580106481193,631853627289,6511,46703,4059,0,0,4059.000,2699.97
2161815294901,1580106481193,1664820505863,47,45809,4035,0,0,4035.000,2699.97
2161815294901,1562150073107,88157930249,8701,46393,4059,0,0,4059.000,2699.97
2161815294901,1562150073107,409431248436,17,45660,4035,0,0,4035.000,2699.97
2161815294901,577059958006,1997016882642,5986,47892,4047,0,0,4047.000,2699.97
2161815294901,577059958006,1338160310896,55,46911,4053,0,0,4053.000,2699.97
2161815294901,2024118997336,1787837673237,449820,47660,4053,0,0,4053.000,2699.97
2161815294901,2024118997336,1244251087248,23,46892,4047,0,0,4047.000,2699.97
2161815294901,330048878893,1562339963883,544057,46035,4053,0,0,4053.000,2699.97
2161815294901,330048878893,1755597902982,34,45892,4065,0,0,4065.000,2699.97
2161815294901,1481906558740,1674614177441,215467,46602,4041,0,0,4041.000,2699.97
2161815294901,1481906558740,2083053031114,27,46327,4053,0,0,4053.000,2699.97
2161815294901,997919810709,1698086929600,354215,46267,4065,0,0,4065.000,2699.97
2161815294901,997919810709,862986386967,29,45910,4041,0,0,4041.000,2699.97
2161815294901,1617316161145,934639845128,213352,46727,4053,0,0,4053.000,2699.97
2161815294901,1617316161145,1670411028117,22,46326,4059,0,0,4059.000,2699.97
2161815294901,261700753625,1377055172436,185811,47618,4047,0,0,4047.000,2699.97
2161815294901,261700753625,487298887459,35,47892,4035,0,0,4035.000,2699.97
2161815294901,671459081938,1776966820011,121741,46017,4047,0,0,4047.000,2699.97
2161815294901,671459081938,41319246411,21,45577,4053,0,0,4053.000,2699.97
2163465951917,895238372269,1053470605291,244984,46326,3990,0,0,3990.000,2917.26
2163465951917,895238372269,2050845511867,26,45727,4002,0,0,4002.000,2917.26
2163465951917,865280799172,286592131218,453577,46143,3990,0,0,3990.000,2917.26
2163465951917,865280799172,393172818573,53,45952,4014,0,0,4014.000,2917.26
2163465951917,1547974416068,1350022084824,1872,47119,4002,0,0,4002.000,2917.26
2163465951917,1547974416068,1346939064682,31,45785,4014,0,0,4014.000,2917.26
2163465951917,1183706059882,1221168920269,71466,47535,3990,0,0,3990.000,2917.26
2163465951917,1183706059882,1897335574661,26,45826,4008,0,0,4008.000,2917.26
2163465951917,371673010172,924827677959,73554,46993,4002,0,0,4002.000,2917.26
2163465951917,371673010172,910999730853,34,45685,4008,0,0,4008.000,2917.26
2163465951917,82338832292,1679449557928,602723,46786,4008,0,0,4008.000,2917.26
2163465951917,82338832292,1868501384093,46,46642,3984,0,0,3984.000,2917.26
2163465951917,1776814183468,864055531656,312444,46327,4020,0,0,4020.000,2917.26
2163465951917,1776814183468,300210980841,22,45935,4002,0,0,4002.000,2917.26
2163465951917,1648102949410,709016247831,81686,46202,3984,0,0,3984.000,2917.26
2163465951917,1648102949410,211320760011,17,45226,3990,0,0,3990.000,2917.26
2163465951917,203453387124,2148016606976,328092,46868,4014,0,0,4014.000,2917.26
2163465951917,203453387124,2042697714984,13,46225,3990,0,0,3990.000,2917.26
2163465951917,261345001418,1602726396086,154144,46477,3996,0,0,3996.000,2917.26
2163465951917,261345001418,1453349709127,20,46493,4008,0,0,4008.000,2917.26
2165533289221,1035017907353,1531061092410,287487,45850,3942,0,0,3942.000,2589.37
2165533289221,1035017907353,1092022798534,32,45410,3942,0,0,3942.000,2589.37
2165533289221,2163262896935,25334223934,328441,46559,3882,0,0,3882.000,2589.37
2165533289221,2163262896935,733397898383,36,46286,3864,0,0,3864.000,2589.37
2165533289221,1063218867759,1134344496703,221386,46910,3912,0,0,3912.000,2589.37
2165533289221,1063218867759,1189895399107,35,46017,3894,0,0,3894.000,2589.37
2165533289221,1365131344122,1695269694877,98769,45785,3918,0,0,3918.000,2589.37
2165533289221,1365131344122,1318220748935,36,47309,3918,0,0,3918.000,2589.37
2165533289221,28787053635,2017282338153,63168,48683,3906,0,0,3906.000,2589.37
2165533289221,28787053635,1923752566101,58,47745,3882,0,0,3882.000,2589.37
2165533289221,1553223473905,1301447759531,565160,46952,3918,0,0,3918.000,2589.37
2165533289221,1553223473905,293096350214,21,46184,3900,0,0,3900.000,2589.37
2165533289221,1976266971498,1884959868235,212174,46727,3924,0,0,3924.000,2589.37
2165533289221,1976266971498,1329319941861,25,46285,3906,0,0,3906.000,2589.37
2165533289221,152704342519,689080171974,97214,47160,3888,0,0,3888.000,2589.37
2165533289221,152704342519,1457671588778,32,46892,3900,0,0,3900.000,2589.37
2165533289221,212155086018,1858972633239,154005,46558,3906,0,0,3906.000,2589.37
2165533289221,212155086018,147892364432,37,46244,3900,0,0,3900.000,2589.37
2165533289221,664501457317,234379674880,113467,48868,3912,0,0,3912.000,2589.37
2165533289221,664501457317,1367903911381,40,47726,3900,0,0,3900.000,2589.37
2168430898811,1930065211212,394342594725,361301,45578,3798,0,0,3798.000,5202.76
2168430898811,1930065211212,1823053591776,45,45017,3798,0,0,3798.000,5202.76
2168430898811,2093984162467,212159342011,223994,45642,3798,0,0,3798.000,5202.76
2168430898811,2093984162467,588307598224,24,45453,3798,0,0,3798.000,5202.76
2168430898811,820813187492,647981030897,36148,45934,3798,0,0,3798.000,5202.76
2168430898811,820813187492,1934164844929,56,45243,3798,0,0,3798.000,5202.76
2168430898811,200152815167,656019746843,1432189,45892,3798,0,0,3798.000,5202.76
2168430898811,200152815167,1598008977349,52,45286,3798,0,0,3798.000,5202.76
2168430898811,681200969600,1064587092237,26437,44786,3798,0,0,3798.000,5202.76
2168430898811,681200969600,1438983701136,15,44517,3798,0,0,3798.000,5202.76
2168430898811,570396603147,456993975647,23227,45118,3798,0,0,3798.000,5202.76
2168430898811,570396603147,21550595995,24,44392,3798,0,0,3798.000,5202.76
2168430898811,1542496147599,1030275019929,160835,45201,3798,0,0,3798.000,5202.76
2168430898811,1542496147599,2228839762,20,44935,3798,0,0,3798.000,5202.76
2168430898811,1639306886609,172669847910,356887,45244,3798,0,0,3798.000,5202.76
2168430898811,1639306886609,212690791761,13,44851,3798,0,0,3798.000,5202.76
2168430898811,195592888812,263387413829,892408,45577,3798,0,0,3798.000,5202.76
2168430898811,195592888812,1733460802833,45,44600,3798,0,0,3798.000,5202.76
2168430898811,1461557221459,210338202721,850679,45035,3798,0,0,3798.000,5202.76
2168430898811,1461557221459,1412290689994,46,44518,3798,0,0,3798.000,5202.76
2174783981549,1616560141397,1276641347658,167162,47244,3981,0,0,3981.000,2391.32
2174783981549,1616560141397,569878724929,19,46560,3987,0,0,3987.000,2391.32
2174783981549,1726258741400,1940132460603,146485,47535,3963,0,0,3963.000,2391.32
2174783981549,1726258741400,2104293082140,28,46160,3939,0,0,3939.000,2391.32
2174783981549,1534678938788,1732740637997,256934,46893,3957,0,0,3957.000,2391.32
2174783981549,1534678938788,1825851939092,29,46160,3963,0,0,3963.000,2391.32
2174783981549,1832716081509,1854328045765,22466,48077,3963,0,0,3963.000,2391.32
2174783981549,1832716081509,1879858838170,13,46810,3963,0,0,3963.000,2391.32
2174783981549,2123708951228,172077014429,129254,47744,3951,0,0,3951.000,2391.32
2174783981549,2123708951228,2170403881826,42,46601,3957,0,0,3957.000,2391.32
2174783981549,1177464389383,280414935960,237058,49702,3939,0,0,3939.000,2391.32
2174783981549,1177464389383,1060041132456,32,45452,3957,0,0,3957.000,2391.32
2174783981549,2105689029929,1606577711364,463571,47018,3921,0,0,3921.000,2391.32
2174783981549,2105689029929,890777598197,33,46410,3963,0,0,3963.000,2391.32
2174783981549,1958440009599,1371354997470,49080,45494,3933,0,0,3933.000,2391.32
2174783981549,1958440009599,28964419922,27,45892,3939,0,0,3939.000,2391.32
2174783981549,1402196206894,470170031988,207649,46410,3921,0,0,3921.000,2391.32
2174783981549,1402196206894,2117701471502,23,45976,3957,0,0,3957.000,2391.32
2174783981549,47548534340,278247130538,204024,46392,3987,0,0,3987.000,2391.32
2174783981549,47548534340,365294524000,34,45785,3987,0,0,3987.000,2391.32
2184149731999,2056564028864,762558052454,337101,44601,3543,0,0,3543.000,2550.75
2184149731999,2056564028864,465824533121,50,43993,3543,0,0,3543.000,2550.75
2184149731999,1214961201640,1839233505181,6534,45576,3543,0,0,3543.000,2550.75
2184149731999,1214961201640,1017699709113,62,44476,3543,0,0,3543.000,2550.75
2184149731999,1608166055490,1018850550532,161407,44642,3543,0,0,3543.000,2550.75
2184149731999,1608166055490,1796254234509,16,43828,3543,0,0,3543.000,2550.75
2184149731999,1572256156578,911949951698,125546,44435,3543,0,0,3543.000,2550.75
2184149731999,1572256156578,1427847563170,24,44017,3543,0,0,3543.000,2550.75
2184149731999,1724368406741,1538633542474,190001,45868,3543,0,0,3543.000,2550.75
2184149731999,1724368406741,1916680801440,16,44352,3543,0,0,3543.000,2550.75
2184149731999,465056695878,1701040902607,99723,44702,3543,0,0,3543.000,2550.75
2184149731999,465056695878,439884642398,20,44684,3543,0,0,3543.000,2550.75
2184149731999,339340233400,357001983971,446792,46101,3543,0,0,3543.000,2550.75
2184149731999,339340233400,1278888563522,39,45328,3543,0,0,3543.000,2550.75
2184149731999,1744981473310,423631409630,812941,45619,3543,0,0,3543.000,2550.75
2184149731999,1744981473310,1696211415518,17,44226,3543,0,0,3543.000,2550.75
2184149731999,1150855227381,1447893551221,176,45184,3543,0,0,3543.000,2550.75
2184149731999,1150855227381,789390085667,22,44201,3543,0,0,3543.000,2550.75
2184149731999,1709362225896,482583720144,94476,45393,3543,0,0,3543.000,2550.75
2184149731999,1709362225896,895499007526,41,45035,3543,0,0,3543.000,2550.75
2187023352011,1515488782252,368816577750,465133,45018,3492,0,0,3492.000,2509.24
2187023352011,1515488782252,47120200788,37,44369,3492,0,0,3492.000,2509.24
2187023352011,1232579572442,1271629660796,1849,44226,3492,0,0,3492.000,2509.24
2187023352011,1232579572442,664836093381,16,43785,3492,0,0,3492.000,2509.24
2187023352011,547393834719,1604695467644,106875,44951,3492,0,0,3492.000,2509.24
2187023352011,547393834719,2080192708718,20,44142,3492,0,0,3492.000,2509.24
2187023352011,450878937698,1920775386060,513706,45267,3492,0,0,3492.000,2509.24
2187023352011,450878937698,836523408314,40,44786,3492,0,0,3492.000,2509.24
2187023352011,1240185503436,17042383196,207933,44660,3492,0,0,3492.000,2509.24
2187023352011,1240185503436,1202020772383,41,44185,3492,0,0,3492.000,2509.24
2187023352011,1031016929699,216934155631,308342,45120,3492,0,0,3492.000,2509.24
2187023352011,1031016929699,23787994820,45,44559,3492,0,0,3492.000,2509.24
2187023352011,563686837350,1180317894046,40742,44743,3492,0,0,3492.000,2509.24
2187023352011,563686837350,770559243256,48,44809,3492,0,0,3492.000,2509.24
2187023352011,369203897466,1337803078791,165173,45475,3492,0,0,3492.000,2509.24
2187023352011,369203897466,427084509778,33,44493,3492,0,0,3492.000,2509.24
2187023352011,429944422767,1637399738901,268771,44726,3492,0,0,3492.000,2509.24
2187023352011,429944422767,181643526233,15,43951,3492,0,0,3492.000,2509.24
2187023352011,449840874454,499470470525,65637,81302,3492,0,0,3492.000,2509.24
2187023352011,449840874454,1439140290242,93,78828,3492,0,0,3492.000,2509.24
2191291057583,1591132809938,1731338592496,180467,43560,3543,0,0,3543.000,1884.03
2191291057583,1591132809938,1887374917819,24,43101,3543,0,0,3543.000,1884.03
2191291057583,548890909925,1165654350657,134903,43975,3543,0,0,3543.000,1884.03
2191291057583,548890909925,1402450188963,84,43161,3543,0,0,3543.000,1884.03
2191291057583,460731484241,18342898875,124343,43494,3543,0,0,3543.000,1884.03
2191291057583,460731484241,1616745089626,16,42934,3543,0,0,3543.000,1884.03
2191291057583,462800790711,249940416754,14447,44309,3543,0,0,3543.000,1884.03
2191291057583,462800790711,1044250046314,28,43536,3543,0,0,3543.000,1884.03
2191291057583,1377165364168,1219671855671,127261,43868,3543,0,0,3543.000,1884.03
2191291057583,1377165364168,884439054663,24,43184,3543,0,0,3543.000,1884.03
2191291057583,358424268004,1019835030463,88028,82677,3543,0,0,3543.000,1884.03
2191291057583,358424268004,1562834321303,25,80053,3543,0,0,3543.000,1884.03
2191291057583,965507487261,1061366235642,301276,44643,3543,0,0,3543.000,1884.03
2191291057583,965507487261,1780421566175,33,43701,3543,0,0,3543.000,1884.03
2191291057583,627323304856,1056126556220,834,44476,3543,0,0,3543.000,1884.03
2191291057583,627323304856,467360215755,38,44035,3543,0,0,3543.000,1884.03
2191291057583,1160786256491,113050501521,120063,44785,3543,0,0,3543.000,1884.03
2191291057583,1160786256491,863255611526,47,44351,3543,0,0,3543.000,1884.03
2191291057583,5704407059,418471650004,558887,44893,3543,0,0,3543.000,1884.03
2191291057583,5704407059,768144503023,17,47118,3543,0,0,3543.000,1884.03
2193319870783,304561159611,2192280346644,53146,83637,3543,0,0,3543.000,4343.12
2193319870783,304561159611,1488722263873,52,81886,3543,0,0,3543.000,4343.12
2193319870783,1441743077087,1559336591847,204921,43227,3543,0,0,3543.000,4343.12
2193319870783,1441743077087,1877256046613,45,42702,3543,0,0,3543.000,4343.12
2193319870783,2052076358539,489670625080,598135,45475,3543,0,0,3543.000,4343.12
2193319870783,2052076358539,1612367560235,28,44785,3543,0,0,3543.000,4343.12
2193319870783,714865332086,622856902131,220856,44602,3543,0,0,3543.000,4343.12
2193319870783,714865332086,356747603132,41,44559,3543,0,0,3543.000,4343.12
2193319870783,925264742107,198720024064,57080,44726,3543,0,0,3543.000,4343.12
2193319870783,925264742107,533183672536,31,44493,3543,0,0,3543.000,4343.12
2193319870783,840569605616,318691845307,683515,44243,3543,0,0,3543.000,4343.12
2193319870783,840569605616,204172004002,7,43934,3543,0,0,3543.000,4343.12
2193319870783,311645812137,1512602598028,589999,46160,3543,0,0,3543.000,4343.12
2193319870783,311645812137,645123248124,38,45143,3543,0,0,3543.000,4343.12
2193319870783,1515260812602,256352945834,386299,45310,3543,0,0,3543.000,4343.12
2193319870783,1515260812602,505844077669,4,44452,3543,0,0,3543.000,4343.12
2193319870783,1891329246353,1199901713229,709211,47493,3543,0,0,3543.000,4343.12
2193319870783,1891329246353,1628420030195,54,47076,3543,0,0,3543.000,4343.12
2193319870783,73678118203,348113341281,240749,83303,3543,0,0,3543.000,4343.12
2193319870783,73678118203,398316286754,104,82261,3543,0,0,3543.000,4343.12
2194084433459,2094686134960,1737327324427,33694,44810,3951,0,0,3951.000,1801.33
2194084433459,2094686134960,457855264066,49,43702,3951,0,0,3951.000,1801.33
2194084433459,466535590634,550251844829,8864,44244,3951,0,0,3951.000,1801.33
2194084433459,466535590634,899922970245,58,43434,3951,0,0,3951.000,1801.33
2194084433459,1661161663573,2050377118825,283981,44684,3951,0,0,3951.000,1801.33
2194084433459,1661161663573,2068332733976,23,44101,3951,0,0,3951.000,1801.33
2194084433459,1620544004763,4030624853,339070,44101,3951,0,0,3951.000,1801.33
2194084433459,1620544004763,379393225525,16,43826,3951,0,0,3951.000,1801.33
2194084433459,127118024171,571518683923,311115,45077,3951,0,0,3951.000,1801.33
2194084433459,127118024171,1170013474893,50,45100,3951,0,0,3951.000,1801.33
2194084433459,228658961330,143829085139,140647,87844,3951,0,0,3951.000,1801.33
2194084433459,228658961330,1849805409352,93,84303,3951,0,0,3951.000,1801.33
2194084433459,1599993409001,2060320299629,173955,46184,3951,0,0,3951.000,1801.33
2194084433459,1599993409001,1133822932033,33,45618,3951,0,0,3951.000,1801.33
2194084433459,329487347904,1390504481550,170146,46684,3951,0,0,3951.000,1801.33
2194084433459,329487347904,1400068580487,51,45244,3951,0,0,3951.000,1801.33
2194084433459,189866625359,360406591579,34771,46869,3951,0,0,3951.000,1801.33
2194084433459,189866625359,408632877749,30,46618,3951,0,0,3951.000,1801.33
2194084433459,1624266988148,2102838127464,25116,46226,3951,0,0,3951.000,1801.33
2194084433459,1624266988148,700596059228,33,45451,3951,0,0,3951.000,1801.33
2197172849587,1498403375610,1337756221547,186395,46017,3849,0,0,3849.000,2836.68
2197172849587,1498403375610,2123399720316,18,45410,3849,0,0,3849.000,2836.68
2197172849587,215382268696,759450927736,32676,44785,3849,0,0,3849.000,2836.68
2197172849587,215382268696,1954461710789,21,44434,3849,0,0,3849.000,2836.68
2197172849587,1209660566131,77578364090,87727,44767,3849,0,0,3849.000,2836.68
2197172849587,1209660566131,1802716481616,32,44868,3849,0,0,3849.000,2836.68
2197172849587,606021480102,1851510680846,389754,45809,3849,0,0,3849.000,2836.68
2197172849587,606021480102,1911431721650,9,45077,3849,0,0,3849.000,2836.68
2197172849587,2082162444610,1547983987372,271459,45685,3849,0,0,3849.000,2836.68
2197172849587,2082162444610,1440037616765,70,43868,3849,0,0,3849.000,2836.68
2197172849587,255736147972,1600569192577,293719,45993,3849,0,0,3849.000,2836.68
2197172849587,255736147972,284749961855,19,45351,3849,0,0,3849.000,2836.68
2197172849587,786715008568,862251483370,128406,45602,3849,0,0,3849.000,2836.68
2197172849587,786715008568,104982992243,16,44993,3849,0,0,3849.000,2836.68
2197172849587,1241824901050,398625299558,508062,45309,3849,0,0,3849.000,2836.68
2197172849587,1241824901050,1690554188225,35,45077,3849,0,0,3849.000,2836.68
2197172849587,112927621522,176700891465,252124,45475,3849,0,0,3849.000,2836.68
2197172849587,112927621522,1460865856804,58,45118,3849,0,0,3849.000,2836.68
2197172849587,524292875535,434140954635,237209,44785,3849,0,0,3849.000,2836.68
2197172849587,524292875535,441124478169,34,45018,3849,0,0,3849.000,2836.68
2197603518217,FAILED,FAILED,FAILED,FAILED,FAILED,FAILED,FAILED,FAILED,FAILED
2199026708579,1612643444906,1543503204045,117709,44308,3186,0,0,3186.000,3313.71
2199026708579,1612643444906,1820237477849,49,44286,3186,0,0,3186.000,3313.71
2199026708579,1895173483325,356326592420,60205,44351,3186,0,0,3186.000,3313.71
2199026708579,1895173483325,1586115879854,24,43661,3186,0,0,3186.000,3313.71
2199026708579,558426304018,1802652990044,516346,44600,3186,0,0,3186.000,3313.71
2199026708579,558426304018,1315267993156,2,44494,3186,0,0,3186.000,3313.71
2199026708579,773097339306,2018378598198,117358,44493,3186,0,0,3186.000,3313.71
2199026708579,773097339306,1729960997213,28,43560,3186,0,0,3186.000,3313.71
2199026708579,171858965466,2066601204316,541923,44993,3186,0,0,3186.000,3313.71
2199026708579,171858965466,1176157291694,32,43768,3186,0,0,3186.000,3313.71
2199026708579,812769021018,1940911813747,112645,43893,3186,0,0,3186.000,3313.71
2199026708579,812769021018,227721753705,26,43642,3186,0,0,3186.000,3313.71
2199026708579,1924665780546,2038983683238,23872,43910,3186,0,0,3186.000,3313.71
2199026708579,1924665780546,1029964346860,28,43434,3186,0,0,3186.000,3313.71
2199026708579,1448378403640,548135632151,367496,44119,3186,0,0,3186.000,3313.71
2199026708579,1448378403640,67067177567,21,43809,3186,0,0,3186.000,3313.71
2199026708579,599840498514,1080522833167,657001,44202,3186,0,0,3186.000,3313.71
2199026708579,599840498514,1482871239713,36,43851,3186,0,0,3186.000,3313.71
2199026708579,1391895114538,1630950312741,505785,44351,3186,0,0,3186.000,3313.71
2199026708579,1391895114538,522160426274,32,43368,3186,0,0,3186.000,3313.71
2203020096553,FAILED,FAILED,FAILED,FAILED,FAILED,FAILED,FAILED,FAILED,FAILED
2204135245189,2009061962354,1926325471681,539766,46618,3549,0,0,3549.000,2675.27
2204135245189,2009061962354,713546797926,45,45435,3543,0,0,3543.000,2675.27
2204135245189,294449112249,195417093876,144532,44285,3561,0,0,3561.000,2675.27
2204135245189,294449112249,646366280349,28,44184,3543,0,0,3543.000,2675.27
2204135245189,709050967205,558776989988,540842,47078,3537,0,0,3537.000,2675.27
2204135245189,709050967205,1359392325389,41,45934,3525,0,0,3525.000,2675.27
2204135245189,1426265557257,223686583866,182402,47868,3561,0,0,3561.000,2675.27
2204135245189,1426265557257,1157773629323,59,46268,3555,0,0,3555.000,2675.27
2204135245189,1898478232101,2174011956381,73272,47368,3561,0,0,3561.000,2675.27
2204135245189,1898478232101,868399123076,20,45643,3549,0,0,3549.000,2675.27
2204135245189,1947570961056,622171705242,263401,45726,3513,0,0,3513.000,2675.27
2204135245189,1947570961056,618441763347,18,44285,3537,0,0,3537.000,2675.27
2204135245189,681761179572,1043423324571,124145,46310,3561,0,0,3561.000,2675.27
2204135245189,681761179572,495452027401,29,45701,3537,0,0,3537.000,2675.27
2204135245189,52299471242,870024955494,65236,44577,3513,0,0,3513.000,2675.27
2204135245189,52299471242,1314618497221,65,43934,3537,0,0,3537.000,2675.27
2204135245189,1884167850068,1369208111251,130138,45493,3543,0,0,3543.000,2675.27
2204135245189,1884167850068,1044447155179,10,44393,3543,0,0,3543.000,2675.27
2204135245189,86908210895,1782047889654,45994,44202,3513,0,0,3513.000,2675.27
2204135245189,86908210895,304686398696,22,44393,3543,0,0,3543.000,2675.27
2205885455363,1215110684342,1079794236147,483739,43452,3339,0,0,3339.000,2038.70
2205885455363,1215110684342,1219143697769,27,43060,3339,0,0,3339.000,2038.70
2205885455363,907001114158,948835882097,232002,43517,3339,0,0,3339.000,2038.70
2205885455363,907001114158,1046044311299,37,43077,3339,0,0,3339.000,2038.70
2205885455363,1153432790154,1019342059207,91663,43369,3339,0,0,3339.000,2038.70
2205885455363,1153432790154,1072618132647,24,43059,3339,0,0,3339.000,2038.70
2205885455363,1287442915969,2055886932744,3053,43435,3339,0,0,3339.000,2038.70
2205885455363,1287442915969,86695350251,26,43201,3339,0,0,3339.000,2038.70
2205885455363,2111419041825,2161095364171,257324,45660,3339,0,0,3339.000,2038.70
2205885455363,2111419041825,1577443260283,29,45101,3339,0,0,3339.000,2038.70
2205885455363,14263389373,289362303418,99600,44559,3339,0,0,3339.000,2038.70
2205885455363,14263389373,1224276867289,38,43994,3339,0,0,3339.000,2038.70
2205885455363,1800013886893,1925674608475,146108,45243,3339,0,0,3339.000,2038.70
2205885455363,1800013886893,81450918482,41,44976,3339,0,0,3339.000,2038.70
2205885455363,671001918146,1147290978503,19392,44869,3339,0,0,3339.000,2038.70
2205885455363,671001918146,901903523499,26,44267,3339,0,0,3339.000,2038.70
2205885455363,736756481439,1273863954684,353952,44702,3339,0,0,3339.000,2038.70
2205885455363,736756481439,1110422384226,58,44476,3339,0,0,3339.000,2038.70
2205885455363,1237492898943,1751693163828,144409,44184,3339,0,0,3339.000,2038.70
2205885455363,1237492898943,637967505839,9,43785,3339,0,0,3339.000,2038.70
2210072613709,1345136371743,1312391236326,471124,46850,3684,0,0,3684.000,2351.59
2210072613709,1345136371743,1265892050923,33,46452,3726,0,0,3726.000,2351.59
2210072613709,1364943657588,1423695480386,79472,46035,3726,0,0,3726.000,2351.59
2210072613709,1364943657588,2183154518863,10,45393,3708,0,0,3708.000,2351.59
2210072613709,150214993892,1327334539864,68524,46578,3708,0,0,3708.000,2351.59
2210072613709,150214993892,914078606853,13,45725,3684,0,0,3684.000,2351.59
2210072613709,840910529478,311557409118,467805,45393,3684,0,0,3684.000,2351.59
2210072613709,840910529478,2009360730894,32,45077,3672,0,0,3672.000,2351.59
2210072613709,345401488444,1550357025156,166884,47743,3690,0,0,3690.000,2351.59
2210072613709,345401488444,594658266965,37,47268,3690,0,0,3690.000,2351.59
2210072613709,803267102145,1742014797441,269261,45893,3696,0,0,3696.000,2351.59
2210072613709,803267102145,1342678304805,42,44993,3696,0,0,3696.000,2351.59
2210072613709,995561749773,1371456807310,76006,46993,3684,0,0,3684.000,2351.59
2210072613709,995561749773,317748331018,34,45768,3690,0,0,3690.000,2351.59
2210072613709,1638658394775,1915042369833,195134,49810,3702,0,0,3702.000,2351.59
2210072613709,1638658394775,2184599865727,64,48868,3666,0,0,3666.000,2351.59
2210072613709,760882624742,381241500136,91774,46018,3672,0,0,3672.000,2351.59
2210072613709,760882624742,2137193079185,27,45577,3678,0,0,3678.000,2351.59
2210072613709,1764867186539,483192392217,51541,85785,3708,0,0,3708.000,2351.59
2210072613709,1764867186539,429108823806,58,92512,3690,0,0,3690.000,2351.59
2211223035107,875464082373,213427344817,124524,44434,3696,0,0,3696.000,5368.67
2211223035107,875464082373,355766303339,45,43826,3696,0,0,3696.000,5368.67
2211223035107,1246994781584,1903693507062,608392,45684,3696,0,0,3696.000,5368.67
2211223035107,1246994781584,732829644562,25,45285,3696,0,0,3696.000,5368.67
2211223035107,977193250829,1900158359617,1274171,45370,3696,0,0,3696.000,5368.67
2211223035107,977193250829,243155661969,72,45100,3696,0,0,3696.000,5368.67
2211223035107,1606586765766,1660708006883,236065,45326,3696,0,0,3696.000,5368.67
2211223035107,1606586765766,456323048859,63,44683,3696,0,0,3696.000,5368.67
2211223035107,464343135368,1432201691319,236340,45077,3696,0,0,3696.000,5368.67
2211223035107,464343135368,2097994179112,37,44768,3696,0,0,3696.000,5368.67
2211223035107,1700159239003,704761903327,360272,45493,3696,0,0,3696.000,5368.67
2211223035107,1700159239003,307141568326,16,44892,3696,0,0,3696.000,5368.67
2211223035107,908232971857,1628014710376,380410,45868,3696,0,0,3696.000,5368.67
2211223035107,908232971857,1450636988449,53,45392,3696,0,0,3696.000,5368.67
2211223035107,1010853805023,303192879289,734311,83512,3696,0,0,3696.000,5368.67
2211223035107,1010853805023,1998036997645,62,81868,3696,0,0,3696.000,5368.67
2211223035107,290945501223,1757369751169,37779,45451,3696,0,0,3696.000,5368.67
2211223035107,290945501223,270924320281,52,45100,3696,0,0,3696.000,5368.67
2211223035107,1560398823851,645417644003,463749,81887,3696,0,0,3696.000,5368.67
2211223035107,1560398823851,1829677108781,41,80119,3696,0,0,3696.000,5368.67
2211384509669,851024207279,1545769685389,191924,46451,3681,0,0,3681.000,2004.89
2211384509669,851024207279,1972090448676,29,45809,3645,0,0,3645.000,2004.89
2211384509669,1386410787229,169313529543,243276,46827,3657,0,0,3657.000,2004.89
2211384509669,1386410787229,1897183867160,10,46352,3663,0,0,3663.000,2004.89
2211384509669,462187322573,1260028562956,56,45726,3663,0,0,3663.000,2004.89
2211384509669,462187322573,66486655713,24,45785,3645,0,0,3645.000,2004.89
2211384509669,2159021323826,1209970687546,119694,46392,3663,0,0,3663.000,2004.89
2211384509669,2159021323826,1724534488643,49,46243,3651,0,0,3651.000,2004.89
2211384509669,969229420787,1817858120744,203310,45060,3627,0,0,3627.000,2004.89
2211384509669,969229420787,1845971989690,49,45744,3645,0,0,3645.000,2004.89
2211384509669,140169790945,1887574283697,53333,44410,3651,0,0,3651.000,2004.89
2211384509669,140169790945,2167036109573,15,44643,3663,0,0,3663.000,2004.89
2211384509669,1777129848625,2142091338759,89221,46017,3657,0,0,3657.000,2004.89
2211384509669,1777129848625,1855051465132,42,46078,3663,0,0,3663.000,2004.89
2211384509669,2110597040332,193416316902,23892,45285,3633,0,0,3633.000,2004.89
2211384509669,2110597040332,807117235633,42,44935,3633,0,0,3633.000,2004.89
2211384509669,1417341741594,206501586189,44741,45869,3645,0,0,3645.000,2004.89
2211384509669,1417341741594,981954521372,22,45559,3627,0,0,3627.000,2004.89
2211384509669,277132429082,253019103482,673449,45826,3645,0,0,3645.000,2004.89
2211384509669,277132429082,2086005118245,39,45143,3621,0,0,3621.000,2004.89
2216883487513,FAILED,FAILED,FAILED,FAILED,FAILED,FAILED,FAILED,FAILED,FAILED
2225108619359,607381750058,1468051272336,419215,44475,3390,0,0,3390.000,4707.06
2225108619359,607381750058,1771777832735,11,43911,3390,0,0,3390.000,4707.06
2225108619359,2060143735243,498986866659,449186,45560,3390,0,0,3390.000,4707.06
2225108619359,2060143735243,1345845865413,38,44326,3390,0,0,3390.000,4707.06
2225108619359,1420128846746,2117561285643,599567,45411,3390,0,0,3390.000,4707.06
2225108619359,1420128846746,1381505993104,6,44726,3390,0,0,3390.000,4707.06
2225108619359,1575580323285,1215931343790,230117,44494,3390,0,0,3390.000,4707.06
2225108619359,1575580323285,1753892046220,15,44100,3390,0,0,3390.000,4707.06
2225108619359,2063336750684,206547841022,43779,44910,3390,0,0,3390.000,4707.06
2225108619359,2063336750684,2057353154695,23,44600,3390,0,0,3390.000,4707.06
2225108619359,558706794942,1366828434008,815667,80286,3390,0,0,3390.000,4707.06
2225108619359,558706794942,1507753716482,49,77844,3390,0,0,3390.000,4707.06
2225108619359,1889018022904,2112371515258,308629,79535,3390,0,0,3390.000,4707.06
2225108619359,1889018022904,309963002356,87,77803,3390,0,0,3390.000,4707.06
2225108619359,2085262694306,908845478220,764482,44684,3390,0,0,3390.000,4707.06
2225108619359,2085262694306,1421994338746,37,43994,3390,0,0,3390.000,4707.06
2225108619359,1658096165932,2174861682339,17329,45392,3390,0,0,3390.000,4707.06
2225108619359,1658096165932,1995848014776,16,44119,3390,0,0,3390.000,4707.06
2225108619359,258678365441,422369911237,327144,45393,3390,0,0,3390.000,4707.06
2225108619359,258678365441,367909637782,30,44410,3390,0,0,3390.000,4707.06
2227450824877,1150009126463,919565816487,512317,46994,3702,0,0,3702.000,3094.06
2227450824877,1150009126463,194355070332,54,46435,3690,0,0,3690.000,3094.06
2227450824877,1320037579151,632763295742,126557,46451,3708,0,0,3708.000,3094.06
2227450824877,1320037579151,1204341568572,27,45934,3714,0,0,3714.000,3094.06
2227450824877,436250276880,410680121544,80227,45851,3696,0,0,3696.000,3094.06
2227450824877,436250276880,856658219211,17,45118,3702,0,0,3702.000,3094.06
2227450824877,97656154584,1941526546943,284499,45369,3708,0,0,3708.000,3094.06
2227450824877,97656154584,1516006017581,56,44727,3708,0,0,3708.000,3094.06
2227450824877,2026552340656,775183077070,326812,46285,3660,0,0,3660.000,3094.06
2227450824877,2026552340656,1310767399279,42,46143,3690,0,0,3690.000,3094.06
2227450824877,977266001630,1218674151428,218343,46118,3690,0,0,3690.000,3094.06
2227450824877,977266001630,112933891321,75,45308,3696,0,0,3696.000,3094.06
2227450824877,1658745967404,1623560744060,2362,45393,3684,0,0,3684.000,3094.06
2227450824877,1658745967404,1744345459205,55,46160,3696,0,0,3696.000,3094.06
2227450824877,1472251982839,1987757989740,67499,46142,3690,0,0,3690.000,3094.06
2227450824877,1472251982839,1007246669665,24,45744,3678,0,0,3678.000,3094.06
2227450824877,1360219263521,572380487265,622323,46202,3696,0,0,3696.000,3094.06
2227450824877,1360219263521,1777907472651,40,46536,3672,0,0,3672.000,3094.06
2227450824877,183205109239,1782597955687,276235,45827,3690,0,0,3690.000,3094.06
2227450824877,183205109239,157771432268,42,45768,3684,0,0,3684.000,3094.06
2232069753509,1081096423876,582129481563,67958,44993,3798,0,0,3798.000,3315.03
2232069753509,1081096423876,2147494155081,35,45058,3786,0,0,3786.000,3315.03
2232069753509,1954347405019,1854107520127,589543,46100,3798,0,0,3798.000,3315.03
2232069753509,1954347405019,1102473294073,37,45576,3816,0,0,3816.000,3315.03
2232069753509,766490502773,1415857801373,161016,45352,3810,0,0,3810.000,3315.03
2232069753509,766490502773,318905395195,38,44827,3804,0,0,3804.000,3315.03
2232069753509,2183918882493,2119133609116,360183,45201,3780,0,0,3780.000,3315.03
2232069753509,2183918882493,459993996883,32,45435,3810,0,0,3810.000,3315.03
2232069753509,1888820801356,1416529733025,17662,45494,3816,0,0,3816.000,3315.03
2232069753509,1888820801356,729904529875,39,45143,3804,0,0,3804.000,3315.03
2232069753509,1214806905011,1770221835087,171220,45577,3810,0,0,3810.000,3315.03
2232069753509,1214806905011,1236255001225,8,45225,3816,0,0,3816.000,3315.03
2232069753509,112926829629,1991296512862,485291,46935,3822,0,0,3822.000,3315.03
2232069753509,112926829629,1239251912235,8,46702,3828,0,0,3828.000,3315.03
2232069753509,1858615864317,568494519233,274517,47827,3810,0,0,3810.000,3315.03
2232069753509,1858615864317,1938329979017,15,46726,3810,0,0,3810.000,3315.03
2232069753509,807084203374,874491562983,132918,83262,3798,0,0,3798.000,3315.03
2232069753509,807084203374,1305122116679,121,83178,3822,0,0,3822.000,3315.03
2232069753509,914154071201,563486511408,314732,47977,3816,0,0,3816.000,3315.03
2232069753509,914154071201,1678861791476,24,46994,3804,0,0,3804.000,3315.03
2232488006939,1392000268868,559636769863,222701,44143,3696,0,0,3696.000,1881.10
2232488006939,1392000268868,2091518544908,38,43452,3696,0,0,3696.000,1881.10
2232488006939,2128332912686,426644347417,83531,44725,3696,0,0,3696.000,1881.10
2232488006939,2128332912686,615461460723,7,43951,3696,0,0,3696.000,1881.10
2232488006939,527729573355,754336347382,7370,83053,3696,0,0,3696.000,1881.10
2232488006939,527729573355,40297966922,44,80243,3696,0,0,3696.000,1881.10
2232488006939,1236565003928,1601493660523,2941,43851,3696,0,0,3696.000,1881.10
2232488006939,1236565003928,1535578331506,26,43392,3696,0,0,3696.000,1881.10
2232488006939,1263135670241,338928458436,8541,43268,3696,0,0,3696.000,1881.10
2232488006939,1263135670241,1811452244598,10,43493,3696,0,0,3696.000,1881.10
2232488006939,621491704104,1151310700266,50017,45202,3696,0,0,3696.000,1881.10
2232488006939,621491704104,1520046718120,30,44058,3696,0,0,3696.000,1881.10
2232488006939,1764373061327,1533112615297,504277,45350,3696,0,0,3696.000,1881.10
2232488006939,1764373061327,2075255823784,57,44577,3696,0,0,3696.000,1881.10
2232488006939,2032302341816,1152393675083,48546,45976,3696,0,0,3696.000,1881.10
2232488006939,2032302341816,1779881695020,43,45493,3696,0,0,3696.000,1881.10
2232488006939,2025114603378,1863830297610,442873,46226,3696,0,0,3696.000,1881.10
2232488006939,2025114603378,1834201417030,35,45160,3696,0,0,3696.000,1881.10
2232488006939,1219809327522,239686507079,136379,83868,3696,0,0,3696.000,1881.10
2232488006939,1219809327522,1988617153726,25,82094,3696,0,0,3696.000,1881.10
2239122155471,2067202047809,702619741240,540177,81094,3543,0,0,3543.000,2412.53
2239122155471,2067202047809,504793096660,116,79743,3543,0,0,3543.000,2412.53
2239122155471,801685936820,33747531291,200677,44517,3543,0,0,3543.000,2412.53
2239122155471,801685936820,1573269009468,45,43327,3543,0,0,3543.000,2412.53
2239122155471,318447712408,1336375932546,114662,44493,3543,0,0,3543.000,2412.53
2239122155471,318447712408,180280358781,17,43310,3543,0,0,3543.000,2412.53
2239122155471,481671728296,2167455683024,87087,43976,3543,0,0,3543.000,2412.53
2239122155471,481671728296,1522291960977,15,43868,3543,0,0,3543.000,2412.53
2239122155471,1392447008285,566131208851,20949,43076,3543,0,0,3543.000,2412.53
2239122155471,1392447008285,2089442573998,28,43268,3543,0,0,3543.000,2412.53
2239122155471,1701432630691,685437259549,283644,44309,3543,0,0,3543.000,2412.53
2239122155471,1701432630691,9648809865,39,43870,3543,0,0,3543.000,2412.53
2239122155471,30688573720,556490125742,299080,45202,3543,0,0,3543.000,2412.53
2239122155471,30688573720,1681670398638,30,44726,3543,0,0,3543.000,2412.53
2239122155471,425131210585,1092593847304,244179,45285,3543,0,0,3543.000,2412.53
2239122155471,425131210585,1073020156295,46,44809,3543,0,0,3543.000,2412.53
2239122155471,212122666289,1699569325961,256256,44600,3543,0,0,3543.000,2412.53
2239122155471,212122666289,643505830037,29,44035,3543,0,0,3543.000,2412.53
2239122155471,920173486982,643024570887,34103,44393,3543,0,0,3543.000,2412.53
2239122155471,920173486982,66659558991,14,44160,3543,0,0,3543.000,2412.53
2244071277757,479958256538,181781218351,295907,46327,3576,0,0,3576.000,6575.55
2244071277757,479958256538,2202771165262,61,45935,3570,0,0,3570.000,6575.55
2244071277757,777517477129,1270745450344,310073,45452,3630,0,0,3630.000,6575.55
2244071277757,777517477129,2165704496175,63,45392,3606,0,0,3606.000,6575.55
2244071277757,1790160988138,2196893303477,554163,45660,3600,0,0,3600.000,6575.55
2244071277757,1790160988138,826207434340,35,45185,3600,0,0,3600.000,6575.55
2244071277757,2071013211945,745282399007,530338,46243,3606,0,0,3606.000,6575.55
2244071277757,2071013211945,1286822180736,32,45310,3606,0,0,3606.000,6575.55
2244071277757,1815941151674,1662261509086,360003,82387,3588,0,0,3588.000,6575.55
2244071277757,1815941151674,599947081374,81,81262,3594,0,0,3594.000,6575.55
2244071277757,1602728951673,2046459000200,304392,46285,3576,0,0,3576.000,6575.55
2244071277757,1602728951673,292558599002,17,45976,3582,0,0,3582.000,6575.55
2244071277757,868690460083,2194321389697,472733,46725,3600,0,0,3600.000,6575.55
2244071277757,868690460083,246344813393,81,45744,3588,0,0,3588.000,6575.55
2244071277757,438807854661,1199794030254,646927,46851,3564,0,0,3564.000,6575.55
2244071277757,438807854661,1778969735709,29,46453,3618,0,0,3618.000,6575.55
2244071277757,1456494043892,434492068332,836685,46160,3582,0,0,3582.000,6575.55
2244071277757,1456494043892,356261336391,15,45142,3558,0,0,3558.000,6575.55
2244071277757,337641785958,428011075445,1124946,46768,3564,0,0,3564.000,6575.55
2244071277757,337641785958,743846777344,70,46744,3618,0,0,3618.000,6575.55
2245100393387,667674557137,1861480333452,1126801,45851,3696,0,0,3696.000,4897.07
2245100393387,667674557137,1279857004149,39,44952,3696,0,0,3696.000,4897.07
2245100393387,265011544750,1894350224851,456740,46392,3696,0,0,3696.000,4897.07
2245100393387,265011544750,1800981684048,71,45203,3696,0,0,3696.000,4897.07
2245100393387,1531982456056,289956961229,19113,82220,3696,0,0,3696.000,4897.07
2245100393387,1531982456056,1617038772412,78,81244,3696,0,0,3696.000,4897.07
2245100393387,1038263250802,1908469976781,302547,48226,3696,0,0,3696.000,4897.07
2245100393387,1038263250802,702917628110,35,47910,3696,0,0,3696.000,4897.07
2245100393387,2204991923963,53879359181,998,48744,3696,0,0,3696.000,4897.07
2245100393387,2204991923963,1505776726237,21,48060,3696,0,0,3696.000,4897.07
2245100393387,2009472226136,1657361219519,688133,46161,3696,0,0,3696.000,4897.07
2245100393387,2009472226136,1343183419765,56,44892,3696,0,0,3696.000,4897.07
2245100393387,2037533821715,560409770690,38789,45434,3696,0,0,3696.000,4897.07
2245100393387,2037533821715,679547433609,27,45035,3696,0,0,3696.000,4897.07
2245100393387,1336184943799,2118955307889,802255,46160,3696,0,0,3696.000,4897.07
2245100393387,1336184943799,2105890290169,27,45226,3696,0,0,3696.000,4897.07
2245100393387,369943039470,343498931770,586288,46619,3696,0,0,3696.000,4897.07
2245100393387,369943039470,1164183746773,20,45393,3696,0,0,3696.000,4897.07
2245100393387,241199060213,420946893828,98508,45201,3696,0,0,3696.000,4897.07
2245100393387,241199060213,285385494661,22,44643,3696,0,0,3696.000,4897.07
2256772489681,FAILED,FAILED,FAILED,FAILED,FAILED,FAILED,FAILED,FAILED,FAILED
2273747067797,2122651611220,1370244496567,16662,45809,3798,0,0,3798.000,8260.58
2273747067797,2122651611220,772160860859,32,46576,3804,0,0,3804.000,8260.58
2273747067797,991956540106,1087665737356,41973,45701,3804,0,0,3804.000,8260.58
2273747067797,991956540106,351663152371,28,45434,3792,0,0,3792.000,8260.58
2273747067797,362042772987,1786616897444,851164,46685,3804,0,0,3804.000,8260.58
2273747067797,362042772987,777174498534,12,46244,3816,0,0,3816.000,8260.58
2273747067797,573743585301,483086545810,476463,48660,3774,0,0,3774.000,8260.58
2273747067797,573743585301,839817687501,35,45892,3828,0,0,3828.000,8260.58
2273747067797,1402696894263,1990954166772,455191,47477,3792,0,0,3792.000,8260.58
2273747067797,1402696894263,1711751933046,31,46410,3804,0,0,3804.000,8260.58
2273747067797,620163079172,1245645377760,800569,46767,3786,0,0,3786.000,8260.58
2273747067797,620163079172,2118519605999,40,46202,3774,0,0,3774.000,8260.58
2273747067797,1884065133725,273138226108,368267,46726,3804,0,0,3804.000,8260.58
2273747067797,1884065133725,1571857410251,30,45993,3804,0,0,3804.000,8260.58
2273747067797,1325119356876,1303934464382,903380,46368,3786,0,0,3786.000,8260.58
2273747067797,1325119356876,866354035290,24,45643,3774,0,0,3774.000,8260.58
2273747067797,983993779669,519497654402,2141597,47018,3792,0,0,3792.000,8260.58
2273747067797,983993779669,902530233683,13,46826,3816,0,0,3816.000,8260.58
2273747067797,1368958942817,1162872933432,281388,46327,3780,0,0,3780.000,8260.58
2273747067797,1368958942817,203169820003,40,46518,3810,0,0,3810.000,8260.58
2274673277861,511195333279,281154712178,40156,46369,3882,0,0,3882.000,2875.24
2274673277861,511195333279,1911062729542,36,45476,3888,0,0,3888.000,2875.24
2274673277861,495324465406,2205866800455,25656,46202,3906,0,0,3906.000,2875.24
2274673277861,495324465406,1356138691234,49,46226,3906,0,0,3906.000,2875.24
2274673277861,2225772311367,185631496980,676114,87303,3900,0,0,3900.000,2875.24
2274673277861,2225772311367,957115495460,50,84886,3900,0,0,3900.000,2875.24
2274673277861,2195548511142,1960819623698,538513,45702,3900,0,0,3900.000,2875.24
2274673277861,2195548511142,2113151174780,27,46225,3948,0,0,3948.000,2875.24
2274673277861,339604016987,1564197214300,100279,46993,3942,0,0,3942.000,2875.24
2274673277861,339604016987,1335243591872,36,46142,3876,0,0,3876.000,2875.24
2274673277861,1195017027528,541098612645,214977,46977,3930,0,0,3930.000,2875.24
2274673277861,1195017027528,1965238250379,52,46285,3894,0,0,3894.000,2875.24
2274673277861,1702140828405,1614443482219,29277,45809,3870,0,0,3870.000,2875.24
2274673277861,1702140828405,1148083805049,49,46619,3870,0,0,3870.000,2875.24
2274673277861,350190273485,643751681333,250214,46536,3906,0,0,3906.000,2875.24
2274673277861,350190273485,1726520970252,19,45725,3912,0,0,3912.000,2875.24
2274673277861,2198665605708,263754119215,89568,47809,3906,0,0,3906.000,2875.24
2274673277861,2198665605708,1672737824147,22,47118,3894,0,0,3894.000,2875.24
2274673277861,650008597841,1637792279046,305664,46493,3876,0,0,3876.000,2875.24
2274673277861,650008597841,132139365167,51,45684,3882,0,0,3882.000,2875.24
2277711828991,1612593464431,538455897260,428660,45077,3288,0,0,3288.000,3167.63
2277711828991,1612593464431,619176428821,31,44476,3288,0,0,3288.000,3167.63
2277711828991,1318913420529,872486631274,348774,44559,3288,0,0,3288.000,3167.63
2277711828991,1318913420529,1394513282761,61,43826,3288,0,0,3288.000,3167.63
2277711828991,1563837236215,1887590298149,469030,44809,3288,0,0,3288.000,3167.63
2277711828991,1563837236215,505961655994,54,44285,3288,0,0,3288.000,3167.63
2277711828991,1355670880157,941905773456,115249,44993,3288,0,0,3288.000,3167.63
2277711828991,1355670880157,1947963435835,20,47143,3288,0,0,3288.000,3167.63
2277711828991,65112003955,1876524893870,428647,44618,3288,0,0,3288.000,3167.63
2277711828991,65112003955,1388999240196,57,43851,3288,0,0,3288.000,3167.63
2277711828991,1227714526798,990687653070,193019,46975,3288,0,0,3288.000,3167.63
2277711828991,1227714526798,980277883978,12,46369,3288,0,0,3288.000,3167.63
2277711828991,309311513880,1971151320771,47472,45368,3288,0,0,3288.000,3167.63
2277711828991,309311513880,1500712848944,31,44393,3288,0,0,3288.000,3167.63
2277711828991,11774791975,1469202391817,233930,44535,3288,0,0,3288.000,3167.63
2277711828991,11774791975,991692124052,13,43476,3288,0,0,3288.000,3167.63
2277711828991,353066579314,1025342333177,171990,44435,3288,0,0,3288.000,3167.63
2277711828991,353066579314,2171513454401,41,43785,3288,0,0,3288.000,3167.63
2277711828991,469570640777,440871701601,242201,44577,3288,0,0,3288.000,3167.63
2277711828991,469570640777,1910769601146,29,44268,3288,0,0,3288.000,3167.63
2278180977713,FAILED,FAILED,FAILED,FAILED,FAILED,FAILED,FAILED,FAILED,FAILED
2279583132679,143127372100,1631395489862,302168,43535,3492,0,0,3492.000,3580.24
2279583132679,143127372100,276092330682,44,43476,3492,0,0,3492.000,3580.24
2279583132679,791822394734,387170897924,385262,44392,3492,0,0,3492.000,3580.24
2279583132679,791822394734,838289603472,26,42934,3492,0,0,3492.000,3580.24
2279583132679,1902289150250,101825348013,658241,44225,3492,0,0,3492.000,3580.24
2279583132679,1902289150250,2236398209258,41,43826,3492,0,0,3492.000,3580.24
2279583132679,824078170190,642324557181,35916,80803,3492,0,0,3492.000,3580.24
2279583132679,824078170190,754391068892,37,78635,3492,0,0,3492.000,3580.24
2279583132679,230557494198,992952390188,348459,81136,3492,0,0,3492.000,3580.24
2279583132679,230557494198,1389723323813,77,79993,3492,0,0,3492.000,3580.24
2279583132679,1910887511151,62847703225,11934,44518,3492,0,0,3492.000,3580.24
2279583132679,1910887511151,938477219902,33,43368,3492,0,0,3492.000,3580.24
2279583132679,516250704854,2216928526993,254364,45326,3492,0,0,3492.000,3580.24
2279583132679,516250704854,1769706904962,50,44184,3492,0,0,3492.000,3580.24
2279583132679,1433965872876,1737613305905,632702,44560,3492,0,0,3492.000,3580.24
2279583132679,1433965872876,2264206714845,6,44226,3492,0,0,3492.000,3580.24
2279583132679,827583946638,768714254408,377679,45309,3492,0,0,3492.000,3580.24
2279583132679,827583946638,1246496347940,12,44785,3492,0,0,3492.000,3580.24
2279583132679,696012144544,406066625802,117386,44826,3492,0,0,3492.000,3580.24
2279583132679,696012144544,1136034508249,59,44893,3492,0,0,3492.000,3580.24
2279770195067,2136184907057,33145176849,157846,43683,3594,0,0,3594.000,1567.10
2279770195067,2136184907057,1381140495309,8,54826,3594,0,0,3594.000,1567.10
2279770195067,466924519438,1984326792469,45564,43477,3594,0,0,3594.000,1567.10
2279770195067,466924519438,1271112901168,39,43268,3594,0,0,3594.000,1567.10
2279770195067,910988450675,342792775739,27764,44435,3594,0,0,3594.000,1567.10
2279770195067,910988450675,1433731166446,41,43993,3594,0,0,3594.000,1567.10
2279770195067,1135606099224,672524769769,16430,43035,3594,0,0,3594.000,1567.10
2279770195067,1135606099224,1841964467828,38,42976,3594,0,0,3594.000,1567.10
2279770195067,1837700821947,2078947442503,176437,43910,3594,0,0,3594.000,1567.10
2279770195067,1837700821947,380877218394,37,43393,3594,0,0,3594.000,1567.10
2279770195067,1021329096598,1168038375907,48226,43851,3594,0,0,3594.000,1567.10
2279770195067,1021329096598,1971606836553,33,43869,3594,0,0,3594.000,1567.10
2279770195067,142244577477,1840248087785,71096,44267,3594,0,0,3594.000,1567.10
2279770195067,142244577477,226517491035,45,43536,3594,0,0,3594.000,1567.10
2279770195067,702463706248,594770071505,4576,43976,3594,0,0,3594.000,1567.10
2279770195067,702463706248,1630224955633,24,44285,3594,0,0,3594.000,1567.10
2279770195067,1354393937441,1759819727716,267562,43933,3594,0,0,3594.000,1567.10
2279770195067,1354393937441,1736252626319,67,43452,3594,0,0,3594.000,1567.10
2279770195067,1949178295942,1007328288748,537776,45143,3594,0,0,3594.000,1567.10
2279770195067,1949178295942,1759591644555,45,44118,3594,0,0,3594.000,1567.10
2281855723813,2168237644205,41591413882,143625,44726,3627,0,0,3627.000,3627.33
2281855723813,2168237644205,1331751621937,27,44368,3615,0,0,3615.000,3627.33
2281855723813,924965636465,460807316816,655092,46869,3633,0,0,3633.000,3627.33
2281855723813,924965636465,83395875360,24,46393,3621,0,0,3621.000,3627.33
2281855723813,1034998311560,803842736811,86703,48494,3639,0,0,3639.000,3627.33
2281855723813,1034998311560,374833014858,19,47810,3639,0,0,3639.000,3627.33
2281855723813,1459716736461,2141219532392,142745,46285,3633,0,0,3633.000,3627.33
2281855723813,1459716736461,1867877289985,64,45851,3651,0,0,3651.000,3627.33
2281855723813,935205849906,278172889420,65711,46785,3621,0,0,3621.000,3627.33
2281855723813,935205849906,454044043339,39,46018,3675,0,0,3675.000,3627.33
2281855723813,1365155267735,494665083789,247619,82845,3639,0,0,3639.000,3627.33
2281855723813,1365155267735,1806802502394,51,80494,3633,0,0,3633.000,3627.33
2281855723813,903121556301,615985616176,492939,46059,3651,0,0,3651.000,3627.33
2281855723813,903121556301,807374497109,25,45744,3651,0,0,3651.000,3627.33
2281855723813,1078287250235,419933353073,694868,46184,3633,0,0,3633.000,3627.33
2281855723813,1078287250235,1231449400008,39,45976,3627,0,0,3627.000,3627.33
2281855723813,643088241727,561335735170,153253,48368,3651,0,0,3651.000,3627.33
2281855723813,643088241727,734391124092,33,47118,3633,0,0,3633.000,3627.33
2281855723813,1559700009590,569424819354,416662,46493,3639,0,0,3639.000,3627.33
2281855723813,1559700009590,1724849701303,50,45976,3669,0,0,3669.000,3627.33
2296443905051,175044632296,755394914611,272037,45577,3645,0,0,3645.000,3033.31
2296443905051,175044632296,934649745552,29,44851,3645,0,0,3645.000,3033.31
2296443905051,248640667471,534182409700,216229,46453,3645,0,0,3645.000,3033.31
2296443905051,248640667471,2117417672277,52,44975,3645,0,0,3645.000,3033.31
2296443905051,1819060352275,481391546915,36724,48701,3645,0,0,3645.000,3033.31
2296443905051,1819060352275,1837791735485,45,46642,3645,0,0,3645.000,3033.31
2296443905051,1911931607854,628083134191,1143305,45725,3645,0,0,3645.000,3033.31
2296443905051,1911931607854,2165369924809,59,44951,3645,0,0,3645.000,3033.31
2296443905051,643180947562,116628712070,216346,83136,3645,0,0,3645.000,3033.31
2296443905051,643180947562,2265301429384,63,80326,3645,0,0,3645.000,3033.31
2296443905051,1201714787790,1879949826170,81407,45018,3645,0,0,3645.000,3033.31
2296443905051,1201714787790,398344601382,31,44285,3645,0,0,3645.000,3033.31
2296443905051,1337060739600,862557988551,151153,46726,3645,0,0,3645.000,3033.31
2296443905051,1337060739600,1730487878779,54,45326,3645,0,0,3645.000,3033.31
2296443905051,593919888394,780589267574,96436,46701,3645,0,0,3645.000,3033.31
2296443905051,593919888394,534279330021,43,45726,3645,0,0,3645.000,3033.31
2296443905051,1078980815512,914902705500,327819,47018,3645,0,0,3645.000,3033.31
2296443905051,1078980815512,1862834938828,25,45743,3645,0,0,3645.000,3033.31
2296443905051,449187952705,1178826403757,17964,45309,3645,0,0,3645.000,3033.31
2296443905051,449187952705,1372444593474,59,44660,3645,0,0,3645.000,3033.31
2299799087149,16942441264,650794592140,726047,45685,3780,0,0,3780.000,5564.37
2299799087149,16942441264,547091660481,48,45368,3798,0,0,3798.000,5564.37
2299799087149,274221970744,2182539861985,282028,46810,3774,0,0,3774.000,5564.37
2299799087149,274221970744,2014913024392,18,47077,3828,0,0,3828.000,5564.37
2299799087149,14508466595,196228362807,267955,86428,3804,0,0,3804.000,5564.37
2299799087149,14508466595,218360789157,61,83844,3786,0,0,3786.000,5564.37
2299799087149,446221241055,441833951586,200809,46743,3798,0,0,3798.000,5564.37
2299799087149,446221241055,1760373562682,15,46185,3798,0,0,3798.000,5564.37
2299799087149,1164235952407,572708849225,484358,84077,3786,0,0,3786.000,5564.37
2299799087149,1164235952407,1009141137464,76,82952,3786,0,0,3786.000,5564.37
2299799087149,1680909421194,862862255925,1060253,49559,3822,0,0,3822.000,5564.37
2299799087149,1680909421194,2047227509492,38,46452,3798,0,0,3798.000,5564.37
2299799087149,2208088576595,1933186555650,902505,46910,3780,0,0,3780.000,5564.37
2299799087149,2208088576595,1365288713238,30,45851,3810,0,0,3810.000,5564.37
2299799087149,589434730735,719112930404,487012,46910,3810,0,0,3810.000,5564.37
2299799087149,589434730735,716057119584,59,46642,3786,0,0,3786.000,5564.37
2299799087149,959044367447,573896215584,54709,45893,3756,0,0,3756.000,5564.37
2299799087149,959044367447,433683960424,41,45660,3798,0,0,3798.000,5564.37
2299799087149,789742160539,971531534502,37342,46701,3756,0,0,3756.000,5564.37
2299799087149,789742160539,997392076395,36,46476,3786,0,0,3786.000,5564.37
2303341028579,2076145750306,1386864801272,107454,44101,3594,0,0,3594.000,2517.88
2303341028579,2076145750306,2207403693849,30,43600,3594,0,0,3594.000,2517.88
2303341028579,1955167423464,916023331693,356614,45993,3594,0,0,3594.000,2517.88
2303341028579,1955167423464,276511373815,57,45143,3594,0,0,3594.000,2517.88
2303341028579,2222319755530,859570366885,261871,45202,3594,0,0,3594.000,2517.88
2303341028579,2222319755530,2171903899297,62,44352,3594,0,0,3594.000,2517.88
2303341028579,2234281395529,1806127351775,14288,45744,3594,0,0,3594.000,2517.88
2303341028579,2234281395529,909401194999,49,45768,3594,0,0,3594.000,2517.88
2303341028579,426970523668,1178803544537,187565,44684,3594,0,0,3594.000,2517.88
2303341028579,426970523668,1260408640082,19,45036,3594,0,0,3594.000,2517.88
2303341028579,292281983842,1931902561580,81119,46576,3594,0,0,3594.000,2517.88
2303341028579,292281983842,808669072362,30,46267,3594,0,0,3594.000,2517.88
2303341028579,1191912408618,1969222188840,23260,45018,3594,0,0,3594.000,2517.88
2303341028579,1191912408618,1952960340090,25,44808,3594,0,0,3594.000,2517.88
2303341028579,198403235847,267118154021,300855,46910,3594,0,0,3594.000,2517.88
2303341028579,198403235847,432875025072,50,45536,3594,0,0,3594.000,2517.88
2303341028579,896755504628,2058129242604,47309,45785,3594,0,0,3594.000,2517.88
2303341028579,896755504628,1847180014230,48,45309,3594,0,0,3594.000,2517.88
2303341028579,1895435619002,1395822587299,697940,44702,3594,0,0,3594.000,2517.88
2303341028579,1895435619002,463892423080,33,44517,3594,0,0,3594.000,2517.88
2310308718791,2157528042027,2262650596474,9499,44975,3543,0,0,3543.000,1598.62
2310308718791,2157528042027,1252335260701,45,44660,3543,0,0,3543.000,1598.62
2310308718791,23243806937,1346003698538,218183,45517,3543,0,0,3543.000,1598.62
2310308718791,23243806937,744741840639,46,44993,3543,0,0,3543.000,1598.62
2310308718791,1346898684945,881761533706,25123,45768,3543,0,0,3543.000,1598.62
2310308718791,1346898684945,1608991364706,36,45160,3543,0,0,3543.000,1598.62
2310308718791,1865255970510,2001079377558,74489,45535,3543,0,0,3543.000,1598.62
2310308718791,1865255970510,1300868531473,35,44685,3543,0,0,3543.000,1598.62
2310308718791,1827636953712,2046516120099,87817,44893,3543,0,0,3543.000,1598.62
2310308718791,1827636953712,306269886408,48,44118,3543,0,0,3543.000,1598.62
2310308718791,1051865044029,2074546265609,370469,44869,3543,0,0,3543.000,1598.62
2310308718791,1051865044029,2269999831465,41,44768,3543,0,0,3543.000,1598.62
2310308718791,442450919056,1708278366514,24714,44785,3543,0,0,3543.000,1598.62
2310308718791,442450919056,1382832079166,62,44976,3543,0,0,3543.000,1598.62
2310308718791,576732122296,1355971067428,299586,80760,3543,0,0,3543.000,1598.62
2310308718791,576732122296,1566378363119,45,78369,3543,0,0,3543.000,1598.62
2310308718791,153163636068,1876245394764,238870,81953,3543,0,0,3543.000,1598.62
2310308718791,153163636068,1049514158304,90,80677,3543,0,0,3543.000,1598.62
2310308718791,1455509745060,1066465830659,32549,46910,3543,0,0,3543.000,1598.62
2310308718791,1455509745060,2205910716723,38,46142,3543,0,0,3543.000,1598.62
2312487170869,975539125455,1949237833845,712607,46535,3984,0,0,3984.000,4008.48
2312487170869,975539125455,489626406253,6,46476,4002,0,0,4002.000,4008.48
2312487170869,1702933754973,1594594126350,244295,47808,4038,0,0,4038.000,4008.48
2312487170869,1702933754973,865947235855,40,46785,3984,0,0,3984.000,4008.48
2312487170869,167188554003,2176882054204,220614,47185,4014,0,0,4014.000,4008.48
2312487170869,167188554003,1567175776473,31,46494,3996,0,0,3996.000,4008.48
2312487170869,1468077325953,1441721009329,436066,46977,4032,0,0,4032.000,4008.48
2312487170869,1468077325953,106737300253,17,46993,3990,0,0,3990.000,4008.48
2312487170869,1685815675468,562885545803,209,47327,3984,0,0,3984.000,4008.48
2312487170869,1685815675468,1004719383697,25,46851,3954,0,0,3954.000,4008.48
2312487170869,2149258825148,585617049915,11981,46619,3996,0,0,3996.000,4008.48
2312487170869,2149258825148,2200534370407,25,46143,4014,0,0,4014.000,4008.48
2312487170869,140110192436,2099923691828,42679,46620,3990,0,0,3990.000,4008.48
2312487170869,140110192436,1879261539357,30,45934,4020,0,0,4020.000,4008.48
2312487170869,510733396773,528049902516,1135860,47060,3996,0,0,3996.000,4008.48
2312487170869,510733396773,2273741450217,5,46160,3990,0,0,3990.000,4008.48
2312487170869,83167635683,1646878539865,90304,46977,3942,0,0,3942.000,4008.48
2312487170869,83167635683,1899527505935,17,46119,3948,0,0,3948.000,4008.48
2312487170869,98262841847,1198197652776,204888,46994,3990,0,0,3990.000,4008.48
2312487170869,98262841847,1467003133678,59,46350,3996,0,0,3996.000,4008.48
2313941749417,FAILED,FAILED,FAILED,FAILED,FAILED,FAILED,FAILED,FAILED,FAILED
2322150688373,2042014581823,76631626283,1200695,46517,3915,0,0,3915.000,3667.69
2322150688373,2042014581823,1274694007712,30,46703,3951,0,0,3951.000,3667.69
2322150688373,1586181097218,1223956242412,43460,47225,3957,0,0,3957.000,3667.69
2322150688373,1586181097218,499022659649,22,46327,3939,0,0,3939.000,3667.69
2322150688373,554053038151,673988563164,491973,47160,3969,0,0,3969.000,3667.69
2322150688373,554053038151,357600027046,39,46558,3939,0,0,3939.000,3667.69
2322150688373,1054955155870,2205730048907,77460,46577,3945,0,0,3945.000,3667.69
2322150688373,1054955155870,1305063985429,44,46768,3957,0,0,3957.000,3667.69
2322150688373,808838002927,1343065933995,246271,46701,3945,0,0,3945.000,3667.69
2322150688373,808838002927,1562728946177,32,46352,3939,0,0,3939.000,3667.69
2322150688373,848901793428,1380138669237,221993,46392,3975,0,0,3975.000,3667.69
2322150688373,848901793428,212149603857,31,45243,3939,0,0,3939.000,3667.69
2322150688373,2182731465952,76432735273,378307,49160,3927,0,0,3927.000,3667.69
2322150688373,2182731465952,1258037982566,43,48226,3975,0,0,3975.000,3667.69
2322150688373,1013422899265,558529833837,24849,46850,3945,0,0,3945.000,3667.69
2322150688373,1013422899265,944183566414,45,46868,3969,0,0,3969.000,3667.69
2322150688373,1873794870429,745113199843,242499,46410,3945,0,0,3945.000,3667.69
2322150688373,1873794870429,2292292408333,23,46810,3969,0,0,3969.000,3667.69
2322150688373,491071157241,1304413827259,35123,47226,3963,0,0,3963.000,3667.69
2322150688373,491071157241,1267382003561,47,46702,3981,0,0,3981.000,3667.69
2323577838097,FAILED,FAILED,FAILED,FAILED,FAILED,FAILED,FAILED,FAILED,FAILED
2326272075679,1182794822110,1990689967609,7467,45243,3696,0,0,3696.000,2348.13
2326272075679,1182794822110,1811170180199,44,45184,3696,0,0,3696.000,2348.13
2326272075679,1584516766143,572127723193,107264,83511,3696,0,0,3696.000,2348.13
2326272075679,1584516766143,48690305939,72,81410,3696,0,0,3696.000,2348.13
2326272075679,338706447179,1771398782655,220480,44910,3696,0,0,3696.000,2348.13
2326272075679,338706447179,1905159960643,31,44558,3696,0,0,3696.000,2348.13
2326272075679,1721215088094,1895766995117,298306,82678,3696,0,0,3696.000,2348.13
2326272075679,1721215088094,202076973519,52,80345,3696,0,0,3696.000,2348.13
2326272075679,1103470264255,1895009406672,37783,45744,3696,0,0,3696.000,2348.13
2326272075679,1103470264255,676617247365,20,44559,3696,0,0,3696.000,2348.13
2326272075679,147646014417,1310369345266,33293,46326,3696,0,0,3696.000,2348.13
2326272075679,147646014417,704454656196,35,46435,3696,0,0,3696.000,2348.13
2326272075679,214353670000,458630695507,524916,45558,3696,0,0,3696.000,2348.13
2326272075679,214353670000,1917050196744,26,45036,3696,0,0,3696.000,2348.13
2326272075679,2173826449749,1881946242132,432064,45577,3696,0,0,3696.000,2348.13
2326272075679,2173826449749,198869572870,39,45227,3696,0,0,3696.000,2348.13
2326272075679,24184699221,195981213059,192465,44643,3696,0,0,3696.000,2348.13
2326272075679,24184699221,1422871863326,54,44952,3696,0,0,3696.000,2348.13
2326272075679,197993588953,903586932339,163101,45827,3696,0,0,3696.000,2348.13
2326272075679,197993588953,1436311696397,57,45267,3696,0,0,3696.000,2348.13
2328625279069,1832260540694,2263128318649,29297,45851,3717,0,0,3717.000,1416.01
2328625279069,1832260540694,37416803953,46,44951,3717,0,0,3717.000,1416.01
2328625279069,2083518261154,747081602329,121249,46035,3747,0,0,3747.000,1416.01
2328625279069,2083518261154,1663936438856,27,45517,3765,0,0,3765.000,1416.01
2328625279069,64581906171,1212635409912,63709,46893,3759,0,0,3759.000,1416.01
2328625279069,64581906171,143501403461,43,46160,3759,0,0,3759.000,1416.01
2328625279069,326558471768,1525441052401,9490,84910,3741,0,0,3741.000,1416.01
2328625279069,326558471768,1768036108191,43,83285,3747,0,0,3747.000,1416.01
2328625279069,2065468927659,277622341709,300574,46702,3747,0,0,3747.000,1416.01
2328625279069,2065468927659,2232065608683,56,45601,3741,0,0,3741.000,1416.01
2328625279069,1309747001235,103333259268,79955,46309,3747,0,0,3747.000,1416.01
2328625279069,1309747001235,1129230707179,45,45952,3747,0,0,3747.000,1416.01
2328625279069,2186098996656,212697591031,85235,45725,3771,0,0,3771.000,1416.01
2328625279069,2186098996656,2166636649651,40,45745,3729,0,0,3729.000,1416.01
2328625279069,1660975561295,674556845735,198842,46535,3753,0,0,3753.000,1416.01
2328625279069,1660975561295,680431281274,15,46392,3729,0,0,3729.000,1416.01
2328625279069,11373118380,438362040816,176444,47744,3753,0,0,3753.000,1416.01
2328625279069,11373118380,689653777612,51,47100,3741,0,0,3741.000,1416.01
2328625279069,583939796921,782369809970,101062,47577,3741,0,0,3741.000,1416.01
2328625279069,583939796921,1847187201380,40,46243,3747,0,0,3747.000,1416.01
2330709615473,FAILED,FAILED,FAILED,FAILED,FAILED,FAILED,FAILED,FAILED,FAILED
2333629914391,705282056915,452525803386,233301,46576,3798,0,0,3798.000,1987.90
2333629914391,705282056915,100031760727,31,45476,3798,0,0,3798.000,1987.90
2333629914391,1280479491364,1494601471682,184170,46643,3798,0,0,3798.000,1987.90
2333629914391,1280479491364,2200634182890,16,47202,3798,0,0,3798.000,1987.90
2333629914391,360106114136,608423600124,199122,47035,3798,0,0,3798.000,1987.90
2333629914391,360106114136,1591913814793,43,46726,3798,0,0,3798.000,1987.90
2333629914391,1123920694570,580458417993,152342,45576,3798,0,0,3798.000,1987.90
2333629914391,1123920694570,150067224272,66,45185,3798,0,0,3798.000,1987.90
2333629914391,1084597885921,293915879267,138614,46618,3798,0,0,3798.000,1987.90
2333629914391,1084597885921,594745853095,65,44933,3798,0,0,3798.000,1987.90
2333629914391,1264945763402,402121036514,151012,46952,3798,0,0,3798.000,1987.90
2333629914391,1264945763402,623168269057,34,47101,3798,0,0,3798.000,1987.90
2333629914391,2257309643887,1974714942059,246017,45809,3798,0,0,3798.000,1987.90
2333629914391,2257309643887,1071148599974,49,45410,3798,0,0,3798.000,1987.90
2333629914391,276206230300,680193330797,89843,44852,3798,0,0,3798.000,1987.90
2333629914391,276206230300,1017723201246,44,44993,3798,0,0,3798.000,1987.90
2333629914391,1605049916797,1733306525683,56337,45435,3798,0,0,3798.000,1987.90
2333629914391,1605049916797,1834438049358,19,44951,3798,0,0,3798.000,1987.90
2333629914391,571905453737,2225426017282,246358,45286,3798,0,0,3798.000,1987.90
2333629914391,571905453737,885962871726,53,45017,3798,0,0,3798.000,1987.90
2338389587773,1949714083044,764865090126,42347,45993,3660,0,0,3660.000,3846.83
2338389587773,1949714083044,262326847865,20,44976,3720,0,0,3720.000,3846.83
2338389587773,909567005254,1663750456015,88874,45726,3690,0,0,3690.000,3846.83
2338389587773,909567005254,1044010697510,35,45661,3696,0,0,3696.000,3846.83
2338389587773,2179185561991,839026097639,1472528,45660,3720,0,0,3720.000,3846.83
2338389587773,2179185561991,1732309875661,14,45476,3714,0,0,3714.000,3846.83
2338389587773,2005221765858,562321771470,6788,84260,3690,0,0,3690.000,3846.83
2338389587773,2005221765858,707768274960,36,81470,3672,0,0,3672.000,3846.83
2338389587773,882434598490,787916917811,368813,46143,3678,0,0,3678.000,3846.83
2338389587773,882434598490,1196182300968,49,45452,3702,0,0,3702.000,3846.83
2338389587773,881743144353,870605562543,725393,45993,3696,0,0,3696.000,3846.83
2338389587773,881743144353,1101704829134,58,45393,3684,0,0,3684.000,3846.83
2338389587773,1127093871142,4900632942,239535,45643,3684,0,0,3684.000,3846.83
2338389587773,1127093871142,430010642926,45,46369,3702,0,0,3702.000,3846.83
2338389587773,293516749803,198094464458,173898,47077,3678,0,0,3678.000,3846.83
2338389587773,293516749803,1233309867887,57,45809,3708,0,0,3708.000,3846.83
2338389587773,748155587485,275627382130,45227,46743,3690,0,0,3690.000,3846.83
2338389587773,748155587485,2028159571618,20,45560,3690,0,0,3690.000,3846.83
2338389587773,1902014530341,1792082525145,46696,45727,3666,0,0,3666.000,3846.83
2338389587773,1902014530341,1922784587016,40,45868,3720,0,0,3720.000,3846.83
2342347227713,FAILED,FAILED,FAILED,FAILED,FAILED,FAILED,FAILED,FAILED,FAILED
2344999845493,1219596792954,1061767055030,108327,46869,4065,0,0,4065.000,3866.27
2344999845493,1219596792954,688453890302,20,46517,4071,0,0,4071.000,3866.27
2344999845493,760069499742,1667912500842,175529,47285,4059,0,0,4059.000,3866.27
2344999845493,760069499742,1642149713416,38,46601,4041,0,0,4041.000,3866.27
2344999845493,834538607347,1516475818059,282207,47243,4053,0,0,4053.000,3866.27
2344999845493,834538607347,1560049695711,41,46684,4005,0,0,4005.000,3866.27
2344999845493,1274784424832,1163441196422,382441,46558,4047,0,0,4047.000,3866.27
2344999845493,1274784424832,196494588127,59,46119,4071,0,0,4071.000,3866.27
2344999845493,1020409838149,388537257574,960417,47351,4041,0,0,4041.000,3866.27
2344999845493,1020409838149,1229943062516,14,47118,4077,0,0,4077.000,3866.27
2344999845493,2051733563859,1280745615249,26048,48602,4047,0,0,4047.000,3866.27
2344999845493,2051733563859,607116413889,43,47618,4059,0,0,4059.000,3866.27
2344999845493,1984384264527,1720190034058,302490,46434,4053,0,0,4053.000,3866.27
2344999845493,1984384264527,2339709814713,40,46119,4041,0,0,4041.000,3866.27
2344999845493,216883756455,653200853298,125122,88178,4095,0,0,4095.000,3866.27
2344999845493,216883756455,705384744376,68,87303,4041,0,0,4041.000,3866.27
2344999845493,1928695773416,1088514857268,655680,46368,4059,0,0,4059.000,3866.27
2344999845493,1928695773416,1601234188458,19,46434,4053,0,0,4053.000,3866.27
2344999845493,1740625450265,906590656159,60043,48060,4041,0,0,4041.000,3866.27
2344999845493,1740625450265,483452812300,53,47410,4089,0,0,4089.000,3866.27
2349742413433,FAILED,FAILED,FAILED,FAILED,FAILED,FAILED,FAILED,FAILED,FAILED
2357718232223,1152695139393,1858003835832,8382,45226,3645,0,0,3645.000,4500.90
2357718232223,1152695139393,821271239114,43,44910,3645,0,0,3645.000,4500.90
2357718232223,871037636646,618034823741,33781,46035,3645,0,0,3645.000,4500.90
2357718232223,871037636646,1495039911603,43,45767,3645,0,0,3645.000,4500.90
2357718232223,1755544114880,2286678068412,576521,45851,3645,0,0,3645.000,4500.90
2357718232223,1755544114880,1949087415085,42,45452,3645,0,0,3645.000,4500.90
2357718232223,1801185213882,23419371949,157001,46535,3645,0,0,3645.000,4500.90
2357718232223,1801185213882,1640196281970,46,45643,3645,0,0,3645.000,4500.90
2357718232223,661209537030,563652686920,627285,45892,3645,0,0,3645.000,4500.90
2357718232223,661209537030,1376664863286,22,45076,3645,0,0,3645.000,4500.90
2357718232223,1614504144966,385422755760,225037,46518,3645,0,0,3645.000,4500.90
2357718232223,1614504144966,1756706260803,38,46619,3645,0,0,3645.000,4500.90
2357718232223,971671584588,2053656343317,608606,44785,3645,0,0,3645.000,4500.90
2357718232223,971671584588,224580406830,56,44435,3645,0,0,3645.000,4500.90
2357718232223,1524391688980,1837033786945,578411,45702,3645,0,0,3645.000,4500.90
2357718232223,1524391688980,269222693226,17,44517,3645,0,0,3645.000,4500.90
2357718232223,770631243548,70665954190,36701,45743,3645,0,0,3645.000,4500.90
2357718232223,770631243548,691799812492,45,45017,3645,0,0,3645.000,4500.90
2357718232223,562807252362,1440407074445,927076,45143,3645,0,0,3645.000,4500.90
2357718232223,562807252362,1801072098406,80,45767,3645,0,0,3645.000,4500.90
2367509657413,432280984072,1240356226874,749291,47410,3879,0,0,3879.000,6402.57
2367509657413,432280984072,2139592182483,28,46643,3831,0,0,3831.000,6402.57
2367509657413,1176884789993,2217590048990,789729,47660,3849,0,0,3849.000,6402.57
2367509657413,1176884789993,546329345158,22,46727,3885,0,0,3885.000,6402.57
2367509657413,764071108193,995394660759,121078,46142,3813,0,0,3813.000,6402.57
2367509657413,764071108193,623802903734,64,45910,3837,0,0,3837.000,6402.57
2367509657413,822488765893,1275615555971,604151,48451,3849,0,0,3849.000,6402.57
2367509657413,822488765893,505783251606,88,47161,3861,0,0,3861.000,6402.57
2367509657413,1399522204011,100026206854,654657,46952,3867,0,0,3867.000,6402.57
2367509657413,1399522204011,1042961125044,25,46142,3831,0,0,3831.000,6402.57
2367509657413,1789069750808,1508939798304,457038,47702,3825,0,0,3825.000,6402.57
2367509657413,1789069750808,1559936742736,33,47976,3867,0,0,3867.000,6402.57
2367509657413,1851092898134,1005398702886,1071193,47018,3855,0,0,3855.000,6402.57
2367509657413,1851092898134,735482150443,27,46702,3831,0,0,3831.000,6402.57
2367509657413,895654351395,1278582754106,109892,46684,3855,0,0,3855.000,6402.57
2367509657413,895654351395,2297852201117,29,46618,3861,0,0,3861.000,6402.57
2367509657413,1283963779885,1055374860203,371631,46434,3873,0,0,3873.000,6402.57
2367509657413,1283963779885,107199478324,15,45451,3831,0,0,3831.000,6402.57
2367509657413,764725860075,1799556181553,54228,47370,3867,0,0,3867.000,6402.57
2367509657413,764725860075,1379319810840,23,46934,3855,0,0,3855.000,6402.57
2368098561263,1102516584611,434623978427,83647,83178,3798,0,0,3798.000,3154.39
2368098561263,1102516584611,1645853457783,47,80993,3798,0,0,3798.000,3154.39
2368098561263,1503005677285,114838567372,137523,46077,3798,0,0,3798.000,3154.39
2368098561263,1503005677285,328113260180,14,45059,3798,0,0,3798.000,3154.39
2368098561263,2134937836146,551955005090,110147,45600,3798,0,0,3798.000,3154.39
2368098561263,2134937836146,1231250847789,28,44451,3798,0,0,3798.000,3154.39
2368098561263,1417847799897,2105812372379,155130,45142,3798,0,0,3798.000,3154.39
2368098561263,1417847799897,893275026891,21,45120,3798,0,0,3798.000,3154.39
2368098561263,103730987770,194342386548,108078,45267,3798,0,0,3798.000,3154.39
2368098561263,103730987770,8004022417,5,44576,3798,0,0,3798.000,3154.39
2368098561263,1537130352655,62065040426,90330,46310,3798,0,0,3798.000,3154.39
2368098561263,1537130352655,715481316559,60,44910,3798,0,0,3798.000,3154.39
2368098561263,1017166446171,2208523454460,194911,45267,3798,0,0,3798.000,3154.39
2368098561263,1017166446171,1669766327739,40,44809,3798,0,0,3798.000,3154.39
2368098561263,979295613124,1093583775746,70785,46327,3798,0,0,3798.000,3154.39
2368098561263,979295613124,1123474574735,35,45827,3798,0,0,3798.000,3154.39
2368098561263,513875256448,814257512442,1637535,47118,3798,0,0,3798.000,3154.39
2368098561263,513875256448,843707817480,48,46892,3798,0,0,3798.000,3154.39
2368098561263,513437792969,197903945732,5755,46743,3798,0,0,3798.000,3154.39
2368098561263,513437792969,1589675179632,69,45977,3798,0,0,3798.000,3154.39
2370180977119,1180071208089,1965622292088,18693,45493,3747,0,0,3747.000,2036.91
2370180977119,1180071208089,519831915521,76,45267,3747,0,0,3747.000,2036.91
2370180977119,1698450593581,2181565933338,144517,44285,3747,0,0,3747.000,2036.91
2370180977119,1698450593581,1530175800912,17,43934,3747,0,0,3747.000,2036.91
2370180977119,2289134641693,1877204635632,31270,44535,3747,0,0,3747.000,2036.91
2370180977119,2289134641693,2045437018042,36,44392,3747,0,0,3747.000,2036.91
2370180977119,1873352986568,93901285471,262531,44768,3747,0,0,3747.000,2036.91
2370180977119,1873352986568,797746769128,51,44743,3747,0,0,3747.000,2036.91
2370180977119,1622848663351,301329402632,162853,82452,3747,0,0,3747.000,2036.91
2370180977119,1622848663351,1437502606664,76,80636,3747,0,0,3747.000,2036.91
2370180977119,817656097247,941301715477,285545,45077,3747,0,0,3747.000,2036.91
2370180977119,817656097247,251996630723,38,44434,3747,0,0,3747.000,2036.91
2370180977119,768462326244,2252059647472,40797,45435,3747,0,0,3747.000,2036.91
2370180977119,768462326244,622125451635,28,44535,3747,0,0,3747.000,2036.91
2370180977119,2197000086863,1618622405063,406432,45077,3747,0,0,3747.000,2036.91
2370180977119,2197000086863,1503305798992,28,44435,3747,0,0,3747.000,2036.91
2370180977119,1030215635732,1454843457730,234124,82951,3747,0,0,3747.000,2036.91
2370180977119,1030215635732,1836619571606,64,81594,3747,0,0,3747.000,2036.91
2370180977119,1109682322327,1955511357031,100521,46701,3747,0,0,3747.000,2036.91
2370180977119,1109682322327,2089804191173,57,45476,3747,0,0,3747.000,2036.91
2371648236697,FAILED,FAILED,FAILED,FAILED,FAILED,FAILED,FAILED,FAILED,FAILED
2373121187543,1731507143473,1924227820983,42461,45185,3594,0,0,3594.000,3985.52
2373121187543,1731507143473,650976279496,53,44702,3594,0,0,3594.000,3985.52
2373121187543,382640646868,405225420936,46097,45643,3594,0,0,3594.000,3985.52
2373121187543,382640646868,2285262840687,29,44493,3594,0,0,3594.000,3985.52
2373121187543,408668237691,939163749488,113641,45035,3594,0,0,3594.000,3985.52
2373121187543,408668237691,479221932302,38,43435,3594,0,0,3594.000,3985.52
2373121187543,1057679371627,1260180059194,44015,45160,3594,0,0,3594.000,3985.52
2373121187543,1057679371627,2104633714504,58,45476,3594,0,0,3594.000,3985.52
2373121187543,1054778867615,2138964164565,82382,45100,3594,0,0,3594.000,3985.52
2373121187543,1054778867615,408157636542,25,45077,3594,0,0,3594.000,3985.52
2373121187543,1877785160782,86710836752,662039,45368,3594,0,0,3594.000,3985.52
2373121187543,1877785160782,707054411277,36,44601,3594,0,0,3594.000,3985.52
2373121187543,1887865208511,1006398977230,115461,84303,3594,0,0,3594.000,3985.52
2373121187543,1887865208511,1393145568279,22,71202,3594,0,0,3594.000,3985.52
2373121187543,635828478660,568738762743,1398202,44702,3594,0,0,3594.000,3985.52
2373121187543,635828478660,1528885396145,42,45060,3594,0,0,3594.000,3985.52
2373121187543,708701386792,1296729737868,767507,44660,3594,0,0,3594.000,3985.52
2373121187543,708701386792,157855221564,41,44435,3594,0,0,3594.000,3985.52
2373121187543,100229773312,1773274075722,59515,44893,3594,0,0,3594.000,3985.52
2373121187543,100229773312,11580113071,20,44726,3594,0,0,3594.000,3985.52
2373689351401,FAILED,FAILED,FAILED,FAILED,FAILED,FAILED,FAILED,FAILED,FAILED
2382601649567,2042546396290,775326655219,981209,47827,3900,0,0,3900.000,4202.07
2382601649567,2042546396290,1751385802353,12,47435,3900,0,0,3900.000,4202.07
2382601649567,620693810240,228128939084,136125,45475,3900,0,0,3900.000,4202.07
2382601649567,620693810240,28312449991,63,44952,3900,0,0,3900.000,4202.07
2382601649567,860118333613,591023522765,329656,45767,3900,0,0,3900.000,4202.07
2382601649567,860118333613,1079388762960,42,46119,3900,0,0,3900.000,4202.07
2382601649567,820419995557,1916348475879,262415,47744,3900,0,0,3900.000,4202.07
2382601649567,820419995557,1174554180903,39,47850,3900,0,0,3900.000,4202.07
2382601649567,384074827316,990809156531,280153,45952,3900,0,0,3900.000,4202.07
2382601649567,384074827316,1103016551969,50,45560,3900,0,0,3900.000,4202.07
2382601649567,144407342967,1086523625227,459037,45869,3900,0,0,3900.000,4202.07
2382601649567,144407342967,612094950729,37,45018,3900,0,0,3900.000,4202.07
2382601649567,1591665837664,1772869146368,334962,45703,3900,0,0,3900.000,4202.07
2382601649567,1591665837664,1035751194261,21,45100,3900,0,0,3900.000,4202.07
2382601649567,1442917588602,802399877888,201498,45744,3900,0,0,3900.000,4202.07
2382601649567,1442917588602,678257577147,14,45184,3900,0,0,3900.000,4202.07
2382601649567,712887075367,325690865391,390230,48660,3900,0,0,3900.000,4202.07
2382601649567,712887075367,1450939798729,46,47517,3900,0,0,3900.000,4202.07
2382601649567,1662486610178,349355702060,140309,46827,3900,0,0,3900.000,4202.07
2382601649567,1662486610178,396604585183,35,46434,3900,0,0,3900.000,4202.07
2391149810173,2320586693944,1093905866745,790981,47077,3645,0,0,3645.000,4700.37
2391149810173,2320586693944,193702444648,43,45827,3621,0,0,3621.000,4700.37
2391149810173,2199109502873,2055916611052,203836,46435,3603,0,0,3603.000,4700.37
2391149810173,2199109502873,2268941096058,36,46701,3675,0,0,3675.000,4700.37
2391149810173,364217904877,1257990702532,467536,84136,3645,0,0,3645.000,4700.37
2391149810173,364217904877,1081082506653,14,82993,3663,0,0,3663.000,4700.37
2391149810173,1075529867887,1360315145687,468757,46268,3657,0,0,3657.000,4700.37
2391149810173,1075529867887,1646970182524,53,45785,3657,0,0,3657.000,4700.37
2391149810173,1066161088531,860301702534,287760,49660,3639,0,0,3639.000,4700.37
2391149810173,1066161088531,266923506307,60,48536,3633,0,0,3633.000,4700.37
2391149810173,1427225325892,1905464530739,469419,46160,3621,0,0,3621.000,4700.37
2391149810173,1427225325892,300565098944,37,45810,3627,0,0,3627.000,4700.37
2391149810173,794151328724,1744443318165,318310,46642,3645,0,0,3645.000,4700.37
2391149810173,794151328724,1864484227069,28,45911,3627,0,0,3627.000,4700.37
2391149810173,2127771230152,37667851407,351264,46953,3639,0,0,3639.000,4700.37
2391149810173,2127771230152,1585954360450,63,48517,3633,0,0,3633.000,4700.37
2391149810173,234809900972,1232289335980,205551,46435,3621,0,0,3621.000,4700.37
2391149810173,234809900972,990339971080,16,45952,3669,0,0,3669.000,4700.37
2391149810173,1575245216668,2001996423975,211128,46577,3645,0,0,3645.000,4700.37
2391149810173,1575245216668,1207957747656,37,45393,3663,0,0,3663.000,4700.37
2392176833329,FAILED,FAILED,FAILED,FAILED,FAILED,FAILED,FAILED,FAILED,FAILED
2397776752633,FAILED,FAILED,FAILED,FAILED,FAILED,FAILED,FAILED,FAILED,FAILED
2398375612043,1794566782362,1478022117920,59404,46225,3696,0,0,3696.000,7012.41
2398375612043,1794566782362,361890774182,82,45368,3696,0,0,3696.000,7012.41
2398375612043,2391599160501,732962681728,1127361,45642,3696,0,0,3696.000,7012.41
2398375612043,2391599160501,604509854651,52,45119,3696,0,0,3696.000,7012.41
2398375612043,413201581402,1233318327431,143028,48202,3696,0,0,3696.000,7012.41
2398375612043,413201581402,1484969968043,24,47726,3696,0,0,3696.000,7012.41
2398375612043,1517742058047,1034916640571,408174,46017,3696,0,0,3696.000,7012.41
2398375612043,1517742058047,561544223965,17,45411,3696,0,0,3696.000,7012.41
2398375612043,1976714737266,578972306572,1451290,47018,3696,0,0,3696.000,7012.41
2398375612043,1976714737266,906257285949,27,46826,3696,0,0,3696.000,7012.41
2398375612043,18958385737,2272411477744,308797,45350,3696,0,0,3696.000,7012.41
2398375612043,18958385737,201249354317,32,44953,3696,0,0,3696.000,7012.41
2398375612043,2093587581968,1252949454467,273107,47601,3696,0,0,3696.000,7012.41
2398375612043,2093587581968,2348873390091,14,46785,3696,0,0,3696.000,7012.41
2398375612043,2236477658614,238997088814,47878,45017,3696,0,0,3696.000,7012.41
2398375612043,2236477658614,1837950067917,35,45035,3696,0,0,3696.000,7012.41
2398375612043,1338641602716,1951353317410,1767288,46017,3696,0,0,3696.000,7012.41
2398375612043,1338641602716,1142999655161,47,45785,3696,0,0,3696.000,7012.41
2398375612043,624291219123,512921619942,189948,44558,3696,0,0,3696.000,7012.41
2398375612043,624291219123,39459851603,38,44893,3696,0,0,3696.000,7012.41
2413489162741,1922032454605,459021636129,101999,45952,3894,0,0,3894.000,1640.62
2413489162741,1922032454605,2164437708243,30,45143,3900,0,0,3900.000,1640.62
2413489162741,1521298973850,394480683934,3595,85012,3888,0,0,3888.000,1640.62
2413489162741,1521298973850,1792254841504,62,84010,3906,0,0,3906.000,1640.62
2413489162741,99431858793,680038730760,475318,45518,3900,0,0,3900.000,1640.62
2413489162741,99431858793,1711531427942,45,44535,3912,0,0,3912.000,1640.62
2413489162741,788556438693,2219428959536,106473,46017,3912,0,0,3912.000,1640.62
2413489162741,788556438693,1398800174320,34,45410,3900,0,0,3900.000,1640.62
2413489162741,2318278143221,292868581863,67416,44869,3894,0,0,3894.000,1640.62
2413489162741,2318278143221,853832261963,21,45142,3900,0,0,3900.000,1640.62
2413489162741,280856539277,1455692583794,515478,49201,3918,0,0,3918.000,1640.62
2413489162741,280856539277,659148259708,35,46245,3918,0,0,3918.000,1640.62
2413489162741,1958731044720,410545148375,45419,48226,3894,0,0,3894.000,1640.62
2413489162741,1958731044720,1918148495813,47,47161,3900,0,0,3900.000,1640.62
2413489162741,2229664725564,995937513165,20325,46744,3888,0,0,3888.000,1640.62
2413489162741,2229664725564,1144396476565,40,46060,3906,0,0,3906.000,1640.62
2413489162741,36800536832,32028393812,2662,46618,3900,0,0,3900.000,1640.62
2413489162741,36800536832,361295765367,55,45935,3912,0,0,3912.000,1640.62
2413489162741,262446648730,1397832768285,28733,46767,3900,0,0,3900.000,1640.62
2413489162741,262446648730,1367332196984,19,46452,3876,0,0,3876.000,1640.62
2419960816631,66634462945,1518815817203,839018,45976,3849,0,0,3849.000,3795.00
2419960816631,66634462945,1266231185278,45,44702,3849,0,0,3849.000,3795.00
2419960816631,861486710457,1332555238404,96866,48434,3849,0,0,3849.000,3795.00
2419960816631,861486710457,1356025926172,31,45703,3849,0,0,3849.000,3795.00
2419960816631,2383904024444,749530235633,323441,45994,3849,0,0,3849.000,3795.00
2419960816631,2383904024444,1960063735108,29,44810,3849,0,0,3849.000,3795.00
2419960816631,1224935654457,881971383300,464884,46993,3849,0,0,3849.000,3795.00
2419960816631,1224935654457,2299350903675,31,46352,3849,0,0,3849.000,3795.00
2419960816631,974813146462,2237901071782,89395,46910,3849,0,0,3849.000,3795.00
2419960816631,974813146462,1113593752200,58,46393,3849,0,0,3849.000,3795.00
2419960816631,1279352490125,264264219162,172031,45893,3849,0,0,3849.000,3795.00
2419960816631,1279352490125,2257290432584,28,45327,3849,0,0,3849.000,3795.00
2419960816631,1410122264764,163590107618,558745,45618,3849,0,0,3849.000,3795.00
2419960816631,1410122264764,50767119542,39,45308,3849,0,0,3849.000,3795.00
2419960816631,1942802900552,335712847052,245743,84803,3849,0,0,3849.000,3795.00
2419960816631,1942802900552,1673913994783,70,83470,3849,0,0,3849.000,3795.00
2419960816631,605931351829,1651533789444,111403,45725,3849,0,0,3849.000,3795.00
2419960816631,605931351829,586870303195,40,45285,3849,0,0,3849.000,3795.00
2419960816631,2320623657916,612371161859,223249,47476,3849,0,0,3849.000,3795.00
2419960816631,2320623657916,959291178395,36,45993,3849,0,0,3849.000,3795.00
2421595184353,FAILED,FAILED,FAILED,FAILED,FAILED,FAILED,FAILED,FAILED,FAILED
2436977390453,1966256949256,2344846753893,280618,47352,4098,0,0,4098.000,2859.34
2436977390453,1966256949256,530735413770,32,46910,4092,0,0,4092.000,2859.34
2436977390453,323470646460,2086891682032,184474,47893,4068,0,0,4068.000,2859.34
2436977390453,323470646460,531100664304,40,46827,4110,0,0,4110.000,2859.34
2436977390453,1993265172293,1342355732777,254251,46868,4098,0,0,4098.000,2859.34
2436977390453,1993265172293,848969354640,28,46393,4080,0,0,4080.000,2859.34
2436977390453,1722623251853,145350763455,893834,87411,4104,0,0,4104.000,2859.34
2436977390453,1722623251853,1604622582122,41,85385,4074,0,0,4074.000,2859.34
2436977390453,1745702443558,960586791205,38819,47618,4074,0,0,4074.000,2859.34
2436977390453,1745702443558,2016212861687,33,46684,4116,0,0,4116.000,2859.34
2436977390453,1138225860652,1573610387046,111821,46102,4080,0,0,4080.000,2859.34
2436977390453,1138225860652,1394681794449,55,46202,4110,0,0,4110.000,2859.34
2436977390453,1546421261967,837667415560,105796,46660,4104,0,0,4104.000,2859.34
2436977390453,1546421261967,666243063712,39,46393,4104,0,0,4104.000,2859.34
2436977390453,1700360871231,1007595438877,195798,46934,4098,0,0,4098.000,2859.34
2436977390453,1700360871231,2323774803300,38,46327,4134,0,0,4134.000,2859.34
2436977390453,1638610935783,2216047385136,2368,45993,4110,0,0,4110.000,2859.34
2436977390453,1638610935783,1068314810746,10,46851,4122,0,0,4122.000,2859.34
2436977390453,1514900450829,119609555654,76288,47243,4104,0,0,4104.000,2859.34
2436977390453,1514900450829,1152911582762,50,46976,4110,0,0,4110.000,2859.34
2443160940541,1550507487205,1041186255420,103363,44576,3792,0,0,3792.000,2092.99
2443160940541,1550507487205,887247330981,30,44976,3828,0,0,3828.000,2092.99
2443160940541,2161036078670,1622575521906,41114,45701,3792,0,0,3792.000,2092.99
2443160940541,2161036078670,272472654768,29,45143,3804,0,0,3804.000,2092.99
2443160940541,354197765834,942037606855,247590,45059,3798,0,0,3798.000,2092.99
2443160940541,354197765834,1521150448994,27,44827,3798,0,0,3798.000,2092.99
2443160940541,677393275743,556116944200,71507,44977,3804,0,0,3804.000,2092.99
2443160940541,677393275743,676614763792,14,44702,3768,0,0,3768.000,2092.99
2443160940541,1867463775467,1860342394888,19085,46143,3804,0,0,3804.000,2092.99
2443160940541,1867463775467,2218750418995,53,45160,3792,0,0,3792.000,2092.99
2443160940541,97507897728,564013538462,925806,46452,3804,0,0,3804.000,2092.99
2443160940541,97507897728,617228558718,35,45725,3822,0,0,3822.000,2092.99
2443160940541,2377316088038,596309103771,60661,46477,3834,0,0,3834.000,2092.99
2443160940541,2377316088038,295862967941,17,44952,3798,0,0,3798.000,2092.99
2443160940541,242261662501,2269788854849,49776,45035,3792,0,0,3792.000,2092.99
2443160940541,242261662501,1422182052834,53,45351,3804,0,0,3804.000,2092.99
2443160940541,1641381589312,1838662334379,144344,46726,3774,0,0,3774.000,2092.99
2443160940541,1641381589312,1907697041699,3,45827,3816,0,0,3816.000,2092.99
2443160940541,1760769229826,1189175604889,24398,47018,3792,0,0,3792.000,2092.99
2443160940541,1760769229826,557223651755,18,45785,3780,0,0,3780.000,2092.99
2444251406027,1714894137752,1172270233029,81713,44268,3747,0,0,3747.000,1736.06
2444251406027,1714894137752,1156545628535,34,44285,3747,0,0,3747.000,1736.06
2444251406027,332292090403,1640649598405,35638,44435,3747,0,0,3747.000,1736.06
2444251406027,332292090403,1970815306317,39,44076,3747,0,0,3747.000,1736.06
2444251406027,2312717321732,218038688582,77882,44809,3747,0,0,3747.000,1736.06
2444251406027,2312717321732,1804896547126,29,44451,3747,0,0,3747.000,1736.06
2444251406027,286280147883,278322369439,185016,44911,3747,0,0,3747.000,1736.06
2444251406027,286280147883,1831965565764,10,44017,3747,0,0,3747.000,1736.06
2444251406027,2065911661225,884952205759,422713,46226,3747,0,0,3747.000,1736.06
2444251406027,2065911661225,481731339185,9,45077,3747,0,0,3747.000,1736.06
2444251406027,1645482337705,153257545610,293661,46368,3747,0,0,3747.000,1736.06
2444251406027,1645482337705,972171434727,20,46160,3747,0,0,3747.000,1736.06
2444251406027,2054987168200,1482550660674,131344,46243,3747,0,0,3747.000,1736.06
2444251406027,2054987168200,1897673890350,61,45600,3747,0,0,3747.000,1736.06
2444251406027,2012227964203,1572778678968,99964,45868,3747,0,0,3747.000,1736.06
2444251406027,2012227964203,61367073446,33,45517,3747,0,0,3747.000,1736.06
2444251406027,1477266091463,2087061018077,78432,47077,3747,0,0,3747.000,1736.06
2444251406027,1477266091463,799084016504,52,46350,3747,0,0,3747.000,1736.06
2444251406027,1497311327554,455738023987,47979,45535,3747,0,0,3747.000,1736.06
2444251406027,1497311327554,2251624855929,42,76577,3747,0,0,3747.000,1736.06
2448412165543,836432709103,112941715425,44351,45310,3594,0,0,3594.000,2636.84
2448412165543,836432709103,311789601180,48,45077,3594,0,0,3594.000,2636.84
2448412165543,386609256546,203222456107,62479,45160,3594,0,0,3594.000,2636.84
2448412165543,386609256546,951480327190,25,43851,3594,0,0,3594.000,2636.84
2448412165543,2021843077921,1306933959496,414457,82803,3594,0,0,3594.000,2636.84
2448412165543,2021843077921,2160827823382,73,80345,3594,0,0,3594.000,2636.84
2448412165543,1685654536451,2059167879418,156978,45494,3594,0,0,3594.000,2636.84
2448412165543,1685654536451,1248931004223,26,44975,3594,0,0,3594.000,2636.84
2448412165543,1384866916280,1505215029902,258856,45518,3594,0,0,3594.000,2636.84
2448412165543,1384866916280,2161581801396,33,44993,3594,0,0,3594.000,2636.84
2448412165543,340127593531,1732661429702,412241,46951,3594,0,0,3594.000,2636.84
2448412165543,340127593531,1691595965449,27,46100,3594,0,0,3594.000,2636.84
2448412165543,2429261220996,95107465592,228424,45267,3594,0,0,3594.000,2636.84
2448412165543,2429261220996,1426742659160,42,44868,3594,0,0,3594.000,2636.84
2448412165543,826916105888,859493542517,481268,81910,3594,0,0,3594.000,2636.84
2448412165543,826916105888,421238505610,79,80887,3594,0,0,3594.000,2636.84
2448412165543,2236805091532,1426163516717,83491,45726,3594,0,0,3594.000,2636.84
2448412165543,2236805091532,1327816323421,11,45660,3594,0,0,3594.000,2636.84
2448412165543,2265707813038,474481457524,125552,80595,3594,0,0,3594.000,2636.84
2448412165543,2265707813038,153966270485,68,79345,3594,0,0,3594.000,2636.84
2453276774407,1932521191095,566661230933,108364,83052,3492,0,0,3492.000,5557.35
2453276774407,1932521191095,1578792808750,115,80637,3492,0,0,3492.000,5557.35
2453276774407,136486167125,159555983915,343286,45309,3492,0,0,3492.000,5557.35
2453276774407,136486167125,747532801782,56,44910,3492,0,0,3492.000,5557.35
2453276774407,998968532249,143104254672,874022,44851,3492,0,0,3492.000,5557.35
2453276774407,998968532249,1164272589868,50,44768,3492,0,0,3492.000,5557.35
2453276774407,782747151489,890260919933,1548727,46076,3492,0,0,3492.000,5557.35
2453276774407,782747151489,266073302073,33,44975,3492,0,0,3492.000,5557.35
2453276774407,1659618728330,1119266561180,97613,46101,3492,0,0,3492.000,5557.35
2453276774407,1659618728330,1106927819948,31,45910,3492,0,0,3492.000,5557.35
2453276774407,2364785846272,538747434587,9816,79970,3492,0,0,3492.000,5557.35
2453276774407,2364785846272,1159453341597,73,80136,3492,0,0,3492.000,5557.35
2453276774407,461092081694,1051582397319,413376,45475,3492,0,0,3492.000,5557.35
2453276774407,461092081694,782560984644,18,44618,3492,0,0,3492.000,5557.35
2453276774407,222924111880,1665509020206,660413,45077,3492,0,0,3492.000,5557.35
2453276774407,222924111880,1225315580138,19,44935,3492,0,0,3492.000,5557.35
2453276774407,1703810738327,485151265589,185243,45476,3492,0,0,3492.000,5557.35
2453276774407,1703810738327,346722165832,71,44910,3492,0,0,3492.000,5557.35
2453276774407,1958671230930,187982207224,492679,44326,3492,0,0,3492.000,5557.35
2453276774407,1958671230930,414029520706,21,43934,3492,0,0,3492.000,5557.35
2455816580989,1992319788994,419323190656,344246,46536,3768,0,0,3768.000,2518.07
2455816580989,1992319788994,1699214664923,9,47059,3798,0,0,3798.000,2518.07
2455816580989,1050591733233,1028658193219,306775,46952,3786,0,0,3786.000,2518.07
2455816580989,1050591733233,1414621153096,31,46477,3852,0,0,3852.000,2518.07
2455816580989,335601915776,1661918614414,110259,46577,3792,0,0,3792.000,2518.07
2455816580989,335601915776,541240540263,11,45559,3792,0,0,3792.000,2518.07
2455816580989,1804521428335,209744276232,81066,46160,3798,0,0,3798.000,2518.07
2455816580989,1804521428335,174586928408,31,46143,3792,0,0,3792.000,2518.07
2455816580989,1035364248981,2395876982922,183335,46827,3792,0,0,3792.000,2518.07
2455816580989,1035364248981,1196768483258,10,45993,3840,0,0,3840.000,2518.07
2455816580989,1946156971644,582556350731,73961,45953,3774,0,0,3774.000,2518.07
2455816580989,1946156971644,2143242908869,29,46434,3792,0,0,3792.000,2518.07
2455816580989,912159347430,1046695212378,575905,47118,3792,0,0,3792.000,2518.07
2455816580989,912159347430,1730934117942,29,46767,3828,0,0,3828.000,2518.07
2455816580989,1292136643854,2392029290174,180951,46785,3810,0,0,3810.000,2518.07
2455816580989,1292136643854,1171849788196,43,45910,3816,0,0,3816.000,2518.07
2455816580989,632459791001,2343833370740,203964,48077,3756,0,0,3756.000,2518.07
2455816580989,632459791001,1443972330132,29,47768,3804,0,0,3804.000,2518.07
2455816580989,2039320450916,681320649346,9227,46018,3792,0,0,3792.000,2518.07
2455816580989,2039320450916,1495705593441,24,45535,3780,0,0,3780.000,2518.07
2459274127789,1162789384911,50109789307,121675,46161,3702,0,0,3702.000,2392.35
2459274127789,1162789384911,2327185852778,23,45642,3696,0,0,3696.000,2392.35
2459274127789,1152404686125,239910000787,52945,45643,3666,0,0,3666.000,2392.35
2459274127789,1152404686125,1225262896150,22,45243,3672,0,0,3672.000,2392.35
2459274127789,1924210939815,1585149011101,175609,46768,3678,0,0,3678.000,2392.35
2459274127789,1924210939815,666624118871,29,46243,3696,0,0,3696.000,2392.35
2459274127789,94727126642,398861876827,53197,46726,3732,0,0,3732.000,2392.35
2459274127789,94727126642,1244509380371,46,45868,3708,0,0,3708.000,2392.35
2459274127789,1085132598114,2051529454555,700485,49225,3720,0,0,3720.000,2392.35
2459274127789,1085132598114,2242089824702,17,48453,3714,0,0,3714.000,2392.35
2459274127789,1426599250126,1158888873920,27224,45452,3678,0,0,3678.000,2392.35
2459274127789,1426599250126,1055424662088,28,46184,3678,0,0,3678.000,2392.35
2459274127789,623811645910,792462041927,47343,46244,3726,0,0,3726.000,2392.35
2459274127789,623811645910,2004434730604,49,46268,3684,0,0,3684.000,2392.35
2459274127789,1259577278140,248786176630,146551,45809,3702,0,0,3702.000,2392.35
2459274127789,1259577278140,1110194271849,29,45910,3732,0,0,3732.000,2392.35
2459274127789,101345833694,2264936138269,404739,82428,3660,0,0,3660.000,2392.35
2459274127789,101345833694,2327349957450,93,80511,3654,0,0,3654.000,2392.35
2459274127789,881017978633,1332392679567,284694,45309,3690,0,0,3690.000,2392.35
2459274127789,881017978633,366375982147,12,45201,3678,0,0,3678.000,2392.35
2463734770117,1167566137938,1802317504494,390807,46142,3726,0,0,3726.000,2829.37
2463734770117,1167566137938,1203011949183,7,44702,3720,0,0,3720.000,2829.37
2463734770117,1182206687692,1425823297930,346117,47077,3684,0,0,3684.000,2829.37
2463734770117,1182206687692,2120141120361,36,47227,3696,0,0,3696.000,2829.37
2463734770117,513729373350,888954028859,305832,46326,3708,0,0,3708.000,2829.37
2463734770117,513729373350,2370427774648,27,45602,3708,0,0,3708.000,2829.37
2463734770117,1379005006066,2183881497005,418082,46850,3696,0,0,3696.000,2829.37
2463734770117,1379005006066,990858501856,55,45661,3696,0,0,3696.000,2829.37
2463734770117,2153825511660,275407906991,88186,46477,3696,0,0,3696.000,2829.37
2463734770117,2153825511660,1281695072343,33,46059,3708,0,0,3708.000,2829.37
2463734770117,1263612916897,59314346857,274037,46577,3714,0,0,3714.000,2829.37
2463734770117,1263612916897,409869540000,46,45893,3678,0,0,3678.000,2829.37
2463734770117,1579651600530,822358493525,278721,45809,3672,0,0,3672.000,2829.37
2463734770117,1579651600530,1733993472703,33,45660,3702,0,0,3702.000,2829.37
2463734770117,2263421450285,396118379407,77206,46642,3714,0,0,3714.000,2829.37
2463734770117,2263421450285,342726917209,21,46118,3684,0,0,3684.000,2829.37
2463734770117,258237995840,813671476846,52982,45434,3696,0,0,3696.000,2829.37
2463734770117,258237995840,2405404689303,53,45702,3726,0,0,3726.000,2829.37
2463734770117,1752307618368,256819502346,47687,47576,3690,0,0,3690.000,2829.37
2463734770117,1752307618368,1431460412151,30,46118,3678,0,0,3678.000,2829.37
2464611436367,942971821482,2149715206359,29785,45935,3645,0,0,3645.000,5506.40
2464611436367,942971821482,2360893076762,67,45827,3645,0,0,3645.000,5506.40
2464611436367,1354247728479,1260590537081,738040,45351,3645,0,0,3645.000,5506.40
2464611436367,1354247728479,14166711073,41,44910,3645,0,0,3645.000,5506.40
2464611436367,257214828366,465549667183,1260265,45744,3645,0,0,3645.000,5506.40
2464611436367,257214828366,274111976129,60,45018,3645,0,0,3645.000,5506.40
2464611436367,505528852532,1946547159359,292299,45518,3645,0,0,3645.000,5506.40
2464611436367,505528852532,948844450695,33,45077,3645,0,0,3645.000,5506.40
2464611436367,1475737229210,2271480996905,187167,45744,3645,0,0,3645.000,5506.40
2464611436367,1475737229210,1781225720880,17,44933,3645,0,0,3645.000,5506.40
2464611436367,2002882153349,698408371852,797668,45434,3645,0,0,3645.000,5506.40
2464611436367,2002882153349,1063131135692,25,44868,3645,0,0,3645.000,5506.40
2464611436367,1959546119454,604212082429,540470,45558,3645,0,0,3645.000,5506.40
2464611436367,1959546119454,1370771841137,39,45202,3645,0,0,3645.000,5506.40
2464611436367,541423130365,1727324960967,445811,45452,3645,0,0,3645.000,5506.40
2464611436367,541423130365,1686040815698,22,44892,3645,0,0,3645.000,5506.40
2464611436367,1556189855854,2241275591687,177358,45768,3645,0,0,3645.000,5506.40
2464611436367,1556189855854,858397524091,46,45327,3645,0,0,3645.000,5506.40
2464611436367,187723612376,225388175337,247488,45243,3645,0,0,3645.000,5506.40
2464611436367,187723612376,1883359410535,23,44434,3645,0,0,3645.000,5506.40
2466648160621,1123111063441,519409919753,213825,47118,4155,0,0,4155.000,5073.81
2466648160621,1123111063441,996539504957,53,47160,4167,0,0,4167.000,5073.81
2466648160621,193716332323,1789022983682,142604,47601,4143,0,0,4143.000,5073.81
2466648160621,193716332323,397754011488,28,46618,4125,0,0,4125.000,5073.81
2466648160621,2239676940747,1059283884790,64199,47452,4137,0,0,4137.000,5073.81
2466648160621,2239676940747,236000119007,34,46767,4143,0,0,4143.000,5073.81
2466648160621,1326243961070,2125370387769,946112,46702,4149,0,0,4149.000,5073.81
2466648160621,1326243961070,1721504506107,59,46227,4185,0,0,4185.000,5073.81
2466648160621,951367133373,1825610325327,2617,90970,4185,0,0,4185.000,5073.81
2466648160621,951367133373,350178169193,40,89469,4143,0,0,4143.000,5073.81
2466648160621,826929551527,2404254459726,397067,46661,4149,0,0,4149.000,5073.81
2466648160621,826929551527,2075654070204,61,46726,4149,0,0,4149.000,5073.81
2466648160621,51953802266,1622403449368,642796,46619,4137,0,0,4137.000,5073.81
2466648160621,51953802266,567451684838,36,47142,4149,0,0,4149.000,5073.81
2466648160621,978712615596,2000426963559,416494,46701,4137,0,0,4137.000,5073.81
2466648160621,978712615596,1635905713914,23,62328,4161,0,0,4161.000,5073.81
2466648160621,622786036516,987013047341,895529,45868,4149,0,0,4149.000,5073.81
2466648160621,622786036516,3794666001,39,45810,4137,0,0,4137.000,5073.81
2466648160621,960195050174,777204236011,182375,91969,4185,0,0,4185.000,5073.81
2466648160621,960195050174,2292486420370,79,88886,4161,0,0,4161.000,5073.81
2474871313787,1821034060525,18476880835,484953,45810,3696,0,0,3696.000,3696.68
2474871313787,1821034060525,1076412308420,53,45744,3696,0,0,3696.000,3696.68
2474871313787,310851641822,1373274197372,186770,83719,3696,0,0,3696.000,3696.68
2474871313787,310851641822,2271040092780,53,82160,3696,0,0,3696.000,3696.68
2474871313787,573437765542,464341907880,442506,45477,3696,0,0,3696.000,3696.68
2474871313787,573437765542,1751287293829,43,45202,3696,0,0,3696.000,3696.68
2474871313787,585325637521,252450712997,688083,46560,3696,0,0,3696.000,3696.68
2474871313787,585325637521,1377592702754,34,45285,3696,0,0,3696.000,3696.68
2474871313787,2046739656713,1463861160589,149563,45810,3696,0,0,3696.000,3696.68
2474871313787,2046739656713,1144954453187,22,45327,3696,0,0,3696.000,3696.68
2474871313787,239685996586,1864418520253,122406,46893,3696,0,0,3696.000,3696.68
2474871313787,239685996586,1147272412378,27,46868,3696,0,0,3696.000,3696.68
2474871313787,728930436158,336030407851,19393,45576,3696,0,0,3696.000,3696.68
2474871313787,728930436158,1158964753816,40,45851,3696,0,0,3696.000,3696.68
2474871313787,2458277642800,1245705998781,322037,45410,3696,0,0,3696.000,3696.68
2474871313787,2458277642800,732098172003,27,44976,3696,0,0,3696.000,3696.68
2474871313787,1314109514449,14560568446,307322,46035,3696,0,0,3696.000,3696.68
2474871313787,1314109514449,1324371357675,62,45518,3696,0,0,3696.000,3696.68
2474871313787,2456722263192,2113782486881,353621,45285,3696,0,0,3696.000,3696.68
2474871313787,2456722263192,1338160881138,50,44643,3696,0,0,3696.000,3696.68
2475628088327,1294497953674,1190229993616,247167,43683,3543,0,0,3543.000,4863.43
2475628088327,1294497953674,1209352824724,31,44036,3543,0,0,3543.000,4863.43
2475628088327,738445258383,869079912012,177046,44934,3543,0,0,3543.000,4863.43
2475628088327,738445258383,941317039596,23,43993,3543,0,0,3543.000,4863.43
2475628088327,1330069405699,770349194110,420740,82052,3543,0,0,3543.000,4863.43
2475628088327,1330069405699,488290582874,86,81345,3543,0,0,3543.000,4863.43
2475628088327,247308752452,1580688871776,78687,45184,3543,0,0,3543.000,4863.43
2475628088327,247308752452,1687984341267,58,45243,3543,0,0,3543.000,4863.43
2475628088327,1928214745280,1087360292140,298535,46393,3543,0,0,3543.000,4863.43
2475628088327,1928214745280,847383815497,35,45160,3543,0,0,3543.000,4863.43
2475628088327,763309309385,250254347945,487015,45267,3543,0,0,3543.000,4863.43
2475628088327,763309309385,148836161029,50,45119,3543,0,0,3543.000,4863.43
2475628088327,935585952728,48139344826,746443,45743,3543,0,0,3543.000,4863.43
2475628088327,935585952728,2388892213072,59,45018,3543,0,0,3543.000,4863.43
2475628088327,1801709071790,244671063309,237069,81802,3543,0,0,3543.000,4863.43
2475628088327,1801709071790,918323732292,52,79678,3543,0,0,3543.000,4863.43
2475628088327,2381258300833,1683371392056,601211,45785,3543,0,0,3543.000,4863.43
2475628088327,2381258300833,2453794667904,29,44809,3543,0,0,3543.000,4863.43
2475628088327,251721182543,169085059300,977463,45308,3543,0,0,3543.000,4863.43
2475628088327,251721182543,1388354597559,44,45243,3543,0,0,3543.000,4863.43
2476627368737,FAILED,FAILED,FAILED,FAILED,FAILED,FAILED,FAILED,FAILED,FAILED
2480654941321,FAILED,FAILED,FAILED,FAILED,FAILED,FAILED,FAILED,FAILED,FAILED
2481663697129,FAILED,FAILED,FAILED,FAILED,FAILED,FAILED,FAILED,FAILED,FAILED
2483046140557,938058376158,2061340861703,223289,81928,3480,0,0,3480.000,2407.10
2483046140557,938058376158,1304843370216,82,81927,3522,0,0,3522.000,2407.10
2483046140557,1129346517009,71807233806,305243,45410,3474,0,0,3474.000,2407.10
2483046140557,1129346517009,1758291128631,58,44643,3474,0,0,3474.000,2407.10
2483046140557,1271471674342,2103563752898,464377,46268,3510,0,0,3510.000,2407.10
2483046140557,1271471674342,848199336926,31,45410,3480,0,0,3480.000,2407.10
2483046140557,2265379887697,1405253579398,32496,44660,3504,0,0,3504.000,2407.10
2483046140557,2265379887697,638977069895,54,44268,3492,0,0,3492.000,2407.10
2483046140557,137855947688,1512269568707,509508,46076,3498,0,0,3498.000,2407.10
2483046140557,137855947688,1431533634423,35,45868,3492,0,0,3492.000,2407.10
2483046140557,642854515594,2192213825732,11905,47060,3504,0,0,3504.000,2407.10
2483046140557,642854515594,1011157221192,27,46201,3468,0,0,3468.000,2407.10
2483046140557,595224142708,1060049439431,79316,46476,3504,0,0,3504.000,2407.10
2483046140557,595224142708,1762735427672,5,45744,3498,0,0,3498.000,2407.10
2483046140557,1067171023444,2389298107477,29780,46101,3474,0,0,3474.000,2407.10
2483046140557,1067171023444,1474187415888,18,45577,3486,0,0,3486.000,2407.10
2483046140557,243138875278,2303766846937,92748,82636,3516,0,0,3516.000,2407.10
2483046140557,243138875278,583188815403,80,81345,3498,0,0,3498.000,2407.10
2483046140557,1826176964998,60376632128,172558,45685,3540,0,0,3540.000,2407.10
2483046140557,1826176964998,963182223748,2,46160,3474,0,0,3474.000,2407.10
2487822485861,1885553448,195988015210,164251,45536,3804,0,0,3804.000,3966.11
2487822485861,1885553448,1715069527324,40,45517,3816,0,0,3816.000,3966.11
2487822485861,121224356838,284119188960,342357,47951,3798,0,0,3798.000,3966.11
2487822485861,121224356838,2469625048746,42,46059,3816,0,0,3816.000,3966.11
2487822485861,1261349910402,1523107401395,163398,46852,3792,0,0,3792.000,3966.11
2487822485861,1261349910402,1528245321836,47,45618,3792,0,0,3792.000,3966.11
2487822485861,675858157988,229101475762,122932,46243,3804,0,0,3804.000,3966.11
2487822485861,675858157988,2316125934291,37,45560,3792,0,0,3792.000,3966.11
2487822485861,623190832288,2249497599371,130399,46619,3792,0,0,3792.000,3966.11
2487822485861,623190832288,1895655646682,26,46101,3792,0,0,3792.000,3966.11
2487822485861,2284124769233,1609226538311,920465,45744,3792,0,0,3792.000,3966.11
2487822485861,2284124769233,1744838931518,43,45977,3798,0,0,3798.000,3966.11
2487822485861,160981703186,86746370829,180275,48077,3804,0,0,3804.000,3966.11
2487822485861,160981703186,1692220630623,36,47100,3780,0,0,3780.000,3966.11
2487822485861,1282818938663,2233914192847,868465,47577,3816,0,0,3816.000,3966.11
2487822485861,1282818938663,1625499416433,25,46518,3798,0,0,3798.000,3966.11
2487822485861,1065076360488,1863567131345,251175,47535,3822,0,0,3822.000,3966.11
2487822485861,1065076360488,1039004466744,14,46518,3804,0,0,3804.000,3966.11
2487822485861,89653409432,1305111973031,72948,46893,3810,0,0,3810.000,3966.11
2487822485861,89653409432,2169264244405,42,46244,3786,0,0,3786.000,3966.11
2488066060943,324222724107,1831022302651,391427,45309,3492,0,0,3492.000,4330.21
2488066060943,324222724107,861184802036,44,44018,3492,0,0,3492.000,4330.21
2488066060943,2226322794676,493603015932,79397,43993,3492,0,0,3492.000,4330.21
2488066060943,2226322794676,1172448846867,36,43975,3492,0,0,3492.000,4330.21
2488066060943,978441030938,417022870621,265803,44476,3492,0,0,3492.000,4330.21
2488066060943,978441030938,1183838766791,32,44035,3492,0,0,3492.000,4330.21
2488066060943,2020268505169,2130155977869,342984,82302,3492,0,0,3492.000,4330.21
2488066060943,2020268505169,2232511617835,69,80470,3492,0,0,3492.000,4330.21
2488066060943,1597712669551,2391098586902,63870,45951,3492,0,0,3492.000,4330.21
2488066060943,1597712669551,323116951899,18,44433,3492,0,0,3492.000,4330.21
2488066060943,133267755478,2227011917851,516106,46452,3492,0,0,3492.000,4330.21
2488066060943,133267755478,635060087448,26,45517,3492,0,0,3492.000,4330.21
2488066060943,532419425263,1626543889590,61351,44726,3492,0,0,3492.000,4330.21
2488066060943,532419425263,1908569865071,21,44535,3492,0,0,3492.000,4330.21
2488066060943,2372712248058,1138266701649,1231991,45143,3492,0,0,3492.000,4330.21
2488066060943,2372712248058,96168669117,33,44535,3492,0,0,3492.000,4330.21
2488066060943,1576594359311,956506732462,433476,47285,3492,0,0,3492.000,4330.21
2488066060943,1576594359311,1231790453094,34,46143,3492,0,0,3492.000,4330.21
2488066060943,1336016750932,1023619027466,307566,46119,3492,0,0,3492.000,4330.21
2488066060943,1336016750932,322998793066,29,44559,3492,0,0,3492.000,4330.21
2489907156203,1420275166344,1770487404944,108613,44328,3543,0,0,3543.000,3178.63
2489907156203,1420275166344,119099964970,44,43975,3543,0,0,3543.000,3178.63
2489907156203,2183204518949,961303900438,45337,43559,3543,0,0,3543.000,3178.63
2489907156203,2183204518949,179251100352,39,42951,3543,0,0,3543.000,3178.63
2489907156203,1106619453977,547672677416,73344,43620,3543,0,0,3543.000,3178.63
2489907156203,1106619453977,978548830961,51,43351,3543,0,0,3543.000,3178.63
2489907156203,1491712536373,1099036995593,1071919,45326,3543,0,0,3543.000,3178.63
2489907156203,1491712536373,1749453103230,22,45684,3543,0,0,3543.000,3178.63
2489907156203,735608973091,679492557368,471927,44892,3543,0,0,3543.000,3178.63
2489907156203,735608973091,1960074502301,37,44286,3543,0,0,3543.000,3178.63
2489907156203,142703359687,715560266999,59289,45060,3543,0,0,3543.000,3178.63
2489907156203,142703359687,1727777328905,66,44309,3543,0,0,3543.000,3178.63
2489907156203,2036443930447,881755595043,143197,81636,3543,0,0,3543.000,3178.63
2489907156203,2036443930447,194396790561,54,78368,3543,0,0,3543.000,3178.63
2489907156203,599917045769,1953601153528,126691,44976,3543,0,0,3543.000,3178.63
2489907156203,599917045769,1441418560903,38,44535,3543,0,0,3543.000,3178.63
2489907156203,1574696164154,1559658304799,298163,45160,3543,0,0,3543.000,3178.63
2489907156203,1574696164154,1290162151917,26,44767,3543,0,0,3543.000,3178.63
2489907156203,1303404972914,1153206050659,374608,45810,3543,0,0,3543.000,3178.63
2489907156203,1303404972914,142500865488,57,45225,3543,0,0,3543.000,3178.63
2495348234653,2221607286791,1084569253553,619,85636,3840,0,0,3840.000,2473.10
2495348234653,2221607286791,1088767981722,108,84410,3804,0,0,3804.000,2473.10
2495348234653,1210961858213,264334942890,517486,46768,3834,0,0,3834.000,2473.10
2495348234653,1210961858213,219711214122,16,46327,3798,0,0,3798.000,2473.10
2495348234653,306110598100,1620560916283,687498,47285,3828,0,0,3828.000,2473.10
2495348234653,306110598100,2168663069929,37,46685,3798,0,0,3798.000,2473.10
2495348234653,2319311984650,1921790920960,290895,46452,3762,0,0,3762.000,2473.10
2495348234653,2319311984650,396239529230,52,46143,3774,0,0,3774.000,2473.10
2495348234653,128738685111,639375186914,144776,47576,3774,0,0,3774.000,2473.10
2495348234653,128738685111,1799720370513,29,46392,3810,0,0,3810.000,2473.10
2495348234653,1525359464761,2354646417797,149208,45870,3768,0,0,3768.000,2473.10
2495348234653,1525359464761,1212451408682,36,45309,3786,0,0,3786.000,2473.10
2495348234653,2413788920627,371499866947,296329,46558,3792,0,0,3792.000,2473.10
2495348234653,2413788920627,2493723753036,36,47493,3804,0,0,3804.000,2473.10
2495348234653,1444470147557,2415029013717,4669,46351,3798,0,0,3798.000,2473.10
2495348234653,1444470147557,1510385474998,36,46826,3816,0,0,3816.000,2473.10
2495348234653,836797452021,1986760466908,9652,46433,3798,0,0,3798.000,2473.10
2495348234653,836797452021,1919198076532,26,46494,3798,0,0,3798.000,2473.10
2495348234653,812349783223,856139501006,42076,45476,3774,0,0,3774.000,2473.10
2495348234653,812349783223,638919475808,35,45618,3786,0,0,3786.000,2473.10
2495939219359,903201472642,14111764501,272299,45660,3441,0,0,3441.000,3951.39
2495939219359,903201472642,260912984951,40,44684,3441,0,0,3441.000,3951.39
2495939219359,318407779422,1893847684288,169561,45827,3441,0,0,3441.000,3951.39
2495939219359,318407779422,2331880632368,41,44476,3441,0,0,3441.000,3951.39
2495939219359,890555357299,1898054379941,416712,44952,3441,0,0,3441.000,3951.39
2495939219359,890555357299,1874664902646,44,44352,3441,0,0,3441.000,3951.39
2495939219359,1001988969314,668369731496,618373,45202,3441,0,0,3441.000,3951.39
2495939219359,1001988969314,2123754385962,41,44809,3441,0,0,3441.000,3951.39
2495939219359,2177586439505,1299872155919,616397,45410,3441,0,0,3441.000,3951.39
2495939219359,2177586439505,255499252183,41,44268,3441,0,0,3441.000,3951.39
2495939219359,1986604230053,277338003871,774314,44892,3441,0,0,3441.000,3951.39
2495939219359,1986604230053,2308893474276,54,44328,3441,0,0,3441.000,3951.39
2495939219359,1364349815675,2224160189404,113337,45743,3441,0,0,3441.000,3951.39
2495939219359,1364349815675,866122438212,31,44642,3441,0,0,3441.000,3951.39
2495939219359,1610343696043,1443477685231,107514,46285,3441,0,0,3441.000,3951.39
2495939219359,1610343696043,396171259328,21,44935,3441,0,0,3441.000,3951.39
2495939219359,1512192476074,605119900993,93158,45660,3441,0,0,3441.000,3951.39
2495939219359,1512192476074,2406520920282,21,44810,3441,0,0,3441.000,3951.39
2495939219359,2451006734714,453030344737,179142,46225,3441,0,0,3441.000,3951.39
2495939219359,2451006734714,843484236205,22,45910,3441,0,0,3441.000,3951.39
2505641986957,2043407823639,681530667980,397988,46285,3825,0,0,3825.000,2555.86
2505641986957,2043407823639,2225851228911,22,46393,3837,0,0,3837.000,2555.86
2505641986957,1307437576280,12254089573,22188,84344,3831,0,0,3831.000,2555.86
2505641986957,1307437576280,1282728839892,86,82785,3837,0,0,3837.000,2555.86
2505641986957,2315420049741,1442430703171,362747,47826,3837,0,0,3837.000,2555.86
2505641986957,2315420049741,2037742706926,37,46870,3873,0,0,3873.000,2555.86
2505641986957,2142812172383,2413639826497,35990,47160,3861,0,0,3861.000,2555.86
2505641986957,2142812172383,755485937903,36,46368,3879,0,0,3879.000,2555.86
2505641986957,1482153604684,427006953145,137378,47660,3861,0,0,3861.000,2555.86
2505641986957,1482153604684,521938779931,41,46310,3849,0,0,3849.000,2555.86
2505641986957,1849015580721,2247914652182,362236,49184,3843,0,0,3843.000,2555.86
2505641986957,1849015580721,1876723818650,30,48243,3837,0,0,3837.000,2555.86
2505641986957,67754931945,2381814342057,95806,46368,3837,0,0,3837.000,2555.86
2505641986957,67754931945,167989132042,40,46268,3855,0,0,3855.000,2555.86
2505641986957,2433754912715,2289453019865,192945,46768,3861,0,0,3861.000,2555.86
2505641986957,2433754912715,1218981109088,23,46285,3861,0,0,3861.000,2555.86
2505641986957,540250952838,566307695158,438659,47911,3879,0,0,3879.000,2555.86
2505641986957,540250952838,1795053669333,26,47642,3861,0,0,3861.000,2555.86
2505641986957,156787897572,1333155633437,8358,46451,3861,0,0,3861.000,2555.86
2505641986957,156787897572,1280170634385,45,45477,3843,0,0,3843.000,2555.86
2507506977847,1216520492279,2379218700810,787440,45118,3492,0,0,3492.000,3301.07
2507506977847,1216520492279,1879804152184,34,44893,3492,0,0,3492.000,3301.07
2507506977847,2203623282463,1127767681894,347255,44433,3492,0,0,3492.000,3301.07
2507506977847,2203623282463,1922525139794,26,44660,3492,0,0,3492.000,3301.07
2507506977847,1803512098649,2270077789703,407719,44517,3492,0,0,3492.000,3301.07
2507506977847,1803512098649,593934195931,43,44535,3492,0,0,3492.000,3301.07
2507506977847,237388218180,343142347042,154953,46184,3492,0,0,3492.000,3301.07
2507506977847,237388218180,2480467359850,10,45036,3492,0,0,3492.000,3301.07
2507506977847,1336656483726,1227965670426,341671,45392,3492,0,0,3492.000,3301.07
2507506977847,1336656483726,2087348852470,7,44619,3492,0,0,3492.000,3301.07
2507506977847,1541997861195,742172108216,281313,45035,3492,0,0,3492.000,3301.07
2507506977847,1541997861195,1427571533504,27,44435,3492,0,0,3492.000,3301.07
2507506977847,349541786666,2053775289269,374647,45785,3492,0,0,3492.000,3301.07
2507506977847,349541786666,369094758944,41,45101,3492,0,0,3492.000,3301.07
2507506977847,671056764095,286426588609,34115,45101,3492,0,0,3492.000,3301.07
2507506977847,671056764095,2073562432420,12,44660,3492,0,0,3492.000,3301.07
2507506977847,2324580006536,598153371033,46329,45643,3492,0,0,3492.000,3301.07
2507506977847,2324580006536,1503198181926,38,44577,3492,0,0,3492.000,3301.07
2507506977847,1686463837553,1171690020804,48269,46410,3492,0,0,3492.000,3301.07
2507506977847,1686463837553,2155432382153,20,46267,3492,0,0,3492.000,3301.07
2510906212489,FAILED,FAILED,FAILED,FAILED,FAILED,FAILED,FAILED,FAILED,FAILED
2513137586207,1139326133253,1013848753621,370755,45619,3339,0,0,3339.000,4462.30
2513137586207,1139326133253,1375999526052,47,45143,3339,0,0,3339.000,4462.30
2513137586207,303549181181,458221825627,65375,44994,3339,0,0,3339.000,4462.30
2513137586207,303549181181,747788543762,29,44392,3339,0,0,3339.000,4462.30
2513137586207,2334621701369,1967221463251,97048,45035,3339,0,0,3339.000,4462.30
2513137586207,2334621701369,1552367331558,18,44643,3339,0,0,3339.000,4462.30
2513137586207,1611295832927,822414994768,696099,44184,3339,0,0,3339.000,4462.30
2513137586207,1611295832927,1261933214729,38,44285,3339,0,0,3339.000,4462.30
2513137586207,600454097169,183389819969,740555,44809,3339,0,0,3339.000,4462.30
2513137586207,600454097169,934626916653,24,44560,3339,0,0,3339.000,4462.30
2513137586207,2151912442484,417681297179,274694,44243,3339,0,0,3339.000,4462.30
2513137586207,2151912442484,1874580048118,23,44476,3339,0,0,3339.000,4462.30
2513137586207,2100854100351,1768276157137,429023,44351,3339,0,0,3339.000,4462.30
2513137586207,2100854100351,82601489847,51,44285,3339,0,0,3339.000,4462.30
2513137586207,297695361486,2418234062048,430398,45619,3339,0,0,3339.000,4462.30
2513137586207,297695361486,1944301069220,40,45059,3339,0,0,3339.000,4462.30
2513137586207,1579771267979,2504135439843,157424,45476,3339,0,0,3339.000,4462.30
2513137586207,1579771267979,1306306609709,27,44368,3339,0,0,3339.000,4462.30
2513137586207,941670373848,567021499590,359692,44744,3339,0,0,3339.000,4462.30
2513137586207,941670373848,1683351232110,30,44767,3339,0,0,3339.000,4462.30
2515029568553,FAILED,FAILED,FAILED,FAILED,FAILED,FAILED,FAILED,FAILED,FAILED
2518061069453,57061201803,1291079240104,134860,45185,3549,0,0,3549.000,3079.01
2518061069453,57061201803,116312198456,52,44701,3531,0,0,3531.000,3079.01
2518061069453,567960833431,1786560625511,313506,81594,3561,0,0,3561.000,3079.01
2518061069453,567960833431,443706667892,65,80803,3555,0,0,3555.000,3079.01
2518061069453,63530457765,1082106774168,283690,44410,3555,0,0,3555.000,3079.01
2518061069453,63530457765,1037583688300,31,44268,3549,0,0,3549.000,3079.01
2518061069453,1379685369078,2254963745594,2263,44226,3519,0,0,3519.000,3079.01
2518061069453,1379685369078,265849164708,27,44160,3573,0,0,3573.000,3079.01
2518061069453,144064520479,986768867760,1516092,44851,3525,0,0,3525.000,3079.01
2518061069453,144064520479,560496088610,38,45202,3567,0,0,3567.000,3079.01
2518061069453,859495817555,2273510393872,12200,45226,3537,0,0,3537.000,3079.01
2518061069453,859495817555,2496202173829,37,44910,3537,0,0,3537.000,3079.01
2518061069453,792194545874,1832443854777,4665,45892,3549,0,0,3549.000,3079.01
2518061069453,792194545874,1868401491451,65,44868,3525,0,0,3525.000,3079.01
2518061069453,363445471957,347726171193,137491,45435,3549,0,0,3549.000,3079.01
2518061069453,363445471957,1685682423775,53,44535,3549,0,0,3549.000,3079.01
2518061069453,551732270361,2396747931377,161620,45785,3555,0,0,3555.000,3079.01
2518061069453,551732270361,1109462349046,43,45310,3519,0,0,3519.000,3079.01
2518061069453,2397294708791,1378112741780,61841,45518,3555,0,0,3555.000,3079.01
2518061069453,2397294708791,2037307875305,16,44410,3555,0,0,3555.000,3079.01
2522268547391,406730943786,738154391614,210658,44060,3645,0,0,3645.000,1628.27
2522268547391,406730943786,382133541696,24,43785,3645,0,0,3645.000,1628.27
2522268547391,18918260948,766568808587,108964,44827,3645,0,0,3645.000,1628.27
2522268547391,18918260948,112382510484,27,43560,3645,0,0,3645.000,1628.27
2522268547391,2010815427144,1191447533583,426412,46435,3645,0,0,3645.000,1628.27
2522268547391,2010815427144,1824252897035,30,44827,3645,0,0,3645.000,1628.27
2522268547391,788209532998,1621700278998,207322,44452,3645,0,0,3645.000,1628.27
2522268547391,788209532998,312117897936,20,44725,3645,0,0,3645.000,1628.27
2522268547391,1317823247004,823127132873,55385,46035,3645,0,0,3645.000,1628.27
2522268547391,1317823247004,1489506688770,47,45684,3645,0,0,3645.000,1628.27
2522268547391,684365194698,2044814082348,12095,45476,3645,0,0,3645.000,1628.27
2522268547391,684365194698,1322320070319,36,45535,3645,0,0,3645.000,1628.27
2522268547391,154116965437,1191744791239,137436,45785,3645,0,0,3645.000,1628.27
2522268547391,154116965437,979294914280,37,45018,3645,0,0,3645.000,1628.27
2522268547391,1600852587695,2189226832281,65544,44934,3645,0,0,3645.000,1628.27
2522268547391,1600852587695,2489883152490,45,45035,3645,0,0,3645.000,1628.27
2522268547391,2212599203831,48213493093,37984,81493,3645,0,0,3645.000,1628.27
2522268547391,2212599203831,866935625948,71,79136,3645,0,0,3645.000,1628.27
2522268547391,2159695079834,1122720145479,90299,45934,3645,0,0,3645.000,1628.27
2522268547391,2159695079834,47483313669,27,44660,3645,0,0,3645.000,1628.27
2523585174641,FAILED,FAILED,FAILED,FAILED,FAILED,FAILED,FAILED,FAILED,FAILED
2526704251627,514970931155,2277920996694,162624,45018,3747,0,0,3747.000,1840.53
2526704251627,514970931155,113141779779,21,45077,3747,0,0,3747.000,1840.53
2526704251627,874690444901,497100916182,61860,44018,3747,0,0,3747.000,1840.53
2526704251627,874690444901,1826971775631,61,43994,3747,0,0,3747.000,1840.53
2526704251627,1453944395252,295819959520,31245,83619,3747,0,0,3747.000,1840.53
2526704251627,1453944395252,2180265010966,62,86136,3747,0,0,3747.000,1840.53
2526704251627,225812317434,1921323569903,151926,44451,3747,0,0,3747.000,1840.53
2526704251627,225812317434,2032170599114,32,44350,3747,0,0,3747.000,1840.53
2526704251627,882435431221,306862169557,75438,44160,3747,0,0,3747.000,1840.53
2526704251627,882435431221,194445518377,14,43309,3747,0,0,3747.000,1840.53
2526704251627,1489286286987,1811524306140,421850,46393,3747,0,0,3747.000,1840.53
2526704251627,1489286286987,72119689238,57,46743,3747,0,0,3747.000,1840.53
2526704251627,2258714693284,1247030531915,418836,45434,3747,0,0,3747.000,1840.53
2526704251627,2258714693284,1905598283180,25,45285,3747,0,0,3747.000,1840.53
2526704251627,2354146633290,2044538017603,182440,46660,3747,0,0,3747.000,1840.53
2526704251627,2354146633290,1731690158936,57,46393,3747,0,0,3747.000,1840.53
2526704251627,1236016363848,1915693149744,38214,44893,3747,0,0,3747.000,1840.53
2526704251627,1236016363848,1504370023630,39,44535,3747,0,0,3747.000,1840.53
2526704251627,65470165787,1439712537621,66172,45185,3747,0,0,3747.000,1840.53
2526704251627,65470165787,2284259562510,40,46702,3747,0,0,3747.000,1840.53
2527987669099,1376766611446,33307253502,51722,45727,3747,0,0,3747.000,1904.79
2527987669099,1376766611446,165754294852,20,44993,3747,0,0,3747.000,1904.79
2527987669099,318709641310,2221753419483,302598,48035,3747,0,0,3747.000,1904.79
2527987669099,318709641310,506854153524,40,45768,3747,0,0,3747.000,1904.79
2527987669099,1660433605599,1096154940338,7164,83327,3747,0,0,3747.000,1904.79
2527987669099,1660433605599,1404654006909,13,81095,3747,0,0,3747.000,1904.79
2527987669099,1031696129654,1887067967898,335525,48995,3747,0,0,3747.000,1904.79
2527987669099,1031696129654,1281683778789,53,46683,3747,0,0,3747.000,1904.79
2527987669099,1534481766416,2285267890463,90201,46975,3747,0,0,3747.000,1904.79
2527987669099,1534481766416,611001297643,23,46326,3747,0,0,3747.000,1904.79
2527987669099,859234483183,1959672580388,440761,46892,3747,0,0,3747.000,1904.79
2527987669099,859234483183,844747300474,42,45577,3747,0,0,3747.000,1904.79
2527987669099,564263295945,318420100512,137447,46143,3747,0,0,3747.000,1904.79
2527987669099,564263295945,1054004112950,11,44994,3747,0,0,3747.000,1904.79
2527987669099,211700282486,70930188544,12220,46143,3747,0,0,3747.000,1904.79
2527987669099,211700282486,1010049893517,28,45160,3747,0,0,3747.000,1904.79
2527987669099,2283126636643,2048111040527,84656,45726,3747,0,0,3747.000,1904.79
2527987669099,2283126636643,1603580778512,43,45535,3747,0,0,3747.000,1904.79
2527987669099,88430917573,234666435697,71853,45143,3747,0,0,3747.000,1904.79
2527987669099,88430917573,778533664288,33,45035,3747,0,0,3747.000,1904.79
2528814536977,FAILED,FAILED,FAILED,FAILED,FAILED,FAILED,FAILED,FAILED,FAILED
2530373865683,1079918000348,1080383978290,454197,45368,3441,0,0,3441.000,2336.31
2530373865683,1079918000348,1112869609083,45,44393,3441,0,0,3441.000,2336.31
2530373865683,1402236284626,646082129719,400673,44702,3441,0,0,3441.000,2336.31
2530373865683,1402236284626,2248862360176,61,44059,3441,0,0,3441.000,2336.31
2530373865683,1090086411023,1618771486863,258543,45602,3441,0,0,3441.000,2336.31
2530373865683,1090086411023,2187823395211,26,45160,3441,0,0,3441.000,2336.31
2530373865683,1055817715801,1770715326845,34467,45785,3441,0,0,3441.000,2336.31
2530373865683,1055817715801,1937714269629,34,45808,3441,0,0,3441.000,2336.31
2530373865683,1219829737323,404207613532,112941,44142,3441,0,0,3441.000,2336.31
2530373865683,1219829737323,1791037351449,11,43618,3441,0,0,3441.000,2336.31
2530373865683,182346984644,463181192862,118130,44868,3441,0,0,3441.000,2336.31
2530373865683,182346984644,449051904584,62,44518,3441,0,0,3441.000,2336.31
2530373865683,1218567621506,2068530442064,41170,44326,3441,0,0,3441.000,2336.31
2530373865683,1218567621506,169707925377,43,44017,3441,0,0,3441.000,2336.31
2530373865683,1768332659769,1491453764209,144378,44702,3441,0,0,3441.000,2336.31
2530373865683,1768332659769,1689597227754,36,44059,3441,0,0,3441.000,2336.31
2530373865683,2325208927779,126366627603,343328,43643,3441,0,0,3441.000,2336.31
2530373865683,2325208927779,1499190287264,37,44118,3441,0,0,3441.000,2336.31
2530373865683,1690079159667,871656899887,93282,44934,3441,0,0,3441.000,2336.31
2530373865683,1690079159667,449273164336,17,44058,3441,0,0,3441.000,2336.31
2531192331301,2088705574392,1052959108267,146965,45351,3849,0,0,3849.000,5216.67
2531192331301,2088705574392,2366958468781,28,44827,3819,0,0,3819.000,5216.67
2531192331301,1076396235073,344169954964,538209,46808,3825,0,0,3825.000,5216.67
2531192331301,1076396235073,2500401266429,12,45911,3861,0,0,3861.000,5216.67
2531192331301,1675064801011,785927429151,118925,45868,3849,0,0,3849.000,5216.67
2531192331301,1675064801011,796503375168,19,45601,3861,0,0,3861.000,5216.67
2531192331301,2084893846951,1841673170741,225524,45327,3861,0,0,3861.000,5216.67
2531192331301,2084893846951,130065130716,25,45517,3873,0,0,3873.000,5216.67
2531192331301,682074532368,1543942708351,763681,46642,3843,0,0,3843.000,5216.67
2531192331301,682074532368,2344354732877,40,45952,3819,0,0,3819.000,5216.67
2531192331301,1791787604950,461704888593,1080098,46410,3831,0,0,3831.000,5216.67
2531192331301,1791787604950,124276441793,28,46809,3873,0,0,3873.000,5216.67
2531192331301,1576325331491,127619689889,10323,48368,3867,0,0,3867.000,5216.67
2531192331301,1576325331491,2445840456849,30,48267,3837,0,0,3837.000,5216.67
2531192331301,1353356925897,1574360671050,1017293,46685,3843,0,0,3843.000,5216.67
2531192331301,1353356925897,1873773209625,27,46702,3861,0,0,3861.000,5216.67
2531192331301,966693756677,1799849148219,88971,46743,3855,0,0,3855.000,5216.67
2531192331301,966693756677,1232029201750,19,46328,3843,0,0,3843.000,5216.67
2531192331301,288894668431,2470682284562,193643,88494,3879,0,0,3879.000,5216.67
2531192331301,288894668431,2283423332972,84,84053,3879,0,0,3879.000,5216.67
2533256237461,188528252009,1407843860590,282800,47285,3867,0,0,3867.000,4647.58
2533256237461,188528252009,1486579890896,41,46643,3855,0,0,3855.000,4647.58
2533256237461,1523866178157,1352379112903,49445,47160,3867,0,0,3867.000,4647.58
2533256237461,1523866178157,886789585881,40,46393,3825,0,0,3825.000,4647.58
2533256237461,1518295742195,1082000448208,390827,46661,3843,0,0,3843.000,4647.58
2533256237461,1518295742195,688291080652,44,46976,3879,0,0,3879.000,4647.58
2533256237461,665369402813,115580668708,648413,48577,3825,0,0,3825.000,4647.58
2533256237461,665369402813,1228465903181,17,47601,3825,0,0,3825.000,4647.58
2533256237461,2470868609086,944271003681,1028883,47493,3861,0,0,3861.000,4647.58
2533256237461,2470868609086,560940481576,24,46601,3873,0,0,3873.000,4647.58
2533256237461,53692748146,1491228090439,742045,47785,3843,0,0,3843.000,4647.58
2533256237461,53692748146,691297978057,1,46642,3849,0,0,3849.000,4647.58
2533256237461,1536241390416,2245631756089,122519,46934,3861,0,0,3861.000,4647.58
2533256237461,1536241390416,353406507348,42,46577,3843,0,0,3843.000,4647.58
2533256237461,1231807133643,354133504987,85292,48267,3825,0,0,3825.000,4647.58
2533256237461,1231807133643,1869688300213,22,48327,3843,0,0,3843.000,4647.58
2533256237461,425971810004,463255594296,207530,46643,3831,0,0,3831.000,4647.58
2533256237461,425971810004,2219759486723,35,45993,3819,0,0,3819.000,4647.58
2533256237461,1925051048551,1560055761795,13989,46727,3837,0,0,3837.000,4647.58
2533256237461,1925051048551,279428433878,26,46119,3855,0,0,3855.000,4647.58
2538018529909,267218478193,227161038554,41113,46827,3957,0,0,3957.000,3303.98
2538018529909,267218478193,1685964961280,72,45476,3927,0,0,3927.000,3303.98
2538018529909,1678563695288,405596180109,128585,46826,3945,0,0,3945.000,3303.98
2538018529909,1678563695288,809013061996,5,45892,3957,0,0,3957.000,3303.98
2538018529909,651745293878,28457655207,62538,45410,3951,0,0,3951.000,3303.98
2538018529909,651745293878,655799109152,9,45059,3927,0,0,3927.000,3303.98
2538018529909,544615700725,696137373215,155342,45268,3933,0,0,3933.000,3303.98
2538018529909,544615700725,2386040146214,27,44993,3969,0,0,3969.000,3303.98
2538018529909,384033884437,2134192106324,83074,45994,3939,0,0,3939.000,3303.98
2538018529909,384033884437,1352434676280,43,46975,3963,0,0,3963.000,3303.98
2538018529909,1613538060161,2301160974298,1009263,47744,3951,0,0,3951.000,3303.98
2538018529909,1613538060161,2290153616875,78,47268,3951,0,0,3951.000,3303.98
2538018529909,2393827287135,784603910081,197104,47952,3981,0,0,3981.000,3303.98
2538018529909,2393827287135,248323982402,20,46935,3945,0,0,3945.000,3303.98
2538018529909,2298589641165,880144650746,164862,48060,3957,0,0,3957.000,3303.98
2538018529909,2298589641165,1600446363558,41,46744,3963,0,0,3963.000,3303.98
2538018529909,1436538399671,917342340247,40555,47743,3975,0,0,3975.000,3303.98
2538018529909,1436538399671,1357621608699,42,46744,3921,0,0,3921.000,3303.98
2538018529909,1212680118722,2226528964469,618402,47684,3939,0,0,3939.000,3303.98
2538018529909,1212680118722,2331065061074,23,46202,3963,0,0,3963.000,3303.98
2538952974787,57157228153,2061879006056,1376714,46243,3696,0,0,3696.000,8649.73
2538952974787,57157228153,755796456683,36,45477,3696,0,0,3696.000,8649.73
2538952974787,277879116727,1025292847086,40643,46201,3696,0,0,3696.000,8649.73
2538952974787,277879116727,551763087834,32,45227,3696,0,0,3696.000,8649.73
2538952974787,1091674976695,1915930526713,1526860,47786,3696,0,0,3696.000,8649.73
2538952974787,1091674976695,1241103637686,65,46642,3696,0,0,3696.000,8649.73
2538952974787,425857197188,698099868726,752058,47934,3696,0,0,3696.000,8649.73
2538952974787,425857197188,1628761132897,29,46327,3696,0,0,3696.000,8649.73
2538952974787,2168382095984,958958637560,1639433,84720,3696,0,0,3696.000,8649.73
2538952974787,2168382095984,358021335934,43,81619,3696,0,0,3696.000,8649.73
2538952974787,739679004183,2376483947105,397805,45952,3696,0,0,3696.000,8649.73
2538952974787,739679004183,771492713574,29,45476,3696,0,0,3696.000,8649.73
2538952974787,1852090721163,775009918167,413791,47952,3696,0,0,3696.000,8649.73
2538952974787,1852090721163,1402845378068,22,46977,3696,0,0,3696.000,8649.73
2538952974787,1667341095599,525223332849,10034,47493,3696,0,0,3696.000,8649.73
2538952974787,1667341095599,2379959985506,48,46643,3696,0,0,3696.000,8649.73
2538952974787,2413740305745,108606670045,637244,47393,3696,0,0,3696.000,8649.73
2538952974787,2413740305745,492814522609,39,46494,3696,0,0,3696.000,8649.73
2538952974787,1809544547189,916471271007,327053,45060,3696,0,0,3696.000,8649.73
2538952974787,1809544547189,567336000161,46,44869,3696,0,0,3696.000,8649.73
2543687065879,812289084211,1321568256347,383147,45726,3492,0,0,3492.000,2678.24
2543687065879,812289084211,1889538415528,29,44660,3492,0,0,3492.000,2678.24
2543687065879,254532440004,912155509523,6655,45017,3492,0,0,3492.000,2678.24
2543687065879,254532440004,1155942933450,34,44453,3492,0,0,3492.000,2678.24
2543687065879,2533376954256,1554415424054,140294,44601,3492,0,0,3492.000,2678.24
2543687065879,2533376954256,14454875926,24,43951,3492,0,0,3492.000,2678.24
2543687065879,189737263205,539925114621,31506,44661,3492,0,0,3492.000,2678.24
2543687065879,189737263205,1260907042599,34,44392,3492,0,0,3492.000,2678.24
2543687065879,1331910686123,1872981950410,391170,46434,3492,0,0,3492.000,2678.24
2543687065879,1331910686123,1829185138492,26,46035,3492,0,0,3492.000,2678.24
2543687065879,1271545191558,342552446970,212318,45410,3492,0,0,3492.000,2678.24
2543687065879,1271545191558,1468580989859,17,44142,3492,0,0,3492.000,2678.24
2543687065879,2243684541851,1950693810958,336053,45160,3492,0,0,3492.000,2678.24
2543687065879,2243684541851,2087024684823,27,44642,3492,0,0,3492.000,2678.24
2543687065879,1927750266848,374363630215,136788,44619,3492,0,0,3492.000,2678.24
2543687065879,1927750266848,1506380233517,38,44393,3492,0,0,3492.000,2678.24
2543687065879,2426309843091,2070815363479,506845,45392,3492,0,0,3492.000,2678.24
2543687065879,2426309843091,2256592564411,52,45410,3492,0,0,3492.000,2678.24
2543687065879,332903099161,1490936950231,31174,45368,3492,0,0,3492.000,2678.24
2543687065879,332903099161,1965671624785,25,44560,3492,0,0,3492.000,2678.24
2545071043577,FAILED,FAILED,FAILED,FAILED,FAILED,FAILED,FAILED,FAILED,FAILED
2550315833971,663154966995,1610263133909,142922,44743,3747,0,0,3747.000,2350.25
2550315833971,663154966995,486911063357,42,44142,3747,0,0,3747.000,2350.25
2550315833971,518481914466,852183271929,96205,45685,3747,0,0,3747.000,2350.25
2550315833971,518481914466,42007538649,17,44077,3747,0,0,3747.000,2350.25
2550315833971,672803355923,180809184078,179314,45077,3747,0,0,3747.000,2350.25
2550315833971,672803355923,1563606329566,25,44393,3747,0,0,3747.000,2350.25
2550315833971,53687903045,2379052033332,93552,46976,3747,0,0,3747.000,2350.25
2550315833971,53687903045,67355249744,30,45368,3747,0,0,3747.000,2350.25
2550315833971,277139735785,1788350935908,67884,45744,3747,0,0,3747.000,2350.25
2550315833971,277139735785,1672738714255,38,44893,3747,0,0,3747.000,2350.25
2550315833971,2440644019724,1428742276331,93100,45351,3747,0,0,3747.000,2350.25
2550315833971,2440644019724,1416259696574,45,44433,3747,0,0,3747.000,2350.25
2550315833971,2264996561299,1429464857828,182112,45976,3747,0,0,3747.000,2350.25
2550315833971,2264996561299,1935753392557,53,44994,3747,0,0,3747.000,2350.25
2550315833971,771048014151,1354189416870,810718,45101,3747,0,0,3747.000,2350.25
2550315833971,771048014151,1692358017115,48,44911,3747,0,0,3747.000,2350.25
2550315833971,1814296669069,1699950067185,140048,44868,3747,0,0,3747.000,2350.25
2550315833971,1814296669069,1278968304608,17,44977,3747,0,0,3747.000,2350.25
2550315833971,1807544165345,2114428661839,119536,46225,3747,0,0,3747.000,2350.25
2550315833971,1807544165345,1836420002019,52,45786,3747,0,0,3747.000,2350.25
2554271765327,2378219893759,833705111863,435970,44410,3645,0,0,3645.000,5488.87
2554271765327,2378219893759,1982561492450,48,44435,3645,0,0,3645.000,5488.87
2554271765327,2368714483243,1437605524729,518873,44477,3645,0,0,3645.000,5488.87
2554271765327,2368714483243,2363764651167,55,44035,3645,0,0,3645.000,5488.87
2554271765327,1922236263831,1466680055071,920470,47226,3645,0,0,3645.000,5488.87
2554271765327,1922236263831,1058066627713,22,46368,3645,0,0,3645.000,5488.87
2554271765327,1229235448508,685660119807,277942,45726,3645,0,0,3645.000,5488.87
2554271765327,1229235448508,837090821773,52,45118,3645,0,0,3645.000,5488.87
2554271765327,609920003271,1537314726719,431589,45935,3645,0,0,3645.000,5488.87
2554271765327,609920003271,1167391851979,35,44600,3645,0,0,3645.000,5488.87
2554271765327,818359648877,2192440918281,319098,47410,3645,0,0,3645.000,5488.87
2554271765327,818359648877,2138866292638,23,47267,3645,0,0,3645.000,5488.87
2554271765327,1581795400942,1063209342789,75588,45267,3645,0,0,3645.000,5488.87
2554271765327,1581795400942,605037234349,36,44560,3645,0,0,3645.000,5488.87
2554271765327,1971084007924,1084391928785,903195,44558,3645,0,0,3645.000,5488.87
2554271765327,1971084007924,1352240152581,32,44993,3645,0,0,3645.000,5488.87
2554271765327,1891003611127,680184595072,142313,45476,3645,0,0,3645.000,5488.87
2554271765327,1891003611127,807810585971,23,45076,3645,0,0,3645.000,5488.87
2554271765327,2526195494776,469716229820,424614,81886,3645,0,0,3645.000,5488.87
2554271765327,2526195494776,2540537670224,61,79660,3645,0,0,3645.000,5488.87
2554594795691,399258997020,2142655584505,199429,44350,3645,0,0,3645.000,2452.83
2554594795691,399258997020,1803834050158,32,43726,3645,0,0,3645.000,2452.83
2554594795691,618550922095,1373986744515,160847,44243,3645,0,0,3645.000,2452.83
2554594795691,618550922095,1085922091867,22,43850,3645,0,0,3645.000,2452.83
2554594795691,104477262549,429732537179,146288,45160,3645,0,0,3645.000,2452.83
2554594795691,104477262549,754148754351,17,45184,3645,0,0,3645.000,2452.83
2554594795691,922047330512,1703944361972,297798,81785,3645,0,0,3645.000,2452.83
2554594795691,922047330512,2144837175475,3,79303,3645,0,0,3645.000,2452.83
2554594795691,912267692435,1812295822724,354007,45560,3645,0,0,3645.000,2452.83
2554594795691,912267692435,2242062766702,47,44785,3645,0,0,3645.000,2452.83
2554594795691,2545291240144,2145941540830,404706,46701,3645,0,0,3645.000,2452.83
2554594795691,2545291240144,79062718893,54,45244,3645,0,0,3645.000,2452.83
2554594795691,9644601085,902775511926,85645,45101,3645,0,0,3645.000,2452.83
2554594795691,9644601085,2229154674031,3,45701,3645,0,0,3645.000,2452.83
2554594795691,1516575156580,2315181636088,77314,45560,3645,0,0,3645.000,2452.83
2554594795691,1516575156580,361440945020,21,44994,3645,0,0,3645.000,2452.83
2554594795691,1091288134727,441172107968,99140,46160,3645,0,0,3645.000,2452.83
2554594795691,1091288134727,296829197404,24,45310,3645,0,0,3645.000,2452.83
2554594795691,953333337293,665772106143,245725,45326,3645,0,0,3645.000,2452.83
2554594795691,953333337293,138308506197,39,45976,3645,0,0,3645.000,2452.83
2559883125347,2498726708723,1343180208398,429478,45226,3492,0,0,3492.000,4755.24
2559883125347,2498726708723,1879889942341,4,45035,3492,0,0,3492.000,4755.24
2559883125347,2245466709947,1216954652822,531948,44618,3492,0,0,3492.000,4755.24
2559883125347,2245466709947,83891410161,42,43851,3492,0,0,3492.000,4755.24
2559883125347,2154474921931,807874982804,930196,45142,3492,0,0,3492.000,4755.24
2559883125347,2154474921931,1509642646666,29,44435,3492,0,0,3492.000,4755.24
2559883125347,1666516192741,1047769558251,113965,44935,3492,0,0,3492.000,4755.24
2559883125347,1666516192741,855481928134,41,44185,3492,0,0,3492.000,4755.24
2559883125347,513841705524,2391232372544,535492,45869,3492,0,0,3492.000,4755.24
2559883125347,513841705524,2287408599235,70,44893,3492,0,0,3492.000,4755.24
2559883125347,691712552606,285634297187,124184,45352,3492,0,0,3492.000,4755.24
2559883125347,691712552606,2190968162107,44,45035,3492,0,0,3492.000,4755.24
2559883125347,1012539486834,939629993335,213547,45601,3492,0,0,3492.000,4755.24
2559883125347,1012539486834,1163755265034,40,45201,3492,0,0,3492.000,4755.24
2559883125347,2087628841380,946787137740,92348,44785,3492,0,0,3492.000,4755.24
2559883125347,2087628841380,1803418482305,26,44476,3492,0,0,3492.000,4755.24
2559883125347,2238351783663,1985584068217,48428,45726,3492,0,0,3492.000,4755.24
2559883125347,2238351783663,940196107554,38,44868,3492,0,0,3492.000,4755.24
2559883125347,1328553740966,988551289370,924038,46576,3492,0,0,3492.000,4755.24
2559883125347,1328553740966,2342026731213,41,45560,3492,0,0,3492.000,4755.24
2560830676507,837755067321,2477786766903,233615,44935,3747,0,0,3747.000,3202.64
2560830676507,837755067321,1066679202799,45,44702,3747,0,0,3747.000,3202.64
2560830676507,158414408300,2425248543163,44670,46060,3747,0,0,3747.000,3202.64
2560830676507,158414408300,1406258157520,36,44577,3747,0,0,3747.000,3202.64
2560830676507,377705808131,1226603582558,448873,47435,3747,0,0,3747.000,3202.64
2560830676507,377705808131,2228411567143,57,46576,3747,0,0,3747.000,3202.64
2560830676507,2043135324841,246464633798,440474,47518,3747,0,0,3747.000,3202.64
2560830676507,2043135324841,547572685495,17,46535,3747,0,0,3747.000,3202.64
2560830676507,276187540988,2087771657225,147210,48118,3747,0,0,3747.000,3202.64
2560830676507,276187540988,297108335870,21,47101,3747,0,0,3747.000,3202.64
2560830676507,533745541166,1650264216839,52349,46910,3747,0,0,3747.000,3202.64
2560830676507,533745541166,2553344258312,32,46435,3747,0,0,3747.000,3202.64
2560830676507,1743356116248,827185481987,306182,46368,3747,0,0,3747.000,3202.64
2560830676507,1743356116248,1373823260698,42,46102,3747,0,0,3747.000,3202.64
2560830676507,823615151734,867832544139,381665,45101,3747,0,0,3747.000,3202.64
2560830676507,823615151734,310671420966,51,45202,3747,0,0,3747.000,3202.64
2560830676507,176050576072,1134812061043,519368,46869,3747,0,0,3747.000,3202.64
2560830676507,176050576072,1053799267272,69,45809,3747,0,0,3747.000,3202.64
2560830676507,1951490556583,705784559457,143426,45994,3747,0,0,3747.000,3202.64
2560830676507,1951490556583,928487712211,53,44559,3747,0,0,3747.000,3202.64
2562239943973,658659991925,1122419999920,161138,45850,3705,0,0,3705.000,3031.09
2562239943973,658659991925,283680928214,23,46035,3747,0,0,3747.000,3031.09
2562239943973,1630698539106,1057340759140,253331,45828,3711,0,0,3711.000,3031.09
2562239943973,1630698539106,560183230275,25,46309,3741,0,0,3741.000,3031.09
2562239943973,2542850576054,830059393661,10148,45976,3753,0,0,3753.000,3031.09
2562239943973,2542850576054,89792373536,47,45951,3765,0,0,3765.000,3031.09
2562239943973,1187940497500,1709805213373,254893,46143,3753,0,0,3753.000,3031.09
2562239943973,1187940497500,2436837117468,40,46243,3765,0,0,3765.000,3031.09
2562239943973,1353198801692,1259666945146,373888,45576,3717,0,0,3717.000,3031.09
2562239943973,1353198801692,2257366520418,30,45893,3741,0,0,3741.000,3031.09
2562239943973,105226111789,1473030863897,76380,46869,3747,0,0,3747.000,3031.09
2562239943973,105226111789,1922430446037,45,46518,3765,0,0,3765.000,3031.09
2562239943973,46091611679,450410338544,147724,46369,3729,0,0,3729.000,3031.09
2562239943973,46091611679,255205094958,5,46018,3735,0,0,3735.000,3031.09
2562239943973,2502753974251,775665102450,14916,46326,3753,0,0,3753.000,3031.09
2562239943973,2502753974251,1574784556269,50,46435,3741,0,0,3741.000,3031.09
2562239943973,2012549536882,884706164438,255878,45493,3729,0,0,3729.000,3031.09
2562239943973,2012549536882,494926519839,49,45935,3741,0,0,3741.000,3031.09
2562239943973,685321770223,1028984472043,883599,45744,3753,0,0,3753.000,3031.09
2562239943973,685321770223,2223442728441,37,46059,3735,0,0,3735.000,3031.09
2564303924657,FAILED,FAILED,FAILED,FAILED,FAILED,FAILED,FAILED,FAILED,FAILED
2569513655353,FAILED,FAILED,FAILED,FAILED,FAILED,FAILED,FAILED,FAILED,FAILED
2571768730211,1262629742732,1702315658667,488614,45934,3645,0,0,3645.000,1686.81
2571768730211,1262629742732,1196587267698,36,45035,3645,0,0,3645.000,1686.81
2571768730211,2050324222740,2129749433615,83346,44660,3645,0,0,3645.000,1686.81
2571768730211,2050324222740,1286296304360,17,44683,3645,0,0,3645.000,1686.81
2571768730211,825142962209,819980767212,23610,45350,3645,0,0,3645.000,1686.81
2571768730211,825142962209,1295727994478,31,44869,3645,0,0,3645.000,1686.81
2571768730211,2001096833096,2364985967825,154076,46350,3645,0,0,3645.000,1686.81
2571768730211,2001096833096,1588001562223,23,45660,3645,0,0,3645.000,1686.81
2571768730211,1765210118322,30351283173,125770,46244,3645,0,0,3645.000,1686.81
2571768730211,1765210118322,479651910160,35,45975,3645,0,0,3645.000,1686.81
2571768730211,2324004654972,2451335648453,16459,45225,3645,0,0,3645.000,1686.81
2571768730211,2324004654972,2113205163675,47,45244,3645,0,0,3645.000,1686.81
2571768730211,2173189874002,1728830913685,55861,46452,3645,0,0,3645.000,1686.81
2571768730211,2173189874002,992951962642,69,45726,3645,0,0,3645.000,1686.81
2571768730211,891335244770,2512748887461,173266,45350,3645,0,0,3645.000,1686.81
2571768730211,891335244770,2361738942539,49,44243,3645,0,0,3645.000,1686.81
2571768730211,886281672801,643689298972,201494,45643,3645,0,0,3645.000,1686.81
2571768730211,886281672801,996811371300,36,45201,3645,0,0,3645.000,1686.81
2571768730211,2157069275743,2023661835254,80957,45035,3645,0,0,3645.000,1686.81
2571768730211,2157069275743,455457456961,9,45059,3645,0,0,3645.000,1686.81
2576303164621,1630058950894,73713218596,626571,47102,3912,0,0,3912.000,4593.43
2576303164621,1630058950894,413468965753,32,46410,3876,0,0,3876.000,4593.43
2576303164621,177808381902,2456591880227,264529,47225,3906,0,0,3906.000,4593.43
2576303164621,177808381902,1480257844346,43,47077,3918,0,0,3918.000,4593.43
2576303164621,1881521136898,1440972876653,975170,48036,3936,0,0,3936.000,4593.43
2576303164621,1881521136898,1892595016910,62,46308,3906,0,0,3906.000,4593.43
2576303164621,2246711010759,1770739524252,512420,48142,3888,0,0,3888.000,4593.43
2576303164621,2246711010759,1050676837894,70,48161,3906,0,0,3906.000,4593.43
2576303164621,980139279281,511393929993,258541,46102,3906,0,0,3906.000,4593.43
2576303164621,980139279281,1867467528344,4,46160,3906,0,0,3906.000,4593.43
2576303164621,1980434646887,1416676420009,148170,46725,3906,0,0,3906.000,4593.43
2576303164621,1980434646887,556807689336,37,45369,3912,0,0,3912.000,4593.43
2576303164621,2135495959183,742447704949,10962,45868,3870,0,0,3870.000,4593.43
2576303164621,2135495959183,1737085380082,29,45977,3900,0,0,3900.000,4593.43
2576303164621,2209300578616,875116292912,25992,46035,3882,0,0,3882.000,4593.43
2576303164621,2209300578616,719989699152,27,45934,3906,0,0,3906.000,4593.43
2576303164621,974411388778,96141516345,39215,85201,3906,0,0,3906.000,4593.43
2576303164621,974411388778,594928850726,99,83887,3918,0,0,3918.000,4593.43
2576303164621,1931585860155,327956142866,771343,46642,3936,0,0,3936.000,4593.43
2576303164621,1931585860155,129828794826,20,46785,3918,0,0,3918.000,4593.43
2583252975943,2340353607194,2324485912263,29866,45911,3543,0,0,3543.000,4101.71
2583252975943,2340353607194,842677793613,18,44725,3543,0,0,3543.000,4101.71
2583252975943,2227646598710,1784917210834,280169,45602,3543,0,0,3543.000,4101.71
2583252975943,2227646598710,1522789058485,59,44660,3543,0,0,3543.000,4101.71
2583252975943,738671869508,1580891293855,523530,44326,3543,0,0,3543.000,4101.71
2583252975943,738671869508,1624437696596,25,44435,3543,0,0,3543.000,4101.71
2583252975943,1415322385375,1443909925855,249686,44851,3543,0,0,3543.000,4101.71
2583252975943,1415322385375,2133128551735,27,44368,3543,0,0,3543.000,4101.71
2583252975943,1811752670176,1706802040615,209512,47268,3543,0,0,3543.000,4101.71
2583252975943,1811752670176,35044804656,32,46910,3543,0,0,3543.000,4101.71
2583252975943,1778735007456,1636673668173,1230011,45643,3543,0,0,3543.000,4101.71
2583252975943,1778735007456,2421226264383,32,44576,3543,0,0,3543.000,4101.71
2583252975943,289666631727,1326310495069,306207,45308,3543,0,0,3543.000,4101.71
2583252975943,289666631727,2567076600943,62,44619,3543,0,0,3543.000,4101.71
2583252975943,76118469417,2333493402106,25629,81677,3543,0,0,3543.000,4101.71
2583252975943,76118469417,1773597498213,76,80636,3543,0,0,3543.000,4101.71
2583252975943,2423236027336,972498997654,506466,45076,3543,0,0,3543.000,4101.71
2583252975943,2423236027336,970654212431,29,44893,3543,0,0,3543.000,4101.71
2583252975943,1197394344848,2269027380088,130789,44893,3543,0,0,3543.000,4101.71
2583252975943,1197394344848,2135667144450,19,44702,3543,0,0,3543.000,4101.71
2583429666523,1424191565216,2557756704008,20719,45244,3594,0,0,3594.000,3275.69
2583429666523,1424191565216,1259861204776,27,44684,3594,0,0,3594.000,3275.69
2583429666523,560012965265,1086102040479,581393,46369,3594,0,0,3594.000,3275.69
2583429666523,560012965265,2028467914770,21,45100,3594,0,0,3594.000,3275.69
2583429666523,2457693233373,735569101823,133963,45685,3594,0,0,3594.000,3275.69
2583429666523,2457693233373,1653540418724,44,45660,3594,0,0,3594.000,3275.69
2583429666523,1506980406746,2409402866700,625226,44785,3594,0,0,3594.000,3275.69
2583429666523,1506980406746,1743590949180,32,45060,3594,0,0,3594.000,3275.69
2583429666523,646443987866,2320869695180,97426,46476,3594,0,0,3594.000,3275.69
2583429666523,646443987866,2404215476597,32,44868,3594,0,0,3594.000,3275.69
2583429666523,244350788177,2020513873690,151174,46076,3594,0,0,3594.000,3275.69
2583429666523,244350788177,571282614366,33,44810,3594,0,0,3594.000,3275.69
2583429666523,2522481887148,1224103613672,425432,45559,3594,0,0,3594.000,3275.69
2583429666523,2522481887148,653107004223,41,46535,3594,0,0,3594.000,3275.69
2583429666523,475317695977,1639169050526,322928,44993,3594,0,0,3594.000,3275.69
2583429666523,475317695977,562411279945,56,44518,3594,0,0,3594.000,3275.69
2583429666523,1579644160943,2083179123043,13522,45119,3594,0,0,3594.000,3275.69
2583429666523,1579644160943,363615820824,36,44851,3594,0,0,3594.000,3275.69
2583429666523,1457131596736,762191362261,348151,45183,3594,0,0,3594.000,3275.69
2583429666523,1457131596736,2436936141384,57,44994,3594,0,0,3594.000,3275.69
2584669421713,FAILED,FAILED,FAILED,FAILED,FAILED,FAILED,FAILED,FAILED,FAILED
2588196426701,1216738492814,75813874619,52800,46225,3879,0,0,3879.000,2715.66
2588196426701,1216738492814,1181860080843,7,45244,3861,0,0,3861.000,2715.66
2588196426701,957213797178,536461574784,330605,44685,3855,0,0,3855.000,2715.66
2588196426701,957213797178,942738924417,42,45160,3831,0,0,3831.000,2715.66
2588196426701,117178493188,985539064511,16274,45560,3861,0,0,3861.000,2715.66
2588196426701,117178493188,683592004963,20,45743,3867,0,0,3867.000,2715.66
2588196426701,1039490134264,782180082081,82231,45477,3831,0,0,3831.000,2715.66
2588196426701,1039490134264,2334243344473,15,44952,3855,0,0,3855.000,2715.66
2588196426701,202946043499,1970614855063,1067,45410,3849,0,0,3849.000,2715.66
2588196426701,202946043499,623478849432,31,44767,3837,0,0,3837.000,2715.66
2588196426701,2377531096273,2123696970233,68941,46576,3849,0,0,3849.000,2715.66
2588196426701,2377531096273,128206775370,48,46100,3861,0,0,3861.000,2715.66
2588196426701,1647120463524,973216592213,532252,47267,3855,0,0,3855.000,2715.66
2588196426701,1647120463524,476396612920,52,46577,3867,0,0,3867.000,2715.66
2588196426701,1630916481418,1765611620962,180099,46827,3831,0,0,3831.000,2715.66
2588196426701,1630916481418,1626272393926,23,46326,3873,0,0,3873.000,2715.66
2588196426701,64343274093,1229743075136,109198,46993,3831,0,0,3831.000,2715.66
2588196426701,64343274093,2196101080026,30,46185,3831,0,0,3831.000,2715.66
2588196426701,1457508777319,247527296128,771444,47310,3855,0,0,3855.000,2715.66
2588196426701,1457508777319,662321944175,47,46493,3855,0,0,3855.000,2715.66
2589200327449,FAILED,FAILED,FAILED,FAILED,FAILED,FAILED,FAILED,FAILED,FAILED
2590427546953,FAILED,FAILED,FAILED,FAILED,FAILED,FAILED,FAILED,FAILED,FAILED
2594881146541,1801023819151,1338810370459,599709,47160,3810,0,0,3810.000,3196.36
2594881146541,1801023819151,573091181043,39,46310,3774,0,0,3774.000,3196.36
2594881146541,2458964638491,657209618096,187084,47476,3810,0,0,3810.000,3196.36
2594881146541,2458964638491,96745871308,34,45660,3804,0,0,3804.000,3196.36
2594881146541,2021013344323,1740859505007,122392,48618,3762,0,0,3762.000,3196.36
2594881146541,2021013344323,2498270031957,36,47768,3828,0,0,3828.000,3196.36
2594881146541,237052596847,791156239541,196044,97887,3804,0,0,3804.000,3196.36
2594881146541,237052596847,1669073666204,76,82845,3816,0,0,3816.000,3196.36
2594881146541,2451607020602,1852383537039,911172,47935,3792,0,0,3792.000,3196.36
2594881146541,2451607020602,2475856957351,43,46660,3786,0,0,3786.000,3196.36
2594881146541,81025884929,746601691790,30039,47077,3822,0,0,3822.000,3196.36
2594881146541,81025884929,211692358290,54,46601,3828,0,0,3828.000,3196.36
2594881146541,62020608485,1930770370172,12523,46434,3792,0,0,3792.000,3196.36
2594881146541,62020608485,1834373869127,34,46701,3774,0,0,3774.000,3196.36
2594881146541,290732284143,1059428797938,191304,46893,3810,0,0,3810.000,3196.36
2594881146541,290732284143,1872521698779,47,45910,3786,0,0,3786.000,3196.36
2594881146541,889359397749,171687979170,55046,46309,3816,0,0,3816.000,3196.36
2594881146541,889359397749,2496117264062,42,46910,3810,0,0,3810.000,3196.36
2594881146541,318133950483,2276348548233,250780,47642,3822,0,0,3822.000,3196.36
2594881146541,318133950483,2051243677142,31,46786,3822,0,0,3822.000,3196.36
2604714037853,287567434862,1224055828075,104599,45101,3735,0,0,3735.000,1250.39
2604714037853,287567434862,2056770268906,29,44369,3741,0,0,3741.000,1250.39
2604714037853,726158522150,580237432039,41260,45518,3753,0,0,3753.000,1250.39
2604714037853,726158522150,1571062777339,27,45160,3765,0,0,3765.000,1250.39
2604714037853,128330642333,1125255719718,5858,44910,3753,0,0,3753.000,1250.39
2604714037853,128330642333,99222250286,25,44977,3765,0,0,3765.000,1250.39
2604714037853,1957776839477,2281035437771,51403,44893,3753,0,0,3753.000,1250.39
2604714037853,1957776839477,2528772133923,27,44619,3735,0,0,3735.000,1250.39
2604714037853,1303692878957,2115533744645,165529,46185,3747,0,0,3747.000,1250.39
2604714037853,1303692878957,1821852123218,35,45327,3741,0,0,3741.000,1250.39
2604714037853,2273496830650,2596026723201,219997,47808,3765,0,0,3765.000,1250.39
2604714037853,2273496830650,1729774404505,11,46076,3747,0,0,3747.000,1250.39
2604714037853,1570879197985,1773811100384,210892,48243,3723,0,0,3723.000,1250.39
2604714037853,1570879197985,510352876009,26,47518,3771,0,0,3771.000,1250.39
2604714037853,2049379299566,2010818036277,20601,47535,3753,0,0,3753.000,1250.39
2604714037853,2049379299566,326066687781,20,47810,3741,0,0,3741.000,1250.39
2604714037853,1621764981665,2517389324853,73049,46785,3765,0,0,3765.000,1250.39
2604714037853,1621764981665,2432661770872,56,45976,3735,0,0,3735.000,1250.39
2604714037853,412155333585,480067611626,143207,45352,3741,0,0,3741.000,1250.39
2604714037853,412155333585,529851237918,42,45368,3741,0,0,3741.000,1250.39
2609117046013,337877961473,2049031027739,1225351,46285,4002,0,0,4002.000,3790.01
2609117046013,337877961473,625250977599,31,46226,4026,0,0,4026.000,3790.01
2609117046013,158513387163,1741470246244,34788,47327,4002,0,0,4002.000,3790.01
2609117046013,158513387163,390658771038,16,46684,3972,0,0,3972.000,3790.01
2609117046013,749706187870,909653927849,327625,47518,4008,0,0,4008.000,3790.01
2609117046013,749706187870,1099910081741,30,46869,4014,0,0,4014.000,3790.01
2609117046013,2226586985183,751199939741,502621,47243,3978,0,0,3978.000,3790.01
2609117046013,2226586985183,1330438991379,16,45643,3990,0,0,3990.000,3790.01
2609117046013,2274504532669,381056755430,28157,88243,4020,0,0,4020.000,3790.01
2609117046013,2274504532669,1610873535734,97,86720,3984,0,0,3984.000,3790.01
2609117046013,1887502671919,134887148020,409882,47618,4026,0,0,4026.000,3790.01
2609117046013,1887502671919,434912916854,20,46310,3978,0,0,3978.000,3790.01
2609117046013,1930958213396,1035548704756,47741,47726,4020,0,0,4020.000,3790.01
2609117046013,1930958213396,1111789468238,32,46060,3984,0,0,3984.000,3790.01
2609117046013,640013113905,2171371198793,22697,46410,4008,0,0,4008.000,3790.01
2609117046013,640013113905,1603998215410,41,46893,3984,0,0,3984.000,3790.01
2609117046013,1178813815691,782175633541,109360,47642,4020,0,0,4020.000,3790.01
2609117046013,1178813815691,1920112129533,3,46828,4014,0,0,4014.000,3790.01
2609117046013,905979798773,1457185148026,263412,46743,3978,0,0,3978.000,3790.01
2609117046013,905979798773,1726641732092,53,46059,3996,0,0,3996.000,3790.01
2621393468503,2123231252844,2203120524248,723504,45934,3798,0,0,3798.000,2781.42
2621393468503,2123231252844,764385309240,27,44951,3798,0,0,3798.000,2781.42
2621393468503,230580294359,277533951977,105688,44827,3798,0,0,3798.000,2781.42
2621393468503,230580294359,2328050616738,8,44934,3798,0,0,3798.000,2781.42
2621393468503,1095658066785,2393450203628,389188,46768,3798,0,0,3798.000,2781.42
2621393468503,1095658066785,1592123953134,39,45119,3798,0,0,3798.000,2781.42
2621393468503,1884845172704,2241562054580,89185,47327,3798,0,0,3798.000,2781.42
2621393468503,1884845172704,27225291523,58,47227,3798,0,0,3798.000,2781.42
2621393468503,614811807715,1171987346864,82681,44827,3798,0,0,3798.000,2781.42
2621393468503,614811807715,2299083491507,33,44601,3798,0,0,3798.000,2781.42
2621393468503,1923896653798,159177235269,441633,84427,3798,0,0,3798.000,2781.42
2621393468503,1923896653798,2433722865270,63,82886,3798,0,0,3798.000,2781.42
2621393468503,337484893956,1819742655825,140612,46743,3798,0,0,3798.000,2781.42
2621393468503,337484893956,611225876338,27,44976,3798,0,0,3798.000,2781.42
2621393468503,1798754446296,2292114580383,295377,45268,3798,0,0,3798.000,2781.42
2621393468503,1798754446296,1870942119550,38,44827,3798,0,0,3798.000,2781.42
2621393468503,2037379224929,2303584241662,40399,45309,3798,0,0,3798.000,2781.42
2621393468503,2037379224929,1572965461068,43,45368,3798,0,0,3798.000,2781.42
2621393468503,2058602266974,781631911696,65787,46767,3798,0,0,3798.000,2781.42
2621393468503,2058602266974,1955629857515,18,46994,3798,0,0,3798.000,2781.42
2621510421683,55806394455,1538679391497,16704,45059,3645,0,0,3645.000,4500.38
2621510421683,55806394455,1192788486540,34,44743,3645,0,0,3645.000,4500.38
2621510421683,564895403658,343780481763,30540,82595,3645,0,0,3645.000,4500.38
2621510421683,564895403658,348989070546,87,80118,3645,0,0,3645.000,4500.38
2621510421683,2400528065110,1414191476540,586724,45851,3645,0,0,3645.000,4500.38
2621510421683,2400528065110,936097481143,31,44702,3645,0,0,3645.000,4500.38
2621510421683,2382727586757,1689478399581,1679122,46477,3645,0,0,3645.000,4500.38
2621510421683,2382727586757,2075198513585,21,45118,3645,0,0,3645.000,4500.38
2621510421683,2162104535932,1885915349063,249090,45327,3645,0,0,3645.000,4500.38
2621510421683,2162104535932,1986927438708,28,44310,3645,0,0,3645.000,4500.38
2621510421683,1027879793651,173577619970,291283,45827,3645,0,0,3645.000,4500.38
2621510421683,1027879793651,1235025421359,34,44685,3645,0,0,3645.000,4500.38
2621510421683,1764935458018,741939666494,154491,45452,3645,0,0,3645.000,4500.38
2621510421683,1764935458018,535884339345,21,45060,3645,0,0,3645.000,4500.38
2621510421683,107436031603,946118851752,506115,45285,3645,0,0,3645.000,4500.38
2621510421683,107436031603,159122082709,33,44851,3645,0,0,3645.000,4500.38
2621510421683,1675524950712,947279639878,40291,47184,3645,0,0,3645.000,4500.38
2621510421683,1675524950712,639509175915,53,46600,3645,0,0,3645.000,4500.38
2621510421683,1504629692189,519943980870,249621,44850,3645,0,0,3645.000,4500.38
2621510421683,1504629692189,657685474960,55,44661,3645,0,0,3645.000,4500.38
2621716630277,916828403246,1125032923004,345432,46619,3783,0,0,3783.000,4260.20
2621716630277,916828403246,308940815268,29,46600,3735,0,0,3735.000,4260.20
2621716630277,1086750938287,1920042349054,181074,47327,3753,0,0,3753.000,4260.20
2621716630277,1086750938287,2392974928128,18,46518,3759,0,0,3759.000,4260.20
2621716630277,896876803818,482833298872,285717,45726,3729,0,0,3729.000,4260.20
2621716630277,896876803818,556580831472,16,45785,3747,0,0,3747.000,4260.20
2621716630277,2361356876580,869495379974,22837,45868,3735,0,0,3735.000,4260.20
2621716630277,2361356876580,2216048008616,27,45392,3777,0,0,3777.000,4260.20
2621716630277,2303327595761,2413003651416,49946,47684,3771,0,0,3771.000,4260.20
2621716630277,2303327595761,217285224603,43,46369,3747,0,0,3747.000,4260.20
2621716630277,833635599262,1538139148919,246798,48184,3729,0,0,3729.000,4260.20
2621716630277,833635599262,2105274840470,35,47535,3729,0,0,3729.000,4260.20
2621716630277,1879989611162,1993925100968,1301479,46993,3723,0,0,3723.000,4260.20
2621716630277,1879989611162,2561393250518,39,45892,3735,0,0,3735.000,4260.20
2621716630277,1531412471850,107944333883,442085,45892,3741,0,0,3741.000,4260.20
2621716630277,1531412471850,1433432013332,40,46078,3741,0,0,3741.000,4260.20
2621716630277,1853560729407,115823947196,200630,45809,3741,0,0,3741.000,4260.20
2621716630277,1853560729407,482706152321,41,45952,3705,0,0,3705.000,4260.20
2621716630277,2113410289504,1359833131033,395758,45975,3777,0,0,3777.000,4260.20
2621716630277,2113410289504,2357825251479,43,45827,3753,0,0,3753.000,4260.20
2630540492161,FAILED,FAILED,FAILED,FAILED,FAILED,FAILED,FAILED,FAILED,FAILED
2631148140059,1697023645049,1590553827905,65923,45452,3696,0,0,3696.000,1518.43
2631148140059,1697023645049,674431172911,29,44976,3696,0,0,3696.000,1518.43
2631148140059,1547135517780,419430876801,3457,46243,3696,0,0,3696.000,1518.43
2631148140059,1547135517780,1209018716559,21,45476,3696,0,0,3696.000,1518.43
2631148140059,629510808291,885499277202,33327,84261,3696,0,0,3696.000,1518.43
2631148140059,629510808291,2593949598400,11,80035,3696,0,0,3696.000,1518.43
2631148140059,1218390292503,1300332153089,42713,44869,3696,0,0,3696.000,1518.43
2631148140059,1218390292503,525956689155,44,44684,3696,0,0,3696.000,1518.43
2631148140059,776379680782,715419662604,307143,82993,3696,0,0,3696.000,1518.43
2631148140059,776379680782,2495719788355,62,81012,3696,0,0,3696.000,1518.43
2631148140059,1153437070688,57211374389,10129,46018,3696,0,0,3696.000,1518.43
2631148140059,1153437070688,86486492421,30,45076,3696,0,0,3696.000,1518.43
2631148140059,2419852645685,2241654988091,189990,82387,3696,0,0,3696.000,1518.43
2631148140059,2419852645685,2483006006252,61,80303,3696,0,0,3696.000,1518.43
2631148140059,257406900961,815651973188,493488,46702,3696,0,0,3696.000,1518.43
2631148140059,257406900961,509427788264,34,46976,3696,0,0,3696.000,1518.43
2631148140059,2479893900600,2432454186221,16081,44518,3696,0,0,3696.000,1518.43
2631148140059,2479893900600,2117029265238,34,44326,3696,0,0,3696.000,1518.43
2631148140059,1954146028328,437787299098,36971,45743,3696,0,0,3696.000,1518.43
2631148140059,1954146028328,1581844573249,33,44976,3696,0,0,3696.000,1518.43
2636894417401,FAILED,FAILED,FAILED,FAILED,FAILED,FAILED,FAILED,FAILED,FAILED
2637645766337,FAILED,FAILED,FAILED,FAILED,FAILED,FAILED,FAILED,FAILED,FAILED
2637742382213,2232112219862,2409563460895,12201,47826,3753,0,0,3753.000,1827.29
2637742382213,2232112219862,2287450803324,26,46810,3741,0,0,3741.000,1827.29
2637742382213,1026111193195,1003632146020,87638,46535,3747,0,0,3747.000,1827.29
2637742382213,1026111193195,2505939749741,37,46142,3777,0,0,3777.000,1827.29
2637742382213,2560850129765,1517986791581,316282,46893,3747,0,0,3747.000,1827.29
2637742382213,2560850129765,2321381583472,16,45993,3753,0,0,3753.000,1827.29
2637742382213,878724461273,1969571105743,6866,45601,3765,0,0,3765.000,1827.29
2637742382213,878724461273,1456145136459,42,46203,3741,0,0,3741.000,1827.29
2637742382213,832369769489,2149339529807,137271,47202,3729,0,0,3729.000,1827.29
2637742382213,832369769489,2457654374232,25,47160,3765,0,0,3765.000,1827.29
2637742382213,1611683663413,448032894187,130131,45977,3759,0,0,3759.000,1827.29
2637742382213,1611683663413,849656352738,39,45701,3741,0,0,3741.000,1827.29
2637742382213,295450850963,775446519333,180525,48202,3747,0,0,3747.000,1827.29
2637742382213,295450850963,2226425137343,51,46684,3735,0,0,3735.000,1827.29
2637742382213,1509151966738,1554344498513,279321,46618,3777,0,0,3777.000,1827.29
2637742382213,1509151966738,566119930070,47,46060,3771,0,0,3771.000,1827.29
2637742382213,2350238833993,739224513145,252302,46184,3711,0,0,3711.000,1827.29
2637742382213,2350238833993,772120004665,25,45785,3771,0,0,3771.000,1827.29
2637742382213,103532464139,2486231102300,48597,45518,3771,0,0,3771.000,1827.29
2637742382213,103532464139,1878435143370,33,45618,3741,0,0,3741.000,1827.29
2645875168597,798121446062,1009057681043,118379,46976,3714,0,0,3714.000,1620.02
2645875168597,798121446062,450852604888,20,45868,3696,0,0,3696.000,1620.02
2645875168597,2266041042313,1264544454532,19908,46285,3726,0,0,3726.000,1620.02
2645875168597,2266041042313,1316192560280,67,45517,3708,0,0,3708.000,1620.02
2645875168597,791634452486,773556368753,23674,83261,3702,0,0,3702.000,1620.02
2645875168597,791634452486,1663731704730,76,81428,3708,0,0,3708.000,1620.02
2645875168597,224772820005,2323855493473,289558,45576,3720,0,0,3720.000,1620.02
2645875168597,224772820005,2579315146755,42,45601,3684,0,0,3684.000,1620.02
2645875168597,2196851961684,887482380433,37545,47536,3702,0,0,3702.000,1620.02
2645875168597,2196851961684,921807244261,36,46309,3696,0,0,3696.000,1620.02
2645875168597,1303609598250,2067571635443,120971,45910,3714,0,0,3714.000,1620.02
2645875168597,1303609598250,1560041325684,45,45559,3684,0,0,3684.000,1620.02
2645875168597,2334194433351,1732091732500,16015,46351,3672,0,0,3672.000,1620.02
2645875168597,2334194433351,748681852310,67,45577,3666,0,0,3666.000,1620.02
2645875168597,482632787310,322945852291,373116,46601,3690,0,0,3690.000,1620.02
2645875168597,482632787310,1934033914122,33,45869,3684,0,0,3684.000,1620.02
2645875168597,991032572934,660913070983,192139,46868,3684,0,0,3684.000,1620.02
2645875168597,991032572934,247583932785,30,45685,3690,0,0,3690.000,1620.02
2645875168597,2622632871740,2184993312868,178524,83094,3714,0,0,3714.000,1620.02
2645875168597,2622632871740,2182775569870,9,81261,3702,0,0,3702.000,1620.02
2645939217461,1220784657206,1719673174576,196719,46077,3576,0,0,3576.000,3921.77
2645939217461,1220784657206,2283359466108,65,45785,3570,0,0,3570.000,3921.77
2645939217461,40489189915,504189499771,469623,46119,3594,0,0,3594.000,3921.77
2645939217461,40489189915,712295849693,52,46267,3612,0,0,3612.000,3921.77
2645939217461,1419015284373,1778712658622,205250,46434,3582,0,0,3582.000,3921.77
2645939217461,1419015284373,457215344771,30,45743,3600,0,0,3600.000,3921.77
2645939217461,1959933887903,37563202231,291202,46767,3612,0,0,3612.000,3921.77
2645939217461,1959933887903,2434498357135,38,46035,3600,0,0,3600.000,3921.77
2645939217461,2416790742864,239742577110,42929,45535,3600,0,0,3600.000,3921.77
2645939217461,2416790742864,70737078583,42,45226,3570,0,0,3570.000,3921.77
2645939217461,481704726616,1988461049504,285453,82803,3594,0,0,3594.000,3921.77
2645939217461,481704726616,2127866749647,41,80844,3564,0,0,3564.000,3921.77
2645939217461,1392571224012,473011932414,326281,83219,3582,0,0,3582.000,3921.77
2645939217461,1392571224012,982441918568,68,81702,3630,0,0,3630.000,3921.77
2645939217461,1158498043095,2048569054360,237796,44785,3576,0,0,3576.000,3921.77
2645939217461,1158498043095,2136494941638,23,45184,3600,0,0,3600.000,3921.77
2645939217461,2033532639045,145301006487,138473,46660,3582,0,0,3582.000,3921.77
2645939217461,2033532639045,431339157732,68,45352,3600,0,0,3600.000,3921.77
2645939217461,1883594640932,2086502769051,899989,82720,3606,0,0,3606.000,3921.77
2645939217461,1883594640932,1363960394334,52,81220,3582,0,0,3582.000,3921.77
2646153158591,195764482319,2131910690390,754001,45368,3594,0,0,3594.000,4372.99
2646153158591,195764482319,2621948895466,39,44434,3594,0,0,3594.000,4372.99
2646153158591,592382879790,94718341557,598185,44435,3594,0,0,3594.000,4372.99
2646153158591,592382879790,2463319760080,49,44660,3594,0,0,3594.000,4372.99
2646153158591,859663622006,948680778497,157571,47327,3594,0,0,3594.000,4372.99
2646153158591,859663622006,399978854962,30,46851,3594,0,0,3594.000,4372.99
2646153158591,1037222631593,342266762663,130554,45601,3594,0,0,3594.000,4372.99
2646153158591,1037222631593,1020579966140,52,44744,3594,0,0,3594.000,4372.99
2646153158591,520284104731,997390681995,493964,45684,3594,0,0,3594.000,4372.99
2646153158591,520284104731,1863413460284,41,45244,3594,0,0,3594.000,4372.99
2646153158591,2136773041136,1027653341573,102486,45351,3594,0,0,3594.000,4372.99
2646153158591,2136773041136,87620079398,51,45185,3594,0,0,3594.000,4372.99
2646153158591,1261361689363,1216459840485,190265,44660,3594,0,0,3594.000,4372.99
2646153158591,1261361689363,2032626305099,47,44560,3594,0,0,3594.000,4372.99
2646153158591,2416589953107,75778812006,392085,45077,3594,0,0,3594.000,4372.99
2646153158591,2416589953107,661435694354,38,44560,3594,0,0,3594.000,4372.99
2646153158591,2279059239924,1437531285842,897774,81511,3594,0,0,3594.000,4372.99
2646153158591,2279059239924,161375768452,57,79969,3594,0,0,3594.000,4372.99
2646153158591,1167634490580,1571750800333,89499,45018,3594,0,0,3594.000,4372.99
2646153158591,1167634490580,464368675805,30,44910,3594,0,0,3594.000,4372.99
2647562328629,2176531904619,633827361374,38870,46244,3747,0,0,3747.000,2337.67
2647562328629,2176531904619,193626709855,39,45809,3723,0,0,3723.000,2337.67
2647562328629,2487607848855,2131776252170,1793,46976,3759,0,0,3759.000,2337.67
2647562328629,2487607848855,462472802401,21,46576,3735,0,0,3735.000,2337.67
2647562328629,2239178888683,2498201824461,198761,46184,3735,0,0,3735.000,2337.67
2647562328629,2239178888683,154352163954,5,46203,3741,0,0,3741.000,2337.67
2647562328629,1234440080888,1986803365209,117756,47035,3735,0,0,3735.000,2337.67
2647562328629,1234440080888,2555010041942,35,46184,3729,0,0,3729.000,2337.67
2647562328629,620991321444,1820490255618,69884,83511,3723,0,0,3723.000,2337.67
2647562328629,620991321444,2589465424322,89,82660,3765,0,0,3765.000,2337.67
2647562328629,488693474633,1688721917607,541322,47076,3753,0,0,3753.000,2337.67
2647562328629,488693474633,1416055844277,37,46810,3777,0,0,3777.000,2337.67
2647562328629,93449271138,1233869658102,308164,46685,3759,0,0,3759.000,2337.67
2647562328629,93449271138,1717158453739,26,45951,3717,0,0,3717.000,2337.67
2647562328629,1385151096998,2245659256127,35709,46201,3747,0,0,3747.000,2337.67
2647562328629,1385151096998,444296283731,19,46351,3747,0,0,3747.000,2337.67
2647562328629,507071720570,664976982752,368878,47036,3741,0,0,3741.000,2337.67
2647562328629,507071720570,520630654398,12,47225,3783,0,0,3783.000,2337.67
2647562328629,954823416423,2489469082695,165638,46368,3783,0,0,3783.000,2337.67
2647562328629,954823416423,2225366643288,42,45560,3729,0,0,3729.000,2337.67
2652508311721,FAILED,FAILED,FAILED,FAILED,FAILED,FAILED,FAILED,FAILED,FAILED
2658478116113,FAILED,FAILED,FAILED,FAILED,FAILED,FAILED,FAILED,FAILED,FAILED
2659876259587,2470015652789,2147819249432,485304,47852,3747,0,0,3747.000,2526.89
2659876259587,2470015652789,2113352545497,26,46993,3747,0,0,3747.000,2526.89
2659876259587,1645196343321,119933187057,234037,48226,3747,0,0,3747.000,2526.89
2659876259587,1645196343321,546892472567,23,47452,3747,0,0,3747.000,2526.89
2659876259587,1044703931138,281360282341,93755,45410,3747,0,0,3747.000,2526.89
2659876259587,1044703931138,347214248101,24,45352,3747,0,0,3747.000,2526.89
2659876259587,169612080968,2616051378861,11939,45725,3747,0,0,3747.000,2526.89
2659876259587,169612080968,1000676885888,43,45160,3747,0,0,3747.000,2526.89
2659876259587,1718535096665,898130137839,128781,44785,3747,0,0,3747.000,2526.89
2659876259587,1718535096665,1088266975639,33,44768,3747,0,0,3747.000,2526.89
2659876259587,901591346343,2615784671885,299440,48118,3747,0,0,3747.000,2526.89
2659876259587,901591346343,1894427780975,30,47453,3747,0,0,3747.000,2526.89
2659876259587,2330918603347,1717692521923,110624,45809,3747,0,0,3747.000,2526.89
2659876259587,2330918603347,382661510545,13,44951,3747,0,0,3747.000,2526.89
2659876259587,1267493947927,203444444607,170548,45560,3747,0,0,3747.000,2526.89
2659876259587,1267493947927,1579349708268,25,44743,3747,0,0,3747.000,2526.89
2659876259587,192871254103,1816440613064,492214,45642,3747,0,0,3747.000,2526.89
2659876259587,192871254103,2397622583781,37,45161,3747,0,0,3747.000,2526.89
2659876259587,1979353622821,436735958989,102837,45268,3747,0,0,3747.000,2526.89
2659876259587,1979353622821,2620479368504,37,45827,3747,0,0,3747.000,2526.89
2665115158241,FAILED,FAILED,FAILED,FAILED,FAILED,FAILED,FAILED,FAILED,FAILED
2681048154661,2595828471241,1207819318445,111521,46035,3708,0,0,3708.000,3740.84
2681048154661,2595828471241,781543041964,41,46309,3720,0,0,3720.000,3740.84
2681048154661,1091624945409,1024258906930,26707,47810,3684,0,0,3684.000,3740.84
2681048154661,1091624945409,1978247180339,24,46785,3738,0,0,3738.000,3740.84
2681048154661,1712041463944,352173826976,103325,45517,3684,0,0,3684.000,3740.84
2681048154661,1712041463944,1792977011378,60,45660,3714,0,0,3714.000,3740.84
2681048154661,2524493274868,1666698310050,212520,49076,3702,0,0,3702.000,3740.84
2681048154661,2524493274868,2014755821265,43,48935,3738,0,0,3738.000,3740.84
2681048154661,485946437146,1483977775558,101178,46684,3690,0,0,3690.000,3740.84
2681048154661,485946437146,211527942534,27,47035,3702,0,0,3702.000,3740.84
2681048154661,1563332048847,455216298030,683508,46576,3702,0,0,3702.000,3740.84
2681048154661,1563332048847,1471203030896,29,46018,3672,0,0,3672.000,3740.84
2681048154661,536855767324,873768081453,98913,47452,3708,0,0,3708.000,3740.84
2681048154661,536855767324,936187708345,41,46643,3702,0,0,3702.000,3740.84
2681048154661,843555199649,2517342305246,70352,47268,3720,0,0,3720.000,3740.84
2681048154661,843555199649,720632434872,20,46326,3696,0,0,3696.000,3740.84
2681048154661,1963408719892,8072820467,1543061,46993,3696,0,0,3696.000,3740.84
2681048154661,1963408719892,1939196059159,15,46685,3720,0,0,3720.000,3740.84
2681048154661,2386000681927,1026687514232,17452,45827,3690,0,0,3690.000,3740.84
2681048154661,2386000681927,1495591244713,47,45351,3696,0,0,3696.000,3740.84
2683361560141,1649727983976,2209795106626,439826,82511,3519,0,0,3519.000,3582.00
2683361560141,1649727983976,1371009015302,56,81243,3543,0,0,3543.000,3582.00
2683361560141,1919154782730,2172143569150,269772,47076,3531,0,0,3531.000,3582.00
2683361560141,1919154782730,2112099068873,27,45702,3561,0,0,3561.000,3582.00
2683361560141,956519129963,1246173947632,238580,46226,3537,0,0,3537.000,3582.00
2683361560141,956519129963,1439949726361,25,45368,3567,0,0,3567.000,3582.00
2683361560141,801830071730,1442802931131,118825,47743,3543,0,0,3543.000,3582.00
2683361560141,801830071730,709732009938,33,46184,3543,0,0,3543.000,3582.00
2683361560141,1057217701978,915168163936,73332,45868,3525,0,0,3525.000,3582.00
2683361560141,1057217701978,2641985942653,41,46268,3567,0,0,3567.000,3582.00
2683361560141,1016167848682,1749927803442,67642,47202,3561,0,0,3561.000,3582.00
2683361560141,1016167848682,721719250803,43,46535,3579,0,0,3579.000,3582.00
2683361560141,2486621419833,1355407329435,22457,46643,3513,0,0,3513.000,3582.00
2683361560141,2486621419833,2318289639024,64,45827,3519,0,0,3519.000,3582.00
2683361560141,2438853781922,1124976928495,662221,85677,3549,0,0,3549.000,3582.00
2683361560141,2438853781922,1920667047072,54,83719,3549,0,0,3549.000,3582.00
2683361560141,1362411623019,1190695343230,286789,46369,3561,0,0,3561.000,3582.00
2683361560141,1362411623019,1234476800497,33,45994,3525,0,0,3525.000,3582.00
2683361560141,1601355591089,1829806027304,801509,45727,3549,0,0,3549.000,3582.00
2683361560141,1601355591089,1955698000432,21,45160,3531,0,0,3531.000,3582.00
2687579751049,FAILED,FAILED,FAILED,FAILED,FAILED,FAILED,FAILED,FAILED,FAILED
2690985168433,FAILED,FAILED,FAILED,FAILED,FAILED,FAILED,FAILED,FAILED,FAILED
2706985308899,2438971303170,685918842132,47469,45476,3747,0,0,3747.000,4643.07
2706985308899,2438971303170,2659953727497,52,45201,3747,0,0,3747.000,4643.07
2706985308899,193383437974,2076077321017,1722068,46285,3747,0,0,3747.000,4643.07
2706985308899,193383437974,2578301969871,34,45059,3747,0,0,3747.000,4643.07
2706985308899,1848760112640,405039777184,96885,83802,3747,0,0,3747.000,4643.07
2706985308899,1848760112640,1873275820055,94,81428,3747,0,0,3747.000,4643.07
2706985308899,1589431099973,486049428285,522520,47368,3747,0,0,3747.000,4643.07
2706985308899,1589431099973,2603005190957,25,46725,3747,0,0,3747.000,4643.07
2706985308899,1258215529009,1923624878,22596,85160,3747,0,0,3747.000,4643.07
2706985308899,1258215529009,1411889124496,41,81845,3747,0,0,3747.000,4643.07
2706985308899,1853334889872,328215051082,88746,47535,3747,0,0,3747.000,4643.07
2706985308899,1853334889872,913741933402,48,46870,3747,0,0,3747.000,4643.07
2706985308899,674232910937,1476148074514,59807,45517,3747,0,0,3747.000,4643.07
2706985308899,674232910937,1554401723523,40,45327,3747,0,0,3747.000,4643.07
2706985308899,1421424479272,1797680514268,536762,45017,3747,0,0,3747.000,4643.07
2706985308899,1421424479272,304715828361,9,44620,3747,0,0,3747.000,4643.07
2706985308899,2546702985331,1525595858268,54693,46393,3747,0,0,3747.000,4643.07
2706985308899,2546702985331,536430056299,32,45618,3747,0,0,3747.000,4643.07
2706985308899,2454534917477,2054705933166,659575,101803,3747,0,0,3747.000,4643.07
2706985308899,2454534917477,395918298341,41,47160,3747,0,0,3747.000,4643.07
2708145842209,FAILED,FAILED,FAILED,FAILED,FAILED,FAILED,FAILED,FAILED,FAILED
2711183333203,2532409009394,670566532285,374760,45161,3951,0,0,3951.000,4083.82
2711183333203,2532409009394,385497258900,20,44601,3951,0,0,3951.000,4083.82
2711183333203,164399580098,1749689653036,1100771,46118,3951,0,0,3951.000,4083.82
2711183333203,164399580098,1773536672828,43,45850,3951,0,0,3951.000,4083.82
2711183333203,2210889890463,58558390393,69768,84928,3951,0,0,3951.000,4083.82
2711183333203,2210889890463,2193185210418,17,83220,3951,0,0,3951.000,4083.82
2711183333203,118131685030,2154797745739,25711,45326,3951,0,0,3951.000,4083.82
2711183333203,118131685030,2580475993392,10,45393,3951,0,0,3951.000,4083.82
2711183333203,2269157479172,360971460248,86008,45518,3951,0,0,3951.000,4083.82
2711183333203,2269157479172,1004063568886,28,45368,3951,0,0,3951.000,4083.82
2711183333203,2277536850602,1379293251607,131982,47434,3951,0,0,3951.000,4083.82
2711183333203,2277536850602,2551714275913,18,45535,3951,0,0,3951.000,4083.82
2711183333203,1506509875241,692967868647,328585,48618,3951,0,0,3951.000,4083.82
2711183333203,1506509875241,2143652710239,15,47517,3951,0,0,3951.000,4083.82
2711183333203,2676258406715,2241782997785,526272,47560,3951,0,0,3951.000,4083.82
2711183333203,2676258406715,675061836615,37,47160,3951,0,0,3951.000,4083.82
2711183333203,2393420428638,552662459483,512982,46393,3951,0,0,3951.000,4083.82
2711183333203,2393420428638,1865192720147,31,45619,3951,0,0,3951.000,4083.82
2711183333203,1952657836435,1371118568766,68899,47184,3951,0,0,3951.000,4083.82
2711183333203,1952657836435,887425246190,17,46410,3951,0,0,3951.000,4083.82
2712854400653,1655765463844,721901111787,126007,47243,3867,0,0,3867.000,2180.68
2712854400653,1655765463844,545346412419,47,46267,3861,0,0,3861.000,2180.68
2712854400653,4469194678,2608947240900,142722,45727,3861,0,0,3861.000,2180.68
2712854400653,4469194678,538638972149,20,45452,3843,0,0,3843.000,2180.68
2712854400653,2346852575565,709745647319,38937,45768,3861,0,0,3861.000,2180.68
2712854400653,2346852575565,1784459920751,36,45035,3837,0,0,3837.000,2180.68
2712854400653,1244230315032,722430503585,496283,45643,3885,0,0,3885.000,2180.68
2712854400653,1244230315032,64936850447,31,45118,3873,0,0,3873.000,2180.68
2712854400653,9853821317,118708918111,189377,46810,3897,0,0,3897.000,2180.68
2712854400653,9853821317,251092848082,60,46285,3843,0,0,3843.000,2180.68
2712854400653,439208000107,2668788892656,95303,49369,3831,0,0,3831.000,2180.68
2712854400653,439208000107,1023483201219,61,48452,3837,0,0,3837.000,2180.68
2712854400653,1135464898096,1643141342454,116249,47702,3855,0,0,3855.000,2180.68
2712854400653,1135464898096,1963221881376,19,46601,3831,0,0,3831.000,2180.68
2712854400653,565553118196,2434379567276,227273,46809,3849,0,0,3849.000,2180.68
2712854400653,565553118196,27993762106,30,46910,3855,0,0,3855.000,2180.68
2712854400653,1677081208215,2013018470337,290660,47618,3885,0,0,3885.000,2180.68
2712854400653,1677081208215,2473327986995,24,46350,3861,0,0,3861.000,2180.68
2712854400653,832842769544,150482677844,12607,47893,3855,0,0,3855.000,2180.68
2712854400653,832842769544,889806950278,27,47451,3855,0,0,3855.000,2180.68
2715256860559,975059163395,345318894805,169711,43702,3798,0,0,3798.000,3266.08
2715256860559,975059163395,1923043245148,20,44142,3798,0,0,3798.000,3266.08
2715256860559,2148927478561,2082403726917,765853,46184,3798,0,0,3798.000,3266.08
2715256860559,2148927478561,2381284858720,36,45326,3798,0,0,3798.000,3266.08
2715256860559,1984970396216,439174729377,180273,47351,3798,0,0,3798.000,3266.08
2715256860559,1984970396216,1730109885865,62,47285,3798,0,0,3798.000,3266.08
2715256860559,1648501013487,1065525096410,1028611,47244,3798,0,0,3798.000,3266.08
2715256860559,1648501013487,1436429126786,31,45810,3798,0,0,3798.000,3266.08
2715256860559,1852134542841,388831968154,162588,45727,3798,0,0,3798.000,3266.08
2715256860559,1852134542841,2123129106796,24,45160,3798,0,0,3798.000,3266.08
2715256860559,320222772251,203526427634,17610,45161,3798,0,0,3798.000,3266.08
2715256860559,320222772251,2639731296237,78,45808,3798,0,0,3798.000,3266.08
2715256860559,2490655895880,2579968649348,82120,48035,3798,0,0,3798.000,3266.08
2715256860559,2490655895880,737999718320,37,47350,3798,0,0,3798.000,3266.08
2715256860559,1338369043970,995129242635,244122,47202,3798,0,0,3798.000,3266.08
2715256860559,1338369043970,1925510657232,35,47017,3798,0,0,3798.000,3266.08
2715256860559,2016294760419,1453150652099,81430,46809,3798,0,0,3798.000,3266.08
2715256860559,2016294760419,1845458109220,38,46910,3798,0,0,3798.000,3266.08
2715256860559,2240671457030,2218552482710,10626,45827,3798,0,0,3798.000,3266.08
2715256860559,2240671457030,813889907127,8,44559,3798,0,0,3798.000,3266.08
2715389989621,1488744138801,1545133661808,585,46976,3963,0,0,3963.000,3065.37
2715389989621,1488744138801,2072858670712,44,46910,3969,0,0,3969.000,3065.37
2715389989621,330215551147,950323469337,224502,47285,3909,0,0,3909.000,3065.37
2715389989621,330215551147,1718155737247,34,47768,3981,0,0,3981.000,3065.37
2715389989621,734897478090,1135955739255,216068,46827,3963,0,0,3963.000,3065.37
2715389989621,734897478090,2320785711671,37,46351,3951,0,0,3951.000,3065.37
2715389989621,366721665264,1194889661203,140183,47452,3951,0,0,3951.000,3065.37
2715389989621,366721665264,765188403680,43,46268,3975,0,0,3975.000,3065.37
2715389989621,189209485517,2486033716486,53851,46202,3933,0,0,3933.000,3065.37
2715389989621,189209485517,2593920086336,57,45725,3951,0,0,3951.000,3065.37
2715389989621,144747958678,112117945120,70161,46077,3927,0,0,3927.000,3065.37
2715389989621,144747958678,2301522571123,53,46227,3969,0,0,3969.000,3065.37
2715389989621,696472161770,1721808103862,181545,46993,3975,0,0,3975.000,3065.37
2715389989621,696472161770,2106672070507,40,47018,3963,0,0,3963.000,3065.37
2715389989621,1825937904231,939390839617,239863,46869,3975,0,0,3975.000,3065.37
2715389989621,1825937904231,1216114813396,44,46100,3933,0,0,3933.000,3065.37
2715389989621,1673014891523,1590722840657,476673,47452,3933,0,0,3933.000,3065.37
2715389989621,1673014891523,1408644131450,28,46684,3969,0,0,3969.000,3065.37
2715389989621,1472998572594,1147934471693,864404,48827,3915,0,0,3915.000,3065.37
2715389989621,1472998572594,2504391206314,54,48058,3969,0,0,3969.000,3065.37
2715878039741,1487257439238,2291152444521,105081,47184,3696,0,0,3696.000,2544.12
2715878039741,1487257439238,1559782188735,15,46077,3672,0,0,3672.000,2544.12
2715878039741,40397252749,355282814016,296121,46933,3678,0,0,3678.000,2544.12
2715878039741,40397252749,976352847145,39,46536,3702,0,0,3702.000,2544.12
2715878039741,24587791194,35019464598,150859,47726,3696,0,0,3696.000,2544.12
2715878039741,24587791194,1379198093254,19,47118,3690,0,0,3690.000,2544.12
2715878039741,1995750710790,196163714582,132147,45850,3672,0,0,3672.000,2544.12
2715878039741,1995750710790,415947310176,42,46243,3696,0,0,3696.000,2544.12
2715878039741,1483858362022,342127963592,307617,46976,3684,0,0,3684.000,2544.12
2715878039741,1483858362022,1538708891726,25,48452,3666,0,0,3666.000,2544.12
2715878039741,1141784977839,1196582391403,295725,47434,3696,0,0,3696.000,2544.12
2715878039741,1141784977839,449784543430,50,47160,3690,0,0,3690.000,2544.12
2715878039741,2100127992284,2258753618835,71160,46368,3720,0,0,3720.000,2544.12
2715878039741,2100127992284,1238053753391,18,46227,3696,0,0,3696.000,2544.12
2715878039741,1777945468528,2691095976075,45601,47118,3696,0,0,3696.000,2544.12
2715878039741,1777945468528,2049099877612,45,45934,3684,0,0,3684.000,2544.12
2715878039741,2552358708780,362595143943,108641,45601,3696,0,0,3696.000,2544.12
2715878039741,2552358708780,812862281472,7,45910,3702,0,0,3702.000,2544.12
2715878039741,2172554128426,1166209911408,491809,46517,3714,0,0,3714.000,2544.12
2715878039741,2172554128426,1164174319552,29,45036,3684,0,0,3684.000,2544.12
2717577178163,1417706835590,2201709278556,234822,45951,3747,0,0,3747.000,3899.45
2717577178163,1417706835590,1888044874896,42,46017,3747,0,0,3747.000,3899.45
2717577178163,84779884387,412932610010,101944,47243,3747,0,0,3747.000,3899.45
2717577178163,84779884387,17099704355,12,46977,3747,0,0,3747.000,3899.45
2717577178163,735948160413,1238400707056,591881,46017,3747,0,0,3747.000,3899.45
2717577178163,735948160413,226200451462,39,45618,3747,0,0,3747.000,3899.45
2717577178163,148058989039,1176090340037,425509,48994,3747,0,0,3747.000,3899.45
2717577178163,148058989039,1217726145621,60,46868,3747,0,0,3747.000,3899.45
2717577178163,333544873588,1462955771863,255376,44850,3747,0,0,3747.000,3899.45
2717577178163,333544873588,1030569792492,29,44743,3747,0,0,3747.000,3899.45
2717577178163,1245361848974,2343204831470,261385,83952,3747,0,0,3747.000,3899.45
2717577178163,1245361848974,2102184764239,35,80660,3747,0,0,3747.000,3899.45
2717577178163,1496549792293,99675762367,15646,45702,3747,0,0,3747.000,3899.45
2717577178163,1496549792293,2323596364170,41,44726,3747,0,0,3747.000,3899.45
2717577178163,130976926425,280415856136,1056878,45826,3747,0,0,3747.000,3899.45
2717577178163,130976926425,2632265183524,21,45727,3747,0,0,3747.000,3899.45
2717577178163,646644377489,999714559295,66466,44827,3747,0,0,3747.000,3899.45
2717577178163,646644377489,1400821062589,29,44475,3747,0,0,3747.000,3899.45
2717577178163,1112639687382,529159360135,154576,83577,3747,0,0,3747.000,3899.45
2717577178163,1112639687382,595183778571,57,82053,3747,0,0,3747.000,3899.45
2730582337969,FAILED,FAILED,FAILED,FAILED,FAILED,FAILED,FAILED,FAILED,FAILED
2733561287099,1109395620477,581979270911,102349,44976,3849,0,0,3849.000,2551.77
2733561287099,1109395620477,660621168947,37,44119,3849,0,0,3849.000,2551.77
2733561287099,293387588740,1035349125216,259112,44267,3849,0,0,3849.000,2551.77
2733561287099,293387588740,1444150676050,49,44202,3849,0,0,3849.000,2551.77
2733561287099,117150060197,1702791924780,14570,44225,3849,0,0,3849.000,2551.77
2733561287099,117150060197,2013708859483,60,44285,3849,0,0,3849.000,2551.77
2733561287099,1582292856131,1530408553527,72041,43976,3849,0,0,3849.000,2551.77
2733561287099,1582292856131,1521655799349,31,44078,3849,0,0,3849.000,2551.77
2733561287099,525345887127,1545655188819,717517,46701,3849,0,0,3849.000,2551.77
2733561287099,525345887127,1800636667205,45,45684,3849,0,0,3849.000,2551.77
2733561287099,1755634086105,971315802667,579141,47077,3849,0,0,3849.000,2551.77
2733561287099,1755634086105,1491022145925,35,46767,3849,0,0,3849.000,2551.77
2733561287099,1878655414500,199562122757,119364,83261,3849,0,0,3849.000,2551.77
2733561287099,1878655414500,1541681213822,66,82660,3849,0,0,3849.000,2551.77
2733561287099,422624899734,1935925542759,83072,47118,3849,0,0,3849.000,2551.77
2733561287099,422624899734,655394730315,39,47143,3849,0,0,3849.000,2551.77
2733561287099,14312550930,454869331974,51214,83827,3849,0,0,3849.000,2551.77
2733561287099,14312550930,139366250820,83,80928,3849,0,0,3849.000,2551.77
2733561287099,1368618551490,2440707782883,145779,44975,3849,0,0,3849.000,2551.77
2733561287099,1368618551490,1464567927623,25,44410,3849,0,0,3849.000,2551.77
2737263583099,267255783961,748842136251,401435,44768,4053,0,0,4053.000,3112.95
2737263583099,267255783961,731356789983,39,44077,4053,0,0,4053.000,3112.95
2737263583099,1461612985765,1102003979754,55746,46785,4053,0,0,4053.000,3112.95
2737263583099,1461612985765,2028671296297,37,45310,4053,0,0,4053.000,3112.95
2737263583099,728668408833,1301716085170,877291,48577,4053,0,0,4053.000,3112.95
2737263583099,728668408833,761169114330,45,47893,4053,0,0,4053.000,3112.95
2737263583099,2323976156837,1118906273003,48890,47828,4053,0,0,4053.000,3112.95
2737263583099,2323976156837,675931129683,14,46517,4053,0,0,4053.000,3112.95
2737263583099,1303572093696,2190516377779,62531,87762,4053,0,0,4053.000,3112.95
2737263583099,1303572093696,1872512675107,120,86970,4053,0,0,4053.000,3112.95
2737263583099,1681796776922,166080515499,411905,47326,4053,0,0,4053.000,3112.95
2737263583099,1681796776922,1488973056229,27,47809,4053,0,0,4053.000,3112.95
2737263583099,1335606344660,2308528582060,148251,45826,4053,0,0,4053.000,3112.95
2737263583099,1335606344660,2091673077173,58,45851,4053,0,0,4053.000,3112.95
2737263583099,1517601775004,102271779044,12891,47286,4053,0,0,4053.000,3112.95
2737263583099,1517601775004,1610038671022,48,46934,4053,0,0,4053.000,3112.95
2737263583099,498038652189,722188996458,132792,48620,4053,0,0,4053.000,3112.95
2737263583099,498038652189,751032755145,36,47517,4053,0,0,4053.000,3112.95
2737263583099,1844817667295,853306914593,392704,46267,4053,0,0,4053.000,3112.95
2737263583099,1844817667295,1069534215228,21,46077,4053,0,0,4053.000,3112.95
2744196988207,1590523812865,1745856437900,31590,44452,4002,0,0,4002.000,4340.58
2744196988207,1590523812865,2406782920675,46,44768,4002,0,0,4002.000,4340.58
2744196988207,282621596872,1838462950083,811360,45910,4002,0,0,4002.000,4340.58
2744196988207,282621596872,1812784653634,31,45058,4002,0,0,4002.000,4340.58
2744196988207,2552362036126,2231296879290,431545,46243,4002,0,0,4002.000,4340.58
2744196988207,2552362036126,815744862389,37,46018,4002,0,0,4002.000,4340.58
2744196988207,1397593797329,178929906190,557774,46017,4002,0,0,4002.000,4340.58
2744196988207,1397593797329,732434899944,15,45452,4002,0,0,4002.000,4340.58
2744196988207,2510688603986,1685255532196,695537,48618,4002,0,0,4002.000,4340.58
2744196988207,2510688603986,113538257548,87,48142,4002,0,0,4002.000,4340.58
2744196988207,1746895459363,24142362895,225679,85886,4002,0,0,4002.000,4340.58
2744196988207,1746895459363,42408088939,30,82927,4002,0,0,4002.000,4340.58
2744196988207,1659081309583,1573876435714,177432,45851,4002,0,0,4002.000,4340.58
2744196988207,1659081309583,124326039527,11,45035,4002,0,0,4002.000,4340.58
2744196988207,2714406384854,841042284667,586425,47743,4002,0,0,4002.000,4340.58
2744196988207,2714406384854,2635377365066,42,47101,4002,0,0,4002.000,4340.58
2744196988207,584164805251,430692684056,8690,45767,4002,0,0,4002.000,4340.58
2744196988207,584164805251,1680618937219,32,45118,4002,0,0,4002.000,4340.58
2744196988207,987097912079,2354504725260,66609,86885,4002,0,0,4002.000,4340.58
2744196988207,987097912079,668691683177,87,83928,4002,0,0,4002.000,4340.58
2744925747919,418745793502,1531454932998,469050,45577,3849,0,0,3849.000,2290.98
2744925747919,418745793502,1278689730737,41,45643,3849,0,0,3849.000,2290.98
2744925747919,739142243711,2027118604856,129236,48828,3849,0,0,3849.000,2290.98
2744925747919,739142243711,1182909540860,27,47642,3849,0,0,3849.000,2290.98
2744925747919,55809288268,296144148416,360171,48368,3849,0,0,3849.000,2290.98
2744925747919,55809288268,1409809415632,50,47268,3849,0,0,3849.000,2290.98
2744925747919,338308489430,1182418733049,8514,48351,3849,0,0,3849.000,2290.98
2744925747919,338308489430,1852296450452,27,47619,3849,0,0,3849.000,2290.98
2744925747919,627138428727,518286358696,67027,46559,3849,0,0,3849.000,2290.98
2744925747919,627138428727,1484472444848,49,45453,3849,0,0,3849.000,2290.98
2744925747919,2137927592133,1001499676554,224379,47017,3849,0,0,3849.000,2290.98
2744925747919,2137927592133,2532139460177,21,47203,3849,0,0,3849.000,2290.98
2744925747919,1853332355119,1450792426748,123143,45911,3849,0,0,3849.000,2290.98
2744925747919,1853332355119,1907595431387,18,45642,3849,0,0,3849.000,2290.98
2744925747919,1252673986035,2380406179985,324046,47142,3849,0,0,3849.000,2290.98
2744925747919,1252673986035,2285925504139,20,46953,3849,0,0,3849.000,2290.98
2744925747919,2370740402119,1620610464538,143646,46892,3849,0,0,3849.000,2290.98
2744925747919,2370740402119,2384832490788,57,46660,3849,0,0,3849.000,2290.98
2744925747919,720136009943,1712411361769,37361,47535,3849,0,0,3849.000,2290.98
2744925747919,720136009943,2074800307340,57,47352,3849,0,0,3849.000,2290.98
2746459976327,2331556992753,2434278779920,774623,46619,3849,0,0,3849.000,5155.84
2746459976327,2331556992753,1192370813984,40,45683,3849,0,0,3849.000,5155.84
2746459976327,2656209307061,1813414472165,313519,46451,3849,0,0,3849.000,5155.84
2746459976327,2656209307061,947929336336,57,45768,3849,0,0,3849.000,5155.84
2746459976327,1822239958152,52966102959,544566,46017,3849,0,0,3849.000,5155.84
2746459976327,1822239958152,832846383894,50,46078,3849,0,0,3849.000,5155.84
2746459976327,1473760551160,2527265355262,155572,47893,3849,0,0,3849.000,5155.84
2746459976327,1473760551160,147937086313,20,46535,3849,0,0,3849.000,5155.84
2746459976327,1875197660404,409508123897,226499,84702,3849,0,0,3849.000,5155.84
2746459976327,1875197660404,1806234564690,14,82261,3849,0,0,3849.000,5155.84
2746459976327,2336742188937,1816121440278,27333,46410,3849,0,0,3849.000,5155.84
2746459976327,2336742188937,2305448553375,26,45185,3849,0,0,3849.000,5155.84
2746459976327,2321900460493,1786976795985,1640249,46517,3849,0,0,3849.000,5155.84
2746459976327,2321900460493,1999036655151,55,47369,3849,0,0,3849.000,5155.84
2746459976327,1534536805231,1722510621883,65440,44910,3849,0,0,3849.000,5155.84
2746459976327,1534536805231,1561102298981,38,44893,3849,0,0,3849.000,5155.84
2746459976327,445823481142,332219715498,73239,47268,3849,0,0,3849.000,5155.84
2746459976327,445823481142,324099720590,27,46618,3849,0,0,3849.000,5155.84
2746459976327,2312423801921,1563163397522,461643,47101,3849,0,0,3849.000,5155.84
2746459976327,2312423801921,1848523763640,46,46869,3849,0,0,3849.000,5155.84
2759487122201,FAILED,FAILED,FAILED,FAILED,FAILED,FAILED,FAILED,FAILED,FAILED
2761307032999,1346960284074,144205591843,116059,45810,3696,0,0,3696.000,1289.17
2761307032999,1346960284074,1378311473639,35,45202,3696,0,0,3696.000,1289.17
2761307032999,507295621618,435154361712,56995,45101,3696,0,0,3696.000,1289.17
2761307032999,507295621618,1332933997083,18,44827,3696,0,0,3696.000,1289.17
2761307032999,560226056317,156622425069,17831,46642,3696,0,0,3696.000,1289.17
2761307032999,560226056317,1330771574758,9,45118,3696,0,0,3696.000,1289.17
2761307032999,717701454185,553413431929,396768,47078,3696,0,0,3696.000,1289.17
2761307032999,717701454185,521378338073,38,46202,3696,0,0,3696.000,1289.17
2761307032999,1290539875262,155357736535,42354,44683,3696,0,0,3696.000,1289.17
2761307032999,1290539875262,1712457017721,60,45184,3696,0,0,3696.000,1289.17
2761307032999,2042943611490,62923518055,80896,47077,3696,0,0,3696.000,1289.17
2761307032999,2042943611490,855911185086,20,45435,3696,0,0,3696.000,1289.17
2761307032999,2620272223659,327659678406,50070,45893,3696,0,0,3696.000,1289.17
2761307032999,2620272223659,509384417203,3,45743,3696,0,0,3696.000,1289.17
2761307032999,1541082490188,1307278525602,77764,46076,3696,0,0,3696.000,1289.17
2761307032999,1541082490188,1279470611743,59,45351,3696,0,0,3696.000,1289.17
2761307032999,898502947934,915159233875,25688,45351,3696,0,0,3696.000,1289.17
2761307032999,898502947934,2526821817367,37,44952,3696,0,0,3696.000,1289.17
2761307032999,699791257252,1180543276827,241201,45244,3696,0,0,3696.000,1289.17
2761307032999,699791257252,341475367592,14,44143,3696,0,0,3696.000,1289.17
2761318211849,FAILED,FAILED,FAILED,FAILED,FAILED,FAILED,FAILED,FAILED,FAILED
2763265291279,722312179,1619511353447,318043,44785,3594,0,0,3594.000,1761.78
2763265291279,722312179,825915886384,51,44435,3594,0,0,3594.000,1761.78
2763265291279,177930102149,163522047016,246505,81535,3594,0,0,3594.000,1761.78
2763265291279,177930102149,761737959986,25,79637,3594,0,0,3594.000,1761.78
2763265291279,2485851890020,2599079356563,47088,45493,3594,0,0,3594.000,1761.78
2763265291279,2485851890020,2263072348750,28,45310,3594,0,0,3594.000,1761.78
2763265291279,1048316774924,1192498197556,88727,44726,3594,0,0,3594.000,1761.78
2763265291279,1048316774924,1197890132449,66,44410,3594,0,0,3594.000,1761.78
2763265291279,1720046823566,1087782643052,32231,45475,3594,0,0,3594.000,1761.78
2763265291279,1720046823566,1327925436201,48,45161,3594,0,0,3594.000,1761.78
2763265291279,1807730393166,637216457230,304501,45119,3594,0,0,3594.000,1761.78
2763265291279,1807730393166,1588900416756,36,45225,3594,0,0,3594.000,1761.78
2763265291279,2009747196320,512450957956,122083,45685,3594,0,0,3594.000,1761.78
2763265291279,2009747196320,334457199127,51,45327,3594,0,0,3594.000,1761.78
2763265291279,2586055837521,1574502968081,216040,45726,3594,0,0,3594.000,1761.78
2763265291279,2586055837521,1726945391849,27,45535,3594,0,0,3594.000,1761.78
2763265291279,33497112752,2081821736904,77090,44745,3594,0,0,3594.000,1761.78
2763265291279,33497112752,265853817263,65,44767,3594,0,0,3594.000,1761.78
2763265291279,2472203046243,1696123706464,97373,46702,3594,0,0,3594.000,1761.78
2763265291279,2472203046243,29902374771,41,46101,3594,0,0,3594.000,1761.78
2766394114499,2742017878876,2097625877270,280685,44785,3441,0,0,3441.000,2184.72
2766394114499,2742017878876,2612060759034,39,44642,3441,0,0,3441.000,2184.72
2766394114499,236790558662,1331471546998,27242,45536,3441,0,0,3441.000,2184.72
2766394114499,236790558662,1860272789278,3,44934,3441,0,0,3441.000,2184.72
2766394114499,304182287644,11855281850,191,45160,3441,0,0,3441.000,2184.72
2766394114499,304182287644,1174083736024,20,44310,3441,0,0,3441.000,2184.72
2766394114499,1040534282288,1395599950614,84264,44535,3441,0,0,3441.000,2184.72
2766394114499,1040534282288,2388651819813,65,44768,3441,0,0,3441.000,2184.72
2766394114499,256351155589,684371847199,126863,45143,3441,0,0,3441.000,2184.72
2766394114499,256351155589,645425767495,39,44535,3441,0,0,3441.000,2184.72
2766394114499,1933314830860,2365452830484,563040,79619,3441,0,0,3441.000,2184.72
2766394114499,1933314830860,1593584603156,94,80136,3441,0,0,3441.000,2184.72
2766394114499,1416584462394,1722367770370,259699,45102,3441,0,0,3441.000,2184.72
2766394114499,1416584462394,1475107313724,52,44535,3441,0,0,3441.000,2184.72
2766394114499,2640254213968,1345340027817,339312,45100,3441,0,0,3441.000,2184.72
2766394114499,2640254213968,1278879726750,21,44310,3441,0,0,3441.000,2184.72
2766394114499,2477736880398,2384064996000,109531,44684,3441,0,0,3441.000,2184.72
2766394114499,2477736880398,331025996445,41,44369,3441,0,0,3441.000,2184.72
2766394114499,1901050662374,1062822009807,44593,45036,3441,0,0,3441.000,2184.72
2766394114499,1901050662374,1018504681210,30,44725,3441,0,0,3441.000,2184.72
2768058997373,2598104463504,1774831634,67836,46536,3696,0,0,3696.000,2325.90
2768058997373,2598104463504,763417336331,28,46517,3708,0,0,3708.000,2325.90
2768058997373,898955460925,408343292331,148935,46352,3678,0,0,3678.000,2325.90
2768058997373,898955460925,1128553524844,47,46035,3696,0,0,3696.000,2325.90
2768058997373,249865725730,2550369827070,271268,48642,3696,0,0,3696.000,2325.90
2768058997373,249865725730,2165158163437,20,48243,3726,0,0,3726.000,2325.90
2768058997373,1603639668247,804670015101,177739,46643,3732,0,0,3732.000,2325.90
2768058997373,1603639668247,2452871530940,16,46035,3690,0,0,3690.000,2325.90
2768058997373,2084578527198,310897723846,180400,46369,3666,0,0,3666.000,2325.90
2768058997373,2084578527198,1502734609415,45,45768,3696,0,0,3696.000,2325.90
2768058997373,558342817334,46848238015,70566,47893,3654,0,0,3654.000,2325.90
2768058997373,558342817334,816229752775,22,47493,3732,0,0,3732.000,2325.90
2768058997373,2495959334146,1412882368788,4385,46142,3672,0,0,3672.000,2325.90
2768058997373,2495959334146,2160707513850,21,45744,3690,0,0,3690.000,2325.90
2768058997373,1555890169832,2209728900266,13767,47518,3696,0,0,3696.000,2325.90
2768058997373,1555890169832,2077968776435,41,46743,3666,0,0,3666.000,2325.90
2768058997373,2343134512723,1490074225819,257393,46768,3660,0,0,3660.000,2325.90
2768058997373,2343134512723,468270477292,45,45951,3702,0,0,3702.000,2325.90
2768058997373,2219919671034,955662402495,703056,48285,3720,0,0,3720.000,2325.90
2768058997373,2219919671034,748241737502,21,47726,3690,0,0,3690.000,2325.90
2769255670033,FAILED,FAILED,FAILED,FAILED,FAILED,FAILED,FAILED,FAILED,FAILED
2769346762361,FAILED,FAILED,FAILED,FAILED,FAILED,FAILED,FAILED,FAILED,FAILED
