prime,A,x0,trials,cycles,mul_count,inv_count,branch_count,opcount_m3,batch_time_ms
1001629,317221,634240,217,1417,238,1,11,260.750,47.42
1001629,724022,177130,717,1500,238,1,12,261.000,47.42
1001629,812642,486131,110,1416,238,1,11,260.750,47.42
1001629,428153,57665,43,834,238,1,12,261.000,47.42
1001629,755906,912420,344,1166,238,1,11,260.750,47.42
1001629,287821,832025,769,1291,238,1,12,261.000,47.42
1001629,554879,148590,1026,1167,238,1,12,261.000,47.42
1001629,863403,710391,185,1125,238,1,11,260.750,47.42
1001629,702566,536669,836,1167,238,1,11,260.750,47.42
1001629,450182,2070,316,1018,238,1,11,260.750,47.42
1001629,525049,1006,735,1833,238,1,11,260.750,47.42
1001629,152565,882702,588,1042,238,1,11,260.750,47.42
1001629,651227,843268,1434,1792,228,1,11,250.750,47.42
1001629,943451,973518,503,916,238,1,11,260.750,47.42
1001629,657057,551317,1597,875,238,1,11,260.750,47.42
1001629,594360,812640,960,875,238,1,11,260.750,47.42
1001629,730720,127684,134,917,238,1,12,261.000,47.42
1001629,975092,375312,195,834,228,1,11,250.750,47.42
1001629,293023,66524,314,851,228,1,11,250.750,47.42
1001629,955096,624373,281,1708,238,1,12,261.000,47.42
1003109,201205,601814,541,833,239,1,11,261.750,22.24
1003109,170131,272327,135,833,239,1,11,261.750,22.24
1003109,712941,145211,418,834,239,1,11,261.750,22.24
1003109,206586,197659,209,875,239,1,12,262.000,22.24
1003109,851657,853140,250,834,239,1,12,262.000,22.24
1003109,162413,291764,662,792,229,1,11,251.750,22.24
1003109,352039,306866,280,833,229,1,11,251.750,22.24
1003109,12983,301980,11,834,239,1,11,261.750,22.24
1003109,105193,829402,75,875,239,1,11,261.750,22.24
1003109,729265,584965,363,833,239,1,11,261.750,22.24
1003109,650249,84888,533,834,239,1,12,262.000,22.24
1003109,111465,649272,478,833,239,1,12,262.000,22.24
1003109,384016,369292,16,1791,239,1,11,261.750,22.24
1003109,615289,383576,1253,1625,239,1,11,261.750,22.24
1003109,516172,836517,63,791,229,1,11,251.750,22.24
1003109,351654,889948,846,791,239,1,11,261.750,22.24
1003109,47183,798911,58,791,239,1,11,261.750,22.24
1003109,142995,743874,9,792,239,1,11,261.750,22.24
1003109,1001900,193505,40,833,229,1,11,251.750,22.24
1003109,139727,150856,188,833,239,1,12,262.000,22.24
1006769,306185,384007,384,792,231,1,12,254.000,10.81
1006769,933358,963505,121,792,231,1,12,254.000,10.81
1006769,806978,497729,27,792,221,1,11,243.750,10.81
1006769,703864,711127,215,1666,231,1,12,254.000,10.81
1006769,887456,347539,141,792,241,1,11,263.750,10.81
1006769,516720,513370,2,833,231,1,12,254.000,10.81
1006769,306371,241012,89,768,221,1,11,243.750,10.81
1006769,184430,629959,90,750,221,1,11,243.750,10.81
1006769,272281,210695,37,1709,241,1,13,264.250,10.81
1006769,913983,262811,150,834,241,1,13,264.250,10.81
1006769,267522,398949,239,1625,241,1,11,263.750,10.81
1006769,280693,816056,138,792,221,1,11,243.750,10.81
1006769,890167,441702,316,791,221,1,11,243.750,10.81
1006769,538378,484829,301,834,231,1,12,254.000,10.81
1006769,374297,677503,6,792,221,1,11,243.750,10.81
1006769,697630,12763,140,791,231,1,12,254.000,10.81
1006769,29810,737813,2,1601,231,1,12,254.000,10.81
1006769,764528,669268,206,833,231,1,12,254.000,10.81
1006769,141258,271694,242,833,241,1,11,263.750,10.81
1006769,690697,584924,364,833,241,1,13,264.250,10.81
1006883,287638,586877,28,1708,228,1,12,251.000,9.00
1006883,419823,791470,250,791,238,1,11,260.750,9.00
1006883,293311,738054,54,792,238,1,11,260.750,9.00
1006883,776361,611809,9,833,238,1,13,261.250,9.00
1006883,823514,913677,4,833,228,1,12,251.000,9.00
1006883,680197,368674,129,791,238,1,11,260.750,9.00
1006883,589972,90629,294,792,228,1,12,251.000,9.00
1006883,362001,809347,68,833,228,1,12,251.000,9.00
1006883,949439,5933,20,833,228,1,12,251.000,9.00
1006883,416594,562899,53,792,218,1,11,240.750,9.00
1006883,647243,584354,10,1625,228,1,12,251.000,9.00
1006883,202598,343161,175,792,218,1,11,240.750,9.00
1006883,504436,66345,44,791,218,1,11,240.750,9.00
1006883,230807,292601,217,1625,218,1,11,240.750,9.00
1006883,11615,767561,9,792,218,1,11,240.750,9.00
1006883,728692,264900,373,792,218,1,11,240.750,9.00
1006883,776267,586916,35,834,238,1,13,261.250,9.00
1006883,360270,210676,440,833,228,1,12,251.000,9.00
1006883,152689,366251,282,750,218,1,11,240.750,9.00
1006883,192457,921334,184,792,218,1,11,240.750,9.00
1009159,423568,826025,61,791,217,1,11,239.750,16.83
1009159,241397,650980,139,792,217,1,11,239.750,16.83
1009159,497408,276922,31,833,237,1,11,259.750,16.83
1009159,271414,23331,369,809,237,1,11,259.750,16.83
1009159,831366,671557,106,833,237,1,11,259.750,16.83
1009159,472819,820844,412,851,237,1,11,259.750,16.83
1009159,966410,979481,3,791,237,1,11,259.750,16.83
1009159,918215,932810,511,792,237,1,11,259.750,16.83
1009159,720871,695249,506,833,237,1,11,259.750,16.83
1009159,608700,824991,444,834,227,1,12,250.000,16.83
1009159,393780,501952,332,792,237,1,11,259.750,16.83
1009159,541276,598721,98,792,217,1,11,239.750,16.83
1009159,399839,574697,403,833,227,1,12,250.000,16.83
1009159,462576,300668,75,809,227,1,12,250.000,16.83
1009159,480646,531295,225,792,227,1,12,250.000,16.83
1009159,502612,773246,435,791,237,1,11,259.750,16.83
1009159,167659,490911,7,792,237,1,11,259.750,16.83
1009159,901628,395953,255,791,237,1,11,259.750,16.83
1009159,824472,517136,224,833,237,1,11,259.750,16.83
1009159,330608,750040,370,834,247,1,12,270.000,16.83
1009193,284259,841525,366,834,229,1,12,252.000,10.53
1009193,392120,563411,267,833,239,1,11,261.750,10.53
1009193,890583,312078,333,875,239,1,13,262.250,10.53
1009193,907083,715297,317,1625,219,1,11,241.750,10.53
1009193,968673,880807,13,750,219,1,11,241.750,10.53
1009193,90249,498184,265,833,239,1,13,262.250,10.53
1009193,756959,155633,133,792,229,1,12,252.000,10.53
1009193,528120,74594,14,750,219,1,11,241.750,10.53
1009193,969270,564164,58,791,239,1,13,262.250,10.53
1009193,656634,927772,154,833,239,1,13,262.250,10.53
1009193,568090,167647,60,791,219,1,11,241.750,10.53
1009193,437248,764726,242,1625,239,1,13,262.250,10.53
1009193,710789,297312,6,834,239,1,13,262.250,10.53
1009193,400049,27925,29,768,219,1,11,241.750,10.53
1009193,320797,210030,29,834,239,1,13,262.250,10.53
1009193,741685,918945,350,792,219,1,11,241.750,10.53
1009193,904512,489657,155,750,219,1,11,241.750,10.53
1009193,979323,766966,29,834,239,1,13,262.250,10.53
1009193,446067,975565,162,833,229,1,12,252.000,10.53
1009193,473398,99532,149,791,229,1,12,252.000,10.53
1012481,539006,771714,28,834,243,1,12,266.000,25.14
1012481,975265,175226,848,1750,243,1,12,266.000,25.14
1012481,456987,582503,829,834,243,1,12,266.000,25.14
1012481,468842,355411,241,851,243,1,12,266.000,25.14
1012481,961023,896850,130,791,233,1,11,255.750,25.14
1012481,774689,727461,212,791,233,1,11,255.750,25.14
1012481,998300,881228,105,852,243,1,11,265.750,25.14
1012481,10084,785051,2,792,243,1,12,266.000,25.14
1012481,375808,381674,91,833,243,1,11,265.750,25.14
1012481,223272,568110,933,833,243,1,12,266.000,25.14
1012481,959652,79331,447,791,243,1,12,266.000,25.14
1012481,66530,38344,1224,750,233,1,11,255.750,25.14
1012481,564876,741372,38,792,243,1,11,265.750,25.14
1012481,898390,739190,245,791,233,1,11,255.750,25.14
1012481,177085,812608,209,792,243,1,11,265.750,25.14
1012481,796804,197270,181,792,243,1,12,266.000,25.14
1012481,187420,829169,281,792,243,1,11,265.750,25.14
1012481,289371,111117,830,792,243,1,12,266.000,25.14
1012481,570659,873143,263,834,243,1,12,266.000,25.14
1012481,280837,923748,168,833,243,1,11,265.750,25.14
1016497,462873,108493,39,792,209,1,12,232.000,21.46
1016497,516045,271776,271,875,239,1,15,262.750,21.46
1016497,175611,618376,513,1666,229,1,14,252.500,21.46
1016497,830790,669209,267,1583,239,1,11,261.750,21.46
1016497,21853,486314,1015,833,239,1,11,261.750,21.46
1016497,530475,290178,444,792,219,1,13,242.250,21.46
1016497,338407,839230,142,750,199,1,11,221.750,21.46
1016497,825092,23052,134,833,229,1,14,252.500,21.46
1016497,71911,729220,104,792,239,1,11,261.750,21.46
1016497,51644,800451,79,834,219,1,13,242.250,21.46
1016497,785991,527922,225,833,239,1,11,261.750,21.46
1016497,217272,657589,214,750,199,1,11,221.750,21.46
1016497,644864,675345,226,833,239,1,15,262.750,21.46
1016497,337711,836437,1087,833,239,1,15,262.750,21.46
1016497,593931,241244,856,792,219,1,13,242.250,21.46
1016497,91008,689352,86,792,239,1,11,261.750,21.46
1016497,906230,1002807,441,750,199,1,11,221.750,21.46
1016497,197564,696814,67,2333,239,1,15,262.750,21.46
1016497,71657,270556,237,791,239,1,11,261.750,21.46
1016497,626256,524395,162,875,239,1,11,261.750,21.46
1019357,616608,513501,687,1667,241,1,11,263.750,20.27
1019357,658130,545796,507,833,231,1,11,253.750,20.27
1019357,1001859,565098,124,834,241,1,12,264.000,20.27
1019357,741052,705844,82,792,231,1,11,253.750,20.27
1019357,245734,221022,708,792,231,1,11,253.750,20.27
1019357,856458,518199,154,792,231,1,11,253.750,20.27
1019357,125003,632343,23,792,231,1,11,253.750,20.27
1019357,487824,80624,279,792,241,1,11,263.750,20.27
1019357,994302,582102,178,834,241,1,12,264.000,20.27
1019357,340368,469658,39,792,241,1,11,263.750,20.27
1019357,332958,361297,319,792,241,1,12,264.000,20.27
1019357,653613,612638,234,834,241,1,11,263.750,20.27
1019357,649459,895635,556,1792,241,1,12,264.000,20.27
1019357,334224,401817,556,1834,231,1,11,253.750,20.27
1019357,37224,324512,62,791,231,1,11,253.750,20.27
1019357,257856,243110,416,1625,241,1,11,263.750,20.27
1019357,356529,804209,40,791,241,1,11,263.750,20.27
1019357,719390,74144,128,792,231,1,11,253.750,20.27
1019357,217037,997326,766,833,241,1,12,264.000,20.27
1019357,503878,225226,18,792,231,1,11,253.750,20.27
1020683,307086,998320,1755,792,227,1,11,249.750,19.61
1020683,621905,259953,28,833,237,1,12,260.000,19.61
1020683,19044,488467,291,1875,227,1,11,249.750,19.61
1020683,417698,779274,251,792,227,1,11,249.750,19.61
1020683,457373,201760,27,792,227,1,11,249.750,19.61
1020683,150291,88018,188,792,227,1,11,249.750,19.61
1020683,561673,773646,177,792,227,1,11,249.750,19.61
1020683,585333,737786,202,791,227,1,11,249.750,19.61
1020683,869497,363463,314,792,227,1,11,249.750,19.61
1020683,917425,30685,78,792,227,1,11,249.750,19.61
1020683,229467,592605,28,833,237,1,11,259.750,19.61
1020683,566949,67367,180,1833,227,1,11,249.750,19.61
1020683,994217,598037,45,833,237,1,12,260.000,19.61
1020683,672762,635074,1,792,227,1,11,249.750,19.61
1020683,908430,916818,68,792,227,1,11,249.750,19.61
1020683,777407,789102,676,792,227,1,11,249.750,19.61
1020683,35929,120837,168,791,227,1,11,249.750,19.61
1020683,493154,97431,511,792,227,1,11,249.750,19.61
1020683,34759,2323,678,792,227,1,11,249.750,19.61
1020683,958792,202737,21,792,227,1,11,249.750,19.61
1021429,1013238,695970,57,1125,241,1,11,263.750,21.42
1021429,570661,642272,231,750,231,1,11,253.750,21.42
1021429,234429,685274,397,834,241,1,12,264.000,21.42
1021429,22207,826156,899,1750,231,1,11,253.750,21.42
1021429,521980,929986,173,792,231,1,11,253.750,21.42
1021429,603553,723546,182,792,241,1,11,263.750,21.42
1021429,151788,299763,156,834,241,1,12,264.000,21.42
1021429,500509,549570,10,792,231,1,11,253.750,21.42
1021429,68997,51227,17,791,231,1,11,253.750,21.42
1021429,827633,133368,160,833,231,1,11,253.750,21.42
1021429,77569,719597,194,792,231,1,11,253.750,21.42
1021429,995133,503949,832,834,241,1,11,263.750,21.42
1021429,446942,915424,552,833,241,1,11,263.750,21.42
1021429,281751,497000,109,792,241,1,11,263.750,21.42
1021429,498661,417860,643,792,241,1,12,264.000,21.42
1021429,623256,336208,8,834,241,1,11,263.750,21.42
1021429,423369,32748,736,792,231,1,11,253.750,21.42
1021429,322168,968573,15,791,231,1,11,253.750,21.42
1021429,506341,713269,40,791,231,1,11,253.750,21.42
1021429,61568,10050,533,792,241,1,11,263.750,21.42
1021907,737529,776092,1975,792,240,1,11,262.750,67.35
1021907,1015576,341575,162,792,240,1,11,262.750,67.35
1021907,855988,814421,301,791,240,1,11,262.750,67.35
1021907,210730,414199,530,792,230,1,11,252.750,67.35
1021907,687043,193537,259,791,230,1,11,252.750,67.35
1021907,181675,299903,200,792,240,1,11,262.750,67.35
1021907,433036,468728,60,792,240,1,11,262.750,67.35
1021907,475740,243447,1617,833,230,1,11,252.750,67.35
1021907,56265,346333,6635,791,240,1,12,263.000,67.35
1021907,831799,122246,644,809,240,1,11,262.750,67.35
1021907,688452,347781,486,792,240,1,11,262.750,67.35
1021907,679581,203502,897,792,240,1,11,262.750,67.35
1021907,249409,490663,722,834,240,1,12,263.000,67.35
1021907,231122,654742,947,750,230,1,11,252.750,67.35
1021907,57621,221358,302,792,240,1,11,262.750,67.35
1021907,323264,478071,1728,791,230,1,11,252.750,67.35
1021907,396313,294998,1142,1976,240,1,11,262.750,67.35
1021907,366673,262370,362,834,240,1,11,262.750,67.35
1021907,307888,662081,58,1750,240,1,11,262.750,67.35
1021907,348747,205175,241,792,230,1,11,252.750,67.35
1022611,65896,459494,225,1625,238,1,11,260.750,13.43
1022611,167347,801065,29,833,228,1,12,251.000,13.43
1022611,320565,94976,23,833,238,1,13,261.250,13.43
1022611,609010,611494,5,750,218,1,11,240.750,13.43
1022611,935245,313929,300,833,228,1,12,251.000,13.43
1022611,576056,208912,509,834,238,1,11,260.750,13.43
1022611,412039,514071,8,792,228,1,12,251.000,13.43
1022611,406871,863475,659,792,238,1,11,260.750,13.43
1022611,153868,913342,226,833,228,1,12,251.000,13.43
1022611,541132,332121,184,792,228,1,12,251.000,13.43
1022611,463266,804778,479,792,218,1,11,240.750,13.43
1022611,87366,531186,145,791,228,1,12,251.000,13.43
1022611,661917,440077,27,792,238,1,11,260.750,13.43
1022611,144649,991712,79,792,228,1,12,251.000,13.43
1022611,730456,514748,10,792,238,1,11,260.750,13.43
1022611,826782,714721,481,792,228,1,12,251.000,13.43
1022611,265662,383962,5,834,228,1,12,251.000,13.43
1022611,529478,875205,50,792,238,1,11,260.750,13.43
1022611,571116,701570,307,834,228,1,12,251.000,13.43
1022611,728758,311549,193,833,228,1,12,251.000,13.43
1023313,94766,44963,540,791,221,1,11,243.750,17.47
1023313,717398,352554,465,750,221,1,11,243.750,17.47
1023313,647356,496158,230,1958,241,1,13,264.250,17.47
1023313,256096,418234,39,833,241,1,13,264.250,17.47
1023313,686025,4047,87,791,221,1,11,243.750,17.47
1023313,372941,706035,987,750,221,1,11,243.750,17.47
1023313,783256,556768,179,833,231,1,12,254.000,17.47
1023313,911047,595341,33,792,241,1,11,263.750,17.47
1023313,64428,301477,471,834,231,1,12,254.000,17.47
1023313,331150,809290,94,750,221,1,11,243.750,17.47
1023313,337288,313331,26,792,221,1,11,243.750,17.47
1023313,65929,532298,205,791,221,1,11,243.750,17.47
1023313,918702,460965,379,792,231,1,12,254.000,17.47
1023313,457433,435109,150,750,221,1,11,243.750,17.47
1023313,215823,319081,299,791,221,1,11,243.750,17.47
1023313,884431,601399,41,875,241,1,13,264.250,17.47
1023313,614876,571449,179,792,221,1,11,243.750,17.47
1023313,717398,557594,290,791,221,1,11,243.750,17.47
1023313,252845,406126,11,833,241,1,11,263.750,17.47
1023313,867915,19971,453,1792,231,1,12,254.000,17.47
1024379,742073,608491,53,792,229,1,12,252.000,11.99
1024379,310689,882262,62,792,229,1,12,252.000,11.99
1024379,383421,910646,241,792,239,1,11,261.750,11.99
1024379,537539,241907,384,833,229,1,12,252.000,11.99
1024379,434248,92704,348,792,229,1,12,252.000,11.99
1024379,469978,49669,37,1834,239,1,11,261.750,11.99
1024379,368823,711919,196,791,229,1,12,252.000,11.99
1024379,384450,296637,11,834,239,1,11,261.750,11.99
1024379,991925,890433,276,1750,229,1,12,252.000,11.99
1024379,333632,542089,298,833,229,1,12,252.000,11.99
1024379,49903,711872,108,792,229,1,12,252.000,11.99
1024379,980774,128402,41,1625,229,1,12,252.000,11.99
1024379,955681,737758,73,792,219,1,11,241.750,11.99
1024379,102783,843199,290,834,239,1,13,262.250,11.99
1024379,253904,6332,51,834,229,1,12,252.000,11.99
1024379,161753,158901,144,792,219,1,11,241.750,11.99
1024379,96664,475462,243,792,239,1,13,262.250,11.99
1024379,943153,718383,628,833,229,1,12,252.000,11.99
1024379,118673,746438,42,791,219,1,11,241.750,11.99
1024379,556680,893791,32,833,229,1,12,252.000,11.99
1026761,129912,734221,275,833,240,1,11,262.750,46.34
1026761,391404,41256,1819,1708,240,1,11,262.750,46.34
1026761,431619,732185,33,833,240,1,12,263.000,46.34
1026761,296732,194755,151,834,240,1,11,262.750,46.34
1026761,202209,20652,992,791,240,1,11,262.750,46.34
1026761,949930,806568,285,792,240,1,11,262.750,46.34
1026761,290901,907290,536,1708,240,1,11,262.750,46.34
1026761,329283,414347,237,834,240,1,11,262.750,46.34
1026761,864027,361110,474,792,240,1,11,262.750,46.34
1026761,1013684,881298,425,834,240,1,11,262.750,46.34
1026761,408028,683280,451,792,240,1,11,262.750,46.34
1026761,723721,618061,102,791,240,1,11,262.750,46.34
1026761,601237,322997,451,833,240,1,11,262.750,46.34
1026761,649202,74718,386,833,240,1,12,263.000,46.34
1026761,560065,200063,1378,851,240,1,11,262.750,46.34
1026761,251754,26692,568,833,240,1,11,262.750,46.34
1026761,908334,616527,450,2125,240,1,11,262.750,46.34
1026761,513283,171214,363,791,240,1,11,262.750,46.34
1026761,194106,307775,2654,834,240,1,12,263.000,46.34
1026761,711762,550041,1412,834,240,1,11,262.750,46.34
1027853,969013,916924,563,1791,240,1,11,262.750,32.01
1027853,314268,487237,443,833,240,1,12,263.000,32.01
1027853,570163,985080,314,834,240,1,11,262.750,32.01
1027853,10977,215745,886,833,230,1,11,252.750,32.01
1027853,809961,299127,90,792,230,1,11,252.750,32.01
1027853,318647,812978,264,833,240,1,12,263.000,32.01
1027853,305543,796819,141,792,230,1,11,252.750,32.01
1027853,618610,905419,644,833,240,1,11,262.750,32.01
1027853,863955,635998,427,833,230,1,11,252.750,32.01
1027853,663524,266163,1922,1791,230,1,11,252.750,32.01
1027853,492930,943442,399,833,240,1,11,262.750,32.01
1027853,574577,858696,124,833,240,1,11,262.750,32.01
1027853,488526,598566,60,791,240,1,11,262.750,32.01
1027853,532559,132289,640,1709,230,1,11,252.750,32.01
1027853,573847,683261,131,792,240,1,11,262.750,32.01
1027853,497021,831140,79,833,230,1,11,252.750,32.01
1027853,396966,547917,172,792,240,1,11,262.750,32.01
1027853,281053,275004,269,1750,230,1,11,252.750,32.01
1027853,320950,303100,57,1708,240,1,11,262.750,32.01
1027853,678620,517327,1624,792,230,1,11,252.750,32.01
1028597,261181,455649,1446,833,241,1,11,263.750,54.37
1028597,85850,864908,982,833,241,1,12,264.000,54.37
1028597,27523,163350,237,791,231,1,11,253.750,54.37
1028597,513800,847548,1514,792,241,1,12,264.000,54.37
1028597,996610,468912,736,792,241,1,12,264.000,54.37
1028597,737967,758395,194,2000,231,1,11,253.750,54.37
1028597,895320,886120,1066,791,231,1,11,253.750,54.37
1028597,478824,33448,2684,833,241,1,12,264.000,54.37
1028597,857584,840767,2376,834,241,1,11,263.750,54.37
1028597,38760,818098,463,792,231,1,11,253.750,54.37
1028597,319531,548874,459,834,241,1,11,263.750,54.37
1028597,654512,734239,20,2084,241,1,12,264.000,54.37
1028597,41999,63630,170,792,231,1,11,253.750,54.37
1028597,63240,864101,61,958,241,1,11,263.750,54.37
1028597,921289,403694,79,791,231,1,11,253.750,54.37
1028597,479842,639093,1415,834,241,1,11,263.750,54.37
1028597,239862,451424,244,791,241,1,12,264.000,54.37
1028597,396142,573803,1026,834,241,1,12,264.000,54.37
1028597,946489,993193,283,792,231,1,11,253.750,54.37
1028597,835753,4942,89,833,241,1,11,263.750,54.37
1028843,934012,705310,31,792,230,1,11,252.750,22.09
1028843,736626,552314,158,750,230,1,11,252.750,22.09
1028843,35089,99767,438,833,230,1,11,252.750,22.09
1028843,585587,780145,195,792,230,1,11,252.750,22.09
1028843,878827,257247,814,791,230,1,11,252.750,22.09
1028843,501444,678431,317,792,230,1,11,252.750,22.09
1028843,585576,804119,94,750,230,1,11,252.750,22.09
1028843,83216,189330,6,792,230,1,11,252.750,22.09
1028843,102567,419064,171,792,230,1,11,252.750,22.09
1028843,807933,258997,114,792,230,1,11,252.750,22.09
1028843,319482,329741,16,834,230,1,11,252.750,22.09
1028843,366019,787551,175,791,230,1,11,252.750,22.09
1028843,583286,881575,1635,834,240,1,11,262.750,22.09
1028843,53403,871819,423,791,240,1,12,263.000,22.09
1028843,737547,776634,369,833,230,1,11,252.750,22.09
1028843,39039,290717,47,792,230,1,11,252.750,22.09
1028843,684056,680911,50,792,230,1,11,252.750,22.09
1028843,11283,103336,987,792,240,1,11,262.750,22.09
1028843,977459,550017,266,792,230,1,11,252.750,22.09
1028843,685345,7080,4,791,230,1,11,252.750,22.09
1033007,83436,815277,182,834,239,1,14,262.500,12.24
1033007,359821,165102,79,833,229,1,13,252.250,12.24
1033007,682398,74758,301,792,229,1,13,252.250,12.24
1033007,347595,928862,183,1875,239,1,14,262.500,12.24
1033007,281985,588882,98,833,229,1,13,252.250,12.24
1033007,567297,101927,10,750,209,1,11,231.750,12.24
1033007,560797,631566,439,750,219,1,12,242.000,12.24
1033007,621083,626494,88,833,239,1,11,261.750,12.24
1033007,268194,315251,176,834,239,1,14,262.500,12.24
1033007,113669,60895,331,792,229,1,13,252.250,12.24
1033007,369256,863512,71,792,219,1,12,242.000,12.24
1033007,877765,38992,23,2125,219,1,12,242.000,12.24
1033007,1017915,908548,178,834,239,1,11,261.750,12.24
1033007,1017430,994817,83,792,219,1,12,242.000,12.24
1033007,402748,741911,672,2041,239,1,14,262.500,12.24
1033007,155861,771520,210,833,229,1,13,252.250,12.24
1033007,988334,609299,65,1625,229,1,13,252.250,12.24
1033007,1020000,815951,111,875,239,1,14,262.500,12.24
1033007,132656,1008731,134,791,219,1,12,242.000,12.24
1033007,97736,74467,186,792,219,1,12,242.000,12.24
1033421,374008,128853,7,958,219,1,12,242.000,8.67
1033421,363460,212992,255,833,229,1,13,252.250,8.67
1033421,884884,135444,138,833,239,1,14,262.500,8.67
1033421,562094,841486,28,791,219,1,12,242.000,8.67
1033421,409552,384150,5,833,229,1,13,252.250,8.67
1033421,672206,507638,326,792,229,1,13,252.250,8.67
1033421,799966,38098,33,791,219,1,12,242.000,8.67
1033421,365261,520758,761,1834,219,1,12,242.000,8.67
1033421,439770,429615,119,792,219,1,12,242.000,8.67
1033421,44931,668070,59,792,239,1,11,261.750,8.67
1033421,579559,114115,143,791,219,1,12,242.000,8.67
1033421,169963,82113,113,833,229,1,13,252.250,8.67
1033421,566893,774073,43,833,239,1,14,262.500,8.67
1033421,955897,209968,88,791,219,1,12,242.000,8.67
1033421,881536,937666,36,792,239,1,11,261.750,8.67
1033421,1000212,365472,49,791,209,1,11,231.750,8.67
1033421,946366,791370,169,834,229,1,13,252.250,8.67
1033421,50489,399549,29,792,219,1,12,242.000,8.67
1033421,38295,349723,68,750,209,1,11,231.750,8.67
1033421,1012011,617943,93,791,229,1,13,252.250,8.67
1033663,226664,747185,412,834,241,1,14,264.500,14.72
1033663,265148,432421,12,2000,221,1,12,244.000,14.72
1033663,319479,992649,245,834,221,1,12,244.000,14.72
1033663,306575,488506,108,833,241,1,11,263.750,14.72
1033663,189471,554055,82,875,241,1,11,263.750,14.72
1033663,105356,996305,368,792,241,1,11,263.750,14.72
1033663,487137,540409,97,875,241,1,14,264.500,14.72
1033663,382457,46004,174,834,231,1,13,254.250,14.72
1033663,967775,836583,215,834,241,1,11,263.750,14.72
1033663,940490,150975,250,833,231,1,13,254.250,14.72
1033663,231737,856735,196,834,231,1,13,254.250,14.72
1033663,693750,717515,40,833,231,1,13,254.250,14.72
1033663,578785,116938,105,791,221,1,12,244.000,14.72
1033663,976720,548110,532,2084,241,1,11,263.750,14.72
1033663,669642,548952,234,792,221,1,12,244.000,14.72
1033663,419027,944008,51,833,241,1,11,263.750,14.72
1033663,607050,573478,47,833,241,1,11,263.750,14.72
1033663,698407,168891,637,792,221,1,12,244.000,14.72
1033663,715763,369347,214,792,211,1,11,233.750,14.72
1033663,963377,1031092,400,1708,231,1,13,254.250,14.72
1035649,732668,143080,418,833,243,1,12,266.000,44.30
1035649,213206,165922,702,958,243,1,12,266.000,44.30
1035649,76020,22401,603,833,243,1,12,266.000,44.30
1035649,303336,660385,153,834,233,1,11,255.750,44.30
1035649,488402,941896,902,833,243,1,12,266.000,44.30
1035649,795810,978270,361,833,243,1,11,265.750,44.30
1035649,584660,754852,383,792,243,1,11,265.750,44.30
1035649,230641,66907,91,834,233,1,11,255.750,44.30
1035649,901120,859877,338,792,243,1,11,265.750,44.30
1035649,817997,456107,1467,792,243,1,11,265.750,44.30
1035649,853295,325354,329,792,233,1,11,255.750,44.30
1035649,800468,14039,887,833,243,1,12,266.000,44.30
1035649,106417,271600,72,792,243,1,12,266.000,44.30
1035649,478334,425637,167,834,243,1,12,266.000,44.30
1035649,236172,776881,1794,833,243,1,12,266.000,44.30
1035649,289957,11933,30,834,243,1,11,265.750,44.30
1035649,405885,705299,67,1875,243,1,12,266.000,44.30
1035649,1388,722350,2005,792,233,1,11,255.750,44.30
1035649,705036,689302,59,834,243,1,12,266.000,44.30
1035649,33391,481054,2014,833,233,1,11,255.750,44.30
1036271,98840,908605,29,792,233,1,11,255.750,35.59
1036271,661692,413253,323,792,233,1,11,255.750,35.59
1036271,883320,155664,31,1792,233,1,11,255.750,35.59
1036271,1012163,102972,183,791,233,1,11,255.750,35.59
1036271,980079,928659,8,834,243,1,12,266.000,35.59
1036271,784674,35543,776,792,233,1,11,255.750,35.59
1036271,227869,456458,743,1041,233,1,11,255.750,35.59
1036271,225481,563810,1085,792,233,1,11,255.750,35.59
1036271,180580,258256,546,791,243,1,12,266.000,35.59
1036271,558126,704396,1810,833,243,1,11,265.750,35.59
1036271,622075,281578,606,792,233,1,11,255.750,35.59
1036271,82034,273854,160,792,233,1,11,255.750,35.59
1036271,729119,213737,1106,1916,233,1,11,255.750,35.59
1036271,40791,237588,665,834,243,1,12,266.000,35.59
1036271,608043,338138,168,792,233,1,11,255.750,35.59
1036271,575686,612546,601,791,233,1,11,255.750,35.59
1036271,919268,628632,34,792,243,1,12,266.000,35.59
1036271,604111,393076,373,792,233,1,11,255.750,35.59
1036271,506996,905006,265,833,243,1,12,266.000,35.59
1036271,516810,682239,773,792,243,1,12,266.000,35.59
1037303,500654,638886,82,833,242,1,11,264.750,11.46
1037303,633498,340787,118,833,232,1,11,254.750,11.46
1037303,127504,163619,167,792,232,1,11,254.750,11.46
1037303,704806,149664,118,792,232,1,11,254.750,11.46
1037303,358507,959973,4,792,242,1,11,264.750,11.46
1037303,734546,1031671,20,834,242,1,11,264.750,11.46
1037303,713133,949366,159,810,232,1,11,254.750,11.46
1037303,958252,671496,215,792,232,1,11,254.750,11.46
1037303,113904,141420,557,810,232,1,11,254.750,11.46
1037303,893095,51308,254,1708,242,1,11,264.750,11.46
1037303,244084,905906,215,791,232,1,11,254.750,11.46
1037303,681086,718420,14,791,242,1,11,264.750,11.46
1037303,770998,887187,157,834,242,1,11,264.750,11.46
1037303,877521,721176,101,791,232,1,11,254.750,11.46
1037303,146210,374878,292,791,242,1,11,264.750,11.46
1037303,245368,613789,399,791,232,1,11,254.750,11.46
1037303,930759,642601,12,792,232,1,11,254.750,11.46
1037303,736587,219286,80,833,242,1,11,264.750,11.46
1037303,188732,1032159,107,792,242,1,11,264.750,11.46
1037303,119131,842887,251,834,242,1,12,265.000,11.46
1039033,984451,811057,316,1833,242,1,11,264.750,46.58
1039033,443805,321413,63,792,242,1,11,264.750,46.58
1039033,252223,12407,239,1584,242,1,11,264.750,46.58
1039033,227817,867907,59,833,232,1,12,255.000,46.58
1039033,268283,119119,1102,833,242,1,11,264.750,46.58
1039033,226964,57436,922,833,232,1,12,255.000,46.58
1039033,544514,979071,223,833,242,1,11,264.750,46.58
1039033,844299,616532,7,833,242,1,11,264.750,46.58
1039033,574957,643127,466,833,242,1,11,264.750,46.58
1039033,227629,925131,830,833,242,1,11,264.750,46.58
1039033,356367,1006572,1129,792,242,1,11,264.750,46.58
1039033,675488,639405,1134,834,242,1,11,264.750,46.58
1039033,81597,97322,395,792,232,1,12,255.000,46.58
1039033,927063,912509,621,792,222,1,11,244.750,46.58
1039033,173521,922809,304,792,222,1,11,244.750,46.58
1039033,873958,563313,2007,1958,242,1,11,264.750,46.58
1039033,823189,541278,479,833,242,1,11,264.750,46.58
1039033,821345,823820,198,833,242,1,11,264.750,46.58
1039033,907218,410872,111,1666,242,1,13,265.250,46.58
1039033,630265,413114,2911,792,232,1,12,255.000,46.58
1040159,809002,223570,111,833,232,1,12,255.000,19.83
1040159,180729,93900,967,792,242,1,11,264.750,19.83
1040159,457237,567475,345,834,232,1,12,255.000,19.83
1040159,543933,15229,473,833,242,1,11,264.750,19.83
1040159,682818,36628,427,833,242,1,13,265.250,19.83
1040159,999044,769337,139,833,232,1,12,255.000,19.83
1040159,254013,940287,81,834,242,1,13,265.250,19.83
1040159,665812,296098,66,834,242,1,11,264.750,19.83
1040159,543257,428458,257,792,222,1,11,244.750,19.83
1040159,603356,289636,11,791,222,1,11,244.750,19.83
1040159,321711,687672,3,810,242,1,11,264.750,19.83
1040159,188651,494180,7,834,222,1,11,244.750,19.83
1040159,910689,311050,344,833,232,1,12,255.000,19.83
1040159,953601,746128,132,792,222,1,11,244.750,19.83
1040159,775399,755548,508,875,242,1,13,265.250,19.83
1040159,749839,494846,405,834,232,1,12,255.000,19.83
1040159,81893,875046,72,792,222,1,11,244.750,19.83
1040159,732953,355393,734,833,232,1,12,255.000,19.83
1040159,382143,665451,205,833,232,1,12,255.000,19.83
1040159,859764,111216,499,1916,242,1,11,264.750,19.83
1043839,150439,885829,112,834,243,1,12,266.000,13.38
1043839,631027,56513,182,833,233,1,11,255.750,13.38
1043839,479763,983775,179,1917,233,1,11,255.750,13.38
1043839,59712,1538,77,792,233,1,11,255.750,13.38
1043839,997099,586427,85,833,243,1,11,265.750,13.38
1043839,350000,126714,9,833,243,1,12,266.000,13.38
1043839,684572,176980,273,834,233,1,11,255.750,13.38
1043839,63067,871613,605,791,233,1,11,255.750,13.38
1043839,429069,212994,138,1667,233,1,11,255.750,13.38
1043839,555837,35139,133,792,233,1,11,255.750,13.38
1043839,835702,406210,233,834,233,1,11,255.750,13.38
1043839,111786,311608,299,792,243,1,12,266.000,13.38
1043839,540501,528988,118,833,233,1,11,255.750,13.38
1043839,1033750,298084,534,834,243,1,12,266.000,13.38
1043839,600114,528454,125,792,233,1,11,255.750,13.38
1043839,709635,554668,24,1875,233,1,11,255.750,13.38
1043839,570972,474756,271,792,233,1,11,255.750,13.38
1043839,95245,496725,24,791,233,1,11,255.750,13.38
1043839,360961,117807,229,791,233,1,11,255.750,13.38
1043839,511283,772359,167,791,233,1,11,255.750,13.38
1046413,111180,564952,249,791,242,1,11,264.750,30.14
1046413,792520,908598,270,834,242,1,11,264.750,30.14
1046413,441921,128264,437,792,232,1,11,254.750,30.14
1046413,769932,765460,657,833,242,1,11,264.750,30.14
1046413,469241,105720,367,834,242,1,12,265.000,30.14
1046413,484736,230259,1595,792,242,1,12,265.000,30.14
1046413,141828,810443,477,834,242,1,11,264.750,30.14
1046413,627573,137095,821,792,242,1,11,264.750,30.14
1046413,595116,956633,166,792,242,1,11,264.750,30.14
1046413,853387,380214,63,792,242,1,11,264.750,30.14
1046413,827275,132064,300,791,232,1,11,254.750,30.14
1046413,469242,394407,38,791,242,1,11,264.750,30.14
1046413,917872,345885,55,833,242,1,12,265.000,30.14
1046413,617589,435604,17,833,242,1,12,265.000,30.14
1046413,206494,730,211,834,242,1,11,264.750,30.14
1046413,501594,160365,310,792,232,1,11,254.750,30.14
1046413,918558,113457,422,1958,242,1,11,264.750,30.14
1046413,80495,710996,346,1643,232,1,11,254.750,30.14
1046413,266159,553201,1770,792,232,1,11,254.750,30.14
1046413,945242,774991,42,792,242,1,11,264.750,30.14
1047229,764652,453192,42,875,218,1,17,242.250,11.52
1047229,535893,12525,145,833,218,1,17,242.250,11.52
1047229,33768,833956,10,916,248,1,20,273.000,11.52
1047229,75258,315114,7,833,243,1,11,265.750,11.52
1047229,303967,126239,192,875,228,1,18,252.500,11.52
1047229,435631,695809,35,917,248,1,20,273.000,11.52
1047229,834384,155009,39,917,248,1,20,273.000,11.52
1047229,116552,116690,112,833,243,1,11,265.750,11.52
1047229,731487,485387,246,850,228,1,18,252.500,11.52
1047229,444247,136803,47,875,228,1,18,252.500,11.52
1047229,460220,455856,81,875,228,1,18,252.500,11.52
1047229,342450,477231,211,791,208,1,16,232.000,11.52
1047229,511741,381976,203,792,208,1,16,232.000,11.52
1047229,1042470,840630,122,1792,208,1,16,232.000,11.52
1047229,69785,282352,54,833,218,1,17,242.250,11.52
1047229,132465,601239,586,1833,243,1,11,265.750,11.52
1047229,445585,875075,38,875,228,1,18,252.500,11.52
1047229,665149,349187,572,791,243,1,11,265.750,11.52
1047229,192605,8637,313,1834,238,1,19,262.750,11.52
1047229,39927,159448,867,875,228,1,18,252.500,11.52
1053259,299012,390223,66,833,244,1,11,266.750,17.13
1053259,354361,11317,63,792,234,1,11,256.750,17.13
1053259,762114,369868,430,1708,244,1,11,266.750,17.13
1053259,658074,698908,62,833,234,1,11,256.750,17.13
1053259,360772,818917,188,791,234,1,11,256.750,17.13
1053259,248352,136278,39,792,234,1,11,256.750,17.13
1053259,118195,335930,601,917,244,1,11,266.750,17.13
1053259,255644,221532,250,792,234,1,11,256.750,17.13
1053259,1003045,936394,214,851,244,1,11,266.750,17.13
1053259,126814,484380,64,791,244,1,11,266.750,17.13
1053259,557214,670128,134,834,244,1,11,266.750,17.13
1053259,771399,117844,259,791,244,1,12,267.000,17.13
1053259,309797,441279,331,792,234,1,11,256.750,17.13
1053259,1049571,1147,48,833,234,1,11,256.750,17.13
1053259,645273,841761,28,792,234,1,11,256.750,17.13
1053259,958481,291456,52,833,244,1,11,266.750,17.13
1053259,629551,812317,1288,792,234,1,11,256.750,17.13
1053259,45140,677065,374,833,244,1,12,267.000,17.13
1053259,7827,566233,215,892,244,1,11,266.750,17.13
1053259,50705,481571,108,834,244,1,11,266.750,17.13
1054483,923423,925957,1118,833,245,1,11,267.750,40.31
1054483,578537,208970,302,850,235,1,11,257.750,40.31
1054483,390095,879089,155,810,235,1,11,257.750,40.31
1054483,646693,590745,267,792,235,1,11,257.750,40.31
1054483,804324,405449,153,1750,245,1,11,267.750,40.31
1054483,936877,64138,2000,834,235,1,11,257.750,40.31
1054483,839768,13207,844,833,235,1,11,257.750,40.31
1054483,36691,59425,200,833,245,1,11,267.750,40.31
1054483,16504,707197,212,1834,245,1,11,267.750,40.31
1054483,704767,417950,75,833,245,1,11,267.750,40.31
1054483,737741,814058,720,791,245,1,11,267.750,40.31
1054483,283947,363744,26,792,245,1,11,267.750,40.31
1054483,727336,927204,294,792,245,1,11,267.750,40.31
1054483,175628,489274,186,792,235,1,11,257.750,40.31
1054483,611761,894491,1344,833,245,1,11,267.750,40.31
1054483,813489,439241,1034,1708,235,1,11,257.750,40.31
1054483,90248,16266,476,834,235,1,11,257.750,40.31
1054483,410488,767600,709,833,245,1,12,268.000,40.31
1054483,564155,971304,424,792,245,1,11,267.750,40.31
1054483,657315,63352,780,833,245,1,11,267.750,40.31
1054853,495056,712353,73,792,244,1,11,266.750,19.24
1054853,958751,890589,525,833,244,1,13,267.250,19.24
1054853,509673,625888,177,875,244,1,13,267.250,19.24
1054853,198932,67747,251,833,224,1,11,246.750,19.24
1054853,632962,805021,765,791,224,1,11,246.750,19.24
1054853,437495,249079,125,833,234,1,12,257.000,19.24
1054853,1002351,196852,258,792,244,1,11,266.750,19.24
1054853,418101,326294,112,1834,244,1,11,266.750,19.24
1054853,405601,596404,440,833,244,1,11,266.750,19.24
1054853,948613,828150,50,1958,234,1,12,257.000,19.24
1054853,148293,627645,10,833,224,1,11,246.750,19.24
1054853,366647,86351,1036,792,244,1,11,266.750,19.24
1054853,74789,663335,301,875,244,1,13,267.250,19.24
1054853,1033204,520420,482,792,234,1,12,257.000,19.24
1054853,513776,591493,255,833,234,1,12,257.000,19.24
1054853,330494,216664,51,792,224,1,11,246.750,19.24
1054853,42618,575723,68,791,244,1,11,266.750,19.24
1054853,491503,849757,145,792,244,1,11,266.750,19.24
1054853,484307,107080,129,792,224,1,11,246.750,19.24
1054853,516311,314267,262,792,224,1,11,246.750,19.24
1055143,758969,182867,436,833,236,1,12,259.000,18.51
1055143,295588,1037244,44,917,226,1,11,248.750,18.51
1055143,525038,614613,550,834,246,1,11,268.750,18.51
1055143,446576,135481,189,792,236,1,12,259.000,18.51
1055143,233549,855636,254,916,236,1,12,259.000,18.51
1055143,908160,1025219,478,834,236,1,12,259.000,18.51
1055143,412467,254323,308,917,236,1,12,259.000,18.51
1055143,296310,398071,11,917,226,1,11,248.750,18.51
1055143,913289,561043,148,833,226,1,11,248.750,18.51
1055143,152298,875676,424,2083,246,1,11,268.750,18.51
1055143,802443,82005,511,834,226,1,11,248.750,18.51
1055143,311047,205442,536,833,236,1,12,259.000,18.51
1055143,262154,391513,402,833,236,1,12,259.000,18.51
1055143,703623,840959,54,792,236,1,12,259.000,18.51
1055143,812650,187507,18,1708,226,1,11,248.750,18.51
1055143,735249,864284,84,1750,236,1,12,259.000,18.51
1055143,269253,570375,192,834,246,1,11,268.750,18.51
1055143,122477,925798,390,833,236,1,12,259.000,18.51
1055143,467634,17759,102,833,236,1,12,259.000,18.51
1055143,83995,274868,105,834,236,1,12,259.000,18.51
1055531,131328,971108,573,834,236,1,12,259.000,16.23
1055531,291579,585489,22,792,226,1,11,248.750,16.23
1055531,598380,798874,363,792,236,1,12,259.000,16.23
1055531,399057,861001,10,833,246,1,11,268.750,16.23
1055531,414644,864324,240,875,246,1,13,269.250,16.23
1055531,481403,916542,6,834,246,1,11,268.750,16.23
1055531,493580,782351,105,834,236,1,12,259.000,16.23
1055531,256874,764560,82,850,246,1,11,268.750,16.23
1055531,595441,67337,57,833,236,1,12,259.000,16.23
1055531,130019,788725,69,792,226,1,11,248.750,16.23
1055531,169542,517245,125,791,236,1,12,259.000,16.23
1055531,658497,1054248,437,792,226,1,11,248.750,16.23
1055531,249425,16985,19,2208,236,1,12,259.000,16.23
1055531,10200,905163,219,833,236,1,12,259.000,16.23
1055531,180049,465391,224,875,246,1,13,269.250,16.23
1055531,785013,78148,170,833,226,1,11,248.750,16.23
1055531,841814,845328,1064,833,236,1,12,259.000,16.23
1055531,705340,619084,375,833,236,1,12,259.000,16.23
1055531,721752,891083,255,2084,236,1,12,259.000,16.23
1055531,855925,513817,173,792,236,1,12,259.000,16.23
1056089,477992,774617,618,833,228,1,11,250.750,24.00
1056089,760858,660457,440,833,248,1,11,270.750,24.00
1056089,95840,760316,33,875,248,1,13,271.250,24.00
1056089,629415,947236,239,791,228,1,11,250.750,24.00
1056089,1020197,955397,344,792,228,1,11,250.750,24.00
1056089,131890,671921,888,2060,248,1,11,270.750,24.00
1056089,886817,640283,346,833,238,1,12,261.000,24.00
1056089,861432,555785,502,791,228,1,11,250.750,24.00
1056089,613401,1024212,196,833,248,1,11,270.750,24.00
1056089,216431,403982,44,1959,248,1,13,271.250,24.00
1056089,968229,644722,169,833,248,1,11,270.750,24.00
1056089,1001357,886563,348,875,248,1,13,271.250,24.00
1056089,377068,1002856,330,834,238,1,12,261.000,24.00
1056089,131890,876723,652,834,248,1,11,270.750,24.00
1056089,448619,393259,318,833,248,1,11,270.750,24.00
1056089,564301,468900,121,791,228,1,11,250.750,24.00
1056089,772251,881736,189,792,248,1,11,270.750,24.00
1056089,641347,515324,289,834,248,1,13,271.250,24.00
1056089,551158,654547,428,792,228,1,11,250.750,24.00
1056089,141527,781693,264,834,248,1,13,271.250,24.00
1058077,897351,47548,90,792,236,1,12,259.000,27.80
1058077,870248,75971,838,791,246,1,11,268.750,27.80
1058077,371806,879527,6,792,226,1,11,248.750,27.80
1058077,141873,849028,599,792,226,1,11,248.750,27.80
1058077,604990,643261,87,2084,246,1,13,269.250,27.80
1058077,427547,241767,536,792,226,1,11,248.750,27.80
1058077,426350,188352,101,792,246,1,11,268.750,27.80
1058077,992654,351168,52,792,226,1,11,248.750,27.80
1058077,18624,231815,176,792,226,1,11,248.750,27.80
1058077,456565,33276,320,791,226,1,11,248.750,27.80
1058077,55769,150750,136,792,226,1,11,248.750,27.80
1058077,87100,1030915,715,2167,246,1,11,268.750,27.80
1058077,708196,327101,1128,834,246,1,11,268.750,27.80
1058077,748391,11429,191,833,246,1,11,268.750,27.80
1058077,735146,564459,897,792,226,1,11,248.750,27.80
1058077,786677,123233,377,833,246,1,11,268.750,27.80
1058077,445661,378327,12,792,226,1,11,248.750,27.80
1058077,325803,160638,551,791,226,1,11,248.750,27.80
1058077,700856,374733,868,791,226,1,11,248.750,27.80
1058077,271102,485206,118,750,226,1,11,248.750,27.80
1058153,770671,542447,399,792,227,1,11,249.750,17.04
1058153,266699,990521,136,833,237,1,12,260.000,17.04
1058153,287293,476095,88,791,237,1,12,260.000,17.04
1058153,725336,110097,463,834,247,1,11,269.750,17.04
1058153,722614,515686,326,792,227,1,11,249.750,17.04
1058153,99355,949121,345,768,227,1,11,249.750,17.04
1058153,213328,261121,347,875,247,1,13,270.250,17.04
1058153,499531,471311,271,792,227,1,11,249.750,17.04
1058153,311612,1057518,157,875,247,1,13,270.250,17.04
1058153,268358,626911,418,791,227,1,11,249.750,17.04
1058153,522222,916064,242,792,227,1,11,249.750,17.04
1058153,63864,722921,518,834,247,1,13,270.250,17.04
1058153,6514,399507,28,2000,237,1,12,260.000,17.04
1058153,596492,32375,20,833,247,1,13,270.250,17.04
1058153,765454,479792,451,792,227,1,11,249.750,17.04
1058153,115259,1013199,55,792,227,1,11,249.750,17.04
1058153,905118,549808,22,792,227,1,11,249.750,17.04
1058153,520547,456385,146,833,247,1,13,270.250,17.04
1058153,1023111,706734,60,833,237,1,12,260.000,17.04
1058153,222021,590990,305,875,247,1,13,270.250,17.04
1061969,710913,215938,82,850,237,1,11,259.750,41.87
1061969,175932,703520,561,792,237,1,11,259.750,41.87
1061969,459172,529918,1002,833,247,1,11,269.750,41.87
1061969,242162,198096,430,833,247,1,12,270.000,41.87
1061969,929468,541230,392,833,247,1,11,269.750,41.87
1061969,303247,535857,146,792,237,1,11,259.750,41.87
1061969,959760,627812,532,791,247,1,11,269.750,41.87
1061969,241684,229945,2058,833,237,1,11,259.750,41.87
1061969,790673,947706,168,834,247,1,12,270.000,41.87
1061969,838732,674035,742,1934,247,1,11,269.750,41.87
1061969,659915,467004,1492,833,247,1,11,269.750,41.87
1061969,174636,732606,54,834,237,1,11,259.750,41.87
1061969,872313,132777,813,833,237,1,11,259.750,41.87
1061969,619632,417095,92,833,247,1,11,269.750,41.87
1061969,96927,303180,348,834,247,1,11,269.750,41.87
1061969,952325,92170,380,834,247,1,12,270.000,41.87
1061969,16857,112368,396,2167,247,1,11,269.750,41.87
1061969,957184,603203,50,1750,247,1,12,270.000,41.87
1061969,186063,111480,1556,833,247,1,11,269.750,41.87
1061969,875906,242176,433,834,247,1,11,269.750,41.87
1066313,534303,913065,410,1750,216,1,11,238.750,12.30
1066313,147104,553151,21,833,226,1,12,249.000,12.30
1066313,211823,263699,173,893,246,1,14,269.500,12.30
1066313,326113,267032,112,792,216,1,11,238.750,12.30
1066313,183192,543358,378,833,246,1,11,268.750,12.30
1066313,773672,214671,8,1083,246,1,11,268.750,12.30
1066313,9940,945450,152,875,246,1,14,269.500,12.30
1066313,718354,273865,389,1625,236,1,13,259.250,12.30
1066313,979116,1018950,102,791,226,1,12,249.000,12.30
1066313,809667,553580,551,791,236,1,13,259.250,12.30
1066313,204873,1059512,13,792,226,1,12,249.000,12.30
1066313,712395,529939,33,792,226,1,12,249.000,12.30
1066313,312258,497009,380,792,216,1,11,238.750,12.30
1066313,599024,279968,7,834,226,1,12,249.000,12.30
1066313,290836,151712,80,791,216,1,11,238.750,12.30
1066313,913865,637150,68,791,226,1,12,249.000,12.30
1066313,750332,366959,418,1809,246,1,14,269.500,12.30
1066313,979629,815697,176,833,236,1,13,259.250,12.30
1066313,467859,666800,40,875,246,1,14,269.500,12.30
1066313,215569,865911,85,833,246,1,11,268.750,12.30
1066811,754043,682058,1078,2167,247,1,11,269.750,32.94
1066811,651280,117395,200,792,217,1,11,239.750,32.94
1066811,495136,104122,117,833,237,1,13,260.250,32.94
1066811,247258,70825,106,833,247,1,11,269.750,32.94
1066811,426048,786532,829,791,217,1,11,239.750,32.94
1066811,582986,253481,96,792,227,1,12,250.000,32.94
1066811,391381,310168,202,791,247,1,11,269.750,32.94
1066811,806805,564494,741,833,247,1,11,269.750,32.94
1066811,117734,1037674,119,833,237,1,13,260.250,32.94
1066811,570675,843313,586,875,277,1,14,300.500,32.94
1066811,1036757,996268,43,834,247,1,11,269.750,32.94
1066811,706607,852261,116,834,237,1,13,260.250,32.94
1066811,638090,808453,1474,833,237,1,13,260.250,32.94
1066811,620365,777682,354,850,237,1,13,260.250,32.94
1066811,415112,897803,822,834,247,1,11,269.750,32.94
1066811,749785,504855,525,833,227,1,12,250.000,32.94
1066811,609184,562570,885,792,227,1,12,250.000,32.94
1066811,83209,685690,488,833,247,1,11,269.750,32.94
1066811,1042311,964888,435,833,227,1,12,250.000,32.94
1066811,823840,684101,414,791,217,1,11,239.750,32.94
1067387,179594,581048,415,833,237,1,11,259.750,20.51
1067387,453637,26602,231,833,237,1,11,259.750,20.51
1067387,25479,242851,133,833,237,1,11,259.750,20.51
1067387,476313,1023450,184,875,237,1,11,259.750,20.51
1067387,766188,266554,227,834,237,1,11,259.750,20.51
1067387,541119,872064,140,833,247,1,11,269.750,20.51
1067387,416888,550689,100,834,247,1,11,269.750,20.51
1067387,750160,770646,490,792,237,1,11,259.750,20.51
1067387,844738,891547,1087,792,237,1,11,259.750,20.51
1067387,620213,969065,184,792,237,1,11,259.750,20.51
1067387,610731,515897,40,2042,247,1,11,269.750,20.51
1067387,261395,929300,128,917,237,1,11,259.750,20.51
1067387,462438,370839,132,792,237,1,11,259.750,20.51
1067387,33527,176763,41,792,237,1,11,259.750,20.51
1067387,522991,431989,404,833,247,1,11,269.750,20.51
1067387,408169,645649,62,792,247,1,11,269.750,20.51
1067387,651016,294107,90,791,237,1,11,259.750,20.51
1067387,892267,28657,916,833,237,1,11,259.750,20.51
1067387,217035,198933,379,833,237,1,11,259.750,20.51
1067387,1014981,570841,394,809,237,1,11,259.750,20.51
1068107,235610,636261,122,833,235,1,11,257.750,7.33
1068107,434717,252111,33,792,235,1,11,257.750,7.33
1068107,889323,27436,61,834,235,1,11,257.750,7.33
1068107,346020,161254,69,1791,245,1,12,268.000,7.33
1068107,395097,727278,413,792,235,1,11,257.750,7.33
1068107,230700,951952,128,792,235,1,11,257.750,7.33
1068107,424473,778,115,792,235,1,11,257.750,7.33
1068107,89525,123842,17,833,245,1,12,268.000,7.33
1068107,545792,853016,72,833,235,1,11,257.750,7.33
1068107,628532,215398,31,834,245,1,12,268.000,7.33
1068107,725924,432753,8,792,235,1,11,257.750,7.33
1068107,113586,816765,61,833,235,1,11,257.750,7.33
1068107,1212,697423,75,792,235,1,11,257.750,7.33
1068107,485873,975523,59,834,235,1,11,257.750,7.33
1068107,323014,742735,177,792,235,1,11,257.750,7.33
1068107,405987,585359,221,792,235,1,11,257.750,7.33
1068107,604440,208519,43,792,235,1,11,257.750,7.33
1068107,276270,173594,295,1875,245,1,11,267.750,7.33
1068107,749439,948062,45,791,235,1,11,257.750,7.33
1068107,357851,246407,16,792,235,1,11,257.750,7.33
1074901,893427,971612,38,791,228,1,11,250.750,23.97
1074901,270416,654433,1520,833,248,1,11,270.750,23.97
1074901,147399,1041814,330,875,248,1,13,271.250,23.97
1074901,163869,861246,1,833,248,1,11,270.750,23.97
1074901,705305,805945,358,833,248,1,13,271.250,23.97
1074901,203781,158693,387,791,228,1,11,250.750,23.97
1074901,885745,751289,294,833,228,1,11,250.750,23.97
1074901,522290,484927,1172,833,238,1,12,261.000,23.97
1074901,202174,609766,1,1917,228,1,11,250.750,23.97
1074901,680392,674734,186,833,248,1,13,271.250,23.97
1074901,376236,718109,144,792,228,1,11,250.750,23.97
1074901,688551,513203,89,792,228,1,11,250.750,23.97
1074901,170261,74354,273,834,228,1,11,250.750,23.97
1074901,113024,9692,508,833,248,1,11,270.750,23.97
1074901,359193,651295,163,792,228,1,11,250.750,23.97
1074901,164376,27463,207,833,238,1,12,261.000,23.97
1074901,925876,717704,259,833,228,1,11,250.750,23.97
1074901,125821,151813,103,1959,238,1,12,261.000,23.97
1074901,631066,462197,311,791,228,1,11,250.750,23.97
1074901,181474,518145,359,792,228,1,11,250.750,23.97
1074991,322664,1071152,34,833,248,1,13,271.250,9.10
1074991,538547,202883,374,834,248,1,11,270.750,9.10
1074991,300503,63258,112,833,248,1,11,270.750,9.10
1074991,494848,589722,184,792,228,1,11,250.750,9.10
1074991,375519,390351,60,1875,228,1,11,250.750,9.10
1074991,201882,998327,42,833,238,1,12,261.000,9.10
1074991,657579,240726,158,1708,228,1,11,250.750,9.10
1074991,271964,1016176,79,833,238,1,12,261.000,9.10
1074991,486216,1013367,29,792,238,1,12,261.000,9.10
1074991,69387,174313,17,833,248,1,11,270.750,9.10
1074991,329694,1020566,193,834,248,1,11,270.750,9.10
1074991,876580,722753,184,791,238,1,12,261.000,9.10
1074991,85952,898883,29,834,248,1,13,271.250,9.10
1074991,1011663,658366,3,834,238,1,12,261.000,9.10
1074991,330828,172576,206,833,238,1,12,261.000,9.10
1074991,777698,273265,232,791,228,1,11,250.750,9.10
1074991,829377,884339,350,833,238,1,12,261.000,9.10
1074991,403620,976373,139,875,248,1,13,271.250,9.10
1074991,846617,560484,70,834,238,1,12,261.000,9.10
1074991,362452,316534,38,792,228,1,11,250.750,9.10
1076717,211063,600084,32,834,250,1,11,272.750,52.62
1076717,47134,466384,123,875,250,1,12,273.000,52.62
1076717,358233,216539,301,834,250,1,11,272.750,52.62
1076717,30618,313445,1065,834,250,1,12,273.000,52.62
1076717,846889,953638,326,833,250,1,12,273.000,52.62
1076717,1071803,340840,2397,791,240,1,11,262.750,52.62
1076717,845737,783945,334,833,250,1,12,273.000,52.62
1076717,7879,889555,157,834,250,1,11,272.750,52.62
1076717,798892,631775,16,792,250,1,11,272.750,52.62
1076717,313982,294543,1511,833,250,1,11,272.750,52.62
1076717,572385,1019206,1504,833,250,1,11,272.750,52.62
1076717,532985,1051230,580,875,250,1,12,273.000,52.62
1076717,415471,415473,161,833,250,1,12,273.000,52.62
1076717,210131,444373,908,833,250,1,11,272.750,52.62
1076717,223251,963062,397,2000,250,1,12,273.000,52.62
1076717,72787,34145,1325,834,250,1,11,272.750,52.62
1076717,165583,1052737,1076,833,250,1,11,272.750,52.62
1076717,589522,331603,371,833,250,1,11,272.750,52.62
1076717,313982,172605,577,1875,250,1,11,272.750,52.62
1076717,385780,922655,1092,792,250,1,11,272.750,52.62
1079821,1005804,519011,676,834,237,1,14,260.500,19.91
1079821,634586,207676,18,1333,227,1,13,250.250,19.91
1079821,380070,724918,605,833,247,1,15,270.750,19.91
1079821,267941,118783,351,833,227,1,13,250.250,19.91
1079821,871550,1064448,22,833,227,1,13,250.250,19.91
1079821,9338,433365,612,834,227,1,13,250.250,19.91
1079821,205432,784272,28,834,227,1,13,250.250,19.91
1079821,839069,849450,143,791,247,1,11,269.750,19.91
1079821,935535,253233,367,750,207,1,11,229.750,19.91
1079821,630326,660803,261,834,247,1,11,269.750,19.91
1079821,666334,871059,93,875,247,1,15,270.750,19.91
1079821,116078,906343,471,834,217,1,12,240.000,19.91
1079821,313029,245861,75,833,227,1,13,250.250,19.91
1079821,123722,1057419,186,833,227,1,13,250.250,19.91
1079821,479873,539018,170,834,247,1,11,269.750,19.91
1079821,175090,64754,159,833,227,1,13,250.250,19.91
1079821,674147,279208,308,1958,247,1,11,269.750,19.91
1079821,965554,932125,738,791,227,1,13,250.250,19.91
1079821,352745,862883,159,834,237,1,14,260.500,19.91
1079821,527172,1005973,356,792,247,1,11,269.750,19.91
1080433,264463,629539,114,833,250,1,11,272.750,18.21
1080433,943889,74405,74,833,250,1,11,272.750,18.21
1080433,168265,912456,53,875,240,1,14,263.500,18.21
1080433,953841,1002237,26,1917,250,1,15,273.750,18.21
1080433,958045,378690,564,875,240,1,14,263.500,18.21
1080433,722705,615254,331,750,210,1,11,232.750,18.21
1080433,257939,500632,16,916,250,1,15,273.750,18.21
1080433,888933,805160,237,750,210,1,11,232.750,18.21
1080433,643975,927483,164,834,230,1,13,253.250,18.21
1080433,422723,933187,186,833,230,1,13,253.250,18.21
1080433,544355,61026,1381,791,230,1,13,253.250,18.21
1080433,1047453,973041,40,833,240,1,14,263.500,18.21
1080433,661408,1077226,399,1875,210,1,11,232.750,18.21
1080433,614530,861434,96,792,220,1,12,243.000,18.21
1080433,897072,187856,50,834,230,1,13,253.250,18.21
1080433,461280,595284,260,833,230,1,13,253.250,18.21
1080433,984665,929850,240,750,210,1,11,232.750,18.21
1080433,873464,791545,957,833,230,1,13,253.250,18.21
1080433,667148,1050478,95,875,250,1,15,273.750,18.21
1080433,474560,1075302,26,833,230,1,13,253.250,18.21
1082603,281561,362447,763,875,246,1,11,268.750,15.78
1082603,335907,634396,1,792,246,1,11,268.750,15.78
1082603,127766,923714,468,834,246,1,11,268.750,15.78
1082603,967592,100867,87,875,276,1,14,299.500,15.78
1082603,922586,594101,287,834,246,1,11,268.750,15.78
1082603,600936,448742,154,875,246,1,15,269.750,15.78
1082603,1053494,585847,53,792,216,1,12,239.000,15.78
1082603,1045973,476834,173,792,216,1,12,239.000,15.78
1082603,905073,113836,219,834,246,1,11,268.750,15.78
1082603,41917,971279,413,875,246,1,15,269.750,15.78
1082603,274734,928874,367,834,246,1,11,268.750,15.78
1082603,538925,737371,179,958,246,1,11,268.750,15.78
1082603,581580,322129,29,1792,246,1,11,268.750,15.78
1082603,178607,851555,63,875,246,1,15,269.750,15.78
1082603,56570,1039250,290,1750,236,1,14,259.500,15.78
1082603,640415,1068415,680,833,226,1,13,249.250,15.78
1082603,541959,867981,175,1709,236,1,14,259.500,15.78
1082603,434864,616620,57,1583,236,1,14,259.500,15.78
1082603,423764,938742,17,875,246,1,15,269.750,15.78
1082603,122321,15016,54,834,236,1,14,259.500,15.78
1084793,207199,732310,85,834,249,1,12,272.000,27.26
1084793,720832,103611,275,792,239,1,11,261.750,27.26
1084793,189211,1024699,73,834,239,1,11,261.750,27.26
1084793,272378,853260,691,834,249,1,11,271.750,27.26
1084793,33682,623347,565,833,249,1,12,272.000,27.26
1084793,988205,862753,12,834,239,1,11,261.750,27.26
1084793,1025737,592294,1,833,239,1,11,261.750,27.26
1084793,675286,595546,1244,833,249,1,12,272.000,27.26
1084793,218393,209843,149,791,239,1,11,261.750,27.26
1084793,1025737,644450,643,833,249,1,12,272.000,27.26
1084793,65018,195892,385,792,249,1,11,271.750,27.26
1084793,624760,53367,21,833,249,1,12,272.000,27.26
1084793,718962,184682,172,833,249,1,12,272.000,27.26
1084793,982934,61150,449,1792,239,1,11,261.750,27.26
1084793,185137,427575,99,1625,249,1,11,271.750,27.26
1084793,93400,904798,719,833,249,1,11,271.750,27.26
1084793,91419,465173,1022,1709,239,1,11,261.750,27.26
1084793,370429,414512,98,833,239,1,11,261.750,27.26
1084793,1062188,77532,616,833,249,1,12,272.000,27.26
1084793,427792,989589,134,1750,249,1,12,272.000,27.26
1086809,438113,267815,1354,833,248,1,12,271.000,42.08
1086809,529525,858960,102,1750,248,1,11,270.750,42.08
1086809,1070406,428689,623,833,248,1,11,270.750,42.08
1086809,464675,813007,1018,833,248,1,11,270.750,42.08
1086809,384178,975594,789,851,248,1,12,271.000,42.08
1086809,522299,640943,204,834,238,1,11,260.750,42.08
1086809,834300,945270,119,834,248,1,12,271.000,42.08
1086809,618504,879916,67,833,238,1,11,260.750,42.08
1086809,944873,74762,709,791,238,1,11,260.750,42.08
1086809,861714,781383,146,792,238,1,11,260.750,42.08
1086809,298112,571215,246,834,248,1,11,270.750,42.08
1086809,375570,963718,1804,833,248,1,11,270.750,42.08
1086809,776653,251081,420,833,248,1,11,270.750,42.08
1086809,641539,332874,114,833,248,1,12,271.000,42.08
1086809,167713,190128,1930,833,248,1,12,271.000,42.08
1086809,707835,811724,34,791,248,1,11,270.750,42.08
1086809,405704,223797,40,833,248,1,12,271.000,42.08
1086809,843976,276258,88,833,248,1,11,270.750,42.08
1086809,685599,859750,580,1809,248,1,11,270.750,42.08
1086809,361720,271692,1479,833,238,1,11,260.750,42.08
1088309,317691,23651,216,833,248,1,13,271.250,13.68
1088309,371155,334879,12,833,248,1,11,270.750,13.68
1088309,82262,1051660,810,791,248,1,11,270.750,13.68
1088309,286252,764221,84,834,228,1,11,250.750,13.68
1088309,76824,293101,100,1750,228,1,11,250.750,13.68
1088309,829035,656472,187,791,228,1,11,250.750,13.68
1088309,702632,512042,174,792,228,1,11,250.750,13.68
1088309,53898,447374,62,792,248,1,11,270.750,13.68
1088309,960697,891189,152,792,228,1,11,250.750,13.68
1088309,1072815,633465,188,792,228,1,11,250.750,13.68
1088309,81435,988542,215,834,248,1,11,270.750,13.68
1088309,522360,178107,22,833,238,1,12,261.000,13.68
1088309,803620,219753,446,792,248,1,11,270.750,13.68
1088309,786843,808949,242,791,228,1,11,250.750,13.68
1088309,481565,749139,262,791,228,1,11,250.750,13.68
1088309,486721,403655,191,834,238,1,12,261.000,13.68
1088309,118898,130906,111,792,248,1,11,270.750,13.68
1088309,575695,190871,40,791,228,1,11,250.750,13.68
1088309,656763,885718,280,833,248,1,13,271.250,13.68
1088309,769068,326216,149,792,238,1,12,261.000,13.68
1089469,287107,981022,9,1084,241,1,12,264.000,12.36
1089469,784665,461217,157,792,231,1,11,253.750,12.36
1089469,641553,322058,445,1808,251,1,13,274.250,12.36
1089469,505121,512376,54,834,231,1,11,253.750,12.36
1089469,548849,343233,81,833,241,1,12,264.000,12.36
1089469,137005,766723,171,833,231,1,11,253.750,12.36
1089469,1055130,425621,443,792,231,1,11,253.750,12.36
1089469,600609,521444,7,833,251,1,11,273.750,12.36
1089469,274329,1075780,278,792,231,1,11,253.750,12.36
1089469,48173,239775,153,875,251,1,13,274.250,12.36
1089469,758000,887684,43,875,251,1,13,274.250,12.36
1089469,281637,152301,394,833,241,1,12,264.000,12.36
1089469,185868,316522,25,875,251,1,13,274.250,12.36
1089469,854751,513866,430,808,241,1,12,264.000,12.36
1089469,628154,208094,145,834,251,1,13,274.250,12.36
1089469,972841,66062,213,792,231,1,11,253.750,12.36
1089469,75749,117453,57,1708,231,1,11,253.750,12.36
1089469,429413,544963,27,1583,231,1,11,253.750,12.36
1089469,261834,364426,260,833,251,1,13,274.250,12.36
1089469,673773,604832,175,875,251,1,13,274.250,12.36
1092269,616000,253838,128,833,248,1,12,271.000,19.86
1092269,232424,385621,165,834,248,1,12,271.000,19.86
1092269,575895,101681,15,1768,248,1,11,270.750,19.86
1092269,674135,1009883,166,833,238,1,11,260.750,19.86
1092269,578700,775166,197,833,248,1,12,271.000,19.86
1092269,968807,314038,1,833,248,1,12,271.000,19.86
1092269,806982,360793,71,834,248,1,12,271.000,19.86
1092269,848676,611756,180,791,238,1,11,260.750,19.86
1092269,963449,133042,17,833,238,1,11,260.750,19.86
1092269,188391,222076,290,875,248,1,12,271.000,19.86
1092269,489123,75194,376,834,238,1,11,260.750,19.86
1092269,754467,677571,868,792,238,1,11,260.750,19.86
1092269,5311,6205,568,833,248,1,11,270.750,19.86
1092269,386490,652679,614,791,238,1,11,260.750,19.86
1092269,988718,411306,201,1875,248,1,11,270.750,19.86
1092269,290854,1053973,240,792,238,1,11,260.750,19.86
1092269,441242,904147,104,792,238,1,11,260.750,19.86
1092269,243072,242497,654,834,238,1,11,260.750,19.86
1092269,544996,326517,23,833,248,1,12,271.000,19.86
1092269,563112,419442,661,833,238,1,11,260.750,19.86
1093109,382795,50488,64,875,250,1,12,273.000,22.17
1093109,636611,903134,153,834,250,1,11,272.750,22.17
1093109,43705,52980,38,1791,240,1,11,262.750,22.17
1093109,24152,644654,534,792,250,1,11,272.750,22.17
1093109,196644,355781,265,833,250,1,12,273.000,22.17
1093109,1006250,1037955,278,833,240,1,11,262.750,22.17
1093109,202748,678137,15,834,250,1,12,273.000,22.17
1093109,18611,359301,131,833,240,1,11,262.750,22.17
1093109,330321,510106,290,1583,240,1,11,262.750,22.17
1093109,255897,441793,106,833,250,1,12,273.000,22.17
1093109,677500,118245,1307,875,250,1,12,273.000,22.17
1093109,677775,795062,38,1850,240,1,11,262.750,22.17
1093109,87740,48357,24,833,240,1,11,262.750,22.17
1093109,954970,867111,902,1625,240,1,11,262.750,22.17
1093109,347417,732750,42,1667,250,1,12,273.000,22.17
1093109,39192,134377,445,875,250,1,12,273.000,22.17
1093109,808023,822977,577,833,250,1,12,273.000,22.17
1093109,628280,807985,190,833,240,1,11,262.750,22.17
1093109,979542,349342,325,792,240,1,11,262.750,22.17
1093109,1090031,635143,439,833,250,1,12,273.000,22.17
1094183,686424,944696,163,792,236,1,11,258.750,11.55
1094183,1023147,695953,49,834,236,1,11,258.750,11.55
1094183,4909,119324,135,791,236,1,11,258.750,11.55
1094183,1035230,758276,112,833,246,1,11,268.750,11.55
1094183,5679,652318,440,833,246,1,12,269.000,11.55
1094183,849509,205834,95,834,236,1,11,258.750,11.55
1094183,988530,618137,58,792,236,1,11,258.750,11.55
1094183,5679,207188,62,833,246,1,12,269.000,11.55
1094183,573089,485858,81,792,246,1,11,268.750,11.55
1094183,636359,845189,15,792,236,1,11,258.750,11.55
1094183,1008574,908882,49,833,246,1,11,268.750,11.55
1094183,312489,127192,764,833,246,1,11,268.750,11.55
1094183,220965,556109,70,833,236,1,11,258.750,11.55
1094183,274094,787789,33,791,236,1,11,258.750,11.55
1094183,448164,1003001,35,792,236,1,11,258.750,11.55
1094183,902860,619338,278,833,246,1,12,269.000,11.55
1094183,94657,139407,167,792,236,1,11,258.750,11.55
1094183,19394,166618,487,833,236,1,11,258.750,11.55
1094183,260553,307419,36,833,236,1,11,258.750,11.55
1094183,315183,941166,74,792,236,1,11,258.750,11.55
1095071,145456,402679,77,792,239,1,11,261.750,17.72
1095071,475956,27920,283,833,239,1,11,261.750,17.72
1095071,520165,620062,637,791,239,1,11,261.750,17.72
1095071,643668,67954,173,833,239,1,11,261.750,17.72
1095071,357419,862399,490,792,239,1,11,261.750,17.72
1095071,971317,600619,185,833,239,1,11,261.750,17.72
1095071,982300,440699,19,834,239,1,11,261.750,17.72
1095071,1043271,585686,397,2083,239,1,11,261.750,17.72
1095071,155589,245987,395,852,249,1,12,272.000,17.72
1095071,914463,597908,25,791,239,1,11,261.750,17.72
1095071,63637,1060963,96,833,239,1,11,261.750,17.72
1095071,937713,753395,137,833,249,1,11,271.750,17.72
1095071,1036520,174721,318,833,249,1,12,272.000,17.72
1095071,776105,631645,387,792,239,1,11,261.750,17.72
1095071,448716,437597,93,833,249,1,12,272.000,17.72
1095071,605461,233818,65,833,239,1,11,261.750,17.72
1095071,223281,811359,67,833,249,1,12,272.000,17.72
1095071,766907,410143,203,792,239,1,11,261.750,17.72
1095071,1073924,104979,203,792,239,1,11,261.750,17.72
1095071,814670,304988,673,917,239,1,11,261.750,17.72
1099717,1070500,477620,503,1875,238,1,13,261.250,21.16
1099717,980079,280383,47,875,248,1,11,270.750,21.16
1099717,617541,882680,148,1708,248,1,11,270.750,21.16
1099717,30676,219649,494,917,248,1,11,270.750,21.16
1099717,71441,586473,63,833,248,1,11,270.750,21.16
1099717,153744,137339,57,834,248,1,11,270.750,21.16
1099717,579509,651348,509,792,218,1,11,240.750,21.16
1099717,798059,202568,286,792,228,1,12,251.000,21.16
1099717,364916,570564,155,833,228,1,12,251.000,21.16
1099717,90970,301080,99,791,248,1,11,270.750,21.16
1099717,945039,311941,251,833,248,1,11,270.750,21.16
1099717,145071,257462,79,750,218,1,11,240.750,21.16
1099717,1086252,401244,204,834,228,1,12,251.000,21.16
1099717,919546,288505,38,792,248,1,11,270.750,21.16
1099717,743768,561418,1322,792,218,1,11,240.750,21.16
1099717,868623,809831,236,792,228,1,12,251.000,21.16
1099717,473788,447623,571,833,228,1,12,251.000,21.16
1099717,122602,13035,111,792,228,1,12,251.000,21.16
1099717,211292,887080,732,791,228,1,12,251.000,21.16
1099717,1082798,258163,192,833,238,1,13,261.250,21.16
1100977,163170,201348,1010,850,239,1,11,261.750,34.21
1100977,893666,784546,137,834,249,1,11,271.750,34.21
1100977,890799,841381,1,834,239,1,11,261.750,34.21
1100977,335913,165153,1113,833,239,1,11,261.750,34.21
1100977,1076680,702268,448,792,239,1,11,261.750,34.21
1100977,728982,23925,219,792,239,1,11,261.750,34.21
1100977,678724,950482,16,834,249,1,11,271.750,34.21
1100977,3605,887084,461,834,239,1,11,261.750,34.21
1100977,245782,921766,152,833,249,1,11,271.750,34.21
1100977,452908,765584,97,833,249,1,12,272.000,34.21
1100977,652479,8110,187,833,239,1,11,261.750,34.21
1100977,97547,450262,2041,833,249,1,11,271.750,34.21
1100977,586522,819201,1192,833,249,1,12,272.000,34.21
1100977,783455,380095,4,834,249,1,11,271.750,34.21
1100977,492761,842770,271,834,249,1,11,271.750,34.21
1100977,111879,934221,441,875,249,1,11,271.750,34.21
1100977,134712,144387,395,833,249,1,11,271.750,34.21
1100977,512217,259588,296,834,249,1,12,272.000,34.21
1100977,222844,625765,10,875,249,1,12,272.000,34.21
1100977,106855,917645,1093,834,249,1,12,272.000,34.21
1102823,58102,925352,494,791,239,1,11,261.750,22.22
1102823,1057668,537297,1982,1959,239,1,11,261.750,22.22
1102823,560807,223819,44,1584,239,1,11,261.750,22.22
1102823,432312,494424,166,792,249,1,12,272.000,22.22
1102823,465250,567684,33,834,239,1,11,261.750,22.22
1102823,521331,1081179,187,792,239,1,11,261.750,22.22
1102823,271059,910204,486,833,249,1,11,271.750,22.22
1102823,61926,636881,27,834,249,1,11,271.750,22.22
1102823,1092222,673165,48,792,239,1,11,261.750,22.22
1102823,884606,306927,95,792,239,1,11,261.750,22.22
1102823,66403,956100,270,833,249,1,11,271.750,22.22
1102823,83669,254278,217,809,239,1,11,261.750,22.22
1102823,563397,286679,4,792,239,1,11,261.750,22.22
1102823,20793,197707,150,791,239,1,11,261.750,22.22
1102823,16692,623919,63,833,239,1,11,261.750,22.22
1102823,586187,320550,404,792,239,1,11,261.750,22.22
1102823,486714,917677,114,792,249,1,11,271.750,22.22
1102823,615114,75165,62,1958,239,1,11,261.750,22.22
1102823,842786,440888,588,792,239,1,11,261.750,22.22
1102823,497440,96514,824,833,249,1,12,272.000,22.22
1104427,1020849,7954,358,834,237,1,12,260.000,11.29
1104427,838051,548214,38,875,247,1,13,270.250,11.29
1104427,213739,854176,209,833,227,1,11,249.750,11.29
1104427,783286,525688,139,834,237,1,12,260.000,11.29
1104427,351331,851946,79,1875,227,1,11,249.750,11.29
1104427,808247,864580,23,1042,237,1,12,260.000,11.29
1104427,12613,305361,1,833,247,1,11,269.750,11.29
1104427,492907,320631,61,792,247,1,11,269.750,11.29
1104427,640745,356743,188,792,237,1,12,260.000,11.29
1104427,719833,53055,188,833,237,1,12,260.000,11.29
1104427,694711,748578,101,833,237,1,12,260.000,11.29
1104427,665348,571613,421,834,237,1,12,260.000,11.29
1104427,4011,842566,127,791,227,1,11,249.750,11.29
1104427,173816,28102,7,833,247,1,13,270.250,11.29
1104427,517513,678456,33,833,237,1,12,260.000,11.29
1104427,159594,663841,7,959,237,1,12,260.000,11.29
1104427,886438,471820,294,833,237,1,12,260.000,11.29
1104427,1070455,679935,32,834,237,1,12,260.000,11.29
1104427,7033,1045120,662,2042,237,1,12,260.000,11.29
1104427,899302,291357,250,833,247,1,13,270.250,11.29
1104589,192510,363303,3,834,239,1,12,262.000,9.44
1104589,613318,49665,74,1667,229,1,11,251.750,9.44
1104589,662949,1096686,4,833,229,1,11,251.750,9.44
1104589,592084,752025,10,833,229,1,11,251.750,9.44
1104589,502120,391568,4,792,229,1,11,251.750,9.44
1104589,709133,721968,158,792,229,1,11,251.750,9.44
1104589,565519,48197,268,792,229,1,11,251.750,9.44
1104589,328877,857256,92,1667,229,1,11,251.750,9.44
1104589,1019591,467164,149,833,229,1,11,251.750,9.44
1104589,205911,240641,61,791,229,1,11,251.750,9.44
1104589,202516,569889,432,791,229,1,11,251.750,9.44
1104589,5726,524738,104,792,229,1,11,251.750,9.44
1104589,42609,77713,62,834,239,1,12,262.000,9.44
1104589,890642,209484,208,834,249,1,11,271.750,9.44
1104589,992364,445108,9,834,239,1,12,262.000,9.44
1104589,265682,623426,46,1833,229,1,11,251.750,9.44
1104589,723739,835552,20,834,239,1,12,262.000,9.44
1104589,581667,865039,215,875,249,1,13,272.250,9.44
1104589,550698,100405,187,792,249,1,11,271.750,9.44
1104589,1053780,624643,480,792,249,1,11,271.750,9.44
1104941,318370,1007709,3,1084,238,1,12,261.000,9.83
1104941,507389,25313,65,792,228,1,11,250.750,9.83
1104941,315183,398241,304,792,228,1,11,250.750,9.83
1104941,947642,77240,60,792,228,1,11,250.750,9.83
1104941,418053,363144,284,834,238,1,12,261.000,9.83
1104941,569606,784878,105,834,248,1,11,270.750,9.83
1104941,788700,94421,150,833,238,1,12,261.000,9.83
1104941,620270,972752,422,833,248,1,11,270.750,9.83
1104941,508333,96985,85,768,228,1,11,250.750,9.83
1104941,851774,49568,44,834,248,1,13,271.250,9.83
1104941,798124,762279,254,1667,228,1,11,250.750,9.83
1104941,571411,330177,89,833,248,1,11,270.750,9.83
1104941,778409,297722,26,792,228,1,11,250.750,9.83
1104941,766930,606458,154,791,228,1,11,250.750,9.83
1104941,883839,769624,15,833,228,1,11,250.750,9.83
1104941,981469,1072460,20,1583,228,1,11,250.750,9.83
1104941,874042,21514,173,792,228,1,11,250.750,9.83
1104941,543580,730504,243,1667,248,1,13,271.250,9.83
1104941,107195,105907,187,792,228,1,11,250.750,9.83
1104941,966409,136983,65,833,248,1,11,270.750,9.83
1108693,128088,994300,115,833,249,1,12,272.000,24.70
1108693,220484,1005285,279,833,239,1,11,261.750,24.70
1108693,862976,402334,363,834,249,1,11,271.750,24.70
1108693,683689,2658,50,833,239,1,11,261.750,24.70
1108693,311189,214084,629,875,249,1,12,272.000,24.70
1108693,807247,128773,70,834,249,1,12,272.000,24.70
1108693,279374,878251,55,833,239,1,11,261.750,24.70
1108693,803890,203926,288,833,239,1,11,261.750,24.70
1108693,282060,856485,157,833,249,1,11,271.750,24.70
1108693,669545,919780,192,834,239,1,11,261.750,24.70
1108693,837978,218289,221,875,249,1,12,272.000,24.70
1108693,7927,604985,165,834,249,1,11,271.750,24.70
1108693,186749,277569,237,875,249,1,12,272.000,24.70
1108693,25662,356440,1107,833,249,1,12,272.000,24.70
1108693,909468,73398,272,791,239,1,11,261.750,24.70
1108693,112815,935323,206,834,239,1,11,261.750,24.70
1108693,457138,429892,791,1792,239,1,11,261.750,24.70
1108693,162586,536284,265,833,249,1,12,272.000,24.70
1108693,891736,525052,751,833,239,1,11,261.750,24.70
1108693,828830,162863,753,1708,239,1,11,261.750,24.70
1111547,522511,437157,461,834,251,1,11,273.750,33.94
1111547,542132,300891,12,833,251,1,11,273.750,33.94
1111547,267100,949412,1399,833,251,1,11,273.750,33.94
1111547,970850,269568,1343,833,251,1,12,274.000,33.94
1111547,200446,1103599,273,1834,251,1,12,274.000,33.94
1111547,470643,412151,254,833,251,1,11,273.750,33.94
1111547,239897,267320,330,809,251,1,11,273.750,33.94
1111547,107372,1047251,15,833,251,1,11,273.750,33.94
1111547,54633,1076875,1100,792,251,1,11,273.750,33.94
1111547,1090619,119563,110,833,241,1,11,263.750,33.94
1111547,555322,996788,420,833,251,1,11,273.750,33.94
1111547,146913,848864,59,833,251,1,11,273.750,33.94
1111547,32975,907091,423,875,251,1,11,273.750,33.94
1111547,400735,31457,61,833,251,1,11,273.750,33.94
1111547,971044,646784,100,833,251,1,11,273.750,33.94
1111547,565810,280430,1103,875,251,1,12,274.000,33.94
1111547,486682,1091546,296,833,251,1,11,273.750,33.94
1111547,960909,145787,50,833,251,1,12,274.000,33.94
1111547,110334,1073268,576,791,241,1,11,263.750,33.94
1111547,944511,321830,1026,834,241,1,11,263.750,33.94
1116911,609592,2473,34,791,248,1,11,270.750,14.09
1116911,627696,774810,9,833,238,1,11,260.750,14.09
1116911,196542,560670,13,834,248,1,12,271.000,14.09
1116911,524169,874317,233,834,248,1,11,270.750,14.09
1116911,173683,1006832,750,875,248,1,12,271.000,14.09
1116911,716929,736163,31,792,248,1,11,270.750,14.09
1116911,578017,1001780,141,834,238,1,11,260.750,14.09
1116911,545502,565332,3,833,238,1,11,260.750,14.09
1116911,112410,233085,534,833,248,1,12,271.000,14.09
1116911,966760,750199,520,792,238,1,11,260.750,14.09
1116911,87106,384808,139,1959,238,1,11,260.750,14.09
1116911,956548,215164,207,833,238,1,11,260.750,14.09
1116911,12899,657074,183,1750,238,1,11,260.750,14.09
1116911,192328,291337,9,833,238,1,11,260.750,14.09
1116911,572245,366431,95,833,248,1,12,271.000,14.09
1116911,455712,100828,171,834,248,1,12,271.000,14.09
1116911,1047063,258971,566,834,238,1,11,260.750,14.09
1116911,1004501,196463,232,833,248,1,12,271.000,14.09
1116911,458394,928219,17,833,248,1,11,270.750,14.09
1116911,847741,365641,36,833,238,1,11,260.750,14.09
1117591,356334,830430,51,833,237,1,11,259.750,17.90
1117591,580088,308563,114,792,237,1,11,259.750,17.90
1117591,807244,865278,653,833,247,1,12,270.000,17.90
1117591,266706,284792,179,791,237,1,11,259.750,17.90
1117591,1070357,726564,46,833,237,1,11,259.750,17.90
1117591,761257,423462,692,834,247,1,12,270.000,17.90
1117591,1050540,973357,69,833,237,1,11,259.750,17.90
1117591,201438,419026,70,791,237,1,11,259.750,17.90
1117591,463392,811001,80,833,237,1,11,259.750,17.90
1117591,342843,184232,714,833,237,1,11,259.750,17.90
1117591,956586,878812,331,791,237,1,11,259.750,17.90
1117591,640801,1049124,110,1750,237,1,11,259.750,17.90
1117591,660149,1065667,745,791,237,1,11,259.750,17.90
1117591,654637,528891,237,833,247,1,11,269.750,17.90
1117591,903571,736836,40,834,247,1,12,270.000,17.90
1117591,906845,769744,150,792,237,1,11,259.750,17.90
1117591,26578,347359,32,833,247,1,12,270.000,17.90
1117591,1079492,817569,125,833,237,1,11,259.750,17.90
1117591,98689,902283,433,834,237,1,11,259.750,17.90
1117591,620366,190062,115,833,247,1,12,270.000,17.90
1118041,28863,207962,345,851,239,1,11,261.750,38.70
1118041,236494,935254,56,875,249,1,12,272.000,38.70
1118041,958277,764445,265,833,249,1,12,272.000,38.70
1118041,236423,13961,1351,833,249,1,12,272.000,38.70
1118041,611204,1115250,1287,833,249,1,12,272.000,38.70
1118041,235840,574343,45,833,249,1,11,271.750,38.70
1118041,658968,812765,1211,833,249,1,11,271.750,38.70
1118041,369604,1019316,66,792,239,1,11,261.750,38.70
1118041,788162,1025838,15,834,239,1,11,261.750,38.70
1118041,1093566,808302,1818,833,249,1,11,271.750,38.70
1118041,997087,55930,748,875,249,1,11,271.750,38.70
1118041,614929,512932,591,833,249,1,12,272.000,38.70
1118041,395780,64423,366,834,239,1,11,261.750,38.70
1118041,120095,885028,905,792,239,1,11,261.750,38.70
1118041,945105,349716,112,1750,249,1,12,272.000,38.70
1118041,165644,269205,960,833,239,1,11,261.750,38.70
1118041,191561,1012492,350,792,239,1,11,261.750,38.70
1118041,488576,502357,101,833,249,1,11,271.750,38.70
1118041,165053,195724,159,833,249,1,12,272.000,38.70
1118041,278905,396540,46,875,249,1,12,272.000,38.70
1121179,888439,477732,934,875,248,1,13,271.250,18.07
1121179,790865,1087061,90,791,248,1,11,270.750,18.07
1121179,96727,569367,262,875,248,1,13,271.250,18.07
1121179,882739,520650,423,875,248,1,13,271.250,18.07
1121179,701465,778281,148,833,228,1,11,250.750,18.07
1121179,793567,798014,392,833,238,1,12,261.000,18.07
1121179,461257,915697,561,833,238,1,12,261.000,18.07
1121179,276924,673221,837,792,228,1,11,250.750,18.07
1121179,891471,1088475,27,792,248,1,11,270.750,18.07
1121179,292416,1003766,297,875,248,1,13,271.250,18.07
1121179,600479,478731,146,792,228,1,11,250.750,18.07
1121179,66097,93958,83,833,238,1,12,261.000,18.07
1121179,987857,847571,64,833,238,1,12,261.000,18.07
1121179,709004,842839,420,875,248,1,13,271.250,18.07
1121179,313610,977081,82,791,228,1,11,250.750,18.07
1121179,657212,635977,141,1834,228,1,11,250.750,18.07
1121179,517249,988492,89,833,238,1,12,261.000,18.07
1121179,422881,737048,1,792,228,1,11,250.750,18.07
1121179,754283,50221,171,833,238,1,12,261.000,18.07
1121179,906858,1054709,25,875,238,1,12,261.000,18.07
1121369,364257,952884,444,833,248,1,11,270.750,21.68
1121369,430749,1100605,96,833,238,1,12,261.000,21.68
1121369,724133,802207,206,833,248,1,13,271.250,21.68
1121369,306779,661404,137,792,248,1,11,270.750,21.68
1121369,787147,867797,767,792,228,1,11,250.750,21.68
1121369,1094509,228593,46,833,248,1,13,271.250,21.68
1121369,739042,813606,521,791,228,1,11,250.750,21.68
1121369,985636,1000681,469,791,238,1,12,261.000,21.68
1121369,518349,106900,207,833,238,1,12,261.000,21.68
1121369,344756,954852,121,833,248,1,11,270.750,21.68
1121369,259692,54574,597,792,228,1,11,250.750,21.68
1121369,873124,97350,103,833,238,1,12,261.000,21.68
1121369,673460,760257,317,833,238,1,12,261.000,21.68
1121369,19568,435635,591,1958,248,1,11,270.750,21.68
1121369,491052,828241,84,792,248,1,11,270.750,21.68
1121369,776868,424413,42,792,248,1,11,270.750,21.68
1121369,120409,1041795,1330,791,228,1,11,250.750,21.68
1121369,571731,337353,40,792,228,1,11,250.750,21.68
1121369,40123,1075460,16,792,228,1,11,250.750,21.68
1121369,178257,322874,85,875,248,1,13,271.250,21.68
1124239,645403,413507,601,834,248,1,11,270.750,29.09
1124239,1028476,837510,702,833,238,1,12,261.000,29.09
1124239,825229,591529,266,834,248,1,13,271.250,29.09
1124239,624692,1102452,1022,833,238,1,12,261.000,29.09
1124239,16471,3191,221,834,238,1,12,261.000,29.09
1124239,121307,1043603,516,792,238,1,12,261.000,29.09
1124239,1006491,847588,228,791,248,1,11,270.750,29.09
1124239,299010,427728,407,875,258,1,12,281.000,29.09
1124239,404682,1015853,48,917,248,1,11,270.750,29.09
1124239,964109,1087393,332,1833,248,1,11,270.750,29.09
1124239,439789,27308,141,792,228,1,11,250.750,29.09
1124239,1098620,567270,73,791,248,1,11,270.750,29.09
1124239,634730,607693,495,834,248,1,11,270.750,29.09
1124239,170725,290357,122,833,228,1,11,250.750,29.09
1124239,855500,115554,598,791,228,1,11,250.750,29.09
1124239,374265,325019,1137,833,238,1,12,261.000,29.09
1124239,585521,195299,157,791,248,1,11,270.750,29.09
1124239,126029,867515,220,792,248,1,11,270.750,29.09
1124239,448742,630278,525,834,248,1,11,270.750,29.09
1124239,86534,522970,559,1959,248,1,11,270.750,29.09
1125433,520469,423289,317,833,248,1,12,271.000,19.58
1125433,513468,823063,180,833,248,1,11,270.750,19.58
1125433,187709,124093,194,833,248,1,12,271.000,19.58
1125433,297590,522665,248,1125,248,1,12,271.000,19.58
1125433,847896,1120409,68,1875,248,1,12,271.000,19.58
1125433,558074,486047,11,833,248,1,11,270.750,19.58
1125433,1088703,1100571,116,1625,248,1,11,270.750,19.58
1125433,207488,354474,657,1875,248,1,11,270.750,19.58
1125433,470223,428954,359,833,248,1,11,270.750,19.58
1125433,365222,608778,64,792,238,1,11,260.750,19.58
1125433,458307,1066961,93,834,248,1,12,271.000,19.58
1125433,180672,1072695,729,833,238,1,11,260.750,19.58
1125433,893464,882953,572,833,238,1,11,260.750,19.58
1125433,916183,641211,69,834,248,1,12,271.000,19.58
1125433,9470,815415,348,1792,248,1,11,270.750,19.58
1125433,540301,1047123,609,792,248,1,11,270.750,19.58
1125433,245006,1072095,474,834,238,1,11,260.750,19.58
1125433,946669,577205,53,833,248,1,11,270.750,19.58
1125433,881722,268522,111,833,238,1,11,260.750,19.58
1125433,677987,805794,252,834,238,1,11,260.750,19.58
1127641,214906,595818,229,833,239,1,11,261.750,38.35
1127641,297930,550965,202,834,249,1,11,271.750,38.35
1127641,680823,874910,1580,792,249,1,11,271.750,38.35
1127641,914934,23329,377,833,239,1,11,261.750,38.35
1127641,461283,1063929,665,833,249,1,12,272.000,38.35
1127641,1120396,907571,212,1850,239,1,11,261.750,38.35
1127641,529289,193137,584,833,249,1,12,272.000,38.35
1127641,195168,987087,4,834,249,1,12,272.000,38.35
1127641,197002,41861,284,834,249,1,12,272.000,38.35
1127641,239929,1116488,67,833,249,1,12,272.000,38.35
1127641,280256,68371,1411,833,249,1,12,272.000,38.35
1127641,983977,20622,259,792,239,1,11,261.750,38.35
1127641,17942,849602,1391,833,249,1,12,272.000,38.35
1127641,717248,263307,61,834,249,1,11,271.750,38.35
1127641,649686,522899,191,791,239,1,11,261.750,38.35
1127641,1097749,693497,251,791,239,1,11,261.750,38.35
1127641,101545,14343,1065,792,239,1,11,261.750,38.35
1127641,727567,19976,108,792,239,1,11,261.750,38.35
1127641,476045,384703,202,833,249,1,12,272.000,38.35
1127641,232794,684996,1676,792,239,1,11,261.750,38.35
1130117,170123,730692,304,833,238,1,13,261.250,9.22
1130117,745810,107045,17,833,228,1,12,251.000,9.22
1130117,809302,337423,39,791,218,1,11,240.750,9.22
1130117,524535,534453,57,833,248,1,14,271.500,9.22
1130117,816714,615075,18,833,218,1,11,240.750,9.22
1130117,898312,140407,90,834,228,1,12,251.000,9.22
1130117,624442,332217,179,1792,248,1,11,270.750,9.22
1130117,191116,692604,53,791,218,1,11,240.750,9.22
1130117,839523,157154,189,834,248,1,14,271.500,9.22
1130117,369099,1114136,92,792,248,1,11,270.750,9.22
1130117,11587,656599,93,792,218,1,11,240.750,9.22
1130117,389536,144804,151,833,238,1,13,261.250,9.22
1130117,310580,802174,405,834,228,1,12,251.000,9.22
1130117,955571,419700,174,875,238,1,13,261.250,9.22
1130117,933138,1026108,157,1583,238,1,13,261.250,9.22
1130117,799841,536776,9,791,228,1,12,251.000,9.22
1130117,882992,587485,6,917,238,1,13,261.250,9.22
1130117,526984,446364,334,792,218,1,11,240.750,9.22
1130117,1060673,366986,285,792,228,1,12,251.000,9.22
1130117,838396,568751,59,833,228,1,12,251.000,9.22
1131239,758998,528919,170,833,227,1,12,250.000,7.26
1131239,539928,682151,81,750,217,1,11,239.750,7.26
1131239,619931,766607,8,833,237,1,13,260.250,7.26
1131239,104443,353341,141,833,237,1,13,260.250,7.26
1131239,1090074,276616,25,834,237,1,13,260.250,7.26
1131239,1028803,1075024,160,834,227,1,12,250.000,7.26
1131239,126760,306153,66,750,217,1,11,239.750,7.26
1131239,605194,979259,40,834,237,1,13,260.250,7.26
1131239,563432,732777,81,792,227,1,12,250.000,7.26
1131239,442443,1126956,117,833,247,1,11,269.750,7.26
1131239,666263,792451,14,875,247,1,14,270.500,7.26
1131239,525002,387628,21,792,237,1,13,260.250,7.26
1131239,166902,902241,310,792,217,1,11,239.750,7.26
1131239,904048,650674,103,833,227,1,12,250.000,7.26
1131239,440280,479519,221,792,247,1,11,269.750,7.26
1131239,920503,246530,138,792,227,1,12,250.000,7.26
1131239,536554,1085262,17,833,237,1,13,260.250,7.26
1131239,23430,372574,28,833,237,1,13,260.250,7.26
1131239,802069,793315,210,833,237,1,13,260.250,7.26
1131239,693865,318423,142,834,237,1,13,260.250,7.26
1132991,1089918,404956,284,792,239,1,11,261.750,23.24
1132991,732818,397960,259,834,249,1,12,272.000,23.24
1132991,1059373,930715,583,875,239,1,11,261.750,23.24
1132991,451767,603610,250,833,239,1,11,261.750,23.24
1132991,54364,1114044,570,833,249,1,12,272.000,23.24
1132991,221482,310967,683,833,239,1,11,261.750,23.24
1132991,216291,156152,430,833,249,1,12,272.000,23.24
1132991,728002,303123,245,792,249,1,11,271.750,23.24
1132991,1099035,443452,382,875,249,1,12,272.000,23.24
1132991,340286,898754,96,833,239,1,11,261.750,23.24
1132991,410689,130415,556,875,249,1,12,272.000,23.24
1132991,1001923,236077,67,834,249,1,11,271.750,23.24
1132991,758420,409385,240,875,249,1,11,271.750,23.24
1132991,599410,1084021,641,833,239,1,11,261.750,23.24
1132991,290094,872359,376,834,239,1,11,261.750,23.24
1132991,1069372,431680,191,833,249,1,11,271.750,23.24
1132991,235096,113544,7,833,249,1,11,271.750,23.24
1132991,192724,821921,188,1042,239,1,11,261.750,23.24
1132991,675531,871545,143,792,249,1,11,271.750,23.24
1132991,582962,593446,288,833,249,1,11,271.750,23.24
1133159,416394,352350,208,834,247,1,11,269.750,21.55
1133159,838740,900323,132,834,247,1,12,270.000,21.55
1133159,240054,1055483,119,2167,237,1,11,259.750,21.55
1133159,1032313,180887,206,834,247,1,11,269.750,21.55
1133159,879618,44849,464,833,237,1,11,259.750,21.55
1133159,474071,412387,124,834,247,1,11,269.750,21.55
1133159,248905,1054681,548,833,247,1,11,269.750,21.55
1133159,1079800,572838,785,791,237,1,11,259.750,21.55
1133159,40471,762413,82,834,237,1,11,259.750,21.55
1133159,933707,519253,164,2084,247,1,12,270.000,21.55
1133159,570230,575148,453,792,237,1,11,259.750,21.55
1133159,954770,975229,275,834,237,1,11,259.750,21.55
1133159,595836,320284,42,792,237,1,11,259.750,21.55
1133159,105618,638066,482,792,247,1,11,269.750,21.55
1133159,1035166,881290,255,833,237,1,11,259.750,21.55
1133159,651554,1110040,21,833,247,1,11,269.750,21.55
1133159,31933,186645,824,834,237,1,11,259.750,21.55
1133159,892014,711910,199,2250,247,1,12,270.000,21.55
1133159,327833,1120666,298,833,237,1,11,259.750,21.55
1133159,292606,909877,297,792,237,1,11,259.750,21.55
1134961,900392,37069,204,1666,239,1,11,261.750,20.57
1134961,676646,492555,11,834,249,1,11,271.750,20.57
1134961,758184,628569,155,834,249,1,12,272.000,20.57
1134961,706435,1103500,19,834,239,1,11,261.750,20.57
1134961,570931,1106536,587,833,249,1,11,271.750,20.57
1134961,694799,786269,537,809,249,1,12,272.000,20.57
1134961,933575,589925,790,791,239,1,11,261.750,20.57
1134961,1030939,457461,39,833,239,1,11,261.750,20.57
1134961,980821,1124560,456,833,249,1,12,272.000,20.57
1134961,357375,604074,292,833,249,1,12,272.000,20.57
1134961,510504,449123,931,833,249,1,12,272.000,20.57
1134961,879588,530025,210,833,239,1,11,261.750,20.57
1134961,862059,1089019,103,792,239,1,11,261.750,20.57
1134961,186014,902523,101,833,249,1,12,272.000,20.57
1134961,979911,1086622,196,833,249,1,12,272.000,20.57
1134961,708348,808596,333,834,239,1,11,261.750,20.57
1134961,1013057,1088629,126,1975,249,1,12,272.000,20.57
1134961,695165,261515,170,792,249,1,11,271.750,20.57
1134961,71549,61387,74,834,249,1,12,272.000,20.57
1134961,850562,748750,403,791,239,1,11,261.750,20.57
1139623,380295,542621,213,834,248,1,11,270.750,17.09
1139623,701645,1027103,474,791,228,1,11,250.750,17.09
1139623,442074,972096,2,833,238,1,12,261.000,17.09
1139623,843271,980818,120,833,238,1,12,261.000,17.09
1139623,835916,903374,439,809,248,1,11,270.750,17.09
1139623,366737,872460,184,833,248,1,11,270.750,17.09
1139623,899411,569989,93,834,238,1,12,261.000,17.09
1139623,338061,856735,336,1875,228,1,11,250.750,17.09
1139623,588092,582707,476,834,248,1,13,271.250,17.09
1139623,597561,9677,371,792,238,1,12,261.000,17.09
1139623,661977,380864,207,1875,238,1,12,261.000,17.09
1139623,916001,178142,109,875,248,1,13,271.250,17.09
1139623,921474,448603,13,834,228,1,11,250.750,17.09
1139623,941644,956671,868,791,228,1,11,250.750,17.09
1139623,191773,992860,144,791,228,1,11,250.750,17.09
1139623,357954,108571,96,833,238,1,12,261.000,17.09
1139623,864375,541614,22,833,238,1,12,261.000,17.09
1139623,951873,145269,612,833,238,1,12,261.000,17.09
1139623,135852,320328,77,767,228,1,11,250.750,17.09
1139623,1000201,925732,2,791,238,1,12,261.000,17.09
1141417,874572,979662,114,833,249,1,11,271.750,20.01
1141417,248356,27177,731,833,249,1,11,271.750,20.01
1141417,35991,178034,70,833,249,1,11,271.750,20.01
1141417,278290,375933,292,834,249,1,11,271.750,20.01
1141417,866582,512880,380,791,239,1,11,261.750,20.01
1141417,946032,614510,254,792,249,1,11,271.750,20.01
1141417,137393,377580,199,833,249,1,11,271.750,20.01
1141417,979713,356346,304,834,249,1,11,271.750,20.01
1141417,1028132,282671,56,833,249,1,11,271.750,20.01
1141417,400979,1091797,236,834,249,1,11,271.750,20.01
1141417,86193,229203,814,833,249,1,11,271.750,20.01
1141417,1110683,844766,316,792,249,1,11,271.750,20.01
1141417,424923,1078715,444,833,249,1,11,271.750,20.01
1141417,360351,380463,55,834,249,1,12,272.000,20.01
1141417,1067785,658309,257,834,249,1,12,272.000,20.01
1141417,868721,842240,346,792,239,1,11,261.750,20.01
1141417,633855,965110,25,833,249,1,12,272.000,20.01
1141417,824332,106317,348,791,239,1,11,261.750,20.01
1141417,302902,983752,150,834,249,1,12,272.000,20.01
1141417,1041745,743706,177,834,249,1,11,271.750,20.01
1141853,548302,822128,1050,875,249,1,12,272.000,35.79
1141853,189239,130184,920,791,239,1,11,261.750,35.79
1141853,900448,231771,1779,834,249,1,11,271.750,35.79
1141853,26607,941237,591,834,249,1,11,271.750,35.79
1141853,153890,690925,311,767,239,1,11,261.750,35.79
1141853,1075328,637332,83,791,239,1,11,261.750,35.79
1141853,1121231,713595,154,810,249,1,11,271.750,35.79
1141853,475652,179113,262,834,239,1,11,261.750,35.79
1141853,431299,1037366,117,792,249,1,11,271.750,35.79
1141853,992685,346276,346,792,249,1,11,271.750,35.79
1141853,144956,99408,122,2209,249,1,12,272.000,35.79
1141853,207148,917220,1599,875,249,1,12,272.000,35.79
1141853,521138,364933,44,833,249,1,11,271.750,35.79
1141853,988217,771853,540,833,249,1,12,272.000,35.79
1141853,1095906,813806,17,833,249,1,12,272.000,35.79
1141853,1136526,394058,316,792,239,1,11,261.750,35.79
1141853,1114505,1139832,776,792,249,1,11,271.750,35.79
1141853,1127618,125144,55,833,239,1,11,261.750,35.79
1141853,289754,620367,306,834,249,1,12,272.000,35.79
1141853,939550,370615,659,834,239,1,11,261.750,35.79
1148261,374879,2321,12,834,247,1,11,269.750,19.21
1148261,1037506,65983,584,792,217,1,12,240.000,19.21
1148261,279309,100927,366,833,247,1,11,269.750,19.21
1148261,325937,76664,157,833,247,1,11,269.750,19.21
1148261,384336,806762,150,2125,247,1,11,269.750,19.21
1148261,793627,27838,468,875,247,1,11,269.750,19.21
1148261,657104,225864,81,833,247,1,11,269.750,19.21
1148261,247334,765829,488,875,207,1,11,229.750,19.21
1148261,886379,254855,114,767,217,1,12,240.000,19.21
1148261,223801,1053706,57,875,247,1,11,269.750,19.21
1148261,269836,148749,1,833,237,1,14,260.500,19.21
1148261,221040,33518,91,1833,217,1,12,240.000,19.21
1148261,461279,126771,580,875,247,1,15,270.750,19.21
1148261,639602,137138,170,875,247,1,15,270.750,19.21
1148261,960218,582736,1004,792,247,1,11,269.750,19.21
1148261,952211,499314,32,833,247,1,11,269.750,19.21
1148261,772560,1138100,524,833,247,1,11,269.750,19.21
1148261,32209,917432,253,833,247,1,11,269.750,19.21
1148261,11381,458175,380,875,247,1,15,270.750,19.21
1148261,650184,25512,207,875,247,1,15,270.750,19.21
1154233,764043,557064,16,875,250,1,13,273.250,25.86
1154233,60028,99675,207,875,250,1,11,272.750,25.86
1154233,821444,354392,741,833,250,1,13,273.250,25.86
1154233,217826,593938,429,791,230,1,11,252.750,25.86
1154233,784270,388190,109,1792,250,1,11,272.750,25.86
1154233,1005092,984846,858,834,240,1,12,263.000,25.86
1154233,620789,249628,303,833,250,1,11,272.750,25.86
1154233,97241,952337,531,833,240,1,12,263.000,25.86
1154233,265848,1011136,36,792,230,1,11,252.750,25.86
1154233,429669,667386,212,833,240,1,12,263.000,25.86
1154233,867850,642995,1175,875,250,1,13,273.250,25.86
1154233,152867,991884,593,1833,230,1,11,252.750,25.86
1154233,740804,151651,200,833,230,1,11,252.750,25.86
1154233,1075888,261640,210,833,240,1,12,263.000,25.86
1154233,203702,633768,170,833,250,1,11,272.750,25.86
1154233,885111,944022,436,833,230,1,11,252.750,25.86
1154233,817793,566124,165,791,230,1,11,252.750,25.86
1154233,761761,632891,103,791,230,1,11,252.750,25.86
1154233,386716,383123,218,792,250,1,11,272.750,25.86
1154233,1026192,314673,714,791,230,1,11,252.750,25.86
1157063,976606,887862,66,833,249,1,11,271.750,20.66
1157063,424602,360721,333,833,239,1,12,262.000,20.66
1157063,785483,396839,53,833,249,1,13,272.250,20.66
1157063,161507,495075,24,791,229,1,11,251.750,20.66
1157063,475904,723393,33,791,239,1,11,261.750,20.66
1157063,1098797,422689,108,834,239,1,12,262.000,20.66
1157063,653029,277487,9,833,249,1,11,271.750,20.66
1157063,449041,95851,225,833,239,1,11,261.750,20.66
1157063,117504,150113,107,1875,239,1,12,262.000,20.66
1157063,965795,46770,782,791,239,1,11,261.750,20.66
1157063,1133116,626299,61,1666,249,1,12,272.000,20.66
1157063,697905,552410,109,833,249,1,11,271.750,20.66
1157063,942063,157422,1024,833,249,1,11,271.750,20.66
1157063,48920,831403,141,1834,249,1,11,271.750,20.66
1157063,857001,70771,118,834,249,1,11,271.750,20.66
1157063,633191,1080677,89,792,229,1,11,251.750,20.66
1157063,928588,990317,38,791,229,1,11,251.750,20.66
1157063,954447,976114,186,792,239,1,11,261.750,20.66
1157063,1126953,1054335,36,833,249,1,11,271.750,20.66
1157063,187431,547089,430,875,249,1,13,272.250,20.66
1157851,444193,1086727,325,833,249,1,12,272.000,23.41
1157851,844897,368984,333,791,239,1,11,261.750,23.41
1157851,748414,541150,429,875,239,1,11,261.750,23.41
1157851,401393,651621,57,767,239,1,11,261.750,23.41
1157851,16714,88135,35,809,239,1,11,261.750,23.41
1157851,602543,56421,133,852,249,1,11,271.750,23.41
1157851,1040309,667526,394,2500,239,1,11,261.750,23.41
1157851,949409,66348,189,791,239,1,11,261.750,23.41
1157851,936528,72445,1054,792,239,1,11,261.750,23.41
1157851,469941,452613,37,2833,239,1,11,261.750,23.41
1157851,144165,1103427,10,792,239,1,11,261.750,23.41
1157851,1111640,535641,500,833,239,1,11,261.750,23.41
1157851,387359,209996,80,917,239,1,11,261.750,23.41
1157851,852980,1156433,697,1750,249,1,11,271.750,23.41
1157851,1137974,177532,128,833,249,1,12,272.000,23.41
1157851,585126,175038,804,792,239,1,11,261.750,23.41
1157851,617248,705057,250,2666,249,1,11,271.750,23.41
1157851,211151,307707,559,875,249,1,12,272.000,23.41
1157851,193028,714041,249,834,249,1,11,271.750,23.41
1157851,359125,378244,255,834,249,1,11,271.750,23.41
1158247,105824,244700,585,792,238,1,11,260.750,14.34
1158247,455588,226120,222,833,238,1,11,260.750,14.34
1158247,961656,624144,118,834,238,1,11,260.750,14.34
1158247,570048,1035969,47,791,238,1,11,260.750,14.34
1158247,263299,643382,192,792,238,1,11,260.750,14.34
1158247,805169,613651,55,834,238,1,11,260.750,14.34
1158247,406427,144163,97,833,238,1,11,260.750,14.34
1158247,176424,733802,135,833,248,1,11,270.750,14.34
1158247,455588,207120,289,834,238,1,11,260.750,14.34
1158247,473781,968337,499,833,238,1,11,260.750,14.34
1158247,1093491,904996,605,958,238,1,11,260.750,14.34
1158247,1086929,397938,74,833,248,1,12,271.000,14.34
1158247,591420,1137563,131,2334,248,1,12,271.000,14.34
1158247,1083964,945755,128,834,238,1,11,260.750,14.34
1158247,514818,886272,37,792,238,1,11,260.750,14.34
1158247,626433,454952,231,833,238,1,11,260.750,14.34
1158247,81675,493399,5,833,238,1,11,260.750,14.34
1158247,1013363,677185,127,833,248,1,12,271.000,14.34
1158247,475113,597763,253,833,248,1,11,270.750,14.34
1158247,895461,239263,156,833,238,1,11,260.750,14.34
1158401,470019,607866,432,916,252,1,12,275.000,47.73
1158401,60793,991255,366,834,252,1,11,274.750,47.73
1158401,714676,641838,464,833,252,1,11,274.750,47.73
1158401,879505,295823,392,792,242,1,11,264.750,47.73
1158401,485408,744537,63,2959,252,1,11,274.750,47.73
1158401,1083859,65657,2206,833,252,1,11,274.750,47.73
1158401,662265,589352,804,833,242,1,11,264.750,47.73
1158401,950340,747263,832,834,252,1,11,274.750,47.73
1158401,416242,890422,298,833,252,1,11,274.750,47.73
1158401,745725,545373,355,834,242,1,11,264.750,47.73
1158401,705948,1039609,410,833,252,1,12,275.000,47.73
1158401,805413,724068,503,917,242,1,11,264.750,47.73
1158401,245412,75894,1250,792,252,1,11,274.750,47.73
1158401,173201,29337,404,833,242,1,11,264.750,47.73
1158401,306716,1112741,1457,833,252,1,11,274.750,47.73
1158401,884189,302796,401,833,252,1,12,275.000,47.73
1158401,520994,896999,250,834,252,1,11,274.750,47.73
1158401,450804,408682,905,833,252,1,11,274.750,47.73
1158401,536721,508516,500,791,252,1,11,274.750,47.73
1158401,657701,1008066,991,834,252,1,12,275.000,47.73
1161217,860789,76945,56,834,254,1,11,276.750,35.00
1161217,182819,1042437,164,2166,254,1,11,276.750,35.00
1161217,31930,81321,963,833,244,1,13,267.250,35.00
1161217,625255,828073,206,791,254,1,11,276.750,35.00
1161217,597617,840934,357,833,244,1,11,266.750,35.00
1161217,652149,947551,137,833,254,1,11,276.750,35.00
1161217,1077227,553377,608,833,254,1,11,276.750,35.00
1161217,969223,448716,510,834,254,1,11,276.750,35.00
1161217,977618,9326,1421,792,254,1,11,276.750,35.00
1161217,360361,644422,376,833,254,1,11,276.750,35.00
1161217,86901,540851,287,875,254,1,14,277.500,35.00
1161217,604090,32076,122,833,254,1,11,276.750,35.00
1161217,780119,1142587,27,834,254,1,11,276.750,35.00
1161217,302860,453745,43,875,254,1,14,277.500,35.00
1161217,758281,639604,176,834,254,1,11,276.750,35.00
1161217,1009623,195771,61,791,254,1,11,276.750,35.00
1161217,55831,189284,40,791,254,1,11,276.750,35.00
1161217,731369,554267,772,833,234,1,12,257.000,35.00
1161217,166834,953073,124,834,254,1,11,276.750,35.00
1161217,610659,110647,329,2750,234,1,12,257.000,35.00
1163119,904593,182629,174,1727,242,1,13,265.250,23.75
1163119,809858,792006,119,1042,242,1,13,265.250,23.75
1163119,178769,1016874,754,917,232,1,12,255.000,23.75
1163119,67192,612186,1143,791,252,1,11,274.750,23.75
1163119,345010,12544,414,834,242,1,13,265.250,23.75
1163119,998332,383069,109,875,252,1,14,275.500,23.75
1163119,162504,1005784,350,1084,242,1,13,265.250,23.75
1163119,1009642,706930,34,833,242,1,13,265.250,23.75
1163119,1072212,517555,215,834,252,1,14,275.500,23.75
1163119,585361,417186,592,1875,242,1,13,265.250,23.75
1163119,395214,534332,425,791,222,1,11,244.750,23.75
1163119,6963,945452,227,833,232,1,12,255.000,23.75
1163119,1093370,68422,153,750,222,1,11,244.750,23.75
1163119,1100253,152309,645,791,222,1,11,244.750,23.75
1163119,649426,61181,88,833,242,1,13,265.250,23.75
1163119,580699,215583,136,833,252,1,11,274.750,23.75
1163119,336147,1010723,326,833,252,1,11,274.750,23.75
1163119,374491,480975,32,833,242,1,13,265.250,23.75
1163119,995676,40737,99,834,242,1,13,265.250,23.75
1163119,979143,771509,904,792,232,1,12,255.000,23.75
1167013,377456,970877,26,916,249,1,12,272.000,18.27
1167013,995714,130996,173,2000,249,1,12,272.000,18.27
1167013,1157963,454170,204,792,239,1,11,261.750,18.27
1167013,169916,915552,157,834,249,1,11,271.750,18.27
1167013,390541,888366,251,1625,239,1,11,261.750,18.27
1167013,421172,54576,20,834,239,1,11,261.750,18.27
1167013,245705,123213,351,768,239,1,11,261.750,18.27
1167013,137774,658164,571,833,249,1,11,271.750,18.27
1167013,220766,564502,316,792,239,1,11,261.750,18.27
1167013,191782,275034,153,792,239,1,11,261.750,18.27
1167013,762200,827186,40,834,239,1,11,261.750,18.27
1167013,350351,127064,642,834,249,1,11,271.750,18.27
1167013,215846,96112,87,1917,249,1,12,272.000,18.27
1167013,918971,818404,127,1667,249,1,12,272.000,18.27
1167013,302636,347445,434,833,249,1,12,272.000,18.27
1167013,785582,1016214,16,791,249,1,11,271.750,18.27
1167013,357943,421806,118,792,249,1,11,271.750,18.27
1167013,786338,752627,300,834,249,1,12,272.000,18.27
1167013,725002,301421,797,875,249,1,12,272.000,18.27
1167013,831285,336152,290,833,239,1,11,261.750,18.27
1169023,336193,320377,175,833,251,1,11,273.750,22.53
1169023,549290,41472,539,833,251,1,11,273.750,22.53
1169023,1062446,562951,142,833,251,1,11,273.750,22.53
1169023,1064727,973923,17,833,241,1,11,263.750,22.53
1169023,840877,1033636,35,792,241,1,11,263.750,22.53
1169023,54469,1085746,661,833,251,1,11,273.750,22.53
1169023,726280,995839,82,834,251,1,11,273.750,22.53
1169023,616179,400857,342,834,251,1,11,273.750,22.53
1169023,129790,956978,117,791,241,1,11,263.750,22.53
1169023,726743,706374,578,834,241,1,11,263.750,22.53
1169023,73951,461147,343,792,241,1,11,263.750,22.53
1169023,272013,559187,418,917,251,1,11,273.750,22.53
1169023,861566,239567,108,833,251,1,11,273.750,22.53
1169023,692129,617548,367,833,251,1,11,273.750,22.53
1169023,1042371,774096,13,2042,241,1,11,263.750,22.53
1169023,513233,834976,1061,792,241,1,11,263.750,22.53
1169023,712784,731325,243,833,251,1,11,273.750,22.53
1169023,817478,794280,327,834,241,1,11,263.750,22.53
1169023,1010039,1020367,251,834,241,1,11,263.750,22.53
1169023,586089,15638,367,2542,251,1,11,273.750,22.53
1170461,130778,958417,735,792,229,1,11,251.750,16.92
1170461,26971,1076168,173,1750,229,1,11,251.750,16.92
1170461,470612,241219,485,792,229,1,11,251.750,16.92
1170461,386716,653454,72,833,229,1,11,251.750,16.92
1170461,497458,923191,39,792,229,1,11,251.750,16.92
1170461,914415,81710,88,833,229,1,11,251.750,16.92
1170461,801774,626673,199,833,239,1,12,262.000,16.92
1170461,234903,755067,54,1541,229,1,11,251.750,16.92
1170461,630074,1027176,379,833,239,1,12,262.000,16.92
1170461,564309,659452,555,834,239,1,12,262.000,16.92
1170461,563477,407013,162,792,229,1,11,251.750,16.92
1170461,19085,827320,445,834,249,1,13,272.250,16.92
1170461,224473,352651,356,833,239,1,12,262.000,16.92
1170461,348865,884834,34,875,249,1,13,272.250,16.92
1170461,1148982,202912,109,792,229,1,11,251.750,16.92
1170461,817037,570002,274,875,249,1,13,272.250,16.92
1170461,856136,921201,151,833,229,1,11,251.750,16.92
1170461,94900,577652,21,833,249,1,11,271.750,16.92
1170461,647695,692571,21,792,229,1,11,251.750,16.92
1170461,753267,762467,403,916,249,1,13,272.250,16.92
1170751,1118123,339244,79,833,251,1,11,273.750,21.31
1170751,1065400,189716,284,833,231,1,11,253.750,21.31
1170751,911609,790830,311,833,241,1,12,264.000,21.31
1170751,473430,559876,346,833,241,1,12,264.000,21.31
1170751,111240,815679,23,833,251,1,11,273.750,21.31
1170751,313247,579807,214,833,251,1,13,274.250,21.31
1170751,165851,1098689,53,833,251,1,13,274.250,21.31
1170751,329603,371918,207,958,251,1,13,274.250,21.31
1170751,405884,6223,135,2000,241,1,12,264.000,21.31
1170751,530926,210379,37,834,241,1,12,264.000,21.31
1170751,1005420,652356,144,1750,241,1,12,264.000,21.31
1170751,182640,719101,372,1042,231,1,11,253.750,21.31
1170751,1163391,368469,1282,834,251,1,11,273.750,21.31
1170751,740568,558614,25,833,241,1,12,264.000,21.31
1170751,365517,336341,472,833,241,1,12,264.000,21.31
1170751,628350,382842,281,833,251,1,13,274.250,21.31
1170751,239331,314797,499,875,241,1,12,264.000,21.31
1170751,1020868,186593,864,2250,251,1,13,274.250,21.31
1170751,415566,453039,40,851,241,1,12,264.000,21.31
1170751,938747,503466,143,834,231,1,11,253.750,21.31
1172491,354834,531790,44,875,246,1,13,269.250,18.57
1172491,991152,876542,75,791,226,1,11,248.750,18.57
1172491,919848,863741,441,2060,246,1,13,269.250,18.57
1172491,867007,1024473,125,1750,246,1,13,269.250,18.57
1172491,827346,298719,16,792,246,1,11,268.750,18.57
1172491,725780,281920,802,792,226,1,11,248.750,18.57
1172491,95379,107228,59,834,236,1,12,259.000,18.57
1172491,473601,772777,717,875,246,1,13,269.250,18.57
1172491,1144321,1070357,53,833,246,1,11,268.750,18.57
1172491,139859,207121,30,792,226,1,11,248.750,18.57
1172491,63361,118594,174,833,236,1,12,259.000,18.57
1172491,746410,699129,247,834,226,1,11,248.750,18.57
1172491,644038,394181,329,833,246,1,11,268.750,18.57
1172491,17358,1009834,169,833,236,1,12,259.000,18.57
1172491,1046112,259563,189,792,226,1,11,248.750,18.57
1172491,346581,23631,30,833,236,1,12,259.000,18.57
1172491,948157,741155,457,791,236,1,12,259.000,18.57
1172491,870889,156680,713,833,246,1,11,268.750,18.57
1172491,1124544,553144,216,834,236,1,12,259.000,18.57
1172491,630343,192294,46,792,226,1,11,248.750,18.57
1177667,335551,761204,467,792,247,1,11,269.750,30.73
1177667,519512,398320,186,1875,227,1,15,250.750,30.73
1177667,588334,1039672,12,834,247,1,12,270.000,30.73
1177667,296620,1021473,463,791,247,1,11,269.750,30.73
1177667,600409,943938,94,1666,247,1,11,269.750,30.73
1177667,717161,983589,449,833,247,1,11,269.750,30.73
1177667,257887,639825,247,834,247,1,11,269.750,30.73
1177667,422074,782378,814,834,247,1,11,269.750,30.73
1177667,754174,274636,40,833,247,1,11,269.750,30.73
1177667,292127,789732,664,834,227,1,15,250.750,30.73
1177667,291321,245822,177,833,237,1,16,261.000,30.73
1177667,951983,526865,532,833,237,1,11,259.750,30.73
1177667,364549,1051449,177,834,247,1,11,269.750,30.73
1177667,47322,763498,108,833,247,1,11,269.750,30.73
1177667,297838,1110298,139,833,247,1,11,269.750,30.73
1177667,976214,302187,36,1750,217,1,14,240.500,30.73
1177667,166225,1054344,80,792,237,1,11,259.750,30.73
1177667,941256,135397,417,875,227,1,15,250.750,30.73
1177667,1038384,898621,98,791,247,1,11,269.750,30.73
1177667,816018,176869,922,791,217,1,14,240.500,30.73
1179047,38373,575064,141,875,241,1,16,265.000,13.12
1179047,1127043,629550,35,875,231,1,15,254.750,13.12
1179047,723460,445625,637,834,231,1,15,254.750,13.12
1179047,826832,342830,4,833,251,1,11,273.750,13.12
1179047,29768,1168752,433,1875,241,1,16,265.000,13.12
1179047,1115672,666138,23,1642,231,1,15,254.750,13.12
1179047,354823,649612,143,875,241,1,16,265.000,13.12
1179047,337055,772959,1,767,211,1,13,234.250,13.12
1179047,275070,983854,108,834,241,1,16,265.000,13.12
1179047,1047276,311104,228,833,231,1,15,254.750,13.12
1179047,442819,963502,622,875,251,1,17,275.250,13.12
1179047,604894,155169,542,1708,251,1,11,273.750,13.12
1179047,978793,621696,220,917,251,1,17,275.250,13.12
1179047,211157,805346,153,834,251,1,11,273.750,13.12
1179047,181748,202060,58,833,251,1,11,273.750,13.12
1179047,891157,263163,301,2000,241,1,16,265.000,13.12
1179047,759135,585628,9,875,231,1,15,254.750,13.12
1179047,991938,914155,261,875,241,1,16,265.000,13.12
1179047,526995,444657,86,833,251,1,11,273.750,13.12
1179047,505994,741591,23,1791,231,1,15,254.750,13.12
1179251,1148305,1130806,292,1750,251,1,17,275.250,15.41
1179251,764293,1049011,47,916,251,1,17,275.250,15.41
1179251,478528,929410,104,875,241,1,16,265.000,15.41
1179251,155316,326457,252,834,221,1,14,244.500,15.41
1179251,580296,532861,105,875,241,1,16,265.000,15.41
1179251,224074,1002697,539,875,241,1,16,265.000,15.41
1179251,755533,185938,386,834,251,1,11,273.750,15.41
1179251,1011330,111672,360,833,221,1,14,244.500,15.41
1179251,579693,661345,12,875,241,1,16,265.000,15.41
1179251,993532,528678,68,851,241,1,16,265.000,15.41
1179251,487443,20893,630,875,251,1,17,275.250,15.41
1179251,748782,90186,782,792,211,1,13,234.250,15.41
1179251,1062850,407200,36,834,231,1,15,254.750,15.41
1179251,149829,695606,256,917,251,1,17,275.250,15.41
1179251,749507,850578,54,875,251,1,17,275.250,15.41
1179251,516170,1055414,72,875,231,1,15,254.750,15.41
1179251,622459,86118,105,875,231,1,15,254.750,15.41
1179251,130542,949825,74,792,211,1,13,234.250,15.41
1179251,256620,254020,315,1875,221,1,14,244.500,15.41
1179251,1118851,60153,235,834,221,1,14,244.500,15.41
1182463,473711,210465,170,833,249,1,11,271.750,17.22
1182463,357957,568619,92,834,239,1,11,261.750,17.22
1182463,217273,1127014,253,833,239,1,11,261.750,17.22
1182463,250241,645617,60,834,239,1,11,261.750,17.22
1182463,363638,71896,182,792,239,1,11,261.750,17.22
1182463,277721,1180142,162,834,249,1,11,271.750,17.22
1182463,807013,622287,47,852,239,1,11,261.750,17.22
1182463,1140386,614890,537,1708,239,1,11,261.750,17.22
1182463,797712,199598,43,833,249,1,11,271.750,17.22
1182463,575143,719697,827,1958,249,1,11,271.750,17.22
1182463,107700,297899,33,833,249,1,11,271.750,17.22
1182463,994187,1176230,350,833,249,1,11,271.750,17.22
1182463,213485,496814,163,875,249,1,12,272.000,17.22
1182463,570573,1096560,13,833,249,1,11,271.750,17.22
1182463,131785,555402,133,833,249,1,11,271.750,17.22
1182463,440565,140273,225,834,249,1,11,271.750,17.22
1182463,928851,1151631,43,833,249,1,11,271.750,17.22
1182463,211295,564837,329,833,249,1,12,272.000,17.22
1182463,484313,1145155,344,834,249,1,11,271.750,17.22
1182463,1103075,173540,807,833,249,1,12,272.000,17.22
1185181,959093,405946,110,833,248,1,11,270.750,19.43
1185181,910865,433270,189,792,238,1,11,260.750,19.43
1185181,586299,370604,160,833,248,1,12,271.000,19.43
1185181,1080267,534882,553,834,248,1,12,271.000,19.43
1185181,142720,624763,65,792,238,1,11,260.750,19.43
1185181,199906,168472,687,833,248,1,11,270.750,19.43
1185181,552031,161375,793,875,248,1,11,270.750,19.43
1185181,669212,185457,70,792,248,1,11,270.750,19.43
1185181,317362,1082877,6,1917,248,1,12,271.000,19.43
1185181,174346,202881,149,1625,248,1,11,270.750,19.43
1185181,260314,1002965,32,792,248,1,11,270.750,19.43
1185181,643219,1224,691,833,248,1,11,270.750,19.43
1185181,480191,987416,530,1625,238,1,11,260.750,19.43
1185181,1022535,1104297,51,792,248,1,11,270.750,19.43
1185181,1126625,26148,106,833,248,1,11,270.750,19.43
1185181,1142439,135965,36,833,248,1,11,270.750,19.43
1185181,929793,489337,344,833,248,1,11,270.750,19.43
1185181,870349,604508,278,834,248,1,12,271.000,19.43
1185181,391943,56026,599,1709,248,1,11,270.750,19.43
1185181,388639,817498,23,833,248,1,11,270.750,19.43
1188553,170323,108139,629,792,247,1,11,269.750,23.69
1188553,144524,961149,224,833,247,1,11,269.750,23.69
1188553,870653,669382,16,792,227,1,11,249.750,23.69
1188553,157628,1167638,2010,833,247,1,11,269.750,23.69
1188553,966179,524655,164,792,227,1,11,249.750,23.69
1188553,1033164,18498,974,791,227,1,11,249.750,23.69
1188553,945563,857391,180,833,247,1,13,270.250,23.69
1188553,721567,1147714,1015,833,247,1,11,269.750,23.69
1188553,1157205,1034907,189,833,247,1,11,269.750,23.69
1188553,784623,817943,221,833,247,1,11,269.750,23.69
1188553,1094054,823923,7,792,227,1,11,249.750,23.69
1188553,569724,263048,158,2041,237,1,12,260.000,23.69
1188553,772064,421340,27,833,247,1,11,269.750,23.69
1188553,331868,1098223,13,792,227,1,11,249.750,23.69
1188553,1179866,858575,61,1666,247,1,13,270.250,23.69
1188553,710207,798399,413,792,247,1,11,269.750,23.69
1188553,50427,41398,58,833,247,1,11,269.750,23.69
1188553,335018,918179,402,833,237,1,12,260.000,23.69
1188553,133482,546540,22,792,237,1,12,260.000,23.69
1188553,512232,1100495,48,791,227,1,11,249.750,23.69
1189021,469465,58340,56,791,247,1,11,269.750,15.96
1189021,151241,896103,176,750,227,1,11,249.750,15.96
1189021,372601,229870,96,791,227,1,11,249.750,15.96
1189021,530166,94879,299,792,237,1,12,260.000,15.96
1189021,516935,22954,54,1667,227,1,11,249.750,15.96
1189021,55921,892371,136,792,227,1,11,249.750,15.96
1189021,1057275,708910,12,833,237,1,12,260.000,15.96
1189021,118376,695938,191,750,227,1,11,249.750,15.96
1189021,456127,543007,185,1625,237,1,12,260.000,15.96
1189021,620235,227365,373,833,247,1,11,269.750,15.96
1189021,609983,585844,191,875,247,1,13,270.250,15.96
1189021,153388,1072526,17,833,247,1,13,270.250,15.96
1189021,1086753,40582,465,833,237,1,12,260.000,15.96
1189021,760225,722888,147,833,237,1,12,260.000,15.96
1189021,1117867,710939,82,792,227,1,11,249.750,15.96
1189021,435591,1092518,758,833,237,1,12,260.000,15.96
1189021,314384,174835,134,833,247,1,11,269.750,15.96
1189021,671741,347976,494,792,227,1,11,249.750,15.96
1189021,197446,1187676,61,792,227,1,11,249.750,15.96
1189021,1076018,493005,670,791,227,1,11,249.750,15.96
1190929,523979,593260,279,834,247,1,11,269.750,25.15
1190929,303472,887040,141,792,247,1,11,269.750,25.15
1190929,308233,250877,96,833,237,1,11,259.750,25.15
1190929,1071170,450790,294,791,247,1,11,269.750,25.15
1190929,646177,219126,740,791,237,1,11,259.750,25.15
1190929,544298,1091951,1543,833,237,1,11,259.750,25.15
1190929,867464,940843,167,833,247,1,11,269.750,25.15
1190929,988975,1116264,142,834,247,1,11,269.750,25.15
1190929,273602,483717,418,833,247,1,11,269.750,25.15
1190929,914959,873597,602,792,237,1,11,259.750,25.15
1190929,607109,841396,846,792,247,1,11,269.750,25.15
1190929,1276,1175569,163,834,247,1,12,270.000,25.15
1190929,735074,650311,5,1917,247,1,12,270.000,25.15
1190929,434460,1167085,132,833,247,1,12,270.000,25.15
1190929,1109588,498558,552,834,247,1,11,269.750,25.15
1190929,1101617,70403,114,791,237,1,11,259.750,25.15
1190929,1145428,1060327,251,792,237,1,11,259.750,25.15
1190929,747445,355177,456,875,247,1,12,270.000,25.15
1190929,658835,1058193,99,792,237,1,11,259.750,25.15
1190929,546652,1026267,50,791,237,1,11,259.750,25.15
1192651,539960,86690,84,833,237,1,11,259.750,24.14
1192651,517857,1125453,921,834,237,1,11,259.750,24.14
1192651,820594,227193,136,792,237,1,11,259.750,24.14
1192651,22388,501144,521,834,247,1,12,270.000,24.14
1192651,53850,627171,270,792,237,1,11,259.750,24.14
1192651,252665,837465,260,834,247,1,12,270.000,24.14
1192651,921595,1173891,331,791,237,1,11,259.750,24.14
1192651,466326,423107,113,834,237,1,11,259.750,24.14
1192651,724770,317812,82,833,237,1,11,259.750,24.14
1192651,695012,1053768,6,834,247,1,11,269.750,24.14
1192651,532478,895288,258,791,237,1,11,259.750,24.14
1192651,500784,854166,1224,833,247,1,12,270.000,24.14
1192651,353427,805487,181,833,247,1,11,269.750,24.14
1192651,1107425,635096,199,792,237,1,11,259.750,24.14
1192651,315015,967493,391,792,237,1,11,259.750,24.14
1192651,1034083,20021,428,834,237,1,11,259.750,24.14
1192651,629239,221097,438,791,237,1,11,259.750,24.14
1192651,897312,685858,509,833,247,1,12,270.000,24.14
1192651,643089,479006,262,808,237,1,11,259.750,24.14
1192651,429894,66178,100,1958,247,1,11,269.750,24.14
1192967,108106,808692,339,834,245,1,12,268.000,17.41
1192967,101890,100385,80,851,245,1,12,268.000,17.41
1192967,1034572,949034,130,834,235,1,11,257.750,17.41
1192967,387535,890508,55,833,235,1,11,257.750,17.41
1192967,1080476,240957,249,1625,235,1,11,257.750,17.41
1192967,1014846,344825,82,792,235,1,11,257.750,17.41
1192967,387186,814897,40,833,245,1,11,267.750,17.41
1192967,71726,959976,789,834,245,1,11,267.750,17.41
1192967,673719,844013,102,1708,235,1,11,257.750,17.41
1192967,1044917,364857,135,833,245,1,11,267.750,17.41
1192967,1134734,37996,406,792,235,1,11,257.750,17.41
1192967,521725,1150700,235,834,245,1,12,268.000,17.41
1192967,187856,480287,85,833,245,1,11,267.750,17.41
1192967,1043271,747712,193,791,235,1,11,257.750,17.41
1192967,531799,970230,388,833,245,1,12,268.000,17.41
1192967,960400,737869,413,791,235,1,11,257.750,17.41
1192967,270225,701120,23,834,245,1,12,268.000,17.41
1192967,1062358,821814,56,833,245,1,12,268.000,17.41
1192967,614659,72491,975,792,235,1,11,257.750,17.41
1192967,509905,674112,69,833,245,1,12,268.000,17.41
1193431,622618,236013,22,792,239,1,11,261.750,28.37
1193431,680893,168453,63,834,239,1,11,261.750,28.37
1193431,392843,144970,123,833,249,1,12,272.000,28.37
1193431,317941,820082,394,2084,249,1,11,271.750,28.37
1193431,687221,79332,183,833,249,1,11,271.750,28.37
1193431,459776,336146,798,834,239,1,11,261.750,28.37
1193431,1089503,298983,7,834,239,1,11,261.750,28.37
1193431,336737,845048,34,834,249,1,11,271.750,28.37
1193431,272444,287015,487,2042,239,1,11,261.750,28.37
1193431,236013,288450,470,791,239,1,11,261.750,28.37
1193431,524875,526709,545,833,249,1,11,271.750,28.37
1193431,34512,1029247,185,792,239,1,11,261.750,28.37
1193431,327802,1116728,256,833,249,1,12,272.000,28.37
1193431,172857,55003,1018,833,249,1,11,271.750,28.37
1193431,247783,666926,75,791,239,1,11,261.750,28.37
1193431,812444,581811,178,834,249,1,11,271.750,28.37
1193431,802483,1041314,1405,833,239,1,11,261.750,28.37
1193431,710768,103747,272,791,239,1,11,261.750,28.37
1193431,767520,152837,1086,834,249,1,11,271.750,28.37
1193431,443626,126132,273,791,239,1,11,261.750,28.37
1193483,174929,731498,99,833,236,1,11,258.750,25.09
1193483,1136437,472295,395,833,246,1,12,269.000,25.09
1193483,404158,693389,330,833,246,1,12,269.000,25.09
1193483,455337,1103614,215,792,236,1,11,258.750,25.09
1193483,238076,31617,42,791,236,1,11,258.750,25.09
1193483,174877,79756,53,833,236,1,11,258.750,25.09
1193483,249595,645782,68,792,236,1,11,258.750,25.09
1193483,730374,1079440,292,792,236,1,11,258.750,25.09
1193483,758420,280067,253,833,246,1,11,268.750,25.09
1193483,37728,1096922,20,833,236,1,11,258.750,25.09
1193483,457825,214768,1774,2125,246,1,11,268.750,25.09
1193483,983680,1081789,176,833,246,1,11,268.750,25.09
1193483,200395,595819,607,791,236,1,11,258.750,25.09
1193483,940442,689628,285,833,246,1,12,269.000,25.09
1193483,1128624,641029,496,834,236,1,11,258.750,25.09
1193483,366966,450602,406,792,236,1,11,258.750,25.09
1193483,768910,365887,324,833,246,1,11,268.750,25.09
1193483,893129,836766,316,833,236,1,11,258.750,25.09
1193483,68240,339491,151,792,236,1,11,258.750,25.09
1193483,975469,663781,680,833,246,1,11,268.750,25.09
1195039,652419,829245,466,792,228,1,12,251.000,11.88
1195039,614258,1194878,104,833,228,1,12,251.000,11.88
1195039,415277,91181,31,834,248,1,11,270.750,11.88
1195039,436426,446977,55,834,238,1,13,261.250,11.88
1195039,65734,680828,67,833,238,1,13,261.250,11.88
1195039,1154435,1189286,403,833,228,1,12,251.000,11.88
1195039,488365,646033,142,833,238,1,13,261.250,11.88
1195039,748622,1140913,32,958,248,1,14,271.500,11.88
1195039,1134673,659609,219,791,228,1,12,251.000,11.88
1195039,293399,752293,23,2267,238,1,13,261.250,11.88
1195039,691416,52604,21,1625,238,1,13,261.250,11.88
1195039,937360,411374,692,958,238,1,13,261.250,11.88
1195039,557980,35155,136,875,248,1,14,271.500,11.88
1195039,297678,193370,45,792,228,1,12,251.000,11.88
1195039,854304,152848,205,833,248,1,11,270.750,11.88
1195039,33670,1160554,223,833,238,1,13,261.250,11.88
1195039,1181038,167627,127,875,248,1,14,271.500,11.88
1195039,1148616,819512,79,833,248,1,11,270.750,11.88
1195039,160383,800750,116,834,238,1,13,261.250,11.88
1195039,829672,825413,242,833,238,1,13,261.250,11.88
1195459,272441,942505,100,2042,238,1,13,261.250,21.72
1195459,213707,226433,77,833,238,1,13,261.250,21.72
1195459,816360,948887,51,1167,238,1,13,261.250,21.72
1195459,478224,286705,831,2042,248,1,14,271.500,21.72
1195459,450504,146606,603,833,238,1,13,261.250,21.72
1195459,837954,215814,214,833,248,1,11,270.750,21.72
1195459,346535,525451,351,750,218,1,11,240.750,21.72
1195459,701464,48066,25,875,248,1,14,271.500,21.72
1195459,1127708,825253,101,750,218,1,11,240.750,21.72
1195459,538533,961606,1083,791,228,1,12,251.000,21.72
1195459,762621,1023949,228,833,228,1,12,251.000,21.72
1195459,100002,507716,730,1875,248,1,14,271.500,21.72
1195459,646519,1151823,450,834,248,1,11,270.750,21.72
1195459,294253,387651,1,833,238,1,13,261.250,21.72
1195459,26523,904240,9,875,228,1,12,251.000,21.72
1195459,995218,142668,180,833,238,1,13,261.250,21.72
1195459,590832,22917,821,791,248,1,11,270.750,21.72
1195459,502585,339309,113,792,218,1,11,240.750,21.72
1195459,749174,1023208,226,833,248,1,11,270.750,21.72
1195459,624767,497763,117,750,218,1,11,240.750,21.72
1195721,480556,424205,115,833,230,1,12,253.000,17.41
1195721,600023,1090472,17,833,230,1,12,253.000,17.41
1195721,1114444,1108921,101,834,230,1,12,253.000,17.41
1195721,960591,408695,56,792,220,1,11,242.750,17.41
1195721,964639,932291,120,852,250,1,14,273.500,17.41
1195721,945193,150146,163,833,230,1,12,253.000,17.41
1195721,80776,649008,295,1959,240,1,13,263.250,17.41
1195721,265039,809545,45,792,230,1,12,253.000,17.41
1195721,1087534,751882,266,834,250,1,11,272.750,17.41
1195721,982428,580847,641,792,230,1,12,253.000,17.41
1195721,279531,619223,49,833,250,1,11,272.750,17.41
1195721,605688,650556,74,750,220,1,11,242.750,17.41
1195721,1027233,643946,426,792,220,1,11,242.750,17.41
1195721,1130125,148210,89,834,230,1,12,253.000,17.41
1195721,836580,901548,140,792,220,1,11,242.750,17.41
1195721,102601,495715,974,833,230,1,12,253.000,17.41
1195721,627645,1044636,145,833,240,1,13,263.250,17.41
1195721,6993,419119,534,833,230,1,12,253.000,17.41
1195721,888293,379857,508,833,250,1,14,273.500,17.41
1195721,820800,332599,342,833,230,1,12,253.000,17.41
1195741,67649,556809,370,833,231,1,12,254.000,10.88
1195741,166388,125349,60,1875,231,1,12,254.000,10.88
1195741,551463,1095743,40,833,241,1,13,264.250,10.88
1195741,181011,109560,216,833,251,1,11,273.750,10.88
1195741,259306,554203,88,833,241,1,13,264.250,10.88
1195741,499269,8091,125,833,241,1,13,264.250,10.88
1195741,393526,366927,233,791,231,1,12,254.000,10.88
1195741,1052074,317716,435,792,221,1,11,243.750,10.88
1195741,759889,841250,384,792,231,1,12,254.000,10.88
1195741,940809,1184563,37,833,221,1,11,243.750,10.88
1195741,810421,544908,15,1042,231,1,12,254.000,10.88
1195741,345179,3746,31,792,231,1,12,254.000,10.88
1195741,1047194,817469,148,875,251,1,14,274.500,10.88
1195741,641197,789391,533,792,231,1,12,254.000,10.88
1195741,6384,894086,31,875,251,1,14,274.500,10.88
1195741,935890,928348,131,792,221,1,11,243.750,10.88
1195741,784577,240053,109,833,231,1,12,254.000,10.88
1195741,948224,175201,112,834,231,1,12,254.000,10.88
1195741,1089218,824426,85,2083,221,1,11,243.750,10.88
1195741,696375,54896,8,791,231,1,12,254.000,10.88
1201843,191568,665706,292,833,248,1,11,270.750,23.19
1201843,489412,607099,111,833,248,1,11,270.750,23.19
1201843,1081582,706271,266,833,248,1,11,270.750,23.19
1201843,797869,982453,949,1684,248,1,12,271.000,23.19
1201843,864390,225458,1303,833,248,1,11,270.750,23.19
1201843,361307,1179247,191,833,238,1,11,260.750,23.19
1201843,670714,892570,378,834,238,1,11,260.750,23.19
1201843,390216,522361,54,792,238,1,11,260.750,23.19
1201843,985179,875436,47,792,238,1,11,260.750,23.19
1201843,1028207,1176413,433,833,238,1,11,260.750,23.19
1201843,480825,1067850,1183,833,238,1,11,260.750,23.19
1201843,611402,530257,316,792,238,1,11,260.750,23.19
1201843,43768,480252,13,833,248,1,11,270.750,23.19
1201843,1189636,261067,84,834,248,1,11,270.750,23.19
1201843,686225,355372,189,833,248,1,12,271.000,23.19
1201843,611048,507174,71,1834,248,1,12,271.000,23.19
1201843,43768,1160671,149,834,248,1,11,270.750,23.19
1201843,1164835,125466,303,792,238,1,11,260.750,23.19
1201843,820961,171032,107,833,238,1,11,260.750,23.19
1201843,79010,515350,118,833,238,1,11,260.750,23.19
1204711,1110249,153230,544,834,238,1,12,261.000,11.27
1204711,485896,1031682,86,834,238,1,12,261.000,11.27
1204711,979738,1074563,30,833,248,1,13,271.250,11.27
1204711,771868,313064,163,1791,248,1,13,271.250,11.27
1204711,83769,623122,59,792,228,1,11,250.750,11.27
1204711,253596,1176227,318,875,248,1,11,270.750,11.27
1204711,733912,26404,436,834,238,1,12,261.000,11.27
1204711,1200276,948588,74,833,228,1,11,250.750,11.27
1204711,670848,870334,581,791,238,1,12,261.000,11.27
1204711,634453,1072083,13,833,248,1,11,270.750,11.27
1204711,382199,740456,134,833,238,1,12,261.000,11.27
1204711,491314,153591,18,833,238,1,12,261.000,11.27
1204711,63488,805126,80,1750,248,1,11,270.750,11.27
1204711,733996,1016489,44,833,248,1,11,270.750,11.27
1204711,695972,1116257,46,791,238,1,12,261.000,11.27
1204711,1089579,696395,267,834,248,1,13,271.250,11.27
1204711,761898,948106,28,791,238,1,12,261.000,11.27
1204711,391317,470800,86,834,238,1,12,261.000,11.27
1204711,55502,1200253,82,791,238,1,12,261.000,11.27
1204711,1038916,409065,151,833,248,1,13,271.250,11.27
1207043,183416,1145110,50,792,236,1,11,258.750,18.41
1207043,1119619,766300,967,834,236,1,11,258.750,18.41
1207043,1140608,296165,225,1875,236,1,11,258.750,18.41
1207043,473770,1166960,188,875,246,1,12,269.000,18.41
1207043,66435,161337,894,833,246,1,12,269.000,18.41
1207043,1134006,806175,235,834,236,1,11,258.750,18.41
1207043,903283,628523,364,792,236,1,11,258.750,18.41
1207043,964018,1138618,24,792,236,1,11,258.750,18.41
1207043,409686,706215,100,833,246,1,11,268.750,18.41
1207043,428820,100572,118,833,246,1,12,269.000,18.41
1207043,359849,1157136,151,792,236,1,11,258.750,18.41
1207043,831028,398832,272,792,246,1,11,268.750,18.41
1207043,374049,146794,185,1584,236,1,11,258.750,18.41
1207043,32209,77789,122,1875,236,1,11,258.750,18.41
1207043,896324,534674,50,833,246,1,12,269.000,18.41
1207043,1156408,472814,150,791,236,1,11,258.750,18.41
1207043,385928,619136,399,875,246,1,12,269.000,18.41
1207043,630988,74375,202,833,246,1,11,268.750,18.41
1207043,616283,138373,138,1584,236,1,11,258.750,18.41
1207043,762619,508601,362,792,236,1,11,258.750,18.41
1210597,1050459,4817,131,833,229,1,13,252.250,19.50
1210597,221531,137165,1452,791,209,1,11,231.750,19.50
1210597,536025,349626,145,833,229,1,13,252.250,19.50
1210597,162038,158914,161,833,229,1,13,252.250,19.50
1210597,264041,491005,135,833,239,1,14,262.500,19.50
1210597,775942,790331,6,833,249,1,11,271.750,19.50
1210597,1111991,497480,423,2000,249,1,11,271.750,19.50
1210597,260353,585769,33,792,249,1,11,271.750,19.50
1210597,756330,753371,189,833,239,1,14,262.500,19.50
1210597,559612,1109971,213,833,219,1,12,242.000,19.50
1210597,353235,956453,568,791,219,1,12,242.000,19.50
1210597,1117777,103898,288,2042,229,1,13,252.250,19.50
1210597,883613,187319,42,875,249,1,15,272.750,19.50
1210597,1020623,376492,656,834,249,1,11,271.750,19.50
1210597,858749,471721,189,792,219,1,12,242.000,19.50
1210597,946891,97941,565,834,229,1,13,252.250,19.50
1210597,1135912,415132,284,792,249,1,11,271.750,19.50
1210597,618227,561257,191,875,229,1,13,252.250,19.50
1210597,1174603,973747,11,1042,209,1,11,231.750,19.50
1210597,110631,840891,139,834,249,1,11,271.750,19.50
1213063,251606,401689,170,875,245,1,11,267.750,16.22
1213063,764953,1179900,156,833,245,1,11,267.750,16.22
1213063,384177,292494,729,833,225,1,13,248.250,16.22
1213063,432304,735419,718,750,205,1,11,227.750,16.22
1213063,1065526,130791,146,833,245,1,11,267.750,16.22
1213063,362429,411124,148,833,245,1,11,267.750,16.22
1213063,1192765,383527,175,792,205,1,11,227.750,16.22
1213063,775530,235664,6,875,245,1,15,268.750,16.22
1213063,1121556,1136757,114,792,225,1,13,248.250,16.22
1213063,113617,875137,512,875,245,1,15,268.750,16.22
1213063,559319,11696,29,808,215,1,12,238.000,16.22
1213063,467870,891074,232,833,245,1,15,268.750,16.22
1213063,573094,378535,443,875,245,1,15,268.750,16.22
1213063,629583,1030873,310,833,225,1,13,248.250,16.22
1213063,297296,1186040,122,833,245,1,15,268.750,16.22
1213063,469437,84892,15,834,235,1,14,258.500,16.22
1213063,1068674,284501,318,833,245,1,11,267.750,16.22
1213063,117450,189796,170,791,245,1,11,267.750,16.22
1213063,1193284,750874,127,834,245,1,11,267.750,16.22
1213063,716756,569163,52,833,235,1,14,258.500,16.22
1214957,681861,943391,485,834,239,1,11,261.750,27.07
1214957,1007488,1161847,395,834,239,1,11,261.750,27.07
1214957,15988,307830,125,833,239,1,11,261.750,27.07
1214957,616139,718078,462,833,239,1,11,261.750,27.07
1214957,198806,60784,230,834,249,1,11,271.750,27.07
1214957,3439,18933,879,833,249,1,12,272.000,27.07
1214957,954581,473166,22,833,249,1,11,271.750,27.07
1214957,1083562,141847,70,875,249,1,11,271.750,27.07
1214957,527147,146813,126,833,249,1,12,272.000,27.07
1214957,400613,276257,417,833,239,1,11,261.750,27.07
1214957,1162473,565503,472,833,239,1,11,261.750,27.07
1214957,511340,674674,288,1893,249,1,12,272.000,27.07
1214957,541466,762458,220,833,249,1,12,272.000,27.07
1214957,1092580,1184077,55,833,239,1,11,261.750,27.07
1214957,924664,1171961,21,834,249,1,12,272.000,27.07
1214957,1011905,403282,408,834,249,1,11,271.750,27.07
1214957,264062,1008720,710,834,249,1,11,271.750,27.07
1214957,244038,939558,674,834,239,1,11,261.750,27.07
1214957,239112,338707,1486,1958,249,1,11,271.750,27.07
1214957,1048014,280943,21,833,249,1,11,271.750,27.07
1216591,663456,860848,153,834,236,1,11,258.750,16.21
1216591,754597,1189502,208,792,236,1,11,258.750,16.21
1216591,424069,1079932,109,792,236,1,11,258.750,16.21
1216591,972776,568702,341,833,246,1,11,268.750,16.21
1216591,701910,449367,281,833,236,1,11,258.750,16.21
1216591,748418,1163526,267,833,246,1,12,269.000,16.21
1216591,429591,472651,21,791,236,1,11,258.750,16.21
1216591,526124,1045651,185,791,236,1,11,258.750,16.21
1216591,130900,387565,60,834,246,1,12,269.000,16.21
1216591,380622,908781,427,792,236,1,11,258.750,16.21
1216591,872953,470160,53,767,236,1,11,258.750,16.21
1216591,533905,1194366,236,792,236,1,11,258.750,16.21
1216591,252663,89226,49,833,246,1,12,269.000,16.21
1216591,912525,440323,47,833,246,1,12,269.000,16.21
1216591,1202340,777912,95,833,246,1,12,269.000,16.21
1216591,254004,262584,184,792,236,1,11,258.750,16.21
1216591,1190921,984257,50,833,246,1,12,269.000,16.21
1216591,788102,663611,189,792,246,1,11,268.750,16.21
1216591,876130,161544,1,791,236,1,11,258.750,16.21
1216591,1060620,677697,66,833,236,1,11,258.750,16.21
1220623,557812,613067,276,833,245,1,13,268.250,28.83
1220623,1140563,486918,359,833,235,1,12,258.000,28.83
1220623,1148276,844518,416,792,235,1,12,258.000,28.83
1220623,856057,1168106,325,833,235,1,12,258.000,28.83
1220623,217630,826519,139,1833,235,1,12,258.000,28.83
1220623,22731,273014,347,833,225,1,11,247.750,28.83
1220623,798837,865420,85,791,235,1,12,258.000,28.83
1220623,114983,3959,500,833,235,1,12,258.000,28.83
1220623,805173,1212175,692,792,235,1,12,258.000,28.83
1220623,886410,968241,382,834,245,1,11,267.750,28.83
1220623,186325,540216,27,833,245,1,11,267.750,28.83
1220623,292281,988900,1,833,245,1,13,268.250,28.83
1220623,636947,1150866,276,808,225,1,11,247.750,28.83
1220623,759353,651739,40,833,245,1,11,267.750,28.83
1220623,783991,1134636,187,833,245,1,13,268.250,28.83
1220623,1007555,777642,205,791,225,1,11,247.750,28.83
1220623,735075,511028,190,833,235,1,12,258.000,28.83
1220623,899774,935192,315,834,245,1,11,267.750,28.83
1220623,131325,543282,651,834,245,1,11,267.750,28.83
1220623,1009994,450461,31,1917,245,1,11,267.750,28.83
1221391,1189906,354644,124,792,227,1,11,249.750,15.46
1221391,499553,232458,399,809,237,1,12,260.000,15.46
1221391,825710,932695,162,833,237,1,12,260.000,15.46
1221391,694888,238203,98,792,227,1,11,249.750,15.46
1221391,496912,133714,6,833,237,1,12,260.000,15.46
1221391,179381,505113,366,834,247,1,11,269.750,15.46
1221391,1115044,98228,638,833,247,1,13,270.250,15.46
1221391,1043738,939806,37,792,247,1,11,269.750,15.46
1221391,385626,145889,144,791,227,1,11,249.750,15.46
1221391,65279,483499,197,833,237,1,12,260.000,15.46
1221391,721733,936302,24,850,247,1,11,269.750,15.46
1221391,883525,983381,36,833,247,1,13,270.250,15.46
1221391,466668,1027918,311,834,247,1,11,269.750,15.46
1221391,131601,761680,306,1875,247,1,13,270.250,15.46
1221391,829651,579037,214,833,247,1,11,269.750,15.46
1221391,190658,664815,334,833,247,1,13,270.250,15.46
1221391,486949,181312,45,792,227,1,11,249.750,15.46
1221391,1099861,148652,320,833,237,1,12,260.000,15.46
1221391,576985,1178322,375,792,227,1,11,249.750,15.46
1221391,791892,860974,284,791,227,1,11,249.750,15.46
1223863,325024,1164543,322,1750,239,1,11,261.750,25.26
1223863,315643,1071900,211,791,249,1,11,271.750,25.26
1223863,881427,449786,320,1709,249,1,12,272.000,25.26
1223863,371836,991632,141,833,239,1,11,261.750,25.26
1223863,266638,52468,55,833,239,1,11,261.750,25.26
1223863,372668,90162,431,834,249,1,11,271.750,25.26
1223863,1006729,738678,1393,1833,239,1,11,261.750,25.26
1223863,284737,1010976,364,834,239,1,11,261.750,25.26
1223863,4370,1118902,37,833,239,1,11,261.750,25.26
1223863,57359,269966,741,834,239,1,11,261.750,25.26
1223863,203440,897935,842,833,239,1,11,261.750,25.26
1223863,200292,552982,219,834,249,1,12,272.000,25.26
1223863,338509,183610,1325,875,249,1,12,272.000,25.26
1223863,78193,900416,167,833,249,1,12,272.000,25.26
1223863,573282,235124,94,792,239,1,11,261.750,25.26
1223863,1195242,316979,10,792,239,1,11,261.750,25.26
1223863,546833,141379,75,833,249,1,12,272.000,25.26
1223863,462275,957887,60,833,249,1,11,271.750,25.26
1223863,157161,324226,100,833,249,1,12,272.000,25.26
1223863,590583,494208,236,833,249,1,12,272.000,25.26
1224637,255470,350714,44,833,252,1,11,274.750,38.83
1224637,143990,1068100,507,833,252,1,12,275.000,38.83
1224637,1113517,814065,22,834,252,1,11,274.750,38.83
1224637,58910,575794,624,2000,252,1,11,274.750,38.83
1224637,1158505,556330,231,792,252,1,11,274.750,38.83
1224637,921475,13113,24,1708,252,1,12,275.000,38.83
1224637,576755,743638,373,834,252,1,12,275.000,38.83
1224637,1052410,775822,102,833,242,1,11,264.750,38.83
1224637,803930,372443,518,808,252,1,11,274.750,38.83
1224637,118046,343778,587,792,252,1,11,274.750,38.83
1224637,667106,956016,519,791,242,1,11,264.750,38.83
1224637,94278,1080052,874,852,252,1,11,274.750,38.83
1224637,320860,833590,898,833,252,1,11,274.750,38.83
1224637,625124,1074918,17,875,252,1,12,275.000,38.83
1224637,588739,596657,189,833,252,1,12,275.000,38.83
1224637,1098865,909572,180,834,252,1,11,274.750,38.83
1224637,670132,1030874,1002,834,242,1,11,264.750,38.83
1224637,1195708,40934,326,1958,242,1,11,264.750,38.83
1224637,467272,5225,122,833,252,1,11,274.750,38.83
1224637,296540,534831,147,833,242,1,11,264.750,38.83
1225621,6928,799313,244,834,249,1,11,271.750,24.85
1225621,434257,1061546,353,791,239,1,11,261.750,24.85
1225621,863140,199782,231,834,249,1,11,271.750,24.85
1225621,713780,968593,26,834,239,1,11,261.750,24.85
1225621,967584,742713,172,833,249,1,11,271.750,24.85
1225621,610059,276496,451,833,249,1,12,272.000,24.85
1225621,537329,934117,43,1875,249,1,11,271.750,24.85
1225621,854000,761379,475,833,239,1,11,261.750,24.85
1225621,953533,1045889,219,834,249,1,12,272.000,24.85
1225621,714254,282710,188,833,249,1,12,272.000,24.85
1225621,535449,524073,860,792,239,1,11,261.750,24.85
1225621,1068833,1200902,982,833,249,1,11,271.750,24.85
1225621,667659,815401,102,834,249,1,12,272.000,24.85
1225621,1152894,485731,528,833,249,1,11,271.750,24.85
1225621,416775,230074,175,833,239,1,11,261.750,24.85
1225621,916874,834128,197,850,249,1,11,271.750,24.85
1225621,1156560,904021,441,834,249,1,11,271.750,24.85
1225621,286483,912582,50,833,249,1,12,272.000,24.85
1225621,466,646136,1208,833,249,1,11,271.750,24.85
1225621,17637,692693,74,834,239,1,11,261.750,24.85
1225927,491524,751023,248,834,238,1,11,260.750,36.51
1225927,308351,1139028,328,834,248,1,12,271.000,36.51
1225927,492765,48700,242,792,248,1,11,270.750,36.51
1225927,501410,233498,113,833,248,1,12,271.000,36.51
1225927,1225507,147208,810,875,248,1,11,270.750,36.51
1225927,251030,918374,1494,792,248,1,11,270.750,36.51
1225927,123777,24083,155,833,248,1,11,270.750,36.51
1225927,108967,208983,288,1958,238,1,11,260.750,36.51
1225927,1182378,1027215,586,834,248,1,12,271.000,36.51
1225927,332605,748232,1199,792,248,1,12,271.000,36.51
1225927,528179,347929,2,792,248,1,11,270.750,36.51
1225927,190289,807421,159,833,238,1,11,260.750,36.51
1225927,458419,237797,14,791,248,1,11,270.750,36.51
1225927,459713,368898,2640,833,248,1,11,270.750,36.51
1225927,932198,897200,423,875,248,1,12,271.000,36.51
1225927,6795,389727,425,834,238,1,11,260.750,36.51
1225927,1148880,250695,187,833,248,1,11,270.750,36.51
1225927,780290,1145971,296,834,248,1,12,271.000,36.51
1225927,728590,619837,138,834,248,1,11,270.750,36.51
1225927,1005618,932127,483,791,238,1,11,260.750,36.51
1227881,762887,582564,186,833,250,1,11,272.750,7.98
1227881,682317,662379,8,833,250,1,14,273.500,7.98
1227881,334051,240965,265,792,220,1,11,242.750,7.98
1227881,598785,213246,42,791,220,1,11,242.750,7.98
1227881,1275,459169,370,2042,220,1,11,242.750,7.98
1227881,1150080,315693,29,750,220,1,11,242.750,7.98
1227881,331502,678245,22,875,230,1,12,253.000,7.98
1227881,76510,684484,7,875,250,1,14,273.500,7.98
1227881,1010205,844356,407,834,230,1,12,253.000,7.98
1227881,1142131,798624,108,916,230,1,12,253.000,7.98
1227881,349048,442985,22,959,250,1,14,273.500,7.98
1227881,3675,691313,20,834,230,1,12,253.000,7.98
1227881,850065,1155213,61,791,230,1,12,253.000,7.98
1227881,831650,598924,1,792,250,1,11,272.750,7.98
1227881,340246,618047,231,750,220,1,11,242.750,7.98
1227881,587783,875538,226,833,230,1,12,253.000,7.98
1227881,50036,951242,36,750,220,1,11,242.750,7.98
1227881,1123017,762522,94,808,240,1,13,263.250,7.98
1227881,780009,953322,145,875,250,1,14,273.500,7.98
1227881,448212,334912,24,792,230,1,12,253.000,7.98
1232461,1067142,611561,351,833,239,1,11,261.750,33.87
1232461,405875,873403,326,834,249,1,12,272.000,33.87
1232461,350002,83075,425,833,249,1,11,271.750,33.87
1232461,903071,968352,278,791,239,1,11,261.750,33.87
1232461,1126979,1002028,20,834,249,1,11,271.750,33.87
1232461,323904,1229086,1351,875,249,1,12,272.000,33.87
1232461,839348,1131255,440,834,239,1,11,261.750,33.87
1232461,580394,592514,80,834,249,1,11,271.750,33.87
1232461,214194,422272,9,833,239,1,11,261.750,33.87
1232461,976938,829733,232,834,249,1,12,272.000,33.87
1232461,400389,845851,227,792,249,1,11,271.750,33.87
1232461,579689,175959,661,792,239,1,11,261.750,33.87
1232461,833906,690204,971,833,239,1,11,261.750,33.87
1232461,735296,291595,1095,792,239,1,11,261.750,33.87
1232461,704943,338017,413,792,239,1,11,261.750,33.87
1232461,905463,159251,131,833,249,1,11,271.750,33.87
1232461,1148812,515372,66,2291,249,1,12,272.000,33.87
1232461,237105,80844,929,833,249,1,12,272.000,33.87
1232461,1095681,561601,463,833,249,1,12,272.000,33.87
1232461,369603,1094785,913,958,249,1,12,272.000,33.87
1233301,1189224,570636,531,1917,248,1,11,270.750,21.97
1233301,445432,620639,37,875,248,1,12,271.000,21.97
1233301,724517,347062,260,1792,248,1,12,271.000,21.97
1233301,657878,432093,172,791,248,1,11,270.750,21.97
1233301,506703,615054,459,792,238,1,11,260.750,21.97
1233301,207394,230793,177,792,248,1,11,270.750,21.97
1233301,872133,1034067,121,791,238,1,11,260.750,21.97
1233301,422485,376876,75,834,238,1,11,260.750,21.97
1233301,644933,979445,1533,834,248,1,12,271.000,21.97
1233301,741787,319493,147,791,238,1,11,260.750,21.97
1233301,796418,377310,197,791,238,1,11,260.750,21.97
1233301,719327,198525,897,834,248,1,12,271.000,21.97
1233301,668619,628060,85,2167,248,1,11,270.750,21.97
1233301,97041,365223,148,833,248,1,11,270.750,21.97
1233301,66607,872439,86,833,248,1,12,271.000,21.97
1233301,936169,1033357,1,792,238,1,11,260.750,21.97
1233301,816464,1051637,23,792,238,1,11,260.750,21.97
1233301,757378,1214810,300,833,248,1,12,271.000,21.97
1233301,1042265,277451,460,833,248,1,12,271.000,21.97
1233301,816272,386394,426,833,238,1,11,260.750,21.97
1233539,835991,143001,365,1833,246,1,12,269.000,26.53
1233539,259754,149997,969,834,246,1,12,269.000,26.53
1233539,547973,418708,163,851,246,1,11,268.750,26.53
1233539,338015,383890,915,833,246,1,12,269.000,26.53
1233539,310255,324386,436,833,236,1,11,258.750,26.53
1233539,332929,224848,21,833,236,1,11,258.750,26.53
1233539,1148336,1057098,370,833,236,1,11,258.750,26.53
1233539,28833,1119975,28,833,236,1,11,258.750,26.53
1233539,678659,914363,254,792,236,1,11,258.750,26.53
1233539,793462,974664,79,1083,246,1,11,268.750,26.53
1233539,920531,1114249,203,792,246,1,11,268.750,26.53
1233539,129836,750680,450,791,236,1,11,258.750,26.53
1233539,1214905,816366,989,792,236,1,11,258.750,26.53
1233539,256815,596802,300,833,246,1,11,268.750,26.53
1233539,974753,634742,292,833,246,1,12,269.000,26.53
1233539,867368,270017,131,792,236,1,11,258.750,26.53
1233539,1048188,324316,439,834,246,1,11,268.750,26.53
1233539,292798,935367,594,792,236,1,11,258.750,26.53
1233539,16393,725059,339,792,236,1,11,258.750,26.53
1233539,696551,714871,46,2084,246,1,12,269.000,26.53
1234721,936747,786056,465,1917,251,1,12,274.000,41.07
1234721,629910,847444,208,834,251,1,11,273.750,41.07
1234721,625704,137975,338,1708,251,1,11,273.750,41.07
1234721,935441,1198469,571,834,251,1,11,273.750,41.07
1234721,379418,444852,747,833,251,1,11,273.750,41.07
1234721,710180,401320,2145,833,251,1,12,274.000,41.07
1234721,3705,647798,562,833,251,1,11,273.750,41.07
1234721,42298,1138984,216,833,251,1,11,273.750,41.07
1234721,1173786,798334,441,875,251,1,11,273.750,41.07
1234721,386083,784230,547,833,251,1,11,273.750,41.07
1234721,900647,660234,563,834,241,1,11,263.750,41.07
1234721,579721,152266,619,833,251,1,11,273.750,41.07
1234721,824541,544908,146,833,251,1,11,273.750,41.07
1234721,15289,437884,400,833,251,1,11,273.750,41.07
1234721,1179849,652225,859,833,251,1,11,273.750,41.07
1234721,734763,960052,209,834,251,1,11,273.750,41.07
1234721,926076,439756,1615,792,251,1,11,273.750,41.07
1234721,282527,89131,61,833,241,1,11,263.750,41.07
1234721,304555,1104405,640,833,251,1,11,273.750,41.07
1234721,814472,703812,246,833,251,1,11,273.750,41.07
1238893,192647,449753,742,833,251,1,11,273.750,34.25
1238893,13717,533783,273,917,251,1,11,273.750,34.25
1238893,230908,1125896,115,833,251,1,11,273.750,34.25
1238893,1078112,937989,41,834,241,1,12,264.000,34.25
1238893,1082934,1015151,105,833,241,1,11,263.750,34.25
1238893,830482,1121707,611,833,251,1,11,273.750,34.25
1238893,101805,652112,257,791,251,1,11,273.750,34.25
1238893,858531,727974,365,833,251,1,11,273.750,34.25
1238893,878628,153483,536,833,251,1,11,273.750,34.25
1238893,672522,420510,193,834,251,1,11,273.750,34.25
1238893,6163,1059654,539,2333,251,1,11,273.750,34.25
1238893,100108,853892,715,833,251,1,13,274.250,34.25
1238893,277969,506994,221,1792,251,1,11,273.750,34.25
1238893,864192,829937,719,834,241,1,12,264.000,34.25
1238893,1223440,242039,106,833,251,1,11,273.750,34.25
1238893,420578,3168,96,792,241,1,12,264.000,34.25
1238893,503991,394713,398,833,251,1,11,273.750,34.25
1238893,406375,83851,41,833,251,1,11,273.750,34.25
1238893,348739,450295,254,791,231,1,11,253.750,34.25
1238893,1169605,236073,264,834,251,1,11,273.750,34.25
1240991,1148290,208839,252,833,252,1,11,274.750,18.33
1240991,983206,453037,168,833,242,1,11,264.750,18.33
1240991,1083520,896767,221,833,242,1,11,264.750,18.33
1240991,787059,998608,92,791,242,1,11,264.750,18.33
1240991,342187,409765,29,810,242,1,11,264.750,18.33
1240991,190482,1186533,50,833,252,1,12,275.000,18.33
1240991,623848,765516,1,834,252,1,12,275.000,18.33
1240991,276476,463200,498,834,252,1,12,275.000,18.33
1240991,88562,674686,249,834,242,1,11,264.750,18.33
1240991,369824,827353,53,833,252,1,11,274.750,18.33
1240991,422805,368329,239,833,252,1,11,274.750,18.33
1240991,953772,964740,70,833,242,1,11,264.750,18.33
1240991,794334,1028906,27,833,242,1,11,264.750,18.33
1240991,1130443,741545,185,791,242,1,11,264.750,18.33
1240991,836261,1039127,25,833,252,1,11,274.750,18.33
1240991,274231,630989,17,792,242,1,11,264.750,18.33
1240991,1197174,529292,21,834,242,1,11,264.750,18.33
1240991,180673,1201206,318,833,242,1,11,264.750,18.33
1240991,22947,364642,890,958,252,1,12,275.000,18.33
1240991,322916,805055,29,833,242,1,11,264.750,18.33
1244083,465280,293018,51,875,241,1,15,264.750,20.58
1244083,857534,165272,54,875,241,1,15,264.750,20.58
1244083,214986,120739,33,833,231,1,14,254.500,20.58
1244083,272232,787525,82,833,241,1,15,264.750,20.58
1244083,306366,821615,207,958,231,1,14,254.500,20.58
1244083,304211,1237923,143,1792,241,1,15,264.750,20.58
1244083,119304,107510,22,875,241,1,15,264.750,20.58
1244083,800339,603248,253,833,231,1,14,254.500,20.58
1244083,471998,598350,301,875,241,1,15,264.750,20.58
1244083,1206845,1073456,67,1000,241,1,15,264.750,20.58
1244083,28780,360205,662,875,241,1,15,264.750,20.58
1244083,735653,1011277,94,875,241,1,15,264.750,20.58
1244083,1083435,801076,122,875,251,1,16,275.000,20.58
1244083,1216053,862492,707,833,231,1,14,254.500,20.58
1244083,53662,588909,253,834,251,1,11,273.750,20.58
1244083,22913,712420,1221,875,241,1,15,264.750,20.58
1244083,171734,1126102,902,875,241,1,15,264.750,20.58
1244083,122554,1194550,674,791,211,1,12,234.000,20.58
1244083,535587,954777,75,833,251,1,11,273.750,20.58
1244083,461188,943278,302,2083,251,1,11,273.750,20.58
1244437,435125,275164,161,875,240,1,15,263.750,11.77
1244437,573590,968289,55,833,240,1,15,263.750,11.77
1244437,753710,648533,367,792,250,1,11,272.750,11.77
1244437,847788,911731,165,1791,220,1,13,243.250,11.77
1244437,239124,820948,166,792,210,1,12,233.000,11.77
1244437,300939,48190,115,958,250,1,16,274.000,11.77
1244437,113340,199590,87,791,250,1,11,272.750,11.77
1244437,668869,347458,528,1917,230,1,14,253.500,11.77
1244437,473857,658836,163,833,250,1,11,272.750,11.77
1244437,14604,331410,88,833,230,1,14,253.500,11.77
1244437,997753,112144,226,833,220,1,13,243.250,11.77
1244437,792406,441356,38,833,250,1,11,272.750,11.77
1244437,193428,1118597,432,792,220,1,13,243.250,11.77
1244437,275597,1088265,43,808,220,1,13,243.250,11.77
1244437,295775,1217863,237,875,250,1,16,274.000,11.77
1244437,514010,203306,78,833,230,1,14,253.500,11.77
1244437,32426,135363,278,875,250,1,16,274.000,11.77
1244437,606227,631189,149,2101,230,1,14,253.500,11.77
1244437,772326,582843,10,834,250,1,11,272.750,11.77
1244437,1199376,941445,33,875,250,1,16,274.000,11.77
1244567,291557,410036,270,875,231,1,14,254.500,24.78
1244567,716810,217809,552,875,251,1,16,275.000,24.78
1244567,230973,530526,19,917,251,1,16,275.000,24.78
1244567,708327,401137,603,875,251,1,11,273.750,24.78
1244567,1148694,529845,7,833,251,1,11,273.750,24.78
1244567,932704,1130830,112,833,231,1,14,254.500,24.78
1244567,1041176,734445,148,1917,251,1,11,273.750,24.78
1244567,479294,547734,380,791,221,1,13,244.250,24.78
1244567,1217643,135090,701,834,251,1,11,273.750,24.78
1244567,545898,1194640,186,917,251,1,16,275.000,24.78
1244567,692706,612934,40,791,251,1,11,273.750,24.78
1244567,693142,657328,115,791,201,1,11,223.750,24.78
1244567,1235890,1034786,1409,833,251,1,11,273.750,24.78
1244567,883343,33841,281,875,241,1,15,264.750,24.78
1244567,1128812,922237,56,1875,241,1,15,264.750,24.78
1244567,227257,181487,219,833,241,1,15,264.750,24.78
1244567,1044516,467069,1039,1833,241,1,15,264.750,24.78
1244567,697447,245224,427,792,221,1,13,244.250,24.78
1244567,782541,777584,523,792,251,1,11,273.750,24.78
1244567,753412,1056383,377,834,231,1,14,254.500,24.78
1247243,120925,702577,482,875,234,1,15,257.750,19.95
1247243,363858,488555,130,833,244,1,11,266.750,19.95
1247243,116181,9641,165,833,234,1,11,256.750,19.95
1247243,63000,398401,137,834,244,1,12,267.000,19.95
1247243,572060,1133070,346,809,234,1,11,256.750,19.95
1247243,449801,587900,129,834,244,1,11,266.750,19.95
1247243,1130115,545741,14,833,234,1,15,257.750,19.95
1247243,222496,938691,246,1792,224,1,14,247.500,19.95
1247243,978700,192149,62,1625,244,1,11,266.750,19.95
1247243,948701,542707,257,792,204,1,12,227.000,19.95
1247243,1122452,937226,60,833,234,1,11,256.750,19.95
1247243,827762,1215605,625,833,244,1,11,266.750,19.95
1247243,589891,543981,238,834,244,1,11,266.750,19.95
1247243,19139,457432,124,833,244,1,11,266.750,19.95
1247243,166753,908617,94,1851,244,1,11,266.750,19.95
1247243,227950,231806,147,1542,204,1,12,227.000,19.95
1247243,510024,1070589,200,834,234,1,11,256.750,19.95
1247243,933752,678805,407,833,244,1,11,266.750,19.95
1247243,343055,381170,39,833,234,1,15,257.750,19.95
1247243,755868,374061,47,834,234,1,11,256.750,19.95
1252079,571372,967375,15,875,250,1,13,273.250,19.20
1252079,1064128,259493,190,833,230,1,11,252.750,19.20
1252079,317611,218541,365,875,250,1,13,273.250,19.20
1252079,135788,19606,153,792,240,1,12,263.000,19.20
1252079,1192862,65390,244,791,240,1,12,263.000,19.20
1252079,21870,496207,96,2000,250,1,13,273.250,19.20
1252079,416829,899219,277,1625,240,1,12,263.000,19.20
1252079,1077302,1152611,195,792,230,1,11,252.750,19.20
1252079,1054870,1012170,31,833,250,1,11,272.750,19.20
1252079,1046700,614166,270,916,230,1,11,252.750,19.20
1252079,1142555,1210619,26,833,240,1,12,263.000,19.20
1252079,1126590,715230,705,893,250,1,13,273.250,19.20
1252079,1186766,698549,410,834,250,1,11,272.750,19.20
1252079,1029622,529869,292,851,240,1,12,263.000,19.20
1252079,1212669,1123562,237,833,240,1,12,263.000,19.20
1252079,715867,743156,914,833,240,1,12,263.000,19.20
1252079,1251189,248350,372,1834,240,1,12,263.000,19.20
1252079,386530,1074253,331,833,240,1,12,263.000,19.20
1252079,953184,668565,182,833,240,1,12,263.000,19.20
1252079,897456,38277,151,834,240,1,12,263.000,19.20
1252267,90158,1194469,17,875,249,1,13,272.250,11.74
1252267,1173524,1034902,146,833,239,1,12,262.000,11.74
1252267,721402,1013761,58,833,229,1,11,251.750,11.74
1252267,692485,557944,171,791,229,1,11,251.750,11.74
1252267,105673,417835,475,1750,239,1,12,262.000,11.74
1252267,249990,678696,405,792,239,1,12,262.000,11.74
1252267,73853,127601,77,834,239,1,12,262.000,11.74
1252267,549779,254425,180,1791,249,1,13,272.250,11.74
1252267,404415,129714,109,792,229,1,11,251.750,11.74
1252267,647430,180692,203,792,229,1,11,251.750,11.74
1252267,556024,432849,93,1977,239,1,12,262.000,11.74
1252267,22034,579056,335,833,239,1,12,262.000,11.74
1252267,932882,664872,287,833,249,1,11,271.750,11.74
1252267,1061873,1116028,15,834,229,1,11,251.750,11.74
1252267,792630,311981,63,833,229,1,11,251.750,11.74
1252267,1206407,328782,15,791,249,1,11,271.750,11.74
1252267,746463,1018959,202,792,239,1,12,262.000,11.74
1252267,187684,1064305,48,833,239,1,12,262.000,11.74
1252267,493698,1152752,392,833,239,1,12,262.000,11.74
1252267,406437,46617,50,833,239,1,12,262.000,11.74
1252819,712290,839079,196,834,249,1,11,271.750,15.56
1252819,695796,996533,136,834,239,1,12,262.000,15.56
1252819,825748,351926,44,875,249,1,13,272.250,15.56
1252819,908566,796374,68,834,239,1,12,262.000,15.56
1252819,786140,479044,87,834,249,1,13,272.250,15.56
1252819,555870,537164,59,834,249,1,13,272.250,15.56
1252819,193871,623257,139,833,249,1,13,272.250,15.56
1252819,1014646,507467,314,792,229,1,11,251.750,15.56
1252819,800169,346998,575,834,249,1,11,271.750,15.56
1252819,779936,204322,134,833,249,1,13,272.250,15.56
1252819,208565,902705,107,834,239,1,12,262.000,15.56
1252819,770452,470576,612,1875,239,1,12,262.000,15.56
1252819,296552,1051612,133,833,229,1,11,251.750,15.56
1252819,109511,949429,67,833,239,1,12,262.000,15.56
1252819,1170521,1203053,176,1666,249,1,13,272.250,15.56
1252819,896280,478761,744,875,249,1,13,272.250,15.56
1252819,895220,205896,97,833,249,1,11,271.750,15.56
1252819,103490,1105178,132,834,239,1,12,262.000,15.56
1252819,74915,398169,391,834,239,1,12,262.000,15.56
1252819,1016973,1192680,228,1959,249,1,13,272.250,15.56
1253479,667737,917587,22,791,226,1,11,248.750,17.17
1253479,660586,1243553,23,791,226,1,11,248.750,17.17
1253479,179234,531561,293,834,246,1,13,269.250,17.17
1253479,13163,506867,238,833,246,1,13,269.250,17.17
1253479,1107610,1131812,95,833,246,1,13,269.250,17.17
1253479,538375,552452,365,792,226,1,11,248.750,17.17
1253479,1161366,624844,61,791,236,1,12,259.000,17.17
1253479,1083019,403607,188,834,236,1,12,259.000,17.17
1253479,98657,883847,99,792,236,1,12,259.000,17.17
1253479,588473,523981,237,791,236,1,12,259.000,17.17
1253479,307952,217256,286,834,246,1,11,268.750,17.17
1253479,1246142,774655,3,833,246,1,11,268.750,17.17
1253479,827690,844218,200,791,226,1,11,248.750,17.17
1253479,542808,1223021,139,1791,226,1,11,248.750,17.17
1253479,995630,1210879,16,791,226,1,11,248.750,17.17
1253479,449252,396282,1,833,246,1,11,268.750,17.17
1253479,742444,576531,42,792,236,1,12,259.000,17.17
1253479,642947,562377,1,834,246,1,13,269.250,17.17
1253479,105078,39627,597,792,226,1,11,248.750,17.17
1253479,734104,157960,363,833,246,1,13,269.250,17.17
1253701,475815,923836,317,875,246,1,11,268.750,16.63
1253701,227479,326803,666,875,246,1,13,269.250,16.63
1253701,219953,879783,223,791,226,1,11,248.750,16.63
1253701,1147717,1215698,45,833,226,1,11,248.750,16.63
1253701,582557,473195,77,833,236,1,12,259.000,16.63
1253701,1000649,1010017,13,833,246,1,13,269.250,16.63
1253701,855910,569637,482,875,246,1,13,269.250,16.63
1253701,721879,1232204,128,792,236,1,12,259.000,16.63
1253701,819721,986995,55,791,226,1,11,248.750,16.63
1253701,230735,211913,107,1834,236,1,12,259.000,16.63
1253701,1246049,1096305,174,792,226,1,11,248.750,16.63
1253701,792078,662612,291,792,226,1,11,248.750,16.63
1253701,801302,502546,1244,833,246,1,13,269.250,16.63
1253701,1188266,320190,24,792,236,1,12,259.000,16.63
1253701,1106228,1135860,55,833,236,1,12,259.000,16.63
1253701,1196216,479266,212,833,246,1,13,269.250,16.63
1253701,488972,779782,190,834,246,1,11,268.750,16.63
1253701,871548,72293,65,792,226,1,11,248.750,16.63
1253701,455928,42949,91,834,236,1,12,259.000,16.63
1253701,57560,1228313,331,792,226,1,11,248.750,16.63
1254131,758553,692885,177,1792,238,1,12,261.000,17.67
1254131,644880,572895,58,834,238,1,12,261.000,17.67
1254131,1093602,822434,364,833,248,1,11,270.750,17.67
1254131,1015433,937412,1241,834,238,1,12,261.000,17.67
1254131,900921,1032480,18,833,248,1,11,270.750,17.67
1254131,31104,516475,138,834,238,1,12,261.000,17.67
1254131,235941,987603,211,834,238,1,12,261.000,17.67
1254131,426673,345819,31,792,228,1,11,250.750,17.67
1254131,1216711,738341,166,792,228,1,11,250.750,17.67
1254131,1156535,821470,220,750,228,1,11,250.750,17.67
1254131,436368,897890,768,792,238,1,12,261.000,17.67
1254131,942816,848822,482,834,238,1,12,261.000,17.67
1254131,457192,1234275,164,834,238,1,12,261.000,17.67
1254131,1226294,61270,53,833,238,1,12,261.000,17.67
1254131,375222,814304,261,792,228,1,11,250.750,17.67
1254131,1081053,1064681,430,833,248,1,13,271.250,17.67
1254131,969223,782457,20,1833,238,1,12,261.000,17.67
1254131,426673,391959,122,833,238,1,12,261.000,17.67
1254131,157369,1080912,135,833,248,1,11,270.750,17.67
1254131,229302,217969,25,1583,228,1,11,250.750,17.67
1254793,685470,224188,275,791,228,1,11,250.750,21.34
1254793,640662,1184117,223,792,238,1,12,261.000,21.34
1254793,59084,822418,306,792,228,1,11,250.750,21.34
1254793,355112,79435,305,875,248,1,13,271.250,21.34
1254793,928896,243675,299,833,248,1,13,271.250,21.34
1254793,50353,1017477,427,810,248,1,11,270.750,21.34
1254793,929919,1112073,178,833,238,1,12,261.000,21.34
1254793,1082754,662473,691,833,238,1,12,261.000,21.34
1254793,1202867,343323,30,1750,228,1,11,250.750,21.34
1254793,22622,716859,426,834,248,1,13,271.250,21.34
1254793,262036,918579,970,833,238,1,12,261.000,21.34
1254793,804266,348139,186,1834,238,1,12,261.000,21.34
1254793,966129,348207,212,1667,238,1,12,261.000,21.34
1254793,709438,1004991,305,1000,248,1,11,270.750,21.34
1254793,858336,56462,320,792,228,1,11,250.750,21.34
1254793,1107677,1129657,622,834,248,1,13,271.250,21.34
1254793,1199174,1205987,46,833,248,1,13,271.250,21.34
1254793,825316,982862,285,833,238,1,12,261.000,21.34
1254793,582930,713080,24,1917,238,1,12,261.000,21.34
1254793,117567,724160,5,792,228,1,11,250.750,21.34
1255063,1220386,1066384,934,834,248,1,13,271.250,22.63
1255063,703743,1059390,633,1667,248,1,11,270.750,22.63
1255063,945543,873858,233,792,228,1,11,250.750,22.63
1255063,943076,566240,55,834,238,1,12,261.000,22.63
1255063,628356,34113,62,834,228,1,11,250.750,22.63
1255063,847426,191487,459,833,248,1,11,270.750,22.63
1255063,361133,332091,217,768,228,1,11,250.750,22.63
1255063,429336,157479,6,833,248,1,11,270.750,22.63
1255063,780437,734343,13,1583,228,1,11,250.750,22.63
1255063,36029,860784,271,792,238,1,12,261.000,22.63
1255063,462154,888611,845,833,238,1,12,261.000,22.63
1255063,228183,1227688,424,792,228,1,11,250.750,22.63
1255063,996966,820242,440,1916,248,1,11,270.750,22.63
1255063,205438,1186781,95,792,238,1,12,261.000,22.63
1255063,1154733,105370,433,792,238,1,12,261.000,22.63
1255063,129523,99373,359,833,248,1,11,270.750,22.63
1255063,113333,985030,13,791,238,1,12,261.000,22.63
1255063,1121796,329255,151,834,238,1,12,261.000,22.63
1255063,84057,698232,261,792,238,1,12,261.000,22.63
1255063,417937,594732,608,1792,238,1,12,261.000,22.63
1257071,166881,1118548,425,833,250,1,11,272.750,27.48
1257071,278472,990001,1806,1083,240,1,11,262.750,27.48
1257071,466653,1016292,879,833,240,1,11,262.750,27.48
1257071,1225917,744613,558,834,240,1,11,262.750,27.48
1257071,455099,1089574,55,792,250,1,11,272.750,27.48
1257071,970564,1223926,194,834,240,1,11,262.750,27.48
1257071,1024571,327660,10,833,240,1,11,262.750,27.48
1257071,200876,828945,66,1750,240,1,11,262.750,27.48
1257071,531043,1238020,745,2083,250,1,12,273.000,27.48
1257071,556771,1142126,117,833,250,1,11,272.750,27.48
1257071,1177088,1078836,77,834,240,1,11,262.750,27.48
1257071,1196078,1063377,104,834,240,1,11,262.750,27.48
1257071,290417,104200,474,792,240,1,11,262.750,27.48
1257071,1249510,709319,322,1791,240,1,11,262.750,27.48
1257071,647292,1002117,299,792,240,1,11,262.750,27.48
1257071,975376,729629,484,834,250,1,12,273.000,27.48
1257071,880816,127383,76,833,240,1,11,262.750,27.48
1257071,448794,418422,9,916,240,1,11,262.750,27.48
1257071,1253627,224176,862,833,240,1,11,262.750,27.48
1257071,1133546,808944,141,833,250,1,11,272.750,27.48
1261763,1216231,1081150,10,1042,245,1,11,267.750,38.50
1261763,385425,833060,254,809,245,1,11,267.750,38.50
1261763,550839,657319,633,834,235,1,13,258.250,38.50
1261763,162823,1130218,418,833,235,1,13,258.250,38.50
1261763,658633,684859,441,833,235,1,13,258.250,38.50
1261763,1201796,1231175,289,809,225,1,12,248.000,38.50
1261763,450227,241622,360,792,225,1,12,248.000,38.50
1261763,148118,911968,84,792,215,1,11,237.750,38.50
1261763,202467,258839,491,792,225,1,12,248.000,38.50
1261763,1150637,453151,532,792,225,1,12,248.000,38.50
1261763,1101107,618267,90,833,225,1,12,248.000,38.50
1261763,890736,865998,967,834,235,1,13,258.250,38.50
1261763,1078363,968348,640,791,225,1,12,248.000,38.50
1261763,76219,1204775,469,792,235,1,13,258.250,38.50
1261763,1106103,447195,322,792,215,1,11,237.750,38.50
1261763,83890,296673,401,834,235,1,13,258.250,38.50
1261763,1066794,803379,102,834,245,1,14,268.500,38.50
1261763,735307,384064,54,875,245,1,14,268.500,38.50
1261763,836922,1046591,703,833,235,1,13,258.250,38.50
1261763,881403,463095,52,833,245,1,14,268.500,38.50
1262713,828787,237569,343,791,219,1,11,241.750,13.84
1262713,1080496,697048,70,2209,249,1,14,272.500,13.84
1262713,597340,201942,30,834,239,1,13,262.250,13.84
1262713,15335,93992,417,834,259,1,12,282.000,13.84
1262713,1189902,1195734,183,809,219,1,11,241.750,13.84
1262713,625828,367170,69,791,229,1,12,252.000,13.84
1262713,993758,697618,183,834,239,1,13,262.250,13.84
1262713,405626,402795,439,1875,239,1,13,262.250,13.84
1262713,12471,170907,113,1708,249,1,11,271.750,13.84
1262713,972702,1091202,184,833,229,1,12,252.000,13.84
1262713,1169738,1134649,34,833,249,1,14,272.500,13.84
1262713,189085,1167399,180,1542,219,1,11,241.750,13.84
1262713,445784,666599,187,792,229,1,12,252.000,13.84
1262713,286273,171486,132,875,269,1,13,292.250,13.84
1262713,854271,550891,128,833,249,1,11,271.750,13.84
1262713,386364,834927,171,834,249,1,11,271.750,13.84
1262713,975137,703945,102,834,229,1,12,252.000,13.84
1262713,433926,671578,886,791,219,1,11,241.750,13.84
1262713,613466,337397,124,875,249,1,14,272.500,13.84
1262713,795131,43838,10,833,249,1,11,271.750,13.84
1268357,1198257,1093607,288,791,228,1,11,250.750,17.83
1268357,629422,498386,49,833,228,1,11,250.750,17.83
1268357,33375,1187221,283,2084,228,1,11,250.750,17.83
1268357,666949,499831,211,833,238,1,12,261.000,17.83
1268357,149300,626327,322,834,248,1,11,270.750,17.83
1268357,876299,43240,41,792,228,1,11,250.750,17.83
1268357,568200,369155,309,1792,228,1,11,250.750,17.83
1268357,634570,691263,588,833,248,1,11,270.750,17.83
1268357,296894,865019,147,833,248,1,11,270.750,17.83
1268357,1262318,334982,107,792,228,1,11,250.750,17.83
1268357,491515,946428,365,833,248,1,11,270.750,17.83
1268357,158414,1047155,290,791,228,1,11,250.750,17.83
1268357,1070440,362204,265,833,248,1,13,271.250,17.83
1268357,85572,971035,67,791,248,1,11,270.750,17.83
1268357,923730,427940,572,833,238,1,12,261.000,17.83
1268357,354108,659164,231,791,228,1,11,250.750,17.83
1268357,1245905,1100571,202,2125,238,1,12,261.000,17.83
1268357,188609,1158124,398,791,228,1,11,250.750,17.83
1268357,652816,577793,261,792,228,1,11,250.750,17.83
1268357,568441,84423,67,834,248,1,13,271.250,17.83
1270433,661751,562155,495,792,240,1,12,263.000,23.36
1270433,1093207,1176651,406,792,230,1,11,252.750,23.36
1270433,774479,986984,55,834,250,1,11,272.750,23.36
1270433,1237778,158957,140,833,250,1,11,272.750,23.36
1270433,597245,1241194,351,792,250,1,11,272.750,23.36
1270433,783349,261237,116,833,240,1,12,263.000,23.36
1270433,790845,374173,46,833,250,1,11,272.750,23.36
1270433,776775,1132168,72,792,230,1,11,252.750,23.36
1270433,145124,476834,839,833,250,1,11,272.750,23.36
1270433,657103,885783,1161,833,250,1,13,273.250,23.36
1270433,907242,1037680,127,833,250,1,11,272.750,23.36
1270433,64961,1264967,69,833,240,1,12,263.000,23.36
1270433,841256,611578,797,834,250,1,11,272.750,23.36
1270433,1264306,407948,275,792,230,1,11,252.750,23.36
1270433,157824,594124,443,833,250,1,11,272.750,23.36
1270433,537056,706107,4,2125,230,1,11,252.750,23.36
1270433,692816,614541,107,834,250,1,11,272.750,23.36
1270433,626913,702441,652,833,250,1,11,272.750,23.36
1270433,1060267,954711,327,1000,250,1,11,272.750,23.36
1270433,302329,40976,148,833,250,1,13,273.250,23.36
1272283,222488,731887,114,833,250,1,11,272.750,16.56
1272283,556324,180625,60,833,250,1,12,273.000,16.56
1272283,881198,1115258,136,2101,250,1,11,272.750,16.56
1272283,86143,1094401,322,1750,240,1,11,262.750,16.56
1272283,212485,893026,96,833,250,1,11,272.750,16.56
1272283,406129,777725,9,834,250,1,12,273.000,16.56
1272283,1254183,137900,682,2167,250,1,11,272.750,16.56
1272283,956929,573850,83,833,250,1,11,272.750,16.56
1272283,724780,359068,272,834,250,1,11,272.750,16.56
1272283,935131,161953,344,833,250,1,11,272.750,16.56
1272283,1058233,125167,53,834,250,1,11,272.750,16.56
1272283,144891,853056,104,834,250,1,11,272.750,16.56
1272283,168333,496097,1203,792,240,1,11,262.750,16.56
1272283,631871,556490,82,833,250,1,11,272.750,16.56
1272283,1258417,345372,8,1959,250,1,11,272.750,16.56
1272283,20398,749374,12,834,240,1,11,262.750,16.56
1272283,900746,9875,431,1916,250,1,11,272.750,16.56
1272283,1169024,1234538,243,833,250,1,12,273.000,16.56
1272283,1226721,530508,16,833,250,1,11,272.750,16.56
1272283,147651,1207369,374,833,250,1,11,272.750,16.56
1273099,527913,298045,273,833,238,1,11,260.750,30.97
1273099,96233,107766,135,833,248,1,11,270.750,30.97
1273099,917569,429017,986,833,238,1,11,260.750,30.97
1273099,493295,748438,648,833,238,1,11,260.750,30.97
1273099,98171,880321,91,834,248,1,11,270.750,30.97
1273099,300549,609255,355,833,238,1,11,260.750,30.97
1273099,405950,1081259,299,791,248,1,11,270.750,30.97
1273099,1011127,1067073,398,834,248,1,12,271.000,30.97
1273099,850013,661988,981,834,248,1,12,271.000,30.97
1273099,994147,877228,256,833,248,1,11,270.750,30.97
1273099,558978,546078,1251,833,248,1,12,271.000,30.97
1273099,879084,135997,136,834,238,1,11,260.750,30.97
1273099,181108,701541,377,791,238,1,11,260.750,30.97
1273099,845923,310986,345,834,238,1,11,260.750,30.97
1273099,376720,1094304,311,792,238,1,11,260.750,30.97
1273099,443699,426250,1125,833,248,1,12,271.000,30.97
1273099,1186549,1130487,319,2417,238,1,11,260.750,30.97
1273099,884284,1003135,144,833,248,1,11,270.750,30.97
1273099,164500,961206,257,833,248,1,11,270.750,30.97
1273099,574972,1218509,4,792,238,1,11,260.750,30.97
1275893,949897,273520,284,1917,233,1,13,256.250,25.05
1275893,548966,1013789,47,917,253,1,15,276.750,25.05
1275893,66903,576253,518,750,213,1,11,235.750,25.05
1275893,150989,27989,107,791,223,1,12,246.000,25.05
1275893,992253,755027,247,834,243,1,14,266.500,25.05
1275893,1038436,898870,10,875,273,1,13,296.250,25.05
1275893,317267,137341,9,792,223,1,12,246.000,25.05
1275893,1267697,1084172,247,791,223,1,12,246.000,25.05
1275893,574673,1061477,139,875,253,1,15,276.750,25.05
1275893,240949,205023,1124,834,253,1,11,275.750,25.05
1275893,779714,717423,145,875,253,1,15,276.750,25.05
1275893,117254,572822,14,833,253,1,11,275.750,25.05
1275893,140786,494392,35,2125,223,1,12,246.000,25.05
1275893,1052528,626484,826,833,253,1,12,276.000,25.05
1275893,917608,347955,176,1917,253,1,15,276.750,25.05
1275893,848501,1002814,197,833,233,1,13,256.250,25.05
1275893,304141,324799,518,875,253,1,15,276.750,25.05
1275893,985736,952585,10,833,233,1,13,256.250,25.05
1275893,885701,386880,162,875,243,1,14,266.500,25.05
1275893,374668,24391,120,792,223,1,12,246.000,25.05
1276169,205026,265214,386,834,249,1,11,271.750,21.06
1276169,482903,993886,25,833,239,1,14,262.500,21.06
1276169,448735,827322,717,833,249,1,11,271.750,21.06
1276169,496071,531815,266,833,249,1,11,271.750,21.06
1276169,653742,10575,177,916,219,1,12,242.000,21.06
1276169,830620,89916,463,833,229,1,13,252.250,21.06
1276169,119441,1263621,44,791,219,1,12,242.000,21.06
1276169,993790,516066,459,833,239,1,14,262.500,21.06
1276169,889768,579566,1130,875,249,1,15,272.750,21.06
1276169,381509,1080531,987,833,249,1,11,271.750,21.06
1276169,862193,868942,34,833,229,1,13,252.250,21.06
1276169,118664,853272,177,834,249,1,11,271.750,21.06
1276169,1209350,723703,187,1000,219,1,12,242.000,21.06
1276169,320014,1210870,162,2166,249,1,15,272.750,21.06
1276169,548024,927582,151,750,209,1,11,231.750,21.06
1276169,559320,349046,377,833,239,1,14,262.500,21.06
1276169,1160037,1064783,94,1542,209,1,11,231.750,21.06
1276169,1162485,989572,108,834,229,1,13,252.250,21.06
1276169,665607,822992,235,792,249,1,11,271.750,21.06
1276169,857741,965011,97,750,209,1,11,231.750,21.06
1277993,923511,993404,26,875,236,1,14,259.500,15.06
1277993,959526,1155024,240,750,206,1,11,228.750,15.06
1277993,757266,1107573,134,875,246,1,15,269.750,15.06
1277993,410110,1044249,15,833,226,1,13,249.250,15.06
1277993,974112,542830,92,875,246,1,15,269.750,15.06
1277993,1214973,950846,714,792,246,1,11,268.750,15.06
1277993,1057069,1152441,47,791,216,1,12,239.000,15.06
1277993,662355,53076,56,833,236,1,14,259.500,15.06
1277993,382450,669895,188,834,226,1,13,249.250,15.06
1277993,403018,710558,190,792,226,1,13,249.250,15.06
1277993,352086,778194,67,792,216,1,12,239.000,15.06
1277993,85731,106645,4,792,206,1,11,228.750,15.06
1277993,359622,1192588,8,833,246,1,11,268.750,15.06
1277993,1251205,471652,82,833,246,1,11,268.750,15.06
1277993,979106,1256,421,792,216,1,12,239.000,15.06
1277993,57908,111176,210,916,246,1,11,268.750,15.06
1277993,797726,808143,137,875,246,1,15,269.750,15.06
1277993,486889,238467,63,834,236,1,14,259.500,15.06
1277993,253105,834851,149,833,236,1,14,259.500,15.06
1277993,819158,416371,89,875,236,1,14,259.500,15.06
1278899,7073,714195,175,875,238,1,14,261.500,21.52
1278899,1260996,1082362,98,833,238,1,14,261.500,21.52
1278899,378614,865457,177,1875,248,1,11,270.750,21.52
1278899,1182895,1003555,50,808,248,1,11,270.750,21.52
1278899,273430,951343,390,792,218,1,12,241.000,21.52
1278899,704242,84134,334,792,228,1,13,251.250,21.52
1278899,325796,1224248,610,834,238,1,14,261.500,21.52
1278899,102051,719721,718,834,238,1,14,261.500,21.52
1278899,884611,1226525,35,833,248,1,11,270.750,21.52
1278899,32499,420532,212,875,238,1,14,261.500,21.52
1278899,1070158,184103,111,833,238,1,14,261.500,21.52
1278899,21278,257558,256,875,238,1,14,261.500,21.52
1278899,1237923,92739,48,792,218,1,12,241.000,21.52
1278899,762831,16376,77,791,228,1,13,251.250,21.52
1278899,1202071,235949,1504,834,238,1,14,261.500,21.52
1278899,1155938,403923,674,875,238,1,14,261.500,21.52
1278899,162478,154668,30,833,248,1,11,270.750,21.52
1278899,749647,1172442,429,834,238,1,14,261.500,21.52
1278899,178731,388749,262,834,248,1,15,271.750,21.52
1278899,564246,248992,149,792,208,1,11,230.750,21.52
1279921,1184377,1090425,84,792,231,1,13,254.250,36.80
1279921,720402,1223126,236,833,231,1,13,254.250,36.80
1279921,1235184,1228465,1267,792,231,1,13,254.250,36.80
1279921,801335,1148485,239,792,231,1,13,254.250,36.80
1279921,59855,75532,457,875,251,1,15,274.750,36.80
1279921,1225949,1174015,355,834,251,1,11,273.750,36.80
1279921,1088053,1118038,1039,875,241,1,14,264.500,36.80
1279921,569855,1149853,74,2250,231,1,13,254.250,36.80
1279921,827250,416110,20,833,251,1,11,273.750,36.80
1279921,233555,912568,384,2083,241,1,11,263.750,36.80
1279921,69737,1067437,1248,791,231,1,13,254.250,36.80
1279921,422196,553698,73,809,241,1,14,264.500,36.80
1279921,12894,654913,254,875,241,1,14,264.500,36.80
1279921,644406,1076842,94,2083,231,1,13,254.250,36.80
1279921,885771,481812,250,1667,251,1,11,273.750,36.80
1279921,766545,407352,116,833,241,1,11,263.750,36.80
1279921,784065,692364,57,791,211,1,11,233.750,36.80
1279921,600905,985740,234,833,251,1,11,273.750,36.80
1279921,1136127,151153,561,2042,231,1,13,254.250,36.80
1279921,745810,794178,7,833,231,1,13,254.250,36.80
1280159,268049,1007323,15,875,248,1,12,271.000,50.11
1280159,1069232,380915,228,833,238,1,14,261.500,50.11
1280159,1240175,321631,430,833,228,1,13,251.250,50.11
1280159,602119,769551,642,833,238,1,11,260.750,50.11
1280159,76807,787465,304,792,238,1,11,260.750,50.11
1280159,16637,837514,70,833,238,1,11,260.750,50.11
1280159,652604,229351,350,2209,248,1,11,270.750,50.11
1280159,459657,125752,91,834,248,1,11,270.750,50.11
1280159,377974,1190905,351,833,238,1,11,260.750,50.11
1280159,399969,75588,14,1916,238,1,11,260.750,50.11
1280159,275419,763566,1196,875,248,1,15,271.750,50.11
1280159,560502,259221,509,833,248,1,11,270.750,50.11
1280159,298775,275570,219,792,238,1,11,260.750,50.11
1280159,413959,903152,2408,834,228,1,13,251.250,50.11
1280159,973194,396770,7,834,238,1,11,260.750,50.11
1280159,412635,599343,1809,834,238,1,14,261.500,50.11
1280159,33448,453182,19,791,238,1,11,260.750,50.11
1280159,54774,467697,510,833,248,1,11,270.750,50.11
1280159,491625,15401,203,2167,248,1,11,270.750,50.11
1280159,1089518,135978,341,833,248,1,11,270.750,50.11
1280519,397988,919238,180,791,236,1,11,258.750,41.38
1280519,23831,607319,1350,792,246,1,11,268.750,41.38
1280519,25069,835452,486,833,236,1,11,258.750,41.38
1280519,410789,1170175,90,851,246,1,11,268.750,41.38
1280519,253605,815719,87,833,246,1,11,268.750,41.38
1280519,326141,709579,1351,834,236,1,11,258.750,41.38
1280519,420358,772929,1710,834,246,1,11,268.750,41.38
1280519,1215079,495931,700,833,236,1,11,258.750,41.38
1280519,607186,464590,352,875,246,1,11,268.750,41.38
1280519,1246742,121760,281,833,246,1,11,268.750,41.38
1280519,1210568,199887,382,834,246,1,11,268.750,41.38
1280519,652322,822960,266,791,246,1,11,268.750,41.38
1280519,324748,1201228,80,834,236,1,11,258.750,41.38
1280519,458456,446957,1285,792,236,1,11,258.750,41.38
1280519,1232268,1012953,43,834,246,1,11,268.750,41.38
1280519,1119870,458403,1527,792,236,1,11,258.750,41.38
1280519,19706,1129366,175,1833,236,1,11,258.750,41.38
1280519,941412,250895,339,1667,246,1,12,269.000,41.38
1280519,1172895,536728,629,833,246,1,11,268.750,41.38
1280519,65750,549686,222,791,236,1,11,258.750,41.38
1282213,484026,1180146,376,834,237,1,11,259.750,41.75
1282213,736539,952993,552,833,247,1,12,270.000,41.75
1282213,551228,223503,52,833,247,1,11,269.750,41.75
1282213,654160,789710,3,833,247,1,11,269.750,41.75
1282213,114758,40573,65,851,247,1,12,270.000,41.75
1282213,83396,661939,437,792,247,1,11,269.750,41.75
1282213,193662,774038,113,792,247,1,11,269.750,41.75
1282213,192909,1124367,99,833,247,1,12,270.000,41.75
1282213,131092,436975,182,792,237,1,11,259.750,41.75
1282213,315399,86334,417,833,247,1,12,270.000,41.75
1282213,1089446,67403,69,833,237,1,11,259.750,41.75
1282213,343642,1110892,146,792,237,1,11,259.750,41.75
1282213,786383,748089,767,833,247,1,12,270.000,41.75
1282213,415563,56609,190,833,247,1,11,269.750,41.75
1282213,185149,645029,466,791,237,1,11,259.750,41.75
1282213,198975,731879,356,834,247,1,12,270.000,41.75
1282213,163744,1275802,930,833,247,1,11,269.750,41.75
1282213,597981,1186717,379,833,247,1,12,270.000,41.75
1282213,190855,1041390,264,833,247,1,12,270.000,41.75
1282213,239642,396995,1906,833,237,1,11,259.750,41.75
1284917,641954,791820,281,833,250,1,11,272.750,25.67
1284917,941920,804410,100,834,250,1,11,272.750,25.67
1284917,392592,24987,501,834,250,1,11,272.750,25.67
1284917,621823,766374,314,792,230,1,11,252.750,25.67
1284917,1139626,1234538,287,834,250,1,11,272.750,25.67
1284917,628363,248542,126,833,250,1,13,273.250,25.67
1284917,923529,256079,273,834,250,1,11,272.750,25.67
1284917,1095463,31619,619,833,250,1,11,272.750,25.67
1284917,574383,248570,176,833,250,1,11,272.750,25.67
1284917,112980,819015,301,791,250,1,11,272.750,25.67
1284917,655845,527313,359,834,250,1,11,272.750,25.67
1284917,704407,510348,69,875,250,1,13,273.250,25.67
1284917,646347,911337,205,1917,250,1,11,272.750,25.67
1284917,204276,430265,55,834,250,1,13,273.250,25.67
1284917,1055053,268759,1910,792,230,1,11,252.750,25.67
1284917,834166,597163,400,791,230,1,11,252.750,25.67
1284917,129718,976685,83,834,250,1,11,272.750,25.67
1284917,837849,446830,33,833,250,1,11,272.750,25.67
1284917,384123,760071,850,791,230,1,11,252.750,25.67
1284917,1091442,181191,334,792,250,1,11,272.750,25.67
1285877,50540,591891,56,834,242,1,12,265.000,17.55
1285877,442421,1064990,391,875,252,1,13,275.250,17.55
1285877,923287,498568,563,834,242,1,12,265.000,17.55
1285877,307554,375369,501,959,252,1,13,275.250,17.55
1285877,755911,1121590,551,833,252,1,11,274.750,17.55
1285877,463449,153421,78,2750,232,1,11,254.750,17.55
1285877,938890,677833,218,834,252,1,11,274.750,17.55
1285877,17049,1070741,180,833,252,1,11,274.750,17.55
1285877,37052,546440,333,791,232,1,11,254.750,17.55
1285877,52067,1272808,36,833,242,1,12,265.000,17.55
1285877,1229685,266843,166,833,242,1,12,265.000,17.55
1285877,937268,733072,28,833,252,1,11,274.750,17.55
1285877,423838,860363,72,834,252,1,11,274.750,17.55
1285877,101210,85358,82,791,232,1,11,254.750,17.55
1285877,1212350,223036,68,875,252,1,13,275.250,17.55
1285877,267200,684175,854,833,232,1,11,254.750,17.55
1285877,825564,607741,250,833,242,1,12,265.000,17.55
1285877,521679,801641,54,792,232,1,11,254.750,17.55
1285877,736863,684896,173,833,252,1,11,274.750,17.55
1285877,256321,15850,285,875,252,1,13,275.250,17.55
1285943,369760,1123053,81,834,241,1,12,264.000,42.94
1285943,406567,326017,39,834,251,1,13,274.250,42.94
1285943,905822,1243549,256,834,251,1,11,273.750,42.94
1285943,809511,922861,286,917,231,1,11,253.750,42.94
1285943,72052,264990,940,791,231,1,11,253.750,42.94
1285943,233598,282513,193,833,241,1,12,264.000,42.94
1285943,954361,280045,11,834,241,1,12,264.000,42.94
1285943,546201,46611,48,833,241,1,12,264.000,42.94
1285943,1065802,559767,300,791,231,1,11,253.750,42.94
1285943,1036944,279427,102,1792,251,1,11,273.750,42.94
1285943,191619,154472,364,833,251,1,11,273.750,42.94
1285943,787002,106434,177,834,251,1,11,273.750,42.94
1285943,112327,459272,697,875,251,1,13,274.250,42.94
1285943,638934,705160,267,833,251,1,11,273.750,42.94
1285943,1225317,889041,501,809,241,1,12,264.000,42.94
1285943,1071632,1115501,1047,1792,241,1,12,264.000,42.94
1285943,519280,219716,1697,875,241,1,12,264.000,42.94
1285943,649444,931981,113,833,241,1,12,264.000,42.94
1285943,651142,1099985,395,833,251,1,11,273.750,42.94
1285943,543553,1234804,369,1917,251,1,11,273.750,42.94
1286099,699411,522135,615,875,251,1,13,274.250,41.58
1286099,1199500,401402,388,833,251,1,11,273.750,41.58
1286099,1102592,689883,725,833,241,1,12,264.000,41.58
1286099,462321,1137029,344,833,251,1,11,273.750,41.58
1286099,940426,226810,271,833,251,1,11,273.750,41.58
1286099,284661,774630,785,834,241,1,12,264.000,41.58
1286099,853329,427805,78,834,241,1,12,264.000,41.58
1286099,304458,815164,354,1833,231,1,11,253.750,41.58
1286099,501070,683090,23,1667,251,1,11,273.750,41.58
1286099,623228,554538,861,1791,241,1,12,264.000,41.58
1286099,23464,976423,87,834,251,1,11,273.750,41.58
1286099,921552,834673,146,833,231,1,11,253.750,41.58
1286099,860222,997477,39,833,251,1,13,274.250,41.58
1286099,231663,299931,47,875,241,1,12,264.000,41.58
1286099,1196094,1075836,402,875,251,1,13,274.250,41.58
1286099,788538,669758,817,833,241,1,12,264.000,41.58
1286099,845103,573681,197,791,241,1,12,264.000,41.58
1286099,266226,304019,900,1791,231,1,11,253.750,41.58
1286099,398347,1230168,361,833,251,1,11,273.750,41.58
1286099,1004579,175927,252,834,251,1,11,273.750,41.58
1290811,1000985,97551,237,792,239,1,11,261.750,14.92
1290811,910212,366770,18,833,239,1,11,261.750,14.92
1290811,157548,672376,127,834,239,1,11,261.750,14.92
1290811,23875,187387,233,792,239,1,11,261.750,14.92
1290811,292,194148,389,792,239,1,11,261.750,14.92
1290811,34871,944852,1414,833,249,1,12,272.000,14.92
1290811,376500,1083412,49,791,239,1,11,261.750,14.92
1290811,972794,577770,206,833,239,1,11,261.750,14.92
1290811,537282,529154,72,1976,239,1,11,261.750,14.92
1290811,293751,1132127,83,833,239,1,11,261.750,14.92
1290811,26274,1077361,58,833,249,1,11,271.750,14.92
1290811,93656,1030730,184,791,239,1,11,261.750,14.92
1290811,154401,708581,142,1875,239,1,11,261.750,14.92
1290811,826711,120326,240,833,249,1,11,271.750,14.92
1290811,95445,857981,78,791,239,1,11,261.750,14.92
1290811,1111614,795151,194,792,239,1,11,261.750,14.92
1290811,975411,521957,189,1875,249,1,12,272.000,14.92
1290811,546346,149039,56,875,249,1,12,272.000,14.92
1290811,1121789,535225,71,1625,239,1,11,261.750,14.92
1290811,319387,480388,59,833,249,1,11,271.750,14.92
1292099,435811,810212,7,959,239,1,11,261.750,21.23
1292099,78381,836711,90,791,239,1,11,261.750,21.23
1292099,376325,499026,125,834,239,1,11,261.750,21.23
1292099,1122050,691192,398,833,239,1,11,261.750,21.23
1292099,246872,1182902,338,809,249,1,11,271.750,21.23
1292099,1004181,206669,30,792,239,1,11,261.750,21.23
1292099,833025,166974,346,833,239,1,11,261.750,21.23
1292099,146047,78678,190,833,249,1,11,271.750,21.23
1292099,947530,404501,859,834,249,1,12,272.000,21.23
1292099,248774,648921,114,834,249,1,11,271.750,21.23
1292099,466351,647849,11,1833,239,1,11,261.750,21.23
1292099,1097088,403004,36,791,239,1,11,261.750,21.23
1292099,960671,588259,41,834,239,1,11,261.750,21.23
1292099,134342,892975,277,875,239,1,13,262.250,21.23
1292099,957971,1069944,65,875,249,1,12,272.000,21.23
1292099,738434,352050,339,834,239,1,11,261.750,21.23
1292099,932388,655130,31,834,239,1,11,261.750,21.23
1292099,473726,599179,227,833,239,1,11,261.750,21.23
1292099,879022,644134,142,875,249,1,14,272.500,21.23
1292099,1219339,1260864,422,791,249,1,11,271.750,21.23
1292857,1076490,359009,439,834,241,1,13,264.250,20.88
1292857,567944,321924,340,875,231,1,12,254.000,20.88
1292857,614876,885690,163,792,221,1,11,243.750,20.88
1292857,748959,838940,1014,834,251,1,11,273.750,20.88
1292857,408911,266281,14,834,231,1,12,254.000,20.88
1292857,247782,92148,317,833,231,1,12,254.000,20.88
1292857,503260,213107,101,792,221,1,11,243.750,20.88
1292857,443527,996028,28,833,241,1,13,264.250,20.88
1292857,536008,548193,343,792,221,1,11,243.750,20.88
1292857,1152498,52152,326,833,241,1,13,264.250,20.88
1292857,316789,14751,10,833,241,1,13,264.250,20.88
1292857,789597,89290,153,792,221,1,11,243.750,20.88
1292857,717130,992013,141,792,221,1,11,243.750,20.88
1292857,644475,790682,1123,1792,231,1,12,254.000,20.88
1292857,643523,247575,537,833,251,1,11,273.750,20.88
1292857,417931,460818,447,792,231,1,12,254.000,20.88
1292857,894035,309587,27,833,231,1,12,254.000,20.88
1292857,630224,550128,6,834,251,1,11,273.750,20.88
1292857,408744,797987,448,833,241,1,13,264.250,20.88
1292857,1171997,701688,71,792,231,1,12,254.000,20.88
1292953,852757,992661,804,833,231,1,12,254.000,16.71
1292953,493330,1278246,49,792,221,1,11,243.750,16.71
1292953,798569,137008,52,792,231,1,12,254.000,16.71
1292953,634598,483824,250,1708,221,1,11,243.750,16.71
1292953,856424,948466,81,959,251,1,14,274.500,16.71
1292953,506996,933123,414,833,251,1,11,273.750,16.71
1292953,194942,759092,336,833,231,1,12,254.000,16.71
1292953,1117935,246534,430,834,251,1,14,274.500,16.71
1292953,1016575,22235,233,833,241,1,13,264.250,16.71
1292953,411745,1215681,358,833,251,1,11,273.750,16.71
1292953,70684,961908,43,792,231,1,12,254.000,16.71
1292953,198935,128434,23,792,231,1,12,254.000,16.71
1292953,271002,804042,146,792,221,1,11,243.750,16.71
1292953,1198015,47850,148,875,251,1,14,274.500,16.71
1292953,861429,177963,370,833,241,1,13,264.250,16.71
1292953,960949,296177,99,875,251,1,14,274.500,16.71
1292953,627362,674948,112,792,221,1,11,243.750,16.71
1292953,202032,527477,329,791,231,1,12,254.000,16.71
1292953,520477,224599,78,791,251,1,11,273.750,16.71
1292953,30674,691740,521,792,221,1,11,243.750,16.71
1293821,1226358,202903,300,1708,234,1,12,257.000,31.76
1293821,303792,745542,634,917,234,1,12,257.000,31.76
1293821,667205,369839,911,792,224,1,11,246.750,31.76
1293821,36802,494860,1303,1666,224,1,11,246.750,31.76
1293821,1149111,496004,250,834,234,1,12,257.000,31.76
1293821,222083,808005,327,875,244,1,13,267.250,31.76
1293821,183358,1032919,180,833,254,1,11,276.750,31.76
1293821,845048,574327,2014,875,254,1,14,277.500,31.76
1293821,870303,254469,352,834,254,1,11,276.750,31.76
1293821,987692,725864,10,833,234,1,12,257.000,31.76
1293821,499982,908421,17,833,234,1,12,257.000,31.76
1293821,952593,300310,257,834,234,1,12,257.000,31.76
1293821,411157,1128829,815,833,254,1,11,276.750,31.76
1293821,954670,859349,182,792,224,1,11,246.750,31.76
1293821,508996,1115419,683,792,254,1,11,276.750,31.76
1293821,1208860,1181212,88,834,254,1,11,276.750,31.76
1293821,736612,863118,66,792,224,1,11,246.750,31.76
1293821,409146,377730,29,792,224,1,11,246.750,31.76
1293821,446628,1165797,82,1792,254,1,11,276.750,31.76
1293821,546172,850951,680,792,234,1,12,257.000,31.76
1295747,1024765,1246585,1327,833,237,1,13,260.250,23.44
1295747,874620,1292943,136,834,227,1,12,250.000,23.44
1295747,277502,755648,571,792,217,1,11,239.750,23.44
1295747,351374,580150,303,1917,237,1,13,260.250,23.44
1295747,365839,1022253,638,834,227,1,12,250.000,23.44
1295747,1132381,443951,46,750,217,1,11,239.750,23.44
1295747,924639,1017948,358,1875,247,1,11,269.750,23.44
1295747,898147,65155,573,792,227,1,12,250.000,23.44
1295747,387302,894285,106,1042,247,1,11,269.750,23.44
1295747,765154,275768,258,833,247,1,11,269.750,23.44
1295747,975245,58982,136,833,247,1,11,269.750,23.44
1295747,826771,1132411,333,792,227,1,12,250.000,23.44
1295747,450593,1277127,141,833,237,1,13,260.250,23.44
1295747,685398,278971,485,834,237,1,13,260.250,23.44
1295747,724196,642809,393,792,217,1,11,239.750,23.44
1295747,231671,881050,120,833,247,1,11,269.750,23.44
1295747,597829,424719,58,1875,247,1,14,270.500,23.44
1295747,430953,870731,502,792,217,1,11,239.750,23.44
1295747,692903,1153571,113,875,247,1,14,270.500,23.44
1295747,949431,146823,62,833,247,1,11,269.750,23.44
1299841,117069,970123,427,833,253,1,12,276.000,56.18
1299841,1176095,482992,588,792,243,1,11,265.750,56.18
1299841,704317,413869,296,875,253,1,12,276.000,56.18
1299841,1015995,473060,601,875,243,1,11,265.750,56.18
1299841,498867,18470,387,833,253,1,12,276.000,56.18
1299841,24165,990037,99,1792,243,1,11,265.750,56.18
1299841,921010,917228,63,917,253,1,11,275.750,56.18
1299841,108385,520617,111,1725,253,1,12,276.000,56.18
1299841,1245178,944546,462,1875,243,1,11,265.750,56.18
1299841,1150997,370563,1816,833,243,1,11,265.750,56.18
1299841,1243522,757916,253,875,253,1,11,275.750,56.18
1299841,339612,731249,254,1792,243,1,11,265.750,56.18
1299841,1164600,335613,144,833,243,1,11,265.750,56.18
1299841,1004257,1028878,318,834,253,1,11,275.750,56.18
1299841,667816,421,273,809,243,1,11,265.750,56.18
1299841,219784,509482,575,1791,243,1,11,265.750,56.18
1299841,1280688,1128215,547,833,253,1,11,275.750,56.18
1299841,585938,453266,1040,875,253,1,12,276.000,56.18
1299841,1225638,20517,2387,791,243,1,11,265.750,56.18
1299841,611761,493912,46,833,243,1,11,265.750,56.18
1300307,99062,1203835,423,833,240,1,11,262.750,30.12
1300307,408415,303183,864,833,240,1,12,263.000,30.12
1300307,1225662,853773,257,792,230,1,11,252.750,30.12
1300307,1254500,553700,328,833,240,1,11,262.750,30.12
1300307,216470,1058201,196,1792,250,1,12,273.000,30.12
1300307,801069,910602,253,875,240,1,12,263.000,30.12
1300307,10526,656201,23,833,240,1,12,263.000,30.12
1300307,400693,301786,113,833,240,1,11,262.750,30.12
1300307,634323,1045253,309,833,240,1,12,263.000,30.12
1300307,443789,989198,103,833,250,1,11,272.750,30.12
1300307,778054,938429,200,1792,230,1,11,252.750,30.12
1300307,222711,1159708,445,792,240,1,11,262.750,30.12
1300307,1136984,486940,269,833,250,1,11,272.750,30.12
1300307,440448,781965,169,1750,250,1,11,272.750,30.12
1300307,828780,1047309,69,1709,250,1,11,272.750,30.12
1300307,334237,1010755,25,875,250,1,11,272.750,30.12
1300307,796165,192408,909,875,250,1,11,272.750,30.12
1300307,94067,370003,66,833,250,1,13,273.250,30.12
1300307,753952,687001,128,834,250,1,12,273.000,30.12
1300307,1235262,111286,313,833,240,1,12,263.000,30.12
1305643,1141474,846506,84,875,239,1,11,261.750,14.43
1305643,282992,820480,232,792,239,1,11,261.750,14.43
1305643,1026595,1069108,185,1875,239,1,11,261.750,14.43
1305643,201939,92441,587,834,249,1,11,271.750,14.43
1305643,252331,1262759,399,833,239,1,11,261.750,14.43
1305643,51366,552313,29,833,239,1,11,261.750,14.43
1305643,1159874,1042675,305,834,239,1,11,261.750,14.43
1305643,430987,513988,83,833,239,1,11,261.750,14.43
1305643,1249061,1053070,88,875,249,1,12,272.000,14.43
1305643,753403,440742,129,833,249,1,11,271.750,14.43
1305643,403254,62452,42,833,239,1,11,261.750,14.43
1305643,1091443,274267,67,875,249,1,12,272.000,14.43
1305643,1160157,1282030,375,1875,239,1,11,261.750,14.43
1305643,430522,214958,177,875,249,1,12,272.000,14.43
1305643,282783,1288280,162,833,239,1,11,261.750,14.43
1305643,170578,3941,191,833,249,1,11,271.750,14.43
1305643,440707,407014,87,834,249,1,12,272.000,14.43
1305643,218221,719134,84,791,239,1,11,261.750,14.43
1305643,660925,1050985,3,792,239,1,11,261.750,14.43
1305643,804597,1152345,603,792,239,1,11,261.750,14.43
1307437,1086493,261466,284,851,251,1,11,273.750,38.91
1307437,1283181,1184027,217,875,251,1,11,273.750,38.91
1307437,1191752,767253,1906,833,251,1,12,274.000,38.91
1307437,1148566,197684,147,834,251,1,11,273.750,38.91
1307437,143554,526314,97,1875,251,1,11,273.750,38.91
1307437,1100528,1261723,710,834,241,1,11,263.750,38.91
1307437,1211191,308050,62,792,241,1,11,263.750,38.91
1307437,532622,1096950,59,833,241,1,11,263.750,38.91
1307437,843057,812002,2352,833,251,1,11,273.750,38.91
1307437,257863,774720,775,833,241,1,11,263.750,38.91
1307437,92892,500323,157,875,251,1,12,274.000,38.91
1307437,950673,798236,1708,834,251,1,11,273.750,38.91
1307437,442557,339986,190,833,251,1,12,274.000,38.91
1307437,181211,1235716,356,792,241,1,11,263.750,38.91
1307437,888137,1192756,68,833,251,1,12,274.000,38.91
1307437,854942,633434,84,1666,241,1,11,263.750,38.91
1307437,667345,330097,191,834,241,1,11,263.750,38.91
1307437,582615,4117,24,833,251,1,11,273.750,38.91
1307437,61095,333219,611,834,251,1,11,273.750,38.91
1307437,489437,272421,645,833,241,1,11,263.750,38.91
1308343,478847,1186081,422,833,242,1,11,264.750,15.92
1308343,811215,1230692,558,833,252,1,11,274.750,15.92
1308343,831172,628955,334,893,252,1,12,275.000,15.92
1308343,311020,51259,287,1708,242,1,11,264.750,15.92
1308343,339211,1146963,58,833,252,1,11,274.750,15.92
1308343,647258,13172,192,833,252,1,11,274.750,15.92
1308343,188401,1011753,162,1666,242,1,11,264.750,15.92
1308343,1101656,956305,255,834,242,1,11,264.750,15.92
1308343,1019868,561944,6,833,252,1,11,274.750,15.92
1308343,248525,695990,16,792,242,1,11,264.750,15.92
1308343,1223955,1283508,5,833,252,1,12,275.000,15.92
1308343,468302,1242120,14,875,252,1,12,275.000,15.92
1308343,110008,674223,165,1685,252,1,11,274.750,15.92
1308343,951113,156587,111,834,242,1,11,264.750,15.92
1308343,1079285,715873,7,833,252,1,11,274.750,15.92
1308343,702658,763813,98,834,252,1,11,274.750,15.92
1308343,378723,10657,343,833,252,1,11,274.750,15.92
1308343,362256,442148,316,792,242,1,11,264.750,15.92
1308343,773565,872093,28,834,252,1,12,275.000,15.92
1308343,1036181,179259,1011,875,252,1,11,274.750,15.92
1308491,96922,844340,1453,833,251,1,11,273.750,36.00
1308491,533509,243473,27,850,251,1,11,273.750,36.00
1308491,1052581,190752,189,809,241,1,11,263.750,36.00
1308491,697448,414176,471,834,241,1,11,263.750,36.00
1308491,924918,176536,122,791,241,1,11,263.750,36.00
1308491,861859,418304,35,1792,251,1,11,273.750,36.00
1308491,495892,1166435,227,834,251,1,11,273.750,36.00
1308491,262774,655616,303,833,251,1,11,273.750,36.00
1308491,35728,1169941,481,1708,241,1,11,263.750,36.00
1308491,250986,138704,263,833,241,1,11,263.750,36.00
1308491,753846,999468,390,792,241,1,11,263.750,36.00
1308491,430620,1179084,12,792,241,1,11,263.750,36.00
1308491,154786,1267768,472,833,241,1,11,263.750,36.00
1308491,294746,723741,137,875,251,1,11,273.750,36.00
1308491,745529,1238272,636,875,251,1,12,274.000,36.00
1308491,976141,330746,1079,1750,251,1,12,274.000,36.00
1308491,414555,299607,461,892,251,1,18,275.500,36.00
1308491,1154580,931173,173,834,251,1,11,273.750,36.00
1308491,302377,328934,143,875,241,1,17,265.250,36.00
1308491,131175,71337,249,792,241,1,11,263.750,36.00
1310759,1266701,227218,194,1750,233,1,17,257.250,25.15
1310759,1092473,581947,365,833,243,1,11,265.750,25.15
1310759,725305,625865,153,1625,243,1,11,265.750,25.15
1310759,568116,1025785,98,875,233,1,17,257.250,25.15
1310759,1048469,623822,44,875,233,1,17,257.250,25.15
1310759,367285,752551,240,792,203,1,14,226.500,25.15
1310759,638161,825224,233,917,243,1,18,267.500,25.15
1310759,226752,1162287,131,1791,243,1,18,267.500,25.15
1310759,1202609,150111,343,1708,233,1,17,257.250,25.15
1310759,948218,720177,359,875,233,1,17,257.250,25.15
1310759,39914,81525,667,875,243,1,18,267.500,25.15
1310759,940436,403672,26,875,223,1,16,247.000,25.15
1310759,573375,1061588,46,875,243,1,11,265.750,25.15
1310759,950591,93177,98,791,203,1,14,226.500,25.15
1310759,942087,1029756,351,1000,303,1,17,327.250,25.15
1310759,391107,1284670,378,833,243,1,11,265.750,25.15
1310759,436138,339193,135,1583,203,1,14,226.500,25.15
1310759,724106,1027539,798,1750,233,1,17,257.250,25.15
1310759,339707,861776,324,959,293,1,16,317.000,25.15
1310759,201052,1265404,35,833,223,1,16,247.000,25.15
1311367,981206,195705,130,875,234,1,17,258.250,17.73
1311367,1228484,271256,35,875,224,1,16,248.000,17.73
1311367,735242,1269951,16,917,244,1,18,268.500,17.73
1311367,966864,439038,214,1042,314,1,18,338.500,17.73
1311367,730063,6762,249,833,214,1,15,237.750,17.73
1311367,1167505,724132,462,917,244,1,18,268.500,17.73
1311367,287637,204199,10,875,234,1,17,258.250,17.73
1311367,490217,160187,31,917,234,1,17,258.250,17.73
1311367,283346,225589,449,833,244,1,11,266.750,17.73
1311367,1134924,367845,17,935,244,1,18,268.500,17.73
1311367,873857,788591,264,833,244,1,11,266.750,17.73
1311367,1192061,197208,6,875,244,1,18,268.500,17.73
1311367,170752,586347,363,917,244,1,18,268.500,17.73
1311367,794587,244221,976,791,244,1,11,266.750,17.73
1311367,306490,758804,269,791,204,1,14,227.500,17.73
1311367,9417,785210,160,875,244,1,11,266.750,17.73
1311367,595378,123788,511,875,234,1,17,258.250,17.73
1311367,1046606,36583,596,916,244,1,18,268.500,17.73
1311367,999364,746556,467,834,244,1,11,266.750,17.73
1311367,1045314,830773,230,875,234,1,17,258.250,17.73
1315591,457349,1181556,402,792,235,1,11,257.750,21.76
1315591,585203,565675,16,833,235,1,11,257.750,21.76
1315591,797244,446374,54,834,245,1,12,268.000,21.76
1315591,1046819,119237,94,834,245,1,12,268.000,21.76
1315591,1028339,142941,255,833,235,1,11,257.750,21.76
1315591,510062,256646,162,834,235,1,11,257.750,21.76
1315591,744938,308195,113,833,245,1,11,267.750,21.76
1315591,820930,918052,50,833,235,1,11,257.750,21.76
1315591,647834,1073739,369,834,245,1,12,268.000,21.76
1315591,941714,28952,164,792,235,1,11,257.750,21.76
1315591,1018676,376835,36,833,235,1,11,257.750,21.76
1315591,473921,46346,74,1959,245,1,11,267.750,21.76
1315591,1130677,1096707,287,833,245,1,12,268.000,21.76
1315591,325197,74315,247,833,235,1,11,257.750,21.76
1315591,1188229,1018688,528,833,245,1,11,267.750,21.76
1315591,386529,1018740,1702,833,245,1,11,267.750,21.76
1315591,131389,299413,562,791,235,1,11,257.750,21.76
1315591,414472,483356,354,834,235,1,11,257.750,21.76
1315591,986812,1311668,284,834,245,1,11,267.750,21.76
1315591,24261,629489,177,834,245,1,12,268.000,21.76
1317683,298071,1048027,163,1875,227,1,11,249.750,32.21
1317683,317751,1002836,1036,791,247,1,11,269.750,32.21
1317683,417689,1288818,694,833,237,1,12,260.000,32.21
1317683,723463,1274002,999,791,237,1,12,260.000,32.21
1317683,310120,220067,144,833,247,1,11,269.750,32.21
1317683,1160169,1058134,631,958,237,1,12,260.000,32.21
1317683,926920,1189934,92,833,237,1,12,260.000,32.21
1317683,588050,959047,684,834,247,1,11,269.750,32.21
1317683,1095603,1203237,78,833,227,1,11,249.750,32.21
1317683,197056,599007,584,834,227,1,11,249.750,32.21
1317683,149363,553334,320,833,237,1,12,260.000,32.21
1317683,969353,1301962,395,833,227,1,11,249.750,32.21
1317683,346230,1005967,383,875,247,1,13,270.250,32.21
1317683,163073,914451,99,833,237,1,12,260.000,32.21
1317683,1197341,209006,1045,1875,237,1,12,260.000,32.21
1317683,948940,122438,443,833,247,1,13,270.250,32.21
1317683,129290,581584,281,833,237,1,12,260.000,32.21
1317683,1047561,324096,490,792,227,1,11,249.750,32.21
1317683,453148,446225,429,875,247,1,13,270.250,32.21
1317683,172845,1283226,79,792,237,1,12,260.000,32.21
1318729,326499,1184060,139,1958,229,1,11,251.750,33.41
1318729,923238,683097,289,1708,249,1,13,272.250,33.41
1318729,32046,458941,991,875,249,1,11,271.750,33.41
1318729,610300,228200,242,833,249,1,13,272.250,33.41
1318729,1258775,916107,10,792,229,1,11,251.750,33.41
1318729,579853,561115,419,834,229,1,11,251.750,33.41
1318729,55173,238,473,875,249,1,13,272.250,33.41
1318729,451239,956341,355,792,229,1,11,251.750,33.41
1318729,641952,1241099,417,834,229,1,11,251.750,33.41
1318729,1181207,813151,156,791,229,1,11,251.750,33.41
1318729,835436,609805,532,833,249,1,13,272.250,33.41
1318729,358197,764559,40,792,229,1,11,251.750,33.41
1318729,884031,789053,414,833,249,1,11,271.750,33.41
1318729,706015,407111,721,792,229,1,11,251.750,33.41
1318729,1247092,487393,2,852,229,1,11,251.750,33.41
1318729,26292,174526,12,1917,239,1,12,262.000,33.41
1318729,952128,389948,29,875,249,1,13,272.250,33.41
1318729,654893,263547,746,875,249,1,13,272.250,33.41
1318729,1094393,570754,189,833,239,1,12,262.000,33.41
1318729,1199244,134511,105,833,249,1,13,272.250,33.41
1322021,1220988,432654,29,833,236,1,11,258.750,28.80
1322021,51349,550580,439,834,246,1,11,268.750,28.80
1322021,1253384,568663,514,833,246,1,12,269.000,28.80
1322021,1250673,1137261,23,834,246,1,11,268.750,28.80
1322021,528326,582298,305,834,246,1,11,268.750,28.80
1322021,66181,390375,6,833,246,1,11,268.750,28.80
1322021,681633,762751,756,792,236,1,11,258.750,28.80
1322021,517585,1306354,418,833,246,1,12,269.000,28.80
1322021,310651,351810,220,833,236,1,11,258.750,28.80
1322021,702972,635436,1470,834,246,1,11,268.750,28.80
1322021,453591,751452,999,833,246,1,12,269.000,28.80
1322021,354461,204274,564,834,246,1,12,269.000,28.80
1322021,332232,276857,400,834,236,1,11,258.750,28.80
1322021,282586,116566,121,833,236,1,11,258.750,28.80
1322021,875774,96430,475,833,246,1,11,268.750,28.80
1322021,131536,281074,125,834,236,1,11,258.750,28.80
1322021,319656,937422,505,1833,246,1,11,268.750,28.80
1322021,252624,777635,338,1792,246,1,11,268.750,28.80
1322021,1238382,461828,293,1625,246,1,11,268.750,28.80
1322021,1298486,77022,93,834,246,1,11,268.750,28.80
1322389,610840,575407,606,833,248,1,11,270.750,23.47
1322389,56771,811079,74,833,248,1,11,270.750,23.47
1322389,1247106,1077567,186,792,238,1,11,260.750,23.47
1322389,699205,733013,153,792,248,1,11,270.750,23.47
1322389,273866,340486,323,833,248,1,11,270.750,23.47
1322389,245873,618488,138,833,248,1,12,271.000,23.47
1322389,30613,571050,340,1792,248,1,12,271.000,23.47
1322389,233021,987462,289,1750,248,1,12,271.000,23.47
1322389,883710,931334,33,833,248,1,11,270.750,23.47
1322389,1156682,704250,45,833,248,1,11,270.750,23.47
1322389,274765,428021,958,834,248,1,11,270.750,23.47
1322389,1094065,739899,63,792,248,1,11,270.750,23.47
1322389,966221,844178,1758,792,238,1,11,260.750,23.47
1322389,458604,1206026,348,833,238,1,11,260.750,23.47
1322389,1197738,24199,310,834,248,1,12,271.000,23.47
1322389,885044,302132,31,792,238,1,11,260.750,23.47
1322389,1205898,398939,404,833,238,1,11,260.750,23.47
1322389,201115,63056,86,768,248,1,11,270.750,23.47
1322389,612211,515499,264,1708,248,1,12,271.000,23.47
1322389,1277064,1071943,208,792,248,1,11,270.750,23.47
1326307,552906,790688,392,833,238,1,13,261.250,17.91
1326307,815612,16441,117,875,248,1,11,270.750,17.91
1326307,140716,1230396,454,833,248,1,11,270.750,17.91
1326307,286851,116954,185,834,248,1,11,270.750,17.91
1326307,580131,824788,380,833,228,1,12,251.000,17.91
1326307,1242932,781586,134,833,248,1,11,270.750,17.91
1326307,175429,311694,253,833,238,1,13,261.250,17.91
1326307,1270267,1086451,369,834,238,1,13,261.250,17.91
1326307,799294,404944,22,833,238,1,13,261.250,17.91
1326307,215839,951800,153,792,228,1,12,251.000,17.91
1326307,767801,840775,251,1792,228,1,12,251.000,17.91
1326307,763080,19157,267,1625,248,1,11,270.750,17.91
1326307,1299589,1015039,118,833,238,1,13,261.250,17.91
1326307,1190522,957801,379,1708,228,1,12,251.000,17.91
1326307,31381,217691,399,833,248,1,11,270.750,17.91
1326307,821455,24255,200,833,228,1,12,251.000,17.91
1326307,1153924,892170,616,834,248,1,11,270.750,17.91
1326307,746087,299780,222,1708,238,1,13,261.250,17.91
1326307,1198728,281157,161,792,248,1,11,270.750,17.91
1326307,312455,495407,151,1708,238,1,13,261.250,17.91
1327369,247720,743681,32,791,215,1,11,237.750,11.70
1327369,74277,583547,168,834,245,1,11,267.750,11.70
1327369,252940,1236489,9,792,215,1,11,237.750,11.70
1327369,1137940,1091712,644,833,235,1,13,258.250,11.70
1327369,1146848,801599,142,792,225,1,12,248.000,11.70
1327369,101945,609314,80,1583,215,1,11,237.750,11.70
1327369,139542,1142427,4,834,245,1,11,267.750,11.70
1327369,1288614,400226,29,791,215,1,11,237.750,11.70
1327369,882673,275467,171,851,225,1,12,248.000,11.70
1327369,830145,307139,309,792,225,1,12,248.000,11.70
1327369,170195,898316,119,875,245,1,14,268.500,11.70
1327369,247720,399921,259,791,235,1,13,258.250,11.70
1327369,1042716,707606,275,791,215,1,11,237.750,11.70
1327369,809261,1301833,75,791,225,1,12,248.000,11.70
1327369,1236274,124406,20,875,245,1,14,268.500,11.70
1327369,12188,1099931,14,750,215,1,11,237.750,11.70
1327369,1284976,441392,318,792,225,1,12,248.000,11.70
1327369,809094,523435,72,1917,245,1,11,267.750,11.70
1327369,62282,1259832,126,792,235,1,13,258.250,11.70
1327369,496682,523209,547,750,215,1,11,237.750,11.70
1328179,1061372,525400,121,792,225,1,12,248.000,13.56
1328179,1124877,1255427,447,791,235,1,13,258.250,13.56
1328179,434998,537412,68,833,235,1,13,258.250,13.56
1328179,806991,999109,112,791,225,1,12,248.000,13.56
1328179,502195,1157296,213,834,235,1,13,258.250,13.56
1328179,223676,407753,147,833,235,1,13,258.250,13.56
1328179,1122352,1294271,420,791,225,1,12,248.000,13.56
1328179,1059488,442647,353,750,215,1,11,237.750,13.56
1328179,363842,601816,170,792,225,1,12,248.000,13.56
1328179,546183,142353,66,851,235,1,13,258.250,13.56
1328179,653081,672837,143,833,245,1,14,268.500,13.56
1328179,654456,1137087,355,875,245,1,14,268.500,13.56
1328179,1173151,1021507,145,833,235,1,13,258.250,13.56
1328179,1228735,1088880,34,875,245,1,11,267.750,13.56
1328179,797901,718655,559,833,245,1,11,267.750,13.56
1328179,645788,258956,13,2000,265,1,13,288.250,13.56
1328179,1270816,712325,10,833,245,1,11,267.750,13.56
1328179,523803,1797,255,875,235,1,13,258.250,13.56
1328179,259180,338037,316,833,235,1,13,258.250,13.56
1328179,1116488,1063352,17,833,235,1,13,258.250,13.56
1328563,664080,954344,398,833,247,1,11,269.750,26.98
1328563,807240,107391,747,875,247,1,14,270.500,26.98
1328563,568441,977691,350,833,237,1,13,260.250,26.98
1328563,274968,622686,561,833,237,1,13,260.250,26.98
1328563,32649,94775,74,750,217,1,11,239.750,26.98
1328563,718485,105521,97,834,237,1,13,260.250,26.98
1328563,973566,404057,664,833,247,1,11,269.750,26.98
1328563,739890,1000074,565,834,237,1,13,260.250,26.98
1328563,69650,1093173,217,833,237,1,13,260.250,26.98
1328563,1186701,783789,284,791,227,1,12,250.000,26.98
1328563,133632,1073999,57,792,227,1,12,250.000,26.98
1328563,963984,338591,1322,833,237,1,13,260.250,26.98
1328563,941477,554426,632,834,247,1,11,269.750,26.98
1328563,283063,1309187,193,833,237,1,13,260.250,26.98
1328563,388301,853249,73,833,247,1,11,269.750,26.98
1328563,1239097,210450,277,833,237,1,13,260.250,26.98
1328563,605325,149386,37,1834,237,1,13,260.250,26.98
1328563,1070942,1217230,982,833,237,1,13,260.250,26.98
1328563,693919,538774,52,834,247,1,11,269.750,26.98
1328563,881329,432854,123,1875,237,1,13,260.250,26.98
1330253,585244,251887,403,833,247,1,12,270.000,28.80
1330253,1243206,619296,392,834,247,1,12,270.000,28.80
1330253,1261774,763585,86,833,247,1,12,270.000,28.80
1330253,1164019,367923,140,792,237,1,11,259.750,28.80
1330253,1117887,1286915,283,792,247,1,11,269.750,28.80
1330253,657932,1308879,344,833,247,1,12,270.000,28.80
1330253,885656,363535,279,833,247,1,12,270.000,28.80
1330253,938731,967682,211,792,247,1,11,269.750,28.80
1330253,431046,442026,135,1875,247,1,11,269.750,28.80
1330253,403635,903048,1351,851,247,1,12,270.000,28.80
1330253,781413,450425,293,833,237,1,11,259.750,28.80
1330253,691256,1066303,549,833,237,1,11,259.750,28.80
1330253,432825,662894,141,834,247,1,12,270.000,28.80
1330253,1280465,252255,1372,2125,247,1,12,270.000,28.80
1330253,295070,464451,541,833,247,1,11,269.750,28.80
1330253,851622,242259,235,834,247,1,12,270.000,28.80
1330253,861874,443975,37,1750,237,1,11,259.750,28.80
1330253,971491,379221,561,833,247,1,12,270.000,28.80
1330253,567370,785460,175,1750,247,1,11,269.750,28.80
1330253,641274,1062457,306,875,247,1,12,270.000,28.80
1330519,278088,549924,58,833,248,1,11,270.750,8.93
1330519,875706,821803,445,833,238,1,11,260.750,8.93
1330519,723039,1254480,65,792,238,1,11,260.750,8.93
1330519,63665,249091,163,1875,238,1,11,260.750,8.93
1330519,658014,222493,108,833,238,1,11,260.750,8.93
1330519,1286260,1259349,232,850,238,1,11,260.750,8.93
1330519,1015755,94012,3,792,238,1,11,260.750,8.93
1330519,949362,40615,162,791,238,1,11,260.750,8.93
1330519,284986,1281531,97,791,238,1,11,260.750,8.93
1330519,995844,1279565,127,1667,248,1,12,271.000,8.93
1330519,845277,1270253,14,792,238,1,11,260.750,8.93
1330519,1131692,191576,190,833,248,1,12,271.000,8.93
1330519,820769,613176,27,833,238,1,11,260.750,8.93
1330519,1064054,715215,196,834,238,1,11,260.750,8.93
1330519,88798,917780,91,834,238,1,11,260.750,8.93
1330519,1043057,960900,102,834,238,1,11,260.750,8.93
1330519,340098,155785,93,833,238,1,11,260.750,8.93
1330519,1263039,415625,9,833,238,1,11,260.750,8.93
1330519,494098,130005,73,833,248,1,12,271.000,8.93
1330519,460937,149834,200,833,238,1,11,260.750,8.93
1333273,1188376,135091,16,875,247,1,13,270.250,31.13
1333273,289344,585017,5,833,237,1,12,260.000,31.13
1333273,240187,724388,101,833,247,1,11,269.750,31.13
1333273,240793,284808,7,833,247,1,12,270.000,31.13
1333273,915321,957836,8,875,247,1,13,270.250,31.13
1333273,28172,683882,1095,792,237,1,11,259.750,31.13
1333273,1272518,942007,540,1833,247,1,11,269.750,31.13
1333273,915321,1060142,40,834,237,1,12,260.000,31.13
1333273,10003,618350,361,833,237,1,11,259.750,31.13
1333273,1291206,793333,308,1666,247,1,11,269.750,31.13
1333273,249783,831267,182,1667,247,1,12,270.000,31.13
1333273,557237,1330077,984,834,237,1,11,259.750,31.13
1333273,975665,1064160,108,833,247,1,12,270.000,31.13
1333273,605527,666437,283,834,247,1,12,270.000,31.13
1333273,792497,527728,254,833,247,1,11,269.750,31.13
1333273,243042,19819,548,834,247,1,12,270.000,31.13
1333273,90726,689011,297,833,237,1,11,259.750,31.13
1333273,1299790,529270,264,833,247,1,11,269.750,31.13
1333273,607047,1310019,104,792,247,1,11,269.750,31.13
1333273,440289,901395,286,834,237,1,12,260.000,31.13
1334233,699270,696469,222,792,231,1,11,253.750,20.39
1334233,725914,1083765,217,834,251,1,11,273.750,20.39
1334233,1135275,707246,98,833,251,1,11,273.750,20.39
1334233,419184,393636,418,833,241,1,12,264.000,20.39
1334233,961942,307161,1042,834,251,1,11,273.750,20.39
1334233,590430,855153,285,833,241,1,12,264.000,20.39
1334233,1170822,1180324,58,834,251,1,11,273.750,20.39
1334233,1165877,796393,68,1875,231,1,11,253.750,20.39
1334233,913192,420497,265,850,251,1,11,273.750,20.39
1334233,240726,1258385,235,833,251,1,11,273.750,20.39
1334233,955482,1285375,25,792,251,1,11,273.750,20.39
1334233,46874,1316616,574,791,231,1,11,253.750,20.39
1334233,130255,872901,123,833,251,1,11,273.750,20.39
1334233,1042688,139723,700,833,251,1,11,273.750,20.39
1334233,538888,615518,37,833,251,1,11,273.750,20.39
1334233,745535,1244454,177,834,251,1,11,273.750,20.39
1334233,359667,170955,156,833,251,1,11,273.750,20.39
1334233,1140402,72497,64,833,251,1,11,273.750,20.39
1334233,1060354,983834,581,792,231,1,11,253.750,20.39
1334233,340533,185323,404,792,251,1,11,273.750,20.39
1334401,652234,817982,656,834,241,1,12,264.000,40.02
1334401,1162723,1051028,163,791,231,1,11,253.750,40.02
1334401,816754,157130,374,792,231,1,11,253.750,40.02
1334401,655680,1083821,35,875,251,1,13,274.250,40.02
1334401,450582,797504,76,834,241,1,12,264.000,40.02
1334401,1206433,1093167,1548,834,231,1,11,253.750,40.02
1334401,223118,811161,611,833,251,1,11,273.750,40.02
1334401,1078301,492754,617,792,231,1,11,253.750,40.02
1334401,1070448,302656,48,1875,251,1,11,273.750,40.02
1334401,310562,290318,1957,833,251,1,11,273.750,40.02
1334401,996410,1287739,131,833,251,1,11,273.750,40.02
1334401,649545,682291,191,834,251,1,13,274.250,40.02
1334401,301659,769958,211,833,231,1,11,253.750,40.02
1334401,1264069,78633,874,792,251,1,11,273.750,40.02
1334401,283741,763568,779,1792,251,1,11,273.750,40.02
1334401,476361,57327,49,834,241,1,12,264.000,40.02
1334401,162315,247026,746,834,241,1,12,264.000,40.02
1334401,627566,224978,599,833,241,1,12,264.000,40.02
1334401,64289,357422,711,833,251,1,11,273.750,40.02
1334401,567052,333502,979,1792,231,1,11,253.750,40.02
1335343,47292,666781,780,834,246,1,11,268.750,69.16
1335343,149373,1015030,650,791,226,1,11,248.750,69.16
1335343,897595,562075,1054,1750,236,1,12,259.000,69.16
1335343,662267,641603,681,834,236,1,12,259.000,69.16
1335343,313324,90254,2548,833,246,1,11,268.750,69.16
1335343,1066455,55957,29,834,246,1,11,268.750,69.16
1335343,731588,463982,812,792,236,1,12,259.000,69.16
1335343,688280,1335191,38,834,246,1,11,268.750,69.16
1335343,723331,935910,229,833,246,1,11,268.750,69.16
1335343,673276,14017,1776,791,236,1,12,259.000,69.16
1335343,319354,1106404,35,833,236,1,12,259.000,69.16
1335343,482734,1224798,270,792,226,1,11,248.750,69.16
1335343,1009582,1263573,56,792,246,1,11,268.750,69.16
1335343,793537,459773,90,792,246,1,11,268.750,69.16
1335343,132292,593274,689,792,246,1,11,268.750,69.16
1335343,961188,886414,578,875,246,1,13,269.250,69.16
1335343,1072508,462533,517,833,246,1,11,268.750,69.16
1335343,323149,235029,544,833,236,1,12,259.000,69.16
1335343,457391,1137262,1432,792,246,1,11,268.750,69.16
1335343,732810,866374,266,833,236,1,12,259.000,69.16
1336463,485414,500463,452,833,237,1,12,260.000,23.21
1336463,439586,116942,716,833,237,1,12,260.000,23.21
1336463,1130303,82388,73,792,247,1,11,269.750,23.21
1336463,1058568,721608,487,792,247,1,11,269.750,23.21
1336463,991430,822666,144,792,227,1,11,249.750,23.21
1336463,497648,950223,838,834,247,1,11,269.750,23.21
1336463,253967,982217,209,875,247,1,11,269.750,23.21
1336463,1112936,582223,268,833,237,1,12,260.000,23.21
1336463,621369,767947,934,875,247,1,13,270.250,23.21
1336463,685345,71110,593,792,227,1,11,249.750,23.21
1336463,345745,432842,48,834,247,1,11,269.750,23.21
1336463,558526,364399,56,834,247,1,11,269.750,23.21
1336463,665703,103792,38,833,237,1,12,260.000,23.21
1336463,211863,209031,224,833,237,1,12,260.000,23.21
1336463,83157,786354,30,833,247,1,11,269.750,23.21
1336463,16586,1115188,7,2084,247,1,11,269.750,23.21
1336463,397459,436653,18,833,247,1,11,269.750,23.21
1336463,380242,1136281,663,833,247,1,11,269.750,23.21
1336463,1064049,657293,171,833,247,1,13,270.250,23.21
1336463,448527,855741,609,875,247,1,13,270.250,23.21
1336901,1104256,1202494,885,833,247,1,11,269.750,49.69
1336901,912623,1208798,387,792,237,1,12,260.000,49.69
1336901,856116,1093107,448,875,247,1,11,269.750,49.69
1336901,1141149,590258,934,833,237,1,12,260.000,49.69
1336901,340971,477232,535,791,227,1,11,249.750,49.69
1336901,1015468,627560,628,792,227,1,11,249.750,49.69
1336901,1111155,1112689,588,833,247,1,11,269.750,49.69
1336901,298464,798398,1373,792,227,1,11,249.750,49.69
1336901,709648,934596,1233,791,227,1,11,249.750,49.69
1336901,254655,531114,138,833,247,1,11,269.750,49.69
1336901,710499,189657,234,833,247,1,11,269.750,49.69
1336901,1135302,749804,330,1875,227,1,11,249.750,49.69
1336901,8238,165487,1273,1643,247,1,11,269.750,49.69
1336901,1230304,392655,633,1958,237,1,12,260.000,49.69
1336901,1249538,1288300,1325,833,247,1,11,269.750,49.69
1336901,675523,933275,2556,833,237,1,12,260.000,49.69
1336901,451175,169921,504,833,247,1,13,270.250,49.69
1336901,476515,30181,6,792,247,1,11,269.750,49.69
1336901,755560,660608,19,834,227,1,11,249.750,49.69
1336901,1117174,52471,54,875,247,1,13,270.250,49.69
1338377,717723,246309,64,792,237,1,11,259.750,21.90
1338377,319051,517276,7,1959,237,1,11,259.750,21.90
1338377,1035590,2979,162,875,247,1,12,270.000,21.90
1338377,1107585,12351,68,833,247,1,12,270.000,21.90
1338377,229879,1298491,990,833,247,1,12,270.000,21.90
1338377,361461,1186418,152,768,237,1,11,259.750,21.90
1338377,321800,177344,1155,834,247,1,11,269.750,21.90
1338377,267881,25298,824,791,237,1,11,259.750,21.90
1338377,567677,1151055,235,51785,247,1,12,270.000,21.90
1338377,893612,936171,277,1625,237,1,11,259.750,21.90
1338377,182260,857252,1001,833,247,1,12,270.000,21.90
1338377,539570,1215025,35,833,237,1,11,259.750,21.90
1338377,288528,953402,62,792,237,1,11,259.750,21.90
1338377,738620,255459,55,834,237,1,11,259.750,21.90
1338377,603870,1127392,41,833,237,1,11,259.750,21.90
1338377,1266814,690053,155,834,247,1,11,269.750,21.90
1338377,752056,500263,186,834,237,1,11,259.750,21.90
1338377,157233,251011,127,875,247,1,12,270.000,21.90
1338377,703059,765922,144,834,237,1,11,259.750,21.90
1338377,1194959,746629,346,791,247,1,11,269.750,21.90
1338653,115776,1218959,177,834,249,1,11,271.750,32.24
1338653,843782,389639,304,833,249,1,11,271.750,32.24
1338653,154851,553577,627,1875,239,1,11,261.750,32.24
1338653,220044,806263,447,834,249,1,12,272.000,32.24
1338653,443105,458348,292,791,239,1,11,261.750,32.24
1338653,568512,1117289,1100,1917,249,1,12,272.000,32.24
1338653,941671,561580,203,851,249,1,11,271.750,32.24
1338653,149047,1290925,888,833,249,1,11,271.750,32.24
1338653,212600,631173,44,833,249,1,12,272.000,32.24
1338653,306209,301568,1316,833,249,1,11,271.750,32.24
1338653,615882,373241,38,833,249,1,11,271.750,32.24
1338653,863564,1271627,60,833,239,1,11,261.750,32.24
1338653,615882,792913,377,1958,249,1,11,271.750,32.24
1338653,875589,27026,310,834,249,1,12,272.000,32.24
1338653,353254,1149427,678,834,249,1,11,271.750,32.24
1338653,1185282,893585,367,834,249,1,11,271.750,32.24
1338653,198530,809142,662,833,249,1,11,271.750,32.24
1338653,1040195,330725,739,875,249,1,12,272.000,32.24
1338653,230603,6119,252,833,249,1,12,272.000,32.24
1338653,1119603,105839,31,833,249,1,12,272.000,32.24
1341701,393479,984084,260,833,247,1,12,270.000,34.98
1341701,1086482,452489,448,833,237,1,11,259.750,34.98
1341701,699276,571906,179,792,227,1,13,250.250,34.98
1341701,608429,366050,95,833,247,1,11,269.750,34.98
1341701,426645,978002,24,833,247,1,11,269.750,34.98
1341701,218527,603346,58,833,247,1,11,269.750,34.98
1341701,1114272,942662,15,834,247,1,11,269.750,34.98
1341701,593696,982131,1048,834,227,1,13,250.250,34.98
1341701,949047,989494,19,1833,247,1,15,270.750,34.98
1341701,1261271,1266902,163,834,247,1,11,269.750,34.98
1341701,1041873,1312374,699,875,247,1,12,270.000,34.98
1341701,585329,1221558,523,792,227,1,13,250.250,34.98
1341701,1210837,985894,529,833,247,1,11,269.750,34.98
1341701,65928,451572,135,1959,247,1,11,269.750,34.98
1341701,1259536,547312,662,875,247,1,11,269.750,34.98
1341701,788497,159968,39,750,207,1,11,229.750,34.98
1341701,559883,1073210,627,792,217,1,12,240.000,34.98
1341701,745379,501783,218,792,207,1,11,229.750,34.98
1341701,421394,522611,529,791,237,1,11,259.750,34.98
1341701,478142,1328749,553,1834,247,1,11,269.750,34.98
1341841,1156347,221874,643,834,250,1,11,272.750,22.82
1341841,1112688,1126731,242,792,230,1,13,253.250,22.82
1341841,16752,289801,281,833,250,1,11,272.750,22.82
1341841,1255997,683326,164,875,250,1,15,273.750,22.82
1341841,666627,681744,704,833,240,1,14,263.500,22.82
1341841,432354,1275373,74,792,220,1,12,243.000,22.82
1341841,1193314,492232,697,833,250,1,11,272.750,22.82
1341841,274587,230874,219,875,250,1,15,273.750,22.82
1341841,772338,83508,714,875,250,1,15,273.750,22.82
1341841,1252960,739421,174,792,220,1,12,243.000,22.82
1341841,1136457,941623,63,833,220,1,12,243.000,22.82
1341841,667776,768185,179,1750,230,1,13,253.250,22.82
1341841,604202,392111,232,834,250,1,11,272.750,22.82
1341841,35565,878170,173,833,230,1,13,253.250,22.82
1341841,1039145,331658,446,791,250,1,11,272.750,22.82
1341841,614932,282538,63,833,230,1,13,253.250,22.82
1341841,643649,518268,598,1750,230,1,13,253.250,22.82
1341841,129671,397273,595,834,230,1,13,253.250,22.82
1341841,823987,212112,199,833,230,1,13,253.250,22.82
1341841,1079899,106193,187,834,250,1,11,272.750,22.82
1341863,1159702,726142,77,1750,239,1,14,262.500,26.18
1341863,827638,1233850,455,833,249,1,11,271.750,26.18
1341863,938041,618371,101,1666,239,1,14,262.500,26.18
1341863,21080,305867,1208,833,249,1,11,271.750,26.18
1341863,1295096,143298,358,834,249,1,11,271.750,26.18
1341863,904365,423172,803,916,249,1,15,272.750,26.18
1341863,93580,1210340,80,1625,209,1,11,231.750,26.18
1341863,1066185,1005994,51,834,249,1,11,271.750,26.18
1341863,955900,315562,246,875,239,1,14,262.500,26.18
1341863,743941,470960,682,834,229,1,13,252.250,26.18
1341863,933076,902315,359,833,229,1,13,252.250,26.18
1341863,1201122,214988,45,834,239,1,14,262.500,26.18
1341863,818470,1149663,363,1916,249,1,15,272.750,26.18
1341863,1170006,408579,20,833,249,1,11,271.750,26.18
1341863,819085,848218,767,792,249,1,11,271.750,26.18
1341863,773123,1178140,209,791,219,1,12,242.000,26.18
1341863,109975,1150999,649,833,239,1,14,262.500,26.18
1341863,868828,358109,432,833,239,1,14,262.500,26.18
1341863,226496,199158,780,833,239,1,14,262.500,26.18
1341863,563239,1000550,48,875,239,1,14,262.500,26.18
1344829,771918,602701,55,833,238,1,14,261.500,23.99
1344829,862275,768506,120,875,238,1,14,261.500,23.99
1344829,807595,437994,159,833,248,1,11,270.750,23.99
1344829,124037,1287010,539,834,248,1,11,270.750,23.99
1344829,1102729,547784,117,833,248,1,11,270.750,23.99
1344829,941651,891739,129,834,228,1,13,251.250,23.99
1344829,603372,16715,81,1833,248,1,15,271.750,23.99
1344829,564178,119500,812,833,248,1,11,270.750,23.99
1344829,862978,231023,320,792,208,1,11,230.750,23.99
1344829,1070090,699163,204,1750,248,1,15,271.750,23.99
1344829,969739,1256154,96,834,228,1,13,251.250,23.99
1344829,500539,1132326,262,833,248,1,11,270.750,23.99
1344829,1160307,1210293,387,792,218,1,12,241.000,23.99
1344829,1288233,195750,20,875,248,1,15,271.750,23.99
1344829,1300900,133534,255,834,228,1,13,251.250,23.99
1344829,479920,1170925,458,834,248,1,11,270.750,23.99
1344829,900875,437624,51,792,218,1,12,241.000,23.99
1344829,89114,471250,179,833,248,1,11,270.750,23.99
1344829,836897,619784,2099,833,248,1,15,271.750,23.99
1344829,203404,767771,705,833,228,1,13,251.250,23.99
1350257,1215283,1138970,144,833,240,1,12,263.000,14.59
1350257,561363,102574,48,833,240,1,12,263.000,14.59
1350257,1225534,220947,43,833,240,1,12,263.000,14.59
1350257,804957,780134,474,875,250,1,13,273.250,14.59
1350257,832174,456857,58,875,250,1,13,273.250,14.59
1350257,1178551,962064,90,833,240,1,12,263.000,14.59
1350257,920469,1092999,390,792,230,1,11,252.750,14.59
1350257,791935,567370,449,833,240,1,12,263.000,14.59
1350257,155872,501505,94,791,240,1,12,263.000,14.59
1350257,1109157,376678,288,792,230,1,11,252.750,14.59
1350257,101231,1235178,249,833,230,1,11,252.750,14.59
1350257,1100072,1285126,14,833,240,1,12,263.000,14.59
1350257,1183104,203656,148,834,230,1,11,252.750,14.59
1350257,1019675,340981,144,834,250,1,13,273.250,14.59
1350257,1345871,938104,850,833,250,1,13,273.250,14.59
1350257,650265,1100272,100,833,250,1,13,273.250,14.59
1350257,1150139,128164,172,834,240,1,12,263.000,14.59
1350257,248561,808840,47,833,250,1,13,273.250,14.59
1350257,806804,1348733,205,792,230,1,11,252.750,14.59
1350257,483545,904221,76,791,230,1,11,252.750,14.59
1350911,710717,454870,94,833,241,1,12,264.000,12.28
1350911,1053834,178393,6,833,241,1,12,264.000,12.28
1350911,376414,559970,24,833,241,1,12,264.000,12.28
1350911,466996,1178728,192,792,241,1,12,264.000,12.28
1350911,253705,630996,121,833,241,1,12,264.000,12.28
1350911,1058996,490111,231,833,251,1,11,273.750,12.28
1350911,1001412,726252,273,833,241,1,12,264.000,12.28
1350911,593295,529283,466,833,231,1,11,253.750,12.28
1350911,39529,709527,129,833,241,1,12,264.000,12.28
1350911,57189,1117876,3,792,251,1,11,273.750,12.28
1350911,915365,376734,5,834,251,1,11,273.750,12.28
1350911,1178333,1161203,101,834,251,1,11,273.750,12.28
1350911,1017709,479772,188,1917,251,1,13,274.250,12.28
1350911,1187583,403217,250,834,251,1,11,273.750,12.28
1350911,1029634,1121769,83,834,241,1,12,264.000,12.28
1350911,1202405,629041,106,852,241,1,12,264.000,12.28
1350911,40473,791235,802,833,241,1,12,264.000,12.28
1350911,946122,1201154,99,850,241,1,12,264.000,12.28
1350911,13854,1272903,223,833,241,1,12,264.000,12.28
1350911,1309427,155128,9,792,231,1,11,253.750,12.28
1352203,369496,509891,157,792,225,1,11,247.750,8.97
1352203,34344,871043,130,1792,225,1,11,247.750,8.97
1352203,109992,557359,7,833,235,1,12,258.000,8.97
1352203,121097,678500,93,808,225,1,11,247.750,8.97
1352203,559838,291673,75,792,225,1,11,247.750,8.97
1352203,847482,692694,7,833,245,1,13,268.250,8.97
1352203,1350604,696122,120,792,235,1,12,258.000,8.97
1352203,854993,616233,569,791,225,1,11,247.750,8.97
1352203,1161702,418542,213,833,235,1,12,258.000,8.97
1352203,167063,432843,182,834,235,1,12,258.000,8.97
1352203,89601,668588,272,834,245,1,13,268.250,8.97
1352203,1161469,1221665,74,834,245,1,13,268.250,8.97
1352203,41619,353040,61,834,225,1,11,247.750,8.97
1352203,501063,881384,18,792,245,1,11,267.750,8.97
1352203,482045,1158812,6,1834,235,1,12,258.000,8.97
1352203,612410,56733,33,792,225,1,11,247.750,8.97
1352203,767573,467165,95,792,235,1,12,258.000,8.97
1352203,907270,1223574,189,791,225,1,11,247.750,8.97
1352203,1303597,1078122,173,792,225,1,11,247.750,8.97
1352203,921234,879984,63,833,235,1,12,258.000,8.97
1355983,729477,388364,499,833,248,1,11,270.750,18.71
1355983,863566,1311207,42,792,238,1,11,260.750,18.71
1355983,167213,179622,202,833,248,1,12,271.000,18.71
1355983,254698,763363,120,834,238,1,11,260.750,18.71
1355983,957807,44548,7,834,238,1,11,260.750,18.71
1355983,1005603,861081,81,791,238,1,11,260.750,18.71
1355983,266671,388476,320,875,248,1,12,271.000,18.71
1355983,844405,193932,164,810,238,1,11,260.750,18.71
1355983,60051,598971,22,833,238,1,11,260.750,18.71
1355983,796200,1154048,251,792,238,1,11,260.750,18.71
1355983,706678,799157,41,834,248,1,12,271.000,18.71
1355983,13196,721931,186,1875,238,1,11,260.750,18.71
1355983,770497,257659,68,834,238,1,11,260.750,18.71
1355983,203591,587900,5,833,238,1,11,260.750,18.71
1355983,895106,1341373,62,833,248,1,12,271.000,18.71
1355983,1113492,250860,324,833,238,1,11,260.750,18.71
1355983,404262,532690,40,792,238,1,11,260.750,18.71
1355983,1209201,901035,72,834,248,1,12,271.000,18.71
1355983,1279171,832636,612,792,238,1,11,260.750,18.71
1355983,49938,1038061,329,833,238,1,11,260.750,18.71
1361593,493778,882894,550,833,250,1,11,272.750,27.21
1361593,1010910,1308533,134,833,250,1,11,272.750,27.21
1361593,316932,837966,260,834,250,1,11,272.750,27.21
1361593,1288874,812504,1071,834,250,1,11,272.750,27.21
1361593,244512,212253,258,791,220,1,11,242.750,27.21
1361593,997012,636429,670,833,250,1,11,272.750,27.21
1361593,940903,585802,728,875,250,1,11,272.750,27.21
1361593,97345,1028544,266,833,250,1,11,272.750,27.21
1361593,740359,314787,433,725,220,1,11,242.750,27.21
1361593,795376,692313,8,833,250,1,11,272.750,27.21
1361593,1162039,767437,30,834,250,1,11,272.750,27.21
1361593,823325,730052,539,1958,240,1,13,263.250,27.21
1361593,1313952,272580,485,1792,250,1,11,272.750,27.21
1361593,192923,146730,15,1708,250,1,11,272.750,27.21
1361593,426099,507187,17,833,250,1,11,272.750,27.21
1361593,502593,1197874,670,834,250,1,11,272.750,27.21
1361593,902493,15427,254,792,250,1,11,272.750,27.21
1361593,33773,327488,114,833,250,1,11,272.750,27.21
1361593,491256,1040100,490,833,230,1,12,253.000,27.21
1361593,786067,718365,718,833,250,1,11,272.750,27.21
1364323,142669,1005820,104,1959,237,1,11,259.750,11.91
1364323,963386,847890,184,791,237,1,11,259.750,11.91
1364323,528875,1067810,250,791,247,1,12,270.000,11.91
1364323,747119,25668,4,1917,247,1,12,270.000,11.91
1364323,1079690,851302,23,792,237,1,11,259.750,11.91
1364323,707505,349616,142,792,237,1,11,259.750,11.91
1364323,1141616,613782,230,833,237,1,11,259.750,11.91
1364323,754197,1333072,411,1791,247,1,12,270.000,11.91
1364323,1325588,1005211,120,1684,237,1,11,259.750,11.91
1364323,738687,700899,32,833,237,1,11,259.750,11.91
1364323,1181543,1105312,157,1584,237,1,11,259.750,11.91
1364323,24007,938238,370,833,237,1,11,259.750,11.91
1364323,1147838,1346102,42,792,237,1,11,259.750,11.91
1364323,1234184,979013,209,1708,247,1,11,269.750,11.91
1364323,705391,594053,271,791,237,1,11,259.750,11.91
1364323,100902,104378,149,792,237,1,11,259.750,11.91
1364323,914337,881970,228,834,237,1,11,259.750,11.91
1364323,1189808,958311,28,833,237,1,11,259.750,11.91
1364323,360819,1007936,24,834,237,1,11,259.750,11.91
1364323,83508,1305259,324,792,237,1,11,259.750,11.91
1366031,928902,234735,412,875,247,1,11,269.750,30.92
1366031,1326504,897309,236,1917,247,1,11,269.750,30.92
1366031,1160547,611660,289,834,237,1,12,260.000,30.92
1366031,354365,545565,59,791,237,1,11,259.750,30.92
1366031,1006583,309478,120,875,247,1,13,270.250,30.92
1366031,1297015,525708,549,833,247,1,11,269.750,30.92
1366031,588355,567455,104,833,237,1,11,259.750,30.92
1366031,1298151,517313,828,833,247,1,12,270.000,30.92
1366031,991447,563956,580,1875,237,1,11,259.750,30.92
1366031,918518,1047688,153,792,237,1,11,259.750,30.92
1366031,1344054,767063,146,833,227,1,11,249.750,30.92
1366031,1338204,138738,148,833,247,1,11,269.750,30.92
1366031,869332,1253377,250,834,237,1,11,259.750,30.92
1366031,622243,1323237,189,57828,247,1,11,269.750,30.92
1366031,138575,1302271,422,833,237,1,12,260.000,30.92
1366031,317537,1244974,322,834,237,1,12,260.000,30.92
1366031,1338264,968636,82,834,237,1,11,259.750,30.92
1366031,976366,501625,620,1916,247,1,11,269.750,30.92
1366031,611286,805711,151,834,247,1,11,269.750,30.92
1366031,967959,774872,161,833,237,1,11,259.750,30.92
1366543,159372,275995,1037,833,228,1,11,250.750,19.78
1366543,364369,273867,389,834,248,1,11,270.750,19.78
1366543,127464,266531,36,875,248,1,13,271.250,19.78
1366543,868647,944515,69,792,228,1,11,250.750,19.78
1366543,196384,787939,596,833,238,1,12,261.000,19.78
1366543,711570,973622,17,833,238,1,12,261.000,19.78
1366543,444989,1053777,605,834,238,1,12,261.000,19.78
1366543,111763,808858,147,833,248,1,11,270.750,19.78
1366543,419940,120742,14,791,228,1,11,250.750,19.78
1366543,286201,1175796,371,834,228,1,11,250.750,19.78
1366543,938231,845823,203,833,238,1,12,261.000,19.78
1366543,1287010,44944,27,834,248,1,11,270.750,19.78
1366543,897046,35131,512,834,238,1,12,261.000,19.78
1366543,133003,333944,414,792,228,1,11,250.750,19.78
1366543,577884,482063,792,833,248,1,11,270.750,19.78
1366543,93262,898933,52,833,238,1,12,261.000,19.78
1366543,1091379,185612,220,833,248,1,11,270.750,19.78
1366543,609190,1351066,9,833,248,1,11,270.750,19.78
1366543,121059,537773,42,833,238,1,12,261.000,19.78
1366543,627758,1221141,33,834,248,1,13,271.250,19.78
1369733,872428,129015,22,1750,248,1,11,270.750,25.78
1369733,1107615,514828,444,833,248,1,11,270.750,25.78
1369733,1187565,811255,104,834,248,1,11,270.750,25.78
1369733,952082,165482,122,750,228,1,11,250.750,25.78
1369733,624843,1068296,494,834,248,1,11,270.750,25.78
1369733,704346,1129702,407,833,228,1,11,250.750,25.78
1369733,203188,263649,32,833,248,1,11,270.750,25.78
1369733,986064,756994,330,810,228,1,11,250.750,25.78
1369733,364274,1096996,2372,834,248,1,11,270.750,25.78
1369733,147702,822057,202,833,248,1,11,270.750,25.78
1369733,1205587,1325447,939,833,238,1,12,261.000,25.78
1369733,854053,741592,88,791,248,1,11,270.750,25.78
1369733,1167994,722752,78,834,228,1,11,250.750,25.78
1369733,760524,1105742,24,792,228,1,11,250.750,25.78
1369733,179368,294163,917,833,248,1,11,270.750,25.78
1369733,106626,724825,215,792,228,1,11,250.750,25.78
1369733,326730,373365,70,833,248,1,11,270.750,25.78
1369733,202362,1143649,262,833,248,1,13,271.250,25.78
1369733,1324241,819346,107,833,248,1,11,270.750,25.78
1369733,72813,425196,76,791,228,1,11,250.750,25.78
1370459,866737,10672,143,833,249,1,11,271.750,20.44
1370459,363730,1237086,112,834,249,1,11,271.750,20.44
1370459,741148,417721,1274,1708,249,1,11,271.750,20.44
1370459,1351847,1351722,65,875,249,1,12,272.000,20.44
1370459,1240468,256858,319,833,239,1,11,261.750,20.44
1370459,851331,985897,132,792,239,1,11,261.750,20.44
1370459,358154,924617,81,791,239,1,11,261.750,20.44
1370459,480878,786769,50,833,239,1,11,261.750,20.44
1370459,14518,522695,49,791,239,1,11,261.750,20.44
1370459,1057553,1198552,94,1750,249,1,11,271.750,20.44
1370459,185224,367758,430,834,249,1,11,271.750,20.44
1370459,1309703,932566,69,791,239,1,11,261.750,20.44
1370459,432721,1242220,446,1934,249,1,11,271.750,20.44
1370459,796949,352873,324,1709,249,1,11,271.750,20.44
1370459,995644,428993,418,833,239,1,11,261.750,20.44
1370459,1108779,385483,555,833,239,1,11,261.750,20.44
1370459,769848,313056,435,834,249,1,12,272.000,20.44
1370459,1361107,244727,18,833,249,1,11,271.750,20.44
1370459,363730,747766,95,834,249,1,11,271.750,20.44
1370459,909249,450225,594,833,249,1,11,271.750,20.44
1371031,1221232,52706,276,834,240,1,11,262.750,24.97
1371031,432440,116374,522,833,250,1,12,273.000,24.97
1371031,1302135,463224,742,833,240,1,11,262.750,24.97
1371031,360248,198556,160,958,250,1,12,273.000,24.97
1371031,869657,111100,623,792,240,1,11,262.750,24.97
1371031,227924,587481,73,833,250,1,11,272.750,24.97
1371031,1124054,159497,476,791,240,1,11,262.750,24.97
1371031,976822,386707,1487,833,240,1,11,262.750,24.97
1371031,692012,1159345,1001,833,240,1,11,262.750,24.97
1371031,1010783,664755,160,834,250,1,12,273.000,24.97
1371031,388858,1370147,70,792,240,1,11,262.750,24.97
1371031,817211,34560,117,834,240,1,11,262.750,24.97
1371031,1080759,33193,161,792,250,1,11,272.750,24.97
1371031,259674,60612,65,833,250,1,12,273.000,24.97
1371031,1035323,460440,310,834,240,1,11,262.750,24.97
1371031,605730,974654,40,833,250,1,12,273.000,24.97
1371031,1259682,877497,259,834,240,1,11,262.750,24.97
1371031,839392,1205614,122,834,250,1,11,272.750,24.97
1371031,766230,1279696,72,810,240,1,11,262.750,24.97
1371031,416955,401904,212,833,250,1,12,273.000,24.97
1374953,1147133,1052058,42,792,222,1,13,245.250,11.59
1374953,1024833,838084,269,833,222,1,13,245.250,11.59
1374953,432764,1299854,10,833,222,1,13,245.250,11.59
1374953,442334,1234887,205,792,212,1,12,235.000,11.59
1374953,529056,958287,150,875,232,1,14,255.500,11.59
1374953,837213,627922,177,916,252,1,16,276.000,11.59
1374953,218035,1369526,359,833,252,1,11,274.750,11.59
1374953,744981,990507,303,791,222,1,13,245.250,11.59
1374953,576420,862140,80,834,252,1,11,274.750,11.59
1374953,1335135,847171,113,875,252,1,16,276.000,11.59
1374953,1070467,1297610,328,834,252,1,11,274.750,11.59
1374953,554617,3096,103,834,232,1,14,255.500,11.59
1374953,793556,1049643,94,1917,252,1,16,276.000,11.59
1374953,454632,1067989,50,917,252,1,16,276.000,11.59
1374953,128771,1195050,19,791,212,1,12,235.000,11.59
1374953,1302854,328241,54,792,222,1,13,245.250,11.59
1374953,587829,1369094,212,791,222,1,13,245.250,11.59
1374953,1343458,1159199,30,875,252,1,16,276.000,11.59
1374953,448620,357967,713,1958,242,1,15,265.750,11.59
1374953,3204,173692,137,791,222,1,13,245.250,11.59
1376009,9766,231685,112,833,251,1,11,273.750,14.52
1376009,612100,179827,42,833,231,1,14,254.500,14.52
1376009,761581,569438,111,792,201,1,11,223.750,14.52
1376009,1185189,163282,67,792,211,1,12,234.000,14.52
1376009,1363490,433095,7,834,231,1,14,254.500,14.52
1376009,1351153,760858,107,917,251,1,16,275.000,14.52
1376009,6620,978320,326,792,201,1,11,223.750,14.52
1376009,786689,857003,192,917,251,1,16,275.000,14.52
1376009,806750,980134,37,833,231,1,14,254.500,14.52
1376009,203464,321726,1,1083,221,1,13,244.250,14.52
1376009,1142390,254239,2,833,231,1,14,254.500,14.52
1376009,633710,34748,355,833,221,1,13,244.250,14.52
1376009,1321960,1310603,144,834,231,1,14,254.500,14.52
1376009,1186639,284037,174,834,231,1,14,254.500,14.52
1376009,969250,995439,5,833,231,1,14,254.500,14.52
1376009,279393,191993,287,792,211,1,12,234.000,14.52
1376009,640214,166800,468,875,251,1,16,275.000,14.52
1376009,54737,469009,146,875,241,1,15,264.750,14.52
1376009,759926,777528,88,834,231,1,14,254.500,14.52
1376009,484290,606574,138,833,231,1,14,254.500,14.52
1376449,541414,540827,60,875,238,1,15,261.750,24.30
1376449,1864,1111546,427,1917,238,1,15,261.750,24.30
1376449,894799,1364572,163,875,238,1,15,261.750,24.30
1376449,253580,1158725,53,833,228,1,14,251.500,24.30
1376449,641326,171759,134,791,218,1,13,241.250,24.30
1376449,440120,379275,347,791,218,1,13,241.250,24.30
1376449,1345330,612778,243,834,218,1,13,241.250,24.30
1376449,1324457,1091177,154,792,218,1,13,241.250,24.30
1376449,441039,1363065,172,875,238,1,15,261.750,24.30
1376449,608163,837687,628,1959,248,1,11,270.750,24.30
1376449,835506,93187,4,834,248,1,11,270.750,24.30
1376449,1170266,1307987,46,833,218,1,13,241.250,24.30
1376449,681254,228616,413,792,248,1,11,270.750,24.30
1376449,79034,591449,290,791,218,1,13,241.250,24.30
1376449,249063,449175,216,750,208,1,12,231.000,24.30
1376449,664515,540949,3,750,208,1,12,231.000,24.30
1376449,965227,1192882,119,792,218,1,13,241.250,24.30
1376449,711139,766488,860,875,238,1,15,261.750,24.30
1376449,281591,1189393,95,875,268,1,13,291.250,24.30
1376449,1341418,717288,306,833,228,1,14,251.500,24.30
1379291,526543,1134491,125,792,239,1,11,261.750,10.75
1379291,37419,183031,457,791,239,1,11,261.750,10.75
1379291,121451,606739,166,834,239,1,11,261.750,10.75
1379291,1324066,883320,15,834,239,1,11,261.750,10.75
1379291,985178,489134,361,833,249,1,11,271.750,10.75
1379291,113435,567225,15,2000,239,1,11,261.750,10.75
1379291,1322610,740653,353,791,239,1,11,261.750,10.75
1379291,234170,1270542,321,833,249,1,11,271.750,10.75
1379291,923474,1149502,17,834,249,1,12,272.000,10.75
1379291,654127,351424,183,833,249,1,11,271.750,10.75
1379291,182172,177798,176,792,239,1,11,261.750,10.75
1379291,657413,364179,39,834,249,1,12,272.000,10.75
1379291,824784,331945,73,791,239,1,11,261.750,10.75
1379291,473236,1150369,168,833,239,1,11,261.750,10.75
1379291,1077006,681022,148,834,249,1,12,272.000,10.75
1379291,1038266,174518,76,833,239,1,11,261.750,10.75
1379291,1016270,1273740,53,834,239,1,11,261.750,10.75
1379291,329271,91079,101,833,249,1,11,271.750,10.75
1379291,1259309,1228721,78,833,239,1,11,261.750,10.75
1379291,1092159,674550,72,791,239,1,11,261.750,10.75
1387961,690351,1005050,108,1792,241,1,11,263.750,18.42
1387961,561395,391007,185,833,241,1,11,263.750,18.42
1387961,129761,362094,259,833,251,1,12,274.000,18.42
1387961,344449,280419,1239,833,251,1,12,274.000,18.42
1387961,527480,280423,465,792,241,1,11,263.750,18.42
1387961,945349,943609,293,1875,241,1,11,263.750,18.42
1387961,643869,611482,81,833,241,1,11,263.750,18.42
1387961,717157,823012,14,791,251,1,11,273.750,18.42
1387961,371700,269622,111,833,251,1,11,273.750,18.42
1387961,415586,966884,174,792,241,1,11,263.750,18.42
1387961,1193569,1203965,214,833,251,1,12,274.000,18.42
1387961,233278,244279,242,875,251,1,12,274.000,18.42
1387961,1008323,7289,557,791,241,1,11,263.750,18.42
1387961,457784,1182179,3,850,241,1,11,263.750,18.42
1387961,139894,342598,63,834,251,1,12,274.000,18.42
1387961,108171,675590,109,792,241,1,11,263.750,18.42
1387961,750867,767478,522,833,241,1,11,263.750,18.42
1387961,1144616,425725,175,810,241,1,11,263.750,18.42
1387961,264846,418994,267,833,241,1,11,263.750,18.42
1387961,1308764,1373354,75,833,251,1,11,273.750,18.42
1388381,974418,1373851,276,792,241,1,11,263.750,23.79
1388381,496745,232746,238,833,241,1,11,263.750,23.79
1388381,1291547,195415,336,834,251,1,11,273.750,23.79
1388381,1029756,1199225,151,2042,251,1,11,273.750,23.79
1388381,1156850,141915,207,834,251,1,12,274.000,23.79
1388381,98671,1070354,175,834,251,1,12,274.000,23.79
1388381,605835,368986,25,791,241,1,11,263.750,23.79
1388381,1072038,999567,138,833,251,1,12,274.000,23.79
1388381,1080935,1221582,312,1917,241,1,11,263.750,23.79
1388381,701041,786859,119,875,241,1,11,263.750,23.79
1388381,1352336,501259,37,833,241,1,11,263.750,23.79
1388381,159702,540976,458,1708,241,1,11,263.750,23.79
1388381,991402,15427,24,792,241,1,11,263.750,23.79
1388381,960662,958152,206,834,251,1,11,273.750,23.79
1388381,918335,718289,53,833,251,1,11,273.750,23.79
1388381,781495,1228265,18,833,251,1,12,274.000,23.79
1388381,290114,132996,808,791,251,1,11,273.750,23.79
1388381,854646,1049806,572,792,251,1,11,273.750,23.79
1388381,1357824,1302143,31,833,251,1,12,274.000,23.79
1388381,206723,748285,262,833,251,1,11,273.750,23.79
1388887,414095,632456,866,792,238,1,11,260.750,22.93
1388887,1249167,895259,564,833,238,1,11,260.750,22.93
1388887,596037,169913,406,791,238,1,11,260.750,22.93
1388887,579371,1056276,324,851,238,1,11,260.750,22.93
1388887,151755,223545,857,834,248,1,12,271.000,22.93
1388887,972315,791147,37,791,238,1,11,260.750,22.93
1388887,935644,33726,596,791,238,1,11,260.750,22.93
1388887,897778,257761,86,833,238,1,11,260.750,22.93
1388887,1109969,704170,102,833,248,1,11,270.750,22.93
1388887,998913,1261204,887,833,238,1,11,260.750,22.93
1388887,977378,1246465,225,792,238,1,11,260.750,22.93
1388887,164386,1110982,166,1917,248,1,11,270.750,22.93
1388887,609850,1096073,164,833,248,1,12,271.000,22.93
1388887,504625,1310846,45,833,248,1,12,271.000,22.93
1388887,651355,1161223,25,1708,248,1,11,270.750,22.93
1388887,253996,1212765,255,791,238,1,11,260.750,22.93
1388887,1286755,33627,392,792,238,1,11,260.750,22.93
1388887,413957,992224,115,833,238,1,11,260.750,22.93
1388887,1326747,489643,112,792,238,1,11,260.750,22.93
1388887,753926,218552,236,792,238,1,11,260.750,22.93
1395551,822975,924825,1348,833,250,1,11,272.750,32.86
1395551,694620,801650,845,833,250,1,11,272.750,32.86
1395551,891930,181318,145,791,240,1,11,262.750,32.86
1395551,1360531,713981,120,833,250,1,11,272.750,32.86
1395551,1379973,722751,179,791,240,1,11,262.750,32.86
1395551,309655,562864,102,833,240,1,11,262.750,32.86
1395551,1379627,49577,70,792,240,1,11,262.750,32.86
1395551,293597,1023020,638,834,250,1,11,272.750,32.86
1395551,535314,1193785,1530,833,240,1,11,262.750,32.86
1395551,402681,688090,479,833,250,1,11,272.750,32.86
1395551,432339,230341,114,875,240,1,11,262.750,32.86
1395551,692017,573954,102,791,250,1,11,272.750,32.86
1395551,29308,774114,371,791,240,1,11,262.750,32.86
1395551,320219,522222,278,833,250,1,11,272.750,32.86
1395551,493095,1047667,205,833,250,1,11,272.750,32.86
1395551,658014,943864,628,833,240,1,11,262.750,32.86
1395551,24401,267367,486,834,240,1,11,262.750,32.86
1395551,431564,421754,968,834,250,1,11,272.750,32.86
1395551,566400,475360,563,1958,250,1,11,272.750,32.86
1395551,148757,389097,114,833,240,1,11,262.750,32.86
1396427,1337093,1039244,452,833,249,1,12,272.000,36.90
1396427,1308194,933299,190,833,239,1,11,261.750,36.90
1396427,1287060,1200008,44,834,249,1,12,272.000,36.90
1396427,474089,1192084,133,833,249,1,11,271.750,36.90
1396427,665684,699828,711,959,249,1,12,272.000,36.90
1396427,885972,1316768,61,916,239,1,11,261.750,36.90
1396427,353271,30671,1026,2083,239,1,11,261.750,36.90
1396427,451326,760887,543,1917,239,1,11,261.750,36.90
1396427,535663,1141997,12,1875,249,1,12,272.000,36.90
1396427,1219448,258024,242,833,239,1,11,261.750,36.90
1396427,913838,1030088,339,1750,249,1,12,272.000,36.90
1396427,1009390,1258424,1338,833,239,1,11,261.750,36.90
1396427,452145,209104,146,834,239,1,11,261.750,36.90
1396427,385723,1231384,337,792,239,1,11,261.750,36.90
1396427,858288,155182,76,834,239,1,11,261.750,36.90
1396427,809525,362385,422,792,239,1,11,261.750,36.90
1396427,444589,1310877,151,833,239,1,11,261.750,36.90
1396427,130669,415889,587,833,239,1,11,261.750,36.90
1396427,532905,943357,42,791,239,1,11,261.750,36.90
1396427,1234495,956085,85,833,239,1,11,261.750,36.90
1396547,253246,379412,169,791,238,1,11,260.750,28.77
1396547,448171,747756,32,1916,238,1,11,260.750,28.77
1396547,863819,798081,293,833,248,1,11,270.750,28.77
1396547,454060,1130113,63,791,238,1,11,260.750,28.77
1396547,100955,323207,1,833,238,1,11,260.750,28.77
1396547,976062,366813,425,792,238,1,11,260.750,28.77
1396547,124861,1255857,38,792,238,1,11,260.750,28.77
1396547,1247712,123151,97,833,248,1,11,270.750,28.77
1396547,190040,542250,217,833,248,1,11,270.750,28.77
1396547,975142,195622,524,2000,238,1,11,260.750,28.77
1396547,659636,703856,87,875,248,1,12,271.000,28.77
1396547,375850,972983,239,916,238,1,11,260.750,28.77
1396547,1391740,822641,726,875,238,1,11,260.750,28.77
1396547,1181739,145789,117,834,238,1,11,260.750,28.77
1396547,5922,274468,278,833,248,1,11,270.750,28.77
1396547,730831,413881,148,2042,238,1,11,260.750,28.77
1396547,1058088,1081525,1369,833,238,1,11,260.750,28.77
1396547,1275268,1004800,183,792,238,1,11,260.750,28.77
1396547,817229,268054,28,2084,248,1,11,270.750,28.77
1396547,486984,1347354,322,791,238,1,11,260.750,28.77
1398127,197077,833358,396,833,250,1,12,273.000,23.28
1398127,374768,1207496,527,792,240,1,11,262.750,23.28
1398127,915132,88781,564,833,240,1,11,262.750,23.28
1398127,1033123,1032713,329,2000,240,1,11,262.750,23.28
1398127,607007,452923,427,833,250,1,11,272.750,23.28
1398127,1100176,21694,44,833,240,1,11,262.750,23.28
1398127,198328,488873,493,792,240,1,11,262.750,23.28
1398127,1394375,136913,246,833,250,1,12,273.000,23.28
1398127,168264,849829,69,792,250,1,11,272.750,23.28
1398127,1122411,834324,374,791,240,1,11,262.750,23.28
1398127,360322,332852,31,833,250,1,12,273.000,23.28
1398127,735625,497659,92,833,240,1,11,262.750,23.28
1398127,924880,973506,443,834,250,1,12,273.000,23.28
1398127,801653,1042478,918,792,250,1,11,272.750,23.28
1398127,488736,463830,364,2166,240,1,11,262.750,23.28
1398127,1328115,237422,228,834,250,1,12,273.000,23.28
1398127,50533,32484,224,833,250,1,11,272.750,23.28
1398127,499322,719344,288,834,240,1,11,262.750,23.28
1398127,699720,92855,363,791,240,1,11,262.750,23.28
1398127,431612,111962,49,791,240,1,11,262.750,23.28
1398619,878821,1002396,33,791,240,1,12,263.000,14.32
1398619,1102160,857487,220,792,250,1,11,272.750,14.32
1398619,236247,73021,78,833,250,1,12,273.000,14.32
1398619,893789,1158812,49,792,240,1,11,262.750,14.32
1398619,1211191,1055441,10,833,250,1,11,272.750,14.32
1398619,1213583,522127,302,834,250,1,11,272.750,14.32
1398619,731933,469367,414,2125,250,1,12,273.000,14.32
1398619,1246774,1006997,175,791,240,1,11,262.750,14.32
1398619,144845,533311,160,834,250,1,12,273.000,14.32
1398619,1045875,490250,399,792,240,1,11,262.750,14.32
1398619,695540,899840,4,792,240,1,11,262.750,14.32
1398619,576956,60888,29,834,240,1,11,262.750,14.32
1398619,1208462,880188,154,791,230,1,11,252.750,14.32
1398619,1211296,609885,9,833,240,1,11,262.750,14.32
1398619,635461,594829,18,833,240,1,11,262.750,14.32
1398619,78043,1108527,202,791,240,1,12,263.000,14.32
1398619,1286297,1345554,123,792,240,1,11,262.750,14.32
1398619,397743,1292018,35,834,240,1,12,263.000,14.32
1398619,282264,894036,169,792,240,1,11,262.750,14.32
1398619,38380,417281,105,834,240,1,12,263.000,14.32
1399609,1323098,1371130,77,875,251,1,13,274.250,17.24
1399609,192887,332211,689,834,241,1,12,264.000,17.24
1399609,1072334,1102166,435,833,251,1,11,273.750,17.24
1399609,591257,311493,7,959,251,1,13,274.250,17.24
1399609,1029280,543831,265,792,231,1,11,253.750,17.24
1399609,802520,3182,521,833,231,1,11,253.750,17.24
1399609,1016246,688036,158,833,241,1,12,264.000,17.24
1399609,789043,204387,118,875,251,1,13,274.250,17.24
1399609,495219,1031190,116,791,231,1,11,253.750,17.24
1399609,79263,872555,828,792,231,1,11,253.750,17.24
1399609,1079147,853039,273,833,231,1,11,253.750,17.24
1399609,276579,954408,224,834,251,1,11,273.750,17.24
1399609,352688,874401,232,834,251,1,11,273.750,17.24
1399609,695714,529538,80,833,241,1,12,264.000,17.24
1399609,387188,1147648,26,833,231,1,11,253.750,17.24
1399609,768530,347424,231,833,251,1,13,274.250,17.24
1399609,493172,603420,94,875,251,1,13,274.250,17.24
1399609,1194553,1369703,77,834,231,1,11,253.750,17.24
1399609,951838,186617,335,834,241,1,12,264.000,17.24
1399609,125933,1332140,17,791,231,1,11,253.750,17.24
1403641,256258,1221340,163,834,252,1,11,274.750,39.48
1403641,189191,557103,4,792,242,1,11,264.750,39.48
1403641,213203,46151,89,833,242,1,11,264.750,39.48
1403641,988365,1371164,508,834,252,1,12,275.000,39.48
1403641,427277,640106,90,834,252,1,11,274.750,39.48
1403641,829623,854675,1114,833,242,1,11,264.750,39.48
1403641,950321,1017996,405,833,252,1,11,274.750,39.48
1403641,632464,359171,9,792,252,1,11,274.750,39.48
1403641,1214645,2216,772,1958,252,1,11,274.750,39.48
1403641,587865,1395804,2268,1000,242,1,11,264.750,39.48
1403641,614484,1309574,16,1958,252,1,11,274.750,39.48
1403641,1086277,983596,847,834,252,1,11,274.750,39.48
1403641,108990,856672,233,833,252,1,11,274.750,39.48
1403641,431681,668887,5,1792,242,1,11,264.750,39.48
1403641,383908,227028,1839,834,252,1,11,274.750,39.48
1403641,1298445,491542,636,834,242,1,11,264.750,39.48
1403641,1361061,898406,73,833,242,1,11,264.750,39.48
1403641,573717,1125662,494,875,242,1,11,264.750,39.48
1403641,507765,357795,529,792,242,1,11,264.750,39.48
1403641,916621,416982,800,792,242,1,11,264.750,39.48
1405363,1021012,1001558,132,791,239,1,11,261.750,10.55
1405363,628030,1145440,78,833,239,1,11,261.750,10.55
1405363,993827,1024660,56,791,239,1,11,261.750,10.55
1405363,113190,410859,535,833,239,1,11,261.750,10.55
1405363,1168344,428835,33,833,239,1,11,261.750,10.55
1405363,1097916,776137,353,792,239,1,11,261.750,10.55
1405363,736072,333546,87,833,239,1,11,261.750,10.55
1405363,1026872,13843,21,792,239,1,11,261.750,10.55
1405363,1323482,1117418,178,1810,239,1,11,261.750,10.55
1405363,1278062,1045403,37,791,239,1,11,261.750,10.55
1405363,1058495,112224,181,792,239,1,11,261.750,10.55
1405363,271183,48059,167,792,239,1,11,261.750,10.55
1405363,1127303,747536,1,834,239,1,11,261.750,10.55
1405363,949561,1222581,64,1834,239,1,11,261.750,10.55
1405363,403210,90961,326,791,239,1,11,261.750,10.55
1405363,1376305,1145961,18,833,249,1,12,272.000,10.55
1405363,39442,1248201,56,792,239,1,11,261.750,10.55
1405363,355381,286193,44,833,249,1,11,271.750,10.55
1405363,699867,666071,75,833,239,1,11,261.750,10.55
1405363,938303,1116306,499,833,249,1,11,271.750,10.55
1407247,630989,707659,243,833,249,1,11,271.750,34.70
1407247,1186901,55882,34,875,239,1,14,262.500,34.70
1407247,767048,901309,235,833,239,1,11,261.750,34.70
1407247,682344,1060111,230,834,249,1,11,271.750,34.70
1407247,113813,222941,352,833,249,1,11,271.750,34.70
1407247,394198,866582,157,834,249,1,11,271.750,34.70
1407247,518678,1226109,31,833,239,1,14,262.500,34.70
1407247,6055,1285233,41,791,229,1,13,252.250,34.70
1407247,1246536,878618,300,834,249,1,11,271.750,34.70
1407247,1386838,1025361,1255,875,249,1,15,272.750,34.70
1407247,928418,48722,290,792,249,1,11,271.750,34.70
1407247,615227,1107598,590,833,249,1,11,271.750,34.70
1407247,1232204,1280092,738,792,239,1,11,261.750,34.70
1407247,693158,346726,7,1875,249,1,11,271.750,34.70
1407247,1066816,439747,908,791,239,1,11,261.750,34.70
1407247,746888,829109,720,833,239,1,14,262.500,34.70
1407247,1028333,1378345,2,834,249,1,11,271.750,34.70
1407247,796900,54611,16,792,229,1,13,252.250,34.70
1407247,1032482,793615,388,834,249,1,11,271.750,34.70
1407247,877892,965073,267,833,249,1,11,271.750,34.70
1407667,589999,805405,347,792,220,1,12,243.000,31.39
1407667,398129,1099433,832,833,240,1,14,263.500,31.39
1407667,635275,880765,81,767,210,1,11,232.750,31.39
1407667,1261760,730225,355,959,220,1,12,243.000,31.39
1407667,279113,295955,434,833,250,1,11,272.750,31.39
1407667,399831,1230706,489,1875,240,1,14,263.500,31.39
1407667,329819,415087,1289,833,250,1,11,272.750,31.39
1407667,1130205,602108,123,834,250,1,11,272.750,31.39
1407667,585486,566439,13,875,240,1,14,263.500,31.39
1407667,979731,528849,1205,833,250,1,11,272.750,31.39
1407667,572540,1098666,471,833,230,1,13,253.250,31.39
1407667,815055,1077705,223,1792,210,1,11,232.750,31.39
1407667,729951,525835,18,875,240,1,14,263.500,31.39
1407667,373520,220199,180,850,250,1,11,272.750,31.39
1407667,821129,1313160,354,833,250,1,11,272.750,31.39
1407667,417289,457615,617,875,250,1,11,272.750,31.39
1407667,931362,40685,372,917,240,1,14,263.500,31.39
1407667,1332258,266172,1050,1917,250,1,11,272.750,31.39
1407667,839960,296848,86,875,240,1,14,263.500,31.39
1407667,310211,373525,688,875,240,1,14,263.500,31.39
1408601,1360900,270051,458,833,252,1,11,274.750,23.76
1408601,279998,312119,66,833,252,1,11,274.750,23.76
1408601,1089386,389670,146,833,222,1,12,245.000,23.76
1408601,263177,995453,310,875,222,1,12,245.000,23.76
1408601,1373861,278384,752,833,252,1,11,274.750,23.76
1408601,152871,427244,919,792,222,1,12,245.000,23.76
1408601,2701,609949,203,875,242,1,14,265.500,23.76
1408601,84593,1010727,330,1851,222,1,12,245.000,23.76
1408601,19553,338207,184,875,242,1,14,265.500,23.76
1408601,80239,813583,663,875,252,1,15,275.750,23.76
1408601,25861,1372212,205,833,252,1,11,274.750,23.76
1408601,152808,1166060,21,875,252,1,11,274.750,23.76
1408601,567854,1321465,161,791,212,1,11,234.750,23.76
1408601,299526,196199,643,792,212,1,11,234.750,23.76
1408601,753871,538215,535,833,232,1,13,255.250,23.76
1408601,371878,394531,201,916,232,1,13,255.250,23.76
1408601,322794,575007,244,792,222,1,12,245.000,23.76
1408601,1008588,894248,202,833,252,1,11,274.750,23.76
1408601,537889,1034864,45,791,222,1,12,245.000,23.76
1408601,491332,978511,651,792,222,1,12,245.000,23.76
1409237,330101,219947,1503,833,227,1,13,250.250,38.77
1409237,436309,1014134,673,791,207,1,11,229.750,38.77
1409237,379379,1196526,219,875,247,1,15,270.750,38.77
1409237,235322,384928,152,833,227,1,13,250.250,38.77
1409237,152938,582227,1199,834,227,1,13,250.250,38.77
1409237,209160,542231,334,791,217,1,12,240.000,38.77
1409237,305906,486245,523,834,227,1,13,250.250,38.77
1409237,255435,393858,211,833,247,1,11,269.750,38.77
1409237,1054014,713239,414,791,217,1,12,240.000,38.77
1409237,938214,299303,103,833,227,1,13,250.250,38.77
1409237,838060,709842,1,792,227,1,13,250.250,38.77
1409237,884261,1036127,587,833,227,1,13,250.250,38.77
1409237,630753,790381,359,792,217,1,12,240.000,38.77
1409237,1034324,531988,304,875,247,1,15,270.750,38.77
1409237,1245895,51675,261,791,247,1,11,269.750,38.77
1409237,960112,1095760,305,1792,227,1,13,250.250,38.77
1409237,1362472,7072,90,833,227,1,13,250.250,38.77
1409237,302432,448673,99,834,227,1,13,250.250,38.77
1409237,997151,1201705,59,833,237,1,14,260.500,38.77
1409237,1006783,1335418,41,875,247,1,15,270.750,38.77
1410809,1136346,1198799,193,834,251,1,12,274.000,37.19
1410809,977890,1041238,532,833,251,1,11,273.750,37.19
1410809,439509,302710,63,792,221,1,12,244.000,37.19
1410809,1272385,349521,25,833,251,1,11,273.750,37.19
1410809,42943,291686,544,750,211,1,11,233.750,37.19
1410809,356652,1330103,798,834,241,1,11,263.750,37.19
1410809,838030,654197,728,833,251,1,11,273.750,37.19
1410809,770140,699109,407,792,221,1,12,244.000,37.19
1410809,1399491,357664,303,792,221,1,12,244.000,37.19
1410809,1322116,57284,244,833,231,1,13,254.250,37.19
1410809,198679,1173292,162,834,251,1,11,273.750,37.19
1410809,929228,44187,81,833,231,1,13,254.250,37.19
1410809,835182,593923,383,791,241,1,11,263.750,37.19
1410809,548572,699526,599,2041,221,1,12,244.000,37.19
1410809,707083,627112,147,834,251,1,12,274.000,37.19
1410809,715942,1361811,1420,792,241,1,11,263.750,37.19
1410809,1191537,400835,144,833,241,1,14,264.500,37.19
1410809,526746,597603,108,792,221,1,12,244.000,37.19
1410809,457636,25979,135,792,221,1,12,244.000,37.19
1410809,1315763,26780,254,958,281,1,14,304.500,37.19
1410823,465298,183795,86,750,207,1,11,229.750,30.22
1410823,719583,969583,16,875,237,1,14,260.500,30.22
1410823,542742,822516,46,834,237,1,14,260.500,30.22
1410823,328002,394872,165,834,237,1,11,259.750,30.22
1410823,98097,1147469,236,1958,237,1,11,259.750,30.22
1410823,1357687,947482,44,792,217,1,12,240.000,30.22
1410823,677256,116532,44,834,247,1,11,269.750,30.22
1410823,835035,335986,56,834,247,1,11,269.750,30.22
1410823,613733,404129,262,833,237,1,14,260.500,30.22
1410823,473433,715258,565,833,247,1,11,269.750,30.22
1410823,145323,1252721,835,833,247,1,11,269.750,30.22
1410823,688183,139815,34,792,247,1,11,269.750,30.22
1410823,859110,580965,239,833,247,1,11,269.750,30.22
1410823,279127,1185493,653,833,227,1,13,250.250,30.22
1410823,294447,1058274,243,834,247,1,11,269.750,30.22
1410823,570802,382272,333,792,237,1,11,259.750,30.22
1410823,1175406,119020,245,833,247,1,11,269.750,30.22
1410823,1091185,746495,1303,834,247,1,11,269.750,30.22
1410823,1017298,21249,158,875,237,1,14,260.500,30.22
1410823,686868,582685,341,833,237,1,11,259.750,30.22
1411777,269419,25706,312,875,251,1,12,274.000,25.25
1411777,970398,783222,293,833,241,1,11,263.750,25.25
1411777,23404,1358870,464,834,251,1,12,274.000,25.25
1411777,123531,1229351,1029,833,251,1,11,273.750,25.25
1411777,478066,809985,49,810,251,1,11,273.750,25.25
1411777,1189900,1263045,279,875,251,1,12,274.000,25.25
1411777,743051,1333459,1076,833,251,1,11,273.750,25.25
1411777,881141,16145,282,833,251,1,12,274.000,25.25
1411777,1118956,46970,333,834,251,1,11,273.750,25.25
1411777,700659,1030263,148,834,251,1,12,274.000,25.25
1411777,949148,502736,322,833,241,1,11,263.750,25.25
1411777,349268,1369869,69,833,251,1,11,273.750,25.25
1411777,911995,608303,473,875,251,1,12,274.000,25.25
1411777,1295877,839009,29,833,251,1,12,274.000,25.25
1411777,19085,195954,88,833,251,1,12,274.000,25.25
1411777,1133788,806754,481,833,251,1,11,273.750,25.25
1411777,1031798,804961,78,792,241,1,11,263.750,25.25
1411777,1084478,1078568,394,833,251,1,11,273.750,25.25
1411777,518272,231854,532,875,251,1,12,274.000,25.25
1411777,707481,1303339,323,792,251,1,11,273.750,25.25
1412689,220224,904747,771,833,240,1,11,262.750,20.71
1412689,287304,777070,38,834,250,1,12,273.000,20.71
1412689,439569,1155665,124,791,250,1,11,272.750,20.71
1412689,1029712,1036540,17,833,250,1,12,273.000,20.71
1412689,184754,749715,92,833,250,1,11,272.750,20.71
1412689,964305,931484,295,833,240,1,11,262.750,20.71
1412689,772415,1331710,277,833,250,1,12,273.000,20.71
1412689,959723,1262376,595,833,250,1,11,272.750,20.71
1412689,260132,106240,62,833,250,1,12,273.000,20.71
1412689,198276,439330,547,834,240,1,11,262.750,20.71
1412689,830161,52778,65,834,250,1,11,272.750,20.71
1412689,691882,411283,270,834,250,1,12,273.000,20.71
1412689,872165,1028166,577,833,250,1,11,272.750,20.71
1412689,721096,1041095,225,792,250,1,11,272.750,20.71
1412689,1176477,324924,444,792,250,1,11,272.750,20.71
1412689,140039,1397176,182,833,240,1,11,262.750,20.71
1412689,357739,628503,78,792,250,1,11,272.750,20.71
1412689,1241533,1350734,402,833,240,1,11,262.750,20.71
1412689,1339587,337201,98,833,240,1,11,262.750,20.71
1412689,211267,797465,536,833,240,1,11,262.750,20.71
1413103,433919,288542,406,834,242,1,11,264.750,24.80
1413103,1336708,919285,607,833,242,1,11,264.750,24.80
1413103,193035,466447,309,834,242,1,11,264.750,24.80
1413103,930385,686252,60,833,252,1,11,274.750,24.80
1413103,146225,310106,33,834,242,1,11,264.750,24.80
1413103,22627,161605,7,2084,242,1,11,264.750,24.80
1413103,663452,115153,91,834,252,1,12,275.000,24.80
1413103,686949,1365870,37,833,242,1,11,264.750,24.80
1413103,637859,282733,332,791,242,1,11,264.750,24.80
1413103,118036,201610,725,833,242,1,11,264.750,24.80
1413103,294238,779231,500,833,252,1,12,275.000,24.80
1413103,1071852,518137,17,958,242,1,11,264.750,24.80
1413103,1006947,1055674,228,833,242,1,11,264.750,24.80
1413103,351499,547414,189,833,242,1,11,264.750,24.80
1413103,273891,994894,111,834,242,1,11,264.750,24.80
1413103,1384055,479039,696,833,242,1,11,264.750,24.80
1413103,695669,1406759,66,792,242,1,11,264.750,24.80
1413103,365825,1211555,18,833,252,1,12,275.000,24.80
1413103,358875,501564,36,833,242,1,11,264.750,24.80
1413103,659867,1287421,163,833,242,1,11,264.750,24.80
1414067,188619,156280,9,959,239,1,11,261.750,14.02
1414067,1052711,175169,8,851,239,1,11,261.750,14.02
1414067,391121,1111453,38,792,239,1,11,261.750,14.02
1414067,1296415,810661,161,834,249,1,12,272.000,14.02
1414067,424549,1288035,194,834,249,1,12,272.000,14.02
1414067,475548,1286571,272,833,249,1,12,272.000,14.02
1414067,726952,439420,35,850,249,1,12,272.000,14.02
1414067,892760,1395402,232,791,239,1,11,261.750,14.02
1414067,1211005,66532,112,792,239,1,11,261.750,14.02
1414067,160924,1099405,20,833,239,1,11,261.750,14.02
1414067,535560,1169796,435,833,249,1,11,271.750,14.02
1414067,261010,449186,272,792,239,1,11,261.750,14.02
1414067,321761,1216751,278,792,249,1,11,271.750,14.02
1414067,969168,747990,713,833,239,1,11,261.750,14.02
1414067,621939,297045,104,791,239,1,11,261.750,14.02
1414067,891305,292870,20,834,249,1,11,271.750,14.02
1414067,77392,1121995,58,2125,239,1,11,261.750,14.02
1414067,1345915,1062135,83,1684,249,1,11,271.750,14.02
1414067,452053,527638,248,1792,239,1,11,261.750,14.02
1414067,1325413,569158,649,792,239,1,11,261.750,14.02
1416043,1066960,1054493,143,791,230,1,11,252.750,12.89
1416043,1360880,1092469,44,875,250,1,13,273.250,12.89
1416043,1238649,445237,31,834,250,1,11,272.750,12.89
1416043,442299,677094,670,1917,250,1,11,272.750,12.89
1416043,788075,1185593,316,917,250,1,13,273.250,12.89
1416043,695826,693955,48,834,230,1,11,252.750,12.89
1416043,496696,588582,220,833,250,1,11,272.750,12.89
1416043,856730,484127,323,1833,230,1,11,252.750,12.89
1416043,327177,801210,50,833,240,1,12,263.000,12.89
1416043,595471,1354874,198,791,230,1,11,252.750,12.89
1416043,362194,751908,218,792,230,1,11,252.750,12.89
1416043,278651,218445,62,833,240,1,12,263.000,12.89
1416043,1079625,778154,403,834,240,1,12,263.000,12.89
1416043,825358,283749,51,833,240,1,12,263.000,12.89
1416043,687928,438269,168,833,250,1,13,273.250,12.89
1416043,608942,1276808,11,833,250,1,13,273.250,12.89
1416043,118051,129868,11,834,250,1,13,273.250,12.89
1416043,1395972,245255,331,833,240,1,12,263.000,12.89
1416043,504989,856725,89,875,250,1,13,273.250,12.89
1416043,406681,922544,303,2000,240,1,12,263.000,12.89
1416211,790842,201807,558,792,227,1,11,249.750,19.98
1416211,59777,763406,211,792,227,1,11,249.750,19.98
1416211,391741,1081728,63,1833,227,1,11,249.750,19.98
1416211,1341400,626896,222,1708,237,1,12,260.000,19.98
1416211,564308,669730,181,791,227,1,11,249.750,19.98
1416211,413048,1104358,61,767,227,1,11,249.750,19.98
1416211,1415308,376023,320,875,247,1,13,270.250,19.98
1416211,85825,1144218,179,875,247,1,13,270.250,19.98
1416211,1392210,305469,75,834,237,1,12,260.000,19.98
1416211,613578,818581,19,792,237,1,12,260.000,19.98
1416211,460673,1415734,313,833,237,1,12,260.000,19.98
1416211,1343122,967973,428,791,247,1,11,269.750,19.98
1416211,491487,22172,338,833,237,1,12,260.000,19.98
1416211,179599,1341776,221,1875,247,1,11,269.750,19.98
1416211,814826,913441,957,834,237,1,12,260.000,19.98
1416211,207444,1018216,424,833,237,1,12,260.000,19.98
1416211,95388,201373,69,833,237,1,12,260.000,19.98
1416211,1054976,50730,252,875,247,1,13,270.250,19.98
1416211,897981,372095,363,833,237,1,12,260.000,19.98
1416211,1152401,1019168,372,834,247,1,11,269.750,19.98
1417883,1245375,345092,77,834,238,1,12,261.000,21.80
1417883,202041,140121,34,792,238,1,12,261.000,21.80
1417883,229365,439498,40,834,228,1,11,250.750,21.80
1417883,288359,1179249,1009,834,248,1,11,270.750,21.80
1417883,776085,524536,602,834,248,1,11,270.750,21.80
1417883,1237708,288709,87,834,248,1,11,270.750,21.80
1417883,557660,292556,1671,792,238,1,12,261.000,21.80
1417883,1020047,1212124,37,833,238,1,12,261.000,21.80
1417883,565660,230102,573,833,248,1,11,270.750,21.80
1417883,1073719,545297,84,833,238,1,12,261.000,21.80
1417883,970462,216042,434,792,238,1,12,261.000,21.80
1417883,816284,992605,22,833,248,1,11,270.750,21.80
1417883,478823,980906,60,2250,238,1,12,261.000,21.80
1417883,217280,1233996,364,834,248,1,11,270.750,21.80
1417883,1352940,1187302,428,792,238,1,12,261.000,21.80
1417883,876941,403361,155,833,248,1,11,270.750,21.80
1417883,225241,584912,1,833,238,1,12,261.000,21.80
1417883,790327,180352,503,834,248,1,11,270.750,21.80
1417883,815857,215267,16,834,248,1,11,270.750,21.80
1417883,404248,420618,25,792,228,1,11,250.750,21.80
1420357,269748,754226,369,833,248,1,11,270.750,48.00
1420357,466712,469066,24,834,248,1,12,271.000,48.00
1420357,547358,114924,223,833,248,1,12,271.000,48.00
1420357,1413753,711936,626,833,248,1,11,270.750,48.00
1420357,1413826,63436,491,833,248,1,11,270.750,48.00
1420357,932780,592936,1548,833,248,1,11,270.750,48.00
1420357,302418,677692,2551,833,248,1,11,270.750,48.00
1420357,706372,213463,164,834,248,1,12,271.000,48.00
1420357,221540,764305,741,2142,248,1,11,270.750,48.00
1420357,1166653,911105,725,834,248,1,11,270.750,48.00
1420357,523056,875695,121,833,248,1,11,270.750,48.00
1420357,953645,103596,639,833,238,1,11,260.750,48.00
1420357,743047,983993,1215,1959,248,1,11,270.750,48.00
1420357,1189843,210353,560,833,248,1,11,270.750,48.00
1420357,1394897,641624,645,834,238,1,11,260.750,48.00
1420357,493127,894662,66,792,238,1,11,260.750,48.00
1420357,422000,1187478,763,833,248,1,11,270.750,48.00
1420357,506601,1190657,17,1959,248,1,11,270.750,48.00
1420357,375591,713114,918,792,248,1,11,270.750,48.00
1420357,975268,746304,691,792,238,1,11,260.750,48.00
1421543,1022389,656475,188,833,249,1,11,271.750,46.19
1421543,1404177,97488,97,792,239,1,11,261.750,46.19
1421543,1005979,733202,244,833,249,1,11,271.750,46.19
1421543,1416165,487391,74,833,249,1,11,271.750,46.19
1421543,1283329,343071,250,833,249,1,11,271.750,46.19
1421543,1295288,1301354,920,792,239,1,11,261.750,46.19
1421543,497287,1374549,187,1917,239,1,11,261.750,46.19
1421543,1200546,791128,275,2000,249,1,11,271.750,46.19
1421543,324114,799967,142,834,249,1,12,272.000,46.19
1421543,762558,592225,691,767,239,1,11,261.750,46.19
1421543,90443,1086847,2126,917,249,1,12,272.000,46.19
1421543,424326,942221,488,792,239,1,11,261.750,46.19
1421543,1324934,600397,475,833,249,1,12,272.000,46.19
1421543,1105169,1285306,217,833,239,1,11,261.750,46.19
1421543,1372413,1189055,1243,792,239,1,11,261.750,46.19
1421543,1021560,140616,60,833,249,1,11,271.750,46.19
1421543,788841,1282249,108,792,239,1,11,261.750,46.19
1421543,121222,702308,617,792,249,1,11,271.750,46.19
1421543,370612,57658,8,834,249,1,11,271.750,46.19
1421543,680000,7214,44,833,249,1,12,272.000,46.19
1421911,998655,398089,3,1000,239,1,11,261.750,11.30
1421911,83399,366158,277,833,249,1,12,272.000,11.30
1421911,592292,923633,48,1958,249,1,11,271.750,11.30
1421911,383250,1082830,34,834,239,1,11,261.750,11.30
1421911,865450,1079149,120,809,239,1,11,261.750,11.30
1421911,1314744,703053,186,833,239,1,11,261.750,11.30
1421911,564699,1124825,47,833,249,1,12,272.000,11.30
1421911,1342265,873267,17,875,249,1,11,271.750,11.30
1421911,188275,658863,204,792,239,1,11,261.750,11.30
1421911,77570,392667,156,1833,239,1,11,261.750,11.30
1421911,1241145,212870,388,1833,249,1,11,271.750,11.30
1421911,55372,1157795,156,833,239,1,11,261.750,11.30
1421911,671772,212667,114,833,249,1,12,272.000,11.30
1421911,880657,980060,151,875,249,1,11,271.750,11.30
1421911,627592,995686,423,834,239,1,11,261.750,11.30
1421911,179130,367405,142,833,249,1,11,271.750,11.30
1421911,9344,332545,13,792,239,1,11,261.750,11.30
1421911,536048,411743,65,791,239,1,11,261.750,11.30
1421911,811012,1020667,148,792,239,1,11,261.750,11.30
1421911,944068,564902,459,792,239,1,11,261.750,11.30
1422749,69188,1184862,994,833,251,1,11,273.750,50.99
1422749,826395,331625,249,792,241,1,11,263.750,50.99
1422749,434869,1400041,277,833,251,1,11,273.750,50.99
1422749,511262,1387460,658,792,251,1,11,273.750,50.99
1422749,1340119,971049,114,875,251,1,12,274.000,50.99
1422749,1421268,103599,344,833,251,1,11,273.750,50.99
1422749,1168031,1377757,1716,833,251,1,11,273.750,50.99
1422749,1380818,1281123,517,833,251,1,11,273.750,50.99
1422749,1113061,1136257,49,833,251,1,11,273.750,50.99
1422749,643509,1339154,759,834,251,1,11,273.750,50.99
1422749,197057,848347,113,1875,251,1,12,274.000,50.99
1422749,1181063,446242,128,1709,251,1,11,273.750,50.99
1422749,1134525,1259821,54,834,251,1,11,273.750,50.99
1422749,840362,557340,348,833,241,1,11,263.750,50.99
1422749,1015429,805310,1175,834,251,1,12,274.000,50.99
1422749,527663,389099,323,834,251,1,12,274.000,50.99
1422749,700218,1053362,1185,833,251,1,11,273.750,50.99
1422749,738853,84704,2839,833,251,1,11,273.750,50.99
1422749,744977,1192152,2099,833,251,1,11,273.750,50.99
1422749,103789,494960,269,833,251,1,12,274.000,50.99
1423237,314676,267308,188,833,250,1,11,272.750,37.45
1423237,411369,873018,344,834,250,1,11,272.750,37.45
1423237,1397355,903053,445,791,230,1,12,253.000,37.45
1423237,588395,431437,135,833,250,1,11,272.750,37.45
1423237,1104827,632636,137,833,250,1,11,272.750,37.45
1423237,825579,593682,386,833,250,1,11,272.750,37.45
1423237,241664,204546,323,833,250,1,11,272.750,37.45
1423237,232627,759676,27,1917,250,1,11,272.750,37.45
1423237,143314,845892,1131,833,250,1,14,273.500,37.45
1423237,5678,1050901,43,833,250,1,11,272.750,37.45
1423237,197964,1066201,171,850,250,1,11,272.750,37.45
1423237,44109,322603,207,834,250,1,12,273.000,37.45
1423237,659812,243377,797,833,250,1,11,272.750,37.45
1423237,1128560,1149012,442,1893,250,1,11,272.750,37.45
1423237,841983,949045,53,792,240,1,11,262.750,37.45
1423237,250804,1161469,367,834,250,1,11,272.750,37.45
1423237,1163867,169650,4,834,250,1,11,272.750,37.45
1423237,831524,676032,288,792,250,1,11,272.750,37.45
1423237,1160083,564009,1465,834,250,1,11,272.750,37.45
1423237,98314,1046611,255,791,230,1,12,253.000,37.45
1423691,1233978,194912,109,834,249,1,11,271.750,27.53
1423691,468951,370753,99,791,229,1,12,252.000,27.53
1423691,1294464,1137167,220,833,249,1,11,271.750,27.53
1423691,6308,165084,733,750,219,1,11,241.750,27.53
1423691,186473,837848,5,833,239,1,13,262.250,27.53
1423691,1109617,436361,93,875,239,1,13,262.250,27.53
1423691,1232460,1016133,184,833,239,1,13,262.250,27.53
1423691,932810,1276593,1211,833,229,1,12,252.000,27.53
1423691,1255692,1393822,282,833,249,1,11,271.750,27.53
1423691,13671,1092073,158,875,249,1,14,272.500,27.53
1423691,745688,407751,60,875,249,1,14,272.500,27.53
1423691,1244427,670673,406,792,219,1,11,241.750,27.53
1423691,1255692,920948,231,833,249,1,11,271.750,27.53
1423691,1088638,422818,112,791,229,1,12,252.000,27.53
1423691,1181841,54767,65,792,249,1,11,271.750,27.53
1423691,1132330,1232580,183,833,249,1,11,271.750,27.53
1423691,303969,955165,353,792,239,1,11,261.750,27.53
1423691,1199113,408397,62,791,219,1,11,241.750,27.53
1423691,1225503,842442,83,833,249,1,11,271.750,27.53
1423691,549581,850731,591,833,229,1,12,252.000,27.53
1428521,757498,44320,131,834,249,1,11,271.750,44.97
1428521,442560,872198,140,833,249,1,11,271.750,44.97
1428521,75478,1046418,786,833,249,1,12,272.000,44.97
1428521,1394579,589019,76,833,249,1,12,272.000,44.97
1428521,549463,925456,539,833,249,1,12,272.000,44.97
1428521,400981,438808,459,833,249,1,11,271.750,44.97
1428521,1249199,765192,1184,834,239,1,11,261.750,44.97
1428521,122854,104636,368,834,249,1,11,271.750,44.97
1428521,454531,914022,455,792,239,1,11,261.750,44.97
1428521,30666,1363518,441,834,249,1,12,272.000,44.97
1428521,326886,124610,1773,875,249,1,12,272.000,44.97
1428521,1257155,1396772,370,833,249,1,11,271.750,44.97
1428521,802330,1125031,962,833,249,1,11,271.750,44.97
1428521,162736,1015414,566,833,249,1,11,271.750,44.97
1428521,684477,1159691,1045,833,249,1,11,271.750,44.97
1428521,814042,681804,323,833,249,1,11,271.750,44.97
1428521,481743,316716,681,792,249,1,11,271.750,44.97
1428521,1259913,1303332,1,875,249,1,11,271.750,44.97
1428521,788203,1342355,1073,834,249,1,11,271.750,44.97
1428521,1201435,143129,947,833,249,1,11,271.750,44.97
1428703,648868,673021,641,833,241,1,11,263.750,27.67
1428703,451378,1402527,67,834,251,1,12,274.000,27.67
1428703,1072354,579589,177,792,241,1,11,263.750,27.67
1428703,627020,934059,270,833,241,1,11,263.750,27.67
1428703,1004273,434128,21,875,251,1,12,274.000,27.67
1428703,919795,535177,333,792,241,1,11,263.750,27.67
1428703,1122295,228104,385,1834,241,1,11,263.750,27.67
1428703,616445,1095688,306,791,241,1,11,263.750,27.67
1428703,699124,415924,19,834,251,1,11,273.750,27.67
1428703,1141943,1148710,161,833,241,1,11,263.750,27.67
1428703,1220332,719372,840,833,241,1,11,263.750,27.67
1428703,777508,36709,37,875,251,1,12,274.000,27.67
1428703,162899,2464,146,1917,241,1,11,263.750,27.67
1428703,958119,602402,213,875,251,1,12,274.000,27.67
1428703,996958,342644,274,833,241,1,11,263.750,27.67
1428703,35945,675766,601,1959,251,1,11,273.750,27.67
1428703,816760,779824,557,834,241,1,11,263.750,27.67
1428703,1109469,1407138,447,791,241,1,11,263.750,27.67
1428703,600393,1051509,401,833,251,1,11,273.750,27.67
1428703,1194803,110189,1686,792,241,1,11,263.750,27.67
1429063,599353,814213,252,833,239,1,11,261.750,18.65
1429063,943602,1191238,232,792,239,1,11,261.750,18.65
1429063,436037,739437,688,834,249,1,11,271.750,18.65
1429063,721707,690898,603,2042,249,1,12,272.000,18.65
1429063,14736,661107,35,792,239,1,11,261.750,18.65
1429063,925978,452834,279,833,249,1,11,271.750,18.65
1429063,4235,850410,154,791,239,1,11,261.750,18.65
1429063,468102,386169,304,792,239,1,11,261.750,18.65
1429063,817647,998201,129,2042,239,1,11,261.750,18.65
1429063,495102,283460,51,833,239,1,11,261.750,18.65
1429063,153474,844048,4,834,249,1,12,272.000,18.65
1429063,1170293,989247,152,1708,239,1,11,261.750,18.65
1429063,878359,1328213,822,1875,239,1,11,261.750,18.65
1429063,794361,1347163,78,792,239,1,11,261.750,18.65
1429063,581545,561055,135,834,249,1,11,271.750,18.65
1429063,564934,212921,77,834,239,1,11,261.750,18.65
1429063,1324940,958772,188,834,239,1,11,261.750,18.65
1429063,569825,986848,363,1917,239,1,11,261.750,18.65
1429063,373153,55011,160,833,239,1,11,261.750,18.65
1429063,910208,543244,459,792,239,1,11,261.750,18.65
1429369,654415,999714,185,833,253,1,11,275.750,36.85
1429369,172818,1195347,28,833,253,1,11,275.750,36.85
1429369,677290,867607,561,833,243,1,11,265.750,36.85
1429369,256674,1246288,241,1833,253,1,11,275.750,36.85
1429369,990819,821720,10,833,243,1,11,265.750,36.85
1429369,263701,644812,1128,875,253,1,12,276.000,36.85
1429369,91863,1208883,319,1750,253,1,12,276.000,36.85
1429369,47043,732572,109,833,243,1,11,265.750,36.85
1429369,719851,826210,11,792,243,1,11,265.750,36.85
1429369,952760,466844,618,875,253,1,12,276.000,36.85
1429369,648736,414754,625,875,253,1,12,276.000,36.85
1429369,1017649,542232,349,833,243,1,11,265.750,36.85
1429369,496995,11120,1059,834,253,1,11,275.750,36.85
1429369,141544,1037397,27,1792,253,1,11,275.750,36.85
1429369,1125502,260391,208,833,253,1,11,275.750,36.85
1429369,901894,904300,114,792,253,1,11,275.750,36.85
1429369,450586,952780,542,833,243,1,11,265.750,36.85
1429369,126293,473621,190,791,243,1,11,265.750,36.85
1429369,326288,352633,400,834,243,1,11,265.750,36.85
1429369,277695,1198309,103,833,253,1,11,275.750,36.85
1429721,1041086,1079270,1427,833,250,1,11,272.750,66.34
1429721,1199897,70747,746,792,240,1,11,262.750,66.34
1429721,258033,1313207,84,833,240,1,11,262.750,66.34
1429721,1173905,1322511,1670,834,240,1,11,262.750,66.34
1429721,784165,1243686,183,833,250,1,11,272.750,66.34
1429721,899810,132695,609,1959,250,1,11,272.750,66.34
1429721,1145699,505963,629,1833,240,1,11,262.750,66.34
1429721,86373,360064,503,834,250,1,12,273.000,66.34
1429721,1128535,908979,706,792,240,1,11,262.750,66.34
1429721,917153,484064,35,791,240,1,11,262.750,66.34
1429721,1128740,709366,36,834,250,1,12,273.000,66.34
1429721,872742,193711,622,833,240,1,11,262.750,66.34
1429721,51302,923181,53,1833,250,1,12,273.000,66.34
1429721,703774,1237838,332,833,250,1,11,272.750,66.34
1429721,330510,870621,384,792,250,1,11,272.750,66.34
1429721,1343402,697090,178,875,250,1,12,273.000,66.34
1429721,1139715,365579,193,1833,250,1,11,272.750,66.34
1429721,971631,1029823,1035,833,250,1,11,272.750,66.34
1429721,659986,470368,745,834,250,1,12,273.000,66.34
1429721,1367112,154762,2182,833,250,1,12,273.000,66.34
1431191,537129,120305,608,833,240,1,11,262.750,38.08
1431191,1167807,988270,664,834,250,1,11,272.750,38.08
1431191,940552,631246,142,875,250,1,11,272.750,38.08
1431191,1177894,573749,1816,833,250,1,11,272.750,38.08
1431191,530028,1293890,108,833,240,1,11,262.750,38.08
1431191,422117,819297,560,833,250,1,12,273.000,38.08
1431191,400986,1350337,687,833,250,1,12,273.000,38.08
1431191,968474,369750,127,833,250,1,11,272.750,38.08
1431191,1006598,689002,78,833,240,1,11,262.750,38.08
1431191,365423,1333881,178,833,240,1,11,262.750,38.08
1431191,959569,1288449,1132,834,250,1,11,272.750,38.08
1431191,10147,648364,567,834,250,1,12,273.000,38.08
1431191,1295803,159857,782,917,250,1,11,272.750,38.08
1431191,467466,1095537,244,875,250,1,11,272.750,38.08
1431191,1092893,731690,298,834,250,1,11,272.750,38.08
1431191,422561,909423,817,833,250,1,11,272.750,38.08
1431191,1200670,1305433,20,833,250,1,11,272.750,38.08
1431191,864495,1341534,31,833,240,1,11,262.750,38.08
1431191,887893,1376418,1664,834,250,1,11,272.750,38.08
1431191,205003,671197,79,833,250,1,11,272.750,38.08
1431317,1163298,1172495,120,833,250,1,11,272.750,31.90
1431317,1056679,183529,274,833,250,1,11,272.750,31.90
1431317,440720,1312744,31,833,250,1,13,273.250,31.90
1431317,935439,808045,181,833,250,1,11,272.750,31.90
1431317,574943,1128069,203,833,250,1,11,272.750,31.90
1431317,239760,4845,996,833,250,1,13,273.250,31.90
1431317,1338111,1046670,198,834,250,1,11,272.750,31.90
1431317,1206751,1356822,46,833,250,1,11,272.750,31.90
1431317,1057258,752535,202,2041,250,1,11,272.750,31.90
1431317,59581,285188,46,792,240,1,12,263.000,31.90
1431317,807096,896665,674,791,230,1,11,252.750,31.90
1431317,499605,449214,285,833,250,1,12,273.000,31.90
1431317,1197337,27953,156,1959,230,1,11,252.750,31.90
1431317,51174,808636,24,833,240,1,12,263.000,31.90
1431317,1321544,1191575,538,792,230,1,11,252.750,31.90
1431317,1354261,460253,803,2102,250,1,11,272.750,31.90
1431317,937241,987983,467,833,250,1,11,272.750,31.90
1431317,992291,202600,101,875,250,1,11,272.750,31.90
1431317,926106,373867,119,833,240,1,11,262.750,31.90
1431317,21206,1242024,567,834,240,1,11,262.750,31.90
1438253,1437466,669641,110,834,250,1,11,272.750,29.62
1438253,249804,645159,234,792,240,1,11,262.750,29.62
1438253,1282587,1407855,238,792,240,1,11,262.750,29.62
1438253,778982,136790,197,850,250,1,11,272.750,29.62
1438253,363408,554638,160,875,250,1,12,273.000,29.62
1438253,230258,491385,39,833,250,1,11,272.750,29.62
1438253,574357,465216,434,875,250,1,12,273.000,29.62
1438253,1202731,984690,2276,833,250,1,12,273.000,29.62
1438253,1334466,74540,57,833,250,1,12,273.000,29.62
1438253,1262403,1218788,177,833,250,1,12,273.000,29.62
1438253,387088,687166,94,833,240,1,11,262.750,29.62
1438253,552717,1206687,1237,834,250,1,11,272.750,29.62
1438253,1343010,1221995,197,2125,250,1,12,273.000,29.62
1438253,665774,621567,3,1625,250,1,12,273.000,29.62
1438253,827946,80859,770,833,250,1,11,272.750,29.62
1438253,146320,516739,218,851,240,1,11,262.750,29.62
1438253,759369,542507,731,875,250,1,11,272.750,29.62
1438253,376946,796395,712,833,240,1,11,262.750,29.62
1438253,1391728,884627,123,875,250,1,12,273.000,29.62
1438253,344070,266808,179,834,250,1,12,273.000,29.62
1441523,1017468,1356248,110,875,253,1,11,275.750,39.49
1441523,155080,889680,56,833,253,1,11,275.750,39.49
1441523,720947,471525,885,875,223,1,14,246.500,39.49
1441523,622216,745411,703,833,253,1,11,275.750,39.49
1441523,128451,19024,93,875,243,1,16,267.000,39.49
1441523,389373,933307,447,917,243,1,16,267.000,39.49
1441523,98668,780840,528,875,243,1,16,267.000,39.49
1441523,944240,461484,154,2166,253,1,11,275.750,39.49
1441523,344955,78594,627,875,243,1,16,267.000,39.49
1441523,1048998,1172155,616,917,253,1,17,277.250,39.49
1441523,592970,591882,1275,833,253,1,11,275.750,39.49
1441523,621257,27304,160,875,233,1,15,256.750,39.49
1441523,1032858,144667,392,875,243,1,16,267.000,39.49
1441523,428189,115233,114,875,243,1,16,267.000,39.49
1441523,873638,189917,442,834,253,1,11,275.750,39.49
1441523,208182,388940,12,833,253,1,11,275.750,39.49
1441523,719822,644849,548,834,253,1,11,275.750,39.49
1441523,155080,671976,26,833,253,1,11,275.750,39.49
1441523,225955,1021814,372,875,243,1,16,267.000,39.49
1441523,829084,339730,248,792,223,1,14,246.500,39.49
1441591,686737,1046766,682,917,253,1,17,277.250,29.50
1441591,1065122,297302,238,875,243,1,16,267.000,29.50
1441591,488584,1245783,65,2209,253,1,17,277.250,29.50
1441591,562165,730200,344,875,243,1,16,267.000,29.50
1441591,751320,435211,171,1708,233,1,15,256.750,29.50
1441591,1347067,321290,265,875,243,1,16,267.000,29.50
1441591,1413461,1130378,411,875,243,1,16,267.000,29.50
1441591,976744,1297286,546,875,243,1,16,267.000,29.50
1441591,389746,264506,170,833,233,1,15,256.750,29.50
1441591,1149053,160245,17,958,243,1,16,267.000,29.50
1441591,1347946,833713,291,2083,243,1,16,267.000,29.50
1441591,623316,104020,97,875,243,1,16,267.000,29.50
1441591,430693,711082,1042,875,243,1,16,267.000,29.50
1441591,767903,898632,178,834,233,1,15,256.750,29.50
1441591,1345448,590301,270,875,253,1,17,277.250,29.50
1441591,583316,337925,1,875,243,1,16,267.000,29.50
1441591,1060090,139221,443,875,243,1,16,267.000,29.50
1441591,468458,184191,233,875,243,1,16,267.000,29.50
1441591,964150,60803,39,791,223,1,14,246.500,29.50
1441591,1020144,1184851,373,916,253,1,17,277.250,29.50
1446169,764041,155987,1258,791,237,1,11,259.750,77.28
1446169,598760,1153985,974,834,237,1,11,259.750,77.28
1446169,779751,525054,158,834,247,1,11,269.750,77.28
1446169,1408750,1222088,875,792,237,1,11,259.750,77.28
1446169,521325,391639,76,834,247,1,12,270.000,77.28
1446169,815315,259035,1019,851,247,1,11,269.750,77.28
1446169,92174,860219,1299,833,237,1,11,259.750,77.28
1446169,220335,1165151,534,834,237,1,11,259.750,77.28
1446169,917210,846779,557,833,247,1,11,269.750,77.28
1446169,674801,986518,1066,833,247,1,11,269.750,77.28
1446169,410320,256349,521,791,237,1,11,259.750,77.28
1446169,595791,615580,1574,875,247,1,12,270.000,77.28
1446169,9698,1151272,941,833,237,1,11,259.750,77.28
1446169,1132572,563576,26,833,247,1,11,269.750,77.28
1446169,1242538,1031435,651,792,237,1,11,259.750,77.28
1446169,177653,115183,443,792,237,1,11,259.750,77.28
1446169,933620,927257,1244,833,247,1,11,269.750,77.28
1446169,269340,70014,230,792,237,1,11,259.750,77.28
1446169,793857,1128868,326,833,247,1,11,269.750,77.28
1446169,262696,822267,588,2292,247,1,11,269.750,77.28
1447217,1103577,1161249,291,833,249,1,11,271.750,26.53
1447217,1170921,59788,78,833,249,1,11,271.750,26.53
1447217,1138003,1377249,392,852,239,1,11,261.750,26.53
1447217,551577,1083221,275,850,249,1,11,271.750,26.53
1447217,1275205,651800,248,833,249,1,11,271.750,26.53
1447217,1189087,288957,2259,2375,239,1,11,261.750,26.53
1447217,1144652,239789,3,834,249,1,11,271.750,26.53
1447217,663845,293609,247,833,249,1,11,271.750,26.53
1447217,1361888,1405902,591,792,239,1,11,261.750,26.53
1447217,493779,562008,115,833,249,1,11,271.750,26.53
1447217,346383,721473,109,833,239,1,11,261.750,26.53
1447217,404107,1195794,175,834,239,1,11,261.750,26.53
1447217,1139630,134395,704,1041,249,1,11,271.750,26.53
1447217,1280109,734912,25,834,249,1,12,272.000,26.53
1447217,487852,1042805,345,833,249,1,11,271.750,26.53
1447217,69305,1061543,383,2208,239,1,11,261.750,26.53
1447217,1182180,1074985,523,1916,249,1,11,271.750,26.53
1447217,448152,321817,251,833,249,1,11,271.750,26.53
1447217,1170055,1119114,34,833,249,1,11,271.750,26.53
1447217,1431485,440824,67,833,249,1,12,272.000,26.53
1448309,256087,1030170,329,792,229,1,11,251.750,13.42
1448309,449268,426871,129,792,239,1,12,262.000,13.42
1448309,599948,223945,315,834,249,1,13,272.250,13.42
1448309,650606,705165,17,833,249,1,11,271.750,13.42
1448309,381744,884442,58,850,249,1,11,271.750,13.42
1448309,1053376,71592,113,833,249,1,11,271.750,13.42
1448309,4857,324486,239,833,249,1,11,271.750,13.42
1448309,1325840,1268913,122,792,229,1,11,251.750,13.42
1448309,322419,1081681,79,1875,229,1,11,251.750,13.42
1448309,44150,1371510,121,833,239,1,12,262.000,13.42
1448309,36039,247929,204,792,229,1,11,251.750,13.42
1448309,686458,1336891,1,792,229,1,11,251.750,13.42
1448309,1048766,441598,215,833,249,1,13,272.250,13.42
1448309,557059,574851,29,809,249,1,11,271.750,13.42
1448309,898184,1121348,526,1834,249,1,11,271.750,13.42
1448309,674251,195470,94,1666,229,1,11,251.750,13.42
1448309,210401,1296400,58,834,229,1,11,251.750,13.42
1448309,26913,668428,447,792,229,1,11,251.750,13.42
1448309,445676,1096010,211,1791,249,1,11,271.750,13.42
1448309,659188,873891,380,833,239,1,12,262.000,13.42
1451059,1245000,627013,32,834,236,1,12,259.000,25.66
1451059,754778,1277745,128,833,236,1,12,259.000,25.66
1451059,150091,1122877,22,834,246,1,11,268.750,25.66
1451059,1003658,1127838,878,833,246,1,11,268.750,25.66
1451059,86008,1114598,758,791,226,1,11,248.750,25.66
1451059,907500,1224634,718,1917,236,1,12,259.000,25.66
1451059,315294,627894,405,833,236,1,12,259.000,25.66
1451059,1130424,1339249,52,791,236,1,12,259.000,25.66
1451059,1159525,916440,59,875,246,1,13,269.250,25.66
1451059,725637,93224,496,834,246,1,11,268.750,25.66
1451059,1348405,99004,316,834,246,1,11,268.750,25.66
1451059,877576,382109,353,1916,236,1,12,259.000,25.66
1451059,1412825,829889,132,834,246,1,11,268.750,25.66
1451059,509487,1257867,74,1684,236,1,12,259.000,25.66
1451059,532372,1007057,495,1833,236,1,12,259.000,25.66
1451059,895498,90280,479,834,246,1,11,268.750,25.66
1451059,354830,1198293,214,791,226,1,11,248.750,25.66
1451059,26299,376056,314,1958,246,1,11,268.750,25.66
1451059,141126,571133,607,875,246,1,13,269.250,25.66
1451059,785452,593844,572,792,236,1,12,259.000,25.66
1453489,309494,61638,494,1916,251,1,12,274.000,32.84
1453489,885956,609551,357,833,251,1,11,273.750,32.84
1453489,578757,23323,546,833,251,1,11,273.750,32.84
1453489,701083,544260,1036,833,241,1,11,263.750,32.84
1453489,1047467,269347,901,917,251,1,12,274.000,32.84
1453489,809998,839179,213,833,241,1,11,263.750,32.84
1453489,1422582,1068988,192,833,241,1,11,263.750,32.84
1453489,1991,27330,654,1875,251,1,11,273.750,32.84
1453489,405203,532838,54,833,251,1,11,273.750,32.84
1453489,714978,166687,485,834,251,1,12,274.000,32.84
1453489,366285,555168,19,833,241,1,11,263.750,32.84
1453489,96449,1260712,12,834,241,1,11,263.750,32.84
1453489,1207673,861033,141,834,241,1,11,263.750,32.84
1453489,233469,142330,1370,833,241,1,11,263.750,32.84
1453489,1055862,1236285,632,834,251,1,11,273.750,32.84
1453489,1439559,167124,325,833,251,1,12,274.000,32.84
1453489,1278894,213493,978,875,251,1,12,274.000,32.84
1453489,146305,72690,83,833,241,1,11,263.750,32.84
1453489,460857,475672,418,833,251,1,11,273.750,32.84
1453489,140803,550548,6,833,241,1,11,263.750,32.84
1455653,1124577,776242,1143,833,248,1,12,271.000,41.71
1455653,1245522,898696,1584,834,248,1,12,271.000,41.71
1455653,90583,1375698,246,834,248,1,11,270.750,41.71
1455653,679265,670800,452,1916,238,1,11,260.750,41.71
1455653,1139352,72609,768,1709,248,1,12,271.000,41.71
1455653,96919,555153,238,833,248,1,11,270.750,41.71
1455653,1364817,1167326,1580,833,248,1,11,270.750,41.71
1455653,1346877,574510,269,834,248,1,11,270.750,41.71
1455653,183286,809503,163,833,248,1,11,270.750,41.71
1455653,1081830,564386,713,791,248,1,11,270.750,41.71
1455653,929436,706488,52,833,248,1,11,270.750,41.71
1455653,19250,360306,16,833,248,1,11,270.750,41.71
1455653,1115216,836627,1096,833,248,1,12,271.000,41.71
1455653,1021009,794714,935,1851,248,1,11,270.750,41.71
1455653,888361,1126551,115,833,248,1,11,270.750,41.71
1455653,746878,439354,471,833,248,1,12,271.000,41.71
1455653,1070379,175646,1126,834,248,1,11,270.750,41.71
1455653,1399425,1216554,111,834,248,1,11,270.750,41.71
1455653,1089185,919103,246,833,248,1,11,270.750,41.71
1455653,1207715,802897,188,875,248,1,12,271.000,41.71
1455959,1364712,465626,457,833,250,1,11,272.750,23.22
1455959,474645,1084742,120,834,240,1,11,262.750,23.22
1455959,222202,84229,184,833,240,1,13,263.250,23.22
1455959,453018,806698,70,833,240,1,11,262.750,23.22
1455959,1328323,1296259,79,833,240,1,11,262.750,23.22
1455959,1303490,298501,335,834,250,1,11,272.750,23.22
1455959,843287,997388,9,833,240,1,11,262.750,23.22
1455959,1304356,366593,21,833,250,1,12,273.000,23.22
1455959,1048926,1090451,407,809,240,1,11,262.750,23.22
1455959,1063905,1373890,2,833,240,1,13,263.250,23.22
1455959,749263,1244960,85,792,240,1,11,262.750,23.22
1455959,584842,390654,108,833,240,1,13,263.250,23.22
1455959,681322,1289667,117,834,250,1,11,272.750,23.22
1455959,1082176,858525,70,833,240,1,11,262.750,23.22
1455959,1116536,290685,399,833,240,1,11,262.750,23.22
1455959,1437114,835170,621,833,250,1,11,272.750,23.22
1455959,113751,621813,52,750,220,1,11,242.750,23.22
1455959,962233,887797,394,833,250,1,11,272.750,23.22
1455959,231734,522515,23,834,250,1,11,272.750,23.22
1455959,1444621,629640,951,1750,230,1,12,253.000,23.22
1456229,311900,877421,215,791,228,1,12,251.000,22.92
1456229,312289,111823,32,834,248,1,11,270.750,22.92
1456229,597057,468796,216,834,248,1,11,270.750,22.92
1456229,1010655,960981,37,833,228,1,12,251.000,22.92
1456229,216747,338151,86,792,228,1,12,251.000,22.92
1456229,840355,1297527,247,875,248,1,14,271.500,22.92
1456229,512905,481886,567,834,248,1,11,270.750,22.92
1456229,888865,929057,272,875,248,1,12,271.000,22.92
1456229,1027439,65962,135,958,248,1,14,271.500,22.92
1456229,436618,244737,175,833,238,1,13,261.250,22.92
1456229,1180268,10920,250,810,228,1,12,251.000,22.92
1456229,601178,646437,357,834,248,1,11,270.750,22.92
1456229,270917,375285,43,833,228,1,12,251.000,22.92
1456229,55310,866639,324,833,238,1,11,260.750,22.92
1456229,227725,1381283,136,834,238,1,13,261.250,22.92
1456229,617023,1135970,356,791,228,1,12,251.000,22.92
1456229,1065957,1422226,193,833,228,1,12,251.000,22.92
1456229,1246544,1043923,396,792,238,1,13,261.250,22.92
1456229,1166930,886372,273,833,248,1,11,270.750,22.92
1456229,665635,993683,152,834,248,1,11,270.750,22.92
1457503,492915,453449,984,834,241,1,13,264.250,20.28
1457503,510402,975307,285,834,231,1,12,254.000,20.28
1457503,758185,536316,433,791,231,1,12,254.000,20.28
1457503,1052726,501906,26,875,251,1,14,274.500,20.28
1457503,504926,838989,203,875,251,1,14,274.500,20.28
1457503,515106,563891,62,875,241,1,13,264.250,20.28
1457503,1019814,1213694,505,833,251,1,11,273.750,20.28
1457503,685460,125559,188,833,231,1,12,254.000,20.28
1457503,619068,1193563,48,833,241,1,13,264.250,20.28
1457503,194324,819963,81,875,221,1,11,243.750,20.28
1457503,1252402,570063,375,833,241,1,13,264.250,20.28
1457503,1183103,1280834,64,834,241,1,13,264.250,20.28
1457503,341629,881623,67,792,231,1,12,254.000,20.28
1457503,131321,1197322,968,834,251,1,11,273.750,20.28
1457503,1397427,81892,212,875,241,1,13,264.250,20.28
1457503,1070431,38108,569,833,231,1,12,254.000,20.28
1457503,1088735,1357977,141,833,241,1,13,264.250,20.28
1457503,883998,148156,199,833,251,1,11,273.750,20.28
1457503,1311861,778404,380,808,251,1,11,273.750,20.28
1457503,1453096,1364259,2,2000,241,1,13,264.250,20.28
1459589,951018,1124951,371,833,237,1,13,260.250,21.64
1459589,778920,1217206,52,834,227,1,12,250.000,21.64
1459589,1312695,887549,95,833,247,1,11,269.750,21.64
1459589,365208,888551,112,792,227,1,12,250.000,21.64
1459589,716558,818961,1591,833,247,1,11,269.750,21.64
1459589,896337,874484,585,875,247,1,14,270.500,21.64
1459589,148656,490536,148,792,227,1,12,250.000,21.64
1459589,1106896,123751,38,833,227,1,12,250.000,21.64
1459589,1452532,1231529,272,833,247,1,11,269.750,21.64
1459589,926480,174521,429,792,227,1,12,250.000,21.64
1459589,1129212,1303267,582,833,227,1,12,250.000,21.64
1459589,863545,266754,66,791,217,1,11,239.750,21.64
1459589,1062228,1450546,657,834,247,1,11,269.750,21.64
1459589,95142,525363,136,833,237,1,13,260.250,21.64
1459589,935599,411613,138,833,247,1,11,269.750,21.64
1459589,961195,527958,108,834,237,1,13,260.250,21.64
1459589,1021021,892684,173,875,247,1,14,270.500,21.64
1459589,754675,1269000,42,792,217,1,11,239.750,21.64
1459589,833995,805268,476,834,247,1,11,269.750,21.64
1459589,48906,769160,54,834,237,1,13,260.250,21.64
1461821,233062,814328,571,833,250,1,12,273.000,17.52
1461821,758965,762155,128,833,250,1,11,272.750,17.52
1461821,402743,150771,264,792,240,1,11,262.750,17.52
1461821,1219867,421271,558,791,240,1,11,262.750,17.52
1461821,1249777,1031496,59,958,250,1,12,273.000,17.52
1461821,307547,874390,295,833,250,1,12,273.000,17.52
1461821,679097,1453005,161,810,240,1,11,262.750,17.52
1461821,1367284,141090,9,1958,240,1,11,262.750,17.52
1461821,308828,955501,23,875,250,1,12,273.000,17.52
1461821,476081,944448,667,833,250,1,12,273.000,17.52
1461821,1037050,759008,80,1833,240,1,11,262.750,17.52
1461821,390940,302363,231,833,240,1,11,262.750,17.52
1461821,638903,1218665,81,834,240,1,11,262.750,17.52
1461821,106780,740818,461,1958,240,1,11,262.750,17.52
1461821,437599,181178,11,791,240,1,11,262.750,17.52
1461821,1327742,1273955,253,1667,250,1,12,273.000,17.52
1461821,742527,35838,454,833,240,1,11,262.750,17.52
1461821,333885,1372614,104,875,250,1,12,273.000,17.52
1461821,306225,137872,136,834,250,1,11,272.750,17.52
1461821,831186,100299,228,833,250,1,12,273.000,17.52
1462169,619876,1224511,188,1750,251,1,11,273.750,37.74
1462169,407652,22594,267,875,251,1,12,274.000,37.74
1462169,691228,1313302,525,833,251,1,11,273.750,37.74
1462169,937571,541134,627,833,241,1,11,263.750,37.74
1462169,795788,698641,70,875,251,1,12,274.000,37.74
1462169,1126606,323129,1349,834,241,1,11,263.750,37.74
1462169,701823,539516,360,833,241,1,11,263.750,37.74
1462169,699103,1312529,97,875,251,1,12,274.000,37.74
1462169,194057,391901,51,834,251,1,12,274.000,37.74
1462169,205269,635140,334,833,241,1,11,263.750,37.74
1462169,250040,1257429,143,833,251,1,11,273.750,37.74
1462169,474570,1415021,488,833,251,1,11,273.750,37.74
1462169,294886,1381252,155,833,251,1,11,273.750,37.74
1462169,3133,623811,295,833,251,1,12,274.000,37.74
1462169,99811,620774,259,2000,251,1,11,273.750,37.74
1462169,215031,767701,215,791,241,1,11,263.750,37.74
1462169,1014812,478858,93,833,251,1,12,274.000,37.74
1462169,1191816,564634,22,833,251,1,12,274.000,37.74
1462169,1440108,111013,1308,834,251,1,11,273.750,37.74
1462169,478183,962096,118,834,251,1,11,273.750,37.74
1466057,511907,766576,223,792,251,1,11,273.750,67.78
1466057,89395,812751,1446,834,251,1,11,273.750,67.78
1466057,929740,1211030,250,834,251,1,11,273.750,67.78
1466057,189806,360999,1588,834,251,1,11,273.750,67.78
1466057,23311,1085651,37,792,231,1,11,253.750,67.78
1466057,767460,1126656,147,833,251,1,11,273.750,67.78
1466057,521150,1283121,371,875,251,1,11,273.750,67.78
1466057,158537,110955,557,791,231,1,11,253.750,67.78
1466057,290332,1079316,213,834,251,1,11,273.750,67.78
1466057,1017967,645063,114,834,251,1,11,273.750,67.78
1466057,114364,379829,3,791,231,1,11,253.750,67.78
1466057,1160112,916169,3790,833,251,1,11,273.750,67.78
1466057,32817,1316035,748,1917,251,1,11,273.750,67.78
1466057,1055660,702384,477,792,251,1,11,273.750,67.78
1466057,424183,1066756,1486,834,241,1,12,264.000,67.78
1466057,854932,579272,14,833,251,1,11,273.750,67.78
1466057,693159,659210,96,834,251,1,11,273.750,67.78
1466057,646214,838452,185,791,251,1,11,273.750,67.78
1466057,1347369,1343713,887,834,251,1,11,273.750,67.78
1466057,728940,1268923,133,834,251,1,11,273.750,67.78
1466191,226300,597208,397,792,231,1,11,253.750,25.96
1466191,205429,1157300,130,834,241,1,12,264.000,25.96
1466191,213146,286757,111,834,251,1,13,274.250,25.96
1466191,902468,940612,697,833,241,1,12,264.000,25.96
1466191,419883,1304876,626,833,231,1,11,253.750,25.96
1466191,526940,732427,15,834,241,1,12,264.000,25.96
1466191,1397054,310134,404,833,241,1,12,264.000,25.96
1466191,463427,355262,156,792,231,1,11,253.750,25.96
1466191,232062,1222619,261,833,241,1,12,264.000,25.96
1466191,1182857,145970,75,875,241,1,12,264.000,25.96
1466191,494091,1119768,271,833,251,1,11,273.750,25.96
1466191,1386944,900867,105,792,231,1,11,253.750,25.96
1466191,1328767,113884,1,1958,251,1,11,273.750,25.96
1466191,1118320,542505,8,875,251,1,13,274.250,25.96
1466191,298430,1125998,730,834,251,1,11,273.750,25.96
1466191,933627,307657,29,791,231,1,11,253.750,25.96
1466191,753313,1355368,84,833,241,1,12,264.000,25.96
1466191,955888,312674,193,792,251,1,11,273.750,25.96
1466191,1195096,838465,562,875,241,1,12,264.000,25.96
1466191,362236,1389249,45,792,241,1,12,264.000,25.96
1470817,1411080,1327119,717,875,251,1,11,273.750,58.85
1470817,334091,917473,754,875,251,1,11,273.750,58.85
1470817,1310845,954891,32,791,241,1,11,263.750,58.85
1470817,166521,1088075,672,792,241,1,11,263.750,58.85
1470817,918607,614448,738,833,251,1,11,273.750,58.85
1470817,727073,912801,738,833,251,1,11,273.750,58.85
1470817,1419374,1247267,330,833,241,1,11,263.750,58.85
1470817,803107,608717,638,833,241,1,11,263.750,58.85
1470817,587164,1147453,6,833,251,1,11,273.750,58.85
1470817,109481,993588,77,833,251,1,11,273.750,58.85
1470817,284219,515966,154,834,251,1,11,273.750,58.85
1470817,703468,321451,491,875,251,1,12,274.000,58.85
1470817,664021,592236,570,833,251,1,11,273.750,58.85
1470817,1089694,43745,1805,833,251,1,11,273.750,58.85
1470817,1195251,476862,55,834,251,1,11,273.750,58.85
1470817,862225,687577,82,833,251,1,11,273.750,58.85
1470817,1326114,53280,34,834,251,1,11,273.750,58.85
1470817,474019,1413867,2136,833,241,1,11,263.750,58.85
1470817,1080241,189645,238,833,251,1,11,273.750,58.85
1470817,951456,1449542,498,1916,251,1,12,274.000,58.85
1474843,995876,130099,100,792,216,1,12,239.000,11.86
1474843,38647,239500,41,833,246,1,11,268.750,11.86
1474843,1456276,297672,69,851,216,1,12,239.000,11.86
1474843,83652,36680,27,1542,206,1,11,228.750,11.86
1474843,751716,1347710,104,875,236,1,14,259.500,11.86
1474843,730554,1428248,136,833,236,1,14,259.500,11.86
1474843,1430359,1349723,43,834,236,1,14,259.500,11.86
1474843,1118199,1204012,35,792,216,1,12,239.000,11.86
1474843,103824,249676,351,875,236,1,14,259.500,11.86
1474843,103396,33612,12,833,236,1,14,259.500,11.86
1474843,1270138,22125,2,1667,236,1,14,259.500,11.86
1474843,1154866,314673,18,851,236,1,14,259.500,11.86
1474843,47534,337771,127,834,236,1,14,259.500,11.86
1474843,495086,888922,112,792,216,1,12,239.000,11.86
1474843,736100,405969,82,833,236,1,14,259.500,11.86
1474843,280593,902562,89,833,236,1,14,259.500,11.86
1474843,970099,61592,117,1834,236,1,14,259.500,11.86
1474843,1068050,1357854,118,792,246,1,11,268.750,11.86
1474843,603280,1374729,585,834,236,1,14,259.500,11.86
1474843,1256638,582420,66,833,246,1,11,268.750,11.86
1474981,1032186,89396,179,833,227,1,13,250.250,13.20
1474981,855823,1385202,47,851,227,1,13,250.250,13.20
1474981,1140996,1295995,211,833,247,1,11,269.750,13.20
1474981,34192,420323,21,833,227,1,13,250.250,13.20
1474981,570172,1282962,62,875,247,1,15,270.750,13.20
1474981,1215935,185276,12,917,287,1,15,310.750,13.20
1474981,1123034,736374,198,833,227,1,13,250.250,13.20
1474981,1357856,801165,183,834,237,1,14,260.500,13.20
1474981,583977,411454,518,833,237,1,14,260.500,13.20
1474981,492623,19889,17,834,227,1,13,250.250,13.20
1474981,689678,119460,336,750,207,1,11,229.750,13.20
1474981,1177348,348671,11,791,217,1,12,240.000,13.20
1474981,1303019,109367,325,833,247,1,11,269.750,13.20
1474981,27837,177872,279,792,227,1,13,250.250,13.20
1474981,248351,291590,32,834,247,1,15,270.750,13.20
1474981,1447294,1396372,574,792,217,1,12,240.000,13.20
1474981,801671,648114,538,834,237,1,14,260.500,13.20
1474981,483187,1143581,91,833,227,1,13,250.250,13.20
1474981,781585,1470399,31,833,227,1,13,250.250,13.20
1474981,119396,1388094,225,792,217,1,12,240.000,13.20
1480433,535045,459260,43,833,252,1,11,274.750,48.77
1480433,634491,730347,320,875,252,1,11,274.750,48.77
1480433,258229,719108,139,834,252,1,12,275.000,48.77
1480433,132965,135199,105,834,252,1,12,275.000,48.77
1480433,680271,841825,74,833,252,1,11,274.750,48.77
1480433,30015,1185753,768,1959,252,1,11,274.750,48.77
1480433,1161475,897664,136,792,232,1,11,254.750,48.77
1480433,728547,119161,877,875,252,1,11,274.750,48.77
1480433,321017,701224,424,834,252,1,11,274.750,48.77
1480433,1078385,1206988,148,834,252,1,11,274.750,48.77
1480433,743212,957510,132,791,232,1,11,254.750,48.77
1480433,1317089,158927,386,834,252,1,11,274.750,48.77
1480433,829642,1468241,290,2042,252,1,11,274.750,48.77
1480433,923482,1064509,1013,833,242,1,11,264.750,48.77
1480433,1314186,688553,1092,833,242,1,11,264.750,48.77
1480433,721607,1193888,376,792,252,1,11,274.750,48.77
1480433,1029690,517930,268,791,242,1,11,264.750,48.77
1480433,1201684,299505,1873,834,252,1,11,274.750,48.77
1480433,105640,707189,567,833,242,1,11,264.750,48.77
1480433,1473026,51393,244,834,252,1,11,274.750,48.77
1480663,131175,953186,222,834,241,1,11,263.750,35.54
1480663,1167921,1038785,250,833,251,1,12,274.000,35.54
1480663,292008,602624,447,833,251,1,11,273.750,35.54
1480663,369142,817346,58,833,251,1,11,273.750,35.54
1480663,305447,851697,175,833,241,1,11,263.750,35.54
1480663,1105298,239764,784,792,231,1,11,253.750,35.54
1480663,1249378,1204263,493,834,231,1,11,253.750,35.54
1480663,688,428565,441,834,251,1,12,274.000,35.54
1480663,1119210,832456,506,792,241,1,11,263.750,35.54
1480663,954236,732319,39,834,241,1,11,263.750,35.54
1480663,945098,674489,491,851,251,1,12,274.000,35.54
1480663,27470,45669,678,792,241,1,11,263.750,35.54
1480663,1227759,1362432,42,834,251,1,12,274.000,35.54
1480663,1064853,1474175,51,1875,251,1,12,274.000,35.54
1480663,1448120,125034,543,833,241,1,11,263.750,35.54
1480663,570945,96441,271,833,251,1,11,273.750,35.54
1480663,163379,439440,132,792,241,1,11,263.750,35.54
1480663,934472,239731,168,791,241,1,11,263.750,35.54
1480663,211202,554280,55,792,231,1,11,253.750,35.54
1480663,922802,928454,944,792,241,1,12,264.000,35.54
1481033,1177092,1002175,1715,875,249,1,11,271.750,61.63
1481033,1204451,872307,100,834,249,1,13,272.250,61.63
1481033,1116619,1421409,397,1917,229,1,11,251.750,61.63
1481033,1418284,804521,185,791,239,1,11,261.750,61.63
1481033,220064,413665,58,875,249,1,13,272.250,61.63
1481033,74345,1398632,293,833,249,1,11,271.750,61.63
1481033,337402,957801,1510,791,229,1,11,251.750,61.63
1481033,135503,1418812,632,834,249,1,13,272.250,61.63
1481033,878258,736654,507,875,249,1,13,272.250,61.63
1481033,808022,857487,66,875,249,1,13,272.250,61.63
1481033,941159,1285802,1140,833,249,1,13,272.250,61.63
1481033,270377,139494,1055,1959,249,1,13,272.250,61.63
1481033,996603,1378102,97,833,249,1,12,272.000,61.63
1481033,1422279,353053,396,833,249,1,11,271.750,61.63
1481033,1165891,1233915,1593,833,249,1,11,271.750,61.63
1481033,247989,189119,600,875,249,1,12,272.000,61.63
1481033,632066,1058724,108,833,249,1,12,272.000,61.63
1481033,650804,1469494,811,2083,249,1,11,271.750,61.63
1481033,679672,895654,37,833,249,1,11,271.750,61.63
1481033,1437076,997387,427,833,249,1,11,271.750,61.63
1482337,1354003,826067,337,834,242,1,12,265.000,31.22
1482337,349265,765545,178,833,252,1,11,274.750,31.22
1482337,627225,1219671,283,834,252,1,11,274.750,31.22
1482337,118004,41796,91,833,242,1,12,265.000,31.22
1482337,465815,1446152,7,875,252,1,13,275.250,31.22
1482337,946740,1138694,2,792,252,1,11,274.750,31.22
1482337,270838,1371806,1208,791,232,1,11,254.750,31.22
1482337,118017,1109870,12,850,252,1,11,274.750,31.22
1482337,923366,30311,631,792,242,1,12,265.000,31.22
1482337,731280,767990,166,833,252,1,11,274.750,31.22
1482337,646582,1479011,246,1834,252,1,11,274.750,31.22
1482337,1015791,734056,1532,791,232,1,11,254.750,31.22
1482337,1370362,850972,1192,834,242,1,12,265.000,31.22
1482337,1054326,479705,813,791,232,1,11,254.750,31.22
1482337,382339,1377727,566,834,252,1,11,274.750,31.22
1482337,438371,122585,392,1875,252,1,11,274.750,31.22
1482337,1025056,90096,168,1041,252,1,13,275.250,31.22
1482337,610854,1097227,656,834,252,1,13,275.250,31.22
1482337,529276,148757,263,852,252,1,11,274.750,31.22
1482337,924200,1067742,220,833,242,1,12,265.000,31.22
1484837,691937,1343119,946,792,227,1,11,249.750,40.73
1484837,1221855,1122746,2111,833,237,1,12,260.000,40.73
1484837,1230522,1139452,2,834,247,1,11,269.750,40.73
1484837,1042474,689942,39,833,247,1,11,269.750,40.73
1484837,767703,620412,24,833,247,1,11,269.750,40.73
1484837,851116,1135454,261,833,237,1,12,260.000,40.73
1484837,58399,975939,181,833,237,1,11,259.750,40.73
1484837,1471290,589776,229,833,247,1,13,270.250,40.73
1484837,465280,640437,21,833,247,1,12,270.000,40.73
1484837,67634,922398,732,833,247,1,11,269.750,40.73
1484837,262420,1136253,506,833,247,1,11,269.750,40.73
1484837,1375548,339583,74,833,247,1,12,270.000,40.73
1484837,1151191,490079,35,791,227,1,11,249.750,40.73
1484837,176378,58882,405,833,247,1,11,269.750,40.73
1484837,810305,447629,997,833,247,1,12,270.000,40.73
1484837,651053,406386,187,833,237,1,11,259.750,40.73
1484837,1069800,286512,17,833,237,1,11,259.750,40.73
1484837,1075996,1164053,823,833,227,1,11,249.750,40.73
1484837,265989,1074873,127,792,247,1,11,269.750,40.73
1484837,764076,1041891,27,833,237,1,11,259.750,40.73
1485199,1079743,44954,337,834,249,1,12,272.000,22.18
1485199,853298,1267099,111,834,249,1,11,271.750,22.18
1485199,1201960,228996,25,833,239,1,11,261.750,22.18
1485199,968246,406733,546,833,239,1,11,261.750,22.18
1485199,918820,527085,295,834,249,1,11,271.750,22.18
1485199,85101,840869,605,833,239,1,11,261.750,22.18
1485199,1286246,1272788,7,833,239,1,11,261.750,22.18
1485199,580199,535150,57,834,239,1,11,261.750,22.18
1485199,940807,1288379,277,833,249,1,11,271.750,22.18
1485199,1031585,860425,141,834,249,1,12,272.000,22.18
1485199,907620,1295208,269,791,239,1,11,261.750,22.18
1485199,752975,171849,149,834,249,1,11,271.750,22.18
1485199,665093,1380914,12,833,239,1,11,261.750,22.18
1485199,799142,351538,543,833,249,1,12,272.000,22.18
1485199,129662,1389227,171,2125,239,1,11,261.750,22.18
1485199,906383,772477,618,833,239,1,11,261.750,22.18
1485199,1335788,1160153,350,833,239,1,11,261.750,22.18
1485199,1055384,724841,101,833,239,1,11,261.750,22.18
1485199,627548,885591,899,833,249,1,11,271.750,22.18
1485199,846418,990926,621,834,239,1,11,261.750,22.18
1486847,484049,1189796,339,834,244,1,11,266.750,55.16
1486847,90067,899545,481,1834,244,1,11,266.750,55.16
1486847,248040,401807,576,833,254,1,12,277.000,55.16
1486847,209898,356034,1,792,244,1,11,266.750,55.16
1486847,404009,1275729,10,834,254,1,12,277.000,55.16
1486847,256275,734207,2387,833,254,1,12,277.000,55.16
1486847,327038,1336763,985,833,244,1,11,266.750,55.16
1486847,398366,862682,1142,791,244,1,11,266.750,55.16
1486847,786478,1208581,33,833,254,1,11,276.750,55.16
1486847,140464,1466177,35,834,254,1,11,276.750,55.16
1486847,537201,442386,414,792,244,1,11,266.750,55.16
1486847,985990,5270,561,834,244,1,11,266.750,55.16
1486847,1316537,64268,734,833,244,1,11,266.750,55.16
1486847,290538,1241828,275,833,254,1,11,276.750,55.16
1486847,291198,487617,36,834,244,1,11,266.750,55.16
1486847,232939,1366838,78,833,244,1,11,266.750,55.16
1486847,1230396,1060448,285,834,244,1,11,266.750,55.16
1486847,55249,922305,701,792,244,1,11,266.750,55.16
1486847,1243859,975117,370,833,244,1,11,266.750,55.16
1486847,1354018,384559,685,834,244,1,11,266.750,55.16
1487711,194395,74712,214,792,241,1,11,263.750,14.99
1487711,728880,1479448,492,791,241,1,11,263.750,14.99
1487711,410051,686300,88,834,251,1,12,274.000,14.99
1487711,145176,1252537,120,834,241,1,11,263.750,14.99
1487711,463901,880233,155,792,241,1,11,263.750,14.99
1487711,1452884,1485761,320,833,251,1,11,273.750,14.99
1487711,960994,700932,162,834,251,1,12,274.000,14.99
1487711,935434,437633,1114,833,251,1,12,274.000,14.99
1487711,1368328,198465,123,833,251,1,12,274.000,14.99
1487711,93515,777287,250,875,251,1,12,274.000,14.99
1487711,869729,921053,28,833,251,1,12,274.000,14.99
1487711,795896,824156,99,833,251,1,11,273.750,14.99
1487711,207545,416261,98,833,251,1,12,274.000,14.99
1487711,1061894,1441147,353,834,241,1,11,263.750,14.99
1487711,574402,957731,106,2166,251,1,12,274.000,14.99
1487711,1339030,658264,27,792,241,1,11,263.750,14.99
1487711,239028,1025771,253,834,241,1,11,263.750,14.99
1487711,1204471,544063,43,833,251,1,12,274.000,14.99
1487711,905067,995394,90,791,251,1,11,273.750,14.99
1487711,782262,754789,69,1625,241,1,11,263.750,14.99
1489051,180005,778284,33,1750,219,1,11,241.750,15.77
1489051,198724,679554,12,834,239,1,13,262.250,15.77
1489051,732689,867199,86,875,229,1,12,252.000,15.77
1489051,739933,796996,125,875,239,1,13,262.250,15.77
1489051,798550,96946,71,792,239,1,11,261.750,15.77
1489051,247482,7135,263,917,239,1,13,262.250,15.77
1489051,899368,189313,210,833,249,1,11,271.750,15.77
1489051,953816,1207196,444,833,239,1,11,261.750,15.77
1489051,855182,941217,345,834,249,1,11,271.750,15.77
1489051,1196857,1358577,37,791,239,1,11,261.750,15.77
1489051,1166496,411202,88,1750,229,1,12,252.000,15.77
1489051,907235,1275563,482,834,239,1,13,262.250,15.77
1489051,125627,1281016,246,833,249,1,11,271.750,15.77
1489051,1161145,48041,153,833,249,1,12,272.000,15.77
1489051,1072225,1473725,66,834,239,1,13,262.250,15.77
1489051,706404,314278,137,792,249,1,11,271.750,15.77
1489051,472251,449493,77,834,249,1,11,271.750,15.77
1489051,148574,223272,156,833,239,1,13,262.250,15.77
1489051,240933,1472097,33,1917,249,1,12,272.000,15.77
1489051,997393,1342127,2,1667,239,1,13,262.250,15.77
1491013,11259,471338,240,791,226,1,12,249.000,28.88
1491013,393231,742588,395,833,236,1,13,259.250,28.88
1491013,581180,1032276,311,792,216,1,11,238.750,28.88
1491013,363816,1031389,217,1834,226,1,12,249.000,28.88
1491013,851604,1454908,108,833,246,1,11,268.750,28.88
1491013,1072965,1047558,127,791,226,1,12,249.000,28.88
1491013,223182,1131713,306,834,246,1,11,268.750,28.88
1491013,1081999,388803,16,833,236,1,13,259.250,28.88
1491013,46797,153384,111,792,226,1,12,249.000,28.88
1491013,1275928,1149149,46,833,246,1,11,268.750,28.88
1491013,194846,882090,297,833,226,1,12,249.000,28.88
1491013,547229,1347940,617,833,246,1,11,268.750,28.88
1491013,1462847,1284640,144,833,246,1,11,268.750,28.88
1491013,1375212,699929,298,791,216,1,11,238.750,28.88
1491013,781246,1046146,926,791,216,1,11,238.750,28.88
1491013,226247,1066656,281,834,236,1,13,259.250,28.88
1491013,555754,1472346,126,792,216,1,11,238.750,28.88
1491013,248085,1242771,707,833,246,1,11,268.750,28.88
1491013,841510,627345,40,833,246,1,11,268.750,28.88
1491013,221046,1374289,221,833,236,1,13,259.250,28.88
1491977,772820,190982,411,1917,247,1,14,270.500,23.14
1491977,1447194,354597,190,792,217,1,11,239.750,23.14
1491977,1400143,527553,340,792,217,1,11,239.750,23.14
1491977,789282,416623,428,833,247,1,11,269.750,23.14
1491977,1379463,917323,319,834,237,1,13,260.250,23.14
1491977,349950,693013,326,833,247,1,11,269.750,23.14
1491977,3255,1336680,127,792,217,1,11,239.750,23.14
1491977,767798,546152,59,834,247,1,11,269.750,23.14
1491977,800087,1217235,324,750,217,1,11,239.750,23.14
1491977,280807,794469,206,792,217,1,11,239.750,23.14
1491977,873786,146752,231,833,227,1,12,250.000,23.14
1491977,1269644,928663,333,792,217,1,11,239.750,23.14
1491977,423220,921640,73,833,247,1,11,269.750,23.14
1491977,697551,22834,484,833,247,1,11,269.750,23.14
1491977,954089,46424,359,833,247,1,11,269.750,23.14
1491977,1088808,926637,198,833,247,1,14,270.500,23.14
1491977,303995,858982,426,792,217,1,11,239.750,23.14
1491977,1404539,329340,373,792,217,1,11,239.750,23.14
1491977,154283,1401659,313,875,247,1,14,270.500,23.14
1491977,1437839,1013735,1244,875,247,1,14,270.500,23.14
1492063,229327,1183954,277,1834,239,1,13,262.250,20.43
1492063,1437003,578680,60,833,249,1,11,271.750,20.43
1492063,934679,507010,60,833,239,1,13,262.250,20.43
1492063,1309922,578406,242,833,239,1,13,262.250,20.43
1492063,292346,487243,55,834,249,1,11,271.750,20.43
1492063,228186,140460,510,792,229,1,12,252.000,20.43
1492063,343144,104173,642,834,249,1,14,272.500,20.43
1492063,732084,192723,116,833,239,1,13,262.250,20.43
1492063,840214,352492,121,833,249,1,11,271.750,20.43
1492063,1070046,1263003,1052,792,219,1,11,241.750,20.43
1492063,1161063,1488327,237,792,219,1,11,241.750,20.43
1492063,704296,259520,35,875,219,1,11,241.750,20.43
1492063,1430776,909847,45,833,229,1,12,252.000,20.43
1492063,1269655,488993,928,833,239,1,13,262.250,20.43
1492063,116570,882782,102,834,239,1,13,262.250,20.43
1492063,1442490,59731,389,834,249,1,11,271.750,20.43
1492063,44053,1205920,168,791,229,1,12,252.000,20.43
1492063,63085,734613,700,1875,239,1,13,262.250,20.43
1492063,871164,544647,177,834,249,1,11,271.750,20.43
1492063,671550,455882,54,833,249,1,14,272.500,20.43
1493099,129537,1194855,142,833,248,1,11,270.750,21.97
1493099,920978,369855,213,792,238,1,11,260.750,21.97
1493099,1180140,958845,235,1625,238,1,13,261.250,21.97
1493099,1151471,413070,165,833,248,1,12,271.000,21.97
1493099,1278780,319724,90,834,248,1,11,270.750,21.97
1493099,1419901,1154656,111,792,228,1,12,251.000,21.97
1493099,821710,434001,188,917,238,1,11,260.750,21.97
1493099,982105,1291246,193,1625,238,1,11,260.750,21.97
1493099,260665,292342,76,833,238,1,11,260.750,21.97
1493099,1299283,679711,87,833,238,1,13,261.250,21.97
1493099,711122,283437,191,791,238,1,11,260.750,21.97
1493099,1214327,429671,133,833,248,1,11,270.750,21.97
1493099,1062704,193060,163,833,238,1,11,260.750,21.97
1493099,762631,334599,148,834,238,1,11,260.750,21.97
1493099,963642,580252,613,834,248,1,11,270.750,21.97
1493099,1080554,611172,383,833,248,1,12,271.000,21.97
1493099,1393568,273362,41,875,248,1,14,271.500,21.97
1493099,485610,1439604,227,833,238,1,11,260.750,21.97
1493099,368835,1396632,387,791,238,1,11,260.750,21.97
1493099,365406,124161,456,792,238,1,11,260.750,21.97
1493749,686601,81027,1609,875,251,1,12,274.000,56.38
1493749,224729,834658,1431,833,241,1,11,263.750,56.38
1493749,536087,1160617,33,833,251,1,11,273.750,56.38
1493749,1224502,1055052,561,834,251,1,11,273.750,56.38
1493749,635867,884762,395,833,251,1,11,273.750,56.38
1493749,113904,1358045,669,833,251,1,11,273.750,56.38
1493749,452552,1097183,53,792,251,1,11,273.750,56.38
1493749,1042670,1132654,416,833,251,1,11,273.750,56.38
1493749,118987,837330,253,834,241,1,11,263.750,56.38
1493749,814586,859414,1117,834,251,1,12,274.000,56.38
1493749,1091582,566178,228,791,251,1,11,273.750,56.38
1493749,1096252,567630,1305,875,251,1,12,274.000,56.38
1493749,1053989,185149,904,834,251,1,11,273.750,56.38
1493749,120303,549965,1174,833,251,1,12,274.000,56.38
1493749,1430378,1286007,3031,833,251,1,11,273.750,56.38
1493749,1112688,1182927,735,834,251,1,11,273.750,56.38
1493749,422039,1088178,21,791,241,1,11,263.750,56.38
1493749,453023,484961,948,833,241,1,11,263.750,56.38
1493749,281982,684361,63,809,251,1,11,273.750,56.38
1493749,180050,1077745,230,834,241,1,11,263.750,56.38
1495463,624540,105393,502,1916,249,1,12,272.000,29.32
1495463,755142,452623,477,791,239,1,11,261.750,29.32
1495463,994411,1036765,1145,834,249,1,11,271.750,29.32
1495463,236964,988564,141,792,239,1,11,261.750,29.32
1495463,1374206,1484051,377,792,239,1,11,261.750,29.32
1495463,1488719,907246,198,791,239,1,11,261.750,29.32
1495463,431739,363362,51,1916,239,1,11,261.750,29.32
1495463,50480,8543,181,834,249,1,12,272.000,29.32
1495463,772932,669969,81,875,249,1,11,271.750,29.32
1495463,1408172,123690,578,875,249,1,11,271.750,29.32
1495463,485217,323990,264,875,249,1,11,271.750,29.32
1495463,396941,530952,35,809,249,1,11,271.750,29.32
1495463,744048,1332164,216,834,249,1,11,271.750,29.32
1495463,1312187,1074669,162,834,249,1,12,272.000,29.32
1495463,154765,759047,534,833,249,1,12,272.000,29.32
1495463,320226,436018,151,834,239,1,11,261.750,29.32
1495463,278322,1219960,1419,791,239,1,11,261.750,29.32
1495463,559952,1239238,480,833,239,1,11,261.750,29.32
1495463,458745,583999,575,1917,239,1,11,261.750,29.32
1495463,284840,128143,531,834,249,1,12,272.000,29.32
1495777,458727,565711,1037,1917,242,1,11,264.750,34.05
1495777,282103,1056056,556,875,252,1,12,275.000,34.05
1495777,695432,1400117,1369,834,252,1,11,274.750,34.05
1495777,1164770,44745,727,1959,252,1,11,274.750,34.05
1495777,640439,1042211,311,833,252,1,12,275.000,34.05
1495777,1158468,247654,221,833,252,1,11,274.750,34.05
1495777,1103110,997345,332,834,252,1,11,274.750,34.05
1495777,1417880,339451,689,833,252,1,12,275.000,34.05
1495777,802958,484355,205,833,252,1,11,274.750,34.05
1495777,1026253,15399,314,875,252,1,11,274.750,34.05
1495777,897748,179811,826,833,252,1,12,275.000,34.05
1495777,442037,745904,548,833,252,1,12,275.000,34.05
1495777,1335925,1101398,260,834,252,1,12,275.000,34.05
1495777,856123,1296344,4,792,242,1,11,264.750,34.05
1495777,1474967,70797,283,2000,252,1,12,275.000,34.05
1495777,852347,686899,373,833,252,1,12,275.000,34.05
1495777,428070,1053844,549,792,242,1,11,264.750,34.05
1495777,1151956,1279228,799,833,252,1,12,275.000,34.05
1495777,922679,114082,102,1709,242,1,11,264.750,34.05
1495777,443023,727202,11,833,252,1,11,274.750,34.05
1496779,909782,1002451,317,833,240,1,11,262.750,35.59
1496779,827130,1027835,431,792,240,1,11,262.750,35.59
1496779,1308396,737524,383,833,250,1,12,273.000,35.59
1496779,192926,925609,610,1709,250,1,12,273.000,35.59
1496779,1138918,415775,699,1708,240,1,11,262.750,35.59
1496779,1334199,378115,17,834,240,1,11,262.750,35.59
1496779,251731,496299,257,792,240,1,11,262.750,35.59
1496779,1030406,1236485,160,833,240,1,11,262.750,35.59
1496779,478532,1201543,256,833,250,1,12,273.000,35.59
1496779,209343,1184998,78,1625,240,1,11,262.750,35.59
1496779,1257112,1026279,543,833,250,1,12,273.000,35.59
1496779,405700,1280895,123,791,240,1,11,262.750,35.59
1496779,884538,537603,316,1875,240,1,11,262.750,35.59
1496779,836996,1408666,49,1709,240,1,11,262.750,35.59
1496779,1215352,411835,64,792,230,1,11,252.750,35.59
1496779,1071751,680600,446,1666,250,1,12,273.000,35.59
1496779,991847,43904,491,833,250,1,13,273.250,35.59
1496779,211955,1105002,1546,792,230,1,11,252.750,35.59
1496779,30190,1080893,16,833,240,1,11,262.750,35.59
1496779,1136711,1314585,34,1667,240,1,11,262.750,35.59
1498829,1253683,981724,410,834,252,1,11,274.750,33.42
1498829,339006,702020,293,792,232,1,11,254.750,33.42
1498829,448092,371643,150,791,232,1,11,254.750,33.42
1498829,1024679,1403661,187,833,232,1,11,254.750,33.42
1498829,235674,1183550,37,792,232,1,11,254.750,33.42
1498829,833204,746686,454,875,252,1,13,275.250,33.42
1498829,139794,755635,88,792,232,1,11,254.750,33.42
1498829,828963,40956,621,875,252,1,13,275.250,33.42
1498829,959683,362879,109,834,242,1,12,265.000,33.42
1498829,735563,368743,866,2167,242,1,12,265.000,33.42
1498829,1242100,72646,397,792,232,1,11,254.750,33.42
1498829,868436,587098,85,916,232,1,11,254.750,33.42
1498829,631385,374647,1006,792,232,1,11,254.750,33.42
1498829,1495854,215070,261,833,232,1,11,254.750,33.42
1498829,1068371,391703,245,875,242,1,12,265.000,33.42
1498829,1390656,203440,181,833,252,1,11,274.750,33.42
1498829,1266850,5107,8,833,252,1,11,274.750,33.42
1498829,8285,994671,502,834,252,1,13,275.250,33.42
1498829,58148,458179,110,875,232,1,11,254.750,33.42
1498829,271304,2178,228,792,232,1,11,254.750,33.42
1499321,349225,490304,21,791,240,1,12,263.000,23.53
1499321,601813,774199,547,833,250,1,13,273.250,23.53
1499321,503192,294448,314,809,250,1,11,272.750,23.53
1499321,725874,50619,190,833,240,1,12,263.000,23.53
1499321,1040682,1269161,36,834,240,1,12,263.000,23.53
1499321,430470,886664,293,833,240,1,12,263.000,23.53
1499321,1241812,1066251,68,809,250,1,11,272.750,23.53
1499321,495751,949751,623,791,230,1,11,252.750,23.53
1499321,590284,319974,34,791,230,1,11,252.750,23.53
1499321,289153,818086,103,791,230,1,11,252.750,23.53
1499321,1192517,369849,134,875,250,1,13,273.250,23.53
1499321,999794,406665,86,791,230,1,11,252.750,23.53
1499321,486765,712356,33,833,240,1,12,263.000,23.53
1499321,639878,1314984,365,791,230,1,11,252.750,23.53
1499321,1186629,1007441,247,792,230,1,11,252.750,23.53
1499321,1154789,1042511,116,791,230,1,11,252.750,23.53
1499321,723403,909104,434,791,230,1,11,252.750,23.53
1499321,1145327,671138,285,791,230,1,11,252.750,23.53
1499321,815037,1322783,68,834,250,1,13,273.250,23.53
1499321,731481,308449,383,833,250,1,13,273.250,23.53
1499933,843556,1713,48,833,240,1,12,263.000,16.68
1499933,1401185,812377,266,834,230,1,11,252.750,16.68
1499933,709557,206093,292,792,240,1,12,263.000,16.68
1499933,128155,337080,329,810,250,1,11,272.750,16.68
1499933,109832,658276,80,792,230,1,11,252.750,16.68
1499933,1102600,638896,29,792,230,1,11,252.750,16.68
1499933,579328,1289051,1739,792,230,1,11,252.750,16.68
1499933,504481,916887,260,833,240,1,12,263.000,16.68
1499933,61205,1439261,8,833,240,1,12,263.000,16.68
1499933,1205358,1184136,303,791,230,1,11,252.750,16.68
1499933,1443377,1226902,28,834,230,1,11,252.750,16.68
1499933,1352742,973814,21,791,230,1,11,252.750,16.68
1499933,230075,566115,88,792,230,1,11,252.750,16.68
1499933,368190,496596,148,834,250,1,11,272.750,16.68
1499933,352332,1347108,43,792,240,1,12,263.000,16.68
1499933,1129979,566149,346,791,230,1,11,252.750,16.68
1499933,842645,1390685,66,833,250,1,11,272.750,16.68
1499933,1199968,955173,276,792,230,1,11,252.750,16.68
1499933,1404654,1496744,34,792,240,1,12,263.000,16.68
1499933,1299495,978570,275,833,240,1,12,263.000,16.68
1506551,735754,801148,1475,834,253,1,11,275.750,35.32
1506551,1001974,429451,776,875,243,1,15,266.750,35.32
1506551,815214,792647,92,834,253,1,11,275.750,35.32
1506551,684146,125293,41,792,253,1,11,275.750,35.32
1506551,1203359,385804,257,2291,253,1,11,275.750,35.32
1506551,1387561,413699,247,833,233,1,14,256.500,35.32
1506551,630890,1491031,375,833,253,1,11,275.750,35.32
1506551,258608,236871,1302,833,253,1,11,275.750,35.32
1506551,413569,1382763,84,833,223,1,13,246.250,35.32
1506551,1287757,1427068,19,1875,253,1,11,275.750,35.32
1506551,430029,584335,1018,875,243,1,15,266.750,35.32
1506551,566437,315129,503,833,253,1,11,275.750,35.32
1506551,1439584,937093,643,875,243,1,15,266.750,35.32
1506551,1219248,964764,1159,833,253,1,11,275.750,35.32
1506551,781649,651867,289,792,213,1,12,236.000,35.32
1506551,459391,940635,1487,875,233,1,14,256.500,35.32
1506551,708368,96580,197,792,253,1,11,275.750,35.32
1506551,181626,1446491,112,834,243,1,15,266.750,35.32
1506551,969764,445769,331,834,253,1,11,275.750,35.32
1506551,770214,1286529,117,875,243,1,15,266.750,35.32
1507837,640962,297993,104,834,250,1,11,272.750,22.62
1507837,8145,534535,105,1917,250,1,16,274.000,22.62
1507837,732445,1385419,56,792,220,1,13,243.250,22.62
1507837,1496867,222774,116,834,220,1,13,243.250,22.62
1507837,1038879,1368142,48,768,210,1,12,233.000,22.62
1507837,544240,711268,51,833,230,1,14,253.500,22.62
1507837,1458071,1124040,344,875,250,1,16,274.000,22.62
1507837,1070228,105302,776,833,230,1,14,253.500,22.62
1507837,839216,327456,405,834,220,1,13,243.250,22.62
1507837,192667,64621,155,875,250,1,16,274.000,22.62
1507837,640962,469765,644,833,250,1,11,272.750,22.62
1507837,909145,1252655,260,1833,230,1,14,253.500,22.62
1507837,73644,826082,627,917,250,1,16,274.000,22.62
1507837,977406,14232,1,834,220,1,13,243.250,22.62
1507837,1405741,332994,2131,833,230,1,14,253.500,22.62
1507837,797009,657278,86,833,250,1,11,272.750,22.62
1507837,102510,689391,420,792,220,1,13,243.250,22.62
1507837,1180679,1074646,106,875,250,1,16,274.000,22.62
1507837,1201642,464733,74,958,300,1,16,324.000,22.62
1507837,89535,1050248,91,875,250,1,16,274.000,22.62
1508719,585771,128208,166,875,249,1,11,271.750,39.35
1508719,1081991,413019,641,875,249,1,16,273.000,39.35
1508719,1331370,664357,249,875,229,1,14,252.500,39.35
1508719,472854,8454,8,875,239,1,15,262.750,39.35
1508719,934168,1180451,607,833,239,1,15,262.750,39.35
1508719,1335594,187707,2681,875,239,1,15,262.750,39.35
1508719,658108,468600,37,834,239,1,15,262.750,39.35
1508719,269020,1184455,392,792,209,1,12,232.000,39.35
1508719,1212405,686205,872,875,249,1,16,273.000,39.35
1508719,873445,1355054,299,875,239,1,15,262.750,39.35
1508719,141227,308602,1129,875,249,1,16,273.000,39.35
1508719,1481583,170509,123,834,249,1,11,271.750,39.35
1508719,797107,672328,342,791,219,1,13,242.250,39.35
1508719,427282,392324,162,833,249,1,11,271.750,39.35
1508719,340673,425745,1151,833,249,1,11,271.750,39.35
1508719,88849,320416,801,833,249,1,11,271.750,39.35
1508719,629358,1262218,253,1042,249,1,16,273.000,39.35
1508719,157589,1469868,77,1834,229,1,14,252.500,39.35
1508719,945955,296554,164,875,249,1,11,271.750,39.35
1508719,69529,338950,1368,833,239,1,15,262.750,39.35
1508977,1085690,74718,427,834,250,1,11,272.750,32.23
1508977,282240,811246,434,833,250,1,11,272.750,32.23
1508977,411389,131775,28,1875,250,1,11,272.750,32.23
1508977,259243,322842,928,1833,250,1,11,272.750,32.23
1508977,121049,125454,103,1500,200,1,11,222.750,32.23
1508977,1097223,863234,28,834,250,1,11,272.750,32.23
1508977,629846,539490,63,833,250,1,11,272.750,32.23
1508977,95104,654426,312,834,220,1,13,243.250,32.23
1508977,1356819,242260,533,917,250,1,16,274.000,32.23
1508977,572831,494571,130,834,250,1,11,272.750,32.23
1508977,486475,497959,48,875,250,1,16,274.000,32.23
1508977,1361568,482478,258,1959,250,1,11,272.750,32.23
1508977,406852,1344742,567,833,250,1,11,272.750,32.23
1508977,1023162,636457,38,750,200,1,11,222.750,32.23
1508977,1347110,804843,168,834,230,1,14,253.500,32.23
1508977,115407,549497,882,792,210,1,12,233.000,32.23
1508977,1428468,1464409,168,792,210,1,12,233.000,32.23
1508977,883287,193905,714,875,250,1,11,272.750,32.23
1508977,1069126,395292,77,875,250,1,16,274.000,32.23
1508977,1103592,1342703,409,834,250,1,11,272.750,32.23
1512299,1026654,623522,22,792,239,1,11,261.750,13.89
1512299,413398,1349604,22,792,239,1,11,261.750,13.89
1512299,1162961,763985,461,834,239,1,11,261.750,13.89
1512299,142945,1281822,313,792,239,1,11,261.750,13.89
1512299,807405,729619,23,834,249,1,12,272.000,13.89
1512299,1086808,642893,14,833,239,1,11,261.750,13.89
1512299,1350883,348687,183,834,239,1,11,261.750,13.89
1512299,3190,1179423,18,833,239,1,11,261.750,13.89
1512299,640496,35376,22,792,239,1,11,261.750,13.89
1512299,1187917,344212,298,792,239,1,11,261.750,13.89
1512299,632482,1205829,86,834,249,1,12,272.000,13.89
1512299,1099020,503322,69,833,239,1,11,261.750,13.89
1512299,1153733,1213572,66,792,239,1,11,261.750,13.89
1512299,1137619,1061167,213,1917,239,1,11,261.750,13.89
1512299,635700,129656,184,791,239,1,11,261.750,13.89
1512299,1182165,425514,45,1875,249,1,12,272.000,13.89
1512299,1441926,1172777,121,792,239,1,11,261.750,13.89
1512299,1130384,197944,950,875,249,1,12,272.000,13.89
1512299,1403535,1310281,285,834,249,1,12,272.000,13.89
1512299,464912,620690,477,834,239,1,11,261.750,13.89
1513511,187565,614206,104,833,247,1,11,269.750,13.36
1513511,229204,1299476,162,833,237,1,11,259.750,13.36
1513511,361675,1100258,1,833,247,1,11,269.750,13.36
1513511,1114579,801895,85,833,247,1,11,269.750,13.36
1513511,1298169,222950,316,792,237,1,11,259.750,13.36
1513511,691694,975149,197,810,237,1,11,259.750,13.36
1513511,1186651,842293,65,791,237,1,11,259.750,13.36
1513511,1094998,1472162,116,792,237,1,12,260.000,13.36
1513511,1416319,169049,1,1000,247,1,13,270.250,13.36
1513511,323176,426500,212,833,247,1,11,269.750,13.36
1513511,876137,809130,529,1875,247,1,11,269.750,13.36
1513511,57223,354784,51,833,247,1,11,269.750,13.36
1513511,34489,1461964,294,833,247,1,11,269.750,13.36
1513511,1144118,969557,70,1750,237,1,12,260.000,13.36
1513511,1040694,105761,19,792,237,1,11,259.750,13.36
1513511,659100,963196,1,792,237,1,12,260.000,13.36
1513511,1029872,168794,166,833,237,1,11,259.750,13.36
1513511,472415,1491734,20,792,237,1,11,259.750,13.36
1513511,689184,862205,43,792,237,1,11,259.750,13.36
1513511,1430098,405233,114,792,237,1,11,259.750,13.36
1514027,63008,1442196,505,834,238,1,12,261.000,23.74
1514027,31084,535633,72,792,238,1,12,261.000,23.74
1514027,4553,1266823,166,833,248,1,11,270.750,23.74
1514027,735177,93939,310,875,248,1,13,271.250,23.74
1514027,787649,835577,187,833,248,1,11,270.750,23.74
1514027,1356754,608170,23,834,248,1,11,270.750,23.74
1514027,1119086,513538,392,875,248,1,13,271.250,23.74
1514027,974403,44199,214,850,238,1,12,261.000,23.74
1514027,143422,205812,484,875,248,1,13,271.250,23.74
1514027,827577,568506,429,833,248,1,11,270.750,23.74
1514027,1246365,1066661,668,792,228,1,11,250.750,23.74
1514027,307599,717781,636,834,248,1,11,270.750,23.74
1514027,1146049,861649,703,833,248,1,13,271.250,23.74
1514027,309229,780829,69,875,248,1,13,271.250,23.74
1514027,1045154,890392,426,833,248,1,11,270.750,23.74
1514027,760065,5505,558,833,238,1,12,261.000,23.74
1514027,779324,1011503,47,833,228,1,11,250.750,23.74
1514027,460177,1359429,153,792,228,1,11,250.750,23.74
1514027,97356,177255,182,833,238,1,12,261.000,23.74
1514027,312641,1152152,573,792,228,1,11,250.750,23.74
1514099,827041,624175,532,833,249,1,11,271.750,22.27
1514099,1255357,220690,11,792,229,1,11,251.750,22.27
1514099,111078,544654,152,1750,239,1,12,262.000,22.27
1514099,211957,1017135,36,833,239,1,12,262.000,22.27
1514099,919341,227761,298,1667,249,1,11,271.750,22.27
1514099,792997,1276741,11,833,229,1,11,251.750,22.27
1514099,1039653,547876,604,834,239,1,12,262.000,22.27
1514099,129890,653249,109,834,239,1,12,262.000,22.27
1514099,1100181,1128656,702,1792,249,1,13,272.250,22.27
1514099,821757,515450,274,809,249,1,11,271.750,22.27
1514099,51467,220046,197,833,239,1,12,262.000,22.27
1514099,1228604,1283766,426,833,239,1,12,262.000,22.27
1514099,871884,1306102,88,834,239,1,12,262.000,22.27
1514099,520200,1428044,275,792,229,1,11,251.750,22.27
1514099,1030434,927824,86,834,239,1,12,262.000,22.27
1514099,392092,765114,198,1726,239,1,12,262.000,22.27
1514099,709676,952835,1223,833,229,1,11,251.750,22.27
1514099,122472,950525,837,792,229,1,11,251.750,22.27
1514099,415617,1297884,245,833,239,1,12,262.000,22.27
1514099,596548,215079,78,834,239,1,12,262.000,22.27
1514399,994493,116272,82,833,241,1,12,264.000,13.50
1514399,41198,1321598,44,851,241,1,12,264.000,13.50
1514399,1372694,132251,339,833,231,1,11,253.750,13.50
1514399,1417404,156485,46,791,231,1,11,253.750,13.50
1514399,1277807,285382,154,833,241,1,12,264.000,13.50
1514399,394967,316605,334,791,231,1,11,253.750,13.50
1514399,385526,1433401,13,834,251,1,13,274.250,13.50
1514399,236134,1387695,191,833,241,1,12,264.000,13.50
1514399,236905,572888,29,792,231,1,11,253.750,13.50
1514399,1173563,1445918,214,958,241,1,12,264.000,13.50
1514399,355849,534111,222,875,251,1,13,274.250,13.50
1514399,458279,145347,36,833,241,1,12,264.000,13.50
1514399,827868,855691,611,875,251,1,13,274.250,13.50
1514399,1332525,743658,390,1833,251,1,11,273.750,13.50
1514399,679008,903633,45,1625,241,1,12,264.000,13.50
1514399,228935,960280,644,833,231,1,11,253.750,13.50
1514399,710273,1242546,74,1750,241,1,12,264.000,13.50
1514399,1186251,660010,26,792,231,1,11,253.750,13.50
1514399,108370,885261,254,875,241,1,12,264.000,13.50
1514399,1245881,270855,117,791,231,1,11,253.750,13.50
1517647,534427,677209,200,1625,238,1,12,261.000,22.06
1517647,1022907,43722,55,833,238,1,11,260.750,22.06
1517647,718357,437849,211,834,228,1,11,250.750,22.06
1517647,157082,1123801,111,791,238,1,11,260.750,22.06
1517647,1182852,1298366,113,792,238,1,11,260.750,22.06
1517647,610682,371471,22,792,238,1,12,261.000,22.06
1517647,1299334,849047,1132,834,238,1,12,261.000,22.06
1517647,923808,332044,421,792,228,1,11,250.750,22.06
1517647,1362305,463285,642,792,238,1,11,260.750,22.06
1517647,367635,1170049,15,1750,228,1,11,250.750,22.06
1517647,546166,1185027,51,833,238,1,12,261.000,22.06
1517647,1228286,35996,240,1542,228,1,11,250.750,22.06
1517647,1305120,844597,8,834,238,1,12,261.000,22.06
1517647,1294462,471884,14,792,238,1,12,261.000,22.06
1517647,511743,1458541,5,833,248,1,11,270.750,22.06
1517647,675224,181370,207,834,238,1,11,260.750,22.06
1517647,1502657,440026,335,809,238,1,12,261.000,22.06
1517647,613246,926871,110,791,238,1,11,260.750,22.06
1517647,434763,1381154,85,833,238,1,11,260.750,22.06
1517647,609187,913184,256,834,238,1,12,261.000,22.06
1518883,227947,933035,4,833,248,1,11,270.750,27.17
1518883,632380,1037813,576,834,238,1,11,260.750,27.17
1518883,97115,1358533,390,834,248,1,11,270.750,27.17
1518883,1262582,675631,403,833,238,1,11,260.750,27.17
1518883,1312535,1025895,261,833,248,1,11,270.750,27.17
1518883,482917,940090,162,792,238,1,11,260.750,27.17
1518883,1294245,1458442,778,833,248,1,11,270.750,27.17
1518883,585462,1246486,487,833,238,1,11,260.750,27.17
1518883,690608,1393999,1476,833,238,1,11,260.750,27.17
1518883,1100769,640317,266,875,248,1,11,270.750,27.17
1518883,1382140,295279,217,2250,248,1,11,270.750,27.17
1518883,575565,821403,532,791,238,1,11,260.750,27.17
1518883,693360,862210,721,809,238,1,11,260.750,27.17
1518883,515725,544363,499,875,248,1,12,271.000,27.17
1518883,143690,1213503,132,834,248,1,11,270.750,27.17
1518883,978358,1248947,107,834,248,1,11,270.750,27.17
1518883,671924,1029108,34,833,238,1,11,260.750,27.17
1518883,7436,979364,192,2000,238,1,11,260.750,27.17
1518883,627289,1398317,26,833,238,1,11,260.750,27.17
1518883,1287143,1000584,284,833,238,1,11,260.750,27.17
1520221,433396,1478829,914,834,250,1,11,272.750,26.12
1520221,565888,1237247,878,833,250,1,11,272.750,26.12
1520221,337325,1078264,403,833,250,1,11,272.750,26.12
1520221,1507732,128758,21,834,240,1,11,262.750,26.12
1520221,1306379,645651,368,792,250,1,11,272.750,26.12
1520221,1152080,170536,746,834,250,1,11,272.750,26.12
1520221,451969,260703,704,2125,240,1,11,262.750,26.12
1520221,415117,1101950,10,833,250,1,12,273.000,26.12
1520221,281250,780903,1308,834,240,1,11,262.750,26.12
1520221,1514411,975206,178,791,240,1,11,262.750,26.12
1520221,1049577,230345,137,791,240,1,11,262.750,26.12
1520221,744910,971162,73,833,240,1,11,262.750,26.12
1520221,1423202,1338910,260,834,250,1,12,273.000,26.12
1520221,377890,188126,133,833,250,1,12,273.000,26.12
1520221,1197497,1168562,171,834,240,1,11,262.750,26.12
1520221,140524,1301945,142,792,250,1,11,272.750,26.12
1520221,392237,486286,77,834,250,1,11,272.750,26.12
1520221,501188,835827,17,2017,250,1,11,272.750,26.12
1520221,399849,1033033,585,875,250,1,12,273.000,26.12
1520221,547865,700879,114,833,240,1,11,262.750,26.12
1520639,875171,464485,1175,792,243,1,11,265.750,42.34
1520639,207230,129280,137,833,243,1,11,265.750,42.34
1520639,639660,1285509,512,792,243,1,11,265.750,42.34
1520639,50263,1213068,293,833,253,1,11,275.750,42.34
1520639,597981,571835,1513,833,243,1,11,265.750,42.34
1520639,260389,191086,490,834,253,1,11,275.750,42.34
1520639,163634,672690,1517,833,243,1,11,265.750,42.34
1520639,691792,107983,823,792,243,1,11,265.750,42.34
1520639,490750,1061987,24,834,243,1,11,265.750,42.34
1520639,620448,464626,399,833,243,1,11,265.750,42.34
1520639,242254,1186689,182,767,243,1,11,265.750,42.34
1520639,351703,358129,349,2167,253,1,11,275.750,42.34
1520639,307097,488295,29,792,243,1,11,265.750,42.34
1520639,565984,328456,1567,833,243,1,11,265.750,42.34
1520639,913385,1132421,583,834,253,1,11,275.750,42.34
1520639,1383343,1344191,559,834,243,1,11,265.750,42.34
1520639,319711,167373,453,833,243,1,11,265.750,42.34
1520639,1105792,238420,238,834,243,1,11,265.750,42.34
1520639,834165,624531,277,875,253,1,11,275.750,42.34
1520639,1024193,807147,596,834,253,1,12,276.000,42.34
1523567,1063,918804,18,833,253,1,11,275.750,20.02
1523567,143655,448611,79,792,233,1,12,256.000,20.02
1523567,1441734,926201,418,834,243,1,13,266.250,20.02
1523567,90181,620406,61,833,243,1,13,266.250,20.02
1523567,695172,185940,56,834,233,1,12,256.000,20.02
1523567,584439,393509,56,834,243,1,13,266.250,20.02
1523567,94553,513066,18,875,253,1,14,276.500,20.02
1523567,36676,518674,233,833,243,1,13,266.250,20.02
1523567,894867,34434,97,833,253,1,11,275.750,20.02
1523567,873931,306011,29,1042,233,1,12,256.000,20.02
1523567,671152,71749,429,2000,233,1,12,256.000,20.02
1523567,1357195,723604,385,875,253,1,14,276.500,20.02
1523567,376625,327679,65,2500,243,1,13,266.250,20.02
1523567,1489295,1127206,95,833,243,1,13,266.250,20.02
1523567,950796,1145768,187,750,223,1,11,245.750,20.02
1523567,68289,1120885,111,834,253,1,11,275.750,20.02
1523567,765934,1324607,321,792,223,1,11,245.750,20.02
1523567,977851,540094,316,875,243,1,13,266.250,20.02
1523567,489999,695631,442,875,243,1,13,266.250,20.02
1523567,1339315,73433,389,834,253,1,11,275.750,20.02
1523749,954201,381085,350,917,246,1,11,268.750,17.39
1523749,1170424,1103539,519,791,226,1,12,249.000,17.39
1523749,1390195,604488,84,834,246,1,11,268.750,17.39
1523749,793549,456921,47,875,246,1,14,269.500,17.39
1523749,1214722,1476560,47,833,236,1,13,259.250,17.39
1523749,1466718,1084078,424,833,226,1,12,249.000,17.39
1523749,730251,1467364,148,833,246,1,11,268.750,17.39
1523749,1306993,781388,230,792,216,1,11,238.750,17.39
1523749,746867,168630,1,833,226,1,12,249.000,17.39
1523749,424080,1487363,48,834,246,1,11,268.750,17.39
1523749,393759,746592,96,792,226,1,12,249.000,17.39
1523749,613602,1388714,133,833,236,1,13,259.250,17.39
1523749,1081893,113755,59,750,216,1,11,238.750,17.39
1523749,378407,1051963,143,791,226,1,12,249.000,17.39
1523749,1456625,1428867,257,834,236,1,13,259.250,17.39
1523749,596537,212596,28,834,246,1,11,268.750,17.39
1523749,459044,37582,396,833,236,1,13,259.250,17.39
1523749,1187084,594826,23,833,246,1,14,269.500,17.39
1523749,1235775,13659,62,792,226,1,12,249.000,17.39
1523749,1362424,959180,233,792,226,1,12,249.000,17.39
1524023,197926,939517,70,834,238,1,13,261.250,18.56
1524023,276592,800243,95,834,238,1,13,261.250,18.56
1524023,565194,1406040,46,833,238,1,13,261.250,18.56
1524023,1297682,1268690,35,834,238,1,13,261.250,18.56
1524023,157042,1447994,37,792,218,1,11,240.750,18.56
1524023,1417589,277771,418,833,228,1,12,251.000,18.56
1524023,1507284,1231410,310,792,228,1,12,251.000,18.56
1524023,655822,1279899,67,833,238,1,13,261.250,18.56
1524023,1266446,1265744,91,833,238,1,13,261.250,18.56
1524023,854213,200944,242,834,228,1,12,251.000,18.56
1524023,74588,1237245,111,791,228,1,12,251.000,18.56
1524023,1400348,724543,125,833,248,1,11,270.750,18.56
1524023,3814,1455040,315,833,238,1,13,261.250,18.56
1524023,940021,1091799,49,833,238,1,13,261.250,18.56
1524023,112912,401594,9,792,248,1,11,270.750,18.56
1524023,636234,1094945,119,791,228,1,12,251.000,18.56
1524023,416882,13878,191,792,228,1,12,251.000,18.56
1524023,221032,398762,729,791,228,1,12,251.000,18.56
1524023,1368412,333094,310,834,248,1,11,270.750,18.56
1524023,187849,1210189,191,791,218,1,11,240.750,18.56
1526339,1342659,914617,764,792,247,1,11,269.750,52.50
1526339,389796,1495358,1743,1959,247,1,12,270.000,52.50
1526339,1230119,810857,1242,834,247,1,11,269.750,52.50
1526339,723139,883054,293,834,237,1,11,259.750,52.50
1526339,1506006,366719,24,833,237,1,11,259.750,52.50
1526339,602411,196942,200,833,247,1,11,269.750,52.50
1526339,1500345,1446602,1449,833,247,1,11,269.750,52.50
1526339,323356,261300,207,833,247,1,11,269.750,52.50
1526339,1311043,1186584,17,2333,247,1,11,269.750,52.50
1526339,1123,825414,338,875,247,1,11,269.750,52.50
1526339,67377,111784,892,833,247,1,11,269.750,52.50
1526339,89335,207119,1441,833,247,1,11,269.750,52.50
1526339,61718,265339,678,792,237,1,11,259.750,52.50
1526339,488901,1453306,1756,792,237,1,11,259.750,52.50
1526339,41930,751548,63,833,237,1,11,259.750,52.50
1526339,897235,318448,1319,1834,237,1,11,259.750,52.50
1526339,1391185,1443338,2002,833,247,1,11,269.750,52.50
1526339,632646,834148,140,1792,247,1,11,269.750,52.50
1526339,140987,1161745,11,1625,237,1,11,259.750,52.50
1526339,1353051,813246,195,792,247,1,11,269.750,52.50
1527313,1175030,383023,369,834,250,1,11,272.750,29.61
1527313,283713,979722,251,792,250,1,11,272.750,29.61
1527313,1080832,848752,357,792,250,1,11,272.750,29.61
1527313,809263,803550,165,792,250,1,11,272.750,29.61
1527313,565717,1495338,1253,792,240,1,11,262.750,29.61
1527313,245001,1452435,409,792,240,1,11,262.750,29.61
1527313,913452,400083,3,1875,250,1,12,273.000,29.61
1527313,70870,22939,1156,834,250,1,11,272.750,29.61
1527313,755435,1342834,77,833,250,1,12,273.000,29.61
1527313,358494,445272,109,875,250,1,12,273.000,29.61
1527313,1164996,671625,507,834,240,1,11,262.750,29.61
1527313,1470292,1333669,503,834,250,1,12,273.000,29.61
1527313,1129073,1080052,316,834,250,1,11,272.750,29.61
1527313,83351,1073367,873,875,250,1,12,273.000,29.61
1527313,834127,266605,147,833,250,1,11,272.750,29.61
1527313,610958,597265,473,833,250,1,11,272.750,29.61
1527313,655347,433914,469,833,250,1,12,273.000,29.61
1527313,320612,206834,111,833,250,1,11,272.750,29.61
1527313,267224,1483343,375,834,250,1,12,273.000,29.61
1527313,1294075,249544,397,834,240,1,11,262.750,29.61
1527629,820296,1299689,200,851,251,1,11,273.750,47.91
1527629,229785,881263,95,833,251,1,11,273.750,47.91
1527629,1116590,1331181,617,833,251,1,11,273.750,47.91
1527629,391731,1022477,590,833,241,1,11,263.750,47.91
1527629,918210,710541,248,834,251,1,12,274.000,47.91
1527629,779748,725706,568,833,251,1,12,274.000,47.91
1527629,1430327,727351,357,833,251,1,11,273.750,47.91
1527629,988333,1218794,418,875,251,1,11,273.750,47.91
1527629,1024295,904543,199,834,251,1,12,274.000,47.91
1527629,820110,947297,306,833,251,1,12,274.000,47.91
1527629,225821,515039,131,893,251,1,12,274.000,47.91
1527629,1517977,1217508,75,833,251,1,11,273.750,47.91
1527629,333100,1210833,823,791,251,1,11,273.750,47.91
1527629,486393,130113,914,833,251,1,11,273.750,47.91
1527629,1367455,1377943,1509,833,251,1,11,273.750,47.91
1527629,542747,565711,151,792,251,1,11,273.750,47.91
1527629,1461088,1162079,358,834,251,1,11,273.750,47.91
1527629,933654,552472,54,792,251,1,11,273.750,47.91
1527629,1191230,442854,939,833,251,1,11,273.750,47.91
1527629,126880,748945,171,792,251,1,11,273.750,47.91
1530779,1405654,497678,276,834,251,1,11,273.750,28.54
1530779,129801,207281,1161,833,251,1,13,274.250,28.54
1530779,325566,1527737,116,834,241,1,12,264.000,28.54
1530779,1088857,1282021,257,833,251,1,11,273.750,28.54
1530779,341697,734966,518,833,251,1,13,274.250,28.54
1530779,210966,767329,106,833,251,1,11,273.750,28.54
1530779,1373903,892532,123,791,251,1,11,273.750,28.54
1530779,243780,200846,370,833,251,1,11,273.750,28.54
1530779,67266,335949,128,792,231,1,11,253.750,28.54
1530779,1137659,548371,594,2000,251,1,11,273.750,28.54
1530779,1115548,349458,305,833,251,1,11,273.750,28.54
1530779,1492565,726604,341,875,251,1,13,274.250,28.54
1530779,468129,317047,629,792,231,1,11,253.750,28.54
1530779,198073,1222467,317,792,231,1,11,253.750,28.54
1530779,1257350,1086102,928,833,251,1,13,274.250,28.54
1530779,1208187,342673,399,834,251,1,11,273.750,28.54
1530779,425548,662628,59,833,251,1,11,273.750,28.54
1530779,1191019,453827,1007,834,241,1,12,264.000,28.54
1530779,394145,52038,61,833,231,1,11,253.750,28.54
1530779,1211938,519240,295,1917,241,1,12,264.000,28.54
1537721,819154,847179,215,833,253,1,11,275.750,22.82
1537721,137423,945743,171,833,243,1,11,265.750,22.82
1537721,1101372,171896,289,792,233,1,13,256.250,22.82
1537721,1375760,192397,105,792,243,1,11,265.750,22.82
1537721,1401078,492583,323,875,253,1,15,276.750,22.82
1537721,652440,1482219,145,833,243,1,11,265.750,22.82
1537721,157976,1490558,79,792,243,1,11,265.750,22.82
1537721,1326109,987113,13,833,253,1,12,276.000,22.82
1537721,479109,216004,556,810,243,1,11,265.750,22.82
1537721,700490,610060,673,875,253,1,11,275.750,22.82
1537721,233301,1230707,150,1976,253,1,12,276.000,22.82
1537721,592834,158687,172,833,253,1,11,275.750,22.82
1537721,772721,523110,40,1684,253,1,12,276.000,22.82
1537721,751726,860126,23,833,253,1,12,276.000,22.82
1537721,840750,197953,375,792,223,1,12,246.000,22.82
1537721,563397,918388,271,833,243,1,11,265.750,22.82
1537721,1521248,1373637,535,875,253,1,11,275.750,22.82
1537721,893434,1431587,41,833,233,1,13,256.250,22.82
1537721,386424,1319663,20,833,253,1,11,275.750,22.82
1537721,1098612,807948,204,2000,253,1,11,275.750,22.82
1541209,549488,548704,7,833,249,1,11,271.750,21.13
1541209,834700,209902,3,750,209,1,11,231.750,21.13
1541209,1222080,1404499,22,791,219,1,12,242.000,21.13
1541209,644022,343136,1328,834,249,1,11,271.750,21.13
1541209,715960,855948,224,833,229,1,13,252.250,21.13
1541209,742059,742027,14,834,249,1,11,271.750,21.13
1541209,502777,127798,102,1916,219,1,12,242.000,21.13
1541209,1314312,1138273,132,833,229,1,13,252.250,21.13
1541209,342038,18424,48,792,219,1,12,242.000,21.13
1541209,1353816,366298,34,834,249,1,11,271.750,21.13
1541209,1207788,161436,160,875,249,1,11,271.750,21.13
1541209,1222670,93154,276,875,249,1,11,271.750,21.13
1541209,752834,1238724,252,792,219,1,12,242.000,21.13
1541209,320040,25020,390,833,239,1,14,262.500,21.13
1541209,158025,1195081,1151,834,249,1,11,271.750,21.13
1541209,1173272,619699,613,833,229,1,13,252.250,21.13
1541209,1317122,308048,1,833,249,1,11,271.750,21.13
1541209,622847,1235448,240,833,249,1,11,271.750,21.13
1541209,155705,1096020,756,791,219,1,12,242.000,21.13
1541209,59494,202010,464,1875,229,1,13,252.250,21.13
1542071,693107,943128,4,916,251,1,11,273.750,22.67
1542071,1229342,433229,462,833,251,1,11,273.750,22.67
1542071,732521,398817,141,834,241,1,11,263.750,22.67
1542071,235050,395671,58,833,241,1,11,263.750,22.67
1542071,475645,1410447,132,833,251,1,11,273.750,22.67
1542071,665417,156232,10,833,241,1,14,264.500,22.67
1542071,138494,1175716,26,792,241,1,11,263.750,22.67
1542071,875463,724073,141,834,251,1,11,273.750,22.67
1542071,696336,662985,613,792,241,1,11,263.750,22.67
1542071,254912,1501236,755,791,241,1,11,263.750,22.67
1542071,520331,875739,726,834,251,1,11,273.750,22.67
1542071,698046,751684,31,792,241,1,11,263.750,22.67
1542071,660250,355175,394,833,241,1,11,263.750,22.67
1542071,709771,502302,155,792,241,1,11,263.750,22.67
1542071,61141,1030709,302,834,251,1,11,273.750,22.67
1542071,964965,924494,154,791,241,1,11,263.750,22.67
1542071,1376516,1429496,165,875,251,1,12,274.000,22.67
1542071,944284,809365,37,791,241,1,11,263.750,22.67
1542071,1449596,917745,78,834,251,1,11,273.750,22.67
1542071,57490,1259312,65,834,241,1,11,263.750,22.67
1542841,1489719,1288457,254,792,241,1,11,263.750,38.95
1542841,1336082,1445932,610,833,251,1,12,274.000,38.95
1542841,252360,444847,2568,834,241,1,11,263.750,38.95
1542841,694213,889449,146,875,251,1,11,273.750,38.95
1542841,327399,196942,464,834,251,1,11,273.750,38.95
1542841,1421596,1265941,857,833,241,1,11,263.750,38.95
1542841,47903,168826,696,834,251,1,11,273.750,38.95
1542841,1238328,1001406,57,834,241,1,11,263.750,38.95
1542841,1036168,376096,88,833,251,1,12,274.000,38.95
1542841,1491634,1450495,924,833,251,1,11,273.750,38.95
1542841,75589,185302,595,833,251,1,11,273.750,38.95
1542841,327867,698603,231,833,251,1,11,273.750,38.95
1542841,915303,1067592,478,833,251,1,11,273.750,38.95
1542841,257750,1318106,461,792,241,1,11,263.750,38.95
1542841,149084,708686,176,792,251,1,11,273.750,38.95
1542841,1143507,1468717,225,792,241,1,11,263.750,38.95
1542841,24439,1476826,336,833,251,1,12,274.000,38.95
1542841,41339,183407,111,1958,251,1,11,273.750,38.95
1542841,1439826,287447,1418,917,251,1,12,274.000,38.95
1542841,1322905,343291,233,833,251,1,11,273.750,38.95
1542991,377490,514187,626,833,250,1,11,272.750,12.60
1542991,903556,1063047,362,834,240,1,11,262.750,12.60
1542991,195393,1052871,23,833,240,1,11,262.750,12.60
1542991,1538823,1235184,72,833,250,1,11,272.750,12.60
1542991,349546,114308,20,792,240,1,11,262.750,12.60
1542991,1416183,1201649,4,833,250,1,11,272.750,12.60
1542991,939678,1071754,36,833,240,1,11,262.750,12.60
1542991,87081,1361634,367,833,250,1,11,272.750,12.60
1542991,652584,32990,279,833,240,1,11,262.750,12.60
1542991,1445465,898618,58,2059,240,1,11,262.750,12.60
1542991,266351,198168,673,792,240,1,11,262.750,12.60
1542991,1172030,1528408,148,833,240,1,11,262.750,12.60
1542991,799563,702297,3,792,250,1,11,272.750,12.60
1542991,1445213,80047,159,833,250,1,11,272.750,12.60
1542991,429507,534371,36,833,250,1,12,273.000,12.60
1542991,1276579,568767,118,792,240,1,11,262.750,12.60
1542991,1279104,136476,58,834,250,1,12,273.000,12.60
1542991,1237121,345083,99,834,240,1,11,262.750,12.60
1542991,758152,543888,50,791,240,1,11,262.750,12.60
1542991,1192760,839635,332,833,240,1,11,262.750,12.60
1544659,1462723,1255838,625,834,249,1,12,272.000,14.56
1544659,502376,1468763,874,833,249,1,11,271.750,14.56
1544659,390108,756489,50,1916,249,1,11,271.750,14.56
1544659,1115265,116388,156,833,249,1,12,272.000,14.56
1544659,603929,878079,338,875,249,1,11,271.750,14.56
1544659,593798,964004,22,792,239,1,11,261.750,14.56
1544659,391041,743153,6,792,249,1,11,271.750,14.56
1544659,52188,952431,490,833,249,1,12,272.000,14.56
1544659,996177,1350833,17,833,239,1,11,261.750,14.56
1544659,1501054,868792,175,1625,239,1,11,261.750,14.56
1544659,1127155,630462,14,791,239,1,11,261.750,14.56
1544659,734896,860828,46,792,239,1,11,261.750,14.56
1544659,154655,636198,126,833,239,1,11,261.750,14.56
1544659,1165026,706535,16,792,239,1,11,261.750,14.56
1544659,1172956,1182829,268,833,249,1,11,271.750,14.56
1544659,1155915,391985,207,833,239,1,11,261.750,14.56
1544659,69706,631257,11,833,249,1,11,271.750,14.56
1544659,1340540,1057223,109,791,239,1,11,261.750,14.56
1544659,641544,1134577,116,833,249,1,11,271.750,14.56
1544659,876477,1509247,380,833,249,1,12,272.000,14.56
1546361,957010,945583,107,834,231,1,11,253.750,27.28
1546361,1471686,63772,158,792,231,1,11,253.750,27.28
1546361,201713,767901,39,792,231,1,11,253.750,27.28
1546361,172827,1102957,95,833,251,1,11,273.750,27.28
1546361,1448560,954014,434,834,251,1,12,274.000,27.28
1546361,79465,131995,92,833,241,1,12,264.000,27.28
1546361,1055694,1528878,34,833,231,1,11,253.750,27.28
1546361,398468,833576,302,2083,251,1,11,273.750,27.28
1546361,796281,757396,387,792,251,1,11,273.750,27.28
1546361,1410471,930518,611,833,251,1,11,273.750,27.28
1546361,731144,1236975,563,833,241,1,11,263.750,27.28
1546361,1007324,1228385,187,1083,251,1,13,274.250,27.28
1546361,95112,1166656,190,2017,251,1,13,274.250,27.28
1546361,498712,1001982,241,875,251,1,13,274.250,27.28
1546361,342333,906982,538,833,241,1,12,264.000,27.28
1546361,1085520,1288517,29,2083,251,1,11,273.750,27.28
1546361,720919,697190,494,833,251,1,12,274.000,27.28
1546361,496550,657222,173,833,251,1,11,273.750,27.28
1546361,824309,1010171,398,834,231,1,11,253.750,27.28
1546361,283787,873948,78,833,251,1,13,274.250,27.28
1548983,795669,744350,44,833,240,1,12,263.000,5.76
1548983,60567,383184,16,792,230,1,11,252.750,5.76
1548983,780381,669907,86,792,240,1,12,263.000,5.76
1548983,17115,948714,17,834,240,1,12,263.000,5.76
1548983,903970,836038,11,833,250,1,13,273.250,5.76
1548983,540124,212442,169,833,250,1,13,273.250,5.76
1548983,591886,635386,113,791,230,1,11,252.750,5.76
1548983,731121,1395424,156,792,240,1,12,263.000,5.76
1548983,821764,1193402,94,834,240,1,12,263.000,5.76
1548983,320137,1376029,6,792,230,1,11,252.750,5.76
1548983,1366230,657672,6,2042,240,1,12,263.000,5.76
1548983,765692,654645,20,875,250,1,13,273.250,5.76
1548983,365423,875950,23,792,230,1,11,252.750,5.76
1548983,822542,1051048,4,1666,250,1,13,273.250,5.76
1548983,116125,539953,280,833,240,1,12,263.000,5.76
1548983,1514883,421155,18,834,240,1,12,263.000,5.76
1548983,334070,1163142,40,833,240,1,12,263.000,5.76
1548983,6387,61931,106,833,240,1,12,263.000,5.76
1548983,1074587,28427,21,792,230,1,11,252.750,5.76
1548983,742912,758633,394,833,240,1,12,263.000,5.76
1549087,780205,871584,26,792,230,1,11,252.750,19.28
1549087,852192,999184,474,875,250,1,13,273.250,19.28
1549087,1256028,900463,268,834,240,1,12,263.000,19.28
1549087,193994,237763,144,791,240,1,12,263.000,19.28
1549087,633972,165099,341,833,240,1,12,263.000,19.28
1549087,433961,74896,8,834,250,1,11,272.750,19.28
1549087,538868,765529,792,791,230,1,11,252.750,19.28
1549087,254296,1386314,181,834,240,1,12,263.000,19.28
1549087,589534,1146878,82,792,240,1,12,263.000,19.28
1549087,103633,278445,108,834,250,1,13,273.250,19.28
1549087,1543983,53966,72,1875,230,1,11,252.750,19.28
1549087,396935,847162,23,834,240,1,12,263.000,19.28
1549087,639978,1430309,563,833,240,1,12,263.000,19.28
1549087,1390009,1209213,104,1875,240,1,12,263.000,19.28
1549087,669427,1399031,130,834,250,1,13,273.250,19.28
1549087,1294141,655411,593,792,230,1,11,252.750,19.28
1549087,328348,378364,451,2084,240,1,12,263.000,19.28
1549087,1103978,677470,171,834,240,1,12,263.000,19.28
1549087,815420,544288,535,833,250,1,13,273.250,19.28
1549087,488502,992005,371,833,240,1,12,263.000,19.28
1551793,1302903,206442,451,834,253,1,11,275.750,29.28
1551793,1343252,701934,18,834,243,1,11,265.750,29.28
1551793,798943,1537893,134,833,253,1,12,276.000,29.28
1551793,640038,346872,323,833,243,1,11,265.750,29.28
1551793,66544,740757,148,833,243,1,11,265.750,29.28
1551793,367866,13304,625,833,243,1,11,265.750,29.28
1551793,939828,1465495,33,792,243,1,11,265.750,29.28
1551793,1013615,1303586,75,834,243,1,11,265.750,29.28
1551793,703620,702204,197,792,243,1,11,265.750,29.28
1551793,911975,879899,1277,833,243,1,11,265.750,29.28
1551793,247161,1381631,123,791,243,1,11,265.750,29.28
1551793,748086,214563,120,1959,243,1,11,265.750,29.28
1551793,639818,513527,555,875,253,1,12,276.000,29.28
1551793,836834,219225,359,833,253,1,12,276.000,29.28
1551793,502214,1486048,244,833,243,1,11,265.750,29.28
1551793,1497890,140984,381,833,243,1,11,265.750,29.28
1551793,740656,479979,903,792,243,1,11,265.750,29.28
1551793,215800,1247887,458,875,253,1,12,276.000,29.28
1551793,611206,1254831,613,833,253,1,11,275.750,29.28
1551793,90559,62757,1068,834,243,1,11,265.750,29.28
1552843,446230,140015,3,1000,240,1,11,262.750,14.82
1552843,251148,864093,534,792,240,1,11,262.750,14.82
1552843,330982,660127,55,833,250,1,11,272.750,14.82
1552843,1260230,640049,2,833,240,1,11,262.750,14.82
1552843,1102613,5462,122,791,240,1,11,262.750,14.82
1552843,1395560,532695,167,2417,240,1,11,262.750,14.82
1552843,571602,1226060,4,1625,240,1,11,262.750,14.82
1552843,704751,600080,53,834,250,1,11,272.750,14.82
1552843,1509095,10200,640,833,250,1,11,272.750,14.82
1552843,770093,1488392,350,917,250,1,11,272.750,14.82
1552843,1201586,60884,268,791,240,1,11,262.750,14.82
1552843,733624,1133128,110,791,240,1,11,262.750,14.82
1552843,849508,1173345,174,833,250,1,11,272.750,14.82
1552843,372451,78355,237,958,250,1,11,272.750,14.82
1552843,639191,1092260,552,792,240,1,11,262.750,14.82
1552843,181728,745062,206,792,240,1,11,262.750,14.82
1552843,1038990,1238764,238,833,250,1,11,272.750,14.82
1552843,790440,917099,122,792,240,1,11,262.750,14.82
1552843,63421,680242,71,834,240,1,11,262.750,14.82
1552843,1258441,1231655,199,2209,240,1,11,262.750,14.82
1553927,872477,1006187,44,833,249,1,11,271.750,31.34
1553927,1308984,910314,636,834,249,1,12,272.000,31.34
1553927,407060,725466,681,792,239,1,11,261.750,31.34
1553927,1207720,491005,233,833,249,1,11,271.750,31.34
1553927,848223,1238979,190,833,249,1,12,272.000,31.34
1553927,1293524,762536,1037,833,239,1,11,261.750,31.34
1553927,1426899,102688,218,834,249,1,11,271.750,31.34
1553927,427270,44534,199,792,239,1,11,261.750,31.34
1553927,921680,947195,328,834,249,1,11,271.750,31.34
1553927,463608,869346,271,834,249,1,11,271.750,31.34
1553927,1455528,951109,368,833,249,1,11,271.750,31.34
1553927,406502,58749,103,834,249,1,11,271.750,31.34
1553927,560222,1088941,110,833,239,1,11,261.750,31.34
1553927,820694,273574,66,833,239,1,11,261.750,31.34
1553927,1131937,158795,129,833,249,1,11,271.750,31.34
1553927,42024,1287964,161,834,249,1,11,271.750,31.34
1553927,893172,1031019,1135,833,249,1,11,271.750,31.34
1553927,1073996,1545129,1934,833,249,1,11,271.750,31.34
1553927,546282,779760,402,833,249,1,11,271.750,31.34
1553927,1404676,210797,487,791,239,1,11,261.750,31.34
1558283,931877,588911,142,792,239,1,11,261.750,15.46
1558283,1372193,1552319,159,2125,249,1,14,272.500,15.46
1558283,413943,1255174,3,791,239,1,11,261.750,15.46
1558283,189780,19605,193,792,239,1,11,261.750,15.46
1558283,734941,372054,31,833,239,1,11,261.750,15.46
1558283,1093463,501705,175,2083,249,1,11,271.750,15.46
1558283,545020,931409,34,1584,229,1,12,252.000,15.46
1558283,479563,550966,528,833,249,1,12,272.000,15.46
1558283,164243,209679,2,834,239,1,13,262.250,15.46
1558283,1033973,255828,39,792,229,1,12,252.000,15.46
1558283,831802,1475359,8,834,239,1,13,262.250,15.46
1558283,1365051,1106067,288,792,219,1,11,241.750,15.46
1558283,1415097,826908,362,875,249,1,14,272.500,15.46
1558283,507289,954331,350,833,239,1,13,262.250,15.46
1558283,1218816,1189802,190,875,249,1,14,272.500,15.46
1558283,152458,1502827,257,792,239,1,11,261.750,15.46
1558283,958058,95917,34,792,219,1,11,241.750,15.46
1558283,1111747,1082865,137,875,249,1,14,272.500,15.46
1558283,160117,1410995,49,750,219,1,11,241.750,15.46
1558283,522628,1170180,14,1916,249,1,11,271.750,15.46
1558877,418592,499938,231,833,231,1,12,254.000,32.14
1558877,1442145,1442507,556,750,221,1,11,243.750,32.14
1558877,833318,890415,11,791,221,1,11,243.750,32.14
1558877,1022378,306387,710,833,241,1,11,263.750,32.14
1558877,216458,1002779,412,833,241,1,11,263.750,32.14
1558877,269316,1049395,22,833,241,1,11,263.750,32.14
1558877,1309959,799851,212,833,241,1,11,263.750,32.14
1558877,499670,1114851,377,792,241,1,11,263.750,32.14
1558877,849909,299914,67,1041,251,1,12,274.000,32.14
1558877,1175630,324765,151,875,251,1,12,274.000,32.14
1558877,1371383,317533,213,833,251,1,12,274.000,32.14
1558877,945401,1363175,151,2018,241,1,11,263.750,32.14
1558877,1543341,877088,73,875,251,1,12,274.000,32.14
1558877,401596,1182058,180,834,251,1,11,273.750,32.14
1558877,713213,1371746,242,850,251,1,12,274.000,32.14
1558877,580485,506652,558,791,241,1,11,263.750,32.14
1558877,9495,18569,523,1708,231,1,12,254.000,32.14
1558877,1485936,201814,198,791,231,1,12,254.000,32.14
1558877,200021,79290,916,834,241,1,13,264.250,32.14
1558877,495471,842668,417,1833,251,1,14,274.500,32.14
1561529,748020,796286,259,1750,253,1,11,275.750,15.94
1561529,594340,498745,577,1667,253,1,12,276.000,15.94
1561529,1282487,1012175,76,833,253,1,11,275.750,15.94
1561529,498975,6725,73,1625,243,1,11,265.750,15.94
1561529,1172797,1083188,230,834,253,1,12,276.000,15.94
1561529,83298,1518901,536,833,253,1,12,276.000,15.94
1561529,396638,1543919,77,834,253,1,12,276.000,15.94
1561529,1394444,1356981,24,833,253,1,12,276.000,15.94
1561529,1396299,460134,39,834,243,1,11,265.750,15.94
1561529,1084505,938460,326,792,243,1,11,265.750,15.94
1561529,1140579,63112,145,833,253,1,12,276.000,15.94
1561529,1345647,434325,263,834,253,1,12,276.000,15.94
1561529,1024624,870742,88,791,243,1,11,265.750,15.94
1561529,225025,251706,88,833,243,1,11,265.750,15.94
1561529,463106,809598,225,833,253,1,11,275.750,15.94
1561529,1414403,291851,12,1851,253,1,12,276.000,15.94
1561529,363580,1510892,96,791,243,1,11,265.750,15.94
1561529,1067857,444572,455,875,253,1,12,276.000,15.94
1561529,456044,548054,738,875,253,1,12,276.000,15.94
1561529,1099483,1094680,132,833,253,1,12,276.000,15.94
1561753,58343,318783,269,833,251,1,11,273.750,43.49
1561753,527575,475714,841,875,251,1,12,274.000,43.49
1561753,413748,319122,25,875,251,1,11,273.750,43.49
1561753,813044,1290832,1630,834,251,1,11,273.750,43.49
1561753,1085746,1225200,31,833,251,1,11,273.750,43.49
1561753,202823,678816,801,834,251,1,11,273.750,43.49
1561753,1264008,1043161,936,1851,251,1,11,273.750,43.49
1561753,81969,627541,2603,792,241,1,11,263.750,43.49
1561753,461701,120256,146,834,251,1,11,273.750,43.49
1561753,670075,109269,1096,834,241,1,11,263.750,43.49
1561753,1511591,1493654,315,833,241,1,11,263.750,43.49
1561753,332113,1012242,37,875,251,1,11,273.750,43.49
1561753,1156961,814549,1355,834,251,1,11,273.750,43.49
1561753,1026096,401637,553,833,251,1,11,273.750,43.49
1561753,295714,238837,201,834,251,1,11,273.750,43.49
1561753,905604,629690,223,834,251,1,11,273.750,43.49
1561753,632110,1252740,67,834,251,1,12,274.000,43.49
1561753,1167573,347389,568,833,251,1,11,273.750,43.49
1561753,1338244,1251647,196,791,241,1,11,263.750,43.49
1561753,1557712,277094,164,833,241,1,11,263.750,43.49
1562647,641047,1170828,309,833,249,1,12,272.000,23.19
1562647,390396,211989,101,833,239,1,11,261.750,23.19
1562647,1246299,20596,58,2250,239,1,11,261.750,23.19
1562647,1276944,397953,166,834,239,1,11,261.750,23.19
1562647,291141,717971,115,833,249,1,11,271.750,23.19
1562647,305936,1327600,58,875,249,1,13,272.250,23.19
1562647,812891,361141,493,834,249,1,13,272.250,23.19
1562647,477888,770839,60,2250,239,1,12,262.000,23.19
1562647,555405,931846,318,792,239,1,11,261.750,23.19
1562647,759430,1511354,291,875,249,1,13,272.250,23.19
1562647,1256142,608134,214,834,229,1,11,251.750,23.19
1562647,1352452,543818,662,833,239,1,12,262.000,23.19
1562647,941034,74927,352,833,249,1,11,271.750,23.19
1562647,711391,1280197,306,875,249,1,13,272.250,23.19
1562647,1213426,1171909,127,833,239,1,12,262.000,23.19
1562647,955339,1184604,23,834,249,1,11,271.750,23.19
1562647,182783,1313323,24,834,249,1,12,272.000,23.19
1562647,474553,537469,418,2958,249,1,11,271.750,23.19
1562647,1515883,779781,76,833,249,1,11,271.750,23.19
1562647,603987,61407,191,833,249,1,12,272.000,23.19
1562707,10918,576821,438,833,239,1,12,262.000,33.77
1562707,1242069,1318622,55,875,249,1,12,272.000,33.77
1562707,355309,1353692,349,833,239,1,11,261.750,33.77
1562707,888471,111515,661,875,249,1,13,272.250,33.77
1562707,1028655,1265949,337,791,239,1,12,262.000,33.77
1562707,689230,631983,718,2125,249,1,11,271.750,33.77
1562707,836232,793992,280,792,239,1,11,261.750,33.77
1562707,1218985,1114075,390,792,229,1,11,251.750,33.77
1562707,1096735,614039,17,834,249,1,11,271.750,33.77
1562707,1226639,1001657,263,792,229,1,11,251.750,33.77
1562707,120423,749406,231,833,239,1,12,262.000,33.77
1562707,1495772,1422473,560,792,239,1,11,261.750,33.77
1562707,193602,368590,571,834,239,1,11,261.750,33.77
1562707,258564,208353,163,833,239,1,12,262.000,33.77
1562707,169677,1262787,184,792,239,1,11,261.750,33.77
1562707,714672,1307077,212,833,249,1,11,271.750,33.77
1562707,1530150,747024,103,834,239,1,11,261.750,33.77
1562707,886114,972017,186,792,239,1,11,261.750,33.77
1562707,505463,1138185,194,833,249,1,11,271.750,33.77
1562707,359121,85698,450,833,239,1,12,262.000,33.77
1563461,1225996,78253,559,791,231,1,11,253.750,22.79
1563461,956844,431842,277,834,251,1,11,273.750,22.79
1563461,629341,324983,34,834,241,1,12,264.000,22.79
1563461,258478,1429793,22,834,241,1,12,264.000,22.79
1563461,767302,502232,298,833,231,1,11,253.750,22.79
1563461,896453,712896,422,833,251,1,11,273.750,22.79
1563461,667311,249407,711,833,251,1,13,274.250,22.79
1563461,321999,1314842,73,791,231,1,11,253.750,22.79
1563461,137537,1504524,44,834,231,1,11,253.750,22.79
1563461,1128630,966576,278,2208,231,1,11,253.750,22.79
1563461,721975,617925,26,834,241,1,12,264.000,22.79
1563461,1061200,370358,361,875,251,1,13,274.250,22.79
1563461,1339753,1451829,292,833,241,1,12,264.000,22.79
1563461,851040,1352278,372,792,251,1,11,273.750,22.79
1563461,952107,393283,645,2267,231,1,11,253.750,22.79
1563461,1062376,270764,150,833,251,1,11,273.750,22.79
1563461,477247,1252742,233,833,231,1,11,253.750,22.79
1563461,963627,1234078,670,768,251,1,11,273.750,22.79
1563461,781321,388157,429,792,231,1,11,253.750,22.79
1563461,846630,1046385,482,875,231,1,11,253.750,22.79
1566793,557365,686456,163,791,250,1,11,272.750,25.90
1566793,1196494,114407,252,833,250,1,11,272.750,25.90
1566793,765724,322633,165,833,240,1,11,262.750,25.90
1566793,455756,621960,181,792,230,1,11,252.750,25.90
1566793,197905,612807,275,834,250,1,11,272.750,25.90
1566793,240612,154656,97,833,250,1,11,272.750,25.90
1566793,542436,1501312,157,834,250,1,12,273.000,25.90
1566793,1053223,396236,55,834,250,1,11,272.750,25.90
1566793,160059,357621,380,834,250,1,11,272.750,25.90
1566793,1241844,1021707,447,834,240,1,11,262.750,25.90
1566793,44612,1390358,335,833,250,1,11,272.750,25.90
1566793,1340751,1441784,589,834,250,1,11,272.750,25.90
1566793,881107,126199,9,833,250,1,11,272.750,25.90
1566793,672489,74179,3,833,250,1,11,272.750,25.90
1566793,524729,1396386,180,833,250,1,11,272.750,25.90
1566793,1166676,1292213,308,833,240,1,11,262.750,25.90
1566793,1172291,1515311,80,833,250,1,11,272.750,25.90
1566793,290932,517064,465,875,250,1,11,272.750,25.90
1566793,174231,1312908,214,833,250,1,11,272.750,25.90
1566793,252240,823006,549,792,250,1,11,272.750,25.90
1566823,380255,1211216,278,3042,240,1,11,262.750,30.17
1566823,371432,989242,711,833,250,1,11,272.750,30.17
1566823,1328299,246269,8,833,250,1,13,273.250,30.17
1566823,218341,519560,108,917,240,1,11,262.750,30.17
1566823,778065,772121,419,833,250,1,11,272.750,30.17
1566823,347826,167958,591,834,230,1,11,252.750,30.17
1566823,936646,148774,216,791,240,1,11,262.750,30.17
1566823,436330,1046217,244,1917,240,1,11,262.750,30.17
1566823,898381,933651,55,792,240,1,11,262.750,30.17
1566823,532376,325642,418,834,250,1,11,272.750,30.17
1566823,676729,1420557,487,833,250,1,11,272.750,30.17
1566823,813254,474324,262,833,240,1,12,263.000,30.17
1566823,1443105,318980,258,791,250,1,11,272.750,30.17
1566823,884557,1208954,150,833,240,1,12,263.000,30.17
1566823,1377622,640634,136,792,240,1,11,262.750,30.17
1566823,1090634,1268288,356,833,240,1,12,263.000,30.17
1566823,1461088,1029359,21,791,240,1,11,262.750,30.17
1566823,627095,548028,476,834,240,1,12,263.000,30.17
1566823,1435918,1184688,27,834,250,1,11,272.750,30.17
1566823,1503603,725632,539,833,240,1,11,262.750,30.17
1567171,843350,779968,448,1084,240,1,11,262.750,28.79
1567171,59050,659555,189,833,250,1,11,272.750,28.79
1567171,1226501,67639,481,833,240,1,12,263.000,28.79
1567171,1473829,1233119,86,792,240,1,11,262.750,28.79
1567171,1284309,954749,325,833,240,1,11,262.750,28.79
1567171,969619,576428,58,834,250,1,11,272.750,28.79
1567171,933773,1137873,196,834,250,1,11,272.750,28.79
1567171,1422768,1527986,996,833,240,1,12,263.000,28.79
1567171,1106727,982657,77,834,240,1,11,262.750,28.79
1567171,900474,1219159,296,916,250,1,11,272.750,28.79
1567171,617371,471233,17,791,240,1,11,262.750,28.79
1567171,419570,1367013,156,809,250,1,11,272.750,28.79
1567171,827188,664216,8,833,250,1,12,273.000,28.79
1567171,441855,134307,909,834,250,1,12,273.000,28.79
1567171,1451339,505569,221,791,250,1,11,272.750,28.79
1567171,1219524,1385143,49,833,240,1,11,262.750,28.79
1567171,28509,468693,407,792,240,1,11,262.750,28.79
1567171,1308944,542402,13,833,250,1,11,272.750,28.79
1567171,1537741,411762,144,834,240,1,11,262.750,28.79
1567171,793246,1376757,410,833,250,1,12,273.000,28.79
1568519,83301,736247,31,833,251,1,11,273.750,27.26
1568519,1414387,1517520,76,833,251,1,11,273.750,27.26
1568519,1161536,103593,327,834,241,1,11,263.750,27.26
1568519,199609,1433959,10,834,251,1,11,273.750,27.26
1568519,509762,1003721,116,834,251,1,11,273.750,27.26
1568519,746920,1290559,96,792,241,1,11,263.750,27.26
1568519,1144612,19113,35,792,241,1,11,263.750,27.26
1568519,652995,947999,620,834,241,1,11,263.750,27.26
1568519,453777,880785,1062,834,251,1,11,273.750,27.26
1568519,307677,1288408,254,834,251,1,11,273.750,27.26
1568519,373695,283146,105,792,251,1,11,273.750,27.26
1568519,159637,1214096,75,833,251,1,11,273.750,27.26
1568519,915524,1113323,256,833,241,1,11,263.750,27.26
1568519,1156803,983860,599,833,251,1,11,273.750,27.26
1568519,1005360,615646,390,834,241,1,11,263.750,27.26
1568519,1208465,1554918,222,833,241,1,11,263.750,27.26
1568519,1260842,863535,87,834,251,1,11,273.750,27.26
1568519,223053,1355947,167,833,251,1,11,273.750,27.26
1568519,832706,1292573,246,2560,251,1,11,273.750,27.26
1568519,544327,966028,245,1708,251,1,11,273.750,27.26
1569817,210979,987899,287,1667,251,1,12,274.000,33.36
1569817,290039,711574,192,833,251,1,11,273.750,33.36
1569817,838679,1497761,713,833,251,1,11,273.750,33.36
1569817,342614,1233430,538,833,251,1,11,273.750,33.36
1569817,751491,1184096,1001,833,251,1,11,273.750,33.36
1569817,612127,1003712,516,834,251,1,11,273.750,33.36
1569817,1289188,1027884,38,833,251,1,11,273.750,33.36
1569817,354232,598728,588,833,251,1,11,273.750,33.36
1569817,484492,185678,88,833,251,1,11,273.750,33.36
1569817,1215585,444184,68,834,251,1,11,273.750,33.36
1569817,1506049,1476548,282,833,251,1,11,273.750,33.36
1569817,1091924,1482293,97,833,251,1,11,273.750,33.36
1569817,394870,1473563,213,833,241,1,11,263.750,33.36
1569817,284803,561875,816,875,251,1,11,273.750,33.36
1569817,548196,1020805,352,834,251,1,11,273.750,33.36
1569817,1317012,519761,12,875,251,1,12,274.000,33.36
1569817,952510,1320602,1921,833,251,1,12,274.000,33.36
1569817,1492530,914948,795,833,251,1,11,273.750,33.36
1569817,932507,669594,74,834,251,1,11,273.750,33.36
1569817,1084260,1357508,481,834,251,1,11,273.750,33.36
1571287,758593,1289768,427,875,233,1,17,257.250,17.84
1571287,936586,293473,165,3250,253,1,19,277.750,17.84
1571287,419234,1290939,116,834,253,1,11,275.750,17.84
1571287,641543,436781,191,917,243,1,18,267.500,17.84
1571287,1039839,807829,475,833,253,1,11,275.750,17.84
1571287,728211,394689,4,958,253,1,19,277.750,17.84
1571287,1377339,593351,982,2000,233,1,17,257.250,17.84
1571287,899808,979651,354,792,253,1,11,275.750,17.84
1571287,226070,1365048,301,893,233,1,17,257.250,17.84
1571287,1558140,596158,113,833,253,1,11,275.750,17.84
1571287,494959,715404,74,833,253,1,11,275.750,17.84
1571287,685322,533933,111,916,253,1,19,277.750,17.84
1571287,890142,711560,44,875,233,1,17,257.250,17.84
1571287,1145633,6955,526,833,253,1,11,275.750,17.84
1571287,259894,171998,145,833,253,1,11,275.750,17.84
1571287,998144,268275,56,917,253,1,19,277.750,17.84
1571287,283968,158779,835,833,253,1,11,275.750,17.84
1571287,1215654,147924,14,833,253,1,11,275.750,17.84
1571287,542554,221750,213,2166,243,1,18,267.500,17.84
1571287,1038938,632454,271,834,253,1,11,275.750,17.84
1573303,1407622,1367411,48,875,226,1,17,250.250,33.14
1573303,1031448,505017,197,1000,306,1,17,330.250,33.14
1573303,1190497,1193366,429,833,246,1,11,268.750,33.14
1573303,862767,413040,222,833,246,1,11,268.750,33.14
1573303,66589,449556,97,1042,316,1,18,340.500,33.14
1573303,1519125,1568337,538,1041,316,1,18,340.500,33.14
1573303,482698,714639,858,917,246,1,19,270.750,33.14
1573303,1421340,1436624,76,834,246,1,11,268.750,33.14
1573303,416292,542410,99,875,236,1,18,260.500,33.14
1573303,945949,213229,93,833,246,1,11,268.750,33.14
1573303,378786,1032304,1870,2041,246,1,11,268.750,33.14
1573303,827089,200414,237,917,236,1,18,260.500,33.14
1573303,826876,290087,103,1000,306,1,17,330.250,33.14
1573303,192050,1355598,276,1000,306,1,17,330.250,33.14
1573303,1243267,385129,19,1060,326,1,19,350.750,33.14
1573303,1448308,537784,596,833,216,1,16,240.000,33.14
1573303,131175,24496,66,1791,246,1,11,268.750,33.14
1573303,1298675,577454,141,791,196,1,14,219.500,33.14
1573303,1094820,500730,490,833,246,1,11,268.750,33.14
1573303,1414567,1285003,87,917,246,1,19,270.750,33.14
1573577,382615,1537572,275,1000,296,1,16,320.000,12.69
1573577,65230,1450231,202,834,216,1,16,240.000,12.69
1573577,291599,753895,5,958,286,1,15,309.750,12.69
1573577,109271,534283,169,1792,216,1,16,240.000,12.69
1573577,91998,892255,1162,875,226,1,17,250.250,12.69
1573577,847196,587810,314,1792,236,1,18,260.500,12.69
1573577,1420413,1231171,167,709,166,1,11,188.750,12.69
1573577,1159206,1238387,44,875,226,1,17,250.250,12.69
1573577,450470,1042860,70,1000,306,1,17,330.250,12.69
1573577,207954,789138,132,1708,246,1,19,270.750,12.69
1573577,1149816,714223,93,875,226,1,17,250.250,12.69
1573577,422301,184361,133,958,296,1,16,320.000,12.69
1573577,511844,500867,1,1000,306,1,17,330.250,12.69
1573577,84015,344993,283,833,216,1,16,240.000,12.69
1573577,1113963,908034,44,917,236,1,18,260.500,12.69
1573577,1417196,1292838,210,833,206,1,15,229.750,12.69
1573577,425074,719667,49,2125,316,1,18,340.500,12.69
1573577,1433939,89235,529,834,246,1,11,268.750,12.69
1573577,664160,1290509,97,1041,326,1,19,350.750,12.69
1573577,470812,820406,61,1000,296,1,16,320.000,12.69
1575547,1398270,1549652,40,833,247,1,11,269.750,17.30
1575547,747193,1575333,628,833,237,1,11,259.750,17.30
1575547,1337883,271523,107,833,237,1,11,259.750,17.30
1575547,522916,1324776,194,833,247,1,12,270.000,17.30
1575547,336184,1174741,174,834,237,1,11,259.750,17.30
1575547,500359,1327426,47,792,237,1,11,259.750,17.30
1575547,866984,1057354,401,834,237,1,11,259.750,17.30
1575547,589687,754813,296,833,247,1,12,270.000,17.30
1575547,580685,1432830,351,834,237,1,11,259.750,17.30
1575547,1206454,523664,521,875,247,1,12,270.000,17.30
1575547,659308,1529508,14,792,237,1,11,259.750,17.30
1575547,593121,1263011,360,833,247,1,12,270.000,17.30
1575547,1251791,1465360,169,833,237,1,11,259.750,17.30
1575547,1463633,611058,83,833,237,1,11,259.750,17.30
1575547,1341692,693878,499,834,237,1,11,259.750,17.30
1575547,1080301,678179,153,834,237,1,11,259.750,17.30
1575547,1140037,1501664,318,792,237,1,11,259.750,17.30
1575547,694019,839398,86,833,237,1,11,259.750,17.30
1575547,388097,1186118,176,833,237,1,11,259.750,17.30
1575547,1036770,1156581,22,834,237,1,11,259.750,17.30
1575869,142790,1541653,1132,833,239,1,11,261.750,39.66
1575869,1068693,207068,141,833,249,1,11,271.750,39.66
1575869,1560357,44477,1721,833,249,1,12,272.000,39.66
1575869,280518,1421602,373,875,249,1,12,272.000,39.66
1575869,1289517,307290,191,791,239,1,11,261.750,39.66
1575869,311232,1303993,160,833,249,1,11,271.750,39.66
1575869,304425,149194,214,834,249,1,12,272.000,39.66
1575869,1180819,744502,406,833,249,1,12,272.000,39.66
1575869,1275458,560457,431,834,249,1,12,272.000,39.66
1575869,617054,1390696,142,834,249,1,11,271.750,39.66
1575869,1222387,1262604,1470,792,239,1,11,261.750,39.66
1575869,635527,572876,621,875,249,1,12,272.000,39.66
1575869,524011,165642,368,834,239,1,11,261.750,39.66
1575869,482433,492494,13,1917,239,1,11,261.750,39.66
1575869,562792,336432,726,1875,239,1,11,261.750,39.66
1575869,960645,1133491,102,833,249,1,11,271.750,39.66
1575869,646016,397261,247,833,249,1,12,272.000,39.66
1575869,522776,1347850,1816,875,249,1,12,272.000,39.66
1575869,243214,1085891,292,833,249,1,12,272.000,39.66
1575869,765536,1312537,484,1791,239,1,11,261.750,39.66
1576889,903667,769108,470,875,250,1,12,273.000,42.06
1576889,1340063,1124008,283,833,250,1,11,272.750,42.06
1576889,338189,883665,501,1875,250,1,12,273.000,42.06
1576889,340139,1044090,452,834,250,1,12,273.000,42.06
1576889,564944,1287690,1,834,250,1,11,272.750,42.06
1576889,809028,1174561,387,834,240,1,11,262.750,42.06
1576889,617621,273766,753,875,250,1,12,273.000,42.06
1576889,759734,558397,447,875,250,1,12,273.000,42.06
1576889,422136,80337,219,792,240,1,11,262.750,42.06
1576889,822637,1503917,466,1834,250,1,11,272.750,42.06
1576889,1112112,1370065,177,834,250,1,12,273.000,42.06
1576889,46242,660268,558,833,240,1,11,262.750,42.06
1576889,93685,1230074,66,833,250,1,11,272.750,42.06
1576889,1415,1560596,74,834,240,1,11,262.750,42.06
1576889,729602,61142,48,833,250,1,12,273.000,42.06
1576889,696483,445959,543,833,250,1,12,273.000,42.06
1576889,303817,195860,503,833,250,1,12,273.000,42.06
1576889,1170094,1475371,208,1041,240,1,11,262.750,42.06
1576889,918754,809761,1323,834,250,1,11,272.750,42.06
1576889,801216,1301988,348,833,250,1,11,272.750,42.06
1583833,856713,261339,142,833,239,1,11,261.750,25.28
1583833,924730,622166,320,833,249,1,12,272.000,25.28
1583833,856026,512152,141,834,239,1,11,261.750,25.28
1583833,65121,200081,345,792,239,1,11,261.750,25.28
1583833,1365053,1165175,194,833,249,1,12,272.000,25.28
1583833,217840,443184,383,834,249,1,11,271.750,25.28
1583833,161526,744704,1014,833,249,1,11,271.750,25.28
1583833,662061,462621,488,833,249,1,11,271.750,25.28
1583833,824417,681474,83,834,249,1,11,271.750,25.28
1583833,1442946,796456,544,833,249,1,11,271.750,25.28
1583833,977334,936239,229,833,249,1,11,271.750,25.28
1583833,443300,1551002,260,833,249,1,11,271.750,25.28
1583833,1472954,183281,85,833,249,1,12,272.000,25.28
1583833,648061,648146,171,833,249,1,11,271.750,25.28
1583833,290606,1297438,66,834,249,1,11,271.750,25.28
1583833,1529055,843125,33,833,249,1,11,271.750,25.28
1583833,784052,1260716,1293,792,249,1,11,271.750,25.28
1583833,1097892,1444426,569,2167,249,1,12,272.000,25.28
1583833,1046790,166842,410,833,239,1,11,261.750,25.28
1583833,836189,1071847,310,833,239,1,11,261.750,25.28
1585657,216596,461388,721,833,250,1,12,273.000,40.14
1585657,1463659,929859,258,916,250,1,11,272.750,40.14
1585657,1250633,765201,86,833,250,1,11,272.750,40.14
1585657,1254858,1337488,509,833,250,1,12,273.000,40.14
1585657,411809,172959,329,834,240,1,11,262.750,40.14
1585657,264186,428018,1960,791,240,1,11,262.750,40.14
1585657,1291211,1168691,358,834,250,1,12,273.000,40.14
1585657,1446788,714019,216,834,250,1,12,273.000,40.14
1585657,750763,92932,1344,834,250,1,11,272.750,40.14
1585657,543613,562283,1014,833,250,1,11,272.750,40.14
1585657,1104691,1189110,725,875,250,1,11,272.750,40.14
1585657,314415,1012892,318,1750,240,1,11,262.750,40.14
1585657,1257008,1350079,98,834,240,1,11,262.750,40.14
1585657,40889,552128,58,833,250,1,12,273.000,40.14
1585657,187952,733237,1219,833,240,1,11,262.750,40.14
1585657,60332,172388,509,2083,250,1,11,272.750,40.14
1585657,693543,786341,74,791,240,1,11,262.750,40.14
1585657,1287067,1179477,291,792,240,1,11,262.750,40.14
1585657,1021905,1546220,238,833,250,1,11,272.750,40.14
1585657,1431250,36268,814,833,250,1,12,273.000,40.14
1589633,1382448,977577,1280,833,229,1,12,252.000,45.49
1589633,320815,491061,339,833,219,1,11,241.750,45.49
1589633,673596,487835,9,833,229,1,12,252.000,45.49
1589633,274071,391542,100,791,229,1,12,252.000,45.49
1589633,675557,108611,607,833,239,1,13,262.250,45.49
1589633,96655,1209967,539,792,219,1,11,241.750,45.49
1589633,902374,470170,403,792,229,1,12,252.000,45.49
1589633,1521339,1014457,463,875,249,1,11,271.750,45.49
1589633,63566,1369393,883,2208,249,1,11,271.750,45.49
1589633,157774,309243,593,792,249,1,11,271.750,45.49
1589633,178521,251894,415,917,249,1,11,271.750,45.49
1589633,1585680,781287,108,750,219,1,11,241.750,45.49
1589633,1019405,393799,292,834,249,1,14,272.500,45.49
1589633,371584,1583211,184,2041,239,1,13,262.250,45.49
1589633,748115,1052264,248,875,249,1,11,271.750,45.49
1589633,633687,78449,236,875,249,1,14,272.500,45.49
1589633,157992,246507,1037,834,239,1,13,262.250,45.49
1589633,199885,997739,525,834,249,1,11,271.750,45.49
1589633,1381426,17073,119,875,249,1,14,272.500,45.49
1589633,1518750,1302256,162,834,249,1,11,271.750,45.49
1590739,342752,584612,149,792,227,1,12,250.000,27.48
1590739,832664,454438,104,792,227,1,12,250.000,27.48
1590739,371684,197950,924,791,227,1,12,250.000,27.48
1590739,262870,567575,324,875,237,1,13,260.250,27.48
1590739,1443018,1004692,266,834,247,1,14,270.500,27.48
1590739,607215,1096513,717,833,237,1,13,260.250,27.48
1590739,378513,234311,278,792,217,1,11,239.750,27.48
1590739,482383,938184,247,792,227,1,12,250.000,27.48
1590739,748982,677538,435,833,247,1,11,269.750,27.48
1590739,638162,632882,356,833,247,1,14,270.500,27.48
1590739,83943,111456,746,833,247,1,11,269.750,27.48
1590739,1389632,276008,38,809,217,1,11,239.750,27.48
1590739,295826,436958,327,792,247,1,11,269.750,27.48
1590739,500778,53381,32,833,237,1,13,260.250,27.48
1590739,951657,776391,703,833,227,1,12,250.000,27.48
1590739,862584,186780,213,834,237,1,13,260.250,27.48
1590739,868708,749272,171,833,247,1,11,269.750,27.48
1590739,1312022,1491795,1013,833,247,1,11,269.750,27.48
1590739,1297506,823829,554,875,247,1,14,270.500,27.48
1590739,1154860,504342,260,833,247,1,14,270.500,27.48
1593149,12788,1196007,318,2125,250,1,12,273.000,48.29
1593149,1577043,137729,100,833,250,1,11,272.750,48.29
1593149,19344,387408,1398,810,250,1,12,273.000,48.29
1593149,967995,1473903,617,834,250,1,11,272.750,48.29
1593149,1326914,727121,973,833,250,1,11,272.750,48.29
1593149,1078500,261041,301,791,250,1,11,272.750,48.29
1593149,273921,470833,330,834,250,1,11,272.750,48.29
1593149,162714,1302195,471,833,250,1,11,272.750,48.29
1593149,251187,1050387,76,2059,250,1,11,272.750,48.29
1593149,1467055,1489779,8,833,250,1,11,272.750,48.29
1593149,1552504,928362,730,791,250,1,11,272.750,48.29
1593149,1192828,103117,619,833,250,1,11,272.750,48.29
1593149,1076214,1176131,134,833,250,1,12,273.000,48.29
1593149,124994,1469904,34,833,250,1,12,273.000,48.29
1593149,865548,1467019,215,1917,250,1,11,272.750,48.29
1593149,1485545,612463,1408,1917,250,1,11,272.750,48.29
1593149,683396,850008,139,833,240,1,11,262.750,48.29
1593149,1506575,1442909,311,834,250,1,11,272.750,48.29
1593149,383151,1137178,131,833,250,1,11,272.750,48.29
1593149,1563268,603622,569,792,240,1,11,262.750,48.29
1593703,1552204,717411,252,851,247,1,11,269.750,42.02
1593703,1287555,71686,5,834,247,1,11,269.750,42.02
1593703,1033466,1452111,62,834,247,1,12,270.000,42.02
1593703,112413,702214,212,833,247,1,11,269.750,42.02
1593703,400141,1370244,1057,834,237,1,11,259.750,42.02
1593703,994434,411395,1196,834,237,1,11,259.750,42.02
1593703,453959,492035,851,792,237,1,11,259.750,42.02
1593703,29018,1049244,322,833,247,1,11,269.750,42.02
1593703,411176,1246475,557,875,237,1,11,259.750,42.02
1593703,365421,750793,353,833,247,1,11,269.750,42.02
1593703,1307816,383930,44,833,247,1,11,269.750,42.02
1593703,1022765,533734,251,792,237,1,11,259.750,42.02
1593703,283361,190743,1272,2750,247,1,11,269.750,42.02
1593703,1210664,249080,50,792,237,1,11,259.750,42.02
1593703,791735,536878,417,833,237,1,11,259.750,42.02
1593703,1462860,1259333,22,791,237,1,11,259.750,42.02
1593703,482697,836997,217,834,237,1,11,259.750,42.02
1593703,1512175,768140,239,791,247,1,11,269.750,42.02
1593703,551879,397449,207,1750,237,1,11,259.750,42.02
1593703,1169801,301906,227,834,247,1,11,269.750,42.02
1597381,1395442,1239648,109,833,230,1,11,252.750,22.16
1597381,1262869,391255,761,792,230,1,11,252.750,22.16
1597381,574341,353945,132,791,230,1,11,252.750,22.16
1597381,245008,1559538,45,2084,240,1,12,263.000,22.16
1597381,1483031,460663,303,834,250,1,11,272.750,22.16
1597381,440224,1190243,44,792,230,1,11,252.750,22.16
1597381,147878,1575728,936,1875,250,1,11,272.750,22.16
1597381,997929,687236,128,833,230,1,11,252.750,22.16
1597381,1129872,939275,88,834,230,1,11,252.750,22.16
1597381,685175,1538964,69,833,230,1,11,252.750,22.16
1597381,1338673,1416930,35,834,250,1,11,272.750,22.16
1597381,275518,1484501,22,792,230,1,11,252.750,22.16
1597381,1227670,335388,194,834,240,1,12,263.000,22.16
1597381,818986,198786,351,917,240,1,12,263.000,22.16
1597381,169257,623903,57,1875,250,1,11,272.750,22.16
1597381,643479,1470300,212,792,230,1,11,252.750,22.16
1597381,1102374,821056,372,792,230,1,11,252.750,22.16
1597381,893896,1453224,8,833,250,1,11,272.750,22.16
1597381,1111898,87176,101,833,240,1,12,263.000,22.16
1597381,1133313,90669,226,834,250,1,11,272.750,22.16
1598273,298717,72352,95,792,230,1,11,252.750,14.42
1598273,1595033,1193468,253,833,240,1,12,263.000,14.42
1598273,937905,1134430,173,792,230,1,11,252.750,14.42
1598273,1394169,1186720,8,833,250,1,11,272.750,14.42
1598273,1154663,499929,180,792,230,1,11,252.750,14.42
1598273,892930,203244,136,834,250,1,11,272.750,14.42
1598273,329113,1434928,299,834,250,1,13,273.250,14.42
1598273,16209,522707,444,833,250,1,13,273.250,14.42
1598273,1352466,179069,268,834,250,1,13,273.250,14.42
1598273,1066861,1513120,589,833,240,1,12,263.000,14.42
1598273,1596131,1364009,509,1833,240,1,12,263.000,14.42
1598273,1511611,1571755,128,792,230,1,11,252.750,14.42
1598273,341805,1543195,81,792,240,1,12,263.000,14.42
1598273,339086,763481,114,791,230,1,11,252.750,14.42
1598273,1382153,1269732,284,834,250,1,13,273.250,14.42
1598273,941219,372973,163,792,230,1,11,252.750,14.42
1598273,113758,817817,123,1708,230,1,11,252.750,14.42
1598273,762594,729502,149,791,230,1,11,252.750,14.42
1598273,851031,605953,77,791,230,1,11,252.750,14.42
1598273,316654,1049294,37,792,230,1,11,252.750,14.42
1600531,761847,1583519,132,792,236,1,11,258.750,17.97
1600531,1080128,556377,134,792,236,1,11,258.750,17.97
1600531,1513802,652462,125,834,246,1,12,269.000,17.97
1600531,56281,976356,417,792,236,1,11,258.750,17.97
1600531,483955,271945,254,792,236,1,11,258.750,17.97
1600531,1297884,247712,71,834,246,1,12,269.000,17.97
1600531,1220615,550964,489,834,246,1,12,269.000,17.97
1600531,771169,1181042,266,834,236,1,11,258.750,17.97
1600531,1478526,95851,133,833,246,1,12,269.000,17.97
1600531,454096,623039,16,833,236,1,11,258.750,17.97
1600531,573621,1463325,238,791,236,1,11,258.750,17.97
1600531,14095,418233,56,1893,236,1,11,258.750,17.97
1600531,992902,1080181,402,833,236,1,11,258.750,17.97
1600531,1059341,1584465,737,833,246,1,12,269.000,17.97
1600531,138075,795549,366,834,246,1,12,269.000,17.97
1600531,285518,460713,18,875,246,1,12,269.000,17.97
1600531,449547,406096,42,1667,236,1,11,258.750,17.97
1600531,1225935,599420,161,792,236,1,11,258.750,17.97
1600531,423224,208371,271,834,246,1,11,268.750,17.97
1600531,1024912,1405459,653,833,246,1,11,268.750,17.97
1600957,264046,495839,405,917,251,1,12,274.000,31.73
1600957,807176,1013647,137,834,241,1,11,263.750,31.73
1600957,923480,660607,318,834,251,1,12,274.000,31.73
1600957,353864,211913,596,875,251,1,12,274.000,31.73
1600957,65969,325738,83,834,241,1,11,263.750,31.73
1600957,481486,408581,465,875,251,1,12,274.000,31.73
1600957,1172644,429593,123,834,251,1,12,274.000,31.73
1600957,446842,1446972,622,834,241,1,11,263.750,31.73
1600957,645360,410358,955,833,251,1,11,273.750,31.73
1600957,1454646,374880,1482,833,251,1,11,273.750,31.73
1600957,227596,1064553,76,833,241,1,11,263.750,31.73
1600957,965977,807019,33,834,241,1,11,263.750,31.73
1600957,688591,138017,612,833,241,1,11,263.750,31.73
1600957,834178,227768,85,833,241,1,11,263.750,31.73
1600957,66277,1434131,44,833,241,1,11,263.750,31.73
1600957,1524867,33989,345,875,241,1,11,263.750,31.73
1600957,34152,1106900,411,833,251,1,12,274.000,31.73
1600957,1414861,176290,247,834,241,1,11,263.750,31.73
1600957,249691,887631,779,875,251,1,12,274.000,31.73
1600957,1136046,1503412,931,833,241,1,11,263.750,31.73
1601399,216904,1376619,85,833,251,1,11,273.750,14.62
1601399,977361,1463422,546,892,241,1,11,263.750,14.62
1601399,1388826,488924,96,2125,251,1,11,273.750,14.62
1601399,602522,1315086,253,792,251,1,11,273.750,14.62
1601399,1477821,869176,40,834,241,1,11,263.750,14.62
1601399,486292,474675,35,833,241,1,11,263.750,14.62
1601399,448506,1554505,230,833,251,1,11,273.750,14.62
1601399,867678,1231640,13,834,241,1,11,263.750,14.62
1601399,1144828,322724,48,833,251,1,12,274.000,14.62
1601399,286678,409082,93,834,241,1,11,263.750,14.62
1601399,174737,1271083,120,834,241,1,11,263.750,14.62
1601399,605040,671326,110,792,251,1,11,273.750,14.62
1601399,1224945,538476,73,2042,251,1,11,273.750,14.62
1601399,289764,761263,27,833,251,1,11,273.750,14.62
1601399,776317,1176309,185,791,241,1,11,263.750,14.62
1601399,1100433,1142810,102,833,251,1,11,273.750,14.62
1601399,374964,1199490,28,833,251,1,12,274.000,14.62
1601399,1597501,1085483,311,833,241,1,11,263.750,14.62
1601399,578566,238057,19,1958,251,1,11,273.750,14.62
1601399,328601,127488,277,833,251,1,11,273.750,14.62
1601731,1192403,684892,28,834,246,1,11,268.750,17.68
1601731,931512,813459,39,791,236,1,11,258.750,17.68
1601731,1099295,968989,11,1833,236,1,11,258.750,17.68
1601731,1508403,638316,69,834,246,1,11,268.750,17.68
1601731,22707,756502,218,791,236,1,11,258.750,17.68
1601731,1309239,428871,100,792,236,1,11,258.750,17.68
1601731,924106,328871,32,834,246,1,12,269.000,17.68
1601731,285618,235760,121,792,236,1,11,258.750,17.68
1601731,1274229,1032784,140,833,246,1,11,268.750,17.68
1601731,1052021,828043,507,1958,246,1,11,268.750,17.68
1601731,66944,1331918,119,1667,236,1,11,258.750,17.68
1601731,595733,674807,89,875,246,1,12,269.000,17.68
1601731,1243079,337099,397,833,246,1,11,268.750,17.68
1601731,1328597,1013658,205,1875,246,1,11,268.750,17.68
1601731,1311773,1552233,220,792,236,1,11,258.750,17.68
1601731,246451,1556907,89,792,236,1,11,258.750,17.68
1601731,57291,431403,5,833,236,1,11,258.750,17.68
1601731,870944,431729,280,792,236,1,11,258.750,17.68
1601731,1209234,269565,134,834,236,1,11,258.750,17.68
1601731,279752,136580,451,833,236,1,11,258.750,17.68
1609249,435448,49717,718,834,249,1,11,271.750,40.74
1609249,1603720,1412802,101,833,249,1,11,271.750,40.74
1609249,1316453,161299,100,834,249,1,11,271.750,40.74
1609249,1199189,211197,264,833,249,1,11,271.750,40.74
1609249,1172242,481373,5,2209,249,1,12,272.000,40.74
1609249,1077907,1183024,792,791,239,1,11,261.750,40.74
1609249,1535556,5964,832,834,249,1,12,272.000,40.74
1609249,451909,54624,110,1083,249,1,12,272.000,40.74
1609249,840838,348837,526,834,249,1,11,271.750,40.74
1609249,892185,170811,28,834,249,1,11,271.750,40.74
1609249,1127002,493625,276,833,249,1,11,271.750,40.74
1609249,543061,1185906,997,833,239,1,11,261.750,40.74
1609249,1119378,637286,253,833,249,1,12,272.000,40.74
1609249,1220707,398063,799,834,249,1,11,271.750,40.74
1609249,1149939,18006,601,834,249,1,11,271.750,40.74
1609249,1162515,2352,175,875,249,1,12,272.000,40.74
1609249,438649,434093,483,850,249,1,11,271.750,40.74
1609249,884704,1454841,105,2166,239,1,11,261.750,40.74
1609249,410706,236908,295,792,239,1,11,261.750,40.74
1609249,1111863,273823,71,1750,249,1,12,272.000,40.74
1610107,1252969,663747,574,834,248,1,11,270.750,53.15
1610107,793968,1156748,674,833,248,1,11,270.750,53.15
1610107,65756,230417,53,833,248,1,11,270.750,53.15
1610107,1525773,189981,956,833,238,1,11,260.750,53.15
1610107,869750,478333,473,833,248,1,11,270.750,53.15
1610107,1551711,975378,340,834,238,1,11,260.750,53.15
1610107,705412,824710,7,833,248,1,11,270.750,53.15
1610107,5662,329107,109,917,248,1,11,270.750,53.15
1610107,622425,1323733,16,833,248,1,12,271.000,53.15
1610107,588525,951992,215,833,238,1,11,260.750,53.15
1610107,375174,103354,811,833,248,1,11,270.750,53.15
1610107,329845,340469,903,834,248,1,11,270.750,53.15
1610107,431857,1341676,505,792,238,1,11,260.750,53.15
1610107,88849,673806,471,833,248,1,12,271.000,53.15
1610107,630807,316818,71,2583,238,1,11,260.750,53.15
1610107,1089642,1524552,898,834,238,1,11,260.750,53.15
1610107,348509,538714,1632,792,238,1,11,260.750,53.15
1610107,381455,209120,466,833,238,1,11,260.750,53.15
1610107,466435,1428491,663,833,248,1,12,271.000,53.15
1610107,277030,1156451,8,834,248,1,12,271.000,53.15
1610471,1473487,578788,270,834,238,1,11,260.750,18.77
1610471,1364938,708493,301,792,238,1,11,260.750,18.77
1610471,105229,1361272,249,834,238,1,11,260.750,18.77
1610471,207802,1532723,170,792,238,1,11,260.750,18.77
1610471,1158891,666295,396,792,248,1,11,270.750,18.77
1610471,438879,1584652,277,834,238,1,11,260.750,18.77
1610471,268602,341272,558,791,238,1,11,260.750,18.77
1610471,313834,682937,151,834,238,1,11,260.750,18.77
1610471,296581,1174923,407,791,248,1,11,270.750,18.77
1610471,595749,1026230,760,834,238,1,11,260.750,18.77
1610471,405135,2945,133,833,248,1,11,270.750,18.77
1610471,1131306,1204236,24,833,238,1,11,260.750,18.77
1610471,128215,1012621,225,833,238,1,11,260.750,18.77
1610471,822386,728423,88,852,238,1,11,260.750,18.77
1610471,1286046,151778,487,834,238,1,11,260.750,18.77
1610471,1155183,584681,202,2459,238,1,11,260.750,18.77
1610471,148099,827938,42,834,238,1,11,260.750,18.77
1610471,904728,1364524,280,792,238,1,11,260.750,18.77
1610471,628180,665582,77,792,248,1,11,270.750,18.77
1610471,327971,845251,136,792,238,1,11,260.750,18.77
1614289,184982,1194220,398,834,249,1,11,271.750,23.90
1614289,41693,551410,56,792,229,1,11,251.750,23.90
1614289,800515,482351,142,1792,249,1,11,271.750,23.90
1614289,65780,1582601,209,833,239,1,12,262.000,23.90
1614289,1361122,388463,461,792,229,1,11,251.750,23.90
1614289,668986,1430441,17,834,249,1,13,272.250,23.90
1614289,1438284,609410,375,791,229,1,11,251.750,23.90
1614289,254223,82107,285,833,249,1,11,271.750,23.90
1614289,363632,461013,664,833,239,1,12,262.000,23.90
1614289,1526672,776989,322,833,249,1,13,272.250,23.90
1614289,495008,867421,55,791,229,1,11,251.750,23.90
1614289,754809,1146039,88,791,229,1,11,251.750,23.90
1614289,1456174,885856,81,833,249,1,11,271.750,23.90
1614289,849843,1432382,86,2041,249,1,11,271.750,23.90
1614289,358064,1407435,124,750,229,1,11,251.750,23.90
1614289,116712,195828,34,851,239,1,12,262.000,23.90
1614289,1493524,789844,267,791,229,1,11,251.750,23.90
1614289,1440351,687655,181,791,229,1,11,251.750,23.90
1614289,1020357,730128,13,834,249,1,11,271.750,23.90
1614289,1586236,841294,636,833,249,1,13,272.250,23.90
1619699,882199,1531115,288,833,250,1,14,273.500,34.91
1619699,671258,1031474,197,875,250,1,11,272.750,34.91
1619699,609886,1274548,181,834,250,1,11,272.750,34.91
1619699,394063,1003934,885,833,250,1,11,272.750,34.91
1619699,646879,962255,89,834,250,1,11,272.750,34.91
1619699,1307331,167686,692,2667,240,1,11,262.750,34.91
1619699,656294,691777,810,833,240,1,11,262.750,34.91
1619699,767121,198429,307,852,250,1,11,272.750,34.91
1619699,1104210,960730,10,792,230,1,12,253.000,34.91
1619699,610800,305949,693,834,240,1,11,262.750,34.91
1619699,727073,1171273,491,792,240,1,11,262.750,34.91
1619699,1284902,1324663,419,875,250,1,14,273.500,34.91
1619699,1483073,1258577,300,792,240,1,11,262.750,34.91
1619699,131278,587761,387,792,240,1,11,262.750,34.91
1619699,381814,70877,112,875,250,1,14,273.500,34.91
1619699,636283,139370,40,833,250,1,12,273.000,34.91
1619699,115423,293725,351,792,230,1,12,253.000,34.91
1619699,1576442,528834,163,833,250,1,11,272.750,34.91
1619699,397725,853017,77,833,230,1,12,253.000,34.91
1619699,149202,1380973,16,833,250,1,12,273.000,34.91
1622209,407286,248561,61,875,269,1,13,292.250,17.06
1622209,400159,1071886,21,833,239,1,13,262.250,17.06
1622209,515624,1380639,284,833,239,1,13,262.250,17.06
1622209,1510864,689764,228,834,239,1,13,262.250,17.06
1622209,87574,146125,381,750,219,1,11,241.750,17.06
1622209,13637,1370598,300,875,249,1,11,271.750,17.06
1622209,956031,1476708,200,833,239,1,13,262.250,17.06
1622209,386042,1116468,657,892,249,1,11,271.750,17.06
1622209,1568667,376659,37,833,239,1,13,262.250,17.06
1622209,1375686,1083449,9,791,229,1,12,252.000,17.06
1622209,933568,342757,129,834,229,1,12,252.000,17.06
1622209,392760,185937,84,2000,229,1,12,252.000,17.06
1622209,1492596,6445,114,834,249,1,14,272.500,17.06
1622209,275716,1343002,21,792,229,1,12,252.000,17.06
1622209,1270266,1168294,84,750,219,1,11,241.750,17.06
1622209,278829,612620,8,833,249,1,11,271.750,17.06
1622209,1061498,940266,169,833,249,1,14,272.500,17.06
1622209,910544,1345397,56,833,249,1,11,271.750,17.06
1622209,826614,51335,309,791,219,1,11,241.750,17.06
1622209,759905,699143,9,833,239,1,13,262.250,17.06
1624321,625448,608751,993,833,241,1,11,263.750,27.37
1624321,1592180,754459,209,833,251,1,12,274.000,27.37
1624321,307658,740079,37,791,251,1,11,273.750,27.37
1624321,1343213,316711,459,11375,251,1,14,274.500,27.37
1624321,1475758,786696,118,875,251,1,12,274.000,27.37
1624321,197201,40393,173,833,241,1,13,264.250,27.37
1624321,1488020,821640,417,833,251,1,12,274.000,27.37
1624321,1128302,893251,340,875,251,1,12,274.000,27.37
1624321,57379,1426926,214,833,251,1,12,274.000,27.37
1624321,1006217,1183524,370,875,251,1,14,274.500,27.37
1624321,1187215,685853,229,1792,241,1,11,263.750,27.37
1624321,1128302,364205,349,917,251,1,12,274.000,27.37
1624321,998229,1025647,71,833,241,1,11,263.750,27.37
1624321,468181,44623,57,791,221,1,11,243.750,27.37
1624321,984014,1621952,88,833,251,1,12,274.000,27.37
1624321,579444,431798,70,833,251,1,11,273.750,27.37
1624321,498941,745427,132,833,241,1,11,263.750,27.37
1624321,611613,992260,102,875,241,1,11,263.750,27.37
1624321,741901,926500,322,792,251,1,11,273.750,27.37
1624321,517538,1263318,409,791,221,1,11,243.750,27.37
1625329,1111503,113883,147,792,241,1,11,263.750,40.44
1625329,308401,742476,1028,833,251,1,12,274.000,40.44
1625329,1188959,472786,167,833,241,1,11,263.750,40.44
1625329,416712,271027,6,834,241,1,11,263.750,40.44
1625329,1185253,950992,476,834,241,1,11,263.750,40.44
1625329,67169,759434,285,834,241,1,11,263.750,40.44
1625329,1482117,953531,284,834,241,1,11,263.750,40.44
1625329,1404945,111870,697,833,241,1,11,263.750,40.44
1625329,1480136,759963,14,834,251,1,12,274.000,40.44
1625329,1054412,179033,1049,792,241,1,11,263.750,40.44
1625329,205794,1044909,963,833,251,1,12,274.000,40.44
1625329,211231,312957,686,834,251,1,11,273.750,40.44
1625329,595956,1270682,1277,833,241,1,11,263.750,40.44
1625329,367513,800497,614,834,241,1,11,263.750,40.44
1625329,540870,1240468,210,833,251,1,11,273.750,40.44
1625329,1067341,1491137,234,834,241,1,11,263.750,40.44
1625329,1092237,341636,2075,834,241,1,11,263.750,40.44
1625329,219251,1070972,100,833,251,1,12,274.000,40.44
1625329,1445904,1319341,681,833,251,1,12,274.000,40.44
1625329,822950,40049,76,833,251,1,12,274.000,40.44
1626109,1554779,936293,374,834,253,1,11,275.750,34.42
1626109,769190,940142,333,875,253,1,12,276.000,34.42
1626109,179226,120866,521,833,253,1,11,275.750,34.42
1626109,770808,1044084,295,833,253,1,12,276.000,34.42
1626109,1598301,579493,558,833,253,1,11,275.750,34.42
1626109,585121,967319,112,833,243,1,11,265.750,34.42
1626109,1149949,415718,341,834,253,1,11,275.750,34.42
1626109,506201,883874,417,834,243,1,11,265.750,34.42
1626109,305155,1276239,940,833,243,1,11,265.750,34.42
1626109,1434674,33007,143,833,243,1,11,265.750,34.42
1626109,1312596,1224461,109,791,243,1,11,265.750,34.42
1626109,615728,559576,69,834,243,1,11,265.750,34.42
1626109,443260,40637,93,834,243,1,11,265.750,34.42
1626109,222388,288271,51,833,253,1,12,276.000,34.42
1626109,249101,987990,994,833,243,1,11,265.750,34.42
1626109,1569939,174210,511,833,253,1,11,275.750,34.42
1626109,40502,135875,185,833,253,1,11,275.750,34.42
1626109,261474,1061725,38,834,243,1,11,265.750,34.42
1626109,183369,1175812,169,1959,253,1,11,275.750,34.42
1626109,1433131,997647,176,834,253,1,11,275.750,34.42
1626431,1057495,589748,275,834,249,1,11,271.750,24.98
1626431,782901,101070,434,834,239,1,11,261.750,24.98
1626431,1590309,1019650,23,792,239,1,11,261.750,24.98
1626431,29621,412113,211,833,239,1,11,261.750,24.98
1626431,738678,243452,508,792,239,1,11,261.750,24.98
1626431,337355,445185,378,791,239,1,11,261.750,24.98
1626431,121254,627912,311,833,249,1,12,272.000,24.98
1626431,531796,337083,29,792,249,1,11,271.750,24.98
1626431,688396,361301,41,833,239,1,11,261.750,24.98
1626431,1356614,1001286,508,834,239,1,11,261.750,24.98
1626431,656996,459385,228,833,249,1,12,272.000,24.98
1626431,1056246,957436,85,791,239,1,11,261.750,24.98
1626431,1394443,254936,209,833,249,1,11,271.750,24.98
1626431,725322,1558090,364,792,239,1,11,261.750,24.98
1626431,1497376,858753,253,834,249,1,11,271.750,24.98
1626431,806752,960878,51,791,239,1,11,261.750,24.98
1626431,419828,1453300,122,833,239,1,11,261.750,24.98
1626431,1341037,90018,363,791,239,1,11,261.750,24.98
1626431,1425930,879061,15,834,239,1,11,261.750,24.98
1626431,455664,900225,267,833,249,1,11,271.750,24.98
1626701,229661,1019067,1820,833,238,1,11,260.750,20.77
1626701,1273878,17508,281,833,248,1,11,270.750,20.77
1626701,1112487,413335,92,792,238,1,11,260.750,20.77
1626701,500314,1271322,270,833,248,1,12,271.000,20.77
1626701,1171649,755368,193,792,238,1,11,260.750,20.77
1626701,1394577,42732,198,833,238,1,11,260.750,20.77
1626701,951094,317628,136,834,248,1,11,270.750,20.77
1626701,166222,1586306,289,833,248,1,11,270.750,20.77
1626701,1549072,972106,8,1917,248,1,12,271.000,20.77
1626701,1393828,176538,169,833,248,1,12,271.000,20.77
1626701,1165889,1168344,4,792,238,1,11,260.750,20.77
1626701,1370355,897120,301,833,248,1,11,270.750,20.77
1626701,1004804,969245,163,810,248,1,11,270.750,20.77
1626701,461695,1211149,252,791,238,1,11,260.750,20.77
1626701,660980,293143,518,833,248,1,12,271.000,20.77
1626701,503308,763552,54,833,248,1,11,270.750,20.77
1626701,455505,1591975,558,834,248,1,12,271.000,20.77
1626701,762903,364457,50,834,248,1,11,270.750,20.77
1626701,1229152,982652,357,834,238,1,11,260.750,20.77
1626701,842805,139710,115,834,248,1,12,271.000,20.77
1630927,53844,889037,144,833,239,1,12,262.000,25.09
1630927,1084038,398547,333,791,229,1,11,251.750,25.09
1630927,1399124,668413,34,1875,249,1,11,271.750,25.09
1630927,1322011,1241287,61,833,249,1,11,271.750,25.09
1630927,133195,765945,503,875,249,1,13,272.250,25.09
1630927,674196,941739,315,1792,229,1,11,251.750,25.09
1630927,932116,1341042,73,834,249,1,11,271.750,25.09
1630927,554303,630623,171,792,229,1,11,251.750,25.09
1630927,188219,807645,166,834,249,1,11,271.750,25.09
1630927,1301042,640082,923,833,249,1,11,271.750,25.09
1630927,1553421,594194,1467,833,239,1,12,262.000,25.09
1630927,1447306,951272,908,833,249,1,11,271.750,25.09
1630927,955730,918157,234,834,239,1,12,262.000,25.09
1630927,1460603,1487012,79,833,239,1,12,262.000,25.09
1630927,474654,1116876,337,833,239,1,12,262.000,25.09
1630927,1235565,598009,409,833,239,1,12,262.000,25.09
1630927,1456762,759541,634,2185,239,1,12,262.000,25.09
1630927,1576234,416431,10,833,249,1,11,271.750,25.09
1630927,723610,1623498,300,833,249,1,11,271.750,25.09
1630927,920271,475007,46,791,229,1,11,251.750,25.09
1632571,202669,1417515,904,833,249,1,11,271.750,21.78
1632571,357738,932022,79,833,239,1,11,261.750,21.78
1632571,717872,832596,11,791,229,1,11,251.750,21.78
1632571,486750,1434913,208,834,239,1,12,262.000,21.78
1632571,308144,1280013,487,791,229,1,11,251.750,21.78
1632571,991371,1263185,98,833,239,1,11,261.750,21.78
1632571,601445,425458,158,875,249,1,13,272.250,21.78
1632571,501601,122407,51,833,239,1,11,261.750,21.78
1632571,1212969,108863,82,792,239,1,11,261.750,21.78
1632571,847523,759193,71,834,249,1,11,271.750,21.78
1632571,768291,791355,81,834,249,1,11,271.750,21.78
1632571,1022933,662997,45,833,239,1,11,261.750,21.78
1632571,979312,272339,367,833,249,1,12,272.000,21.78
1632571,1311609,1087814,27,1917,239,1,11,261.750,21.78
1632571,1493867,41066,34,1750,249,1,12,272.000,21.78
1632571,354708,139948,316,834,239,1,12,262.000,21.78
1632571,1565082,798545,207,834,239,1,11,261.750,21.78
1632571,694555,363200,111,792,229,1,11,251.750,21.78
1632571,1322122,1078009,338,792,239,1,11,261.750,21.78
1632571,314971,666427,457,834,239,1,11,261.750,21.78
1634141,733234,272463,86,791,242,1,11,264.750,45.37
1634141,263327,961508,1093,834,252,1,11,274.750,45.37
1634141,865264,838785,564,834,252,1,12,275.000,45.37
1634141,394774,1601516,224,792,242,1,11,264.750,45.37
1634141,226046,430809,113,833,242,1,11,264.750,45.37
1634141,832035,1040604,382,833,252,1,12,275.000,45.37
1634141,332100,615725,293,833,252,1,11,274.750,45.37
1634141,18344,837618,56,792,252,1,11,274.750,45.37
1634141,1622710,1112303,264,833,252,1,11,274.750,45.37
1634141,1503947,1629749,181,834,242,1,11,264.750,45.37
1634141,355725,1582698,13,833,252,1,11,274.750,45.37
1634141,941877,990988,430,2292,252,1,12,275.000,45.37
1634141,588713,1602467,290,834,242,1,11,264.750,45.37
1634141,771427,680133,335,833,252,1,12,275.000,45.37
1634141,1351373,728260,180,833,252,1,11,274.750,45.37
1634141,134086,1222,120,833,242,1,11,264.750,45.37
1634141,954023,528893,644,917,242,1,11,264.750,45.37
1634141,957200,1395490,2035,875,252,1,12,275.000,45.37
1634141,1235865,684232,238,834,242,1,11,264.750,45.37
1634141,744943,644503,791,833,242,1,11,264.750,45.37
1636049,494397,1072358,15,1916,252,1,12,275.000,36.02
1636049,751483,1297401,390,875,252,1,12,275.000,36.02
1636049,974970,310457,206,834,242,1,11,264.750,36.02
1636049,435778,186948,97,791,212,1,12,235.000,36.02
1636049,723687,369530,234,834,252,1,11,274.750,36.02
1636049,896546,1004030,647,833,252,1,11,274.750,36.02
1636049,1034444,1037202,50,792,242,1,11,264.750,36.02
1636049,23207,377771,478,833,242,1,11,264.750,36.02
1636049,88877,161057,32,916,282,1,14,305.500,36.02
1636049,930208,267199,268,750,212,1,12,235.000,36.02
1636049,1079997,18187,133,851,242,1,11,264.750,36.02
1636049,70900,932896,376,1875,202,1,11,224.750,36.02
1636049,197442,1627443,435,791,252,1,11,274.750,36.02
1636049,975673,75837,415,792,222,1,13,245.250,36.02
1636049,1588635,1530230,378,833,252,1,12,275.000,36.02
1636049,472671,1580114,288,791,242,1,11,264.750,36.02
1636049,530999,203505,749,2250,242,1,11,264.750,36.02
1636049,652911,849099,578,833,242,1,11,264.750,36.02
1636049,706489,518156,361,833,232,1,14,255.500,36.02
1636049,637767,1129494,921,792,212,1,12,235.000,36.02
1637371,1327370,775200,282,2000,253,1,16,277.000,12.99
1637371,1158031,615336,33,875,243,1,15,266.750,12.99
1637371,244541,858945,31,875,243,1,15,266.750,12.99
1637371,1483707,1327035,8,833,233,1,14,256.500,12.99
1637371,1358558,221793,364,834,233,1,14,256.500,12.99
1637371,995988,1617772,175,875,243,1,15,266.750,12.99
1637371,1261708,1383011,314,750,203,1,11,225.750,12.99
1637371,241783,1393838,88,875,243,1,15,266.750,12.99
1637371,1618826,1403209,27,875,243,1,15,266.750,12.99
1637371,786323,402602,648,792,213,1,12,236.000,12.99
1637371,1591885,1338198,226,875,243,1,15,266.750,12.99
1637371,131442,437001,195,875,243,1,15,266.750,12.99
1637371,151232,1287701,140,875,243,1,15,266.750,12.99
1637371,721098,1422323,368,833,243,1,15,266.750,12.99
1637371,851560,733365,387,834,243,1,15,266.750,12.99
1637371,400961,658978,274,875,253,1,16,277.000,12.99
1637371,1446938,904113,87,2292,253,1,11,275.750,12.99
1637371,715731,858778,59,875,243,1,15,266.750,12.99
1637371,1319485,520609,50,792,203,1,11,225.750,12.99
1637371,1583594,497342,116,875,243,1,15,266.750,12.99
1639789,203970,1018737,45,834,228,1,14,251.500,19.70
1639789,1510914,263063,325,833,228,1,14,251.500,19.70
1639789,876055,441047,19,833,248,1,11,270.750,19.70
1639789,1040112,679542,246,875,268,1,13,291.250,19.70
1639789,77838,1552626,421,959,248,1,11,270.750,19.70
1639789,951903,20232,146,834,238,1,15,261.750,19.70
1639789,11818,1446000,744,792,208,1,12,231.000,19.70
1639789,825998,636984,165,834,248,1,11,270.750,19.70
1639789,875455,181536,300,750,208,1,12,231.000,19.70
1639789,996182,385364,586,791,218,1,13,241.250,19.70
1639789,793569,827517,311,833,248,1,11,270.750,19.70
1639789,1486730,648309,203,833,248,1,11,270.750,19.70
1639789,654549,1305591,299,792,218,1,13,241.250,19.70
1639789,1031784,268491,70,833,248,1,11,270.750,19.70
1639789,310376,560483,115,792,218,1,13,241.250,19.70
1639789,1191366,1026146,192,833,248,1,11,270.750,19.70
1639789,557451,520035,712,833,228,1,14,251.500,19.70
1639789,660468,292880,261,2167,248,1,11,270.750,19.70
1639789,293933,1492811,488,833,218,1,13,241.250,19.70
1639789,1560668,500851,250,1708,248,1,11,270.750,19.70
1640609,1308435,1059544,78,833,228,1,14,251.500,16.51
1640609,701265,478573,208,750,198,1,11,220.750,16.51
1640609,463747,1059183,288,833,238,1,11,260.750,16.51
1640609,593768,1157356,525,1917,248,1,11,270.750,16.51
1640609,1394994,1366557,70,875,238,1,15,261.750,16.51
1640609,275422,783776,94,833,248,1,12,271.000,16.51
1640609,1638844,510317,24,833,238,1,15,261.750,16.51
1640609,1270376,1387050,160,833,248,1,11,270.750,16.51
1640609,59855,1452446,6,875,248,1,16,272.000,16.51
1640609,140093,498439,214,833,248,1,12,271.000,16.51
1640609,1046982,1600304,6,833,228,1,14,251.500,16.51
1640609,479262,264936,352,917,248,1,16,272.000,16.51
1640609,284832,1548811,100,833,248,1,11,270.750,16.51
1640609,977441,802618,53,833,228,1,14,251.500,16.51
1640609,940772,1445589,70,792,238,1,11,260.750,16.51
1640609,1185008,7275,79,834,248,1,11,270.750,16.51
1640609,15256,230430,153,791,238,1,11,260.750,16.51
1640609,1431129,1219121,33,834,248,1,11,270.750,16.51
1640609,191580,976107,609,834,228,1,14,251.500,16.51
1640609,779016,560729,151,833,238,1,15,261.750,16.51
1640633,778768,82818,85,833,248,1,11,270.750,24.95
1640633,1482702,1628857,103,833,248,1,11,270.750,24.95
1640633,529237,1103154,405,2000,248,1,11,270.750,24.95
1640633,1224315,1154463,215,834,238,1,11,260.750,24.95
1640633,1633805,923354,365,833,248,1,11,270.750,24.95
1640633,1216986,589864,136,1768,218,1,13,241.250,24.95
1640633,183240,1006635,1131,834,248,1,11,270.750,24.95
1640633,260236,192023,227,791,238,1,11,260.750,24.95
1640633,363748,1142001,119,917,248,1,16,272.000,24.95
1640633,672566,111284,75,851,248,1,11,270.750,24.95
1640633,927834,869330,246,834,248,1,11,270.750,24.95
1640633,1546590,90882,435,1917,248,1,16,272.000,24.95
1640633,1575158,454707,112,834,248,1,11,270.750,24.95
1640633,30087,245336,297,833,248,1,11,270.750,24.95
1640633,1221830,244788,392,833,248,1,11,270.750,24.95
1640633,152142,31399,5,875,248,1,12,271.000,24.95
1640633,1176484,437312,86,875,238,1,11,260.750,24.95
1640633,1495182,361216,33,916,278,1,15,301.750,24.95
1640633,1116617,188901,422,792,208,1,12,231.000,24.95
1640633,573733,232546,74,792,248,1,11,270.750,24.95
1641089,1501763,409454,384,833,240,1,11,262.750,38.27
1641089,120870,512947,201,833,240,1,11,262.750,38.27
1641089,1155398,1610199,1316,792,250,1,11,272.750,38.27
1641089,1292012,1480536,1474,834,250,1,11,272.750,38.27
1641089,1516443,1307899,49,833,250,1,11,272.750,38.27
1641089,1531258,870727,805,834,250,1,11,272.750,38.27
1641089,1450175,290968,1774,1875,240,1,11,262.750,38.27
1641089,468459,407954,179,834,250,1,12,273.000,38.27
1641089,705071,464791,598,833,250,1,11,272.750,38.27
1641089,1522811,1143118,455,833,250,1,11,272.750,38.27
1641089,698665,454504,232,834,250,1,11,272.750,38.27
1641089,902735,94950,348,833,250,1,11,272.750,38.27
1641089,957263,159867,298,834,240,1,11,262.750,38.27
1641089,35583,1586611,387,792,240,1,11,262.750,38.27
1641089,1283598,989979,45,833,240,1,11,262.750,38.27
1641089,474068,1304141,426,791,240,1,11,262.750,38.27
1641089,307698,1615624,220,833,250,1,12,273.000,38.27
1641089,104300,303216,1286,833,250,1,11,272.750,38.27
1641089,1632585,847546,156,833,250,1,11,272.750,38.27
1641089,1583119,756562,104,834,250,1,11,272.750,38.27
1641659,323293,732461,6,1000,248,1,11,270.750,28.81
1641659,165304,1481995,618,833,238,1,11,260.750,28.81
1641659,645615,1364325,1130,833,238,1,11,260.750,28.81
1641659,1181666,329730,180,833,248,1,12,271.000,28.81
1641659,1076023,1246444,283,1833,238,1,11,260.750,28.81
1641659,595309,345038,458,833,248,1,11,270.750,28.81
1641659,1125230,562364,12,834,238,1,11,260.750,28.81
1641659,1337294,767356,1506,792,238,1,11,260.750,28.81
1641659,1207554,65857,482,792,248,1,11,270.750,28.81
1641659,229490,1208501,163,833,238,1,11,260.750,28.81
1641659,786372,1400568,598,834,248,1,11,270.750,28.81
1641659,838943,106256,287,792,248,1,11,270.750,28.81
1641659,178026,1526055,214,833,248,1,11,270.750,28.81
1641659,268625,1294196,720,833,238,1,11,260.750,28.81
1641659,1532596,231706,90,851,248,1,11,270.750,28.81
1641659,323702,110734,42,791,248,1,11,270.750,28.81
1641659,954522,997530,152,3084,248,1,11,270.750,28.81
1641659,739996,1393190,280,792,248,1,11,270.750,28.81
1641659,1129185,907344,494,833,248,1,11,270.750,28.81
1641659,1350969,435698,267,834,238,1,11,260.750,28.81
1641863,1340402,864747,205,792,237,1,11,259.750,19.05
1641863,1346918,1163062,149,875,247,1,12,270.000,19.05
1641863,1168102,809831,322,833,237,1,11,259.750,19.05
1641863,1561467,231149,487,833,247,1,11,269.750,19.05
1641863,579518,657901,635,792,237,1,11,259.750,19.05
1641863,1339466,1528110,195,833,247,1,11,269.750,19.05
1641863,1427847,564275,32,833,237,1,11,259.750,19.05
1641863,612477,282680,491,834,237,1,11,259.750,19.05
1641863,956748,1116649,314,768,237,1,11,259.750,19.05
1641863,6204,607683,367,834,247,1,11,269.750,19.05
1641863,1620290,595772,6,833,247,1,11,269.750,19.05
1641863,1567305,1389964,2,833,247,1,11,269.750,19.05
1641863,1436728,787222,236,834,247,1,11,269.750,19.05
1641863,1572979,115254,339,2292,247,1,11,269.750,19.05
1641863,1010450,1472804,768,833,237,1,11,259.750,19.05
1641863,494663,313972,132,792,247,1,11,269.750,19.05
1641863,578969,394752,51,833,247,1,11,269.750,19.05
1641863,297317,112393,127,833,237,1,11,259.750,19.05
1641863,1118061,182990,235,833,247,1,11,269.750,19.05
1641863,1484820,368236,141,792,237,1,11,259.750,19.05
1642517,617729,41312,128,833,245,1,11,267.750,51.08
1642517,372474,453228,286,833,245,1,11,267.750,51.08
1642517,1304014,787202,1688,834,245,1,11,267.750,51.08
1642517,948035,996348,24,834,245,1,11,267.750,51.08
1642517,1107866,835955,212,834,245,1,11,267.750,51.08
1642517,943721,1121511,401,791,235,1,11,257.750,51.08
1642517,630289,1251672,119,2250,235,1,11,257.750,51.08
1642517,1173276,1108735,460,833,245,1,11,267.750,51.08
1642517,1009718,734477,61,792,235,1,11,257.750,51.08
1642517,480892,906236,100,833,245,1,11,267.750,51.08
1642517,1606232,1163890,380,1875,245,1,11,267.750,51.08
1642517,663864,1374442,269,834,245,1,12,268.000,51.08
1642517,938553,1240779,517,791,235,1,11,257.750,51.08
1642517,1009006,869195,1331,833,245,1,12,268.000,51.08
1642517,768623,1001022,659,2167,245,1,11,267.750,51.08
1642517,944336,1604526,1284,834,245,1,11,267.750,51.08
1642517,1540218,660465,171,2333,245,1,11,267.750,51.08
1642517,1269100,1430729,414,833,245,1,12,268.000,51.08
1642517,548367,848533,20,834,235,1,11,257.750,51.08
1642517,476821,1009080,830,792,235,1,11,257.750,51.08
1643959,1217928,566713,20,792,239,1,11,261.750,24.92
1643959,72231,356498,271,792,239,1,11,261.750,24.92
1643959,375652,234186,2064,834,249,1,11,271.750,24.92
1643959,1043253,1289523,573,850,249,1,12,272.000,24.92
1643959,1384474,531243,208,833,249,1,11,271.750,24.92
1643959,215365,798137,194,875,249,1,11,271.750,24.92
1643959,1396304,1334372,15,791,239,1,11,261.750,24.92
1643959,1064607,1203691,456,834,249,1,11,271.750,24.92
1643959,1559118,64867,133,833,249,1,11,271.750,24.92
1643959,1352738,463530,268,875,239,1,11,261.750,24.92
1643959,1553551,1449660,1151,792,239,1,11,261.750,24.92
1643959,492585,1120189,84,833,249,1,11,271.750,24.92
1643959,152362,1548768,48,792,249,1,11,271.750,24.92
1643959,10024,693054,60,2041,249,1,11,271.750,24.92
1643959,1243292,1175621,525,791,249,1,11,271.750,24.92
1643959,694392,589347,78,2084,239,1,11,261.750,24.92
1643959,247644,861262,267,768,239,1,11,261.750,24.92
1643959,887629,171326,319,791,249,1,11,271.750,24.92
1643959,305078,533117,148,875,249,1,12,272.000,24.92
1643959,1392519,541153,28,833,239,1,11,261.750,24.92
1645543,1634171,1361726,53,809,230,1,11,252.750,14.17
1645543,165370,503644,2,792,240,1,12,263.000,14.17
1645543,237977,77771,197,875,250,1,13,273.250,14.17
1645543,1396903,1108644,56,792,250,1,11,272.750,14.17
1645543,103534,175013,271,2667,240,1,12,263.000,14.17
1645543,1392654,1509290,11,834,240,1,12,263.000,14.17
1645543,1107526,438865,70,1583,230,1,11,252.750,14.17
1645543,95974,556467,75,792,230,1,11,252.750,14.17
1645543,660292,1126979,74,834,230,1,11,252.750,14.17
1645543,1235698,574106,700,1667,250,1,13,273.250,14.17
1645543,241533,1125443,555,834,240,1,12,263.000,14.17
1645543,1269144,562888,146,834,250,1,11,272.750,14.17
1645543,409845,504966,208,792,230,1,11,252.750,14.17
1645543,1274702,1280720,199,834,240,1,12,263.000,14.17
1645543,918617,302300,58,833,250,1,11,272.750,14.17
1645543,1385664,748305,49,834,240,1,12,263.000,14.17
1645543,1087,1556843,509,792,230,1,11,252.750,14.17
1645543,101137,850857,330,1042,240,1,12,263.000,14.17
1645543,1385722,688626,30,792,230,1,11,252.750,14.17
1645543,1414566,662908,450,833,240,1,12,263.000,14.17
1650167,850202,736490,667,833,241,1,11,263.750,34.54
1650167,72682,1266849,240,833,241,1,11,263.750,34.54
1650167,1367414,1210436,45,834,241,1,11,263.750,34.54
1650167,430325,1141469,424,1792,251,1,11,273.750,34.54
1650167,1206612,686814,316,834,251,1,11,273.750,34.54
1650167,919540,498393,399,791,241,1,11,263.750,34.54
1650167,771836,193201,247,1892,241,1,11,263.750,34.54
1650167,690726,359309,242,833,251,1,11,273.750,34.54
1650167,1518431,1108448,359,1625,241,1,11,263.750,34.54
1650167,1550241,581917,350,875,251,1,12,274.000,34.54
1650167,1333119,973311,2,916,241,1,11,263.750,34.54
1650167,619836,97892,35,834,241,1,11,263.750,34.54
1650167,729905,1223990,208,833,251,1,11,273.750,34.54
1650167,788358,460308,237,2542,241,1,11,263.750,34.54
1650167,467147,1630608,24,1667,251,1,11,273.750,34.54
1650167,1209650,1562933,599,791,241,1,11,263.750,34.54
1650167,789578,632838,756,791,241,1,11,263.750,34.54
1650167,920262,1371019,19,1625,251,1,11,273.750,34.54
1650167,1448124,1003225,1073,833,241,1,11,263.750,34.54
1650167,961398,1344571,212,851,251,1,11,273.750,34.54
1650743,477377,1411147,403,792,237,1,11,259.750,25.79
1650743,735345,970121,567,833,247,1,12,270.000,25.79
1650743,216884,1491516,303,792,237,1,11,259.750,25.79
1650743,738870,1272018,153,792,247,1,11,269.750,25.79
1650743,890541,1561979,156,833,237,1,11,259.750,25.79
1650743,1388735,697664,360,833,237,1,11,259.750,25.79
1650743,523869,501249,108,833,247,1,11,269.750,25.79
1650743,564707,191117,57,834,247,1,11,269.750,25.79
1650743,70594,1129671,156,792,237,1,11,259.750,25.79
1650743,500557,82908,290,833,237,1,11,259.750,25.79
1650743,1525311,1186040,342,792,237,1,11,259.750,25.79
1650743,159926,350728,194,833,237,1,11,259.750,25.79
1650743,1467284,575555,602,833,247,1,11,269.750,25.79
1650743,1003715,1197401,151,1916,237,1,11,259.750,25.79
1650743,1109182,1420108,20,792,237,1,11,259.750,25.79
1650743,795685,1597944,406,833,247,1,11,269.750,25.79
1650743,1209228,1266678,219,833,247,1,11,269.750,25.79
1650743,323251,959174,80,834,247,1,11,269.750,25.79
1650743,143238,253247,160,834,237,1,11,259.750,25.79
1650743,1128195,1364810,97,792,237,1,11,259.750,25.79
1652377,729129,476436,100,875,250,1,14,273.500,31.25
1652377,1085264,1392339,271,875,250,1,11,272.750,31.25
1652377,1257993,1065345,1,833,230,1,12,253.000,31.25
1652377,61705,811136,88,834,250,1,12,273.000,31.25
1652377,188324,1462232,10,833,240,1,11,262.750,31.25
1652377,556531,159266,992,792,220,1,11,242.750,31.25
1652377,29644,1447787,680,833,250,1,11,272.750,31.25
1652377,958273,883011,192,834,250,1,11,272.750,31.25
1652377,1069884,1072837,688,750,220,1,11,242.750,31.25
1652377,1006723,1096289,610,833,250,1,12,273.000,31.25
1652377,248190,1174425,355,834,250,1,12,273.000,31.25
1652377,26891,1483496,14,834,240,1,11,262.750,31.25
1652377,525537,1364916,298,808,250,1,12,273.000,31.25
1652377,471520,1347033,380,792,230,1,12,253.000,31.25
1652377,544663,1359764,608,833,250,1,11,272.750,31.25
1652377,1608030,1292243,129,875,250,1,12,273.000,31.25
1652377,30646,629098,206,833,250,1,12,273.000,31.25
1652377,910709,378549,19,833,250,1,11,272.750,31.25
1652377,200821,1517654,155,833,250,1,11,272.750,31.25
1652377,1210623,1136248,280,792,220,1,11,242.750,31.25
1653181,72258,476757,439,792,231,1,12,254.000,33.66
1653181,1387793,1628620,7,1875,251,1,14,274.500,33.66
1653181,1614462,867005,88,875,241,1,13,264.250,33.66
1653181,1572318,701698,206,875,231,1,12,254.000,33.66
1653181,699888,371265,256,833,241,1,11,263.750,33.66
1653181,463952,983377,244,1791,231,1,12,254.000,33.66
1653181,695664,1594860,427,875,251,1,14,274.500,33.66
1653181,368536,357739,153,834,251,1,11,273.750,33.66
1653181,1227667,748868,131,833,251,1,12,274.000,33.66
1653181,483848,1502014,224,2208,221,1,11,243.750,33.66
1653181,328238,1591118,81,792,241,1,11,263.750,33.66
1653181,1572318,1164056,1136,6643,231,1,12,254.000,33.66
1653181,749140,1571734,644,834,251,1,11,273.750,33.66
1653181,1519572,65243,497,834,231,1,12,254.000,33.66
1653181,414301,1532826,89,833,231,1,12,254.000,33.66
1653181,23430,443042,470,834,251,1,14,274.500,33.66
1653181,1383872,106505,213,792,251,1,11,273.750,33.66
1653181,624101,1314450,575,833,231,1,12,254.000,33.66
1653181,695664,1249388,309,875,251,1,14,274.500,33.66
1653181,1442811,1176978,258,791,241,1,11,263.750,33.66
1653689,1357357,460474,271,791,222,1,11,244.750,18.59
1653689,86804,78175,527,792,222,1,11,244.750,18.59
1653689,1459576,832251,72,833,252,1,11,274.750,18.59
1653689,942648,1191420,72,875,252,1,11,274.750,18.59
1653689,485789,235183,28,875,252,1,14,275.500,18.59
1653689,1135159,1565018,255,791,222,1,11,244.750,18.59
1653689,1454514,203620,77,791,222,1,11,244.750,18.59
1653689,577971,617924,662,833,252,1,14,275.500,18.59
1653689,862738,1089750,244,1959,222,1,11,244.750,18.59
1653689,1646758,1433584,272,833,252,1,11,274.750,18.59
1653689,1461915,1110128,134,809,232,1,12,255.000,18.59
1653689,303191,1004514,300,834,252,1,11,274.750,18.59
1653689,603563,1459604,815,792,222,1,11,244.750,18.59
1653689,1138611,300927,19,791,252,1,11,274.750,18.59
1653689,1543444,389112,342,792,232,1,12,255.000,18.59
1653689,424620,1137079,31,792,222,1,11,244.750,18.59
1653689,401796,843410,127,852,232,1,12,255.000,18.59
1653689,1361951,784525,343,834,252,1,11,274.750,18.59
1653689,967542,1611249,152,791,222,1,11,244.750,18.59
1653689,201418,705565,583,792,222,1,11,244.750,18.59
1654111,1527455,1236469,1038,833,231,1,12,254.000,24.69
1654111,814,1241564,473,834,241,1,13,264.250,24.69
1654111,1280029,339450,33,792,251,1,11,273.750,24.69
1654111,80335,237286,1166,833,241,1,13,264.250,24.69
1654111,856586,706173,455,833,251,1,11,273.750,24.69
1654111,908192,1505069,604,833,251,1,11,273.750,24.69
1654111,782542,897859,411,791,251,1,11,273.750,24.69
1654111,572346,1646537,860,750,221,1,11,243.750,24.69
1654111,1045151,2140,399,792,221,1,11,243.750,24.69
1654111,1638056,1013647,67,833,241,1,13,264.250,24.69
1654111,1498463,985484,89,834,251,1,11,273.750,24.69
1654111,888741,517115,102,833,251,1,11,273.750,24.69
1654111,331913,743020,108,834,241,1,13,264.250,24.69
1654111,173355,1546776,630,833,241,1,13,264.250,24.69
1654111,191618,1394228,48,875,231,1,12,254.000,24.69
1654111,372352,1645140,13,834,251,1,11,273.750,24.69
1654111,599207,1341016,416,834,251,1,11,273.750,24.69
1654111,965833,488925,40,833,251,1,11,273.750,24.69
1654111,549223,993339,116,792,231,1,12,254.000,24.69
1654111,1443681,1148557,23,833,251,1,11,273.750,24.69
1654663,91309,58558,87,875,250,1,14,273.500,56.93
1654663,1535656,279401,163,834,250,1,11,272.750,56.93
1654663,974733,578993,41,833,250,1,11,272.750,56.93
1654663,1272626,500628,1745,1917,250,1,11,272.750,56.93
1654663,1572119,1563518,923,833,250,1,11,272.750,56.93
1654663,648487,1065210,411,791,220,1,11,242.750,56.93
1654663,347398,721278,610,792,220,1,11,242.750,56.93
1654663,1645487,1107394,541,834,230,1,12,253.000,56.93
1654663,1234768,42559,386,834,250,1,11,272.750,56.93
1654663,1218272,1220042,1069,834,240,1,13,263.250,56.93
1654663,754503,1551654,1096,833,240,1,13,263.250,56.93
1654663,959423,1463650,793,834,250,1,11,272.750,56.93
1654663,382110,1030866,581,834,240,1,13,263.250,56.93
1654663,556694,1449324,518,834,240,1,13,263.250,56.93
1654663,501043,1359373,347,833,240,1,13,263.250,56.93
1654663,1507124,220187,425,833,240,1,13,263.250,56.93
1654663,1065023,220792,646,850,240,1,13,263.250,56.93
1654663,1327664,168768,56,792,220,1,11,242.750,56.93
1654663,51112,127020,255,833,250,1,11,272.750,56.93
1654663,427800,1422894,136,792,250,1,11,272.750,56.93
1655947,162799,19598,536,833,246,1,11,268.750,17.19
1655947,238879,1057829,281,834,246,1,11,268.750,17.19
1655947,1271450,546752,533,834,236,1,13,259.250,17.19
1655947,91434,1426290,106,833,246,1,11,268.750,17.19
1655947,425667,735313,57,792,246,1,11,268.750,17.19
1655947,400202,1209062,334,833,236,1,13,259.250,17.19
1655947,1438291,176750,1178,833,246,1,11,268.750,17.19
1655947,1089377,1649479,31,833,246,1,11,268.750,17.19
1655947,499608,1353421,23,833,246,1,11,268.750,17.19
1655947,1527869,359089,274,875,246,1,11,268.750,17.19
1655947,289822,372365,583,2583,246,1,11,268.750,17.19
1655947,24668,219270,213,833,246,1,11,268.750,17.19
1655947,358484,1309911,169,833,246,1,11,268.750,17.19
1655947,745527,623024,130,833,236,1,13,259.250,17.19
1655947,229587,105786,172,833,226,1,12,249.000,17.19
1655947,177651,398763,228,834,246,1,14,269.500,17.19
1655947,374049,1589623,43,833,246,1,11,268.750,17.19
1655947,1265669,455045,55,833,236,1,13,259.250,17.19
1655947,360605,1555580,47,833,226,1,12,249.000,17.19
1655947,1108600,1281926,22,834,246,1,11,268.750,17.19
1657939,527159,1337488,82,833,237,1,11,259.750,16.45
1657939,1212697,101019,314,833,237,1,11,259.750,16.45
1657939,131407,139351,70,833,237,1,11,259.750,16.45
1657939,35403,1391400,208,834,237,1,11,259.750,16.45
1657939,566951,1415085,94,791,237,1,11,259.750,16.45
1657939,819886,657238,89,834,247,1,12,270.000,16.45
1657939,404543,234323,170,875,247,1,11,269.750,16.45
1657939,110731,1540934,86,792,237,1,11,259.750,16.45
1657939,1483879,650243,689,1916,237,1,11,259.750,16.45
1657939,128937,1412790,93,791,237,1,11,259.750,16.45
1657939,387321,496383,74,834,247,1,11,269.750,16.45
1657939,1465882,1074269,178,833,237,1,11,259.750,16.45
1657939,869020,919807,615,1917,247,1,12,270.000,16.45
1657939,945973,704064,244,833,237,1,11,259.750,16.45
1657939,281315,1634210,39,834,247,1,12,270.000,16.45
1657939,376365,1657633,85,791,237,1,11,259.750,16.45
1657939,739745,1499557,399,834,247,1,12,270.000,16.45
1657939,452914,923205,122,834,237,1,11,259.750,16.45
1657939,130416,774322,404,792,237,1,11,259.750,16.45
1657939,1021629,1036905,576,792,237,1,11,259.750,16.45
1658309,1036731,622988,47,792,239,1,11,261.750,25.94
1658309,541982,72377,1806,875,249,1,12,272.000,25.94
1658309,1165194,137105,244,792,239,1,11,261.750,25.94
1658309,1455259,695364,688,792,239,1,11,261.750,25.94
1658309,1045478,100464,702,792,239,1,11,261.750,25.94
1658309,192770,583043,316,833,249,1,12,272.000,25.94
1658309,85182,541581,99,833,239,1,11,261.750,25.94
1658309,555287,997820,260,833,239,1,11,261.750,25.94
1658309,191516,1223076,37,833,249,1,12,272.000,25.94
1658309,1304356,255500,143,834,249,1,12,272.000,25.94
1658309,1436023,1205692,78,1791,249,1,11,271.750,25.94
1658309,1460636,1020900,48,875,249,1,12,272.000,25.94
1658309,1400048,173983,99,833,249,1,11,271.750,25.94
1658309,613842,122292,207,833,249,1,12,272.000,25.94
1658309,1515652,849897,161,833,249,1,11,271.750,25.94
1658309,484596,1497461,659,833,249,1,12,272.000,25.94
1658309,781905,1549278,328,792,239,1,11,261.750,25.94
1658309,837951,191887,1025,834,239,1,11,261.750,25.94
1658309,1117948,1088111,241,792,239,1,11,261.750,25.94
1658309,1126871,1035438,114,833,239,1,11,261.750,25.94
1660889,502126,522879,1047,833,242,1,12,265.000,45.35
1660889,1204893,896482,255,833,252,1,13,275.250,45.35
1660889,415008,1022371,259,1875,242,1,11,264.750,45.35
1660889,1023007,819118,306,792,242,1,11,264.750,45.35
1660889,1552475,991548,300,834,252,1,13,275.250,45.35
1660889,53223,969458,1201,833,242,1,11,264.750,45.35
1660889,1250699,1345216,646,834,242,1,11,264.750,45.35
1660889,678720,769232,1423,833,252,1,11,274.750,45.35
1660889,1179003,943608,587,833,252,1,11,274.750,45.35
1660889,603150,978990,282,792,242,1,11,264.750,45.35
1660889,389454,32525,126,791,232,1,11,254.750,45.35
1660889,286733,215530,201,875,252,1,13,275.250,45.35
1660889,1176299,698152,177,834,252,1,12,275.000,45.35
1660889,1219990,1035352,69,1917,242,1,12,265.000,45.35
1660889,152279,337898,469,833,252,1,11,274.750,45.35
1660889,436820,576296,149,792,232,1,11,254.750,45.35
1660889,1103681,863271,594,834,252,1,11,274.750,45.35
1660889,1432921,1348046,45,833,242,1,12,265.000,45.35
1660889,253474,1200840,299,833,252,1,11,274.750,45.35
1660889,881420,85496,276,792,242,1,11,264.750,45.35
1665173,431810,245311,176,875,248,1,12,271.000,37.65
1665173,988339,913222,113,851,248,1,11,270.750,37.65
1665173,55707,900195,640,1750,228,1,11,250.750,37.65
1665173,930968,467196,30,1709,238,1,11,260.750,37.65
1665173,1576054,1328723,540,1625,238,1,12,261.000,37.65
1665173,265285,1341756,593,833,248,1,11,270.750,37.65
1665173,1570140,598115,790,791,228,1,11,250.750,37.65
1665173,272940,224595,53,833,248,1,11,270.750,37.65
1665173,407281,537177,525,833,248,1,12,271.000,37.65
1665173,860202,1623508,598,833,238,1,12,261.000,37.65
1665173,879929,327036,264,792,238,1,11,260.750,37.65
1665173,865370,766385,283,833,248,1,11,270.750,37.65
1665173,364873,1566234,395,792,248,1,11,270.750,37.65
1665173,1613350,625962,234,834,238,1,12,261.000,37.65
1665173,323462,1194685,53,834,248,1,11,270.750,37.65
1665173,13877,918180,265,792,228,1,11,250.750,37.65
1665173,103087,147565,2,791,228,1,11,250.750,37.65
1665173,1023703,1009832,588,834,248,1,11,270.750,37.65
1665173,951816,527385,407,792,228,1,11,250.750,37.65
1665173,1579269,188442,544,833,248,1,11,270.750,37.65
1667473,879764,701239,654,833,250,1,11,272.750,52.03
1667473,451554,881898,417,834,250,1,11,272.750,52.03
1667473,892562,1285097,710,834,250,1,11,272.750,52.03
1667473,760961,940218,160,833,250,1,12,273.000,52.03
1667473,57828,1470517,387,1791,240,1,11,262.750,52.03
1667473,354287,463855,742,833,240,1,11,262.750,52.03
1667473,244462,151203,132,809,250,1,11,272.750,52.03
1667473,1366530,934003,71,833,250,1,11,272.750,52.03
1667473,676397,81019,1172,792,250,1,11,272.750,52.03
1667473,726896,1403762,35,834,250,1,11,272.750,52.03
1667473,13465,1231267,606,833,250,1,11,272.750,52.03
1667473,262261,1309957,791,2125,240,1,11,262.750,52.03
1667473,947703,984460,388,850,250,1,12,273.000,52.03
1667473,24640,1268980,75,834,250,1,11,272.750,52.03
1667473,166907,1134108,685,834,250,1,11,272.750,52.03
1667473,627085,1259362,34,833,250,1,11,272.750,52.03
1667473,64935,558061,1272,834,250,1,12,273.000,52.03
1667473,1572231,1145761,120,792,250,1,11,272.750,52.03
1667473,832791,1264769,453,834,240,1,11,262.750,52.03
1667473,18735,1395848,676,834,250,1,12,273.000,52.03
1667663,1360093,183551,488,834,239,1,11,261.750,24.95
1667663,1597673,707423,55,791,239,1,11,261.750,24.95
1667663,1617259,767753,185,833,239,1,11,261.750,24.95
1667663,437475,912319,1219,2059,239,1,11,261.750,24.95
1667663,793754,1466981,106,833,249,1,12,272.000,24.95
1667663,572742,1249450,178,791,239,1,11,261.750,24.95
1667663,191746,384192,22,833,249,1,11,271.750,24.95
1667663,413641,444424,30,834,249,1,11,271.750,24.95
1667663,1265614,539905,459,875,249,1,12,272.000,24.95
1667663,1663852,1405171,357,875,249,1,12,272.000,24.95
1667663,232821,1547443,359,833,239,1,11,261.750,24.95
1667663,978707,706391,561,833,249,1,11,271.750,24.95
1667663,358483,318720,825,833,239,1,11,261.750,24.95
1667663,1483353,1619031,575,2125,249,1,11,271.750,24.95
1667663,1219740,273788,128,834,249,1,12,272.000,24.95
1667663,1041895,878899,100,1768,249,1,11,271.750,24.95
1667663,791449,1020534,852,833,239,1,11,261.750,24.95
1667663,862172,823279,172,833,239,1,11,261.750,24.95
1667663,220554,1370938,115,792,239,1,11,261.750,24.95
1667663,906876,1491501,129,833,249,1,11,271.750,24.95
1668299,603238,724174,54,833,249,1,12,272.000,19.02
1668299,742327,1258569,119,833,239,1,11,261.750,19.02
1668299,637133,1637605,147,834,249,1,11,271.750,19.02
1668299,723983,189045,31,833,249,1,12,272.000,19.02
1668299,1044959,1489106,438,833,249,1,12,272.000,19.02
1668299,1023159,580935,9,875,249,1,11,271.750,19.02
1668299,592087,303611,430,834,249,1,11,271.750,19.02
1668299,1301701,347609,1,833,249,1,12,272.000,19.02
1668299,340603,1405537,303,792,239,1,11,261.750,19.02
1668299,104828,752025,117,833,249,1,11,271.750,19.02
1668299,678849,242149,57,792,239,1,11,261.750,19.02
1668299,283297,1556047,539,833,239,1,11,261.750,19.02
1668299,1438628,31405,176,1959,239,1,11,261.750,19.02
1668299,46869,545575,175,833,249,1,11,271.750,19.02
1668299,755136,1455721,743,1708,249,1,11,271.750,19.02
1668299,1633335,485525,167,1583,239,1,11,261.750,19.02
1668299,782152,1562438,511,834,249,1,12,272.000,19.02
1668299,968089,1126006,62,792,239,1,11,261.750,19.02
1668299,383337,526355,3,834,249,1,11,271.750,19.02
1668299,192553,175523,1240,834,239,1,11,261.750,19.02
1668379,1012077,695226,288,833,249,1,11,271.750,18.70
1668379,84023,1057208,171,833,249,1,11,271.750,18.70
1668379,1524704,462299,89,833,249,1,11,271.750,18.70
1668379,940000,1163486,561,833,249,1,11,271.750,18.70
1668379,1158042,1130138,271,875,249,1,11,271.750,18.70
1668379,1126102,507051,529,875,249,1,11,271.750,18.70
1668379,1084126,935594,208,834,249,1,11,271.750,18.70
1668379,1506099,175044,346,833,249,1,12,272.000,18.70
1668379,1623284,1497317,320,833,249,1,11,271.750,18.70
1668379,10794,665740,118,833,249,1,11,271.750,18.70
1668379,869818,510283,162,791,239,1,11,261.750,18.70
1668379,1137745,216767,184,833,249,1,11,271.750,18.70
1668379,70200,691897,19,1833,239,1,11,261.750,18.70
1668379,1362399,1005776,310,834,239,1,11,261.750,18.70
1668379,1649272,1123335,516,833,249,1,11,271.750,18.70
1668379,1501506,804219,251,834,239,1,11,261.750,18.70
1668379,39698,1477832,5,791,239,1,11,261.750,18.70
1668379,17015,1591569,343,833,249,1,11,271.750,18.70
1668379,1477653,733563,95,834,239,1,11,261.750,18.70
1668379,282978,1459861,459,833,249,1,11,271.750,18.70
1668983,733704,474694,44,834,252,1,12,275.000,11.95
1668983,846196,659669,54,833,242,1,14,265.500,11.95
1668983,383339,559994,80,1916,242,1,14,265.500,11.95
1668983,509338,1303249,151,833,232,1,13,255.250,11.95
1668983,715544,1521721,369,834,232,1,13,255.250,11.95
1668983,1441874,1618956,76,834,232,1,13,255.250,11.95
1668983,259046,1186643,38,834,242,1,11,264.750,11.95
1668983,335925,1620407,30,1791,232,1,13,255.250,11.95
1668983,1038002,89536,91,833,232,1,13,255.250,11.95
1668983,1651603,1583444,2,834,232,1,13,255.250,11.95
1668983,1508066,723864,85,833,252,1,11,274.750,11.95
1668983,954522,1407062,117,833,242,1,14,265.500,11.95
1668983,1139322,1176617,234,875,242,1,14,265.500,11.95
1668983,464220,1297332,260,875,242,1,14,265.500,11.95
1668983,616279,948594,47,875,242,1,14,265.500,11.95
1668983,625295,1064778,345,833,242,1,14,265.500,11.95
1668983,332083,1013004,185,808,252,1,11,274.750,11.95
1668983,524494,1379109,21,833,252,1,11,274.750,11.95
1668983,486783,923193,67,833,232,1,13,255.250,11.95
1668983,555958,318853,54,750,222,1,12,245.000,11.95
1669541,851947,97581,201,834,240,1,14,263.500,25.76
1669541,797958,1223100,152,834,240,1,14,263.500,25.76
1669541,365775,1625704,443,791,220,1,12,243.000,25.76
1669541,918570,1301313,205,791,220,1,12,243.000,25.76
1669541,958387,840243,477,833,250,1,11,272.750,25.76
1669541,450817,756741,171,875,250,1,15,273.750,25.76
1669541,599541,840100,341,851,250,1,11,272.750,25.76
1669541,1036971,859321,1034,875,240,1,14,263.500,25.76
1669541,1347145,694200,95,875,240,1,14,263.500,25.76
1669541,1157223,656851,298,833,230,1,13,253.250,25.76
1669541,1281261,237851,176,834,250,1,11,272.750,25.76
1669541,1099818,1486852,37,834,250,1,11,272.750,25.76
1669541,691614,1508531,111,875,250,1,15,273.750,25.76
1669541,395290,659009,91,792,250,1,11,272.750,25.76
1669541,1585366,291889,24,1750,250,1,11,272.750,25.76
1669541,1116394,1418158,28,791,220,1,12,243.000,25.76
1669541,857667,412298,71,791,230,1,13,253.250,25.76
1669541,492484,1488350,36,833,250,1,11,272.750,25.76
1669541,1507591,9719,785,875,250,1,15,273.750,25.76
1669541,1604046,475813,288,833,230,1,13,253.250,25.76
1671311,973733,1640176,238,833,226,1,13,249.250,32.32
1671311,948381,1030061,250,833,236,1,14,259.500,32.32
1671311,954595,643103,33,875,256,1,12,279.000,32.32
1671311,1188634,1267868,187,834,246,1,11,268.750,32.32
1671311,8181,300224,255,833,226,1,13,249.250,32.32
1671311,1438405,1646224,500,834,246,1,11,268.750,32.32
1671311,719751,3589,518,833,236,1,14,259.500,32.32
1671311,708926,1410914,105,875,236,1,14,259.500,32.32
1671311,573293,1563799,260,1834,216,1,12,239.000,32.32
1671311,1097722,1087067,795,833,246,1,11,268.750,32.32
1671311,1011190,308983,203,792,246,1,11,268.750,32.32
1671311,1494842,1284018,621,875,246,1,15,269.750,32.32
1671311,1584133,123353,716,1792,216,1,12,239.000,32.32
1671311,1654514,1104034,49,750,206,1,11,228.750,32.32
1671311,1106965,416536,111,833,236,1,14,259.500,32.32
1671311,310042,869339,25,792,216,1,12,239.000,32.32
1671311,1014616,483237,122,791,226,1,13,249.250,32.32
1671311,108069,1075462,507,892,236,1,14,259.500,32.32
1671311,657224,1499410,525,792,246,1,11,268.750,32.32
1671311,1545809,1278563,209,750,206,1,11,228.750,32.32
1676879,928733,466395,330,834,249,1,12,272.000,27.11
1676879,374290,1421807,404,834,249,1,12,272.000,27.11
1676879,1401289,669857,91,792,229,1,11,251.750,27.11
1676879,1588641,1435015,157,833,239,1,11,261.750,27.11
1676879,1458267,252036,433,791,229,1,11,251.750,27.11
1676879,1603573,988326,138,791,229,1,11,251.750,27.11
1676879,896821,830113,415,875,249,1,11,271.750,27.11
1676879,831053,246595,103,875,249,1,11,271.750,27.11
1676879,1440305,901148,371,833,239,1,11,261.750,27.11
1676879,420684,798288,78,833,239,1,11,261.750,27.11
1676879,881000,1236703,13,792,239,1,11,261.750,27.11
1676879,114770,113935,226,792,239,1,11,261.750,27.11
1676879,637816,187777,62,792,229,1,11,251.750,27.11
1676879,683833,726922,332,834,239,1,12,262.000,27.11
1676879,1462080,1551908,121,833,249,1,11,271.750,27.11
1676879,449608,213982,155,833,249,1,11,271.750,27.11
1676879,1512977,1074315,626,833,239,1,12,262.000,27.11
1676879,565509,667198,529,833,249,1,11,271.750,27.11
1676879,1529495,1329585,190,833,249,1,11,271.750,27.11
1676879,1638883,1444834,341,834,239,1,11,261.750,27.11
1680407,254337,1677512,158,833,237,1,12,260.000,21.05
1680407,1250718,987527,684,851,237,1,12,260.000,21.05
1680407,699354,153320,430,875,247,1,13,270.250,21.05
1680407,1133455,1542955,402,833,247,1,11,269.750,21.05
1680407,245059,66641,146,2084,227,1,11,249.750,21.05
1680407,1104491,190734,15,791,227,1,11,249.750,21.05
1680407,1482351,1645446,50,792,247,1,11,269.750,21.05
1680407,1474894,1339764,810,833,247,1,11,269.750,21.05
1680407,626901,625338,77,833,247,1,11,269.750,21.05
1680407,1044656,1305748,206,833,237,1,12,260.000,21.05
1680407,1259109,77380,51,792,227,1,11,249.750,21.05
1680407,1674801,184169,461,833,247,1,11,269.750,21.05
1680407,358136,1064101,11,833,247,1,11,269.750,21.05
1680407,1316297,1395535,717,833,247,1,11,269.750,21.05
1680407,794792,470991,937,791,237,1,12,260.000,21.05
1680407,554652,768380,43,833,237,1,12,260.000,21.05
1680407,1314853,421409,101,833,237,1,12,260.000,21.05
1680407,116724,817293,68,834,247,1,11,269.750,21.05
1680407,1597432,251279,113,833,247,1,13,270.250,21.05
1680407,610828,1390718,464,1958,247,1,13,270.250,21.05
1687757,1107514,119216,222,2000,228,1,12,251.000,26.08
1687757,1574760,1545528,75,833,238,1,13,261.250,26.08
1687757,853829,1661384,31,792,218,1,11,240.750,26.08
1687757,742002,128092,201,834,248,1,11,270.750,26.08
1687757,605147,871542,78,833,248,1,11,270.750,26.08
1687757,681642,1362884,43,833,228,1,12,251.000,26.08
1687757,217372,145838,982,833,248,1,11,270.750,26.08
1687757,1119385,293742,8,875,248,1,14,271.500,26.08
1687757,156473,778335,634,834,228,1,12,251.000,26.08
1687757,1634648,795944,62,833,248,1,11,270.750,26.08
1687757,537700,1551081,47,768,228,1,12,251.000,26.08
1687757,1490159,989612,199,833,238,1,13,261.250,26.08
1687757,852751,1069999,457,2083,248,1,11,270.750,26.08
1687757,486219,912965,137,833,248,1,11,270.750,26.08
1687757,1538954,820169,373,791,228,1,12,251.000,26.08
1687757,52898,218556,88,792,238,1,13,261.250,26.08
1687757,1463969,954540,325,1934,228,1,12,251.000,26.08
1687757,1498462,261870,594,875,248,1,11,270.750,26.08
1687757,1460737,814093,132,833,248,1,11,270.750,26.08
1687757,280140,836196,238,834,248,1,11,270.750,26.08
1689713,141462,813004,834,875,250,1,14,273.500,28.16
1689713,1548787,56113,145,833,230,1,12,253.000,28.16
1689713,624955,473812,1087,810,250,1,11,272.750,28.16
1689713,1305440,910581,550,833,250,1,11,272.750,28.16
1689713,1203801,754663,133,833,240,1,11,262.750,28.16
1689713,790629,123055,183,834,250,1,11,272.750,28.16
1689713,1022058,1506128,285,833,250,1,12,273.000,28.16
1689713,1247128,1544891,45,833,250,1,11,272.750,28.16
1689713,732434,814112,481,833,250,1,11,272.750,28.16
1689713,907842,998535,61,833,250,1,11,272.750,28.16
1689713,1573816,210501,88,834,250,1,11,272.750,28.16
1689713,1672058,496838,109,833,250,1,11,272.750,28.16
1689713,351816,1174197,136,834,250,1,11,272.750,28.16
1689713,89502,1432119,131,833,250,1,12,273.000,28.16
1689713,1310594,1597698,233,2375,240,1,11,262.750,28.16
1689713,127291,375309,45,833,250,1,11,272.750,28.16
1689713,1015431,555093,13,833,250,1,11,272.750,28.16
1689713,160792,1563537,553,833,250,1,11,272.750,28.16
1689713,308625,1498272,220,834,250,1,11,272.750,28.16
1689713,326325,267361,71,875,250,1,11,272.750,28.16
1690153,154153,1385000,590,833,239,1,11,261.750,49.78
1690153,1688590,364538,21,792,249,1,11,271.750,49.78
1690153,1182537,1067874,1146,833,249,1,11,271.750,49.78
1690153,100688,286164,223,833,239,1,11,261.750,49.78
1690153,9085,1653586,1173,2083,249,1,11,271.750,49.78
1690153,182257,146864,1215,792,239,1,11,261.750,49.78
1690153,1653803,736952,50,834,249,1,12,272.000,49.78
1690153,231570,261253,315,833,239,1,11,261.750,49.78
1690153,927891,1591323,234,833,249,1,11,271.750,49.78
1690153,1465927,468319,305,833,249,1,11,271.750,49.78
1690153,28392,1289411,290,833,249,1,11,271.750,49.78
1690153,613705,993072,980,875,239,1,11,261.750,49.78
1690153,1632672,1630478,339,834,249,1,11,271.750,49.78
1690153,741429,1173939,986,833,249,1,11,271.750,49.78
1690153,1387153,792535,129,2375,239,1,11,261.750,49.78
1690153,1626206,1451140,71,791,249,1,11,271.750,49.78
1690153,1131370,446224,67,792,239,1,11,261.750,49.78
1690153,1039119,1660126,492,792,249,1,11,271.750,49.78
1690153,23088,1004027,776,833,249,1,12,272.000,49.78
1690153,406562,609067,226,1833,249,1,11,271.750,49.78
1691119,1204583,1644954,910,792,252,1,11,274.750,29.89
1691119,1453870,1213115,78,834,252,1,12,275.000,29.89
1691119,208827,1511937,76,833,252,1,11,274.750,29.89
1691119,697827,92762,138,834,252,1,11,274.750,29.89
1691119,881231,1395060,66,833,252,1,11,274.750,29.89
1691119,1441078,1133071,98,1917,242,1,11,264.750,29.89
1691119,538743,711653,76,875,252,1,11,274.750,29.89
1691119,1028933,1496408,188,834,242,1,11,264.750,29.89
1691119,288052,348304,349,1792,252,1,12,275.000,29.89
1691119,655041,1511397,164,792,242,1,11,264.750,29.89
1691119,1197677,1053631,886,833,252,1,11,274.750,29.89
1691119,842079,568081,83,792,242,1,11,264.750,29.89
1691119,645936,1641210,42,851,242,1,11,264.750,29.89
1691119,509265,522447,430,1875,252,1,11,274.750,29.89
1691119,344563,1067683,316,833,252,1,11,274.750,29.89
1691119,520831,1551842,92,834,252,1,11,274.750,29.89
1691119,245027,1381787,422,792,242,1,11,264.750,29.89
1691119,429226,1461221,487,833,242,1,11,264.750,29.89
1691119,436062,429902,647,833,242,1,11,264.750,29.89
1691119,1266200,545731,28,791,242,1,11,264.750,29.89
1695233,412704,405304,278,833,245,1,12,268.000,29.55
1695233,638891,644281,59,810,235,1,11,257.750,29.55
1695233,1575329,1221831,11,833,245,1,12,268.000,29.55
1695233,1312324,917264,20,791,235,1,11,257.750,29.55
1695233,1278927,396501,1275,791,235,1,11,257.750,29.55
1695233,899800,605366,187,834,255,1,11,277.750,29.55
1695233,806732,766233,672,833,255,1,13,278.250,29.55
1695233,1023343,38119,277,875,255,1,13,278.250,29.55
1695233,230707,948726,890,875,245,1,12,268.000,29.55
1695233,937917,256934,191,792,235,1,11,257.750,29.55
1695233,1339730,745877,142,792,235,1,11,257.750,29.55
1695233,1120059,919406,15,792,235,1,11,257.750,29.55
1695233,1218691,1035928,156,792,245,1,12,268.000,29.55
1695233,1652031,1300138,189,1917,235,1,11,257.750,29.55
1695233,1484294,1129587,6,833,235,1,11,257.750,29.55
1695233,377638,1660150,213,792,235,1,11,257.750,29.55
1695233,1109828,742152,137,875,255,1,13,278.250,29.55
1695233,1144464,971151,172,833,245,1,12,268.000,29.55
1695233,1464526,108260,99,834,235,1,11,257.750,29.55
1695233,871147,1563390,568,791,235,1,11,257.750,29.55
1696333,859950,36109,109,833,249,1,13,272.250,12.05
1696333,232395,1633288,80,833,229,1,11,251.750,12.05
1696333,1503723,1089954,34,792,229,1,11,251.750,12.05
1696333,589184,934258,261,850,239,1,12,262.000,12.05
1696333,1394709,993733,267,875,249,1,13,272.250,12.05
1696333,1172443,76319,63,833,249,1,13,272.250,12.05
1696333,290850,286518,100,833,249,1,13,272.250,12.05
1696333,1662681,1001332,213,833,249,1,11,271.750,12.05
1696333,1133317,75376,271,834,239,1,12,262.000,12.05
1696333,1124883,618156,38,2642,229,1,11,251.750,12.05
1696333,1572301,1569205,167,833,249,1,13,272.250,12.05
1696333,802247,857644,235,833,239,1,12,262.000,12.05
1696333,585356,870227,344,875,249,1,13,272.250,12.05
1696333,358010,1658218,6,792,229,1,11,251.750,12.05
1696333,273096,677584,210,833,229,1,11,251.750,12.05
1696333,432776,73591,120,792,229,1,11,251.750,12.05
1696333,24136,719549,117,791,229,1,11,251.750,12.05
1696333,1167178,1248091,283,833,249,1,11,271.750,12.05
1696333,502207,770822,246,792,229,1,11,251.750,12.05
1696333,668423,1162306,213,792,229,1,11,251.750,12.05
1697719,51966,997970,20,834,242,1,11,264.750,13.98
1697719,1005816,954348,43,792,232,1,11,254.750,13.98
1697719,1416340,1005550,526,833,242,1,11,264.750,13.98
1697719,272323,87291,249,833,242,1,11,264.750,13.98
1697719,563594,622367,41,2791,242,1,11,264.750,13.98
1697719,523172,808660,234,791,242,1,11,264.750,13.98
1697719,1587190,1030869,126,834,242,1,11,264.750,13.98
1697719,166971,1603409,11,792,232,1,11,254.750,13.98
1697719,447718,963398,164,834,252,1,11,274.750,13.98
1697719,132103,1687168,249,1958,252,1,13,275.250,13.98
1697719,1636372,1503026,115,834,242,1,11,264.750,13.98
1697719,150411,41922,177,792,232,1,11,254.750,13.98
1697719,1602004,300474,41,834,252,1,13,275.250,13.98
1697719,1301336,824545,81,791,232,1,11,254.750,13.98
1697719,80091,1055481,81,834,262,1,12,285.000,13.98
1697719,205097,246876,50,833,242,1,11,264.750,13.98
1697719,911763,1214772,74,834,242,1,12,265.000,13.98
1697719,1386461,1591116,345,833,242,1,11,264.750,13.98
1697719,982853,929634,15,833,242,1,11,264.750,13.98
1697719,1048016,1513739,4,792,242,1,12,265.000,13.98
1697989,739088,255713,1,1000,239,1,11,261.750,20.90
1697989,425811,1089469,7,1000,249,1,12,272.000,20.90
1697989,1415162,1103347,137,792,229,1,11,251.750,20.90
1697989,953090,1289639,574,834,249,1,11,271.750,20.90
1697989,919126,496521,6,834,239,1,12,262.000,20.90
1697989,293164,1540620,331,833,249,1,11,271.750,20.90
1697989,563333,492147,86,792,229,1,11,251.750,20.90
1697989,1052512,995339,225,833,249,1,12,272.000,20.90
1697989,1255569,1232661,95,791,239,1,11,261.750,20.90
1697989,200840,168290,123,834,239,1,11,261.750,20.90
1697989,768382,917490,24,833,239,1,11,261.750,20.90
1697989,239703,1385497,236,833,249,1,13,272.250,20.90
1697989,270163,614901,24,2250,249,1,11,271.750,20.90
1697989,1000299,1490921,665,833,239,1,11,261.750,20.90
1697989,13889,1073532,16,791,229,1,11,251.750,20.90
1697989,1689617,1626794,281,833,249,1,11,271.750,20.90
1697989,1324805,701114,510,833,239,1,11,261.750,20.90
1697989,851102,219415,174,834,249,1,13,272.250,20.90
1697989,202294,1569750,61,875,249,1,12,272.000,20.90
1697989,1498037,1104515,359,833,249,1,12,272.000,20.90
1698607,451384,1646627,722,833,251,1,11,273.750,28.66
1698607,54368,408670,463,833,251,1,11,273.750,28.66
1698607,837704,1649629,40,792,241,1,11,263.750,28.66
1698607,1152896,386045,361,833,241,1,11,263.750,28.66
1698607,704032,388112,434,2042,251,1,11,273.750,28.66
1698607,193793,704004,406,833,251,1,11,273.750,28.66
1698607,1433947,659611,33,833,241,1,11,263.750,28.66
1698607,910375,1016026,137,833,241,1,11,263.750,28.66
1698607,999811,1137339,950,833,241,1,11,263.750,28.66
1698607,872284,1614704,276,791,241,1,11,263.750,28.66
1698607,1068422,160560,762,792,241,1,11,263.750,28.66
1698607,446429,396603,200,833,251,1,12,274.000,28.66
1698607,355711,117801,691,833,251,1,11,273.750,28.66
1698607,684088,70740,87,833,251,1,12,274.000,28.66
1698607,1691138,111850,88,833,241,1,11,263.750,28.66
1698607,481820,527539,73,833,241,1,11,263.750,28.66
1698607,94321,1244714,710,834,241,1,11,263.750,28.66
1698607,1651063,1533306,99,916,241,1,11,263.750,28.66
1698607,1131564,891966,843,834,241,1,11,263.750,28.66
1698607,213725,178683,501,834,251,1,11,273.750,28.66
1699301,1159770,321005,324,833,252,1,12,275.000,60.08
1699301,631584,1672262,2203,875,252,1,12,275.000,60.08
1699301,412774,80514,231,833,242,1,11,264.750,60.08
1699301,994006,1504228,15,833,252,1,11,274.750,60.08
1699301,114082,30412,735,833,242,1,11,264.750,60.08
1699301,1311455,516661,1017,833,252,1,11,274.750,60.08
1699301,571389,823057,1214,834,252,1,11,274.750,60.08
1699301,187794,60345,204,833,252,1,11,274.750,60.08
1699301,1204933,762958,1012,833,242,1,11,264.750,60.08
1699301,488011,1280477,220,834,252,1,11,274.750,60.08
1699301,1247715,1603549,274,875,242,1,11,264.750,60.08
1699301,1080999,1072035,10,833,252,1,11,274.750,60.08
1699301,1129041,875021,388,834,252,1,12,275.000,60.08
1699301,252780,638768,167,791,242,1,11,264.750,60.08
1699301,1445713,956264,183,834,252,1,12,275.000,60.08
1699301,1271943,1081959,707,833,252,1,11,274.750,60.08
1699301,488577,722687,731,834,252,1,11,274.750,60.08
1699301,1148536,309158,1089,875,252,1,12,275.000,60.08
1699301,858181,842552,350,833,252,1,11,274.750,60.08
1699301,1418862,337911,33,834,242,1,11,264.750,60.08
1699783,808778,103504,49,2041,242,1,11,264.750,20.48
1699783,618500,489319,144,834,242,1,11,264.750,20.48
1699783,425784,438731,29,834,242,1,11,264.750,20.48
1699783,1276275,12061,229,834,252,1,11,274.750,20.48
1699783,900237,162332,283,834,242,1,11,264.750,20.48
1699783,1315397,1413271,236,833,242,1,11,264.750,20.48
1699783,749597,455053,265,1833,252,1,12,275.000,20.48
1699783,406595,1532755,27,834,242,1,11,264.750,20.48
1699783,1471366,1561637,106,833,242,1,11,264.750,20.48
1699783,544693,1681082,53,792,242,1,11,264.750,20.48
1699783,1645873,164769,65,791,242,1,11,264.750,20.48
1699783,1214886,6407,461,792,242,1,11,264.750,20.48
1699783,1477507,216395,510,833,242,1,11,264.750,20.48
1699783,72976,68414,101,1834,242,1,11,264.750,20.48
1699783,1381564,1359385,105,833,242,1,11,264.750,20.48
1699783,1418709,381906,474,833,242,1,11,264.750,20.48
1699783,1358323,859378,157,834,242,1,11,264.750,20.48
1699783,1049397,1464432,186,833,252,1,11,274.750,20.48
1699783,334232,1609694,151,792,242,1,11,264.750,20.48
1699783,582122,989706,184,833,242,1,11,264.750,20.48
1699787,1666671,1476412,192,792,242,1,11,264.750,34.65
1699787,1396386,1311424,129,791,252,1,11,274.750,34.65
1699787,1623900,305082,268,833,242,1,11,264.750,34.65
1699787,1053114,570053,68,834,242,1,11,264.750,34.65
1699787,1323925,368971,237,792,242,1,11,264.750,34.65
1699787,975992,1592379,720,834,252,1,11,274.750,34.65
1699787,1572500,446853,520,875,252,1,11,274.750,34.65
1699787,1137906,1076998,156,833,252,1,11,274.750,34.65
1699787,700897,943502,50,875,252,1,12,275.000,34.65
1699787,525567,125096,135,791,242,1,11,264.750,34.65
1699787,978667,1393690,703,917,242,1,11,264.750,34.65
1699787,1226199,253431,108,2250,252,1,11,274.750,34.65
1699787,305703,559688,1450,2125,252,1,11,274.750,34.65
1699787,1607298,1652706,1068,833,252,1,11,274.750,34.65
1699787,155976,1484527,210,833,242,1,11,264.750,34.65
1699787,1390709,1173624,79,833,252,1,11,274.750,34.65
1699787,809686,598264,200,833,242,1,11,264.750,34.65
1699787,1382825,775011,11,792,242,1,11,264.750,34.65
1699787,1307142,477973,104,833,242,1,11,264.750,34.65
1699787,613026,897146,40,791,242,1,11,264.750,34.65
1700849,19860,210160,115,1916,244,1,11,266.750,30.17
1700849,595793,1498318,396,833,244,1,11,266.750,30.17
1700849,294071,258836,15,833,244,1,11,266.750,30.17
1700849,171666,1183831,65,1666,244,1,11,266.750,30.17
1700849,480778,871416,595,833,254,1,11,276.750,30.17
1700849,449005,1051707,414,833,244,1,11,266.750,30.17
1700849,1523853,1644166,391,1834,244,1,11,266.750,30.17
1700849,100298,751023,15,833,254,1,12,277.000,30.17
1700849,441713,387286,160,833,244,1,11,266.750,30.17
1700849,315392,344906,12,1667,244,1,11,266.750,30.17
1700849,1613226,538447,405,833,244,1,11,266.750,30.17
1700849,1350221,599003,96,833,254,1,12,277.000,30.17
1700849,595793,862961,34,833,244,1,11,266.750,30.17
1700849,1087528,69817,537,875,254,1,12,277.000,30.17
1700849,1474491,49209,1660,833,244,1,11,266.750,30.17
1700849,785472,477276,523,834,254,1,12,277.000,30.17
1700849,1248184,733453,145,791,244,1,11,266.750,30.17
1700849,464719,1462532,1232,833,254,1,12,277.000,30.17
1700849,1558560,677743,43,834,244,1,11,266.750,30.17
1700849,799480,154822,1364,833,244,1,11,266.750,30.17
1704041,162233,1038562,24,833,246,1,11,268.750,42.34
1704041,1204281,771757,351,809,246,1,11,268.750,42.34
1704041,200689,26928,210,833,226,1,15,249.750,42.34
1704041,383637,944325,146,833,246,1,11,268.750,42.34
1704041,257800,647897,1182,833,246,1,11,268.750,42.34
1704041,804719,267420,467,833,246,1,11,268.750,42.34
1704041,737311,1347844,35,834,246,1,11,268.750,42.34
1704041,1617293,77348,903,792,206,1,13,229.250,42.34
1704041,1390301,1385773,116,875,236,1,16,260.000,42.34
1704041,45960,956121,745,833,226,1,15,249.750,42.34
1704041,1354856,403109,324,833,246,1,11,268.750,42.34
1704041,436092,91539,168,833,216,1,14,239.500,42.34
1704041,182523,989896,339,791,206,1,13,229.250,42.34
1704041,883775,708863,1,834,226,1,15,249.750,42.34
1704041,1259971,1497190,24,2375,246,1,11,268.750,42.34
1704041,1550822,357924,339,834,226,1,15,249.750,42.34
1704041,101518,161259,159,1833,246,1,11,268.750,42.34
1704041,1411336,590919,1586,833,246,1,11,268.750,42.34
1704041,260104,428376,480,833,246,1,11,268.750,42.34
1704041,1627656,357939,485,834,226,1,15,249.750,42.34
1704377,1000926,524800,3,834,248,1,11,270.750,33.31
1704377,650509,309187,203,893,248,1,17,272.250,33.31
1704377,1382062,884774,449,792,208,1,13,231.250,33.31
1704377,25495,873640,363,833,248,1,11,270.750,33.31
1704377,303052,536128,99,1000,308,1,17,332.250,33.31
1704377,196201,86609,817,834,248,1,11,270.750,33.31
1704377,1499494,1279422,289,792,198,1,12,221.000,33.31
1704377,1070179,413045,238,933,248,1,17,272.250,33.31
1704377,1567588,1226750,216,2209,248,1,17,272.250,33.31
1704377,1356151,1640061,739,2292,238,1,16,262.000,33.31
1704377,463427,1202417,309,1625,248,1,11,270.750,33.31
1704377,1213244,103762,1101,833,248,1,11,270.750,33.31
1704377,1396219,443270,186,1000,308,1,17,332.250,33.31
1704377,758212,223345,89,875,238,1,16,262.000,33.31
1704377,1365437,1004238,339,833,218,1,14,241.500,33.31
1704377,1446595,217096,172,792,218,1,14,241.500,33.31
1704377,1672406,670817,101,792,208,1,13,231.250,33.31
1704377,1350305,338647,254,834,248,1,11,270.750,33.31
1704377,953949,291425,415,875,238,1,16,262.000,33.31
1704377,1696840,889082,25,833,238,1,16,262.000,33.31
1704559,468742,535143,326,2308,247,1,11,269.750,20.76
1704559,474070,1603949,904,834,247,1,11,269.750,20.76
1704559,415991,8675,173,916,247,1,17,271.250,20.76
1704559,1077584,1566871,99,875,237,1,16,261.000,20.76
1704559,1489408,1483751,131,893,247,1,17,271.250,20.76
1704559,1159847,280873,150,833,247,1,11,269.750,20.76
1704559,1305800,136051,266,833,217,1,14,240.500,20.76
1704559,1187614,681200,409,833,247,1,11,269.750,20.76
1704559,439466,1654251,822,958,297,1,16,321.000,20.76
1704559,1255103,67899,39,833,247,1,11,269.750,20.76
1704559,328330,395049,63,875,237,1,16,261.000,20.76
1704559,1273041,30638,334,834,227,1,15,250.750,20.76
1704559,1563967,326898,84,875,247,1,11,269.750,20.76
1704559,535319,490755,575,833,247,1,11,269.750,20.76
1704559,1261777,259293,345,875,237,1,16,261.000,20.76
1704559,1503059,106159,10,833,247,1,11,269.750,20.76
1704559,1561172,1663901,251,834,217,1,14,240.500,20.76
1704559,1547688,416063,398,834,247,1,11,269.750,20.76
1704559,1033835,1373111,593,875,237,1,16,261.000,20.76
1704559,1076647,75703,261,833,247,1,11,269.750,20.76
1704727,827948,1507840,87,834,246,1,11,268.750,11.08
1704727,625001,707425,480,834,236,1,16,260.000,11.08
1704727,478262,767436,263,833,216,1,14,239.500,11.08
1704727,1128236,767424,35,792,246,1,11,268.750,11.08
1704727,926986,1613562,444,875,236,1,16,260.000,11.08
1704727,1137943,113193,64,834,246,1,11,268.750,11.08
1704727,1330124,362365,4,916,246,1,17,270.250,11.08
1704727,1021724,1525780,311,875,246,1,11,268.750,11.08
1704727,1607960,330145,178,916,246,1,17,270.250,11.08
1704727,1617045,700496,225,791,206,1,13,229.250,11.08
1704727,774984,614539,411,834,246,1,11,268.750,11.08
1704727,813397,693360,49,875,246,1,17,270.250,11.08
1704727,855035,127579,156,958,286,1,15,309.750,11.08
1704727,434091,1049907,16,833,216,1,14,239.500,11.08
1704727,995072,962890,86,792,206,1,13,229.250,11.08
1704727,1218613,1419469,117,833,246,1,11,268.750,11.08
1704727,725947,1275991,166,958,296,1,16,320.000,11.08
1704727,783646,177810,4,875,236,1,16,260.000,11.08
1704727,1378934,148240,239,833,236,1,16,260.000,11.08
1704727,1156841,408306,29,750,186,1,11,208.750,11.08
1706087,1536833,272859,450,875,236,1,16,260.000,31.13
1706087,907763,1231525,339,833,246,1,11,268.750,31.13
1706087,426945,592169,454,833,246,1,12,269.000,31.13
1706087,239215,359422,322,791,236,1,11,258.750,31.13
1706087,291578,982542,376,875,236,1,16,260.000,31.13
1706087,102378,668223,44,875,246,1,17,270.250,31.13
1706087,1503200,8458,120,875,246,1,17,270.250,31.13
1706087,1289649,1321859,28,2500,246,1,12,269.000,31.13
1706087,634762,834813,215,792,246,1,11,268.750,31.13
1706087,447068,146458,1598,792,236,1,11,258.750,31.13
1706087,144555,411696,227,834,246,1,12,269.000,31.13
1706087,1149153,20763,433,833,236,1,11,258.750,31.13
1706087,962561,776300,182,834,246,1,12,269.000,31.13
1706087,951678,1520622,47,834,236,1,11,258.750,31.13
1706087,1094928,1270043,345,792,236,1,11,258.750,31.13
1706087,1701665,285224,326,875,236,1,16,260.000,31.13
1706087,359222,100268,12,792,236,1,11,258.750,31.13
1706087,1542948,808176,66,917,236,1,11,258.750,31.13
1706087,327480,1584333,588,875,246,1,17,270.250,31.13
1706087,1046882,874424,66,833,246,1,12,269.000,31.13
1709143,1689240,286408,67,792,237,1,11,259.750,30.04
1709143,170379,1414545,154,834,237,1,11,259.750,30.04
1709143,61847,985750,239,833,247,1,11,269.750,30.04
1709143,1471568,64662,270,958,247,1,11,269.750,30.04
1709143,122785,1551715,835,851,237,1,11,259.750,30.04
1709143,643793,550811,925,833,237,1,11,259.750,30.04
1709143,723221,1154440,556,833,247,1,11,269.750,30.04
1709143,703071,561867,215,834,247,1,12,270.000,30.04
1709143,1222872,650549,183,792,237,1,11,259.750,30.04
1709143,755123,96397,725,833,247,1,12,270.000,30.04
1709143,641979,439237,43,833,247,1,11,269.750,30.04
1709143,837596,1672533,702,792,237,1,11,259.750,30.04
1709143,416511,169443,768,1976,237,1,11,259.750,30.04
1709143,799406,592785,22,833,237,1,11,259.750,30.04
1709143,951093,662596,283,833,247,1,11,269.750,30.04
1709143,1269194,1261388,134,833,247,1,12,270.000,30.04
1709143,11829,944223,567,833,237,1,11,259.750,30.04
1709143,1084104,559610,676,834,247,1,12,270.000,30.04
1709143,121735,1129515,863,834,247,1,12,270.000,30.04
1709143,1270043,1003324,113,2225,237,1,11,259.750,30.04
1709161,1676611,1632056,208,834,248,1,11,270.750,45.06
1709161,1606379,1564072,261,834,238,1,11,260.750,45.06
1709161,665757,1479580,385,792,238,1,11,260.750,45.06
1709161,621830,1503027,271,833,248,1,11,270.750,45.06
1709161,996252,1287131,1159,834,248,1,12,271.000,45.06
1709161,398844,1276163,1070,851,238,1,11,260.750,45.06
1709161,775275,1449860,605,833,248,1,11,270.750,45.06
1709161,614255,148893,549,834,248,1,12,271.000,45.06
1709161,1659170,802861,2369,834,248,1,12,271.000,45.06
1709161,1198935,1216062,125,792,238,1,11,260.750,45.06
1709161,617042,1345537,156,792,238,1,11,260.750,45.06
1709161,408963,686140,1470,833,238,1,11,260.750,45.06
1709161,1602243,102578,294,833,238,1,11,260.750,45.06
1709161,1214330,399902,1075,834,238,1,11,260.750,45.06
1709161,1628691,490014,157,834,248,1,11,270.750,45.06
1709161,145630,799756,77,792,238,1,11,260.750,45.06
1709161,576567,63144,41,833,238,1,11,260.750,45.06
1709161,1300807,1651938,1199,834,238,1,11,260.750,45.06
1709161,636866,1013760,604,792,238,1,11,260.750,45.06
1709161,780263,1183443,524,833,248,1,11,270.750,45.06
1713223,538319,260125,105,791,226,1,11,248.750,12.37
1713223,432739,1298584,149,875,246,1,13,269.250,12.37
1713223,1152057,554768,667,2167,236,1,12,259.000,12.37
1713223,1697326,1571028,175,792,226,1,11,248.750,12.37
1713223,1641505,599417,524,1727,236,1,12,259.000,12.37
1713223,823970,491377,99,833,226,1,11,248.750,12.37
1713223,244594,462633,1,833,226,1,11,248.750,12.37
1713223,175399,736829,36,833,236,1,12,259.000,12.37
1713223,703716,1487575,44,834,246,1,13,269.250,12.37
1713223,1451078,177767,185,791,226,1,11,248.750,12.37
1713223,1604408,292190,11,791,236,1,12,259.000,12.37
1713223,185094,235835,148,833,246,1,13,269.250,12.37
1713223,268178,258196,389,834,236,1,12,259.000,12.37
1713223,83628,1393946,16,833,246,1,11,268.750,12.37
1713223,373818,271770,101,833,246,1,11,268.750,12.37
1713223,312497,150486,109,792,226,1,11,248.750,12.37
1713223,87571,1536300,134,833,246,1,11,268.750,12.37
1713223,702110,424241,64,852,246,1,13,269.250,12.37
1713223,667371,281805,174,833,236,1,12,259.000,12.37
1713223,526174,543300,351,833,246,1,11,268.750,12.37
1715783,866180,39905,106,792,238,1,11,260.750,26.32
1715783,880508,601533,493,792,238,1,11,260.750,26.32
1715783,455688,1482258,118,833,248,1,11,270.750,26.32
1715783,212091,874666,270,834,248,1,11,270.750,26.32
1715783,212941,430187,97,792,248,1,11,270.750,26.32
1715783,1461752,667828,748,833,248,1,11,270.750,26.32
1715783,1665288,289321,40,792,238,1,11,260.750,26.32
1715783,1688816,1046989,8,833,238,1,11,260.750,26.32
1715783,182704,1453451,97,833,248,1,12,271.000,26.32
1715783,223190,1259620,51,852,238,1,11,260.750,26.32
1715783,1562645,1094498,131,1916,248,1,11,270.750,26.32
1715783,480353,322859,844,792,248,1,11,270.750,26.32
1715783,749187,1009193,154,791,248,1,11,270.750,26.32
1715783,1547172,190365,56,833,238,1,11,260.750,26.32
1715783,669968,253524,154,792,248,1,11,270.750,26.32
1715783,1149676,1552944,631,792,248,1,11,270.750,26.32
1715783,804702,246160,251,833,248,1,11,270.750,26.32
1715783,1580298,1524078,186,2042,248,1,11,270.750,26.32
1715783,1564858,907419,71,833,238,1,11,260.750,26.32
1715783,1702124,639783,330,833,248,1,12,271.000,26.32
1719493,724552,1343404,19,810,229,1,12,252.000,10.94
1719493,389681,309386,24,875,249,1,14,272.500,10.94
1719493,1450612,438713,261,833,229,1,12,252.000,10.94
1719493,1216521,322404,81,792,249,1,11,271.750,10.94
1719493,1700846,1094540,238,875,249,1,14,272.500,10.94
1719493,7773,1607188,27,875,249,1,14,272.500,10.94
1719493,245175,1090262,120,833,249,1,11,271.750,10.94
1719493,1364093,1320466,132,792,219,1,11,241.750,10.94
1719493,1204117,835839,22,875,249,1,14,272.500,10.94
1719493,1094303,1106163,310,792,229,1,12,252.000,10.94
1719493,992988,594632,304,833,229,1,12,252.000,10.94
1719493,1591244,1417678,239,875,239,1,13,262.250,10.94
1719493,1448640,1298154,53,833,229,1,12,252.000,10.94
1719493,1413220,1018009,206,833,249,1,14,272.500,10.94
1719493,1670672,1346456,275,1917,229,1,12,252.000,10.94
1719493,1238932,1701382,30,833,249,1,11,271.750,10.94
1719493,1451939,742300,189,1833,249,1,11,271.750,10.94
1719493,1107819,1651987,48,833,249,1,11,271.750,10.94
1719493,1110158,1268253,58,917,249,1,14,272.500,10.94
1719493,1695763,50808,479,791,229,1,12,252.000,10.94
1720211,1646588,796430,172,875,250,1,14,273.500,25.89
1720211,1113040,1517450,25,792,220,1,11,242.750,25.89
1720211,1241626,1095387,149,2125,250,1,14,273.500,25.89
1720211,943802,1455915,223,834,240,1,13,263.250,25.89
1720211,366114,715940,38,834,250,1,11,272.750,25.89
1720211,374058,1119205,201,834,240,1,13,263.250,25.89
1720211,1439015,316278,291,1834,240,1,13,263.250,25.89
1720211,484483,1630095,176,833,250,1,11,272.750,25.89
1720211,796019,650268,52,833,240,1,13,263.250,25.89
1720211,1085674,1328463,22,833,240,1,13,263.250,25.89
1720211,109637,56550,953,833,240,1,13,263.250,25.89
1720211,155502,1630332,306,917,240,1,13,263.250,25.89
1720211,1417722,272493,165,792,250,1,11,272.750,25.89
1720211,1329463,712603,264,833,240,1,13,263.250,25.89
1720211,400078,1553131,343,875,240,1,13,263.250,25.89
1720211,62150,1422672,458,875,240,1,13,263.250,25.89
1720211,1444401,614024,30,875,250,1,14,273.500,25.89
1720211,493601,751840,3,2292,250,1,11,272.750,25.89
1720211,957959,166191,490,834,250,1,11,272.750,25.89
1720211,849678,467827,512,1916,230,1,12,253.000,25.89
1720361,975598,1684693,131,792,216,1,11,238.750,20.96
1720361,197262,1422743,343,834,246,1,11,268.750,20.96
1720361,1598264,1494325,74,875,246,1,14,269.500,20.96
1720361,1163302,1460324,23,791,216,1,11,238.750,20.96
1720361,299095,669929,127,792,226,1,12,249.000,20.96
1720361,1617300,1229506,22,791,226,1,12,249.000,20.96
1720361,10930,828788,418,833,246,1,14,269.500,20.96
1720361,292508,431534,52,792,226,1,12,249.000,20.96
1720361,1033887,680118,48,791,216,1,11,238.750,20.96
1720361,83414,1337852,157,833,236,1,13,259.250,20.96
1720361,416277,1018393,211,792,226,1,12,249.000,20.96
1720361,622468,854327,37,833,226,1,12,249.000,20.96
1720361,278675,1516022,299,791,226,1,12,249.000,20.96
1720361,902108,171012,15,750,216,1,11,238.750,20.96
1720361,431012,893318,316,791,226,1,12,249.000,20.96
1720361,1432224,1372874,438,833,236,1,13,259.250,20.96
1720361,1655929,366230,7,875,246,1,14,269.500,20.96
1720361,1421392,40111,707,917,276,1,14,299.500,20.96
1720361,1555805,1016327,135,875,246,1,14,269.500,20.96
1720361,275311,661874,404,792,226,1,12,249.000,20.96
1721149,797169,499891,503,875,249,1,14,272.500,17.15
1721149,885151,434500,416,833,229,1,12,252.000,17.15
1721149,1264424,1068959,3,2208,249,1,11,271.750,17.15
1721149,40309,818447,66,834,249,1,11,271.750,17.15
1721149,1254686,500761,370,791,219,1,11,241.750,17.15
1721149,371790,407004,294,833,229,1,12,252.000,17.15
1721149,667201,1704693,128,833,249,1,11,271.750,17.15
1721149,723187,1210281,86,792,229,1,12,252.000,17.15
1721149,1647205,674508,89,792,229,1,12,252.000,17.15
1721149,1060959,1581215,395,833,249,1,11,271.750,17.15
1721149,439489,906244,288,834,229,1,12,252.000,17.15
1721149,340901,632214,426,791,229,1,12,252.000,17.15
1721149,611899,1360448,57,792,229,1,12,252.000,17.15
1721149,110936,470062,42,791,219,1,11,241.750,17.15
1721149,228688,1599382,188,792,229,1,12,252.000,17.15
1721149,1193493,6396,308,792,219,1,11,241.750,17.15
1721149,15457,214297,596,792,229,1,12,252.000,17.15
1721149,1417755,790128,9,792,219,1,11,241.750,17.15
1721149,1285917,1582449,315,875,249,1,14,272.500,17.15
1721149,505719,32054,373,1833,219,1,11,241.750,17.15
1721453,1126137,918156,697,875,248,1,11,270.750,15.75
1721453,1452190,1716874,142,792,228,1,12,251.000,15.75
1721453,703556,964878,55,834,238,1,13,261.250,15.75
1721453,393817,1220039,113,875,248,1,14,271.500,15.75
1721453,403181,929053,75,875,238,1,13,261.250,15.75
1721453,937255,1378600,3,875,248,1,14,271.500,15.75
1721453,58137,881922,429,792,228,1,12,251.000,15.75
1721453,1720506,204214,236,834,248,1,11,270.750,15.75
1721453,1258776,950706,458,833,248,1,11,270.750,15.75
1721453,1552952,433801,306,833,248,1,11,270.750,15.75
1721453,1333761,378615,22,834,228,1,12,251.000,15.75
1721453,885224,1595995,422,833,228,1,12,251.000,15.75
1721453,168101,1424919,528,834,228,1,12,251.000,15.75
1721453,413620,1543197,84,2292,228,1,12,251.000,15.75
1721453,942658,280094,349,791,218,1,11,240.750,15.75
1721453,1145997,1180049,218,834,248,1,11,270.750,15.75
1721453,893351,873154,36,1916,228,1,12,251.000,15.75
1721453,1206847,538416,72,791,218,1,11,240.750,15.75
1721453,1109365,1112584,16,834,238,1,13,261.250,15.75
1721453,673230,1104550,316,833,228,1,12,251.000,15.75
1721693,515442,1668617,10,1041,249,1,11,271.750,13.49
1721693,923139,394922,322,875,249,1,14,272.500,13.49
1721693,173453,1627519,63,792,229,1,12,252.000,13.49
1721693,1267755,694609,16,791,229,1,12,252.000,13.49
1721693,505631,999025,275,792,219,1,11,241.750,13.49
1721693,355252,1328639,48,833,249,1,11,271.750,13.49
1721693,696710,1709643,197,833,239,1,13,262.250,13.49
1721693,764977,63796,15,791,229,1,12,252.000,13.49
1721693,1608500,137110,440,875,249,1,11,271.750,13.49
1721693,1009183,350058,768,792,229,1,12,252.000,13.49
1721693,771731,312771,187,833,229,1,12,252.000,13.49
1721693,1623974,149192,57,833,239,1,13,262.250,13.49
1721693,165654,1609018,690,1833,229,1,12,252.000,13.49
1721693,1122174,23654,262,833,229,1,12,252.000,13.49
1721693,1034597,1522634,136,792,219,1,11,241.750,13.49
1721693,37145,552018,31,792,219,1,11,241.750,13.49
1721693,1192441,150041,136,833,249,1,11,271.750,13.49
1721693,868377,470226,105,833,229,1,12,252.000,13.49
1721693,1233201,684663,29,833,239,1,13,262.250,13.49
1721693,318298,1205653,141,750,219,1,11,241.750,13.49
1722187,717301,773536,110,833,238,1,13,261.250,23.56
1722187,769982,1574074,376,791,228,1,12,251.000,23.56
1722187,1640294,96143,268,833,228,1,12,251.000,23.56
1722187,267633,1058967,295,875,238,1,13,261.250,23.56
1722187,1274727,543618,183,792,238,1,11,260.750,23.56
1722187,335494,937778,18,750,218,1,11,240.750,23.56
1722187,1077942,109311,69,1833,238,1,11,260.750,23.56
1722187,1006344,1396138,894,834,248,1,11,270.750,23.56
1722187,1675138,1438912,76,833,248,1,11,270.750,23.56
1722187,1619695,770651,123,833,238,1,13,261.250,23.56
1722187,1642790,1212752,59,792,228,1,12,251.000,23.56
1722187,633375,1710753,337,792,228,1,12,251.000,23.56
1722187,1420217,738111,31,792,238,1,11,260.750,23.56
1722187,338149,1680392,242,791,238,1,11,260.750,23.56
1722187,1710206,1052716,122,833,248,1,11,270.750,23.56
1722187,708987,619104,294,833,248,1,12,271.000,23.56
1722187,1720079,245371,70,1917,238,1,13,261.250,23.56
1722187,1385385,47090,474,834,238,1,13,261.250,23.56
1722187,484037,63973,173,1542,218,1,11,240.750,23.56
1722187,653243,966085,369,750,218,1,11,240.750,23.56
1722937,1556158,1365879,43,875,249,1,12,272.000,30.86
1722937,582442,1161764,46,833,229,1,12,252.000,30.86
1722937,1336942,1719965,642,875,249,1,14,272.500,30.86
1722937,596317,270347,256,834,249,1,12,272.000,30.86
1722937,1143591,821970,420,833,249,1,12,272.000,30.86
1722937,190003,436008,111,834,249,1,12,272.000,30.86
1722937,1181319,798190,46,833,229,1,12,252.000,30.86
1722937,1430253,1238522,149,1750,249,1,11,271.750,30.86
1722937,1432278,76739,198,875,249,1,12,272.000,30.86
1722937,1565630,115752,641,875,249,1,14,272.500,30.86
1722937,1231590,313983,223,833,249,1,11,271.750,30.86
1722937,418046,1427060,146,1792,239,1,11,261.750,30.86
1722937,1314336,1027675,26,875,249,1,12,272.000,30.86
1722937,790615,915103,44,791,219,1,11,241.750,30.86
1722937,1654932,802433,953,833,249,1,12,272.000,30.86
1722937,12036,1464135,114,875,249,1,12,272.000,30.86
1722937,516721,1398994,947,833,249,1,12,272.000,30.86
1722937,131514,1336344,98,834,239,1,11,261.750,30.86
1722937,840989,125016,476,792,239,1,11,261.750,30.86
1722937,464220,799674,415,833,249,1,12,272.000,30.86
1723801,1314360,1601146,2238,833,240,1,11,262.750,75.56
1723801,1709656,1170094,1667,833,250,1,12,273.000,75.56
1723801,1487348,177039,521,834,250,1,11,272.750,75.56
1723801,264249,1076874,1568,833,250,1,12,273.000,75.56
1723801,1136994,1302743,152,2542,250,1,11,272.750,75.56
1723801,467206,542025,1116,791,240,1,11,262.750,75.56
1723801,738492,997122,214,791,250,1,11,272.750,75.56
1723801,344710,781293,659,833,240,1,11,262.750,75.56
1723801,817364,216182,174,834,250,1,11,272.750,75.56
1723801,426735,408711,508,833,250,1,12,273.000,75.56
1723801,1414188,620222,492,833,250,1,11,272.750,75.56
1723801,160585,1006426,2277,833,250,1,11,272.750,75.56
1723801,1605891,702900,2312,833,250,1,12,273.000,75.56
1723801,1447615,1334960,1911,833,250,1,11,272.750,75.56
1723801,1225152,482661,321,833,250,1,11,272.750,75.56
1723801,896939,76768,691,834,250,1,11,272.750,75.56
1723801,414512,1721324,1490,791,240,1,11,262.750,75.56
1723801,654822,35491,937,833,250,1,11,272.750,75.56
1723801,837585,1263823,249,833,250,1,12,273.000,75.56
1723801,411324,525893,1545,833,250,1,12,273.000,75.56
1724059,1489628,1195245,104,875,239,1,11,261.750,16.98
1724059,1583410,805262,9,2833,239,1,11,261.750,16.98
1724059,764374,108644,280,791,239,1,11,261.750,16.98
1724059,1582168,1590287,150,833,249,1,11,271.750,16.98
1724059,646810,1162766,83,833,249,1,12,272.000,16.98
1724059,1447619,1304557,210,834,249,1,12,272.000,16.98
1724059,1613150,1488729,499,834,239,1,11,261.750,16.98
1724059,271008,836089,33,833,239,1,11,261.750,16.98
1724059,629838,1580722,8,2125,249,1,12,272.000,16.98
1724059,1397931,1295187,105,792,249,1,11,271.750,16.98
1724059,1481507,669241,97,833,239,1,11,261.750,16.98
1724059,190001,715734,89,792,239,1,11,261.750,16.98
1724059,294737,970850,284,792,239,1,11,261.750,16.98
1724059,1699637,293585,554,833,239,1,11,261.750,16.98
1724059,937942,1005030,57,2667,239,1,11,261.750,16.98
1724059,78588,294291,107,1792,249,1,12,272.000,16.98
1724059,252710,1292021,236,833,239,1,11,261.750,16.98
1724059,141731,1121839,44,792,239,1,11,261.750,16.98
1724059,1521574,144563,81,833,239,1,11,261.750,16.98
1724059,565070,753107,102,2042,249,1,11,271.750,16.98
1724399,1383869,384718,28,791,252,1,11,274.750,31.86
1724399,1374254,392814,483,834,242,1,11,264.750,31.86
1724399,37068,478311,388,834,242,1,11,264.750,31.86
1724399,1411803,233171,134,1958,252,1,11,274.750,31.86
1724399,1540631,1539955,476,791,242,1,11,264.750,31.86
1724399,1590892,865344,314,833,252,1,12,275.000,31.86
1724399,1232323,1648965,248,833,242,1,11,264.750,31.86
1724399,1501271,668364,24,834,252,1,12,275.000,31.86
1724399,216983,1315281,25,833,242,1,11,264.750,31.86
1724399,1587416,1085489,96,833,252,1,11,274.750,31.86
1724399,667685,1480970,284,834,242,1,11,264.750,31.86
1724399,1067943,528164,1176,834,242,1,11,264.750,31.86
1724399,377228,921763,325,833,252,1,12,275.000,31.86
1724399,875396,224014,353,852,252,1,12,275.000,31.86
1724399,892338,1162040,297,833,242,1,11,264.750,31.86
1724399,239947,494149,477,791,242,1,11,264.750,31.86
1724399,66630,165017,183,791,242,1,11,264.750,31.86
1724399,921113,1018530,14,792,242,1,11,264.750,31.86
1724399,212272,1068755,350,834,252,1,12,275.000,31.86
1724399,1090644,1332132,205,792,242,1,11,264.750,31.86
1726201,434493,1489097,110,875,252,1,11,274.750,41.76
1726201,790395,1058246,73,2167,242,1,11,264.750,41.76
1726201,1041199,296893,970,834,242,1,11,264.750,41.76
1726201,1255761,1099711,408,833,242,1,11,264.750,41.76
1726201,75037,525117,25,875,252,1,13,275.250,41.76
1726201,1705746,672632,208,833,252,1,11,274.750,41.76
1726201,484766,167262,714,792,232,1,11,254.750,41.76
1726201,63953,1662954,127,833,252,1,11,274.750,41.76
1726201,1509479,369207,394,833,242,1,11,264.750,41.76
1726201,1129437,1339964,189,792,232,1,11,254.750,41.76
1726201,1205086,1556068,317,833,252,1,11,274.750,41.76
1726201,540672,58445,37,833,252,1,11,274.750,41.76
1726201,1393995,1548915,778,792,232,1,11,254.750,41.76
1726201,1277941,105764,517,833,242,1,12,265.000,41.76
1726201,193398,1407863,373,833,252,1,12,275.000,41.76
1726201,1234517,1636718,757,833,252,1,11,274.750,41.76
1726201,1530503,858814,1342,833,252,1,12,275.000,41.76
1726201,1432043,536884,70,2583,252,1,13,275.250,41.76
1726201,1379042,1418625,23,1708,252,1,13,275.250,41.76
1726201,506427,447665,542,833,242,1,12,265.000,41.76
1727137,466733,310510,220,875,251,1,13,274.250,35.98
1727137,342542,1645092,146,791,251,1,11,273.750,35.98
1727137,1214467,1602459,50,834,251,1,11,273.750,35.98
1727137,21076,765675,344,958,251,1,13,274.250,35.98
1727137,940828,229514,627,917,231,1,11,253.750,35.98
1727137,1321114,704610,938,917,241,1,12,264.000,35.98
1727137,482029,355425,267,833,251,1,13,274.250,35.98
1727137,574807,240866,1057,833,251,1,11,273.750,35.98
1727137,1550494,1368220,650,875,251,1,13,274.250,35.98
1727137,724514,275476,935,792,231,1,11,253.750,35.98
1727137,432793,1509316,94,2791,251,1,13,274.250,35.98
1727137,1375217,492926,655,1959,241,1,12,264.000,35.98
1727137,532673,595311,167,833,251,1,11,273.750,35.98
1727137,1381507,412246,22,875,251,1,13,274.250,35.98
1727137,1506536,381242,88,875,251,1,13,274.250,35.98
1727137,1444168,441678,305,792,251,1,11,273.750,35.98
1727137,1231649,1083213,1444,792,231,1,11,253.750,35.98
1727137,550022,1401046,65,834,251,1,13,274.250,35.98
1727137,1056936,613159,711,833,231,1,11,253.750,35.98
1727137,1413748,191058,1528,791,231,1,11,253.750,35.98
1729253,1692992,1102509,414,875,249,1,11,271.750,23.63
1729253,250796,188256,317,834,249,1,11,271.750,23.63
1729253,1438098,203911,633,792,229,1,11,251.750,23.63
1729253,1360803,851544,836,833,239,1,12,262.000,23.63
1729253,181480,1453223,474,1833,229,1,11,251.750,23.63
1729253,697709,529612,208,791,229,1,11,251.750,23.63
1729253,661371,1614792,134,792,229,1,11,251.750,23.63
1729253,914914,724715,778,833,229,1,11,251.750,23.63
1729253,462730,1373171,78,792,229,1,11,251.750,23.63
1729253,570655,1206004,854,792,229,1,11,251.750,23.63
1729253,191564,1126041,387,834,239,1,12,262.000,23.63
1729253,955079,276196,389,792,229,1,11,251.750,23.63
1729253,1373477,384466,190,875,249,1,13,272.250,23.63
1729253,969513,1373973,77,1958,239,1,12,262.000,23.63
1729253,489232,1260981,82,791,229,1,11,251.750,23.63
1729253,1608175,1187699,522,875,249,1,13,272.250,23.63
1729253,630969,41208,268,791,249,1,11,271.750,23.63
1729253,533665,473304,16,767,229,1,11,251.750,23.63
1729253,10581,1566087,65,792,229,1,11,251.750,23.63
1729253,961692,657173,39,833,249,1,11,271.750,23.63
1730431,884090,567493,394,834,252,1,11,274.750,23.34
1730431,430492,66349,307,851,252,1,11,274.750,23.34
1730431,85763,1302507,609,2000,252,1,11,274.750,23.34
1730431,629547,1454825,239,833,242,1,11,264.750,23.34
1730431,908555,1402149,417,1708,232,1,11,254.750,23.34
1730431,1216801,724375,10,833,252,1,11,274.750,23.34
1730431,781425,1322598,19,875,252,1,12,275.000,23.34
1730431,487978,1567684,289,875,252,1,11,274.750,23.34
1730431,422819,1587468,38,833,242,1,12,265.000,23.34
1730431,622321,1246444,60,833,242,1,11,264.750,23.34
1730431,1061682,300568,122,834,252,1,11,274.750,23.34
1730431,1670529,1278154,203,833,232,1,11,254.750,23.34
1730431,1537058,52615,484,833,252,1,11,274.750,23.34
1730431,518059,913915,250,833,252,1,11,274.750,23.34
1730431,1344024,1026811,250,791,242,1,12,265.000,23.34
1730431,1603150,1529308,336,833,242,1,11,264.750,23.34
1730431,310221,551621,145,834,252,1,11,274.750,23.34
1730431,1300692,1616444,254,792,242,1,11,264.750,23.34
1730431,1635297,1385942,33,2542,252,1,12,275.000,23.34
1730431,588498,544694,10,833,242,1,12,265.000,23.34
1733297,707017,743255,1017,833,251,1,12,274.000,30.96
1733297,939526,1243124,354,833,251,1,11,273.750,30.96
1733297,160045,37448,176,833,251,1,11,273.750,30.96
1733297,1731135,133240,1518,792,251,1,11,273.750,30.96
1733297,1168735,1661842,652,833,251,1,12,274.000,30.96
1733297,336815,1629714,1,834,251,1,11,273.750,30.96
1733297,987487,1436162,1847,833,251,1,12,274.000,30.96
1733297,1367990,1471688,356,834,241,1,11,263.750,30.96
1733297,300667,486867,223,833,241,1,11,263.750,30.96
1733297,473031,137890,297,833,251,1,12,274.000,30.96
1733297,1026280,1181698,121,792,241,1,11,263.750,30.96
1733297,727013,490635,525,1875,251,1,12,274.000,30.96
1733297,1579865,1262202,232,833,241,1,11,263.750,30.96
1733297,720927,1396481,82,791,251,1,11,273.750,30.96
1733297,1571466,1629613,166,791,241,1,11,263.750,30.96
1733297,1064005,1421246,129,792,241,1,11,263.750,30.96
1733297,329029,1276170,11,834,251,1,12,274.000,30.96
1733297,426591,1127497,714,1875,241,1,11,263.750,30.96
1733297,465307,1548156,195,833,251,1,11,273.750,30.96
1733297,958919,952820,59,833,251,1,12,274.000,30.96
1733651,202922,245178,362,791,237,1,11,259.750,21.39
1733651,133074,1411331,213,792,237,1,11,259.750,21.39
1733651,1415569,1169653,84,833,237,1,11,259.750,21.39
1733651,1694805,1432495,77,833,247,1,12,270.000,21.39
1733651,219218,614438,109,833,247,1,11,269.750,21.39
1733651,1157748,1147270,298,833,237,1,11,259.750,21.39
1733651,1571325,1383174,299,833,247,1,11,269.750,21.39
1733651,1390209,5625,28,833,247,1,11,269.750,21.39
1733651,216896,954208,646,834,247,1,12,270.000,21.39
1733651,538639,1180226,44,2042,247,1,12,270.000,21.39
1733651,160505,648044,504,833,247,1,11,269.750,21.39
1733651,93798,1397669,174,875,247,1,12,270.000,21.39
1733651,217039,187794,472,833,247,1,12,270.000,21.39
1733651,288254,1497642,548,791,237,1,11,259.750,21.39
1733651,789195,1618951,155,1875,247,1,12,270.000,21.39
1733651,353144,1526492,657,2959,247,1,11,269.750,21.39
1733651,402338,463501,91,833,237,1,11,259.750,21.39
1733651,98320,289264,663,833,237,1,11,259.750,21.39
1733651,589081,686638,262,834,247,1,12,270.000,21.39
1733651,1152599,1274139,201,834,237,1,11,259.750,21.39
1734973,623731,531526,334,791,241,1,11,263.750,30.88
1734973,574912,724208,967,833,241,1,11,263.750,30.88
1734973,1305010,1734323,238,834,231,1,13,254.250,30.88
1734973,389045,203795,249,875,221,1,12,244.000,30.88
1734973,8094,480238,285,833,231,1,13,254.250,30.88
1734973,720227,1563523,115,2125,241,1,11,263.750,30.88
1734973,33676,71552,258,834,231,1,13,254.250,30.88
1734973,690223,859853,201,833,231,1,13,254.250,30.88
1734973,1503715,692442,395,833,231,1,13,254.250,30.88
1734973,475424,1283523,465,875,251,1,15,274.750,30.88
1734973,1336280,1414208,233,833,251,1,11,273.750,30.88
1734973,1056522,455294,111,833,251,1,11,273.750,30.88
1734973,799440,1555909,306,2125,241,1,11,263.750,30.88
1734973,1446823,385677,44,791,211,1,11,233.750,30.88
1734973,274534,1560036,17,834,231,1,13,254.250,30.88
1734973,1144265,451748,646,833,251,1,11,273.750,30.88
1734973,403295,667060,410,791,231,1,13,254.250,30.88
1734973,358476,558873,179,833,251,1,12,274.000,30.88
1734973,1456226,544009,341,833,251,1,12,274.000,30.88
1734973,1253299,362080,186,750,211,1,11,233.750,30.88
1735001,1353445,1558125,136,833,231,1,13,254.250,34.31
1735001,1186549,1620543,624,834,251,1,11,273.750,34.31
1735001,192459,1464807,52,750,211,1,11,233.750,34.31
1735001,684501,521386,167,875,241,1,14,264.500,34.31
1735001,1334163,1639248,411,833,251,1,12,274.000,34.31
1735001,1493798,58892,369,875,251,1,15,274.750,34.31
1735001,901680,1293308,80,791,231,1,13,254.250,34.31
1735001,1574551,681388,710,833,231,1,13,254.250,34.31
1735001,878761,406489,66,834,221,1,12,244.000,34.31
1735001,376255,113949,154,875,241,1,14,264.500,34.31
1735001,716961,1632580,564,875,251,1,15,274.750,34.31
1735001,293317,920954,154,791,221,1,12,244.000,34.31
1735001,411848,489176,1,792,241,1,11,263.750,34.31
1735001,1125775,1173404,100,2125,231,1,13,254.250,34.31
1735001,544073,1109743,288,791,221,1,12,244.000,34.31
1735001,1614454,116816,1090,791,221,1,12,244.000,34.31
1735001,154000,492270,729,833,231,1,13,254.250,34.31
1735001,428517,400987,746,833,241,1,11,263.750,34.31
1735001,333424,443685,168,834,251,1,11,273.750,34.31
1735001,719440,621802,45,2225,231,1,13,254.250,34.31
1737403,496693,47578,601,875,238,1,14,261.500,22.66
1737403,181177,1418967,82,875,248,1,11,270.750,22.66
1737403,1550488,634134,367,833,238,1,14,261.500,22.66
1737403,952344,930459,65,875,238,1,14,261.500,22.66
1737403,257374,277617,45,833,238,1,14,261.500,22.66
1737403,948202,1314012,74,834,228,1,13,251.250,22.66
1737403,1253832,1587198,1075,834,248,1,11,270.750,22.66
1737403,559965,801584,16,1958,238,1,14,261.500,22.66
1737403,268699,113848,125,1792,278,1,14,301.500,22.66
1737403,1363400,721934,166,834,228,1,13,251.250,22.66
1737403,571379,482165,40,834,228,1,13,251.250,22.66
1737403,396790,392134,816,875,248,1,15,271.750,22.66
1737403,327434,884958,147,834,238,1,14,261.500,22.66
1737403,1251620,271268,884,833,238,1,14,261.500,22.66
1737403,759407,336040,165,875,248,1,15,271.750,22.66
1737403,328303,1023294,1066,1892,248,1,11,270.750,22.66
1737403,754015,812283,53,833,248,1,11,270.750,22.66
1737403,647732,1372093,57,833,228,1,13,251.250,22.66
1737403,381081,1094509,622,750,208,1,11,230.750,22.66
1737403,936463,1215860,206,791,248,1,11,270.750,22.66
1739303,74449,1049928,391,875,247,1,11,269.750,20.97
1739303,711024,919058,93,810,237,1,11,259.750,20.97
1739303,186297,98495,243,792,227,1,13,250.250,20.97
1739303,1457468,452665,50,834,247,1,11,269.750,20.97
1739303,1738339,72982,129,833,247,1,12,270.000,20.97
1739303,1389781,952478,336,834,247,1,11,269.750,20.97
1739303,795112,856073,874,2792,247,1,11,269.750,20.97
1739303,674297,957259,87,833,247,1,11,269.750,20.97
1739303,11716,714061,185,834,247,1,12,270.000,20.97
1739303,118972,275711,29,834,237,1,11,259.750,20.97
1739303,444439,1322787,98,833,247,1,12,270.000,20.97
1739303,1294374,1034658,253,792,237,1,11,259.750,20.97
1739303,1184348,105008,73,833,237,1,11,259.750,20.97
1739303,920199,1142988,102,833,237,1,11,259.750,20.97
1739303,1376263,1497387,18,833,237,1,11,259.750,20.97
1739303,320363,575080,735,834,247,1,12,270.000,20.97
1739303,879551,945672,23,833,247,1,11,269.750,20.97
1739303,1517868,971415,148,851,237,1,14,260.500,20.97
1739303,1040748,1291520,207,833,237,1,11,259.750,20.97
1739303,611578,86,43,792,247,1,11,269.750,20.97
1740811,1006406,96282,82,833,245,1,11,267.750,27.94
1740811,1603217,1071343,180,833,245,1,11,267.750,27.94
1740811,1160757,1502537,25,834,235,1,11,257.750,27.94
1740811,1568301,989389,102,833,235,1,11,257.750,27.94
1740811,1044096,1282275,845,833,235,1,11,257.750,27.94
1740811,823024,1356492,217,791,245,1,12,268.000,27.94
1740811,1660795,715607,211,791,235,1,11,257.750,27.94
1740811,886900,705712,94,833,245,1,12,268.000,27.94
1740811,276106,763578,151,833,245,1,11,267.750,27.94
1740811,114203,1621122,610,833,245,1,12,268.000,27.94
1740811,625849,1593843,969,833,235,1,11,257.750,27.94
1740811,557659,1660781,122,834,245,1,12,268.000,27.94
1740811,457828,268382,531,833,245,1,11,267.750,27.94
1740811,1287660,1028859,152,792,235,1,11,257.750,27.94
1740811,1487258,1481799,186,833,235,1,11,257.750,27.94
1740811,658445,1701883,32,792,235,1,11,257.750,27.94
1740811,563433,1266019,36,833,245,1,11,267.750,27.94
1740811,670615,623898,196,792,235,1,11,257.750,27.94
1740811,818728,158755,187,833,245,1,12,268.000,27.94
1740811,103657,1577742,300,833,235,1,11,257.750,27.94
1741013,1275575,1725525,534,791,248,1,11,270.750,42.82
1741013,178889,1672394,77,833,248,1,11,270.750,42.82
1741013,753562,1282604,32,833,248,1,12,271.000,42.82
1741013,918162,1163669,434,875,248,1,11,270.750,42.82
1741013,1496360,873352,240,833,248,1,11,270.750,42.82
1741013,1492961,210923,153,833,248,1,11,270.750,42.82
1741013,802245,1565484,804,834,248,1,11,270.750,42.82
1741013,1010657,1609353,326,2976,248,1,11,270.750,42.82
1741013,305640,1525646,15,833,248,1,12,271.000,42.82
1741013,855754,935497,722,834,248,1,11,270.750,42.82
1741013,390637,1699103,1108,834,248,1,11,270.750,42.82
1741013,456775,923233,340,791,238,1,11,260.750,42.82
1741013,682120,717246,97,791,248,1,11,270.750,42.82
1741013,1150713,1161590,86,833,248,1,12,271.000,42.82
1741013,1279291,1262875,108,834,248,1,11,270.750,42.82
1741013,550658,71802,294,834,248,1,12,271.000,42.82
1741013,657559,202064,593,833,248,1,11,270.750,42.82
1741013,409304,33270,171,834,248,1,11,270.750,42.82
1741013,1454700,1488674,602,834,248,1,11,270.750,42.82
1741013,1259673,1438691,1259,833,248,1,11,270.750,42.82
1743127,335451,522791,348,875,248,1,13,271.250,19.83
1743127,1333311,486279,233,791,238,1,12,261.000,19.83
1743127,326491,1370340,189,834,238,1,12,261.000,19.83
1743127,629369,84913,188,833,238,1,12,261.000,19.83
1743127,1083149,1245688,211,2000,238,1,11,260.750,19.83
1743127,103224,1009742,3,834,248,1,11,270.750,19.83
1743127,528328,1110503,73,916,238,1,12,261.000,19.83
1743127,16251,974023,128,792,248,1,11,270.750,19.83
1743127,268875,671188,242,791,248,1,12,271.000,19.83
1743127,179581,1557958,202,875,248,1,13,271.250,19.83
1743127,1577322,256175,202,809,248,1,11,270.750,19.83
1743127,1414118,816334,158,833,248,1,12,271.000,19.83
1743127,304779,52652,35,792,238,1,11,260.750,19.83
1743127,446579,190772,61,834,238,1,11,260.750,19.83
1743127,670188,609193,196,833,238,1,11,260.750,19.83
1743127,698232,234769,428,834,238,1,11,260.750,19.83
1743127,621312,527800,370,792,248,1,11,270.750,19.83
1743127,1227858,1485514,402,792,238,1,11,260.750,19.83
1743127,1079316,1316798,27,1875,248,1,12,271.000,19.83
1743127,1647139,1402395,118,833,238,1,12,261.000,19.83
1746211,1482212,1471929,169,792,237,1,12,260.000,31.58
1746211,275960,512625,330,791,227,1,11,249.750,31.58
1746211,1265672,1650350,520,834,237,1,12,260.000,31.58
1746211,1465256,1096300,423,833,237,1,12,260.000,31.58
1746211,1413054,1011978,122,833,237,1,12,260.000,31.58
1746211,1546748,575273,643,834,237,1,12,260.000,31.58
1746211,1419272,1310583,2405,791,227,1,11,249.750,31.58
1746211,891667,551287,430,791,237,1,12,260.000,31.58
1746211,226516,1713553,372,3625,247,1,13,270.250,31.58
1746211,1447283,1741648,197,792,227,1,11,249.750,31.58
1746211,104287,1741276,174,791,227,1,11,249.750,31.58
1746211,293247,76206,516,875,247,1,13,270.250,31.58
1746211,937383,416517,17,834,247,1,13,270.250,31.58
1746211,1253185,1333978,170,834,237,1,12,260.000,31.58
1746211,128216,752538,891,833,237,1,12,260.000,31.58
1746211,465866,1281157,281,833,237,1,12,260.000,31.58
1746211,1093648,249926,469,792,227,1,11,249.750,31.58
1746211,1337930,1478714,473,833,237,1,12,260.000,31.58
1746211,532750,585335,277,791,237,1,12,260.000,31.58
1746211,1269988,296503,72,791,227,1,11,249.750,31.58
1746449,250939,1208171,280,834,229,1,11,251.750,15.45
1746449,308563,1701461,482,875,249,1,13,272.250,15.45
1746449,1741339,1368169,169,791,239,1,11,261.750,15.45
1746449,61989,234961,46,875,249,1,11,271.750,15.45
1746449,588154,1712900,92,833,229,1,11,251.750,15.45
1746449,899052,389984,193,792,229,1,11,251.750,15.45
1746449,962693,1499988,78,808,239,1,12,262.000,15.45
1746449,1736625,408447,103,833,229,1,11,251.750,15.45
1746449,1548019,599675,145,791,229,1,11,251.750,15.45
1746449,741094,384112,11,834,249,1,13,272.250,15.45
1746449,1364657,814398,157,833,249,1,13,272.250,15.45
1746449,889214,899994,198,875,249,1,13,272.250,15.45
1746449,1455295,1576444,239,875,249,1,13,272.250,15.45
1746449,707402,211130,391,792,229,1,11,251.750,15.45
1746449,1574303,1361823,147,792,229,1,11,251.750,15.45
1746449,1342010,281136,81,834,249,1,11,271.750,15.45
1746449,230808,193234,1,791,229,1,11,251.750,15.45
1746449,539666,13924,8,875,249,1,13,272.250,15.45
1746449,537834,1250125,33,792,229,1,11,251.750,15.45
1746449,234720,1359377,73,2101,239,1,12,262.000,15.45
1746911,402572,105271,28,833,242,1,12,265.000,15.97
1746911,435724,994089,284,834,232,1,11,254.750,15.97
1746911,1270922,1248023,6,833,252,1,12,275.000,15.97
1746911,1742944,1245852,28,1792,242,1,12,265.000,15.97
1746911,1658272,1215725,267,792,232,1,11,254.750,15.97
1746911,1740104,1184677,174,834,242,1,11,264.750,15.97
1746911,1490173,330198,404,1875,242,1,12,265.000,15.97
1746911,804753,436994,39,834,242,1,12,265.000,15.97
1746911,1251646,1645924,197,833,242,1,12,265.000,15.97
1746911,799564,1479341,117,1917,242,1,12,265.000,15.97
1746911,1172973,206266,87,768,232,1,11,254.750,15.97
1746911,221559,975643,431,834,242,1,12,265.000,15.97
1746911,244812,226792,100,792,232,1,11,254.750,15.97
1746911,1049566,514948,188,834,242,1,12,265.000,15.97
1746911,1572079,1150760,153,833,242,1,12,265.000,15.97
1746911,279931,969917,186,834,252,1,13,275.250,15.97
1746911,1574086,232343,117,833,252,1,12,275.000,15.97
1746911,1517110,862490,66,834,242,1,11,264.750,15.97
1746911,1707576,732084,150,2042,242,1,12,265.000,15.97
1746911,18941,1445757,7,792,232,1,11,254.750,15.97
1747231,1644701,52011,279,833,239,1,11,261.750,18.76
1747231,1430823,497255,90,833,249,1,12,272.000,18.76
1747231,1649270,14663,45,833,239,1,11,261.750,18.76
1747231,1340382,854275,344,834,239,1,11,261.750,18.76
1747231,908815,1428094,13,833,239,1,11,261.750,18.76
1747231,1493152,520675,376,833,239,1,11,261.750,18.76
1747231,1320555,1602501,13,875,249,1,12,272.000,18.76
1747231,401647,772447,45,833,239,1,11,261.750,18.76
1747231,533270,48593,18,833,239,1,11,261.750,18.76
1747231,1091323,1734853,102,834,249,1,11,271.750,18.76
1747231,93897,393145,189,833,249,1,12,272.000,18.76
1747231,171222,39004,89,875,249,1,12,272.000,18.76
1747231,1077888,1151098,222,833,239,1,11,261.750,18.76
1747231,1093391,370558,368,833,239,1,11,261.750,18.76
1747231,438533,811506,108,792,239,1,11,261.750,18.76
1747231,1116083,1018037,10,833,239,1,12,262.000,18.76
1747231,1598316,1271062,131,1959,239,1,12,262.000,18.76
1747231,1319806,136203,362,833,239,1,11,261.750,18.76
1747231,985487,379003,306,791,239,1,11,261.750,18.76
1747231,1701562,1149644,429,834,239,1,11,261.750,18.76
1747987,429572,743513,141,792,247,1,11,269.750,25.04
1747987,1376634,1522638,579,809,247,1,11,269.750,25.04
1747987,956051,1007356,122,833,247,1,11,269.750,25.04
1747987,508666,779841,415,834,247,1,12,270.000,25.04
1747987,1689918,1021142,134,792,237,1,11,259.750,25.04
1747987,100127,1394755,241,792,237,1,11,259.750,25.04
1747987,184584,662869,450,791,237,1,11,259.750,25.04
1747987,641269,1257572,557,833,247,1,11,269.750,25.04
1747987,959772,921408,239,792,237,1,11,259.750,25.04
1747987,59246,1711203,80,833,247,1,11,269.750,25.04
1747987,1677644,1389819,567,875,247,1,12,270.000,25.04
1747987,629569,1737877,475,833,247,1,11,269.750,25.04
1747987,1004983,698116,477,792,237,1,11,259.750,25.04
1747987,653057,620893,1,833,237,1,11,259.750,25.04
1747987,1313445,692181,22,834,247,1,12,270.000,25.04
1747987,29499,1122536,987,833,237,1,11,259.750,25.04
1747987,218280,567905,19,792,237,1,11,259.750,25.04
1747987,1073484,1268441,684,833,247,1,12,270.000,25.04
1747987,190222,1505243,54,833,237,1,11,259.750,25.04
1747987,138272,671563,682,792,237,1,11,259.750,25.04
1748743,1659753,92858,37,833,239,1,11,261.750,20.11
1748743,1601253,271145,24,834,249,1,11,271.750,20.11
1748743,1623093,786856,185,1083,239,1,11,261.750,20.11
1748743,472507,269979,179,833,249,1,11,271.750,20.11
1748743,712902,1716167,355,833,249,1,11,271.750,20.11
1748743,606637,161162,10,833,239,1,11,261.750,20.11
1748743,1240914,1550947,11,834,249,1,12,272.000,20.11
1748743,1121620,1730885,44,833,239,1,11,261.750,20.11
1748743,1205156,105377,88,792,239,1,11,261.750,20.11
1748743,701724,200217,370,834,249,1,12,272.000,20.11
1748743,1619079,355929,181,833,239,1,11,261.750,20.11
1748743,1459959,1550287,46,834,239,1,11,261.750,20.11
1748743,1010596,1433567,20,834,249,1,11,271.750,20.11
1748743,891927,1188784,71,808,249,1,11,271.750,20.11
1748743,355028,1349589,409,2000,239,1,11,261.750,20.11
1748743,1571361,1734254,443,834,239,1,11,261.750,20.11
1748743,1352215,1401517,17,792,239,1,11,261.750,20.11
1748743,362116,652059,793,833,239,1,11,261.750,20.11
1748743,288784,150557,321,792,239,1,11,261.750,20.11
1748743,748995,211518,133,833,239,1,11,261.750,20.11
1749499,490852,978171,788,833,251,1,11,273.750,27.33
1749499,924199,1083299,28,833,251,1,12,274.000,27.33
1749499,1206598,622248,380,833,251,1,11,273.750,27.33
1749499,1359,972797,243,833,251,1,11,273.750,27.33
1749499,1490686,204978,418,833,241,1,11,263.750,27.33
1749499,824635,1364333,87,850,241,1,11,263.750,27.33
1749499,150911,1464296,326,2583,241,1,11,263.750,27.33
1749499,1542689,1546643,113,833,241,1,11,263.750,27.33
1749499,1182283,1315964,312,834,241,1,11,263.750,27.33
1749499,1147643,619288,407,792,241,1,11,263.750,27.33
1749499,293568,350414,562,792,251,1,11,273.750,27.33
1749499,1679346,1183746,310,833,251,1,11,273.750,27.33
1749499,896011,1037368,73,833,251,1,11,273.750,27.33
1749499,256138,1386042,82,1791,251,1,12,274.000,27.33
1749499,1632544,1648460,192,792,241,1,11,263.750,27.33
1749499,498255,1593992,64,833,251,1,11,273.750,27.33
1749499,76328,1042953,157,791,241,1,11,263.750,27.33
1749499,1723878,716409,470,2041,241,1,11,263.750,27.33
1749499,1342645,751756,22,834,241,1,11,263.750,27.33
1749499,1477973,211098,81,833,251,1,11,273.750,27.33
1750267,500834,1532296,43,833,241,1,11,263.750,9.31
1750267,1296245,624685,164,834,241,1,11,263.750,9.31
1750267,1149554,674622,48,875,251,1,11,273.750,9.31
1750267,1367399,1720562,168,833,241,1,11,263.750,9.31
1750267,264620,426800,31,792,241,1,11,263.750,9.31
1750267,1554942,389616,191,834,251,1,12,274.000,9.31
1750267,9621,1585220,10,833,251,1,12,274.000,9.31
1750267,272771,543750,48,1625,241,1,11,263.750,9.31
1750267,1482155,915622,196,834,251,1,11,273.750,9.31
1750267,904549,180194,4,792,241,1,11,263.750,9.31
1750267,576439,1444527,71,792,241,1,11,263.750,9.31
1750267,1627294,674203,10,834,241,1,11,263.750,9.31
1750267,1313692,521249,207,834,251,1,11,273.750,9.31
1750267,848217,1142588,582,834,251,1,11,273.750,9.31
1750267,18156,1231016,176,850,241,1,11,263.750,9.31
1750267,1055315,1135300,48,834,241,1,11,263.750,9.31
1750267,956673,1012161,394,833,241,1,11,263.750,9.31
1750267,445535,772460,37,792,241,1,11,263.750,9.31
1750267,1732850,727015,19,834,241,1,11,263.750,9.31
1750267,875947,974415,173,834,251,1,11,273.750,9.31
1753289,1333784,514653,122,792,218,1,11,240.750,27.23
1753289,1010955,717231,144,792,218,1,11,240.750,27.23
1753289,1277708,804478,621,768,228,1,12,251.000,27.23
1753289,1625610,982482,476,750,218,1,11,240.750,27.23
1753289,1449913,981814,15,1916,248,1,11,270.750,27.23
1753289,1471985,728648,88,834,238,1,13,261.250,27.23
1753289,1525589,547440,504,792,248,1,11,270.750,27.23
1753289,1609366,1280490,46,833,228,1,12,251.000,27.23
1753289,990691,1346856,367,850,248,1,11,270.750,27.23
1753289,489952,645588,278,833,248,1,11,270.750,27.23
1753289,780400,1452677,126,833,248,1,11,270.750,27.23
1753289,573910,754010,133,791,248,1,11,270.750,27.23
1753289,593451,1193497,701,792,228,1,12,251.000,27.23
1753289,980664,486939,66,792,228,1,12,251.000,27.23
1753289,1044602,1208787,138,834,238,1,13,261.250,27.23
1753289,336525,514561,6,1875,248,1,11,270.750,27.23
1753289,241249,176789,295,834,248,1,11,270.750,27.23
1753289,437170,933097,314,875,248,1,14,271.500,27.23
1753289,1551890,300166,775,750,218,1,11,240.750,27.23
1753289,814304,1278929,11,750,218,1,11,240.750,27.23
1755263,194881,1409558,252,833,250,1,11,272.750,23.02
1755263,1730273,56898,63,791,230,1,12,253.000,23.02
1755263,176811,1569166,30,833,240,1,11,262.750,23.02
1755263,1609263,221356,10,833,250,1,11,272.750,23.02
1755263,1745405,911093,266,792,240,1,11,262.750,23.02
1755263,348421,1457652,80,834,240,1,11,262.750,23.02
1755263,21210,1142845,174,1708,240,1,11,262.750,23.02
1755263,445341,482786,577,834,240,1,13,263.250,23.02
1755263,369844,1129356,103,833,240,1,11,262.750,23.02
1755263,834371,914447,706,958,250,1,12,273.000,23.02
1755263,692239,1400156,611,792,240,1,11,262.750,23.02
1755263,167652,180772,778,791,240,1,11,262.750,23.02
1755263,1402409,1206188,16,834,250,1,11,272.750,23.02
1755263,1538665,1374639,129,791,240,1,11,262.750,23.02
1755263,550118,1402656,40,1875,250,1,11,272.750,23.02
1755263,1387267,1364571,7,833,250,1,12,273.000,23.02
1755263,1015629,745549,268,833,240,1,13,263.250,23.02
1755263,1250932,635168,2,834,240,1,11,262.750,23.02
1755263,246895,1104707,136,833,240,1,11,262.750,23.02
1755263,588931,865709,227,833,240,1,11,262.750,23.02
1761989,1022027,1213304,79,1041,249,1,11,271.750,17.92
1761989,5110,1729783,195,833,239,1,12,262.000,17.92
1761989,1167478,1315435,18,791,229,1,11,251.750,17.92
1761989,1642494,302237,136,792,229,1,11,251.750,17.92
1761989,1047810,900481,96,833,249,1,11,271.750,17.92
1761989,1270068,327907,403,791,229,1,11,251.750,17.92
1761989,308392,306357,52,875,249,1,13,272.250,17.92
1761989,29432,1480555,24,833,239,1,12,262.000,17.92
1761989,577481,1378646,276,1750,229,1,11,251.750,17.92
1761989,583582,326048,151,834,249,1,11,271.750,17.92
1761989,1593076,1680039,1291,834,249,1,11,271.750,17.92
1761989,1228470,674509,123,833,249,1,11,271.750,17.92
1761989,850371,59263,263,875,229,1,11,251.750,17.92
1761989,1241156,1472621,13,875,249,1,13,272.250,17.92
1761989,339219,774748,1057,833,249,1,11,271.750,17.92
1761989,872165,416426,114,834,249,1,11,271.750,17.92
1761989,1153949,625237,205,792,229,1,11,251.750,17.92
1761989,1637927,1461212,457,792,229,1,11,251.750,17.92
1761989,1425167,581016,54,833,249,1,11,271.750,17.92
1761989,170291,1186641,104,833,249,1,11,271.750,17.92
1762931,582337,671859,76,792,230,1,11,252.750,33.56
1762931,419567,181776,342,834,240,1,12,263.000,33.56
1762931,1210845,289474,82,833,240,1,12,263.000,33.56
1762931,1108623,910293,345,833,240,1,12,263.000,33.56
1762931,1448340,466833,46,875,250,1,12,273.000,33.56
1762931,731063,133393,278,791,240,1,12,263.000,33.56
1762931,1655213,693876,619,792,240,1,11,262.750,33.56
1762931,990733,113124,108,875,250,1,13,273.250,33.56
1762931,1068866,497483,52,833,240,1,12,263.000,33.56
1762931,155638,241416,368,833,250,1,11,272.750,33.56
1762931,386504,1647776,120,834,250,1,11,272.750,33.56
1762931,1711726,1706838,526,850,250,1,11,272.750,33.56
1762931,1282212,911167,543,833,240,1,11,262.750,33.56
1762931,693425,1166871,668,2625,250,1,13,273.250,33.56
1762931,543228,280265,26,833,250,1,11,272.750,33.56
1762931,245145,1311578,91,833,240,1,12,263.000,33.56
1762931,890060,599605,1047,833,250,1,11,272.750,33.56
1762931,1608946,1167751,368,792,230,1,11,252.750,33.56
1762931,1342293,1021570,487,792,240,1,12,263.000,33.56
1762931,689823,1008207,90,834,240,1,11,262.750,33.56
1763701,483077,897458,247,791,231,1,11,253.750,45.44
1763701,628351,1021885,464,833,251,1,11,273.750,45.44
1763701,127460,882625,268,792,251,1,11,273.750,45.44
1763701,13142,1436340,720,875,251,1,13,274.250,45.44
1763701,1212403,436674,299,2208,251,1,12,274.000,45.44
1763701,1372053,212740,149,1791,251,1,13,274.250,45.44
1763701,943257,984356,4,12041,251,1,11,273.750,45.44
1763701,1276871,67414,212,792,231,1,11,253.750,45.44
1763701,1199818,1617743,486,833,251,1,13,274.250,45.44
1763701,1185571,829080,1603,834,241,1,11,263.750,45.44
1763701,1094313,172429,34,792,231,1,11,253.750,45.44
1763701,1258090,372184,871,834,251,1,11,273.750,45.44
1763701,141854,1010865,208,792,251,1,11,273.750,45.44
1763701,179827,927415,442,833,241,1,12,264.000,45.44
1763701,1142212,1356187,395,833,241,1,12,264.000,45.44
1763701,1679579,118739,591,834,231,1,11,253.750,45.44
1763701,1089438,762063,426,792,231,1,11,253.750,45.44
1763701,278225,441566,625,791,231,1,11,253.750,45.44
1763701,1571727,1600656,44,875,251,1,13,274.250,45.44
1763701,1476839,332874,472,792,241,1,12,264.000,45.44
1768229,818567,452280,666,875,241,1,15,264.750,22.67
1768229,640982,109039,128,792,201,1,11,223.750,22.67
1768229,1026172,368938,194,1000,251,1,16,275.000,22.67
1768229,977294,1630222,80,875,251,1,16,275.000,22.67
1768229,3508,811432,1041,875,231,1,14,254.500,22.67
1768229,531381,1142742,175,833,231,1,14,254.500,22.67
1768229,755086,1331192,369,2375,211,1,12,234.000,22.67
1768229,1389354,68050,212,1791,231,1,14,254.500,22.67
1768229,1186896,854660,238,834,251,1,11,273.750,22.67
1768229,785791,573800,702,875,251,1,16,275.000,22.67
1768229,1548066,1170380,62,875,231,1,14,254.500,22.67
1768229,201245,417524,266,810,251,1,11,273.750,22.67
1768229,1744852,336493,784,1875,211,1,12,234.000,22.67
1768229,810286,851630,46,917,251,1,16,275.000,22.67
1768229,919722,529194,676,1917,251,1,16,275.000,22.67
1768229,768282,630175,49,833,231,1,14,254.500,22.67
1768229,422648,328352,488,792,221,1,13,244.250,22.67
1768229,963137,4094,386,792,221,1,13,244.250,22.67
1768229,258448,1753777,93,792,211,1,12,234.000,22.67
1768229,1154659,505325,127,875,251,1,16,275.000,22.67
1768951,1473703,500051,287,833,254,1,11,276.750,26.83
1768951,1427553,297303,231,833,244,1,15,267.750,26.83
1768951,1157094,1069139,215,792,224,1,13,247.250,26.83
1768951,107644,1761325,54,833,254,1,11,276.750,26.83
1768951,1644625,1346372,188,875,224,1,13,247.250,26.83
1768951,463562,1068595,22,875,254,1,11,276.750,26.83
1768951,1098830,129099,187,875,244,1,15,267.750,26.83
1768951,27283,818842,1351,917,254,1,16,278.000,26.83
1768951,67815,1070165,91,833,234,1,14,257.500,26.83
1768951,147426,1455556,200,2417,254,1,11,276.750,26.83
1768951,20257,973611,434,1708,234,1,14,257.500,26.83
1768951,1606132,91359,102,875,244,1,15,267.750,26.83
1768951,1522793,1618833,683,875,244,1,15,267.750,26.83
1768951,814873,1713063,41,833,234,1,14,257.500,26.83
1768951,608183,498118,108,893,244,1,15,267.750,26.83
1768951,774814,1361558,15,2292,234,1,14,257.500,26.83
1768951,1140981,1084803,304,833,234,1,14,257.500,26.83
1768951,1094542,1089543,364,833,254,1,11,276.750,26.83
1768951,1304145,1210534,188,875,254,1,11,276.750,26.83
1768951,1671521,1142209,175,875,244,1,15,267.750,26.83
1776193,1411257,863298,539,875,251,1,13,274.250,50.19
1776193,1653531,799390,208,833,231,1,11,253.750,50.19
1776193,1305786,389773,140,792,251,1,11,273.750,50.19
1776193,295579,1046842,150,833,241,1,11,263.750,50.19
1776193,501953,905228,185,833,241,1,12,264.000,50.19
1776193,1720853,1616878,440,834,251,1,11,273.750,50.19
1776193,1435211,114100,52,833,231,1,11,253.750,50.19
1776193,1531501,119242,255,2334,231,1,11,253.750,50.19
1776193,469219,225345,347,875,231,1,11,253.750,50.19
1776193,794861,268101,1242,834,251,1,11,273.750,50.19
1776193,1466881,1211247,1275,875,251,1,13,274.250,50.19
1776193,28944,150194,314,792,231,1,11,253.750,50.19
1776193,1266292,1035219,1425,851,251,1,11,273.750,50.19
1776193,721707,1279783,1180,834,251,1,11,273.750,50.19
1776193,1477073,945861,167,791,241,1,11,263.750,50.19
1776193,1425150,1082700,28,1791,231,1,11,253.750,50.19
1776193,1754234,976178,150,834,251,1,11,273.750,50.19
1776193,1311319,1421712,761,834,251,1,11,273.750,50.19
1776193,987577,1053509,112,833,251,1,13,274.250,50.19
1776193,272962,877156,632,792,231,1,11,253.750,50.19
1776673,812863,66083,207,833,240,1,12,263.000,23.51
1776673,1516259,1261608,86,875,250,1,13,273.250,23.51
1776673,1758560,1768816,543,833,250,1,11,272.750,23.51
1776673,258995,1541479,123,834,240,1,12,263.000,23.51
1776673,640858,1508748,894,1875,250,1,13,273.250,23.51
1776673,1196451,1034702,499,1584,230,1,11,252.750,23.51
1776673,1664685,350513,84,792,230,1,11,252.750,23.51
1776673,680773,1138328,50,875,250,1,13,273.250,23.51
1776673,190502,1017220,341,791,230,1,11,252.750,23.51
1776673,642864,1584068,90,833,230,1,11,252.750,23.51
1776673,634059,1627023,10,834,250,1,13,273.250,23.51
1776673,1415194,1712024,1035,810,230,1,11,252.750,23.51
1776673,723549,729246,278,833,250,1,11,272.750,23.51
1776673,1500826,1283330,213,792,230,1,11,252.750,23.51
1776673,1752950,62562,211,834,240,1,12,263.000,23.51
1776673,41211,789684,350,834,250,1,11,272.750,23.51
1776673,1191353,1740767,797,833,250,1,11,272.750,23.51
1776673,1767256,1361065,445,833,250,1,11,272.750,23.51
1776673,804011,1274694,312,834,240,1,12,263.000,23.51
1776673,1648064,550036,155,1042,250,1,13,273.250,23.51
1777289,697100,910612,1100,833,250,1,13,273.250,32.69
1777289,989978,464199,998,875,250,1,13,273.250,32.69
1777289,275617,1583122,152,1875,240,1,12,263.000,32.69
1777289,878492,176771,373,833,240,1,12,263.000,32.69
1777289,1391945,325891,514,893,250,1,13,273.250,32.69
1777289,1197845,1234683,646,833,240,1,12,263.000,32.69
1777289,514709,879654,356,834,250,1,11,272.750,32.69
1777289,1004375,1608656,15,791,230,1,11,252.750,32.69
1777289,1726819,569855,136,1833,240,1,12,263.000,32.69
1777289,522538,22729,13,833,240,1,12,263.000,32.69
1777289,1577423,340218,107,833,250,1,11,272.750,32.69
1777289,1457112,981741,175,875,250,1,13,273.250,32.69
1777289,794649,271452,93,834,250,1,11,272.750,32.69
1777289,413804,598231,375,792,230,1,11,252.750,32.69
1777289,739949,1038973,322,1958,250,1,11,272.750,32.69
1777289,132877,110588,85,1625,250,1,11,272.750,32.69
1777289,212235,419682,143,1584,230,1,11,252.750,32.69
1777289,187578,1657255,122,833,250,1,11,272.750,32.69
1777289,1401730,1241369,384,834,250,1,11,272.750,32.69
1777289,453946,591246,81,834,250,1,11,272.750,32.69
1778003,60444,743417,305,834,247,1,13,270.250,54.43
1778003,456287,852541,66,893,247,1,13,270.250,54.43
1778003,1607199,1052481,228,833,247,1,11,269.750,54.43
1778003,45196,1486824,852,834,237,1,12,260.000,54.43
1778003,256513,1280150,31,834,247,1,11,269.750,54.43
1778003,1179179,1192527,443,833,247,1,11,269.750,54.43
1778003,1696362,1745299,91,834,247,1,11,269.750,54.43
1778003,591036,652242,459,834,247,1,11,269.750,54.43
1778003,563626,375895,286,834,247,1,11,269.750,54.43
1778003,297626,290989,5,875,247,1,13,270.250,54.43
1778003,697908,690400,686,833,237,1,12,260.000,54.43
1778003,691772,689754,433,834,247,1,11,269.750,54.43
1778003,1080179,892112,1163,834,247,1,13,270.250,54.43
1778003,380412,34081,748,834,247,1,11,269.750,54.43
1778003,491058,415886,446,833,247,1,11,269.750,54.43
1778003,153737,1188235,392,833,247,1,13,270.250,54.43
1778003,17027,164445,1188,834,247,1,11,269.750,54.43
1778003,89997,455282,2075,875,237,1,12,260.000,54.43
1778003,1659755,831991,108,834,247,1,11,269.750,54.43
1778003,1442156,1095772,136,792,237,1,12,260.000,54.43
1779017,140651,1549996,786,791,229,1,11,251.750,27.36
1779017,735098,1523208,15,833,249,1,11,271.750,27.36
1779017,1311742,791689,104,833,249,1,11,271.750,27.36
1779017,719521,118269,171,834,239,1,12,262.000,27.36
1779017,1710071,1353408,683,875,249,1,13,272.250,27.36
1779017,1529413,820316,549,834,239,1,12,262.000,27.36
1779017,1548753,158441,126,834,239,1,12,262.000,27.36
1779017,456821,299106,58,791,229,1,11,251.750,27.36
1779017,1153019,669761,245,792,229,1,11,251.750,27.36
1779017,409895,592709,752,875,249,1,13,272.250,27.36
1779017,1305645,187691,402,833,249,1,11,271.750,27.36
1779017,322311,1134309,1095,791,229,1,11,251.750,27.36
1779017,524248,720025,269,791,229,1,11,251.750,27.36
1779017,466041,688473,26,834,249,1,11,271.750,27.36
1779017,1429803,1106419,624,792,229,1,11,251.750,27.36
1779017,1758271,1235986,474,833,239,1,12,262.000,27.36
1779017,217739,1414610,309,834,239,1,12,262.000,27.36
1779017,1541116,1349803,886,792,239,1,12,262.000,27.36
1779017,1029748,481689,93,833,239,1,12,262.000,27.36
1779017,173833,460303,35,792,229,1,11,251.750,27.36
1779161,653939,447640,48,792,231,1,11,253.750,37.33
1779161,1591835,196137,327,892,251,1,13,274.250,37.33
1779161,808763,87453,53,792,241,1,12,264.000,37.33
1779161,685777,1690211,461,2708,231,1,11,253.750,37.33
1779161,29987,1598675,213,875,251,1,11,273.750,37.33
1779161,994543,180411,1719,875,251,1,12,274.000,37.33
1779161,512973,624222,277,833,241,1,12,264.000,37.33
1779161,764305,677330,319,833,251,1,11,273.750,37.33
1779161,716382,1539346,287,792,241,1,12,264.000,37.33
1779161,1209297,857182,187,833,231,1,11,253.750,37.33
1779161,1387327,223435,916,834,251,1,13,274.250,37.33
1779161,597726,1365096,812,834,251,1,13,274.250,37.33
1779161,864848,1484424,159,833,241,1,12,264.000,37.33
1779161,1097721,1603934,65,833,251,1,12,274.000,37.33
1779161,1085360,495507,373,791,231,1,11,253.750,37.33
1779161,1646145,382732,65,833,241,1,12,264.000,37.33
1779161,1137066,71959,583,834,251,1,11,273.750,37.33
1779161,646617,893790,45,834,251,1,12,274.000,37.33
1779161,39095,1014421,78,833,251,1,11,273.750,37.33
1779161,1141642,1464751,65,2125,251,1,13,274.250,37.33
1780067,1646380,292420,109,851,238,1,11,260.750,20.00
1780067,408446,494123,77,792,238,1,11,260.750,20.00
1780067,943587,649275,97,834,238,1,12,261.000,20.00
1780067,1032122,1495478,247,833,238,1,11,260.750,20.00
1780067,164794,1380036,469,834,238,1,11,260.750,20.00
1780067,116795,839608,188,792,238,1,11,260.750,20.00
1780067,972920,845184,6,833,238,1,11,260.750,20.00
1780067,1460864,1629674,7,791,238,1,11,260.750,20.00
1780067,856557,21343,438,833,248,1,12,271.000,20.00
1780067,952372,197701,117,792,238,1,11,260.750,20.00
1780067,378365,164069,137,1916,248,1,12,271.000,20.00
1780067,356198,1603934,93,834,248,1,11,270.750,20.00
1780067,544987,133476,70,833,238,1,11,260.750,20.00
1780067,778463,553330,27,792,238,1,11,260.750,20.00
1780067,561227,561702,281,833,238,1,12,261.000,20.00
1780067,915078,1536328,517,833,238,1,11,260.750,20.00
1780067,1482276,933755,132,791,238,1,11,260.750,20.00
1780067,974896,1599487,124,791,238,1,11,260.750,20.00
1780067,950743,1527037,454,833,248,1,11,270.750,20.00
1780067,157329,1085917,240,2000,238,1,11,260.750,20.00
1780817,839026,599222,622,875,250,1,12,273.000,19.19
1780817,1175766,643529,558,833,240,1,11,262.750,19.19
1780817,267567,1102875,137,833,250,1,11,272.750,19.19
1780817,489576,815224,46,833,250,1,12,273.000,19.19
1780817,225617,763689,493,833,240,1,11,262.750,19.19
1780817,979561,990205,171,834,250,1,11,272.750,19.19
1780817,1033702,1377809,991,791,240,1,11,262.750,19.19
1780817,1328463,459480,127,833,240,1,11,262.750,19.19
1780817,74257,846768,56,852,240,1,11,262.750,19.19
1780817,1047137,618589,424,833,250,1,11,272.750,19.19
1780817,1661046,473582,122,791,240,1,11,262.750,19.19
1780817,82916,1088974,200,833,250,1,11,272.750,19.19
1780817,385231,623039,277,791,240,1,11,262.750,19.19
1780817,680908,1646771,651,875,250,1,12,273.000,19.19
1780817,524534,12960,51,834,250,1,11,272.750,19.19
1780817,788294,1646049,154,833,250,1,12,273.000,19.19
1780817,1552686,588701,76,791,240,1,11,262.750,19.19
1780817,1395740,294339,94,791,240,1,11,262.750,19.19
1780817,925351,1236873,10,1917,250,1,12,273.000,19.19
1780817,118408,902986,133,833,250,1,11,272.750,19.19
1783069,1495066,731382,539,834,250,1,11,272.750,29.20
1783069,256088,670278,384,792,240,1,11,262.750,29.20
1783069,1455132,203105,474,1917,250,1,11,272.750,29.20
1783069,227377,445942,80,833,240,1,11,262.750,29.20
1783069,347697,1725386,364,875,250,1,12,273.000,29.20
1783069,901374,600136,809,833,250,1,12,273.000,29.20
1783069,1769772,418039,363,833,240,1,11,262.750,29.20
1783069,819355,1227948,243,1917,240,1,11,262.750,29.20
1783069,763050,1740731,291,833,240,1,11,262.750,29.20
1783069,702943,1288928,468,1750,250,1,11,272.750,29.20
1783069,939414,961479,378,833,250,1,12,273.000,29.20
1783069,1485819,877444,658,834,250,1,11,272.750,29.20
1783069,1283117,1157158,431,834,250,1,12,273.000,29.20
1783069,404957,82760,33,833,250,1,11,272.750,29.20
1783069,1751243,653703,86,1708,240,1,11,262.750,29.20
1783069,100583,550528,605,792,240,1,11,262.750,29.20
1783069,1128755,810418,619,834,250,1,11,272.750,29.20
1783069,1306496,5411,370,792,240,1,11,262.750,29.20
1783069,479091,1052434,790,792,240,1,11,262.750,29.20
1783069,1505338,1063014,209,792,240,1,11,262.750,29.20
1785869,1485460,1394832,631,875,256,1,12,279.000,35.21
1785869,1770879,913052,516,750,216,1,11,238.750,35.21
1785869,78602,231621,277,833,226,1,12,249.000,35.21
1785869,1649526,1662593,226,875,246,1,14,269.500,35.21
1785869,415962,1036280,8,1875,236,1,13,259.250,35.21
1785869,696559,1715036,1124,833,246,1,11,268.750,35.21
1785869,670187,860642,571,833,246,1,11,268.750,35.21
1785869,1465482,1297992,607,792,226,1,12,249.000,35.21
1785869,1508390,587696,248,791,226,1,12,249.000,35.21
1785869,466872,776938,515,833,246,1,11,268.750,35.21
1785869,1209631,1492745,57,791,226,1,12,249.000,35.21
1785869,205290,449743,381,792,226,1,12,249.000,35.21
1785869,401139,644287,41,875,246,1,14,269.500,35.21
1785869,878145,1316058,344,852,246,1,14,269.500,35.21
1785869,1749690,166629,56,792,226,1,12,249.000,35.21
1785869,1269291,732943,363,792,216,1,11,238.750,35.21
1785869,174557,555707,604,792,216,1,11,238.750,35.21
1785869,455557,1401337,57,833,236,1,13,259.250,35.21
1785869,1636636,1363416,63,833,246,1,11,268.750,35.21
1785869,954859,558106,63,1917,236,1,13,259.250,35.21
1786333,1038563,677717,309,834,250,1,11,272.750,35.69
1786333,645870,392125,84,834,250,1,11,272.750,35.69
1786333,1186690,56802,359,792,220,1,11,242.750,35.69
1786333,1350232,1024325,357,833,250,1,11,272.750,35.69
1786333,1004990,827920,6,833,230,1,12,253.000,35.69
1786333,223417,805420,102,834,250,1,14,273.500,35.69
1786333,226964,524427,37,791,220,1,11,242.750,35.69
1786333,1416922,1763942,356,792,250,1,11,272.750,35.69
1786333,782429,36674,274,875,250,1,14,273.500,35.69
1786333,220740,1172412,981,833,250,1,11,272.750,35.69
1786333,1116953,1060412,362,833,250,1,11,272.750,35.69
1786333,140663,1159714,218,875,250,1,14,273.500,35.69
1786333,1000848,1094283,548,791,220,1,11,242.750,35.69
1786333,1566392,205002,150,834,230,1,12,253.000,35.69
1786333,446484,1275588,203,834,250,1,11,272.750,35.69
1786333,1094737,469010,634,2000,230,1,12,253.000,35.69
1786333,1330077,702977,525,833,250,1,11,272.750,35.69
1786333,1206434,31979,562,792,230,1,12,253.000,35.69
1786333,185900,197555,262,792,230,1,12,253.000,35.69
1786333,65834,443205,513,834,240,1,13,263.250,35.69
1790539,1151870,325463,331,792,238,1,11,260.750,37.51
1790539,821000,190007,168,833,238,1,11,260.750,37.51
1790539,246322,510434,142,834,248,1,12,271.000,37.51
1790539,1643520,54915,416,833,248,1,11,270.750,37.51
1790539,846787,1448294,192,2250,248,1,11,270.750,37.51
1790539,1081181,462255,23,833,238,1,11,260.750,37.51
1790539,1747926,1710698,872,833,238,1,11,260.750,37.51
1790539,18533,1185316,561,1125,248,1,11,270.750,37.51
1790539,1505859,1744113,102,792,248,1,11,270.750,37.51
1790539,1784185,239256,43,834,238,1,11,260.750,37.51
1790539,569445,1181670,18,834,248,1,11,270.750,37.51
1790539,149716,406624,311,833,248,1,11,270.750,37.51
1790539,921079,500347,199,833,248,1,12,271.000,37.51
1790539,413120,1326831,239,792,238,1,11,260.750,37.51
1790539,1586597,287909,542,833,248,1,12,271.000,37.51
1790539,386104,521580,739,792,238,1,11,260.750,37.51
1790539,1317675,323673,45,834,248,1,12,271.000,37.51
1790539,433221,219981,685,834,248,1,11,270.750,37.51
1790539,109301,555424,211,833,248,1,11,270.750,37.51
1790539,154625,1264115,1065,833,248,1,11,270.750,37.51
1791277,663646,531757,790,833,250,1,11,272.750,23.00
1791277,1096596,662143,483,833,250,1,11,272.750,23.00
1791277,745699,1187072,82,833,250,1,11,272.750,23.00
1791277,541170,497608,241,834,250,1,11,272.750,23.00
1791277,40730,616457,118,2083,250,1,11,272.750,23.00
1791277,1673525,1751667,200,834,250,1,11,272.750,23.00
1791277,149205,1072624,1211,2250,250,1,11,272.750,23.00
1791277,1739086,281378,9,833,250,1,11,272.750,23.00
1791277,1580760,174053,219,833,250,1,11,272.750,23.00
1791277,1174812,1146533,472,834,250,1,11,272.750,23.00
1791277,547526,1730307,12,833,250,1,11,272.750,23.00
1791277,1155832,354955,613,2042,250,1,11,272.750,23.00
1791277,1753624,1391104,306,1667,240,1,11,262.750,23.00
1791277,924070,896258,222,1708,250,1,11,272.750,23.00
1791277,888557,144953,546,833,240,1,11,262.750,23.00
1791277,1573533,589630,434,1750,250,1,11,272.750,23.00
1791277,1671689,1354180,117,833,250,1,12,273.000,23.00
1791277,1211543,200463,151,833,250,1,11,272.750,23.00
1791277,74032,1754180,28,833,250,1,11,272.750,23.00
1791277,1018077,450318,109,833,250,1,11,272.750,23.00
1792477,914975,783667,900,875,242,1,12,265.000,36.09
1792477,970805,114772,113,833,242,1,12,265.000,36.09
1792477,106740,279101,195,875,252,1,13,275.250,36.09
1792477,555226,1483679,215,2209,252,1,12,275.000,36.09
1792477,418525,450701,699,833,252,1,11,274.750,36.09
1792477,80494,1408272,392,833,252,1,11,274.750,36.09
1792477,262416,413280,46,833,242,1,12,265.000,36.09
1792477,1028494,101461,270,834,252,1,11,274.750,36.09
1792477,285138,655743,232,833,252,1,11,274.750,36.09
1792477,625345,255624,483,792,232,1,11,254.750,36.09
1792477,1521670,1684363,424,2209,232,1,11,254.750,36.09
1792477,987310,103210,534,833,252,1,13,275.250,36.09
1792477,653402,516850,46,833,252,1,11,274.750,36.09
1792477,606648,953837,420,792,252,1,11,274.750,36.09
1792477,1775107,693215,300,875,252,1,13,275.250,36.09
1792477,974985,736382,8,833,252,1,13,275.250,36.09
1792477,445320,1393825,629,834,252,1,11,274.750,36.09
1792477,944778,5264,274,875,252,1,11,274.750,36.09
1792477,89307,741510,408,792,232,1,11,254.750,36.09
1792477,96614,895127,235,791,232,1,11,254.750,36.09
1795141,818967,1606624,282,1917,228,1,11,250.750,27.93
1795141,1224629,1272520,221,1667,238,1,12,261.000,27.93
1795141,1400013,1197931,21,833,248,1,11,270.750,27.93
1795141,1694550,247395,460,791,228,1,11,250.750,27.93
1795141,1339972,1386178,626,833,248,1,11,270.750,27.93
1795141,337318,36408,415,833,248,1,13,271.250,27.93
1795141,1275843,182590,655,833,228,1,11,250.750,27.93
1795141,1545881,1216982,83,17583,228,1,11,250.750,27.93
1795141,1415105,476357,385,834,238,1,12,261.000,27.93
1795141,605881,49801,390,833,248,1,11,270.750,27.93
1795141,422694,1483275,30,791,228,1,11,250.750,27.93
1795141,162583,835633,61,792,228,1,11,250.750,27.93
1795141,1270560,130629,2044,875,248,1,11,270.750,27.93
1795141,76530,543168,33,792,238,1,12,261.000,27.93
1795141,770035,531028,590,791,228,1,11,250.750,27.93
1795141,653252,1023599,387,792,228,1,11,250.750,27.93
1795141,1718117,1424613,605,792,228,1,11,250.750,27.93
1795141,261998,1793819,129,833,248,1,11,270.750,27.93
1795141,1341139,946449,194,791,238,1,12,261.000,27.93
1795141,709217,1678015,309,792,228,1,11,250.750,27.93
1798963,287299,1510862,530,2417,250,1,11,272.750,18.80
1798963,297694,1250833,27,834,240,1,11,262.750,18.80
1798963,388129,283877,316,792,240,1,11,262.750,18.80
1798963,939214,843959,787,791,240,1,11,262.750,18.80
1798963,1230610,8180,132,792,240,1,11,262.750,18.80
1798963,1379211,199129,81,833,240,1,11,262.750,18.80
1798963,1360253,955757,456,833,250,1,12,273.000,18.80
1798963,61421,1736750,108,792,240,1,11,262.750,18.80
1798963,404633,1257477,25,2084,250,1,11,272.750,18.80
1798963,1654069,1710764,194,833,250,1,12,273.000,18.80
1798963,516879,1341963,321,834,240,1,11,262.750,18.80
1798963,812720,273102,236,792,240,1,11,262.750,18.80
1798963,1412194,317450,275,833,250,1,11,272.750,18.80
1798963,1033424,372348,184,1917,240,1,11,262.750,18.80
1798963,236313,1473873,415,1667,250,1,12,273.000,18.80
1798963,406991,301150,277,1584,240,1,11,262.750,18.80
1798963,447260,360445,306,792,240,1,11,262.750,18.80
1798963,1243512,1329349,23,1625,240,1,11,262.750,18.80
1798963,753153,165623,215,833,250,1,11,272.750,18.80
1798963,1638265,1558336,349,792,240,1,11,262.750,18.80
1799731,101480,1482983,44,834,230,1,13,253.250,22.80
1799731,1743252,25439,357,2083,240,1,11,262.750,22.80
1799731,1020660,1551864,93,792,240,1,11,262.750,22.80
1799731,467342,1039205,185,791,240,1,11,262.750,22.80
1799731,908362,1031440,649,791,240,1,11,262.750,22.80
1799731,852721,995151,5,834,240,1,11,262.750,22.80
1799731,851297,207030,256,833,250,1,11,272.750,22.80
1799731,715533,1541177,79,833,240,1,11,262.750,22.80
1799731,1735965,91735,30,1750,240,1,11,262.750,22.80
1799731,121009,435351,150,792,240,1,11,262.750,22.80
1799731,1681365,258604,72,833,250,1,11,272.750,22.80
1799731,700716,336373,142,875,250,1,11,272.750,22.80
1799731,256960,1667847,167,834,250,1,12,273.000,22.80
1799731,883865,1457931,451,833,240,1,11,262.750,22.80
1799731,1523294,429645,254,1833,250,1,12,273.000,22.80
1799731,498665,728662,159,833,250,1,12,273.000,22.80
1799731,879783,1785584,118,833,250,1,11,272.750,22.80
1799731,484427,896947,396,833,250,1,12,273.000,22.80
1799731,658550,1709708,61,792,240,1,11,262.750,22.80
1799731,762080,848179,810,833,250,1,11,272.750,22.80
1802189,969693,951136,57,791,224,1,12,247.000,39.61
1802189,923626,250040,233,834,254,1,11,276.750,39.61
1802189,538407,1041473,396,834,254,1,11,276.750,39.61
1802189,702301,1205237,7,875,254,1,15,277.750,39.61
1802189,1236367,1140938,1342,833,254,1,11,276.750,39.61
1802189,451787,363871,240,833,254,1,11,276.750,39.61
1802189,385949,757750,1015,875,254,1,15,277.750,39.61
1802189,703062,699259,825,792,214,1,11,236.750,39.61
1802189,967636,1132263,15,958,254,1,15,277.750,39.61
1802189,49692,719440,1016,834,244,1,14,267.500,39.61
1802189,141129,607285,380,833,244,1,14,267.500,39.61
1802189,711910,528488,129,833,234,1,13,257.250,39.61
1802189,638363,807211,103,791,224,1,12,247.000,39.61
1802189,1461210,40529,206,833,254,1,11,276.750,39.61
1802189,1749730,1316120,94,875,254,1,11,276.750,39.61
1802189,880762,100331,100,875,254,1,15,277.750,39.61
1802189,1711022,53310,5,833,254,1,11,276.750,39.61
1802189,843270,56345,73,833,254,1,11,276.750,39.61
1802189,590390,1704056,394,833,254,1,11,276.750,39.61
1802189,100670,1234099,952,791,224,1,12,247.000,39.61
1802393,344647,17990,1188,792,218,1,12,241.000,35.72
1802393,335156,584438,267,792,218,1,12,241.000,35.72
1802393,742684,1192771,47,875,248,1,15,271.750,35.72
1802393,361806,1413219,4,792,208,1,11,230.750,35.72
1802393,1076775,593938,161,833,238,1,14,261.500,35.72
1802393,68821,589093,651,834,248,1,11,270.750,35.72
1802393,89947,1590605,269,833,238,1,14,261.500,35.72
1802393,410332,1149638,121,833,248,1,11,270.750,35.72
1802393,305807,1101955,7,1667,228,1,13,251.250,35.72
1802393,1721066,665168,287,791,228,1,13,251.250,35.72
1802393,1121747,1663913,160,834,248,1,11,270.750,35.72
1802393,1220546,1245271,67,833,228,1,13,251.250,35.72
1802393,1778471,1693692,85,833,248,1,11,270.750,35.72
1802393,866463,120637,616,791,208,1,11,230.750,35.72
1802393,1271778,1650553,149,833,228,1,13,251.250,35.72
1802393,358396,451569,265,2084,248,1,11,270.750,35.72
1802393,831971,1685030,1047,834,248,1,11,270.750,35.72
1802393,1403431,1000391,500,833,228,1,13,251.250,35.72
1802393,427331,536409,151,875,238,1,14,261.500,35.72
1802393,617134,1151103,585,917,248,1,15,271.750,35.72
1806263,543666,150939,111,875,252,1,12,275.000,11.78
1806263,1468394,1380140,100,792,242,1,11,264.750,11.78
1806263,1384913,1459567,7,833,242,1,11,264.750,11.78
1806263,1342689,446046,165,834,252,1,11,274.750,11.78
1806263,1066336,313613,15,833,242,1,11,264.750,11.78
1806263,1032355,1772000,12,834,252,1,12,275.000,11.78
1806263,627674,1558036,395,833,242,1,11,264.750,11.78
1806263,1465030,1570981,175,833,242,1,11,264.750,11.78
1806263,1053799,1023903,112,875,242,1,11,264.750,11.78
1806263,404172,1274255,96,851,252,1,12,275.000,11.78
1806263,1709394,465012,235,834,242,1,11,264.750,11.78
1806263,1125011,112470,87,833,242,1,11,264.750,11.78
1806263,364413,673979,86,2041,252,1,12,275.000,11.78
1806263,1154268,407663,226,834,242,1,11,264.750,11.78
1806263,1021391,1393273,1,1000,252,1,12,275.000,11.78
1806263,134471,745074,108,2084,242,1,11,264.750,11.78
1806263,1802476,437033,9,833,242,1,11,264.750,11.78
1806263,722952,1714171,32,809,242,1,11,264.750,11.78
1806263,1391173,97801,108,1625,242,1,11,264.750,11.78
1806263,481231,247146,45,1708,242,1,11,264.750,11.78
1808243,414306,1449966,181,875,251,1,11,273.750,19.55
1808243,331765,230558,300,1708,251,1,12,274.000,19.55
1808243,904595,646212,294,834,241,1,12,264.000,19.55
1808243,610530,1370533,21,833,241,1,11,263.750,19.55
1808243,1547330,417094,100,833,251,1,11,273.750,19.55
1808243,1263162,181193,381,792,231,1,11,253.750,19.55
1808243,1133354,701816,53,833,241,1,11,263.750,19.55
1808243,344619,1267111,98,834,251,1,12,274.000,19.55
1808243,802871,4087,39,1834,241,1,11,263.750,19.55
1808243,1434323,918527,77,834,251,1,11,273.750,19.55
1808243,1249824,1472235,44,833,241,1,11,263.750,19.55
1808243,114792,1301424,241,833,251,1,12,274.000,19.55
1808243,1662375,578247,26,834,251,1,12,274.000,19.55
1808243,1240869,1079125,440,833,231,1,11,253.750,19.55
1808243,1080710,1635705,80,833,231,1,11,253.750,19.55
1808243,1372622,1471311,172,792,251,1,11,273.750,19.55
1808243,155329,979719,503,833,241,1,12,264.000,19.55
1808243,216647,885665,156,792,241,1,11,263.750,19.55
1808243,996786,363389,482,792,231,1,11,253.750,19.55
1808243,890764,1086866,5,833,241,1,11,263.750,19.55
1809167,1797336,526321,120,833,250,1,11,272.750,26.98
1809167,1312600,1195709,621,875,250,1,13,273.250,26.98
1809167,1743067,608159,292,791,250,1,11,272.750,26.98
1809167,1242722,368306,1434,833,250,1,11,272.750,26.98
1809167,1638763,905225,211,834,240,1,12,263.000,26.98
1809167,575096,1025874,176,833,250,1,11,272.750,26.98
1809167,883490,1254631,720,833,240,1,12,263.000,26.98
1809167,1092806,238345,77,833,240,1,12,263.000,26.98
1809167,246295,1195215,471,833,240,1,12,263.000,26.98
1809167,988008,556330,27,833,250,1,13,273.250,26.98
1809167,1572859,805864,144,834,240,1,12,263.000,26.98
1809167,1077738,241882,208,833,250,1,11,272.750,26.98
1809167,624941,321628,565,834,250,1,11,272.750,26.98
1809167,922534,1678738,365,1917,240,1,12,263.000,26.98
1809167,186764,1012777,2,1667,250,1,11,272.750,26.98
1809167,1513198,1755627,1136,2084,240,1,12,263.000,26.98
1809167,967951,428947,578,833,230,1,11,252.750,26.98
1809167,209178,1265836,297,1833,240,1,12,263.000,26.98
1809167,885350,1700247,52,834,240,1,12,263.000,26.98
1809167,1749524,1442078,113,833,240,1,12,263.000,26.98
1810607,1199420,936871,77,791,229,1,11,251.750,23.68
1810607,266935,220869,50,833,239,1,12,262.000,23.68
1810607,656626,1504052,210,833,249,1,11,271.750,23.68
1810607,1784255,327389,151,833,239,1,12,262.000,23.68
1810607,832253,1078641,478,833,249,1,13,272.250,23.68
1810607,57100,1315786,58,834,239,1,12,262.000,23.68
1810607,1388748,1626029,259,833,249,1,11,271.750,23.68
1810607,426802,707912,67,833,249,1,13,272.250,23.68
1810607,1255725,1596441,1217,834,239,1,12,262.000,23.68
1810607,570451,819295,31,833,239,1,12,262.000,23.68
1810607,1386802,1139942,6,834,249,1,11,271.750,23.68
1810607,260749,271843,21,791,229,1,11,251.750,23.68
1810607,817525,387737,32,833,239,1,12,262.000,23.68
1810607,380442,833434,273,833,239,1,12,262.000,23.68
1810607,1374488,825446,129,833,239,1,12,262.000,23.68
1810607,1556644,1705043,372,791,229,1,11,251.750,23.68
1810607,1455335,1527744,416,791,229,1,11,251.750,23.68
1810607,969883,1747325,32,792,239,1,12,262.000,23.68
1810607,283157,828667,167,875,249,1,13,272.250,23.68
1810607,83394,568030,265,875,239,1,12,262.000,23.68
1811413,728185,247036,77,792,241,1,12,264.000,28.22
1811413,437867,1544589,444,834,241,1,12,264.000,28.22
1811413,1423654,808510,152,834,231,1,11,253.750,28.22
1811413,1425118,444072,10,791,231,1,11,253.750,28.22
1811413,556309,783783,87,791,231,1,11,253.750,28.22
1811413,373011,487428,46,834,251,1,11,273.750,28.22
1811413,1482978,1750000,332,810,251,1,13,274.250,28.22
1811413,1405443,1468264,41,833,251,1,11,273.750,28.22
1811413,450823,1079904,14,851,251,1,11,273.750,28.22
1811413,1625738,117961,217,833,251,1,11,273.750,28.22
1811413,373011,484853,338,833,251,1,11,273.750,28.22
1811413,733568,94318,657,875,241,1,12,264.000,28.22
1811413,433005,176179,396,1833,251,1,13,274.250,28.22
1811413,1297,1201669,131,833,231,1,11,253.750,28.22
1811413,87358,1388925,53,1643,231,1,11,253.750,28.22
1811413,43089,1314377,289,834,231,1,11,253.750,28.22
1811413,1403782,57085,147,1792,231,1,11,253.750,28.22
1811413,769931,28312,551,833,251,1,11,273.750,28.22
1811413,17502,625695,153,1667,241,1,12,264.000,28.22
1811413,575373,632932,144,1625,241,1,12,264.000,28.22
1813991,1255170,623650,49,792,252,1,11,274.750,38.82
1813991,1184402,1305158,902,1916,252,1,11,274.750,38.82
1813991,1067672,1065570,152,875,242,1,11,264.750,38.82
1813991,119057,944717,595,792,252,1,11,274.750,38.82
1813991,450014,1682134,312,833,252,1,12,275.000,38.82
1813991,1461390,120548,261,833,252,1,11,274.750,38.82
1813991,1226898,921442,124,833,252,1,11,274.750,38.82
1813991,1669612,501057,224,1709,242,1,11,264.750,38.82
1813991,250320,1268707,350,833,252,1,11,274.750,38.82
1813991,952301,1674788,288,1708,242,1,11,264.750,38.82
1813991,1333010,1343906,651,833,242,1,11,264.750,38.82
1813991,1404922,576097,634,834,242,1,11,264.750,38.82
1813991,716501,1120686,198,833,252,1,11,274.750,38.82
1813991,144379,996992,69,809,242,1,11,264.750,38.82
1813991,1676488,827357,112,833,252,1,11,274.750,38.82
1813991,1062753,1615659,584,834,242,1,11,264.750,38.82
1813991,60353,288738,309,791,242,1,11,264.750,38.82
1813991,1003650,1385641,703,833,242,1,11,264.750,38.82
1813991,1195350,177865,200,833,242,1,11,264.750,38.82
1813991,826695,1162321,49,875,252,1,12,275.000,38.82
1817611,978552,26207,113,833,249,1,11,271.750,15.07
1817611,299046,1671510,253,833,239,1,13,262.250,15.07
1817611,970599,398862,194,792,229,1,12,252.000,15.07
1817611,1176062,1406885,131,875,239,1,13,262.250,15.07
1817611,1658845,726375,466,834,249,1,11,271.750,15.07
1817611,260810,960875,221,792,249,1,11,271.750,15.07
1817611,1145558,776610,5,833,239,1,13,262.250,15.07
1817611,1140759,958737,6,1667,249,1,11,271.750,15.07
1817611,1050136,1328226,209,1584,219,1,11,241.750,15.07
1817611,99416,859267,178,875,239,1,13,262.250,15.07
1817611,1086713,1367468,75,833,249,1,11,271.750,15.07
1817611,569012,86041,28,834,249,1,11,271.750,15.07
1817611,662278,1382230,85,833,239,1,13,262.250,15.07
1817611,407180,1585487,124,792,249,1,11,271.750,15.07
1817611,519523,48307,133,833,249,1,11,271.750,15.07
1817611,898165,772762,671,833,219,1,11,241.750,15.07
1817611,210928,482852,400,875,249,1,14,272.500,15.07
1817611,896467,875673,197,833,249,1,11,271.750,15.07
1817611,1591383,1805202,470,834,249,1,11,271.750,15.07
1817611,1363004,1306829,423,833,249,1,11,271.750,15.07
1818533,1415254,715038,161,875,253,1,14,276.500,25.85
1818533,921302,696778,82,833,233,1,12,256.000,25.85
1818533,931079,208547,35,833,243,1,13,266.250,25.85
1818533,994027,1043135,24,875,253,1,14,276.500,25.85
1818533,1632892,1776424,66,834,253,1,11,275.750,25.85
1818533,188581,1297765,602,875,243,1,13,266.250,25.85
1818533,1544233,219742,307,834,223,1,11,245.750,25.85
1818533,1436159,466542,84,791,253,1,11,275.750,25.85
1818533,769373,887978,477,875,253,1,11,275.750,25.85
1818533,283916,327675,67,834,253,1,11,275.750,25.85
1818533,1508042,1231987,362,1708,223,1,11,245.750,25.85
1818533,142095,1323372,77,833,233,1,12,256.000,25.85
1818533,243587,1160659,452,834,233,1,12,256.000,25.85
1818533,942823,1575855,295,875,253,1,14,276.500,25.85
1818533,143926,1445130,372,792,223,1,11,245.750,25.85
1818533,1398236,784968,179,834,253,1,11,275.750,25.85
1818533,1709178,450170,332,833,233,1,12,256.000,25.85
1818533,19331,1157720,481,1792,253,1,11,275.750,25.85
1818533,1184799,1575356,74,834,253,1,11,275.750,25.85
1818533,1319996,65925,364,792,223,1,11,245.750,25.85
1820557,823454,987206,300,1750,251,1,14,274.500,25.53
1820557,725956,957557,33,834,251,1,11,273.750,25.53
1820557,1805201,885682,387,833,251,1,11,273.750,25.53
1820557,1084026,1698107,394,834,251,1,11,273.750,25.53
1820557,1654780,1157831,392,792,241,1,11,263.750,25.53
1820557,130773,1701844,186,1750,241,1,11,263.750,25.53
1820557,1229286,1195841,142,792,231,1,12,254.000,25.53
1820557,1348944,1070284,245,791,221,1,11,243.750,25.53
1820557,860946,820989,385,875,241,1,13,264.250,25.53
1820557,1186064,1746453,64,875,251,1,12,274.000,25.53
1820557,922454,1021805,136,834,241,1,11,263.750,25.53
1820557,1724020,1665924,99,792,221,1,11,243.750,25.53
1820557,349343,1221116,375,833,241,1,13,264.250,25.53
1820557,166240,175534,115,792,231,1,12,254.000,25.53
1820557,572255,1124096,369,833,251,1,12,274.000,25.53
1820557,486370,630657,121,1875,241,1,11,263.750,25.53
1820557,50073,939187,124,834,251,1,12,274.000,25.53
1820557,544825,132898,435,791,241,1,11,263.750,25.53
1820557,1363536,616830,552,833,251,1,11,273.750,25.53
1820557,344409,561341,51,852,241,1,13,264.250,25.53
1822181,1784408,1200494,1655,792,242,1,11,264.750,52.03
1822181,1427515,88950,413,833,252,1,11,274.750,52.03
1822181,305854,284185,51,851,252,1,11,274.750,52.03
1822181,1020299,232801,368,833,252,1,11,274.750,52.03
1822181,741540,1783196,859,791,252,1,11,274.750,52.03
1822181,663544,557728,85,833,242,1,11,264.750,52.03
1822181,1097112,331999,475,833,252,1,12,275.000,52.03
1822181,1734693,491601,514,2018,242,1,11,264.750,52.03
1822181,582934,369068,97,875,252,1,12,275.000,52.03
1822181,1331370,997634,82,833,242,1,11,264.750,52.03
1822181,1386234,1323635,822,875,252,1,11,274.750,52.03
1822181,751811,1439096,72,834,252,1,11,274.750,52.03
1822181,1025107,210485,1102,833,242,1,11,264.750,52.03
1822181,1072649,665243,74,833,252,1,12,275.000,52.03
1822181,1131489,1696273,280,833,252,1,11,274.750,52.03
1822181,1105115,357212,172,833,242,1,11,264.750,52.03
1822181,559815,1293280,852,834,252,1,11,274.750,52.03
1822181,1691847,318601,423,792,252,1,11,274.750,52.03
1822181,1662328,843261,863,834,252,1,11,274.750,52.03
1822181,1269,163009,198,810,252,1,11,274.750,52.03
1822391,231299,264431,367,833,252,1,11,274.750,45.80
1822391,240701,559703,1592,833,242,1,11,264.750,45.80
1822391,1047238,1312882,179,833,252,1,12,275.000,45.80
1822391,944072,547103,595,791,242,1,11,264.750,45.80
1822391,402259,1565785,75,833,252,1,12,275.000,45.80
1822391,1318995,88558,8,875,252,1,11,274.750,45.80
1822391,888676,1271233,351,833,242,1,11,264.750,45.80
1822391,1600910,791766,25,834,242,1,11,264.750,45.80
1822391,1015769,571489,1104,833,252,1,11,274.750,45.80
1822391,1465653,621703,622,834,242,1,11,264.750,45.80
1822391,1214883,1583968,86,833,252,1,11,274.750,45.80
1822391,235770,712340,1984,833,242,1,11,264.750,45.80
1822391,1327690,832249,47,875,252,1,12,275.000,45.80
1822391,149746,479889,132,875,252,1,12,275.000,45.80
1822391,769976,1590540,14,833,252,1,11,274.750,45.80
1822391,451487,729796,142,833,242,1,11,264.750,45.80
1822391,1682630,1386266,116,833,242,1,11,264.750,45.80
1822391,100125,190273,51,875,252,1,12,275.000,45.80
1822391,1590929,1815958,393,792,252,1,11,274.750,45.80
1822391,577563,445440,565,833,252,1,11,274.750,45.80
1823579,703163,325530,30,834,241,1,11,263.750,17.63
1823579,182717,120068,202,833,241,1,11,263.750,17.63
1823579,1397336,166214,612,834,251,1,12,274.000,17.63
1823579,1218821,289288,96,791,241,1,11,263.750,17.63
1823579,1089496,714915,155,792,241,1,11,263.750,17.63
1823579,1745436,830490,152,834,251,1,12,274.000,17.63
1823579,204386,1025320,103,792,241,1,11,263.750,17.63
1823579,1508929,203479,113,792,241,1,11,263.750,17.63
1823579,1294161,755505,909,834,241,1,11,263.750,17.63
1823579,1677173,1368574,481,833,241,1,11,263.750,17.63
1823579,1022627,1113323,49,1917,241,1,11,263.750,17.63
1823579,475004,338409,44,1583,241,1,11,263.750,17.63
1823579,46454,615211,79,875,251,1,12,274.000,17.63
1823579,1614613,1022591,355,791,241,1,11,263.750,17.63
1823579,1645142,135566,634,792,241,1,11,263.750,17.63
1823579,328191,151298,67,833,241,1,11,263.750,17.63
1823579,872173,1453241,658,1833,251,1,12,274.000,17.63
1823579,417327,995418,1,875,251,1,12,274.000,17.63
1823579,1685555,192090,70,792,241,1,11,263.750,17.63
1823579,595065,1135626,132,833,251,1,11,273.750,17.63
1824269,1414374,1213490,16,792,230,1,11,252.750,26.64
1824269,282329,1284369,109,875,250,1,11,272.750,26.64
1824269,934071,1022658,429,833,240,1,12,263.000,26.64
1824269,488296,822070,450,833,240,1,11,262.750,26.64
1824269,1383617,149699,401,834,250,1,12,273.000,26.64
1824269,1742980,1003987,310,833,250,1,11,272.750,26.64
1824269,337656,386820,103,833,250,1,13,273.250,26.64
1824269,573937,438285,325,834,240,1,11,262.750,26.64
1824269,1340501,252565,115,1834,240,1,11,262.750,26.64
1824269,1420442,852912,139,833,240,1,11,262.750,26.64
1824269,1286526,765149,381,1833,240,1,11,262.750,26.64
1824269,744968,528437,148,875,250,1,13,273.250,26.64
1824269,1388459,990176,187,833,250,1,11,272.750,26.64
1824269,1481004,147496,259,792,240,1,11,262.750,26.64
1824269,1239045,1194456,185,1542,230,1,11,252.750,26.64
1824269,641470,689277,354,833,250,1,11,272.750,26.64
1824269,276611,500386,245,833,240,1,11,262.750,26.64
1824269,1202866,316540,342,792,250,1,11,272.750,26.64
1824269,905083,1204989,359,791,230,1,11,252.750,26.64
1824269,40539,709863,243,833,250,1,12,273.000,26.64
1824281,1771844,1553651,277,1875,251,1,11,273.750,33.44
1824281,980174,155073,460,833,251,1,11,273.750,33.44
1824281,709021,342106,48,792,251,1,11,273.750,33.44
1824281,1174995,1656957,477,875,251,1,11,273.750,33.44
1824281,590444,405761,42,833,251,1,11,273.750,33.44
1824281,173518,636555,196,834,251,1,11,273.750,33.44
1824281,305215,1348619,712,834,251,1,11,273.750,33.44
1824281,1331461,1644364,120,834,251,1,11,273.750,33.44
1824281,1317024,1542216,930,833,251,1,11,273.750,33.44
1824281,1469408,1024572,446,833,251,1,11,273.750,33.44
1824281,48877,955515,35,833,241,1,11,263.750,33.44
1824281,1633803,374323,11,833,251,1,11,273.750,33.44
1824281,1116873,1359257,168,833,251,1,11,273.750,33.44
1824281,728504,550780,206,1875,241,1,11,263.750,33.44
1824281,442862,815629,125,833,251,1,11,273.750,33.44
1824281,1622404,437840,1130,834,241,1,11,263.750,33.44
1824281,1327105,1288904,67,833,251,1,11,273.750,33.44
1824281,1098403,982229,33,834,251,1,11,273.750,33.44
1824281,1449912,1051113,893,833,251,1,11,273.750,33.44
1824281,1472484,563349,12,833,251,1,12,274.000,33.44
1824523,216838,974143,32,834,250,1,11,272.750,10.79
1824523,1419532,970359,55,792,240,1,11,262.750,10.79
1824523,608235,1084953,100,834,240,1,11,262.750,10.79
1824523,1330236,838217,4,834,250,1,11,272.750,10.79
1824523,923187,1288988,6,833,250,1,11,272.750,10.79
1824523,125368,1177285,28,809,240,1,11,262.750,10.79
1824523,1180938,1153428,143,834,240,1,11,262.750,10.79
1824523,1446135,1656453,10,833,250,1,11,272.750,10.79
1824523,264697,934142,150,1833,240,1,11,262.750,10.79
1824523,1224985,333094,11,791,240,1,11,262.750,10.79
1824523,538844,1079696,185,833,240,1,11,262.750,10.79
1824523,1764213,1100437,22,834,240,1,11,262.750,10.79
1824523,372018,1285215,323,834,250,1,12,273.000,10.79
1824523,1433797,716732,84,792,240,1,11,262.750,10.79
1824523,1040877,1160160,89,1625,240,1,11,262.750,10.79
1824523,190557,534748,106,1667,250,1,11,272.750,10.79
1824523,520340,521245,6,834,250,1,11,272.750,10.79
1824523,1295660,836681,31,875,250,1,11,272.750,10.79
1824523,1539458,1693603,523,834,250,1,12,273.000,10.79
1824523,680267,1248305,158,834,250,1,11,272.750,10.79
1825679,512597,1636370,326,833,252,1,11,274.750,20.90
1825679,372406,1256266,816,1584,232,1,11,254.750,20.90
1825679,1234449,585375,38,834,242,1,12,265.000,20.90
1825679,39481,1314723,8,791,232,1,11,254.750,20.90
1825679,22318,277643,320,833,252,1,11,274.750,20.90
1825679,1400210,962487,611,917,242,1,12,265.000,20.90
1825679,374192,1688771,24,833,252,1,11,274.750,20.90
1825679,590514,794874,5,834,252,1,11,274.750,20.90
1825679,1089887,1281442,312,1750,242,1,12,265.000,20.90
1825679,1329519,681437,957,875,252,1,11,274.750,20.90
1825679,308443,1679490,16,1875,242,1,12,265.000,20.90
1825679,473401,1507186,213,834,232,1,11,254.750,20.90
1825679,192842,132960,112,1750,232,1,11,254.750,20.90
1825679,1232941,172185,65,834,252,1,11,274.750,20.90
1825679,1415109,569561,347,792,252,1,11,274.750,20.90
1825679,1703273,1127027,622,1708,252,1,13,275.250,20.90
1825679,1171589,1707117,374,833,252,1,11,274.750,20.90
1825679,141525,1287140,110,791,232,1,11,254.750,20.90
1825679,1001508,999036,491,833,242,1,12,265.000,20.90
1825679,498299,734230,193,792,252,1,11,274.750,20.90
1827863,790432,724101,14,834,239,1,12,262.000,31.57
1827863,281191,1764286,195,1917,249,1,11,271.750,31.57
1827863,1730252,276742,310,833,249,1,11,271.750,31.57
1827863,795160,175572,210,833,249,1,11,271.750,31.57
1827863,908688,999284,76,834,249,1,11,271.750,31.57
1827863,724945,1639884,964,833,239,1,12,262.000,31.57
1827863,957141,1531244,177,834,249,1,11,271.750,31.57
1827863,184559,1550450,885,833,239,1,12,262.000,31.57
1827863,1804744,269604,391,792,229,1,11,251.750,31.57
1827863,293400,812692,96,834,239,1,12,262.000,31.57
1827863,770974,1486761,228,833,239,1,12,262.000,31.57
1827863,894460,1113002,245,791,239,1,12,262.000,31.57
1827863,1009319,301951,123,833,239,1,12,262.000,31.57
1827863,1762503,1362044,620,833,239,1,12,262.000,31.57
1827863,972768,1277193,352,792,239,1,12,262.000,31.57
1827863,1777386,1082684,458,851,249,1,13,272.250,31.57
1827863,486780,1163884,752,834,249,1,11,271.750,31.57
1827863,1308681,721925,2040,833,239,1,12,262.000,31.57
1827863,628797,1060103,355,834,239,1,12,262.000,31.57
1827863,250160,1698771,350,834,239,1,12,262.000,31.57
1828789,187008,1606669,105,791,243,1,11,265.750,41.91
1828789,894353,1099694,226,833,233,1,11,255.750,41.91
1828789,462790,388911,253,833,233,1,11,255.750,41.91
1828789,162003,796796,24,791,233,1,11,255.750,41.91
1828789,1783222,1406006,850,833,243,1,12,266.000,41.91
1828789,207618,1293795,87,834,253,1,11,275.750,41.91
1828789,1626164,1362811,148,834,253,1,11,275.750,41.91
1828789,1163801,493923,594,834,253,1,11,275.750,41.91
1828789,1258003,273165,750,1125,253,1,11,275.750,41.91
1828789,602250,678642,1450,792,233,1,11,255.750,41.91
1828789,1268090,473083,6,833,253,1,11,275.750,41.91
1828789,963831,207702,706,792,233,1,11,255.750,41.91
1828789,1591308,1396712,165,833,253,1,11,275.750,41.91
1828789,248259,306406,583,833,233,1,11,255.750,41.91
1828789,124810,1103367,82,792,233,1,11,255.750,41.91
1828789,1401542,1709621,43,792,243,1,11,265.750,41.91
1828789,1614500,72379,687,833,253,1,11,275.750,41.91
1828789,1165821,366323,467,791,233,1,11,255.750,41.91
1828789,1127205,1706834,382,792,233,1,11,255.750,41.91
1828789,1072535,1507645,249,833,253,1,11,275.750,41.91
1829203,644452,1708964,370,875,250,1,13,273.250,30.94
1829203,956530,676061,298,850,250,1,11,272.750,30.94
1829203,1348358,1692899,519,834,240,1,11,262.750,30.94
1829203,809884,1318767,164,808,250,1,12,273.000,30.94
1829203,930197,1668738,11,833,240,1,11,262.750,30.94
1829203,1750406,502401,628,792,240,1,11,262.750,30.94
1829203,1740873,1365800,99,792,240,1,11,262.750,30.94
1829203,57649,243410,286,833,240,1,11,262.750,30.94
1829203,94334,100691,659,833,250,1,12,273.000,30.94
1829203,1258615,1429887,245,833,240,1,11,262.750,30.94
1829203,104274,1459067,181,834,250,1,12,273.000,30.94
1829203,274233,860998,330,834,240,1,11,262.750,30.94
1829203,963436,159961,261,875,250,1,13,273.250,30.94
1829203,537323,18344,260,792,240,1,11,262.750,30.94
1829203,1225210,1195351,101,833,250,1,12,273.000,30.94
1829203,1401969,80968,650,2250,250,1,11,272.750,30.94
1829203,751943,119175,39,833,240,1,12,263.000,30.94
1829203,483899,1063350,246,833,250,1,11,272.750,30.94
1829203,113760,156467,184,834,240,1,11,262.750,30.94
1829203,654125,1748939,266,875,240,1,11,262.750,30.94
1830637,325068,755302,1659,833,254,1,12,277.000,54.45
1830637,545926,670101,175,792,254,1,11,276.750,54.45
1830637,23028,442284,125,833,254,1,11,276.750,54.45
1830637,1276366,873106,135,2208,254,1,11,276.750,54.45
1830637,201798,1278830,1063,791,254,1,11,276.750,54.45
1830637,882175,925998,648,834,254,1,11,276.750,54.45
1830637,1396950,137427,418,833,254,1,12,277.000,54.45
1830637,1620537,1594470,1131,833,254,1,11,276.750,54.45
1830637,1166600,1538638,742,792,244,1,11,266.750,54.45
1830637,1406117,609744,56,809,244,1,11,266.750,54.45
1830637,1777703,1341650,617,833,254,1,11,276.750,54.45
1830637,1014944,1030074,263,833,254,1,11,276.750,54.45
1830637,664115,911286,101,833,254,1,11,276.750,54.45
1830637,249328,89623,74,833,244,1,11,266.750,54.45
1830637,1586769,1244268,491,834,254,1,11,276.750,54.45
1830637,138454,1609069,342,2934,254,1,11,276.750,54.45
1830637,42649,272947,1292,834,254,1,11,276.750,54.45
1830637,384076,1349296,405,792,254,1,11,276.750,54.45
1830637,484855,1554875,245,875,254,1,12,277.000,54.45
1830637,636165,388535,102,833,254,1,11,276.750,54.45
1831211,803294,1318821,366,1959,250,1,11,272.750,29.95
1831211,976544,1426436,154,833,250,1,12,273.000,29.95
1831211,243843,1003862,21,791,240,1,11,262.750,29.95
1831211,305649,1624746,551,833,240,1,11,262.750,29.95
1831211,45133,175693,405,834,240,1,11,262.750,29.95
1831211,1809030,1691461,337,875,250,1,12,273.000,29.95
1831211,694520,797943,51,833,250,1,12,273.000,29.95
1831211,1646289,1370528,571,834,240,1,11,262.750,29.95
1831211,728581,424371,82,791,240,1,11,262.750,29.95
1831211,440209,425553,53,833,250,1,12,273.000,29.95
1831211,1447553,788253,285,875,250,1,12,273.000,29.95
1831211,837841,195326,408,834,250,1,12,273.000,29.95
1831211,945300,172366,47,1708,240,1,11,262.750,29.95
1831211,902290,351109,35,833,240,1,11,262.750,29.95
1831211,53890,601569,1072,875,250,1,12,273.000,29.95
1831211,470957,351706,485,792,240,1,11,262.750,29.95
1831211,1688290,366378,148,792,240,1,11,262.750,29.95
1831211,759195,315000,101,810,240,1,11,262.750,29.95
1831211,829740,248271,17,791,240,1,11,262.750,29.95
1831211,653784,778481,367,834,240,1,11,262.750,29.95
1837399,549385,1363679,29,791,217,1,15,240.750,22.13
1837399,580524,120128,250,875,237,1,17,261.250,22.13
1837399,667299,1252839,10,833,247,1,11,269.750,22.13
1837399,847050,236596,1154,833,237,1,11,259.750,22.13
1837399,38575,340943,195,833,247,1,11,269.750,22.13
1837399,328531,1687507,90,833,247,1,11,269.750,22.13
1837399,1474199,1651716,15,833,237,1,11,259.750,22.13
1837399,209905,362168,51,792,237,1,11,259.750,22.13
1837399,1401629,767750,16,833,247,1,11,269.750,22.13
1837399,42636,828453,81,1000,307,1,18,331.500,22.13
1837399,1662853,919919,356,833,227,1,16,251.000,22.13
1837399,1218916,1684862,399,792,247,1,11,269.750,22.13
1837399,1777258,1604185,259,1000,297,1,17,321.250,22.13
1837399,1826343,1476620,309,875,247,1,18,271.500,22.13
1837399,1102817,246771,282,833,237,1,11,259.750,22.13
1837399,963072,469666,556,875,237,1,17,261.250,22.13
1837399,1349423,1472143,177,833,247,1,11,269.750,22.13
1837399,628290,734544,52,917,247,1,18,271.500,22.13
1837399,634395,1686265,79,834,247,1,12,270.000,22.13
1837399,1321745,1067107,140,875,237,1,17,261.250,22.13
