prime,A,x0,trials,cycles,mul_count,inv_count,branch_count,opcount_m3,batch_time_ms
1001629,26586,410244,63,13041,827,0,5,828.250,1.17
1001629,26586,320646,24,12225,865,0,6,866.500,1.17
1001629,848643,719544,91,12184,715,0,3,715.750,1.17
1001629,848643,289870,33,11500,765,0,4,766.000,1.17
1001629,730370,885918,1189,11309,671,0,2,671.500,1.17
1001629,730370,944533,37,11250,771,0,4,772.000,1.17
1001629,451537,542832,66,11518,809,0,5,810.250,1.17
1001629,451537,75556,31,11000,759,0,4,760.000,1.17
1001629,839853,76261,204,24393,739,0,3,739.750,1.17
1001629,839853,192838,92,24268,803,0,5,804.250,1.17
1001629,453699,388079,168,24917,777,0,4,778.000,1.17
1001629,453699,532159,77,23310,689,0,2,689.500,1.17
1001629,385046,922650,72,11767,821,0,5,822.250,1.17
1001629,385046,818838,38,10708,683,0,2,683.500,1.17
1001629,902736,27265,774,17208,797,0,5,798.250,1.17
1001629,902736,497878,54,23434,707,0,2,707.500,1.17
1001629,307893,44961,90,24518,657,0,1,657.250,1.17
1001629,307893,560382,48,23559,727,0,3,727.750,1.17
1001629,761778,22149,29,25459,765,0,4,766.000,1.17
1001629,761778,518019,61,24559,841,0,6,842.500,1.17
1003109,362007,90409,225,24310,778,0,3,778.750,0.82
1003109,362007,427515,57,24808,831,0,4,832.000,0.82
1003109,248688,81188,21,24017,825,0,4,826.000,0.82
1003109,248688,369278,47,23310,749,0,2,749.500,0.82
1003109,286477,321193,76,26559,907,0,6,908.500,0.82
1003109,286477,641798,62,25643,825,0,4,826.000,0.82
1003109,846339,558760,529,25684,884,0,5,885.250,0.82
1003109,347096,89346,30,23727,790,0,3,790.750,0.82
1003109,846339,419134,20,24060,796,0,3,796.750,0.82
1003109,347096,126877,39,23809,778,0,3,778.750,0.82
1003109,164335,603538,359,11125,808,0,3,808.750,0.82
1003109,164335,984238,30,11142,825,0,4,826.000,0.82
1003109,619813,999805,12,23559,743,0,2,743.500,0.82
1003109,619813,838283,87,24060,778,0,3,778.750,0.82
1003109,590694,438180,124,12542,778,0,3,778.750,0.82
1003109,590694,764545,41,12459,831,0,4,832.000,0.82
1003109,771023,135248,46,11333,819,0,4,820.000,0.82
1003109,441745,234774,31,12167,825,0,4,826.000,0.82
1003109,771023,416279,4,11417,849,0,4,850.000,0.82
1003109,441745,236129,34,12142,784,0,3,784.750,0.82
1006769,FAILED,FAILED,FAILED,FAILED,FAILED,FAILED,FAILED,FAILED,FAILED
1006883,393748,48102,514,11060,705,0,2,705.500,0.81
1006883,393748,759180,44,11625,777,0,4,778.000,0.81
1006883,502536,334708,61,11142,813,0,5,814.250,0.81
1006883,502536,711119,41,11292,741,0,3,741.750,0.81
1006883,988535,543897,237,11083,705,0,2,705.500,0.81
1006883,651110,211457,36,10643,777,0,4,778.000,0.81
1006883,988535,728676,5,11143,849,0,6,850.500,0.81
1006883,651110,790587,34,10792,741,0,3,741.750,0.81
1006883,280586,698200,290,23268,741,0,3,741.750,0.81
1006883,867558,972564,74,23542,777,0,4,778.000,0.81
1006883,280586,445976,2,22625,705,0,2,705.500,0.81
1006883,254202,319615,38,10875,741,0,3,741.750,0.81
1006883,867558,324192,29,22976,777,0,4,778.000,0.81
1006883,254202,73998,14,11334,777,0,4,778.000,0.81
1006883,827997,882750,193,10333,705,0,2,705.500,0.81
1006883,827997,811998,32,10435,705,0,2,705.500,0.81
1006883,404068,587595,627,11042,705,0,2,705.500,0.81
1006883,404068,226977,38,11183,741,0,3,741.750,0.81
1006883,525623,446923,145,10791,741,0,3,741.750,0.81
1006883,138592,640034,32,11500,813,0,5,814.250,0.81
1009159,890343,426250,69,23933,809,0,6,810.500,1.22
1009159,890343,339468,60,24684,809,0,6,810.500,1.22
1009159,68024,601222,10,21643,775,0,5,776.250,1.22
1009159,68024,50937,50,20542,775,0,5,776.250,1.22
1009159,913513,543359,310,24935,775,0,5,776.250,1.22
1009159,913513,561832,60,24541,775,0,5,776.250,1.22
1009159,300184,971169,93,22518,673,0,2,673.500,1.22
1009159,300184,65506,64,22060,673,0,2,673.500,1.22
1009159,141936,817355,356,23392,707,0,3,707.750,1.22
1009159,648934,917642,3,19934,673,0,2,673.500,1.22
1009159,648934,58826,50,21042,741,0,4,742.000,1.22
1009159,141936,408814,3,22833,673,0,2,673.500,1.22
1009159,849909,55235,73,23226,707,0,3,707.750,1.22
1009159,849909,637845,46,22833,673,0,2,673.500,1.22
1009159,455259,921538,240,22601,707,0,3,707.750,1.22
1009159,455259,33874,53,23167,741,0,4,742.000,1.22
1009159,1004610,998045,506,25310,843,0,7,844.750,1.22
1009159,1004610,1006172,49,22976,741,0,4,742.000,1.22
1009159,65002,819070,432,22851,741,0,4,742.000,1.22
1009159,527169,348851,28,19083,639,0,1,639.250,1.22
1009193,FAILED,FAILED,FAILED,FAILED,FAILED,FAILED,FAILED,FAILED,FAILED
1012481,FAILED,FAILED,FAILED,FAILED,FAILED,FAILED,FAILED,FAILED,FAILED
1016497,FAILED,FAILED,FAILED,FAILED,FAILED,FAILED,FAILED,FAILED,FAILED
1019357,583220,810232,511,23500,790,0,3,790.750,1.12
1019357,583220,122403,33,24142,843,0,4,844.000,1.12
1019357,287166,919845,174,23102,772,0,3,772.750,1.12
1019357,420418,514682,1,21185,819,0,4,820.000,1.12
1019357,287166,76638,31,24750,849,0,4,850.000,1.12
1019357,420418,817834,22,38892,784,0,3,784.750,1.12
1019357,798724,929399,379,23975,796,0,3,796.750,1.12
1019357,798724,734177,48,24208,831,0,4,832.000,1.12
1019357,348169,413911,200,24917,819,0,4,820.000,1.12
1019357,348169,289048,45,23101,790,0,3,790.750,1.12
1019357,29538,620942,367,22375,708,0,1,708.250,1.12
1019357,249328,293434,5,24000,790,0,3,790.750,1.12
1019357,29538,329981,39,23935,831,0,4,832.000,1.12
1019357,249328,258720,4,22810,749,0,2,749.500,1.12
1019357,922092,688411,61,24143,819,0,4,820.000,1.12
1019357,642373,635205,5,24434,860,0,5,861.250,1.12
1019357,922092,590938,35,24059,778,0,3,778.750,1.12
1019357,642373,284613,1,22934,761,0,2,761.500,1.12
1019357,787044,299419,16,22833,755,0,2,755.500,1.12
1019357,787044,405904,56,23935,825,0,4,826.000,1.12
1020683,943540,873156,777,24018,794,0,5,795.250,1.34
1020683,40082,690198,11,19851,724,0,3,724.750,1.34
1020683,943540,881844,42,23058,724,0,3,724.750,1.34
1020683,40082,726944,1,20309,724,0,3,724.750,1.34
1020683,346934,842088,211,23558,794,0,5,795.250,1.34
1020683,346934,206575,62,23667,794,0,5,795.250,1.34
1020683,79160,622702,217,20226,724,0,3,724.750,1.34
1020683,79160,612485,56,20975,759,0,4,760.000,1.34
1020683,942350,595334,129,20209,759,0,4,760.000,1.34
1020683,942350,187305,50,19934,724,0,3,724.750,1.34
1020683,540211,286958,489,20476,794,0,5,795.250,1.34
1020683,540211,751066,49,19685,759,0,4,760.000,1.34
1020683,257773,306610,195,21018,759,0,4,760.000,1.34
1020683,257773,636116,56,22267,829,0,6,830.500,1.34
1020683,544613,836457,374,19458,724,0,3,724.750,1.34
1020683,544613,895993,54,20267,794,0,5,795.250,1.34
1020683,26466,217229,215,19727,724,0,3,724.750,1.34
1020683,26466,238481,58,20084,794,0,5,795.250,1.34
1020683,917425,608223,61,19625,689,0,2,689.500,1.34
1020683,917425,892138,51,19809,759,0,4,760.000,1.34
1021429,316119,157734,108,21667,916,0,5,917.250,1.00
1021429,316119,96480,41,19976,763,0,2,763.500,1.00
1021429,55560,31324,323,21875,892,0,5,893.250,1.00
1021429,55560,519682,48,20601,830,0,3,830.750,1.00
1021429,16887,793861,41,20017,763,0,2,763.500,1.00
1021429,16887,578053,53,21333,830,0,3,830.750,1.00
1021429,834474,390394,166,19643,732,0,1,732.250,1.00
1021429,333458,643291,24,20226,781,0,2,781.500,1.00
1021429,834474,990321,21,20000,842,0,3,842.750,1.00
1021429,333458,568654,24,21642,861,0,4,862.000,1.00
1021429,805396,908121,737,22143,953,0,6,954.500,1.00
1021429,805396,194249,49,21808,922,0,5,923.250,1.00
1021429,701531,664354,81,19726,738,0,1,738.250,1.00
1021429,701531,411768,55,21417,935,0,6,936.500,1.00
1021429,705364,335859,117,21476,855,0,4,856.000,1.00
1021429,705364,655482,47,21601,879,0,4,880.000,1.00
1021429,683631,516953,264,20184,775,0,2,775.500,1.00
1021429,51096,731584,20,21000,818,0,3,818.750,1.00
1021429,683631,188763,22,20685,812,0,3,812.750,1.00
1021429,51096,788377,23,20351,787,0,2,787.500,1.00
1021907,815532,403802,1184,20976,737,0,2,737.500,1.45
1021907,815532,925760,60,21792,851,0,5,852.250,1.45
1021907,946097,292931,171,20375,813,0,4,814.000,1.45
1021907,946097,314745,54,19810,775,0,3,775.750,1.45
1021907,562058,223491,125,20310,851,0,5,852.250,1.45
1021907,562058,314149,46,20209,813,0,4,814.000,1.45
1021907,645675,723966,90,21166,813,0,4,814.000,1.45
1021907,645675,512242,46,20809,851,0,5,852.250,1.45
1021907,931666,1021526,564,20227,813,0,4,814.000,1.45
1021907,931666,991140,55,19768,775,0,3,775.750,1.45
1021907,43029,228179,235,19917,775,0,3,775.750,1.45
1021907,43029,145478,58,20667,851,0,5,852.250,1.45
1021907,92893,913422,336,21018,813,0,4,814.000,1.45
1021907,92893,368174,56,20767,813,0,4,814.000,1.45
1021907,769000,689890,109,20458,813,0,4,814.000,1.45
1021907,769000,586550,50,19351,813,0,4,814.000,1.45
1021907,965639,708079,127,24041,927,0,7,928.750,1.45
1021907,933159,159252,36,19768,775,0,3,775.750,1.45
1021907,965639,161960,7,20102,737,0,2,737.500,1.45
1021907,933159,153595,36,20183,851,0,5,852.250,1.45
1022611,531024,394856,181,19518,705,0,2,705.500,1.62
1022611,531024,627849,47,19642,777,0,4,778.000,1.62
1022611,45845,844603,581,21584,777,0,4,778.000,1.62
1022611,738695,86120,18,19433,741,0,3,741.750,1.62
1022611,45845,874421,38,21642,813,0,5,814.250,1.62
1022611,738695,1000026,13,19958,777,0,4,778.000,1.62
1022611,238844,391442,590,19167,705,0,2,705.500,1.62
1022611,238844,203506,49,19226,705,0,2,705.500,1.62
1022611,10784,594137,1159,21434,813,0,5,814.250,1.62
1022611,10784,121039,63,20226,777,0,4,778.000,1.62
1022611,497714,281075,423,19642,777,0,4,778.000,1.62
1022611,497714,117144,53,19184,705,0,2,705.500,1.62
1022611,236728,307358,150,18500,669,0,1,669.250,1.62
1022611,236728,705230,58,19475,741,0,3,741.750,1.62
1022611,23557,822174,590,22125,813,0,5,814.250,1.62
1022611,92300,172995,23,19852,741,0,3,741.750,1.62
1022611,23557,860801,20,21018,813,0,5,814.250,1.62
1022611,873813,855596,16,20333,777,0,4,778.000,1.62
1022611,92300,623660,11,20083,777,0,4,778.000,1.62
1022611,873813,638168,38,20101,777,0,4,778.000,1.62
1023313,FAILED,FAILED,FAILED,FAILED,FAILED,FAILED,FAILED,FAILED,FAILED
1024379,32112,282695,33,19292,721,0,2,721.500,0.64
1024379,32112,803393,38,18308,684,0,1,684.250,0.64
1024379,519568,82181,4,19684,758,0,3,758.750,0.64
1024379,519568,99049,46,20351,795,0,4,796.000,0.64
1024379,384027,654340,202,18810,721,0,2,721.500,0.64
1024379,384027,656502,43,19375,721,0,2,721.500,0.64
1024379,197056,100387,410,20560,758,0,3,758.750,0.64
1024379,197056,293307,37,20083,721,0,2,721.500,0.64
1024379,816157,533502,4,18583,684,0,1,684.250,0.64
1024379,102783,208500,40,18935,684,0,1,684.250,0.64
1024379,816157,445449,7,19768,758,0,3,758.750,0.64
1024379,102783,142730,38,19476,758,0,3,758.750,0.64
1024379,725538,535025,220,20434,869,0,6,870.500,0.64
1024379,725538,1012438,42,20041,758,0,3,758.750,0.64
1024379,985765,602972,17,19667,832,0,5,833.250,0.64
1024379,985765,807153,48,20393,795,0,4,796.000,0.64
1024379,771652,161811,33,20601,832,0,5,833.250,0.64
1024379,166580,94256,31,19767,758,0,3,758.750,0.64
1024379,771652,744903,8,20584,795,0,4,796.000,0.64
1024379,437987,859890,2,20458,832,0,5,833.250,0.64
1026761,FAILED,FAILED,FAILED,FAILED,FAILED,FAILED,FAILED,FAILED,FAILED
1027853,634245,346397,821,19393,878,0,5,879.250,1.72
1027853,634245,268416,44,17167,702,0,1,702.250,1.72
1027853,160678,782043,122,18393,807,0,4,808.000,1.72
1027853,160678,673032,49,17875,731,0,2,731.500,1.72
1027853,1023110,21851,634,20708,696,0,1,696.250,1.72
1027853,1023110,841662,51,22642,796,0,3,796.750,1.72
1027853,352540,560142,32,17935,743,0,2,743.500,1.72
1027853,352540,948619,34,18708,772,0,3,772.750,1.72
1027853,697363,993007,459,17976,743,0,2,743.500,1.72
1027853,697363,258428,66,34600,819,0,4,820.000,1.72
1027853,670944,954752,964,18183,825,0,4,826.000,1.72
1027853,670944,781472,40,18250,766,0,3,766.750,1.72
1027853,926887,529423,22,18833,849,0,4,850.000,1.72
1027853,926887,238801,49,17726,790,0,3,790.750,1.72
1027853,293466,465467,238,19268,907,0,6,908.500,1.72
1027853,293466,870365,51,18958,825,0,4,826.000,1.72
1027853,503291,510207,300,22851,890,0,5,891.250,1.72
1027853,11809,874235,3,18185,772,0,3,772.750,1.72
1027853,11809,229479,52,18833,819,0,4,820.000,1.72
1027853,503291,14776,3,21333,790,0,3,790.750,1.72
1028597,63717,647732,922,17958,836,0,3,836.750,2.06
1028597,63717,148808,40,17433,757,0,2,757.500,2.06
1028597,147007,559541,169,18792,867,0,4,868.000,2.06
1028597,147007,205837,44,19227,928,0,5,929.250,2.06
1028597,241671,563148,464,22768,818,0,3,818.750,2.06
1028597,407706,856612,19,18893,867,0,4,868.000,2.06
1028597,806122,190890,20,22893,910,0,5,911.250,2.06
1028597,241671,776757,15,22542,824,0,3,824.750,2.06
1028597,407706,896616,4,18208,787,0,2,787.500,2.06
1028597,806122,1017381,32,21642,812,0,3,812.750,2.06
1028597,851179,323018,1146,17750,763,0,2,763.500,2.06
1028597,851179,559208,42,17893,775,0,2,775.500,2.06
1028597,612891,470153,437,23875,849,0,4,850.000,2.06
1028597,612891,1020797,59,23100,873,0,4,874.000,2.06
1028597,225718,838049,823,18666,849,0,4,850.000,2.06
1028597,225718,317822,54,18518,910,0,5,911.250,2.06
1028597,295733,44625,147,18935,855,0,4,856.000,2.06
1028597,295733,550018,50,18392,818,0,3,818.750,2.06
1028597,922617,806598,634,19041,861,0,4,862.000,2.06
1028597,922617,448333,50,18435,867,0,4,868.000,2.06
1028843,358578,712308,825,16893,737,0,2,737.500,1.71
1028843,358578,79916,42,16875,737,0,2,737.500,1.71
1028843,309949,988299,354,17768,737,0,2,737.500,1.71
1028843,309949,859486,44,18208,775,0,3,775.750,1.71
1028843,274694,832568,543,17333,775,0,3,775.750,1.71
1028843,471315,931086,2,18000,813,0,4,814.000,1.71
1028843,274694,709839,42,17975,851,0,5,852.250,1.71
1028843,471315,345544,1,17600,775,0,3,775.750,1.71
1028843,217548,235452,636,18435,889,0,6,890.500,1.71
1028843,217548,220635,34,17267,775,0,3,775.750,1.71
1028843,765884,459161,21,22017,851,0,5,852.250,1.71
1028843,765884,45328,50,20727,813,0,4,814.000,1.71
1028843,818948,297518,287,18167,813,0,4,814.000,1.71
1028843,818948,767549,34,17017,737,0,2,737.500,1.71
1028843,291255,905320,504,18375,851,0,5,852.250,1.71
1028843,291255,392309,46,17642,775,0,3,775.750,1.71
1028843,68821,415031,46,18125,813,0,4,814.000,1.71
1028843,68821,273222,39,17518,813,0,4,814.000,1.71
1028843,205183,657270,624,16958,737,0,2,737.500,1.71
1028843,205183,831991,47,17725,813,0,4,814.000,1.71
1033007,1004393,990269,286,17292,724,0,3,724.750,0.83
1033007,1004393,28794,47,17600,724,0,3,724.750,0.83
1033007,916023,994896,99,18226,794,0,5,795.250,0.83
1033007,916023,615914,49,17559,759,0,4,760.000,0.83
1033007,873294,77395,86,19977,759,0,4,760.000,0.83
1033007,873294,819475,56,19250,689,0,2,689.500,0.83
1033007,928288,723862,312,17934,759,0,4,760.000,0.83
1033007,928288,206315,52,16875,759,0,4,760.000,0.83
1033007,376573,839786,95,18517,864,0,7,865.750,0.83
1033007,529873,20255,28,15934,654,0,1,654.250,0.83
1033007,376573,799901,17,17542,724,0,3,724.750,0.83
1033007,529873,87688,28,18060,829,0,6,830.500,0.83
1033007,969214,990398,227,18500,794,0,5,795.250,0.83
1033007,969214,1011366,48,15560,724,0,3,724.750,0.83
1033007,56752,366061,175,15018,654,0,1,654.250,0.83
1033007,56752,435133,47,15291,689,0,2,689.500,0.83
1033007,194429,364083,235,15434,724,0,3,724.750,0.83
1033007,194429,540497,42,15584,689,0,2,689.500,0.83
1033007,572764,215644,55,19226,724,0,3,724.750,0.83
1033007,572764,581342,57,19250,654,0,1,654.250,0.83
1033421,838676,126748,108,16667,795,0,4,796.000,0.60
1033421,838676,752145,39,15435,711,0,1,711.250,0.60
1033421,846686,169469,369,16459,745,0,2,745.500,0.60
1033421,846686,313360,39,15309,675,0,1,675.250,0.60
1033421,495979,371348,4,16476,813,0,4,814.000,0.60
1033421,1026104,534780,28,16225,783,0,4,784.000,0.60
1033421,495979,911742,16,16125,755,0,3,755.750,0.60
1033421,1026104,954675,30,16976,813,0,4,814.000,0.60
1033421,373936,751564,97,15393,687,0,1,687.250,0.60
1033421,373936,251702,50,17416,871,0,5,872.250,0.60
1033421,296920,719268,114,20459,773,0,3,773.750,0.60
1033421,408767,439649,225,16625,721,0,2,721.500,0.60
1033421,296920,783110,8,83594,899,0,6,900.500,0.60
1033421,408767,43931,33,15517,721,0,2,721.500,0.60
1033421,79648,947670,27,16558,831,0,4,832.000,0.60
1033421,79648,558135,39,16375,801,0,4,802.000,0.60
1033421,674558,497191,89,17375,847,0,5,848.250,0.60
1033421,674558,909786,43,16875,813,0,4,814.000,0.60
1033421,197414,131874,13,17209,853,0,5,854.250,0.60
1033421,197414,33105,47,18350,847,0,5,848.250,0.60
1033663,407808,705158,114,15392,724,0,3,724.750,0.35
1033663,407808,26793,48,16084,759,0,4,760.000,0.35
1033663,452787,737006,90,15834,759,0,4,760.000,0.35
1033663,931848,83742,21,15750,759,0,4,760.000,0.35
1033663,452787,1006687,25,15975,794,0,5,795.250,0.35
1033663,931848,793904,17,16683,759,0,4,760.000,0.35
1033663,155939,71205,9,34725,794,0,5,795.250,0.35
1033663,555414,613958,28,16291,759,0,4,760.000,0.35
1033663,155939,354796,34,21393,794,0,5,795.250,0.35
1033663,555414,1840,13,16185,759,0,4,760.000,0.35
1033663,916790,363635,147,16268,759,0,4,760.000,0.35
1033663,916790,925047,47,16333,759,0,4,760.000,0.35
1033663,17559,870207,34,15143,724,0,3,724.750,0.35
1033663,162418,703425,3,19810,724,0,3,724.750,0.35
1033663,17559,63426,35,15750,759,0,4,760.000,0.35
1033663,162418,213790,16,19875,724,0,3,724.750,0.35
1033663,187934,367204,46,15058,654,0,1,654.250,0.35
1033663,187934,86183,41,16291,794,0,5,795.250,0.35
1033663,402105,931028,2,17042,759,0,4,760.000,0.35
1033663,687337,356984,2,20333,759,0,4,760.000,0.35
1035649,FAILED,FAILED,FAILED,FAILED,FAILED,FAILED,FAILED,FAILED,FAILED
1036271,302067,359536,589,15726,792,0,3,792.750,3.20
1036271,302067,197277,41,15708,792,0,3,792.750,3.20
1036271,796004,602405,2193,20685,792,0,3,792.750,3.20
1036271,796004,873051,62,22458,831,0,4,832.000,3.20
1036271,752994,894396,416,15810,792,0,3,792.750,3.20
1036271,752994,137277,46,15459,753,0,2,753.500,3.20
1036271,148629,451712,1328,15726,792,0,3,792.750,3.20
1036271,148629,350126,44,17166,831,0,4,832.000,3.20
1036271,624945,531417,1197,15101,714,0,1,714.250,3.20
1036271,624945,288819,49,16125,792,0,3,792.750,3.20
1036271,426563,554903,495,16060,792,0,3,792.750,3.20
1036271,426563,230137,50,15226,753,0,2,753.500,3.20
1036271,413352,906335,115,16351,831,0,4,832.000,3.20
1036271,413352,526859,48,15500,753,0,2,753.500,3.20
1036271,834534,770177,1398,15727,753,0,2,753.500,3.20
1036271,834534,819379,51,15959,831,0,4,832.000,3.20
1036271,598042,341567,822,16102,831,0,4,832.000,3.20
1036271,598042,64165,55,15875,831,0,4,832.000,3.20
1036271,484520,1008421,142,17227,870,0,5,871.250,3.20
1036271,484520,192330,59,17142,870,0,5,871.250,3.20
1037303,603630,171029,85,15934,792,0,3,792.750,0.96
1037303,603630,185927,44,16167,831,0,4,832.000,0.96
1037303,67737,913137,245,15791,753,0,2,753.500,0.96
1037303,67737,303041,50,16060,831,0,4,832.000,0.96
1037303,215239,933225,64,15542,714,0,1,714.250,0.96
1037303,1017235,37049,14,16333,831,0,4,832.000,0.96
1037303,215239,731433,28,15976,792,0,3,792.750,0.96
1037303,1017235,759057,12,15267,753,0,2,753.500,0.96
1037303,294633,697603,351,16143,870,0,5,871.250,0.96
1037303,294633,764179,38,15292,753,0,2,753.500,0.96
1037303,405253,869875,328,21393,831,0,4,832.000,0.96
1037303,405253,508752,66,21934,870,0,5,871.250,0.96
1037303,241549,100740,246,16250,831,0,4,832.000,0.96
1037303,241549,1008193,47,15433,792,0,3,792.750,0.96
1037303,498137,1015557,20,16125,831,0,4,832.000,0.96
1037303,498137,570444,51,16060,831,0,4,832.000,0.96
1037303,204540,336043,368,22643,948,0,7,949.750,0.96
1037303,204540,196358,59,21101,831,0,4,832.000,0.96
1037303,780115,149276,430,15459,792,0,3,792.750,0.96
1037303,780115,63113,47,15476,792,0,3,792.750,0.96
1039033,FAILED,FAILED,FAILED,FAILED,FAILED,FAILED,FAILED,FAILED,FAILED
1040159,497821,735082,553,15292,721,0,2,721.500,1.36
1040159,497821,710699,56,15768,721,0,2,721.500,1.36
1040159,261526,337293,331,19600,684,0,1,684.250,1.36
1040159,261526,122587,62,19917,721,0,2,721.500,1.36
1040159,886809,665153,982,15684,758,0,3,758.750,1.36
1040159,886809,26414,52,15584,758,0,3,758.750,1.36
1040159,643469,893773,568,16500,832,0,5,833.250,1.36
1040159,643469,433620,50,16310,832,0,5,833.250,1.36
1040159,345041,517580,8,15834,795,0,4,796.000,1.36
1040159,345041,410654,58,15809,758,0,3,758.750,1.36
1040159,143778,732852,141,15726,758,0,3,758.750,1.36
1040159,143778,40792,53,16333,795,0,4,796.000,1.36
1040159,737861,810470,426,15917,758,0,3,758.750,1.36
1040159,737861,338920,62,15893,758,0,3,758.750,1.36
1040159,79078,347879,870,15225,758,0,3,758.750,1.36
1040159,103187,906851,29,10625,721,0,2,721.500,1.36
1040159,79078,159640,11,15083,758,0,3,758.750,1.36
1040159,103187,708083,16,11292,795,0,4,796.000,1.36
1040159,281232,878838,126,11268,758,0,3,758.750,1.36
1040159,299695,136852,16,15310,758,0,3,758.750,1.36
1043839,765374,467936,207,15916,813,0,5,814.250,1.58
1043839,765374,120188,40,16101,777,0,4,778.000,1.58
1043839,693593,531575,586,15810,777,0,4,778.000,1.58
1043839,693593,637499,38,15500,741,0,3,741.750,1.58
1043839,1038461,412394,132,15518,741,0,3,741.750,1.58
1043839,1038461,593593,43,15625,741,0,3,741.750,1.58
1043839,704981,430404,477,15517,705,0,2,705.500,1.58
1043839,704981,87432,41,15709,777,0,4,778.000,1.58
1043839,569027,131647,183,15542,741,0,3,741.750,1.58
1043839,569027,1034983,45,15351,741,0,3,741.750,1.58
1043839,1019278,323845,705,16602,849,0,6,850.500,1.58
1043839,1019278,302162,38,16000,813,0,5,814.250,1.58
1043839,289305,166078,1120,14059,741,0,3,741.750,1.58
1043839,289305,842769,41,14292,813,0,5,814.250,1.58
1043839,943156,708402,29,14625,777,0,4,778.000,1.58
1043839,943156,730471,42,14517,741,0,3,741.750,1.58
1043839,78053,324629,117,14417,777,0,4,778.000,1.58
1043839,78053,660545,45,14059,777,0,4,778.000,1.58
1043839,352680,275164,532,15416,777,0,4,778.000,1.58
1043839,352680,918,52,15226,741,0,3,741.750,1.58
1046413,181869,994730,651,14852,824,0,3,824.750,1.04
1046413,181869,508229,54,14833,855,0,4,856.000,1.04
1046413,923750,330196,86,15209,873,0,4,874.000,1.04
1046413,923750,985130,43,14893,812,0,3,812.750,1.04
1046413,922675,432377,159,15292,898,0,5,899.250,1.04
1046413,922675,948272,40,15351,855,0,4,856.000,1.04
1046413,885687,320764,36,15458,910,0,5,911.250,1.04
1046413,885687,208435,44,14892,806,0,3,806.750,1.04
1046413,211554,649121,315,15017,824,0,3,824.750,1.04
1046413,211554,771182,45,14084,757,0,2,757.500,1.04
1046413,263368,398615,211,22125,904,0,5,905.250,1.04
1046413,263368,405231,68,21893,861,0,4,862.000,1.04
1046413,774215,159255,194,15083,892,0,5,893.250,1.04
1046413,774215,164938,51,15143,830,0,3,830.750,1.04
1046413,411874,206549,344,13833,683,0,0,683.000,1.04
1046413,411874,462140,51,16226,947,0,6,948.500,1.04
1046413,827275,561174,319,14726,824,0,3,824.750,1.04
1046413,827275,973490,40,14125,781,0,2,781.500,1.04
1046413,703380,600796,269,15375,904,0,5,905.250,1.04
1046413,703380,206226,53,15268,818,0,3,818.750,1.04
1047229,227528,715497,209,15310,837,0,4,838.000,0.82
1047229,227528,298514,46,14917,831,0,4,832.000,0.82
1047229,770043,10162,362,14875,801,0,3,801.750,0.82
1047229,304004,647823,19,21417,801,0,3,801.750,0.82
1047229,692480,100482,21,15101,807,0,3,807.750,0.82
1047229,770043,114236,5,15810,885,0,5,886.250,0.82
1047229,304004,754381,38,21560,789,0,3,789.750,0.82
1047229,692480,849848,5,14333,765,0,2,765.500,0.82
1047229,317938,667894,209,14584,795,0,3,795.750,0.82
1047229,317938,1000784,40,14476,747,0,2,747.500,0.82
1047229,614553,277666,141,15000,789,0,3,789.750,0.82
1047229,56097,325528,24,20625,765,0,2,765.500,0.82
1047229,56097,970438,13,15810,837,0,4,838.000,0.82
1047229,614553,389690,3,14977,801,0,3,801.750,0.82
1047229,56097,599029,32,14917,825,0,4,826.000,0.82
1047229,131365,809876,206,15459,855,0,4,856.000,0.82
1047229,131365,918265,49,15184,855,0,4,856.000,0.82
1047229,56097,610441,381,219474,699,0,1,699.250,0.82
1047229,27753,671313,528,15875,921,0,6,922.500,0.82
1047229,27753,596515,45,14351,771,0,2,771.500,0.82
1053259,230366,246197,472,13767,641,0,2,641.500,1.05
1053259,457734,379755,47,18875,673,0,3,673.750,1.05
1053259,230366,359006,3,14084,673,0,3,673.750,1.05
1053259,457734,809000,60,19059,673,0,3,673.750,1.05
1053259,649000,253180,269,14083,705,0,4,706.000,1.05
1053259,649000,731801,41,14560,769,0,6,770.500,1.05
1053259,544591,550948,222,13768,641,0,2,641.500,1.05
1053259,544591,144743,46,13208,609,0,1,609.250,1.05
1053259,627605,859885,272,13308,609,0,1,609.250,1.05
1053259,627605,561408,50,13833,641,0,2,641.500,1.05
1053259,44700,570541,222,15000,769,0,6,770.500,1.05
1053259,44700,856587,50,14767,737,0,5,738.250,1.05
1053259,724570,1011301,58,14375,705,0,4,706.000,1.05
1053259,724570,261924,52,14768,737,0,5,738.250,1.05
1053259,252895,332503,169,13227,609,0,1,609.250,1.05
1053259,252895,205554,44,13500,641,0,2,641.500,1.05
1053259,983941,811002,599,10458,673,0,3,673.750,1.05
1053259,983941,32194,29,10708,705,0,4,706.000,1.05
1053259,356378,571900,369,14601,737,0,5,738.250,1.05
1053259,356378,686037,50,14625,737,0,5,738.250,1.05
1054483,1042195,683569,1745,14875,690,0,3,690.750,1.17
1054483,1042195,676071,49,14767,723,0,4,724.000,1.17
1054483,828625,417904,119,14958,723,0,4,724.000,1.17
1054483,828625,471854,49,14268,690,0,3,690.750,1.17
1054483,1050155,967476,279,13833,657,0,2,657.500,1.17
1054483,1050155,555385,48,14058,690,0,3,690.750,1.17
1054483,861628,960671,20,13642,657,0,2,657.500,1.17
1054483,861628,57208,51,14584,657,0,2,657.500,1.17
1054483,189614,666400,516,15058,723,0,4,724.000,1.17
1054483,189614,474436,51,13792,657,0,2,657.500,1.17
1054483,707137,934165,526,13542,657,0,2,657.500,1.17
1054483,408988,542075,29,16625,756,0,5,757.250,1.17
1054483,707137,895789,21,14250,690,0,3,690.750,1.17
1054483,408988,504566,41,16102,723,0,4,724.000,1.17
1054483,809124,795026,110,14892,723,0,4,724.000,1.17
1054483,809124,134778,47,14708,723,0,4,724.000,1.17
1054483,1017495,121952,30,14810,690,0,3,690.750,1.17
1054483,1017495,220311,46,13500,591,0,0,591.000,1.17
1054483,617683,156417,88,14600,723,0,4,724.000,1.17
1054483,617683,688146,41,14375,723,0,4,724.000,1.17
1054853,833654,249976,37,17416,807,0,6,808.500,0.51
1054853,833654,716130,35,14684,729,0,4,730.000,0.51
1054853,145974,72751,27,15291,765,0,5,766.250,0.51
1054853,512056,817850,16,15292,699,0,3,699.750,0.51
1054853,145974,359568,27,15100,705,0,3,705.750,0.51
1054853,703906,464304,14,15892,729,0,4,730.000,0.51
1054853,512056,626562,7,16267,771,0,5,772.250,0.51
1054853,703906,519260,35,14417,687,0,3,687.750,0.51
1054853,977074,761363,14,14976,717,0,4,718.000,0.51
1054853,977074,400481,44,13875,591,0,0,591.000,0.51
1054853,774441,103291,171,14768,717,0,3,717.750,0.51
1054853,774441,659893,56,15708,777,0,5,778.250,0.51
1054853,636150,251815,128,14625,681,0,3,681.750,0.51
1054853,636150,830860,52,16684,777,0,5,778.250,0.51
1054853,1041011,84902,61,15459,759,0,4,760.000,0.51
1054853,1041011,68045,51,14810,699,0,3,699.750,0.51
1054853,12348,412178,273,14392,669,0,2,669.500,0.51
1054853,12348,930323,48,14750,723,0,4,724.000,0.51
1054853,321642,552699,316,15917,801,0,6,802.500,0.51
1054853,321642,793533,46,13958,597,0,0,597.000,0.51
1055143,793244,714435,532,13684,624,0,1,624.250,1.23
1055143,935827,550166,11,14416,690,0,3,690.750,1.23
1055143,793244,122001,28,13667,657,0,2,657.500,1.23
1055143,935827,1025892,15,14809,723,0,4,724.000,1.23
1055143,261261,84193,406,14166,723,0,4,724.000,1.23
1055143,261261,663039,46,14518,723,0,4,724.000,1.23
1055143,651918,794062,333,15209,756,0,5,757.250,1.23
1055143,651918,731238,51,13643,690,0,3,690.750,1.23
1055143,610050,691305,147,16018,822,0,7,823.750,1.23
1055143,610050,959215,44,14792,723,0,4,724.000,1.23
1055143,680991,1035983,142,14208,723,0,4,724.000,1.23
1055143,36868,832845,27,14541,690,0,3,690.750,1.23
1055143,680991,879276,14,13975,690,0,3,690.750,1.23
1055143,36868,443324,26,13892,690,0,3,690.750,1.23
1055143,1052841,230127,1094,14125,657,0,2,657.500,1.23
1055143,1052841,700900,46,14643,723,0,4,724.000,1.23
1055143,395527,479945,694,14268,690,0,3,690.750,1.23
1055143,395527,958544,47,15916,822,0,7,823.750,1.23
1055143,865952,358817,58,14808,756,0,5,757.250,1.23
1055143,865952,470539,47,15125,723,0,4,724.000,1.23
1055531,100341,847217,265,14000,707,0,3,707.750,1.04
1055531,100341,708770,37,13875,707,0,3,707.750,1.04
1055531,545031,262460,417,13750,673,0,2,673.500,1.04
1055531,117902,944884,8,14750,775,0,5,776.250,1.04
1055531,545031,853534,27,14125,707,0,3,707.750,1.04
1055531,117902,899426,4,14560,741,0,4,742.000,1.04
1055531,711158,41952,36,20102,707,0,3,707.750,1.04
1055531,711158,527217,55,20101,741,0,4,742.000,1.04
1055531,524587,713258,554,13977,673,0,2,673.500,1.04
1055531,524587,238232,41,14834,775,0,5,776.250,1.04
1055531,927682,455775,247,14042,707,0,3,707.750,1.04
1055531,927682,960177,45,14417,741,0,4,742.000,1.04
1055531,346363,221618,139,14560,741,0,4,742.000,1.04
1055531,346363,552075,45,14083,673,0,2,673.500,1.04
1055531,919141,541191,198,13291,639,0,1,639.250,1.04
1055531,951357,420855,15,13684,673,0,2,673.500,1.04
1055531,919141,777178,31,14143,707,0,3,707.750,1.04
1055531,951357,592231,7,13875,707,0,3,707.750,1.04
1055531,919874,540382,903,15167,843,0,7,844.750,1.04
1055531,501296,691315,34,14125,741,0,4,742.000,1.04
1056089,FAILED,FAILED,FAILED,FAILED,FAILED,FAILED,FAILED,FAILED,FAILED
1058077,180029,990034,312,14977,747,0,4,748.000,1.14
1058077,180029,909152,57,15166,729,0,3,729.750,1.14
1058077,6051,397751,59,14642,705,0,3,705.750,1.14
1058077,6051,847686,47,13875,663,0,2,663.500,1.14
1058077,357506,355046,172,14583,693,0,3,693.750,1.14
1058077,357506,97939,54,14584,699,0,3,699.750,1.14
1058077,504423,70026,138,11810,711,0,3,711.750,1.14
1058077,504423,87589,40,13375,645,0,2,645.500,1.14
1058077,249061,429652,550,13934,723,0,4,724.000,1.14
1058077,249061,101829,47,14083,657,0,2,657.500,1.14
1058077,383415,548759,17,13375,663,0,2,663.500,1.14
1058077,383415,423665,44,13977,705,0,3,705.750,1.14
1058077,237115,891585,440,13560,717,0,4,718.000,1.14
1058077,237115,969696,37,13791,699,0,3,699.750,1.14
1058077,644585,937202,3,13959,765,0,4,766.000,1.14
1058077,644585,611952,45,12975,627,0,1,627.250,1.14
1058077,531027,179010,107,14250,783,0,5,784.250,1.14
1058077,531027,558424,47,13935,723,0,4,724.000,1.14
1058077,109524,595721,1373,13309,711,0,3,711.750,1.14
1058077,109524,477143,35,14083,723,0,4,724.000,1.14
1058153,FAILED,FAILED,FAILED,FAILED,FAILED,FAILED,FAILED,FAILED,FAILED
1061969,FAILED,FAILED,FAILED,FAILED,FAILED,FAILED,FAILED,FAILED,FAILED
1066313,FAILED,FAILED,FAILED,FAILED,FAILED,FAILED,FAILED,FAILED,FAILED
1066811,513316,741228,708,12750,654,0,1,654.250,1.27
1066811,513316,1005820,41,13601,759,0,4,760.000,1.27
1066811,34579,78259,346,13267,724,0,3,724.750,1.27
1066811,34579,104825,35,12583,689,0,2,689.500,1.27
1066811,242565,355557,92,14292,829,0,6,830.500,1.27
1066811,242565,17058,46,14602,829,0,6,830.500,1.27
1066811,383007,139081,309,13433,724,0,3,724.750,1.27
1066811,383007,884616,42,13750,759,0,4,760.000,1.27
1066811,760928,297615,238,13643,724,0,3,724.750,1.27
1066811,760928,900892,41,12792,654,0,1,654.250,1.27
1066811,66361,172185,214,12917,654,0,1,654.250,1.27
1066811,66361,865656,36,12916,689,0,2,689.500,1.27
1066811,772120,365705,137,13850,794,0,5,795.250,1.27
1066811,772120,652120,45,13334,759,0,4,760.000,1.27
1066811,437905,578576,15,13000,724,0,3,724.750,1.27
1066811,437905,298613,36,13518,724,0,3,724.750,1.27
1066811,176499,155412,771,12500,689,0,2,689.500,1.27
1066811,176499,196875,44,12708,689,0,2,689.500,1.27
1066811,245860,932856,735,12250,794,0,5,795.250,1.27
1066811,245860,571399,45,12351,794,0,5,795.250,1.27
1067387,65024,275391,94,11458,689,0,2,689.500,0.56
1067387,65024,1043052,36,12308,794,0,5,795.250,0.56
1067387,257089,207329,237,11684,724,0,3,724.750,0.56
1067387,257089,236579,45,12167,724,0,3,724.750,0.56
1067387,910051,172276,641,11185,654,0,1,654.250,0.56
1067387,910051,175208,35,11750,724,0,3,724.750,0.56
1067387,848067,437276,20,12833,759,0,4,760.000,0.56
1067387,848067,46586,44,12850,724,0,3,724.750,0.56
1067387,735240,158389,28,11500,654,0,1,654.250,0.56
1067387,735240,912260,48,12810,794,0,5,795.250,0.56
1067387,988825,30908,97,12083,759,0,4,760.000,0.56
1067387,988825,208264,42,12226,724,0,3,724.750,0.56
1067387,104775,115976,12,13083,759,0,4,760.000,0.56
1067387,104775,138536,46,12667,759,0,4,760.000,0.56
1067387,707683,1036171,47,12225,724,0,3,724.750,0.56
1067387,707683,166730,59,12875,794,0,5,795.250,0.56
1067387,263754,1043204,106,20143,724,0,3,724.750,0.56
1067387,708832,735424,112,11583,689,0,2,689.500,0.56
1067387,708832,351065,40,11083,654,0,1,654.250,0.56
1067387,112624,85915,3,12352,794,0,5,795.250,0.56
1068107,259050,904694,115,12000,657,0,2,657.500,0.40
1068107,259050,337821,47,12684,756,0,5,757.250,0.40
1068107,278905,447700,97,12042,723,0,4,724.000,0.40
1068107,278905,864894,45,12351,756,0,5,757.250,0.40
1068107,1050130,17542,44,11750,657,0,2,657.500,0.40
1068107,1050130,233186,40,11434,657,0,2,657.500,0.40
1068107,978582,1042945,70,12500,789,0,6,790.500,0.40
1068107,659367,857282,13,12292,756,0,5,757.250,0.40
1068107,978582,832859,27,12435,756,0,5,757.250,0.40
1068107,659367,380946,17,12434,690,0,3,690.750,0.40
1068107,346882,690363,87,12268,756,0,5,757.250,0.40
1068107,346882,330209,44,11500,657,0,2,657.500,0.40
1068107,854538,849745,56,11600,690,0,3,690.750,0.40
1068107,854538,380221,42,11542,723,0,4,724.000,0.40
1068107,407283,382537,258,12083,690,0,3,690.750,0.40
1068107,616771,803214,16,12208,789,0,6,790.500,0.40
1068107,407283,524980,20,12435,723,0,4,724.000,0.40
1068107,616771,199063,18,11893,723,0,4,724.000,0.40
1068107,303050,356035,32,12041,690,0,3,690.750,0.40
1068107,303050,372008,38,12183,756,0,5,757.250,0.40
1074901,371826,241507,93,11875,733,0,2,733.500,0.43
1074901,57168,248612,31,12000,733,0,2,733.500,0.43
1074901,371826,107890,7,12042,749,0,3,749.750,0.43
1074901,57168,790718,30,11975,767,0,3,767.750,0.43
1074901,906113,230058,119,12643,841,0,5,842.250,0.43
1074901,552611,195427,23,12851,795,0,4,796.000,0.43
1074901,906113,911856,19,12791,881,0,6,882.500,0.43
1074901,552611,609982,22,12083,755,0,3,755.750,0.43
1074901,355683,69696,100,12084,727,0,2,727.500,0.43
1074901,355683,442547,38,12684,755,0,3,755.750,0.43
1074901,293262,679888,55,12917,841,0,5,842.250,0.43
1074901,293262,221674,34,12727,819,0,4,820.000,0.43
1074901,84204,930742,86,12017,739,0,2,739.500,0.43
1074901,84204,61676,28,11834,733,0,2,733.500,0.43
1074901,927502,885304,58,12768,847,0,5,848.250,0.43
1074901,927502,399489,38,12625,807,0,4,808.000,0.43
1074901,523680,681238,154,12375,709,0,2,709.500,0.43
1074901,523680,430648,37,13560,847,0,5,848.250,0.43
1074901,308452,230876,103,12809,847,0,5,848.250,0.43
1074901,308452,814314,47,13292,841,0,5,842.250,0.43
1074991,662434,463343,219,12435,775,0,5,776.250,0.61
1074991,662434,828543,29,12084,775,0,5,776.250,0.61
1074991,625535,203219,244,11601,639,0,1,639.250,0.61
1074991,625535,668545,40,12583,741,0,4,742.000,0.61
1074991,924250,189399,7,11916,707,0,3,707.750,0.61
1074991,924250,1007800,42,11666,707,0,3,707.750,0.61
1074991,248147,360451,257,11768,707,0,3,707.750,0.61
1074991,248147,712893,37,11500,673,0,2,673.500,0.61
1074991,528149,113839,58,11708,707,0,3,707.750,0.61
1074991,528149,199139,42,12434,775,0,5,776.250,0.61
1074991,394011,931120,28,12542,775,0,5,776.250,0.61
1074991,394011,825948,47,12477,741,0,4,742.000,0.61
1074991,553316,267363,431,12083,707,0,3,707.750,0.61
1074991,553316,138056,45,11726,673,0,2,673.500,0.61
1074991,430430,562701,105,12435,707,0,3,707.750,0.61
1074991,788820,130173,11,11833,707,0,3,707.750,0.61
1074991,430430,360528,29,11625,673,0,2,673.500,0.61
1074991,788820,739688,13,11583,673,0,2,673.500,0.61
1074991,895811,24378,85,12375,741,0,4,742.000,0.61
1074991,895811,9817,46,12500,741,0,4,742.000,0.61
1076717,333193,825389,342,11792,702,0,1,702.250,1.35
1076717,333193,978201,36,12310,743,0,2,743.500,1.35
1076717,727169,615887,846,12893,813,0,4,814.000,1.35
1076717,727169,1042025,42,12291,737,0,2,737.500,1.35
1076717,461684,640788,949,12726,831,0,4,832.000,1.35
1076717,280894,291906,11,12393,802,0,3,802.750,1.35
1076717,461684,45670,31,12083,755,0,2,755.500,1.35
1076717,280894,798069,16,13166,878,0,5,879.250,1.35
1076717,814183,898065,394,12684,819,0,4,820.000,1.35
1076717,814183,682847,40,12209,796,0,3,796.750,1.35
1076717,110980,653491,394,13102,790,0,3,790.750,1.35
1076717,397369,97053,25,12125,743,0,2,743.500,1.35
1076717,110980,615912,11,13625,807,0,4,808.000,1.35
1076717,397369,1070891,34,12625,796,0,3,796.750,1.35
1076717,1056222,783484,516,12208,790,0,3,790.750,1.35
1076717,1056222,489194,38,12000,761,0,2,761.500,1.35
1076717,823888,1038704,748,12101,749,0,2,749.500,1.35
1076717,823888,140879,41,12042,755,0,2,755.500,1.35
1076717,921317,525686,149,13351,919,0,6,920.500,1.35
1076717,921317,296338,47,12667,831,0,4,832.000,1.35
1079821,267708,532974,39,12500,783,0,4,784.000,0.60
1079821,267708,357725,44,12184,739,0,3,739.750,0.60
1079821,317207,583341,71,12167,721,0,3,721.750,0.60
1079821,317207,195983,42,12143,727,0,3,727.750,0.60
1079821,22070,403649,133,12142,701,0,2,701.500,0.60
1079821,22070,976938,49,12666,733,0,3,733.750,0.60
1079821,107081,752263,485,12833,797,0,5,798.250,0.60
1079821,107081,1022299,35,11476,695,0,2,695.500,0.60
1079821,760296,612916,23,11459,663,0,1,663.250,0.60
1079821,697668,495612,14,13083,835,0,6,836.500,0.60
1079821,760296,247550,20,12584,783,0,4,784.000,0.60
1079821,697668,283805,15,12435,753,0,4,754.000,0.60
1079821,630326,1049639,22,11768,739,0,3,739.750,0.60
1079821,630326,823861,39,11166,783,0,4,784.000,0.60
1079821,817824,18857,86,11517,827,0,5,828.250,0.60
1079821,817824,763926,42,11583,815,0,5,816.250,0.60
1079821,448436,986410,570,11225,727,0,3,727.750,0.60
1079821,448436,968135,39,10959,733,0,3,733.750,0.60
1079821,587958,509992,236,11334,771,0,4,772.000,0.60
1079821,587958,31238,43,11500,829,0,6,830.500,0.60
1080433,FAILED,FAILED,FAILED,FAILED,FAILED,FAILED,FAILED,FAILED,FAILED
1082603,82546,1051392,576,10625,707,0,3,707.750,0.62
1082603,82546,482396,49,11375,741,0,4,742.000,0.62
1082603,282527,409524,222,10459,707,0,3,707.750,0.62
1082603,282527,359224,43,10917,741,0,4,742.000,0.62
1082603,857057,1001944,281,10310,707,0,3,707.750,0.62
1082603,569043,264172,14,10143,639,0,1,639.250,0.62
1082603,857057,291603,24,11083,673,0,2,673.500,0.62
1082603,569043,560190,17,10542,673,0,2,673.500,0.62
1082603,1040438,223839,218,10935,707,0,3,707.750,0.62
1082603,1040438,474087,43,10708,707,0,3,707.750,0.62
1082603,912772,700343,28,10750,707,0,3,707.750,0.62
1082603,912772,368207,51,11476,775,0,5,776.250,0.62
1082603,127766,1047332,207,10625,707,0,3,707.750,0.62
1082603,127766,7561,45,10435,707,0,3,707.750,0.62
1082603,1066342,200798,329,11042,741,0,4,742.000,0.62
1082603,1066342,406196,39,10684,707,0,3,707.750,0.62
1082603,716598,530453,5,10808,707,0,3,707.750,0.62
1082603,716598,671292,42,10791,707,0,3,707.750,0.62
1082603,260995,703114,68,10226,639,0,1,639.250,0.62
1082603,260995,339374,38,10084,673,0,2,673.500,0.62
1084793,FAILED,FAILED,FAILED,FAILED,FAILED,FAILED,FAILED,FAILED,FAILED
1086809,FAILED,FAILED,FAILED,FAILED,FAILED,FAILED,FAILED,FAILED,FAILED
1088309,551279,842946,115,11542,835,0,5,836.250,0.57
1088309,551279,643064,31,10600,745,0,2,745.500,0.57
1088309,86736,611023,330,10768,733,0,2,733.500,0.57
1088309,86736,850024,44,12000,789,0,4,790.000,0.57
1088309,944123,1085210,85,11375,847,0,5,848.250,0.57
1088309,944123,613937,46,12000,857,0,6,858.500,0.57
1088309,244562,46398,49,10809,745,0,2,745.500,0.57
1088309,244562,768755,39,10750,791,0,3,791.750,0.57
1088309,91964,157012,35,20500,687,0,1,687.250,0.57
1088309,67608,407519,40,11208,761,0,3,761.750,0.57
1088309,91964,281377,27,20750,773,0,3,773.750,0.57
1088309,67608,688317,11,12333,899,0,6,900.500,0.57
1088309,731086,871347,73,11750,819,0,4,820.000,0.57
1088309,731086,984986,45,12125,813,0,4,814.000,0.57
1088309,617650,522612,184,11250,721,0,2,721.500,0.57
1088309,34208,21428,21,11667,819,0,4,820.000,0.57
1088309,617650,203958,19,11792,785,0,3,785.750,0.57
1088309,34208,897124,26,11350,795,0,4,796.000,0.57
1088309,617650,714558,550,11977,807,0,4,808.000,0.57
1088309,617650,27370,38,11459,767,0,3,767.750,0.57
1089469,606294,645571,635,11458,783,0,4,784.000,0.91
1089469,606294,22437,43,11475,807,0,4,808.000,0.91
1089469,538974,914704,180,11166,767,0,3,767.750,0.91
1089469,538974,1066529,43,11225,749,0,3,749.750,0.91
1089469,608723,521502,764,11417,831,0,4,832.000,0.91
1089469,608723,239377,41,12017,841,0,5,842.250,0.91
1089469,1082127,1043057,57,11791,853,0,5,854.250,0.91
1089469,1082127,460299,47,11768,887,0,6,888.500,0.91
1089469,491790,154049,81,11208,819,0,4,820.000,0.91
1089469,491790,994229,39,11059,789,0,4,790.000,0.91
1089469,119824,693631,386,10708,727,0,2,727.500,0.91
1089469,119824,608083,43,11292,865,0,5,866.250,0.91
1089469,241270,559615,182,11767,807,0,4,808.000,0.91
1089469,241270,676044,49,11375,791,0,3,791.750,0.91
1089469,44687,820798,146,11291,813,0,4,814.000,0.91
1089469,639412,1039317,6,11333,773,0,3,773.750,0.91
1089469,44687,824277,32,11226,819,0,4,820.000,0.91
1089469,639412,496204,6,11393,709,0,2,709.500,0.91
1089469,765746,693322,357,11583,865,0,5,866.250,0.91
1089469,765746,92700,47,11166,783,0,4,784.000,0.91
1092269,850368,288361,330,11184,756,0,3,756.750,0.54
1092269,850368,618703,37,10875,717,0,2,717.500,0.54
1092269,625088,71789,12,11334,789,0,4,790.000,0.54
1092269,625088,255903,41,11350,789,0,4,790.000,0.54
1092269,694639,675029,44,11375,783,0,4,784.000,0.54
1092269,694639,1084945,43,11000,699,0,2,699.500,0.54
1092269,237334,880075,87,10958,717,0,2,717.500,0.54
1092269,863022,339082,3,11542,789,0,4,790.000,0.54
1092269,237334,473493,34,10810,738,0,3,738.750,0.54
1092269,863022,315805,3,10935,750,0,3,750.750,0.54
1092269,19891,698634,95,10458,654,0,1,654.250,0.54
1092269,19891,1080135,46,11351,816,0,5,817.250,0.54
1092269,873779,1018875,4,10975,738,0,3,738.750,0.54
1092269,873779,336404,44,11916,840,0,5,841.250,0.54
1092269,131697,680805,834,10892,693,0,2,693.500,0.54
1092269,131697,190907,40,11417,834,0,5,835.250,0.54
1092269,514190,731277,38,11250,777,0,4,778.000,0.54
1092269,514190,432594,42,11518,822,0,5,823.250,0.54
1092269,534420,881462,18,11709,822,0,5,823.250,0.54
1092269,534420,616102,40,11666,801,0,4,802.000,0.54
1093109,597609,797046,25,12935,705,0,1,705.250,0.73
1093109,597609,1762,44,11208,753,0,2,753.500,0.73
1093109,627957,802810,151,11291,837,0,4,838.000,0.73
1093109,627957,564919,43,12184,933,0,6,934.500,0.73
1093109,1010832,256838,255,11833,789,0,3,789.750,0.73
1093109,1010832,498084,49,13166,945,0,6,946.500,0.73
1093109,562639,239682,243,10959,831,0,4,832.000,0.73
1093109,562639,40378,39,11476,849,0,4,850.000,0.73
1093109,189883,355035,261,11184,759,0,2,759.500,0.73
1093109,189883,1076328,37,11500,789,0,3,789.750,0.73
1093109,721426,477984,84,11292,837,0,4,838.000,0.73
1093109,721426,974144,45,12042,921,0,6,922.500,0.73
1093109,472072,252282,712,20125,741,0,2,741.500,0.73
1093109,472072,51637,90,20310,765,0,2,765.500,0.73
1093109,122343,422794,165,10750,747,0,2,747.500,0.73
1093109,122343,823551,43,11184,783,0,3,783.750,0.73
1093109,255619,41949,96,11685,891,0,5,892.250,0.73
1093109,255619,745443,47,11500,819,0,4,820.000,0.73
1093109,1026732,942190,128,11333,879,0,5,880.250,0.73
1093109,1026732,638449,40,10708,735,0,2,735.500,0.73
1094183,921098,1070841,188,10976,723,0,4,724.000,0.53
1094183,921098,579686,46,10792,723,0,4,724.000,0.53
1094183,115477,712742,76,10602,690,0,3,690.750,0.53
1094183,115477,293292,42,10417,690,0,3,690.750,0.53
1094183,447135,275115,49,11334,789,0,6,790.500,0.53
1094183,447135,136226,48,11351,723,0,4,724.000,0.53
1094183,213239,121935,189,10542,690,0,3,690.750,0.53
1094183,213239,440193,47,10767,690,0,3,690.750,0.53
1094183,85609,676062,598,10375,657,0,2,657.500,0.53
1094183,420008,1081464,35,10708,723,0,4,724.000,0.53
1094183,85609,88975,4,10584,723,0,4,724.000,0.53
1094183,420008,1086453,35,10934,723,0,4,724.000,0.53
1094183,148304,496724,247,11433,789,0,6,790.500,0.53
1094183,148304,145517,44,10917,756,0,5,757.250,0.53
1094183,431723,1053774,76,10268,690,0,3,690.750,0.53
1094183,812587,985739,14,10851,723,0,4,724.000,0.53
1094183,431723,712554,24,11083,756,0,5,757.250,0.53
1094183,812587,731336,11,10458,690,0,3,690.750,0.53
1094183,397361,677723,141,12125,756,0,5,757.250,0.53
1094183,397361,562290,53,11642,756,0,5,757.250,0.53
1095071,478410,832868,228,10434,639,0,1,639.250,0.48
1095071,478410,937397,42,10917,775,0,5,776.250,0.48
1095071,932943,571136,83,11518,843,0,7,844.750,0.48
1095071,932943,19645,41,10625,741,0,4,742.000,0.48
1095071,915702,768263,296,11417,809,0,6,810.500,0.48
1095071,1041418,254228,16,20601,741,0,4,742.000,0.48
1095071,915702,114374,29,10643,673,0,2,673.500,0.48
1095071,1041418,125921,46,21041,775,0,5,776.250,0.48
1095071,858372,315812,345,10208,639,0,1,639.250,0.48
1095071,858372,31573,46,11000,673,0,2,673.500,0.48
1095071,386824,507192,150,10792,741,0,4,742.000,0.48
1095071,386824,238773,42,11393,741,0,4,742.000,0.48
1095071,392152,61259,127,10600,707,0,3,707.750,0.48
1095071,392152,779660,46,10500,673,0,2,673.500,0.48
1095071,626215,517115,55,9893,639,0,1,639.250,0.48
1095071,777799,270035,12,11060,775,0,5,776.250,0.48
1095071,30084,7719,5,10809,741,0,4,742.000,0.48
1095071,626215,699349,16,10292,639,0,1,639.250,0.48
1095071,777799,762911,14,11042,775,0,5,776.250,0.48
1095071,30084,654722,2,10833,707,0,3,707.750,0.48
1099717,81377,877267,125,12184,761,0,3,761.750,1.20
1099717,81377,246374,37,10417,727,0,2,727.500,1.20
1099717,1045692,525326,24,11000,813,0,4,814.000,1.20
1099717,1045692,156799,46,10685,715,0,2,715.500,1.20
1099717,686775,952126,883,10459,699,0,1,699.250,1.20
1099717,686775,739888,39,11083,789,0,4,790.000,1.20
1099717,309579,37370,170,10208,705,0,1,705.250,1.20
1099717,513336,191133,20,11500,813,0,4,814.000,1.20
1099717,309579,847976,9,10541,739,0,2,739.500,1.20
1099717,513336,395295,27,11375,863,0,6,864.500,1.20
1099717,394736,720033,929,11142,767,0,3,767.750,1.20
1099717,394736,489915,39,11208,767,0,3,767.750,1.20
1099717,1023347,952197,1457,11375,829,0,5,830.250,1.20
1099717,1023347,688352,38,11060,761,0,3,761.750,1.20
1099717,945973,215118,349,12292,795,0,4,796.000,1.20
1099717,663791,326047,5,11666,779,0,3,779.750,1.20
1099717,14590,338593,18,11125,761,0,3,761.750,1.20
1099717,945973,75198,11,11476,853,0,5,854.250,1.20
1099717,663791,781733,4,11602,807,0,4,808.000,1.20
1099717,320327,1093736,12,10393,681,0,1,681.250,1.20
1100977,FAILED,FAILED,FAILED,FAILED,FAILED,FAILED,FAILED,FAILED,FAILED
1102823,538429,1004264,290,9875,633,0,0,633.000,0.67
1102823,538429,714906,45,10583,777,0,4,778.000,0.67
1102823,625003,731699,100,10333,705,0,2,705.500,0.67
1102823,625003,590067,36,10084,705,0,2,705.500,0.67
1102823,387217,308022,88,11209,777,0,4,778.000,0.67
1102823,387217,61432,44,10500,741,0,3,741.750,0.67
1102823,606277,1022968,46,10808,741,0,3,741.750,0.67
1102823,606277,289718,42,11042,813,0,5,814.250,0.67
1102823,303820,1011635,472,10684,705,0,2,705.500,0.67
1102823,303820,553083,46,11417,813,0,5,814.250,0.67
1102823,300780,1017363,626,10892,741,0,3,741.750,0.67
1102823,300780,692856,43,11334,741,0,3,741.750,0.67
1102823,831538,306841,13,22167,777,0,4,778.000,0.67
1102823,831538,372056,79,20351,741,0,3,741.750,0.67
1102823,598741,41980,14,10208,705,0,2,705.500,0.67
1102823,598741,1010811,47,11417,813,0,5,814.250,0.67
1102823,1011307,791688,21,10435,705,0,2,705.500,0.67
1102823,1011307,844695,40,10333,741,0,3,741.750,0.67
1102823,562901,989476,390,10892,777,0,4,778.000,0.67
1102823,562901,1094580,47,11000,777,0,4,778.000,0.67
1104427,620115,651855,154,10625,724,0,3,724.750,0.34
1104427,620115,149232,44,11167,794,0,5,795.250,0.34
1104427,670702,247875,25,10475,689,0,2,689.500,0.34
1104427,670702,301061,42,10667,689,0,2,689.500,0.34
1104427,94239,241754,36,10209,689,0,2,689.500,0.34
1104427,24996,386013,13,10417,654,0,1,654.250,0.34
1104427,859239,855497,15,11185,794,0,5,795.250,0.34
1104427,94239,267358,3,11185,794,0,5,795.250,0.34
1104427,24996,975649,16,11143,829,0,6,830.500,0.34
1104427,452591,222090,1,11059,759,0,4,760.000,0.34
1104427,859239,130903,16,10750,759,0,4,760.000,0.34
1104427,452591,548628,21,11000,794,0,5,795.250,0.34
1104427,52983,117318,7,10708,724,0,3,724.750,0.34
1104427,52983,288353,36,10892,724,0,3,724.750,0.34
1104427,348853,91086,101,10750,759,0,4,760.000,0.34
1104427,348853,590096,46,11102,759,0,4,760.000,0.34
1104427,596366,200507,522,11042,759,0,4,760.000,0.34
1104427,194671,382674,7,10309,654,0,1,654.250,0.34
1104427,596366,789620,30,10767,759,0,4,760.000,0.34
1104427,194671,402821,3,10625,689,0,2,689.500,0.34
1104589,371515,395790,305,11334,773,0,3,773.750,0.56
1104589,371515,814496,41,11333,761,0,3,761.750,0.56
1104589,177158,275337,327,11834,881,0,6,882.500,0.56
1104589,636280,242460,19,12042,887,0,6,888.500,0.56
1104589,177158,987267,22,11375,727,0,2,727.500,0.56
1104589,636280,5885,21,10892,743,0,3,743.750,0.56
1104589,752681,39971,145,11685,825,0,4,826.000,0.56
1104589,752681,578023,49,11750,887,0,6,888.500,0.56
1104589,821994,629077,18,11666,825,0,4,826.000,0.56
1104589,821994,437300,36,10726,721,0,2,721.500,0.56
1104589,940228,135709,72,11542,841,0,5,842.250,0.56
1104589,940228,525773,37,10934,761,0,3,761.750,0.56
1104589,239784,903548,448,11958,835,0,5,836.250,0.56
1104589,239784,903001,44,10976,727,0,2,727.500,0.56
1104589,22746,746382,67,11209,755,0,3,755.750,0.56
1104589,22746,740386,45,11393,819,0,4,820.000,0.56
1104589,588225,268856,64,10917,779,0,3,779.750,0.56
1104589,588225,294270,39,11584,807,0,4,808.000,0.56
1104589,167972,794956,165,11767,829,0,5,830.250,0.56
1104589,167972,644009,43,11083,733,0,2,733.500,0.56
1104941,931185,1019463,176,10917,729,0,2,729.500,0.29
1104941,931185,342344,46,10809,750,0,3,750.750,0.29
1104941,1067585,905838,45,11542,819,0,4,820.000,0.29
1104941,1067585,983767,51,12250,885,0,6,886.500,0.29
1104941,64553,397650,96,11041,744,0,3,744.750,0.29
1104941,64553,1097445,33,11559,789,0,4,790.000,0.29
1104941,637815,141740,1,11350,807,0,4,808.000,0.29
1104941,636508,373276,25,11042,816,0,5,817.250,0.29
1104941,637815,481147,12,11125,783,0,4,784.000,0.29
1104941,959117,1002593,14,10875,756,0,3,756.750,0.29
1104941,636508,281538,13,11709,855,0,6,856.500,0.29
1104941,959117,1090544,24,11268,762,0,3,762.750,0.29
1104941,509386,498925,24,11560,861,0,6,862.500,0.29
1104941,113439,253817,13,10750,750,0,3,750.750,0.29
1104941,509386,176906,21,10833,744,0,3,744.750,0.29
1104941,113439,400301,9,10500,660,0,1,660.250,0.29
1104941,499031,142709,4,10667,744,0,3,744.750,0.29
1104941,499031,263256,43,11767,879,0,6,880.500,0.29
1104941,862773,902790,55,22350,834,0,5,835.250,0.29
1104941,862773,615637,75,20143,705,0,2,705.500,0.29
1108693,59607,158848,299,11392,825,0,4,826.000,0.55
1108693,59607,832254,39,11000,802,0,3,802.750,0.55
1108693,1085330,228409,32,10875,708,0,1,708.250,0.55
1108693,1085330,146916,51,11602,737,0,2,737.500,0.55
1108693,1040495,1072715,143,11435,831,0,4,832.000,0.55
1108693,1040495,851277,40,10709,737,0,2,737.500,0.55
1108693,819466,679602,118,10958,772,0,3,772.750,0.55
1108693,819466,566791,42,11334,749,0,2,749.500,0.55
1108693,455797,943811,55,10684,714,0,1,714.250,0.55
1108693,455797,358611,36,10875,755,0,2,755.500,0.55
1108693,1084818,1087775,479,11476,866,0,5,867.250,0.55
1108693,1084818,191118,51,11292,819,0,4,820.000,0.55
1108693,785387,360172,65,10601,743,0,2,743.500,0.55
1108693,785387,145042,37,11125,761,0,2,761.500,0.55
1108693,280992,727679,50,11684,884,0,5,885.250,0.55
1108693,280992,909710,48,11416,837,0,4,838.000,0.55
1108693,126455,16021,259,11167,766,0,3,766.750,0.55
1108693,126455,292577,50,13101,878,0,5,879.250,0.55
1108693,848380,346169,18,11476,837,0,4,838.000,0.55
1108693,848380,500934,41,11375,778,0,3,778.750,0.55
1111547,127877,948748,120,12000,753,0,2,753.500,0.73
1111547,178073,1005419,28,11125,792,0,3,792.750,0.73
1111547,127877,707558,11,10434,753,0,2,753.500,0.73
1111547,178073,841016,31,10959,753,0,2,753.500,0.73
1111547,50830,968244,13,10750,792,0,3,792.750,0.73
1111547,50830,403653,41,10875,792,0,3,792.750,0.73
1111547,306907,697788,618,10209,753,0,2,753.500,0.73
1111547,306907,246590,44,11143,831,0,4,832.000,0.73
1111547,1079918,590006,913,10351,753,0,2,753.500,0.73
1111547,1079918,893653,47,10750,753,0,2,753.500,0.73
1111547,715027,510621,67,10726,831,0,4,832.000,0.73
1111547,715027,454790,35,11334,870,0,5,871.250,0.73
1111547,556079,936536,7,11083,870,0,5,871.250,0.73
1111547,556079,870577,45,11143,831,0,4,832.000,0.73
1111547,596855,879975,331,10709,831,0,4,832.000,0.73
1111547,596855,883149,45,11060,870,0,5,871.250,0.73
1111547,306283,95013,243,10834,792,0,3,792.750,0.73
1111547,911101,97953,29,11602,948,0,7,949.750,0.73
1111547,306283,907831,13,10959,831,0,4,832.000,0.73
1111547,911101,172420,26,11292,870,0,5,871.250,0.73
1116911,832572,884352,1876,10852,775,0,5,776.250,1.16
1116911,832572,301006,42,10792,741,0,4,742.000,1.16
1116911,1032026,333416,722,11767,741,0,4,742.000,1.16
1116911,1032026,608372,46,11708,775,0,5,776.250,1.16
1116911,20001,854092,453,11000,741,0,4,742.000,1.16
1116911,20001,974416,35,10351,673,0,2,673.500,1.16
1116911,713575,589244,37,10834,741,0,4,742.000,1.16
1116911,713575,521917,47,10917,741,0,4,742.000,1.16
1116911,166315,785193,254,10750,707,0,3,707.750,1.16
1116911,166315,466768,35,10684,741,0,4,742.000,1.16
1116911,368381,610428,181,10875,673,0,2,673.500,1.16
1116911,368381,681815,41,10975,741,0,4,742.000,1.16
1116911,80052,111352,181,10375,639,0,1,639.250,1.16
1116911,105637,3226,27,10667,741,0,4,742.000,1.16
1116911,80052,248988,9,10875,673,0,2,673.500,1.16
1116911,105637,512361,32,11183,775,0,5,776.250,1.16
1116911,1006528,512961,58,11750,741,0,4,742.000,1.16
1116911,1006528,782639,42,11125,707,0,3,707.750,1.16
1116911,1043518,634868,566,10250,673,0,2,673.500,1.16
1116911,1043518,702612,35,10792,741,0,4,742.000,1.16
1117591,168225,310842,95,13000,707,0,3,707.750,0.70
1117591,168225,947341,37,13352,809,0,6,810.500,0.70
1117591,493955,994124,675,10166,673,0,2,673.500,0.70
1117591,999473,130622,15,11250,809,0,6,810.500,0.70
1117591,493955,351370,20,10976,775,0,5,776.250,0.70
1117591,999473,844344,17,10892,741,0,4,742.000,0.70
1117591,372087,1095392,151,10084,639,0,1,639.250,0.70
1117591,372087,171079,38,10500,673,0,2,673.500,0.70
1117591,854999,1115056,59,10475,741,0,4,742.000,0.70
1117591,854999,530340,36,10625,707,0,3,707.750,0.70
1117591,54266,568056,327,10935,741,0,4,742.000,0.70
1117591,54266,656083,45,10917,741,0,4,742.000,0.70
1117591,670331,283582,66,10560,707,0,3,707.750,0.70
1117591,670331,280211,42,11083,741,0,4,742.000,0.70
1117591,356334,532302,564,10768,741,0,4,742.000,0.70
1117591,289785,912757,29,10625,707,0,3,707.750,0.70
1117591,356334,509666,12,11292,707,0,3,707.750,0.70
1117591,289785,20642,24,10583,741,0,4,742.000,0.70
1117591,167963,917150,187,10643,707,0,3,707.750,0.70
1117591,167963,34547,35,10917,673,0,2,673.500,0.70
1118041,FAILED,FAILED,FAILED,FAILED,FAILED,FAILED,FAILED,FAILED,FAILED
1121179,674995,207746,296,32768,741,0,3,741.750,1.11
1121179,674995,422961,87,19434,669,0,1,669.250,1.11
1121179,167545,842441,104,11143,813,0,5,814.250,1.11
1121179,167545,902299,47,11083,777,0,4,778.000,1.11
1121179,226638,1002879,473,11601,849,0,6,850.500,1.11
1121179,226638,315978,49,11250,813,0,5,814.250,1.11
1121179,465787,804986,150,11500,813,0,5,814.250,1.11
1121179,465787,1002332,54,11267,813,0,5,814.250,1.11
1121179,735323,779547,586,10917,777,0,4,778.000,1.11
1121179,735323,851613,40,10642,705,0,2,705.500,1.11
1121179,380559,1092453,149,11560,813,0,5,814.250,1.11
1121179,380559,367770,49,11709,813,0,5,814.250,1.11
1121179,683483,922292,450,10351,705,0,2,705.500,1.11
1121179,683483,933224,42,10833,741,0,3,741.750,1.11
1121179,867331,927036,482,10517,741,0,3,741.750,1.11
1121179,867331,618609,37,10375,741,0,3,741.750,1.11
1121179,114571,930193,79,10810,777,0,4,778.000,1.11
1121179,114571,995443,37,10375,741,0,3,741.750,1.11
1121179,968965,886404,1240,10750,741,0,3,741.750,1.11
1121179,968965,693500,44,10851,777,0,4,778.000,1.11
1121369,FAILED,FAILED,FAILED,FAILED,FAILED,FAILED,FAILED,FAILED,FAILED
1124239,181411,223097,1062,10208,673,0,2,673.500,0.67
1124239,181411,1076247,39,10602,707,0,3,707.750,0.67
1124239,929197,7716,126,10958,775,0,5,776.250,0.67
1124239,929197,705999,39,10768,673,0,2,673.500,0.67
1124239,274771,1064921,130,10725,707,0,3,707.750,0.67
1124239,274771,531069,46,11083,707,0,3,707.750,0.67
1124239,634438,299249,245,12250,809,0,6,810.500,0.67
1124239,634438,277602,40,11334,707,0,3,707.750,0.67
1124239,731199,359665,96,10291,673,0,2,673.500,0.67
1124239,731199,957518,39,10726,707,0,3,707.750,0.67
1124239,210474,490313,91,10459,707,0,3,707.750,0.67
1124239,210474,942669,39,10352,673,0,2,673.500,0.67
1124239,506599,769500,157,10768,741,0,4,742.000,0.67
1124239,506599,94406,40,10791,707,0,3,707.750,0.67
1124239,977770,368993,93,11558,775,0,5,776.250,0.67
1124239,977770,742887,48,11792,775,0,5,776.250,0.67
1124239,535292,949312,48,22643,843,0,7,844.750,0.67
1124239,535292,332319,91,21250,775,0,5,776.250,0.67
1124239,414200,103244,38,10476,707,0,3,707.750,0.67
1124239,414200,163252,44,10792,741,0,4,742.000,0.67
1125433,FAILED,FAILED,FAILED,FAILED,FAILED,FAILED,FAILED,FAILED,FAILED
1127641,FAILED,FAILED,FAILED,FAILED,FAILED,FAILED,FAILED,FAILED,FAILED
1130117,1100045,848348,111,11792,761,0,3,761.750,0.51
1130117,1100045,303935,47,12393,835,0,5,836.250,0.51
1130117,1052483,729899,486,10893,709,0,2,709.500,0.51
1130117,1052483,254216,41,11334,819,0,4,820.000,0.51
1130117,238962,1046676,150,11167,773,0,3,773.750,0.51
1130117,497676,54782,9,11375,881,0,6,882.500,0.51
1130117,238962,373789,28,11142,733,0,2,733.500,0.51
1130117,497676,833826,9,11184,807,0,4,808.000,0.51
1130117,384577,701474,283,10875,727,0,2,727.500,0.51
1130117,267328,202377,22,11167,761,0,3,761.750,0.51
1130117,886262,578892,2,20708,761,0,3,761.750,0.51
1130117,384577,277637,15,11125,773,0,3,773.750,0.51
1130117,267328,353817,18,10727,699,0,1,699.250,0.51
1130117,886262,1060707,44,19560,727,0,2,727.500,0.51
1130117,4782,1815,110,11500,881,0,6,882.500,0.51
1130117,4782,167649,38,11375,801,0,4,802.000,0.51
1130117,783008,796185,274,11101,807,0,4,808.000,0.51
1130117,124745,927380,2,11267,807,0,4,808.000,0.51
1130117,783008,894074,27,11250,825,0,4,826.000,0.51
1130117,124745,1024510,5,11500,813,0,4,814.000,0.51
1131239,357912,25747,62,13333,707,0,3,707.750,0.59
1131239,203540,519252,12,13417,707,0,3,707.750,0.59
1131239,357912,266478,27,13518,741,0,4,742.000,0.59
1131239,203540,72631,8,12310,707,0,3,707.750,0.59
1131239,607419,658661,24,11541,809,0,6,810.500,0.59
1131239,607419,682468,37,11333,775,0,5,776.250,0.59
1131239,306539,1023013,250,10976,775,0,5,776.250,0.59
1131239,306539,31607,38,10959,775,0,5,776.250,0.59
1131239,697112,968461,12,10750,775,0,5,776.250,0.59
1131239,61525,331609,35,10250,673,0,2,673.500,0.59
1131239,697112,620003,1,11375,843,0,7,844.750,0.59
1131239,61525,212118,36,10643,707,0,3,707.750,0.59
1131239,232784,1067038,14,155713,673,0,2,673.500,0.59
1131239,50519,657682,21,10500,707,0,3,707.750,0.59
1131239,50519,1090070,37,10892,775,0,5,776.250,0.59
1131239,896257,710327,40,10416,639,0,1,639.250,0.59
1131239,232784,102729,16,31350,673,0,2,673.500,0.59
1131239,896257,1093073,25,10708,707,0,3,707.750,0.59
1131239,1038878,325224,1245,10976,707,0,3,707.750,0.59
1131239,1038878,643474,34,10667,707,0,3,707.750,0.59
1132991,290094,6840,327,10392,690,0,3,690.750,0.62
1132991,1057480,38522,10,10517,690,0,3,690.750,0.62
1132991,290094,742969,34,10916,723,0,4,724.000,0.62
1132991,1057480,400172,15,10708,723,0,4,724.000,0.62
1132991,18430,231190,58,10559,690,0,3,690.750,0.62
1132991,18430,344540,40,10625,690,0,3,690.750,0.62
1132991,883074,61483,220,11268,690,0,3,690.750,0.62
1132991,883074,539409,40,11125,690,0,3,690.750,0.62
1132991,294753,84109,93,11185,756,0,5,757.250,0.62
1132991,294753,301906,42,10709,723,0,4,724.000,0.62
1132991,573898,382402,558,10625,723,0,4,724.000,0.62
1132991,573898,316635,48,11308,789,0,6,790.500,0.62
1132991,1087914,356268,215,10000,624,0,1,624.250,0.62
1132991,1087914,1066305,40,10310,690,0,3,690.750,0.62
1132991,938929,235741,431,10684,690,0,3,690.750,0.62
1132991,976395,466922,37,19392,690,0,3,690.750,0.62
1132991,938929,316022,8,10875,723,0,4,724.000,0.62
1132991,976395,883994,76,19268,690,0,3,690.750,0.62
1132991,348518,617961,29,10584,690,0,3,690.750,0.62
1132991,348518,916319,44,9708,591,0,0,591.000,0.62
1133159,330405,1057280,481,10893,741,0,4,742.000,0.79
1133159,330405,786217,40,11125,741,0,4,742.000,0.79
1133159,1055353,767098,168,9916,605,0,0,605.000,0.79
1133159,1055353,601009,38,11142,741,0,4,742.000,0.79
1133159,738125,557816,7,10458,673,0,2,673.500,0.79
1133159,400471,283246,17,10917,775,0,5,776.250,0.79
1133159,738125,807628,21,10917,707,0,3,707.750,0.79
1133159,400471,792133,18,10334,673,0,2,673.500,0.79
1133159,946796,447960,528,10476,741,0,4,742.000,0.79
1133159,946796,303660,38,10458,673,0,2,673.500,0.79
1133159,242047,968577,248,10683,707,0,3,707.750,0.79
1133159,242047,959094,40,10791,741,0,4,742.000,0.79
1133159,492419,661210,488,11125,741,0,4,742.000,0.79
1133159,492419,450126,41,10875,707,0,3,707.750,0.79
1133159,758594,690383,17,20643,775,0,5,776.250,0.79
1133159,359564,184660,42,10417,673,0,2,673.500,0.79
1133159,758594,197972,39,18083,605,0,0,605.000,0.79
1133159,359564,237813,12,11042,741,0,4,742.000,0.79
1133159,585709,268300,724,10101,639,0,1,639.250,0.79
1133159,585709,586065,35,10042,673,0,2,673.500,0.79
1134961,FAILED,FAILED,FAILED,FAILED,FAILED,FAILED,FAILED,FAILED,FAILED
1139623,284294,646693,392,10227,654,0,1,654.250,0.92
1139623,284294,434265,39,10375,724,0,3,724.750,0.92
1139623,1076475,118398,759,10625,759,0,4,760.000,0.92
1139623,1076475,153864,40,10625,689,0,2,689.500,0.92
1139623,692126,953128,210,10709,654,0,1,654.250,0.92
1139623,692126,215070,48,11208,794,0,5,795.250,0.92
1139623,1067848,853924,310,11059,759,0,4,760.000,0.92
1139623,1067848,56708,47,10833,794,0,5,795.250,0.92
1139623,941804,236617,221,19683,759,0,4,760.000,0.92
1139623,941804,490692,89,20684,829,0,6,830.500,0.92
1139623,1012772,948851,403,10893,759,0,4,760.000,0.92
1139623,1012772,496521,37,10959,759,0,4,760.000,0.92
1139623,1110357,744072,1,11084,724,0,3,724.750,0.92
1139623,846793,954695,2,10542,724,0,3,724.750,0.92
1139623,846793,853695,39,10792,759,0,4,760.000,0.92
1139623,1110357,662817,2,12083,864,0,7,865.750,0.92
1139623,412846,671073,888,11500,829,0,6,830.500,0.92
1139623,412846,988386,49,11225,759,0,4,760.000,0.92
1139623,722836,363077,2,10684,689,0,2,689.500,0.92
1139623,722836,1044058,46,10667,689,0,2,689.500,0.92
1141417,FAILED,FAILED,FAILED,FAILED,FAILED,FAILED,FAILED,FAILED,FAILED
1141853,779610,97120,405,10625,711,0,2,711.500,1.03
1141853,779610,26752,42,10625,684,0,1,684.250,1.03
1141853,197643,364405,552,11477,756,0,3,756.750,1.03
1141853,197643,916304,40,11459,744,0,3,744.750,1.03
1141853,609851,96253,283,10958,723,0,2,723.500,1.03
1141853,609851,81746,46,11059,762,0,3,762.750,1.03
1141853,60449,679004,99,11850,828,0,5,829.250,1.03
1141853,60449,711026,45,11041,750,0,3,750.750,1.03
1141853,1091452,727284,460,11350,813,0,4,814.000,1.03
1141853,1091452,603683,45,10500,672,0,1,672.250,1.03
1141853,951009,446388,988,10875,717,0,2,717.500,1.03
1141853,951009,970447,44,10625,705,0,2,705.500,1.03
1141853,1012131,948096,185,10809,723,0,2,723.500,1.03
1141853,1012131,60953,36,11459,795,0,4,796.000,1.03
1141853,347021,239089,346,11541,789,0,4,790.000,1.03
1141853,347021,625104,40,10959,711,0,2,711.500,1.03
1141853,790508,1133846,22,20625,738,0,3,738.750,1.03
1141853,790508,867556,94,21393,789,0,4,790.000,1.03
1141853,83937,326413,33,11142,777,0,4,778.000,1.03
1141853,83937,414141,42,10958,693,0,2,693.500,1.03
1148261,441628,492985,354,11768,873,0,6,874.500,0.56
1148261,441628,807636,46,12042,861,0,6,862.500,0.56
1148261,280695,508215,707,10518,690,0,1,690.250,0.56
1148261,280695,935225,51,11667,834,0,5,835.250,0.56
1148261,898218,754643,69,11226,816,0,5,817.250,0.56
1148261,898218,483531,37,10375,627,0,0,627.000,0.56
1148261,156005,566073,11,11417,822,0,5,823.250,0.56
1148261,156005,28854,40,11434,807,0,4,808.000,0.56
1148261,219192,1127762,10,11267,783,0,4,784.000,0.56
1148261,1052717,580395,2,10975,750,0,3,750.750,0.56
1148261,219192,339231,35,11500,789,0,4,790.000,0.56
1148261,1052717,646351,1,10875,750,0,3,750.750,0.56
1148261,943404,943952,38,11083,705,0,2,705.500,0.56
1148261,943404,139650,47,11602,750,0,3,750.750,0.56
1148261,247334,309341,212,11393,801,0,4,802.000,0.56
1148261,247334,393412,46,12167,900,0,7,901.750,0.56
1148261,63021,876202,142,10917,738,0,3,738.750,0.56
1148261,63021,578858,49,10750,705,0,2,705.500,0.56
1148261,430297,730311,65,11125,732,0,3,732.750,0.56
1148261,430297,404706,36,11458,783,0,4,784.000,0.56
1154233,FAILED,FAILED,FAILED,FAILED,FAILED,FAILED,FAILED,FAILED,FAILED
1157063,205830,160987,84,11167,813,0,5,814.250,0.64
1157063,205830,827428,42,11142,849,0,6,850.500,0.64
1157063,397814,330364,335,10642,741,0,3,741.750,0.64
1157063,397814,238492,43,11125,813,0,5,814.250,0.64
1157063,588514,990182,378,10833,741,0,3,741.750,0.64
1157063,806845,1064453,34,11583,849,0,6,850.500,0.64
1157063,588514,704334,5,11167,777,0,4,778.000,0.64
1157063,806845,428684,43,11142,813,0,5,814.250,0.64
1157063,499408,706637,308,11084,777,0,4,778.000,0.64
1157063,499408,954184,39,10559,705,0,2,705.500,0.64
1157063,185133,1076266,111,10959,813,0,5,814.250,0.64
1157063,357545,680676,36,11268,849,0,6,850.500,0.64
1157063,185133,993024,9,10477,705,0,2,705.500,0.64
1157063,357545,11553,41,11042,777,0,4,778.000,0.64
1157063,9782,773586,430,10958,777,0,4,778.000,0.64
1157063,9782,1053868,39,10518,741,0,3,741.750,0.64
1157063,560915,39625,98,11018,813,0,5,814.250,0.64
1157063,560915,143843,37,11292,813,0,5,814.250,0.64
1157063,425396,399254,203,11018,777,0,4,778.000,0.64
1157063,425396,799283,37,10708,741,0,3,741.750,0.64
1157851,650555,590441,736,10916,795,0,4,796.000,1.52
1157851,650555,145186,49,10602,795,0,4,796.000,1.52
1157851,751643,813261,588,10834,795,0,4,796.000,1.52
1157851,751643,492240,42,11352,869,0,6,870.500,1.52
1157851,986843,639978,33,10851,758,0,3,758.750,1.52
1157851,986843,282621,46,10666,721,0,2,721.500,1.52
1157851,1024873,609532,547,11209,832,0,5,833.250,1.52
1157851,1024873,365792,42,10934,758,0,3,758.750,1.52
1157851,878195,371557,650,11208,795,0,4,796.000,1.52
1157851,878195,842803,40,10500,684,0,1,684.250,1.52
1157851,215898,292613,1790,21209,795,0,4,796.000,1.52
1157851,215898,525613,82,20809,795,0,4,796.000,1.52
1157851,26190,909718,214,10017,684,0,1,684.250,1.52
1157851,26190,1015094,41,11041,795,0,4,796.000,1.52
1157851,601160,215463,105,10291,721,0,2,721.500,1.52
1157851,601160,840621,31,10541,721,0,2,721.500,1.52
1157851,351194,803335,446,10500,721,0,2,721.500,1.52
1157851,351194,1024677,37,10709,721,0,2,721.500,1.52
1157851,173169,1004868,481,10792,795,0,4,796.000,1.52
1157851,173169,923203,45,10709,795,0,4,796.000,1.52
1158247,328840,634222,574,19500,689,0,2,689.500,0.75
1158247,328840,18035,90,19684,689,0,2,689.500,0.75
1158247,529880,812769,61,10976,724,0,3,724.750,0.75
1158247,529880,529176,44,11708,724,0,3,724.750,0.75
1158247,4310,903228,54,10959,689,0,2,689.500,0.75
1158247,4310,794703,46,10833,759,0,4,760.000,0.75
1158247,798239,526908,748,10375,724,0,3,724.750,0.75
1158247,798239,386057,41,10875,724,0,3,724.750,0.75
1158247,72801,19641,175,10100,724,0,3,724.750,0.75
1158247,72801,1147769,42,10542,724,0,3,724.750,0.75
1158247,283589,1020353,148,20041,724,0,3,724.750,0.75
1158247,283589,132342,85,19976,724,0,3,724.750,0.75
1158247,651867,339339,209,10642,759,0,4,760.000,0.75
1158247,734221,261528,5,11517,794,0,5,795.250,0.75
1158247,651867,851111,33,11833,829,0,6,830.500,0.75
1158247,734221,998282,6,11500,829,0,6,830.500,0.75
1158247,110202,1006498,198,11351,759,0,4,760.000,0.75
1158247,110202,147114,47,11792,724,0,3,724.750,0.75
1158247,499224,328692,131,10834,724,0,3,724.750,0.75
1158247,499224,320745,50,11102,794,0,5,795.250,0.75
1158401,FAILED,FAILED,FAILED,FAILED,FAILED,FAILED,FAILED,FAILED,FAILED
1161217,FAILED,FAILED,FAILED,FAILED,FAILED,FAILED,FAILED,FAILED,FAILED
1163119,644074,639043,155,11167,813,0,4,814.000,0.91
1163119,644074,1103553,51,10583,775,0,3,775.750,0.91
1163119,616391,278283,883,21435,813,0,4,814.000,0.91
1163119,616391,515784,170,39059,737,0,2,737.500,0.91
1163119,209232,308064,363,11935,813,0,4,814.000,0.91
1163119,209232,980111,43,11542,813,0,4,814.000,0.91
1163119,265201,758175,306,10667,775,0,3,775.750,0.91
1163119,744053,714966,35,11143,813,0,4,814.000,0.91
1163119,265201,500907,4,10601,775,0,3,775.750,0.91
1163119,744053,799000,42,11666,889,0,6,890.500,0.91
1163119,837375,298233,331,10708,813,0,4,814.000,0.91
1163119,837375,63243,39,11183,813,0,4,814.000,0.91
1163119,734606,1052561,721,11541,851,0,5,852.250,0.91
1163119,734606,875227,39,10500,737,0,2,737.500,0.91
1163119,911449,127328,134,24959,813,0,4,814.000,0.91
1163119,547291,991182,41,11350,851,0,5,852.250,0.91
1163119,911449,876741,33,19725,775,0,3,775.750,0.91
1163119,547291,1095189,11,10959,813,0,4,814.000,0.91
1163119,811429,498650,227,34892,775,0,3,775.750,0.91
1163119,811429,376236,49,11541,813,0,4,814.000,0.91
1167013,953599,338813,168,10892,725,0,2,725.500,0.93
1167013,953599,741127,40,12250,737,0,2,737.500,0.93
1167013,513074,985018,1,12333,907,0,6,908.500,0.93
1167013,513074,472936,43,11643,796,0,3,796.750,0.93
1167013,826511,788656,137,21435,749,0,2,749.500,0.93
1167013,826511,1121517,81,20500,766,0,3,766.750,0.93
1167013,173869,695033,35,10683,696,0,1,696.250,0.93
1167013,173869,123479,35,10959,772,0,3,772.750,0.93
1167013,1157734,109176,1077,11042,784,0,3,784.750,0.93
1167013,1157734,245805,38,10726,790,0,3,790.750,0.93
1167013,385328,323726,150,10625,702,0,1,702.250,0.93
1167013,385328,897903,52,11584,884,0,5,885.250,0.93
1167013,975231,752779,628,20893,849,0,4,850.000,0.93
1167013,807142,548128,108,11333,831,0,4,832.000,0.93
1167013,807142,359874,46,11042,737,0,2,737.500,0.93
1167013,975231,738154,30,44785,772,0,3,772.750,0.93
1167013,1108868,611826,514,10542,719,0,2,719.500,0.93
1167013,1108868,529837,49,10683,743,0,2,743.500,0.93
1167013,370703,1155963,288,12083,866,0,5,867.250,0.93
1167013,370703,793331,41,10625,708,0,1,708.250,0.93
1169023,121017,73956,433,10225,639,0,1,639.250,0.44
1169023,121017,559687,43,10250,673,0,2,673.500,0.44
1169023,530427,841463,95,10976,741,0,4,742.000,0.44
1169023,530427,564780,53,11042,741,0,4,742.000,0.44
1169023,702915,1150027,126,10625,673,0,2,673.500,0.44
1169023,795262,335742,36,10250,605,0,0,605.000,0.44
1169023,702915,161405,7,11167,775,0,5,776.250,0.44
1169023,795262,235326,42,10642,673,0,2,673.500,0.44
1169023,1154817,404861,37,11517,809,0,6,810.500,0.44
1169023,271625,430660,25,10625,741,0,4,742.000,0.44
1169023,1154817,336026,28,11791,775,0,5,776.250,0.44
1169023,271625,163179,28,11417,809,0,6,810.500,0.44
1169023,58488,540854,250,10625,673,0,2,673.500,0.44
1169023,58488,515634,41,10458,673,0,2,673.500,0.44
1169023,412727,1152035,35,10518,673,0,2,673.500,0.44
1169023,412727,1041088,44,9666,605,0,0,605.000,0.44
1169023,601220,339937,160,11292,775,0,5,776.250,0.44
1169023,601220,96413,45,10517,707,0,3,707.750,0.44
1169023,962054,133657,104,10500,741,0,4,742.000,0.44
1169023,962054,1159117,51,10602,707,0,3,707.750,0.44
1170461,1086849,1123047,1321,10625,684,0,1,684.250,1.06
1170461,1086849,943943,42,11058,717,0,2,717.500,1.06
1170461,134583,645143,16,11601,807,0,4,808.000,1.06
1170461,134583,911640,55,11709,756,0,3,756.750,1.06
1170461,196562,643061,277,10792,699,0,2,699.500,1.06
1170461,196562,179355,52,11810,885,0,6,886.500,1.06
1170461,627730,1146469,51,11667,855,0,6,856.500,1.06
1170461,627730,691603,41,11000,762,0,3,762.750,1.06
1170461,1106509,778537,616,12018,744,0,3,744.750,1.06
1170461,1106509,551732,51,12042,768,0,3,768.750,1.06
1170461,551351,924121,322,11643,783,0,4,784.000,1.06
1170461,551351,120670,56,12500,852,0,5,853.250,1.06
1170461,302263,1078494,141,11958,777,0,4,778.000,1.06
1170461,302263,482394,46,11393,654,0,1,654.250,1.06
1170461,678484,586088,343,11291,732,0,3,732.750,1.06
1170461,678484,1133705,50,12059,789,0,4,790.000,1.06
1170461,859853,179240,2,11351,744,0,3,744.750,1.06
1170461,859853,676916,46,11875,861,0,6,862.500,1.06
1170461,1077593,545834,734,18684,639,0,0,639.000,1.06
1170461,1077593,332195,90,21125,762,0,3,762.750,1.06
1170751,775098,1100419,389,10791,794,0,5,795.250,1.06
1170751,775098,538227,51,11184,829,0,6,830.500,1.06
1170751,188104,299231,256,10875,689,0,2,689.500,1.06
1170751,188104,405680,53,11352,759,0,4,760.000,1.06
1170751,121694,1118237,310,20893,724,0,3,724.750,1.06
1170751,777768,324397,34,11000,794,0,5,795.250,1.06
1170751,777768,922599,47,11017,759,0,4,760.000,1.06
1170751,121694,1106731,5,21517,829,0,6,830.500,1.06
1170751,507407,935081,1805,11083,794,0,5,795.250,1.06
1170751,507407,603748,50,10851,794,0,5,795.250,1.06
1170751,221338,755932,278,10500,724,0,3,724.750,1.06
1170751,221338,223851,42,10393,689,0,2,689.500,1.06
1170751,760640,238338,179,12542,829,0,6,830.500,1.06
1170751,760640,1081288,57,10642,689,0,2,689.500,1.06
1170751,333095,738102,80,10916,794,0,5,795.250,1.06
1170751,333095,163734,44,11000,759,0,4,760.000,1.06
1170751,1162437,524685,441,10850,724,0,3,724.750,1.06
1170751,1162437,682033,45,10500,689,0,2,689.500,1.06
1170751,255103,939905,402,10767,724,0,3,724.750,1.06
1170751,255103,255887,54,11542,864,0,7,865.750,1.06
1172491,232096,427112,212,10625,707,0,3,707.750,0.25
1172491,1123587,78775,12,11500,843,0,7,844.750,0.25
1172491,232096,563236,27,10291,673,0,2,673.500,0.25
1172491,1123587,384501,24,10851,741,0,4,742.000,0.25
1172491,521456,495753,91,10709,707,0,3,707.750,0.25
1172491,521456,840442,51,11310,707,0,3,707.750,0.25
1172491,876708,676063,38,11083,741,0,4,742.000,0.25
1172491,734627,1049206,21,10833,741,0,4,742.000,0.25
1172491,876027,531307,7,10333,673,0,2,673.500,0.25
1172491,876708,1108914,14,10500,707,0,3,707.750,0.25
1172491,734627,402121,27,10975,707,0,3,707.750,0.25
1172491,876027,684895,3,10309,707,0,3,707.750,0.25
1172491,300583,184572,82,10625,707,0,3,707.750,0.25
1172491,300583,830784,47,10667,707,0,3,707.750,0.25
1172491,566170,1089284,19,10518,707,0,3,707.750,0.25
1172491,566170,775095,52,10833,707,0,3,707.750,0.25
1172491,238823,682607,102,10392,673,0,2,673.500,0.25
1172491,238823,785713,39,10417,673,0,2,673.500,0.25
1172491,385748,1128232,14,10708,707,0,3,707.750,0.25
1172491,385748,37842,50,10583,673,0,2,673.500,0.25
1177667,859621,145492,68,11000,759,0,4,760.000,0.50
1177667,859621,954085,51,11518,794,0,5,795.250,0.50
1177667,486002,928771,101,11583,794,0,5,795.250,0.50
1177667,486002,992936,45,10850,724,0,3,724.750,0.50
1177667,1010105,539140,220,20477,759,0,4,760.000,0.50
1177667,1010105,60338,91,18767,689,0,2,689.500,0.50
1177667,863311,182038,296,10434,654,0,1,654.250,0.50
1177667,863311,981499,51,10375,689,0,2,689.500,0.50
1177667,1132725,527730,72,11667,794,0,5,795.250,0.50
1177667,1132725,828851,49,11417,759,0,4,760.000,0.50
1177667,933362,1158000,268,11392,794,0,5,795.250,0.50
1177667,933362,599797,46,11000,759,0,4,760.000,0.50
1177667,323336,1011231,29,10667,759,0,4,760.000,0.50
1177667,323336,1037742,50,11227,724,0,3,724.750,0.50
1177667,364637,30431,214,10167,689,0,2,689.500,0.50
1177667,364637,978050,46,11018,794,0,5,795.250,0.50
1177667,184231,695205,86,19185,724,0,3,724.750,0.50
1177667,184231,231624,106,20685,794,0,5,795.250,0.50
1177667,963170,606214,112,10125,654,0,1,654.250,0.50
1177667,963170,888612,47,10767,759,0,4,760.000,0.50
1179047,60713,568372,479,11250,851,0,5,852.250,0.61
1179047,948603,931696,38,10767,775,0,3,775.750,0.61
1179047,60713,1176734,8,11101,775,0,3,775.750,0.61
1179047,948603,1007127,40,11250,851,0,5,852.250,0.61
1179047,381931,735830,219,11375,889,0,6,890.500,0.61
1179047,381931,454502,43,11142,813,0,4,814.000,0.61
1179047,237559,980961,51,11083,813,0,4,814.000,0.61
1179047,237559,1116236,51,11143,775,0,3,775.750,0.61
1179047,930855,41137,257,10625,737,0,2,737.500,0.61
1179047,930855,526424,42,11267,851,0,5,852.250,0.61
1179047,218532,486497,390,10852,775,0,3,775.750,0.61
1179047,218532,926714,57,11459,889,0,6,890.500,0.61
1179047,869265,665327,289,11125,775,0,3,775.750,0.61
1179047,869265,946587,39,11417,813,0,4,814.000,0.61
1179047,283928,712654,10,12018,889,0,6,890.500,0.61
1179047,283928,919470,52,11542,851,0,5,852.250,0.61
1179047,53632,621903,198,10458,775,0,3,775.750,0.61
1179047,53632,599621,43,11310,851,0,5,852.250,0.61
1179047,808340,925263,100,11709,889,0,6,890.500,0.61
1179047,808340,628376,47,11434,851,0,5,852.250,0.61
1179251,352564,1142833,61,10583,714,0,1,714.250,0.51
1179251,352564,589352,42,11334,792,0,3,792.750,0.51
1179251,469000,159567,27,10500,753,0,2,753.500,0.51
1179251,469000,728659,50,11518,792,0,3,792.750,0.51
1179251,1141763,721276,309,10125,714,0,1,714.250,0.51
1179251,608346,1133479,30,10500,753,0,2,753.500,0.51
1179251,1141763,644774,12,10583,753,0,2,753.500,0.51
1179251,608346,498880,32,10226,753,0,2,753.500,0.51
1179251,844540,573348,530,11518,870,0,5,871.250,0.51
1179251,844540,807380,45,10708,753,0,2,753.500,0.51
1179251,628344,32897,30,11167,831,0,4,832.000,0.51
1179251,628344,735194,54,11791,909,0,6,910.500,0.51
1179251,113046,1114848,188,10851,792,0,3,792.750,0.51
1179251,113046,225399,45,10417,753,0,2,753.500,0.51
1179251,323276,715274,211,11101,831,0,4,832.000,0.51
1179251,323276,859846,44,11042,831,0,4,832.000,0.51
1179251,1017635,1112787,99,10727,831,0,4,832.000,0.51
1179251,1017635,167954,48,10833,792,0,3,792.750,0.51
1179251,62159,636583,63,10809,792,0,3,792.750,0.51
1179251,62159,995254,49,11166,792,0,3,792.750,0.51
1182463,1176491,1164751,711,10583,625,0,2,625.500,0.81
1182463,895232,163471,21,10458,656,0,3,656.750,0.81
1182463,1176491,691215,18,10059,625,0,2,625.500,0.81
1182463,895232,159186,28,11393,749,0,6,750.500,0.81
1182463,702443,694171,762,11625,687,0,4,688.000,0.81
1182463,702443,887700,57,11875,687,0,4,688.000,0.81
1182463,594014,497964,262,11583,718,0,5,719.250,0.81
1182463,594014,870861,53,10850,625,0,2,625.500,0.81
1182463,879176,1097838,687,20375,687,0,4,688.000,0.81
1182463,879176,746496,92,19226,656,0,3,656.750,0.81
1182463,410790,682508,27,10584,687,0,4,688.000,0.81
1182463,410790,368222,51,11018,656,0,3,656.750,0.81
1182463,1179795,425558,318,10958,687,0,4,688.000,0.81
1182463,1179795,1103455,57,10250,594,0,1,594.250,0.81
1182463,1016792,643025,152,11041,718,0,5,719.250,0.81
1182463,1016792,191056,51,10684,656,0,3,656.750,0.81
1182463,1162545,110287,171,10417,625,0,2,625.500,0.81
1182463,144801,792574,17,10416,656,0,3,656.750,0.81
1182463,525074,573164,15,10500,625,0,2,625.500,0.81
1182463,1162545,241411,8,10916,656,0,3,656.750,0.81
1185181,618273,204521,279,10143,675,0,1,675.250,0.54
1185181,604618,783698,18,10583,651,0,1,651.250,0.54
1185181,618273,74847,19,10458,733,0,3,733.750,0.54
1185181,136235,430452,12,11167,751,0,3,751.750,0.54
1185181,781740,305755,2,11625,803,0,5,804.250,0.54
1185181,604618,860128,25,11125,765,0,4,766.000,0.54
1185181,136235,1120304,13,11517,803,0,5,804.250,0.54
1185181,781740,628004,23,11475,827,0,5,828.250,0.54
1185181,613304,193942,275,12125,789,0,4,790.000,0.54
1185181,613304,148714,60,11667,715,0,3,715.750,0.54
1185181,714593,182353,610,11225,733,0,3,733.750,0.54
1185181,714593,297218,40,11708,809,0,5,810.250,0.54
1185181,58646,450327,39,11500,803,0,5,804.250,0.54
1185181,58646,133840,50,11851,733,0,3,733.750,0.54
1185181,422639,1109985,245,11768,853,0,6,854.500,0.54
1185181,463900,828494,17,11393,753,0,4,754.000,0.54
1185181,422639,509864,24,10541,663,0,1,663.250,0.54
1185181,463900,254543,12,10667,695,0,2,695.500,0.54
1185181,726305,930662,250,11084,727,0,3,727.750,0.54
1185181,726305,22624,39,11667,821,0,5,822.250,0.54
1188553,FAILED,FAILED,FAILED,FAILED,FAILED,FAILED,FAILED,FAILED,FAILED
1189021,1018869,472061,72,14517,815,0,6,816.500,0.38
1189021,1018869,932296,61,14792,753,0,4,754.000,0.38
1189021,60189,326169,186,11143,747,0,4,748.000,0.38
1189021,60189,1010179,57,11750,766,0,5,767.250,0.38
1189021,644746,721475,64,11850,845,0,6,846.500,0.38
1189021,132123,137208,30,11684,778,0,5,779.250,0.38
1189021,644746,263011,16,10875,710,0,3,710.750,0.38
1189021,132123,1044281,32,11500,790,0,5,791.250,0.38
1189021,745848,616193,233,11291,784,0,5,785.250,0.38
1189021,745848,100842,47,11125,802,0,5,803.250,0.38
1189021,440062,473270,36,11059,716,0,3,716.750,0.38
1189021,1121613,252071,4,10976,704,0,3,704.750,0.38
1189021,193187,254496,7,10602,679,0,2,679.500,0.38
1189021,440062,427997,30,10792,679,0,2,679.500,0.38
1189021,1121613,252378,5,11042,710,0,3,710.750,0.38
1189021,193187,491019,10,11375,741,0,4,742.000,0.38
1189021,714569,783500,227,10725,698,0,3,698.750,0.38
1189021,714569,792449,51,11708,753,0,4,754.000,0.38
1189021,884227,1078473,51,11185,741,0,4,742.000,0.38
1189021,884227,777486,41,10584,661,0,2,661.500,0.38
1190929,FAILED,FAILED,FAILED,FAILED,FAILED,FAILED,FAILED,FAILED,FAILED
1192651,682319,618863,881,11434,829,0,6,830.500,0.66
1192651,1104159,866675,24,10933,759,0,4,760.000,0.66
1192651,682319,427065,16,10958,759,0,4,760.000,0.66
1192651,1104159,328729,38,11125,794,0,5,795.250,0.66
1192651,858371,530545,742,11208,724,0,3,724.750,0.66
1192651,858371,949060,43,10768,759,0,4,760.000,0.66
1192651,542462,273633,112,10892,724,0,3,724.750,0.66
1192651,868538,569510,37,10916,794,0,5,795.250,0.66
1192651,542462,123756,6,10791,759,0,4,760.000,0.66
1192651,868538,496715,38,11083,794,0,5,795.250,0.66
1192651,933606,981153,132,11667,794,0,5,795.250,0.66
1192651,933606,905976,49,10059,689,0,2,689.500,0.66
1192651,536538,947947,33,11083,794,0,5,795.250,0.66
1192651,536538,848356,42,10708,759,0,4,760.000,0.66
1192651,923064,266193,109,11583,829,0,6,830.500,0.66
1192651,923064,756049,39,10851,759,0,4,760.000,0.66
1192651,869320,719705,44,10583,759,0,4,760.000,0.66
1192651,869320,171951,49,11000,794,0,5,795.250,0.66
1192651,7576,365916,113,10625,724,0,3,724.750,0.66
1192651,7576,662064,42,11018,759,0,4,760.000,0.66
1192967,1045594,31412,175,10475,641,0,2,641.500,0.66
1192967,1045594,676735,41,10917,769,0,6,770.500,0.66
1192967,1029035,425702,321,10893,705,0,4,706.000,0.66
1192967,1029035,525841,43,11125,705,0,4,706.000,0.66
1192967,361540,482427,999,11125,673,0,3,673.750,0.66
1192967,361540,621053,53,10750,673,0,3,673.750,0.66
1192967,362198,1021328,181,10809,705,0,4,706.000,0.66
1192967,362198,874586,37,11041,737,0,5,738.250,0.66
1192967,389985,138438,9,11333,673,0,3,673.750,0.66
1192967,389985,958263,43,10559,641,0,2,641.500,0.66
1192967,516268,469794,6,11227,673,0,3,673.750,0.66
1192967,764399,255097,15,10352,673,0,3,673.750,0.66
1192967,516268,671749,33,10625,673,0,3,673.750,0.66
1192967,764399,636158,14,10375,673,0,3,673.750,0.66
1192967,1044917,454394,409,10810,705,0,4,706.000,0.66
1192967,1044917,1166956,48,10584,641,0,2,641.500,0.66
1192967,1040097,39796,177,11000,737,0,5,738.250,0.66
1192967,1040097,206235,42,10976,737,0,5,738.250,0.66
1192967,142442,379773,9,11893,737,0,5,738.250,0.66
1192967,142442,807945,49,10500,641,0,2,641.500,0.66
1193431,759791,448000,249,11083,777,0,4,778.000,0.82
1193431,759791,428057,45,10685,777,0,4,778.000,0.82
1193431,961199,589426,864,11083,777,0,4,778.000,0.82
1193431,961199,487126,52,11500,849,0,6,850.500,0.82
1193431,436746,410503,390,20310,741,0,3,741.750,0.82
1193431,436746,198038,95,19975,777,0,4,778.000,0.82
1193431,934773,990548,689,10625,741,0,3,741.750,0.82
1193431,934773,385591,50,10517,777,0,4,778.000,0.82
1193431,606440,783843,425,10625,741,0,3,741.750,0.82
1193431,606440,435549,43,10250,705,0,2,705.500,0.82
1193431,33308,1160284,83,11185,813,0,5,814.250,0.82
1193431,33308,501265,48,10750,777,0,4,778.000,0.82
1193431,1045128,301853,246,11042,777,0,4,778.000,0.82
1193431,1045128,93114,48,10583,741,0,3,741.750,0.82
1193431,1003680,840299,19,10725,705,0,2,705.500,0.82
1193431,1003680,723796,46,11666,813,0,5,814.250,0.82
1193431,1119132,747894,13,10625,741,0,3,741.750,0.82
1193431,309517,704719,12,10458,669,0,1,669.250,0.82
1193431,1119132,886312,30,10916,741,0,3,741.750,0.82
1193431,309517,749026,11,10416,741,0,3,741.750,0.82
1193483,78592,53746,144,11541,775,0,5,776.250,1.00
1193483,78592,920263,45,10833,707,0,3,707.750,1.00
1193483,1114884,178246,263,10875,741,0,4,742.000,1.00
1193483,1114884,254655,51,11042,741,0,4,742.000,1.00
1193483,38925,354525,556,10458,707,0,3,707.750,1.00
1193483,38925,222072,42,11227,775,0,5,776.250,1.00
1193483,488084,209719,38,11458,775,0,5,776.250,1.00
1193483,488084,142667,48,10666,639,0,1,639.250,1.00
1193483,1074331,230689,170,10018,639,0,1,639.250,1.00
1193483,1074331,1170489,50,10958,741,0,4,742.000,1.00
1193483,979778,909134,276,11851,809,0,6,810.500,1.00
1193483,979778,549271,49,10625,707,0,3,707.750,1.00
1193483,580081,1040040,1242,11058,741,0,4,742.000,1.00
1193483,580081,15332,45,10667,707,0,3,707.750,1.00
1193483,926034,556919,269,11267,707,0,3,707.750,1.00
1193483,926034,964394,58,11042,775,0,5,776.250,1.00
1193483,733140,484385,965,10434,639,0,1,639.250,1.00
1193483,733140,1053834,45,11166,741,0,4,742.000,1.00
1193483,722249,481333,64,10185,673,0,2,673.500,1.00
1193483,722249,834328,36,9666,605,0,0,605.000,1.00
1195039,1079400,461576,75,13643,723,0,4,724.000,0.61
1195039,1079400,1051633,53,11667,690,0,3,690.750,0.61
1195039,1067867,135282,92,10392,657,0,2,657.500,0.61
1195039,1067867,617875,43,10667,690,0,3,690.750,0.61
1195039,218120,201912,34,21142,756,0,5,757.250,0.61
1195039,218120,955426,98,20143,723,0,4,724.000,0.61
1195039,1023267,491452,234,10750,723,0,4,724.000,0.61
1195039,1023267,769710,47,11143,723,0,4,724.000,0.61
1195039,497839,1192967,229,10292,657,0,2,657.500,0.61
1195039,497839,197237,44,10142,657,0,2,657.500,0.61
1195039,1178073,465265,300,19184,690,0,3,690.750,0.61
1195039,1178073,394409,95,19959,756,0,5,757.250,0.61
1195039,211930,510095,53,10875,690,0,3,690.750,0.61
1195039,211930,652826,47,10792,690,0,3,690.750,0.61
1195039,52129,277693,151,10833,723,0,4,724.000,0.61
1195039,52129,385092,50,10768,690,0,3,690.750,0.61
1195039,679676,728889,576,18601,657,0,2,657.500,0.61
1195039,679676,259932,89,19143,690,0,3,690.750,0.61
1195039,875141,351452,166,10810,690,0,3,690.750,0.61
1195039,875141,346049,43,11167,690,0,3,690.750,0.61
1195459,639153,455857,414,10643,705,0,2,705.500,1.03
1195459,639153,606149,46,10959,777,0,4,778.000,1.03
1195459,185153,280327,243,11125,849,0,6,850.500,1.03
1195459,185153,747223,50,10833,741,0,3,741.750,1.03
1195459,116841,167967,927,10851,777,0,4,778.000,1.03
1195459,116841,1118031,49,10584,777,0,4,778.000,1.03
1195459,1175063,1076561,131,11166,813,0,5,814.250,1.03
1195459,1175063,268235,55,11375,813,0,5,814.250,1.03
1195459,37051,663137,105,11250,813,0,5,814.250,1.03
1195459,37051,458641,46,10893,741,0,3,741.750,1.03
1195459,747849,311906,1418,10810,741,0,3,741.750,1.03
1195459,747849,404461,49,10542,705,0,2,705.500,1.03
1195459,217854,504096,232,10542,705,0,2,705.500,1.03
1195459,217854,353385,42,10833,741,0,3,741.750,1.03
1195459,79372,818605,286,10542,669,0,1,669.250,1.03
1195459,79372,338587,45,10685,813,0,5,814.250,1.03
1195459,162459,982541,58,10667,777,0,4,778.000,1.03
1195459,162459,437273,55,10642,777,0,4,778.000,1.03
1195459,958440,915664,56,11459,849,0,6,850.500,1.03
1195459,958440,913801,59,10625,741,0,3,741.750,1.03
1195721,FAILED,FAILED,FAILED,FAILED,FAILED,FAILED,FAILED,FAILED,FAILED
1195741,848961,206845,247,11833,872,0,5,873.250,0.74
1195741,848961,639609,53,11810,860,0,5,861.250,0.74
1195741,540392,984724,22,11351,831,0,4,832.000,0.74
1195741,403918,1098503,3,11227,778,0,3,778.750,0.74
1195741,540392,583819,45,11291,784,0,3,784.750,0.74
1195741,403918,560154,1,11417,837,0,4,838.000,0.74
1195741,964956,990345,1233,11625,825,0,4,826.000,0.74
1195741,507575,104567,38,11000,837,0,4,838.000,0.74
1195741,964956,1027315,11,11584,743,0,2,743.500,0.74
1195741,507575,603994,36,11517,878,0,5,879.250,0.74
1195741,829535,202361,107,10833,737,0,2,737.500,0.74
1195741,829535,1094386,50,11601,831,0,4,832.000,0.74
1195741,1006963,211034,195,11750,901,0,6,902.500,0.74
1195741,1006963,359244,44,11100,761,0,2,761.500,0.74
1195741,117595,326021,186,11542,802,0,3,802.750,0.74
1195741,117595,9735,62,12667,854,0,5,855.250,0.74
1195741,1106589,288322,180,20893,831,0,4,832.000,0.74
1195741,1106589,255993,87,20833,837,0,4,838.000,0.74
1195741,965345,1193934,376,11417,778,0,3,778.750,0.74
1195741,965345,15921,41,11017,743,0,2,743.500,0.74
1201843,974228,479977,331,10600,705,0,2,705.500,1.29
1201843,974228,889346,48,10583,705,0,2,705.500,1.29
1201843,1176745,579899,1235,19183,705,0,2,705.500,1.29
1201843,1176745,1088313,102,19959,777,0,4,778.000,1.29
1201843,807294,850457,1491,10893,777,0,4,778.000,1.29
1201843,807294,100230,40,10417,705,0,2,705.500,1.29
1201843,813776,343496,1169,11375,777,0,4,778.000,1.29
1201843,55889,90869,38,11208,813,0,5,814.250,1.29
1201843,813776,64073,10,10750,705,0,2,705.500,1.29
1201843,55889,1112856,44,10560,741,0,3,741.750,1.29
1201843,513990,794144,31,10917,741,0,3,741.750,1.29
1201843,785122,239719,10,10709,741,0,3,741.750,1.29
1201843,513990,19939,41,10834,777,0,4,778.000,1.29
1201843,785122,770144,15,10500,741,0,3,741.750,1.29
1201843,109961,1000135,639,11042,777,0,4,778.000,1.29
1201843,109961,302239,51,12250,849,0,6,850.500,1.29
1201843,756281,919555,244,11167,813,0,5,814.250,1.29
1201843,756281,653038,43,11000,741,0,3,741.750,1.29
1201843,533655,190494,46,11017,813,0,5,814.250,1.29
1201843,533655,28977,51,10292,705,0,2,705.500,1.29
1204711,451140,192083,163,11267,759,0,4,760.000,0.37
1204711,1134132,264097,19,11309,829,0,6,830.500,0.37
1204711,940802,1158604,15,19892,724,0,3,724.750,0.37
1204711,451140,652582,5,11375,794,0,5,795.250,0.37
1204711,1134132,163411,24,11083,794,0,5,795.250,0.37
1204711,897190,1152564,7,10541,689,0,2,689.500,0.37
1204711,897190,971316,47,10852,724,0,3,724.750,0.37
1204711,940802,157265,8,20227,759,0,4,760.000,0.37
1204711,885967,301805,137,10935,724,0,3,724.750,0.37
1204711,885967,717212,57,11667,794,0,5,795.250,0.37
1204711,422315,1124820,229,11726,829,0,6,830.500,0.37
1204711,422315,427822,47,10875,724,0,3,724.750,0.37
1204711,296481,533832,39,10917,724,0,3,724.750,0.37
1204711,296481,555287,46,10434,759,0,4,760.000,0.37
1204711,141921,318247,49,21601,829,0,6,830.500,0.37
1204711,141921,73527,107,20685,794,0,5,795.250,0.37
1204711,1156064,498699,266,10583,689,0,2,689.500,0.37
1204711,1156064,85408,46,11101,759,0,4,760.000,0.37
1204711,189128,304658,122,10768,759,0,4,760.000,0.37
1204711,452088,1001819,6,10434,724,0,3,724.750,0.37
1207043,1130362,589489,148,10292,673,0,2,673.500,1.21
1207043,1130362,1043394,44,10750,673,0,2,673.500,1.21
1207043,563720,704799,196,10975,775,0,5,776.250,1.21
1207043,563720,445180,47,10875,775,0,5,776.250,1.21
1207043,520709,1027880,888,11041,707,0,3,707.750,1.21
1207043,520709,1139368,49,11310,741,0,4,742.000,1.21
1207043,924316,343472,1196,10666,707,0,3,707.750,1.21
1207043,924316,192954,45,10542,707,0,3,707.750,1.21
1207043,364251,355914,77,11226,809,0,6,810.500,1.21
1207043,364251,1021669,46,10667,741,0,4,742.000,1.21
1207043,991747,1099117,144,10375,673,0,2,673.500,1.21
1207043,991747,837061,50,10935,741,0,4,742.000,1.21
1207043,1104672,972264,147,10475,639,0,1,639.250,1.21
1207043,1104672,473169,53,11000,741,0,4,742.000,1.21
1207043,700316,841520,277,11041,741,0,4,742.000,1.21
1207043,700316,1028708,36,10750,741,0,4,742.000,1.21
1207043,576984,681595,669,10767,707,0,3,707.750,1.21
1207043,576984,234083,43,10542,673,0,2,673.500,1.21
1207043,218579,743359,1094,11167,741,0,4,742.000,1.21
1207043,218579,951329,47,10958,741,0,4,742.000,1.21
1210597,688875,974772,181,11518,831,0,4,832.000,1.05
1210597,688875,382776,45,11041,784,0,3,784.750,1.05
1210597,580804,993307,146,11892,901,0,6,902.500,1.05
1210597,580804,638087,46,11625,854,0,5,855.250,1.05
1210597,374861,284916,130,11709,919,0,6,920.500,1.05
1210597,374861,1031003,47,11416,825,0,4,826.000,1.05
1210597,211160,166875,680,11517,872,0,5,873.250,1.05
1210597,211160,684905,35,10709,690,0,1,690.250,1.05
1210597,1048911,530325,732,11250,755,0,2,755.500,1.05
1210597,1048911,28859,42,10959,784,0,3,784.750,1.05
1210597,41504,846394,927,11208,790,0,3,790.750,1.05
1210597,41504,369226,44,11875,819,0,4,820.000,1.05
1210597,1033117,913129,31,11416,796,0,3,796.750,1.05
1210597,1033117,262652,64,12642,854,0,5,855.250,1.05
1210597,857929,402747,115,11458,831,0,4,832.000,1.05
1210597,857929,8128,49,11292,837,0,4,838.000,1.05
1210597,1094416,1177629,450,20725,755,0,2,755.500,1.05
1210597,1094416,351413,95,21166,778,0,3,778.750,1.05
1210597,306194,574093,224,21475,825,0,4,826.000,1.05
1210597,306194,21539,77,19727,743,0,2,743.500,1.05
1213063,511778,847792,393,10667,673,0,3,673.750,0.74
1213063,511778,1024899,46,10750,705,0,4,706.000,0.74
1213063,114980,746726,43,10684,705,0,4,706.000,0.74
1213063,114980,852094,46,10584,673,0,3,673.750,0.74
1213063,162988,1072770,153,10833,705,0,4,706.000,0.74
1213063,259656,1197036,12,10959,705,0,4,706.000,0.74
1213063,162988,1006877,24,10518,705,0,4,706.000,0.74
1213063,259656,22877,22,10935,705,0,4,706.000,0.74
1213063,635277,1047173,353,10750,673,0,3,673.750,0.74
1213063,635277,23921,53,10667,641,0,2,641.500,0.74
1213063,40986,76465,127,10584,673,0,3,673.750,0.74
1213063,219954,645850,38,10977,737,0,5,738.250,0.74
1213063,40986,530231,3,10310,641,0,2,641.500,0.74
1213063,219954,726716,48,11208,705,0,4,706.000,0.74
1213063,1040435,738100,1100,10434,673,0,3,673.750,0.74
1213063,1040435,397696,51,10791,705,0,4,706.000,0.74
1213063,1095613,485667,562,11184,673,0,3,673.750,0.74
1213063,936206,377353,26,10750,705,0,4,706.000,0.74
1213063,1095613,544499,19,10958,673,0,3,673.750,0.74
1213063,936206,54283,26,10542,641,0,2,641.500,0.74
1214957,868305,1011640,321,10792,721,0,2,721.500,0.69
1214957,868305,1005082,48,10601,675,0,1,675.250,0.69
1214957,796699,730598,310,11792,773,0,3,773.750,0.69
1214957,796699,584287,47,11458,813,0,4,814.000,0.69
1214957,614905,872250,362,11667,829,0,5,830.250,0.69
1214957,614905,327043,54,11185,773,0,3,773.750,0.69
1214957,1185947,913749,181,10875,721,0,2,721.500,0.69
1214957,1185947,457,43,10708,721,0,2,721.500,0.69
1214957,1168603,303016,1,10750,745,0,2,745.500,0.69
1214957,1168603,232963,42,11393,807,0,4,808.000,0.69
1214957,1038226,408379,3,11768,819,0,4,820.000,0.69
1214957,1038226,888757,43,10542,739,0,2,739.500,0.69
1214957,190951,1124013,540,11500,807,0,4,808.000,0.69
1214957,1142394,1185538,22,11226,773,0,3,773.750,0.69
1214957,190951,396587,22,11601,859,0,5,860.250,0.69
1214957,1142394,187998,24,11125,795,0,4,796.000,0.69
1214957,855654,832933,373,11643,847,0,5,848.250,0.69
1214957,855654,57115,57,12083,887,0,6,888.500,0.69
1214957,392839,239,130,10500,727,0,2,727.500,0.69
1214957,392839,402451,41,11667,773,0,3,773.750,0.69
1216591,948343,1045330,75,13125,673,0,3,673.750,0.79
1216591,948343,389991,53,13684,705,0,4,706.000,0.79
1216591,182619,33590,772,10458,641,0,2,641.500,0.79
1216591,182619,233639,47,10643,609,0,1,609.250,0.79
1216591,889822,1059923,202,10684,737,0,5,738.250,0.79
1216591,889822,656398,42,10375,673,0,3,673.750,0.79
1216591,1199343,375225,220,10434,641,0,2,641.500,0.79
1216591,1199343,718486,47,10959,737,0,5,738.250,0.79
1216591,65064,1104901,345,10875,705,0,4,706.000,0.79
1216591,65064,628045,43,10475,641,0,2,641.500,0.79
1216591,435656,1130416,176,11084,705,0,4,706.000,0.79
1216591,435656,53662,56,10208,673,0,3,673.750,0.79
1216591,102095,1153126,451,11125,705,0,4,706.000,0.79
1216591,102095,246779,48,11309,737,0,5,738.250,0.79
1216591,1091881,256342,227,11167,705,0,4,706.000,0.79
1216591,1091881,892278,48,10642,673,0,3,673.750,0.79
1216591,803213,675530,302,10643,673,0,3,673.750,0.79
1216591,803213,347347,54,11500,769,0,6,770.500,0.79
1216591,389877,110841,193,11167,737,0,5,738.250,0.79
1216591,389877,162963,43,11101,769,0,6,770.500,0.79
1220623,399758,207225,339,11042,656,0,3,656.750,0.62
1220623,987243,717071,48,19625,687,0,4,688.000,0.62
1220623,399758,696077,33,11250,718,0,5,719.250,0.62
1220623,189784,755605,27,11058,687,0,4,688.000,0.62
1220623,987243,387141,45,18625,656,0,3,656.750,0.62
1220623,189784,265239,2,10375,594,0,1,594.250,0.62
1220623,1071550,405882,70,10309,625,0,2,625.500,0.62
1220623,1071550,16095,46,10458,656,0,3,656.750,0.62
1220623,357452,467017,715,10250,594,0,1,594.250,0.62
1220623,357452,1057269,47,10416,625,0,2,625.500,0.62
1220623,761445,144595,214,10268,625,0,2,625.500,0.62
1220623,761445,479141,46,10708,625,0,2,625.500,0.62
1220623,711126,357200,173,10417,625,0,2,625.500,0.62
1220623,711126,1069382,52,11226,718,0,5,719.250,0.62
1220623,587127,453016,268,10417,625,0,2,625.500,0.62
1220623,587127,377307,51,10809,656,0,3,656.750,0.62
1220623,891560,955216,77,11416,749,0,6,750.500,0.62
1220623,891560,427027,42,10852,625,0,2,625.500,0.62
1220623,303002,811080,271,10810,656,0,3,656.750,0.62
1220623,303002,532915,47,10375,625,0,2,625.500,0.62
1221391,1175057,973829,133,13208,723,0,4,724.000,0.55
1221391,1175057,334023,49,10933,624,0,1,624.250,0.55
1221391,1005257,1080688,82,11083,756,0,5,757.250,0.55
1221391,1005257,179685,49,10768,756,0,5,757.250,0.55
1221391,329487,37568,109,20375,789,0,6,790.500,0.55
1221391,329487,451551,92,18750,690,0,3,690.750,0.55
1221391,160208,640951,371,10976,690,0,3,690.750,0.55
1221391,590515,417381,32,10834,723,0,4,724.000,0.55
1221391,160208,995667,15,10334,657,0,2,657.500,0.55
1221391,590515,836577,38,10750,723,0,4,724.000,0.55
1221391,245373,552975,355,11101,756,0,5,757.250,0.55
1221391,245373,863350,47,10542,723,0,4,724.000,0.55
1221391,487762,346116,25,10958,756,0,5,757.250,0.55
1221391,487762,605072,51,10184,690,0,3,690.750,0.55
1221391,1019334,415499,34,10084,624,0,1,624.250,0.55
1221391,1019334,12877,48,10584,657,0,2,657.500,0.55
1221391,497829,714238,609,10541,657,0,2,657.500,0.55
1221391,497829,3202,56,10934,690,0,3,690.750,0.55
1221391,452665,690575,65,10292,624,0,1,624.250,0.55
1221391,452665,80260,48,10601,690,0,3,690.750,0.55
1223863,709086,435285,252,10850,741,0,3,741.750,0.69
1223863,1060139,123405,40,10933,813,0,5,814.250,0.69
1223863,709086,325402,9,10791,741,0,3,741.750,0.69
1223863,1060139,312366,40,10958,777,0,4,778.000,0.69
1223863,1143939,246765,366,11584,813,0,5,814.250,0.69
1223863,1143939,627783,42,11542,741,0,3,741.750,0.69
1223863,436217,416754,302,11375,813,0,5,814.250,0.69
1223863,436217,328140,45,11042,777,0,4,778.000,0.69
1223863,438067,606834,38,10750,705,0,2,705.500,0.69
1223863,438067,712055,54,10600,705,0,2,705.500,0.69
1223863,1039319,278383,16,10517,705,0,2,705.500,0.69
1223863,1039319,339486,53,10833,741,0,3,741.750,0.69
1223863,517521,687936,163,10667,741,0,3,741.750,0.69
1223863,517521,11526,48,10851,777,0,4,778.000,0.69
1223863,104889,1150336,81,10667,741,0,3,741.750,0.69
1223863,104889,401984,51,11292,777,0,4,778.000,0.69
1223863,638215,3718,886,10725,777,0,4,778.000,0.69
1223863,638215,938402,47,10250,669,0,1,669.250,0.69
1223863,374988,770105,328,11083,777,0,4,778.000,0.69
1223863,374988,813163,47,10475,705,0,2,705.500,0.69
1224637,241054,258021,331,11518,825,0,4,826.000,0.54
1224637,241054,377704,52,11417,778,0,3,778.750,0.54
1224637,424799,355143,201,11476,866,0,5,867.250,0.54
1224637,424799,214823,42,10709,743,0,2,743.500,0.54
1224637,1090879,961134,45,11459,848,0,5,849.250,0.54
1224637,1090879,268834,54,11351,790,0,3,790.750,0.54
1224637,644226,992604,360,11767,790,0,3,790.750,0.54
1224637,644226,833762,43,11750,772,0,3,772.750,0.54
1224637,727535,999231,19,10541,696,0,1,696.250,0.54
1224637,727535,1110664,43,11768,831,0,4,832.000,0.54
1224637,1178436,164174,18,11768,860,0,5,861.250,0.54
1224637,1178436,1206503,49,11125,737,0,2,737.500,0.54
1224637,1078500,830628,23,11250,796,0,3,796.750,0.54
1224637,1078500,959057,53,11393,819,0,4,820.000,0.54
1224637,343497,100924,140,11476,790,0,3,790.750,0.54
1224637,343497,56381,46,11166,748,0,3,748.750,0.54
1224637,472555,1120809,6,11500,889,0,6,890.500,0.54
1224637,472555,587440,44,10851,708,0,1,708.250,0.54
1224637,214123,110258,375,10917,696,0,1,696.250,0.54
1224637,214123,993221,48,11018,719,0,2,719.500,0.54
1225621,261877,25983,327,21475,790,0,3,790.750,0.49
1225621,261877,1146871,102,22060,837,0,4,838.000,0.49
1225621,421304,607887,56,11333,813,0,4,814.000,0.49
1225621,421304,439285,51,11750,901,0,6,902.500,0.49
1225621,166014,486299,303,11143,778,0,3,778.750,0.49
1225621,166014,391602,48,11583,819,0,4,820.000,0.49
1225621,166739,435134,28,11416,825,0,4,826.000,0.49
1225621,166739,1092136,42,10625,702,0,1,702.250,0.49
1225621,894006,271696,118,13084,866,0,5,867.250,0.49
1225621,894006,174862,48,11852,737,0,2,737.500,0.49
1225621,800437,833629,337,11333,796,0,3,796.750,0.49
1225621,276289,312236,38,11476,842,0,5,843.250,0.49
1225621,800437,537940,1,11435,837,0,4,838.000,0.49
1225621,276289,628015,51,11833,860,0,5,861.250,0.49
1225621,1117126,560502,211,11310,737,0,2,737.500,0.49
1225621,1117126,1074536,37,11750,854,0,5,855.250,0.49
1225621,553019,1052962,18,13625,872,0,5,873.250,0.49
1225621,553019,1053346,47,11351,819,0,4,820.000,0.49
1225621,978019,1177400,36,12209,872,0,5,873.250,0.49
1225621,370379,1113124,12,10833,737,0,2,737.500,0.49
1225927,287738,19207,543,10000,689,0,2,689.500,0.91
1225927,287738,894531,43,10975,794,0,5,795.250,0.91
1225927,96172,911180,383,10500,689,0,2,689.500,0.91
1225927,96172,1130507,46,10850,759,0,4,760.000,0.91
1225927,637463,599796,56,10333,689,0,2,689.500,0.91
1225927,637463,194544,49,10542,689,0,2,689.500,0.91
1225927,1214601,293945,1127,10642,724,0,3,724.750,0.91
1225927,671519,305563,10,11225,794,0,5,795.250,0.91
1225927,1214601,417613,29,11083,794,0,5,795.250,0.91
1225927,671519,121031,8,10792,759,0,4,760.000,0.91
1225927,581890,990590,221,10893,724,0,3,724.750,0.91
1225927,581890,11085,50,10292,689,0,2,689.500,0.91
1225927,70776,606304,398,11017,759,0,4,760.000,0.91
1225927,70776,225304,45,11208,759,0,4,760.000,0.91
1225927,1102150,62127,276,11084,794,0,5,795.250,0.91
1225927,1102150,543633,47,11351,794,0,5,795.250,0.91
1225927,211351,894772,303,20267,724,0,3,724.750,0.91
1225927,211351,970542,89,19875,689,0,2,689.500,0.91
1225927,340246,1063258,45,11227,794,0,5,795.250,0.91
1225927,340246,651505,48,11084,794,0,5,795.250,0.91
1227881,FAILED,FAILED,FAILED,FAILED,FAILED,FAILED,FAILED,FAILED,FAILED
1232461,106090,557841,153,11000,767,0,3,767.750,0.41
1232461,106090,450369,46,11351,865,0,5,866.250,0.41
1232461,514763,102046,25,11333,789,0,4,790.000,0.41
1232461,514763,1073976,54,12375,835,0,5,836.250,0.41
1232461,556368,581039,25,11685,801,0,4,802.000,0.41
1232461,816405,550246,6,20393,739,0,2,739.500,0.41
1232461,556368,1175206,37,11791,835,0,5,836.250,0.41
1232461,816405,666568,48,21500,819,0,4,820.000,0.41
1232461,888271,715922,126,11791,807,0,4,808.000,0.41
1232461,888271,220004,46,11560,801,0,4,802.000,0.41
1232461,66910,1106617,318,11458,801,0,4,802.000,0.41
1232461,340829,296753,35,10851,727,0,2,727.500,0.41
1232461,66910,500026,13,11267,779,0,3,779.750,0.41
1232461,340829,597521,33,11459,807,0,4,808.000,0.41
1232461,979981,566343,49,11209,779,0,3,779.750,0.41
1232461,979981,815350,47,11018,807,0,4,808.000,0.41
1232461,598361,714116,87,11708,887,0,6,888.500,0.41
1232461,598361,239750,43,11477,773,0,3,773.750,0.41
1232461,460855,1092773,134,10976,733,0,2,733.500,0.41
1232461,460855,1214390,56,11333,829,0,5,830.250,0.41
1233301,368428,387680,242,11166,767,0,3,767.750,1.20
1233301,368428,1010321,45,10333,669,0,1,669.250,1.20
1233301,905069,935367,211,11708,829,0,5,830.250,1.20
1233301,67362,821027,23,10958,721,0,2,721.500,1.20
1233301,905069,125376,21,11084,755,0,3,755.750,1.20
1233301,67362,123837,20,11334,767,0,3,767.750,1.20
1233301,1061120,456936,701,11060,755,0,3,755.750,1.20
1233301,1061120,513634,47,11333,727,0,2,727.500,1.20
1233301,523536,131053,390,11726,847,0,5,848.250,1.20
1233301,523536,872035,51,11750,837,0,4,838.000,1.20
1233301,165874,227334,995,10542,721,0,2,721.500,1.20
1233301,165874,172885,57,12101,921,0,7,922.750,1.20
1233301,714162,1058431,248,11433,795,0,4,796.000,1.20
1233301,714162,792944,51,11250,709,0,2,709.500,1.20
1233301,252836,1129628,200,10725,715,0,2,715.500,1.20
1233301,252836,582314,44,11167,767,0,3,767.750,1.20
1233301,313953,1012657,500,11393,835,0,5,836.250,1.20
1233301,313953,402147,49,10750,749,0,3,749.750,1.20
1233301,441077,524468,1107,11500,801,0,4,802.000,1.20
1233301,441077,73389,49,12125,893,0,6,894.500,1.20
1233539,451930,622788,237,10476,673,0,2,673.500,0.57
1233539,451930,1021047,45,10709,673,0,2,673.500,0.57
1233539,139953,665354,369,10208,639,0,1,639.250,0.57
1233539,139953,937284,45,10851,741,0,4,742.000,0.57
1233539,196507,1000188,97,10976,707,0,3,707.750,0.57
1233539,196507,748202,48,11625,775,0,5,776.250,0.57
1233539,392832,407894,77,10708,775,0,5,776.250,0.57
1233539,392832,1191350,48,11101,741,0,4,742.000,0.57
1233539,802510,427655,451,11250,809,0,6,810.500,0.57
1233539,609,536175,20,19268,741,0,4,742.000,0.57
1233539,802510,405590,33,11166,775,0,5,776.250,0.57
1233539,672475,464618,39,9976,639,0,1,639.250,0.57
1233539,609,1052133,14,18225,673,0,2,673.500,0.57
1233539,672475,479482,35,10083,639,0,1,639.250,0.57
1233539,23739,789009,652,10500,673,0,2,673.500,0.57
1233539,23739,767594,56,11059,741,0,4,742.000,0.57
1233539,489278,563029,147,10518,707,0,3,707.750,0.57
1233539,479303,351808,5,11143,707,0,3,707.750,0.57
1233539,489278,258800,40,10542,673,0,2,673.500,0.57
1233539,479303,1075076,6,11166,741,0,4,742.000,0.57
1234721,FAILED,FAILED,FAILED,FAILED,FAILED,FAILED,FAILED,FAILED,FAILED
1238893,467335,1083710,33,13435,801,0,3,801.750,0.51
1238893,467335,142998,40,13958,801,0,3,801.750,0.51
1238893,74201,66817,92,13225,873,0,5,874.250,0.51
1238893,74201,893797,40,10833,705,0,1,705.250,0.51
1238893,932673,142969,243,11642,897,0,5,898.250,0.51
1238893,932673,1223830,47,11625,831,0,4,832.000,0.51
1238893,426423,209014,85,12226,915,0,6,916.500,0.51
1238893,426423,256611,46,11917,813,0,3,813.750,0.51
1238893,234510,59255,153,11125,813,0,3,813.750,0.51
1238893,234510,546084,50,11226,807,0,3,807.750,0.51
1238893,567568,1229238,254,11892,903,0,5,904.250,0.51
1238893,693403,329165,24,21350,843,0,4,844.000,0.51
1238893,567568,684330,23,11583,795,0,3,795.750,0.51
1238893,693403,52188,61,20810,819,0,4,820.000,0.51
1238893,1216208,373105,402,11518,789,0,3,789.750,0.51
1238893,1216208,338874,49,11542,813,0,3,813.750,0.51
1238893,689889,1227900,19,11666,849,0,4,850.000,0.51
1238893,689889,835564,51,11892,849,0,4,850.000,0.51
1238893,1129686,534836,124,12143,909,0,5,910.250,0.51
1238893,1129686,306955,46,11708,861,0,4,862.000,0.51
1240991,815561,1064786,259,10709,758,0,3,758.750,0.37
1240991,815561,261092,45,10184,721,0,2,721.500,0.37
1240991,996381,1029776,14,10851,795,0,4,796.000,0.37
1240991,516370,362546,38,11000,758,0,3,758.750,0.37
1240991,996381,179201,14,11708,832,0,5,833.250,0.37
1240991,516370,599310,41,11125,795,0,4,796.000,0.37
1240991,348886,252068,67,10709,795,0,4,796.000,0.37
1240991,348886,598464,44,10792,758,0,3,758.750,0.37
1240991,601478,1179087,17,10917,758,0,3,758.750,0.37
1240991,601478,825611,44,10976,758,0,3,758.750,0.37
1240991,313583,662372,30,11209,832,0,5,833.250,0.37
1240991,313583,23219,37,10000,684,0,1,684.250,0.37
1240991,374946,1022249,209,11643,869,0,6,870.500,0.37
1240991,374946,887270,45,11000,832,0,5,833.250,0.37
1240991,397080,134483,227,11684,869,0,6,870.500,0.37
1240991,397080,540781,50,11666,906,0,7,907.750,0.37
1240991,262855,53622,142,11083,832,0,5,833.250,0.37
1240991,276366,1087634,31,11042,832,0,5,833.250,0.37
1240991,262855,299137,7,10417,684,0,1,684.250,0.37
1240991,276366,396617,33,10809,721,0,2,721.500,0.37
1244083,691999,747259,329,10892,792,0,3,792.750,0.99
1244083,691999,969202,50,11416,792,0,3,792.750,0.99
1244083,1221170,304953,174,11292,870,0,5,871.250,0.99
1244083,1221170,1238361,46,10809,831,0,4,832.000,0.99
1244083,515225,722179,201,21810,831,0,4,832.000,0.99
1244083,515225,422238,101,21892,831,0,4,832.000,0.99
1244083,1185328,1060114,898,11042,831,0,4,832.000,0.99
1244083,1185328,755249,41,10584,753,0,2,753.500,0.99
1244083,210876,350350,977,11000,831,0,4,832.000,0.99
1244083,210876,814417,53,11851,870,0,5,871.250,0.99
1244083,304862,1058413,290,11185,870,0,5,871.250,0.99
1244083,304862,885868,45,10792,753,0,2,753.500,0.99
1244083,606152,792188,514,11208,870,0,5,871.250,0.99
1244083,606152,890454,58,10791,831,0,4,832.000,0.99
1244083,320787,26936,58,11102,792,0,3,792.750,0.99
1244083,320787,487043,46,10584,753,0,2,753.500,0.99
1244083,143635,534325,116,11666,831,0,4,832.000,0.99
1244083,143635,446144,46,10750,792,0,3,792.750,0.99
1244083,335258,777901,93,20518,831,0,4,832.000,0.99
1244083,335258,1220188,88,19600,753,0,2,753.500,0.99
1244437,572498,912013,224,21393,807,0,3,807.750,0.47
1244437,572498,597764,86,21642,855,0,4,856.000,0.47
1244437,1088842,614764,6,11309,861,0,4,862.000,0.47
1244437,1088842,602882,51,12250,921,0,6,922.500,0.47
1244437,1065963,277438,199,11375,831,0,4,832.000,0.47
1244437,1065963,487483,52,11017,801,0,3,801.750,0.47
1244437,293622,419700,287,11167,759,0,2,759.500,0.47
1244437,293622,444415,54,10750,717,0,1,717.250,0.47
1244437,941066,1201828,67,11600,861,0,5,862.250,0.47
1244437,941066,711051,58,11333,801,0,3,801.750,0.47
1244437,438202,229709,12,18792,705,0,1,705.250,0.47
1244437,1180112,1144288,44,11935,933,0,6,934.500,0.47
1244437,438202,419713,37,20309,825,0,3,825.750,0.47
1244437,1180112,582993,1,10625,759,0,2,759.500,0.47
1244437,543012,627063,61,10500,711,0,1,711.250,0.47
1244437,543012,62204,50,11142,813,0,3,813.750,0.47
1244437,1230261,167072,191,11500,807,0,3,807.750,0.47
1244437,1230261,1171006,57,11600,843,0,4,844.000,0.47
1244437,552172,299064,220,11000,753,0,2,753.500,0.47
1244437,552172,1094445,50,11250,813,0,3,813.750,0.47
1244567,596533,692833,370,10709,775,0,3,775.750,0.89
1244567,596533,236691,49,10458,737,0,2,737.500,0.89
1244567,417473,812262,59,10852,775,0,3,775.750,0.89
1244567,417473,384613,51,11625,889,0,6,890.500,0.89
1244567,422058,934227,236,11476,889,0,6,890.500,0.89
1244567,422058,399877,46,11000,813,0,4,814.000,0.89
1244567,446934,817759,506,10601,813,0,4,814.000,0.89
1244567,446934,404355,55,10833,813,0,4,814.000,0.89
1244567,89406,635630,26,10709,737,0,2,737.500,0.89
1244567,89406,207896,55,11059,775,0,3,775.750,0.89
1244567,499373,1226059,1323,11017,813,0,4,814.000,0.89
1244567,499373,1152053,46,10958,775,0,3,775.750,0.89
1244567,262079,106572,100,11500,889,0,6,890.500,0.89
1244567,262079,758153,52,11250,889,0,6,890.500,0.89
1244567,997592,165067,121,10959,775,0,3,775.750,0.89
1244567,997592,698240,49,11060,851,0,5,852.250,0.89
1244567,210692,862169,437,19393,775,0,3,775.750,0.89
1244567,210692,963010,93,19083,737,0,2,737.500,0.89
1244567,660327,623405,137,10708,775,0,3,775.750,0.89
1244567,660327,614218,49,11018,775,0,3,775.750,0.89
1247243,969182,898427,56,13334,737,0,5,738.250,0.71
1247243,969182,351879,46,13310,673,0,3,673.750,0.71
1247243,762520,772748,15,10209,673,0,3,673.750,0.71
1247243,762520,393655,43,10875,673,0,3,673.750,0.71
1247243,512964,546778,340,10392,641,0,2,641.500,0.71
1247243,512964,404198,49,10667,673,0,3,673.750,0.71
1247243,881900,511400,197,10666,673,0,3,673.750,0.71
1247243,881900,1153325,54,11143,705,0,4,706.000,0.71
1247243,1095428,902069,223,10541,673,0,3,673.750,0.71
1247243,1095428,1022177,40,10184,641,0,2,641.500,0.71
1247243,561999,702992,513,10542,673,0,3,673.750,0.71
1247243,561999,42785,53,10917,705,0,4,706.000,0.71
1247243,970412,793837,287,11166,737,0,5,738.250,0.71
1247243,970412,547321,41,10975,737,0,5,738.250,0.71
1247243,712904,1158427,187,11209,737,0,5,738.250,0.71
1247243,712904,756139,62,11208,705,0,4,706.000,0.71
1247243,748324,183934,367,10709,641,0,2,641.500,0.71
1247243,748324,7324,43,10709,673,0,3,673.750,0.71
1247243,829834,86569,378,10558,673,0,3,673.750,0.71
1247243,829834,1169349,49,10000,641,0,2,641.500,0.71
1252079,409746,1100184,151,13708,813,0,5,814.250,0.42
1252079,260579,733949,6,12459,777,0,4,778.000,0.42
1252079,409746,102545,36,11208,777,0,4,778.000,0.42
1252079,260579,555626,5,10708,741,0,3,741.750,0.42
1252079,77554,269348,4,10167,669,0,1,669.250,0.42
1252079,77554,1241786,44,10600,741,0,3,741.750,0.42
1252079,507166,222784,177,12000,813,0,5,814.250,0.42
1252079,507166,992233,43,10625,741,0,3,741.750,0.42
1252079,588605,474901,101,11208,777,0,4,778.000,0.42
1252079,588605,251292,47,10584,741,0,3,741.750,0.42
1252079,278320,621525,45,19685,705,0,2,705.500,0.42
1252079,278320,521813,90,19583,741,0,3,741.750,0.42
1252079,165659,129411,347,11518,813,0,5,814.250,0.42
1252079,440396,67617,43,21851,849,0,6,850.500,0.42
1252079,165659,555242,3,11083,741,0,3,741.750,0.42
1252079,832800,378433,99,11058,813,0,5,814.250,0.42
1252079,440396,796057,3,22642,849,0,6,850.500,0.42
1252079,832800,1001222,51,10666,705,0,2,705.500,0.42
1252079,597521,729571,235,10958,777,0,4,778.000,0.42
1252079,597521,775019,46,11000,813,0,5,814.250,0.42
1252267,1200713,381929,145,13084,758,0,3,758.750,0.55
1252267,1200713,252206,47,10709,758,0,3,758.750,0.55
1252267,1100030,649966,218,10750,758,0,3,758.750,0.55
1252267,1100030,942439,50,11250,832,0,5,833.250,0.55
1252267,664479,145008,91,11542,832,0,5,833.250,0.55
1252267,664479,829514,42,10833,758,0,3,758.750,0.55
1252267,690413,763580,434,27375,795,0,4,796.000,0.55
1252267,690413,684527,93,20601,758,0,3,758.750,0.55
1252267,304703,525782,99,11684,795,0,4,796.000,0.55
1252267,304703,157682,54,11541,758,0,3,758.750,0.55
1252267,598419,31594,104,10709,795,0,4,796.000,0.55
1252267,598419,1107238,42,10875,721,0,2,721.500,0.55
1252267,425891,1205404,200,21101,795,0,4,796.000,0.55
1252267,425891,330589,84,18977,684,0,1,684.250,0.55
1252267,1139266,742555,292,10185,684,0,1,684.250,0.55
1252267,1139266,101660,51,11542,795,0,4,796.000,0.55
1252267,268532,345274,105,20517,832,0,5,833.250,0.55
1252267,530865,1046656,31,12292,832,0,5,833.250,0.55
1252267,530865,657367,49,10875,721,0,2,721.500,0.55
1252267,268532,888006,13,19958,795,0,4,796.000,0.55
1252819,883776,576004,125,11208,832,0,5,833.250,0.46
1252819,312280,608050,15,10792,758,0,3,758.750,0.46
1252819,56360,464169,20,10708,721,0,2,721.500,0.46
1252819,883776,282491,8,10666,758,0,3,758.750,0.46
1252819,312280,1049044,13,11042,758,0,3,758.750,0.46
1252819,56360,646848,16,10850,758,0,3,758.750,0.46
1252819,137202,72675,23,10809,795,0,4,796.000,0.46
1252819,137202,950371,50,11125,832,0,5,833.250,0.46
1252819,294929,104555,95,10518,721,0,2,721.500,0.46
1252819,294929,1170338,45,10459,721,0,2,721.500,0.46
1252819,1070919,893208,150,10375,721,0,2,721.500,0.46
1252819,1070919,157958,48,10684,721,0,2,721.500,0.46
1252819,1227679,1240923,125,20834,758,0,3,758.750,0.46
1252819,1227679,536731,85,19768,721,0,2,721.500,0.46
1252819,843072,665220,63,20392,758,0,3,758.750,0.46
1252819,843072,616044,99,20125,758,0,3,758.750,0.46
1252819,334748,1190885,658,21643,869,0,6,870.500,0.46
1252819,443923,487196,22,11459,906,0,7,907.750,0.46
1252819,443923,1059049,48,11167,795,0,4,796.000,0.46
1252819,334748,148959,20,19518,758,0,3,758.750,0.46
1253479,908511,632111,89,13392,723,0,4,724.000,0.75
1253479,908511,509602,59,13459,690,0,3,690.750,0.75
1253479,616329,485407,1049,10750,690,0,3,690.750,0.75
1253479,616329,929842,38,10643,690,0,3,690.750,0.75
1253479,661293,881774,56,10459,657,0,2,657.500,0.75
1253479,245796,407302,43,11125,756,0,5,757.250,0.75
1253479,661293,419074,8,10958,723,0,4,724.000,0.75
1253479,245796,919293,39,10642,657,0,2,657.500,0.75
1253479,290379,1245423,971,10750,690,0,3,690.750,0.75
1253479,290379,639731,57,11042,690,0,3,690.750,0.75
1253479,862845,1213739,328,10727,690,0,3,690.750,0.75
1253479,862845,643574,56,10709,657,0,2,657.500,0.75
1253479,1064185,32868,88,10851,723,0,4,724.000,0.75
1253479,1064185,423924,45,10500,657,0,2,657.500,0.75
1253479,17011,423924,262,10184,624,0,1,624.250,0.75
1253479,816736,403327,7,10875,723,0,4,724.000,0.75
1253479,466275,698887,20,11000,756,0,5,757.250,0.75
1253479,17011,944150,17,10416,657,0,2,657.500,0.75
1253479,816736,1137043,7,10583,657,0,2,657.500,0.75
1253479,466275,963253,23,10625,723,0,4,724.000,0.75
1253701,1251619,169767,566,12042,839,0,5,840.250,0.94
1253701,1251619,1078033,54,11583,739,0,3,739.750,0.94
1253701,451602,1186824,85,10875,715,0,3,715.750,0.94
1253701,451602,659331,41,10375,671,0,2,671.500,0.94
1253701,340391,1041023,360,11792,789,0,4,790.000,0.94
1253701,340391,175592,54,11292,759,0,4,760.000,0.94
1253701,1089400,1013622,158,11310,771,0,4,772.000,0.94
1253701,1089400,1139891,50,11333,771,0,4,772.000,0.94
1253701,838835,82704,614,10667,671,0,2,671.500,0.94
1253701,838835,750520,43,10934,689,0,2,689.500,0.94
1253701,660355,1005024,245,10958,701,0,2,701.500,0.94
1253701,660355,1185716,46,10643,733,0,3,733.750,0.94
1253701,894700,434540,275,11893,827,0,5,828.250,0.94
1253701,894700,563673,58,12000,783,0,4,784.000,0.94
1253701,578834,229445,350,11083,739,0,3,739.750,0.94
1253701,578834,275787,57,11375,771,0,4,772.000,0.94
1253701,461484,659699,247,21060,841,0,6,842.500,0.94
1253701,461484,1143539,81,18292,645,0,1,645.250,0.94
1253701,132287,1168251,475,10643,663,0,1,663.250,0.94
1253701,132287,968568,51,11291,753,0,4,754.000,0.94
1254131,963517,542966,155,11417,813,0,5,814.250,1.40
1254131,963517,434108,51,11726,813,0,5,814.250,1.40
1254131,353210,980435,114,11417,813,0,5,814.250,1.40
1254131,353210,745316,49,11517,813,0,5,814.250,1.40
1254131,264050,659275,483,10584,777,0,4,778.000,1.40
1254131,1135747,169818,33,10959,741,0,3,741.750,1.40
1254131,264050,889918,15,11060,813,0,5,814.250,1.40
1254131,1135747,792232,34,11685,813,0,5,814.250,1.40
1254131,1136656,44541,176,10750,741,0,3,741.750,1.40
1254131,1136656,1028889,46,10708,741,0,3,741.750,1.40
1254131,649242,322352,1235,10792,705,0,2,705.500,1.40
1254131,649242,689358,47,10518,741,0,3,741.750,1.40
1254131,357589,233461,1256,11042,777,0,4,778.000,1.40
1254131,357589,22512,47,10350,741,0,3,741.750,1.40
1254131,265083,310329,850,10810,777,0,4,778.000,1.40
1254131,265083,1226448,42,10917,777,0,4,778.000,1.40
1254131,711130,1039265,735,11625,813,0,5,814.250,1.40
1254131,711130,393449,50,10767,741,0,3,741.750,1.40
1254131,28872,936917,587,11684,849,0,6,850.500,1.40
1254131,28872,1035528,50,11375,813,0,5,814.250,1.40
1254793,FAILED,FAILED,FAILED,FAILED,FAILED,FAILED,FAILED,FAILED,FAILED
1255063,59743,1229794,305,11208,724,0,3,724.750,0.53
1255063,59743,242410,49,10958,689,0,2,689.500,0.53
1255063,861758,627324,6,20709,794,0,5,795.250,0.53
1255063,861758,660867,99,21768,829,0,6,830.500,0.53
1255063,505462,285774,299,10875,759,0,4,760.000,0.53
1255063,505462,1203615,46,10892,724,0,3,724.750,0.53
1255063,563939,933542,177,11250,759,0,4,760.000,0.53
1255063,780693,445426,9,11125,829,0,6,830.500,0.53
1255063,563939,792474,36,11041,794,0,5,795.250,0.53
1255063,780693,1019605,13,10917,724,0,3,724.750,0.53
1255063,957752,594281,304,10518,689,0,2,689.500,0.53
1255063,957752,327775,41,10834,759,0,4,760.000,0.53
1255063,491121,1165361,62,19541,724,0,3,724.750,0.53
1255063,491121,1125122,96,20308,759,0,4,760.000,0.53
1255063,907949,675640,196,11959,794,0,5,795.250,0.53
1255063,907949,763131,54,12809,829,0,6,830.500,0.53
1255063,347124,1095107,63,11083,759,0,4,760.000,0.53
1255063,347124,1062259,49,11809,759,0,4,760.000,0.53
1255063,719223,632304,121,10726,724,0,3,724.750,0.53
1255063,719223,344163,44,10708,724,0,3,724.750,0.53
1257071,356260,757280,72,13292,741,0,3,741.750,1.13
1257071,356260,555150,57,12727,669,0,1,669.250,1.13
1257071,616421,755719,600,10625,741,0,3,741.750,1.13
1257071,616421,262659,43,10084,669,0,1,669.250,1.13
1257071,1194639,598177,503,10209,669,0,1,669.250,1.13
1257071,1194639,954006,54,10625,741,0,3,741.750,1.13
1257071,826869,654865,874,11333,741,0,3,741.750,1.13
1257071,826869,242536,48,11017,741,0,3,741.750,1.13
1257071,98257,1090456,420,11183,813,0,5,814.250,1.13
1257071,98257,188219,52,10667,777,0,4,778.000,1.13
1257071,402001,876539,409,10875,705,0,2,705.500,1.13
1257071,402001,828228,55,11459,813,0,5,814.250,1.13
1257071,141786,594251,63,11417,813,0,5,814.250,1.13
1257071,141786,588656,53,11125,813,0,5,814.250,1.13
1257071,1064614,1051963,518,10542,777,0,4,778.000,1.13
1257071,1064614,860695,51,11125,813,0,5,814.250,1.13
1257071,866758,1108640,740,10584,705,0,2,705.500,1.13
1257071,866758,134247,45,10934,813,0,5,814.250,1.13
1257071,226534,581219,187,10500,741,0,3,741.750,1.13
1257071,226534,944158,51,10250,705,0,2,705.500,1.13
1261763,1164963,389598,305,10767,723,0,4,724.000,0.59
1261763,1164963,737832,55,10958,723,0,4,724.000,0.59
1261763,497755,992829,84,10226,657,0,2,657.500,0.59
1261763,497755,819337,46,10791,657,0,2,657.500,0.59
1261763,804354,603028,51,10625,690,0,3,690.750,0.59
1261763,804354,876243,48,10309,723,0,4,724.000,0.59
1261763,488041,975118,210,19267,723,0,4,724.000,0.59
1261763,285785,127809,18,10167,657,0,2,657.500,0.59
1261763,285785,372627,44,10518,723,0,4,724.000,0.59
1261763,873064,1072828,8,10518,723,0,4,724.000,0.59
1261763,488041,1194869,14,19476,723,0,4,724.000,0.59
1261763,873064,1124073,36,11125,789,0,6,790.500,0.59
1261763,1013560,996510,673,10143,657,0,2,657.500,0.59
1261763,1013560,333956,46,10375,723,0,4,724.000,0.59
1261763,562683,117816,345,10667,690,0,3,690.750,0.59
1261763,562683,443696,48,10767,723,0,4,724.000,0.59
1261763,1089173,556939,305,11559,756,0,5,757.250,0.59
1261763,1089173,361088,49,10750,723,0,4,724.000,0.59
1261763,1219757,561565,118,11000,756,0,5,757.250,0.59
1261763,1219757,15293,40,10250,657,0,2,657.500,0.59
1262713,FAILED,FAILED,FAILED,FAILED,FAILED,FAILED,FAILED,FAILED,FAILED
1268357,615437,982027,363,11459,767,0,3,767.750,0.82
1268357,615437,631199,52,11750,813,0,4,814.000,0.82
1268357,932410,369143,675,11058,721,0,2,721.500,0.82
1268357,247846,1200847,35,10958,693,0,1,693.250,0.82
1268357,932410,479400,8,11625,819,0,4,820.000,0.82
1268357,247846,1132823,35,11833,801,0,4,802.000,0.82
1268357,772213,1215044,209,11810,807,0,4,808.000,0.82
1268357,772213,51103,51,11834,841,0,5,842.250,0.82
1268357,800136,147811,508,10768,739,0,2,739.500,0.82
1268357,800136,558714,52,11542,801,0,4,802.000,0.82
1268357,1252714,117263,113,11209,755,0,3,755.750,0.82
1268357,1252714,1141205,45,11459,813,0,4,814.000,0.82
1268357,1049341,1119457,200,11060,773,0,3,773.750,0.82
1268357,1049341,336209,45,11208,795,0,4,796.000,0.82
1268357,601106,72040,120,11167,767,0,3,767.750,0.82
1268357,601106,848495,44,12143,847,0,5,848.250,0.82
1268357,524118,24050,697,11976,881,0,6,882.500,0.82
1268357,22551,1228216,3,11727,847,0,5,848.250,0.82
1268357,524118,788524,49,11625,841,0,5,842.250,0.82
1268357,22551,900182,1,11292,727,0,2,727.500,0.82
1270433,FAILED,FAILED,FAILED,FAILED,FAILED,FAILED,FAILED,FAILED,FAILED
1272283,978656,837983,23,13434,813,0,4,814.000,0.34
1272283,978656,580383,45,11292,775,0,3,775.750,0.34
1272283,789987,316314,46,13435,775,0,3,775.750,0.34
1272283,789987,360531,50,11542,851,0,5,852.250,0.34
1272283,495742,892684,247,10558,737,0,2,737.500,0.34
1272283,171447,791013,5,10933,813,0,4,814.000,0.34
1272283,495742,885967,40,11208,851,0,5,852.250,0.34
1272283,171447,284191,2,11083,775,0,3,775.750,0.34
1272283,295318,679678,342,11208,813,0,4,814.000,0.34
1272283,295318,559544,53,11477,813,0,4,814.000,0.34
1272283,981282,821374,55,11000,813,0,4,814.000,0.34
1272283,208600,927104,38,10725,775,0,3,775.750,0.34
1272283,981282,1247276,6,11433,813,0,4,814.000,0.34
1272283,208600,461074,42,11000,813,0,4,814.000,0.34
1272283,240075,166528,41,10667,775,0,3,775.750,0.34
1272283,240075,809507,44,10935,775,0,3,775.750,0.34
1272283,907055,172004,7,11143,813,0,4,814.000,0.34
1272283,907055,37427,42,10750,737,0,2,737.500,0.34
1272283,861150,878211,50,18625,699,0,1,699.250,0.34
1272283,839999,169119,36,10768,775,0,3,775.750,0.34
1273099,705326,949969,104,13875,813,0,5,814.250,0.59
1273099,705326,632340,45,11958,741,0,3,741.750,0.59
1273099,1033183,219775,285,10917,741,0,3,741.750,0.59
1273099,1033183,879560,54,11726,777,0,4,778.000,0.59
1273099,1218692,340116,428,11459,741,0,3,741.750,0.59
1273099,1218692,551768,49,11583,813,0,5,814.250,0.59
1273099,1094650,1230235,61,11208,813,0,5,814.250,0.59
1273099,1056020,503239,32,10709,777,0,4,778.000,0.59
1273099,1094650,25954,11,10834,777,0,4,778.000,0.59
1273099,380526,940145,6,10917,741,0,3,741.750,0.59
1273099,1056020,496385,19,11602,885,0,7,886.750,0.59
1273099,59290,334050,17,10434,705,0,2,705.500,0.59
1273099,380526,1199518,6,11559,813,0,5,814.250,0.59
1273099,59290,1182741,35,10792,741,0,3,741.750,0.59
1273099,1036446,204744,2,10959,777,0,4,778.000,0.59
1273099,1036446,903358,42,10875,741,0,3,741.750,0.59
1273099,526919,1259461,732,11642,885,0,7,886.750,0.59
1273099,526919,328130,45,11458,741,0,3,741.750,0.59
1273099,542661,585225,285,11041,777,0,4,778.000,0.59
1273099,542661,785793,46,11600,849,0,6,850.500,0.59
1275893,790885,65428,53,12834,942,0,5,943.250,0.36
1275893,347424,12934,30,13060,768,0,1,768.250,0.36
1275893,790885,1179855,24,12310,936,0,5,937.250,0.36
1275893,347424,479309,31,13959,858,0,3,858.750,0.36
1275893,1226037,187669,39,11375,873,0,4,874.000,0.36
1275893,1226037,1253930,45,11517,885,0,4,886.000,0.36
1275893,819046,535834,432,11559,840,0,3,840.750,0.36
1275893,819046,1110482,39,10583,762,0,1,762.250,0.36
1275893,989126,261212,44,22416,948,0,5,949.250,0.36
1275893,989126,321378,92,20875,846,0,3,846.750,0.36
1275893,1034033,633119,20,11458,909,0,4,910.000,0.36
1275893,1034033,22856,42,11642,897,0,4,898.000,0.36
1275893,159593,978332,16,12059,846,0,3,846.750,0.36
1275893,375966,655998,2,11476,846,0,3,846.750,0.36
1275893,159593,491309,41,12125,948,0,5,949.250,0.36
1275893,375966,687601,10,11375,870,0,3,870.750,0.36
1275893,825002,578064,100,22226,966,0,5,967.250,0.36
1275893,650169,1109537,7,10917,852,0,3,852.750,0.36
1275893,832958,1117383,12,11167,834,0,3,834.750,0.36
1275893,650169,138344,31,11435,909,0,4,910.000,0.36
1276169,FAILED,FAILED,FAILED,FAILED,FAILED,FAILED,FAILED,FAILED,FAILED
1277993,FAILED,FAILED,FAILED,FAILED,FAILED,FAILED,FAILED,FAILED,FAILED
1278899,682814,927044,109,13542,705,0,2,705.500,0.41
1278899,682814,740210,52,11809,813,0,5,814.250,0.41
1278899,867678,257859,58,10167,669,0,1,669.250,0.41
1278899,867678,513496,47,10768,741,0,3,741.750,0.41
1278899,553439,649574,450,10435,705,0,2,705.500,0.41
1278899,734863,731527,17,10851,777,0,4,778.000,0.41
1278899,907645,1172635,2,10643,741,0,3,741.750,0.41
1278899,553439,948329,27,11500,777,0,4,778.000,0.41
1278899,907645,771441,18,10792,741,0,3,741.750,0.41
1278899,734863,339468,4,11291,777,0,4,778.000,0.41
1278899,142383,1167207,201,11310,777,0,4,778.000,0.41
1278899,675158,530176,24,10541,741,0,3,741.750,0.41
1278899,142383,30722,25,11458,741,0,3,741.750,0.41
1278899,675158,800943,25,10958,741,0,3,741.750,0.41
1278899,773435,563434,44,10726,705,0,2,705.500,0.41
1278899,773435,1105259,48,11000,777,0,4,778.000,0.41
1278899,631060,1005650,190,10709,741,0,3,741.750,0.41
1278899,631060,364255,51,11018,777,0,4,778.000,0.41
1278899,1271826,524940,91,11209,777,0,4,778.000,0.41
1278899,1271826,889068,50,11101,777,0,4,778.000,0.41
1279921,FAILED,FAILED,FAILED,FAILED,FAILED,FAILED,FAILED,FAILED,FAILED
1280159,632928,1005358,155,11750,822,0,7,823.750,1.28
1280159,632928,475946,52,11350,756,0,5,757.250,1.28
1280159,755470,245315,1033,10709,657,0,2,657.500,1.28
1280159,755470,849697,45,10958,723,0,4,724.000,1.28
1280159,1177771,982899,572,10208,624,0,1,624.250,1.28
1280159,1177771,823191,49,11059,756,0,5,757.250,1.28
1280159,300964,752027,158,10476,690,0,3,690.750,1.28
1280159,300964,531206,50,10625,690,0,3,690.750,1.28
1280159,212797,1167897,637,10791,723,0,4,724.000,1.28
1280159,366093,850906,20,11000,723,0,4,724.000,1.28
1280159,212797,444092,33,11101,756,0,5,757.250,1.28
1280159,366093,1054242,18,10476,657,0,2,657.500,1.28
1280159,682941,1073245,1288,10458,690,0,3,690.750,1.28
1280159,217289,358159,38,10767,690,0,3,690.750,1.28
1280159,682941,1203969,7,11059,723,0,4,724.000,1.28
1280159,217289,745191,42,11209,723,0,4,724.000,1.28
1280159,235648,1275372,1210,10750,723,0,4,724.000,1.28
1280159,235648,131157,42,11042,690,0,3,690.750,1.28
1280159,502909,644247,341,10725,723,0,4,724.000,1.28
1280159,502909,1208707,49,10875,690,0,3,690.750,1.28
1280519,641691,1275911,328,10625,690,0,3,690.750,1.27
1280519,641691,98507,44,10959,756,0,5,757.250,1.27
1280519,1269167,329367,352,11059,756,0,5,757.250,1.27
1280519,1269167,1066326,50,10541,723,0,4,724.000,1.27
1280519,1054564,1161861,1478,19518,690,0,3,690.750,1.27
1280519,1054564,1193775,89,20433,756,0,5,757.250,1.27
1280519,716380,63877,4,10934,723,0,4,724.000,1.27
1280519,716380,926810,41,10167,591,0,0,591.000,1.27
1280519,1070283,431173,1171,10500,624,0,1,624.250,1.27
1280519,1070283,539021,52,10708,690,0,3,690.750,1.27
1280519,668543,524385,254,11417,756,0,5,757.250,1.27
1280519,668543,329750,49,10727,723,0,4,724.000,1.27
1280519,236141,265037,615,10434,657,0,2,657.500,1.27
1280519,236141,97410,48,10375,690,0,3,690.750,1.27
1280519,1128799,951334,504,10684,690,0,3,690.750,1.27
1280519,1128799,1026754,48,11041,756,0,5,757.250,1.27
1280519,577411,765465,569,10583,657,0,2,657.500,1.27
1280519,562072,646503,24,10375,690,0,3,690.750,1.27
1280519,577411,510115,24,10417,657,0,2,657.500,1.27
1280519,562072,136610,25,11083,723,0,4,724.000,1.27
1282213,685395,20935,191,21935,738,0,3,738.750,0.71
1282213,685395,713767,103,21958,840,0,5,841.250,0.71
1282213,314831,296823,115,12916,840,0,5,841.250,0.71
1282213,314831,364993,55,11601,828,0,5,829.250,0.71
1282213,1016729,447816,864,11542,795,0,4,796.000,0.71
1282213,1016729,370890,48,10666,654,0,1,654.250,0.71
1282213,275324,512300,15,11042,729,0,2,729.500,0.71
1282213,275324,811819,49,11559,738,0,3,738.750,0.71
1282213,1146421,814063,758,11625,822,0,5,823.250,0.71
1282213,192767,773269,8,19042,705,0,2,705.500,0.71
1282213,1146421,305151,36,11333,819,0,4,820.000,0.71
1282213,981672,578380,16,11308,801,0,4,802.000,0.71
1282213,192767,992583,31,19851,756,0,3,756.750,0.71
1282213,981672,1212167,25,11667,834,0,5,835.250,0.71
1282213,886836,559646,248,10809,729,0,2,729.500,0.71
1282213,886836,565192,46,11583,828,0,5,829.250,0.71
1282213,951721,36460,181,11583,795,0,4,796.000,0.71
1282213,689503,350145,12,11351,774,0,3,774.750,0.71
1282213,705035,596487,7,11476,822,0,5,823.250,0.71
1282213,951721,897182,22,11143,738,0,3,738.750,0.71
1284917,956860,692784,700,11476,825,0,4,826.000,0.53
1284917,946673,126155,10,11850,921,0,6,922.500,0.53
1284917,956860,32532,22,11750,903,0,5,904.250,0.53
1284917,1021727,143204,9,11792,837,0,4,838.000,0.53
1284917,946673,785115,3,10958,717,0,1,717.250,0.53
1284917,151468,294914,1,11042,753,0,2,753.500,0.53
1284917,1021727,522876,39,11518,807,0,3,807.750,0.53
1284917,151468,625315,2,12018,933,0,6,934.500,0.53
1284917,260373,1120038,917,11125,801,0,3,801.750,0.53
1284917,1139585,795997,1,11666,897,0,5,898.250,0.53
1284917,260373,2668,38,10809,753,0,2,753.500,0.53
1284917,1139585,1170383,6,11351,825,0,3,825.750,0.53
1284917,997502,1044556,19,11125,801,0,3,801.750,0.53
1284917,997502,620584,47,11167,795,0,3,795.750,0.53
1284917,738534,183887,49,11767,915,0,5,916.250,0.53
1284917,738534,416730,51,11958,843,0,4,844.000,0.53
1284917,616758,740512,123,21518,885,0,5,886.250,0.53
1284917,600954,837503,10,11250,837,0,4,838.000,0.53
1284917,600954,180931,54,11917,897,0,5,898.250,0.53
1284917,616758,353413,22,20601,837,0,4,838.000,0.53
1285877,237115,779651,51,10542,697,0,0,697.000,0.56
1285877,237115,1202750,44,11083,805,0,3,805.750,0.56
1285877,555487,809035,373,11667,879,0,4,880.000,0.56
1285877,241348,383664,12,11000,791,0,2,791.500,0.56
1285877,555487,1223784,35,11101,785,0,2,785.500,0.56
1285877,241348,105612,8,11268,835,0,3,835.750,0.56
1285877,455633,884497,114,11226,879,0,4,880.000,0.56
1285877,455633,342082,38,11750,841,0,3,841.750,0.56
1285877,175755,372018,171,11833,905,0,5,906.250,0.56
1285877,175755,817108,48,10809,785,0,2,785.500,0.56
1285877,818084,1281091,285,11643,873,0,4,874.000,0.56
1285877,818084,1117995,40,11583,891,0,4,892.000,0.56
1285877,552832,606720,213,11851,949,0,6,950.500,0.56
1285877,552832,747367,44,11458,879,0,4,880.000,0.56
1285877,87927,854790,48,11726,891,0,4,892.000,0.56
1285877,87927,612162,47,11000,809,0,2,809.500,0.56
1285877,143247,155342,66,12208,973,0,6,974.500,0.56
1285877,143247,6227,47,12309,973,0,6,974.500,0.56
1285877,3638,620814,420,11167,797,0,2,797.500,0.56
1285877,53567,67718,30,11458,917,0,5,918.250,0.56
1285943,930907,259411,840,10392,737,0,2,737.500,0.89
1285943,930907,746292,47,10916,813,0,4,814.000,0.89
1285943,188473,1079447,5,10709,775,0,3,775.750,0.89
1285943,188473,533773,47,10667,737,0,2,737.500,0.89
1285943,1041202,682654,847,12000,851,0,5,852.250,0.89
1285943,1041202,528429,56,11726,889,0,6,890.500,0.89
1285943,84324,1204399,237,12017,889,0,6,890.500,0.89
1285943,84324,350553,53,10708,737,0,2,737.500,0.89
1285943,640872,1133740,433,10791,775,0,3,775.750,0.89
1285943,640872,1240401,50,11000,775,0,3,775.750,0.89
1285943,266510,632426,175,10917,775,0,3,775.750,0.89
1285943,1275003,373661,14,10600,737,0,2,737.500,0.89
1285943,266510,540890,31,10666,775,0,3,775.750,0.89
1285943,1275003,71610,14,11083,775,0,3,775.750,0.89
1285943,362960,1187547,77,10727,737,0,2,737.500,0.89
1285943,362960,512166,46,10542,737,0,2,737.500,0.89
1285943,622870,602773,794,10434,775,0,3,775.750,0.89
1285943,509594,87767,21,11125,813,0,4,814.000,0.89
1285943,622870,44330,23,10333,737,0,2,737.500,0.89
1285943,1218602,904550,13,20267,775,0,3,775.750,0.89
1286099,1229985,1214800,288,11209,870,0,5,871.250,0.71
1286099,1229985,88569,50,11226,870,0,5,871.250,0.71
1286099,1025409,726250,427,10560,714,0,1,714.250,0.71
1286099,1025409,200812,44,10917,831,0,4,832.000,0.71
1286099,812186,908698,54,10875,831,0,4,832.000,0.71
1286099,63755,182131,12,10750,831,0,4,832.000,0.71
1286099,812186,89918,30,10643,831,0,4,832.000,0.71
1286099,63755,678188,14,11726,909,0,6,910.500,0.71
1286099,325412,86085,145,10809,792,0,3,792.750,0.71
1286099,325412,392124,49,10792,792,0,3,792.750,0.71
1286099,225802,1213480,291,11000,831,0,4,832.000,0.71
1286099,225802,476515,49,10500,753,0,2,753.500,0.71
1286099,1083578,373839,333,10310,714,0,1,714.250,0.71
1286099,1083578,670404,50,11041,792,0,3,792.750,0.71
1286099,438418,50616,95,11435,909,0,6,910.500,0.71
1286099,438418,1131095,54,10833,753,0,2,753.500,0.71
1286099,194443,1147058,536,11583,909,0,6,910.500,0.71
1286099,194443,522524,54,10333,753,0,2,753.500,0.71
1286099,612412,101865,356,10792,870,0,5,871.250,0.71
1286099,612412,789370,49,11166,831,0,4,832.000,0.71
1290811,1186340,1288594,137,13768,795,0,4,796.000,0.87
1290811,1186340,190761,41,12125,795,0,4,796.000,0.87
1290811,1146774,710019,418,11250,832,0,5,833.250,0.87
1290811,1146774,1125459,47,11058,795,0,4,796.000,0.87
1290811,1135071,678976,67,11083,832,0,5,833.250,0.87
1290811,464847,2862,35,10791,832,0,5,833.250,0.87
1290811,1135071,108994,3,10625,758,0,3,758.750,0.87
1290811,464847,1034217,50,11601,869,0,6,870.500,0.87
1290811,951257,1073589,445,11125,795,0,4,796.000,0.87
1290811,951257,182327,46,11000,758,0,3,758.750,0.87
1290811,103802,1045429,471,11726,832,0,5,833.250,0.87
1290811,103802,323477,45,10833,795,0,4,796.000,0.87
1290811,773791,673730,440,11310,832,0,5,833.250,0.87
1290811,773791,1154663,51,10833,758,0,3,758.750,0.87
1290811,90556,164325,563,11292,869,0,6,870.500,0.87
1290811,90556,378057,45,10875,758,0,3,758.750,0.87
1290811,507670,289602,520,10584,721,0,2,721.500,0.87
1290811,507670,94934,53,10809,795,0,4,796.000,0.87
1290811,736553,1255106,203,10917,758,0,3,758.750,0.87
1290811,736553,481580,49,11084,758,0,3,758.750,0.87
1292099,640770,1048353,82,13184,721,0,2,721.500,0.49
1292099,640770,833093,52,13625,795,0,4,796.000,0.49
1292099,542568,157710,100,11558,869,0,6,870.500,0.49
1292099,542568,589156,46,10500,684,0,1,684.250,0.49
1292099,200274,192193,424,10625,795,0,4,796.000,0.49
1292099,200274,933811,51,11250,795,0,4,796.000,0.49
1292099,567690,141813,10,10559,758,0,3,758.750,0.49
1292099,567690,1151529,49,10542,758,0,3,758.750,0.49
1292099,927516,310516,102,10975,795,0,4,796.000,0.49
1292099,927516,1074997,49,10958,758,0,3,758.750,0.49
1292099,866496,215369,65,10851,758,0,3,758.750,0.49
1292099,866496,1011025,55,11458,832,0,5,833.250,0.49
1292099,862985,816466,360,11000,721,0,2,721.500,0.49
1292099,862985,1206589,56,11143,795,0,4,796.000,0.49
1292099,467378,963481,197,10875,795,0,4,796.000,0.49
1292099,467378,709050,45,10810,758,0,3,758.750,0.49
1292099,780428,1051860,116,11000,758,0,3,758.750,0.49
1292099,847394,1178685,26,11475,869,0,6,870.500,0.49
1292099,780428,244486,22,10851,721,0,2,721.500,0.49
1292099,847394,390969,27,11334,869,0,6,870.500,0.49
1292857,FAILED,FAILED,FAILED,FAILED,FAILED,FAILED,FAILED,FAILED,FAILED
1292953,FAILED,FAILED,FAILED,FAILED,FAILED,FAILED,FAILED,FAILED,FAILED
1293821,643252,1220323,207,10559,727,0,2,727.500,0.68
1293821,643252,1087209,46,11458,825,0,4,826.000,0.68
1293821,1240322,199658,18,11541,801,0,4,802.000,0.68
1293821,1240322,1021825,43,11083,721,0,2,721.500,0.68
1293821,554687,935457,75,11167,773,0,3,773.750,0.68
1293821,911290,616417,29,11625,853,0,5,854.250,0.68
1293821,554687,1158887,15,11209,791,0,3,791.750,0.68
1293821,911290,753089,33,10851,767,0,3,767.750,0.68
1293821,1281746,448769,425,11101,825,0,4,826.000,0.68
1293821,1281746,794240,52,11667,871,0,5,872.250,0.68
1293821,823058,87924,35,11458,825,0,4,826.000,0.68
1293821,823058,560140,44,11060,779,0,3,779.750,0.68
1293821,844427,962954,270,11601,865,0,5,866.250,0.68
1293821,790272,1099872,23,11041,727,0,2,727.500,0.68
1293821,844427,668580,26,11167,853,0,5,854.250,0.68
1293821,790272,233818,23,10709,755,0,3,755.750,0.68
1293821,391102,716978,112,11583,859,0,5,860.250,0.68
1293821,391102,237059,50,10851,721,0,2,721.500,0.68
1293821,147155,799445,1012,11935,887,0,6,888.500,0.68
1293821,147155,1006611,42,10875,715,0,2,715.500,0.68
1295747,1150767,1091431,326,10559,724,0,3,724.750,0.62
1295747,1150767,1118888,51,11417,829,0,6,830.500,0.62
1295747,610303,902152,114,11000,759,0,4,760.000,0.62
1295747,610303,410804,54,10875,759,0,4,760.000,0.62
1295747,990420,1101754,287,19416,759,0,4,760.000,0.62
1295747,990420,704218,95,19602,759,0,4,760.000,0.62
1295747,573669,495190,174,10542,689,0,2,689.500,0.62
1295747,573669,519228,47,10643,759,0,4,760.000,0.62
1295747,1240321,1070325,61,10958,724,0,3,724.750,0.62
1295747,1240321,907311,43,11250,759,0,4,760.000,0.62
1295747,394433,979970,2,19042,724,0,3,724.750,0.62
1295747,394433,25400,94,18767,724,0,3,724.750,0.62
1295747,779276,1182643,62,10833,759,0,4,760.000,0.62
1295747,779276,71505,40,10851,724,0,3,724.750,0.62
1295747,281055,645513,31,10542,724,0,3,724.750,0.62
1295747,281055,1267525,47,10791,724,0,3,724.750,0.62
1295747,44192,1065043,902,10850,759,0,4,760.000,0.62
1295747,861024,131450,15,10750,724,0,3,724.750,0.62
1295747,227517,519913,11,19433,759,0,4,760.000,0.62
1295747,44192,499323,13,10542,689,0,2,689.500,0.62
1299841,FAILED,FAILED,FAILED,FAILED,FAILED,FAILED,FAILED,FAILED,FAILED
1300307,892107,828553,1002,11351,851,0,5,852.250,0.72
1300307,892107,489500,50,11375,775,0,3,775.750,0.72
1300307,360623,176439,44,10833,775,0,3,775.750,0.72
1300307,360623,1117965,52,11101,851,0,5,852.250,0.72
1300307,552882,946370,180,10560,775,0,3,775.750,0.72
1300307,552882,575357,48,11333,851,0,5,852.250,0.72
1300307,566379,1251202,133,10375,661,0,0,661.000,0.72
1300307,566379,176195,49,11143,851,0,5,852.250,0.72
1300307,702329,1117212,144,11017,851,0,5,852.250,0.72
1300307,702329,6786,50,10875,813,0,4,814.000,0.72
1300307,658184,648260,188,11208,851,0,5,852.250,0.72
1300307,590044,477257,36,10476,775,0,3,775.750,0.72
1300307,658184,773817,13,10476,737,0,2,737.500,0.72
1300307,590044,596284,34,11208,775,0,3,775.750,0.72
1300307,34003,152921,598,10917,813,0,4,814.000,0.72
1300307,34003,743563,44,11017,775,0,3,775.750,0.72
1300307,370402,571086,317,11583,889,0,6,890.500,0.72
1300307,522833,1199688,39,10625,775,0,3,775.750,0.72
1300307,370402,925758,4,11583,851,0,5,852.250,0.72
1300307,522833,1171438,46,11350,813,0,4,814.000,0.72
1305643,135179,237661,206,11083,795,0,4,796.000,0.40
1305643,135179,293793,42,10809,795,0,4,796.000,0.40
1305643,780901,1280230,309,11435,832,0,5,833.250,0.40
1305643,870947,251709,11,10917,758,0,3,758.750,0.40
1305643,780901,884460,24,10916,758,0,3,758.750,0.40
1305643,870947,822862,16,10709,758,0,3,758.750,0.40
1305643,320396,137306,66,10892,795,0,4,796.000,0.40
1305643,320396,740536,41,10667,721,0,2,721.500,0.40
1305643,31502,174255,226,10642,721,0,2,721.500,0.40
1305643,31502,661197,43,11083,795,0,4,796.000,0.40
1305643,919522,311647,36,10667,758,0,3,758.750,0.40
1305643,919522,1233989,49,10310,721,0,2,721.500,0.40
1305643,743397,889954,147,10309,684,0,1,684.250,0.40
1305643,743397,131556,53,11583,758,0,3,758.750,0.40
1305643,367397,597254,92,10893,795,0,4,796.000,0.40
1305643,367397,332068,42,10666,758,0,3,758.750,0.40
1305643,536210,965029,8,10833,795,0,4,796.000,0.40
1305643,704689,493573,10,10750,758,0,3,758.750,0.40
1305643,536210,994598,29,10310,721,0,2,721.500,0.40
1305643,704689,765578,9,11018,795,0,4,796.000,0.40
1307437,608612,337885,316,11417,879,0,5,880.250,0.36
1307437,608612,196192,47,11166,801,0,3,801.750,0.36
1307437,622632,1207912,122,11000,765,0,2,765.500,0.36
1307437,622632,1057603,42,11226,789,0,3,789.750,0.36
1307437,835092,368709,90,11667,819,0,3,819.750,0.36
1307437,835092,1012447,46,11434,789,0,3,789.750,0.36
1307437,322001,1118722,150,11958,843,0,4,844.000,0.36
1307437,786319,1145004,20,11875,837,0,4,838.000,0.36
1307437,1047387,257038,10,12042,933,0,6,934.500,0.36
1307437,322001,1293443,15,11709,843,0,4,844.000,0.36
1307437,786319,584461,18,12309,885,0,5,886.250,0.36
1307437,929435,291796,4,11851,909,0,6,910.500,0.36
1307437,1047387,247917,3,11642,927,0,6,928.500,0.36
1307437,929435,1271479,43,11333,873,0,5,874.250,0.36
1307437,183424,1207431,64,11185,771,0,2,771.500,0.36
1307437,4088,113374,32,19935,777,0,2,777.500,0.36
1307437,183424,980731,15,12000,963,0,7,964.750,0.36
1307437,4088,549051,91,21310,879,0,5,880.250,0.36
1307437,594719,533368,76,10834,795,0,3,795.750,0.36
1307437,594719,491049,45,11183,795,0,3,795.750,0.36
1308343,820906,557340,832,11250,831,0,4,832.000,0.57
1308343,820906,1243985,53,11250,831,0,4,832.000,0.57
1308343,355155,472773,176,10477,714,0,1,714.250,0.57
1308343,355155,497858,51,11084,870,0,5,871.250,0.57
1308343,492622,45863,179,11875,870,0,5,871.250,0.57
1308343,617162,981451,34,11309,909,0,6,910.500,0.57
1308343,492622,1279689,14,11517,870,0,5,871.250,0.57
1308343,617162,394160,32,10541,753,0,2,753.500,0.57
1308343,1195184,1232091,49,11041,831,0,4,832.000,0.57
1308343,7377,842127,29,10625,792,0,3,792.750,0.57
1308343,1195184,777504,18,10934,831,0,4,832.000,0.57
1308343,7377,1226755,8,10500,753,0,2,753.500,0.57
1308343,481192,1284579,21,10333,753,0,2,753.500,0.57
1308343,799740,555862,23,10917,831,0,4,832.000,0.57
1308343,481192,210289,20,10542,753,0,2,753.500,0.57
1308343,799740,1186119,27,11267,831,0,4,832.000,0.57
1308343,1059634,187944,324,10875,831,0,4,832.000,0.57
1308343,1059634,508824,49,10458,792,0,3,792.750,0.57
1308343,1228974,74290,302,11017,870,0,5,871.250,0.57
1308343,1228974,26564,49,11083,792,0,3,792.750,0.57
1308491,1030402,1199855,395,11334,831,0,4,832.000,0.41
1308491,1030402,423880,48,11041,792,0,3,792.750,0.41
1308491,1204346,310318,339,11684,948,0,7,949.750,0.41
1308491,223669,1190016,36,10750,753,0,2,753.500,0.41
1308491,1204346,7482,12,11166,870,0,5,871.250,0.41
1308491,223669,169620,42,12142,870,0,5,871.250,0.41
1308491,1294639,841926,117,10875,753,0,2,753.500,0.41
1308491,1294639,706546,45,10977,792,0,3,792.750,0.41
1308491,951229,941712,75,10583,714,0,1,714.250,0.41
1308491,1128780,1090533,6,11917,909,0,6,910.500,0.41
1308491,951229,817204,44,10643,753,0,2,753.500,0.41
1308491,1128780,886777,3,10685,792,0,3,792.750,0.41
1308491,1081440,25195,17,11560,870,0,5,871.250,0.41
1308491,691140,1042641,18,10417,714,0,1,714.250,0.41
1308491,1081440,1245669,24,10750,753,0,2,753.500,0.41
1308491,691140,755951,23,11250,831,0,4,832.000,0.41
1308491,156271,455545,103,20642,870,0,5,871.250,0.41
1308491,156271,619389,80,18726,714,0,1,714.250,0.41
1308491,493562,456964,136,11475,870,0,5,871.250,0.41
1308491,493562,877664,46,10958,792,0,3,792.750,0.41
1310759,475498,1113958,84,12727,609,0,2,609.500,0.82
1310759,475498,228456,48,10458,609,0,2,609.500,0.82
1310759,742923,900314,796,10791,699,0,5,700.250,0.82
1310759,742923,809799,56,10975,699,0,5,700.250,0.82
1310759,671897,1200439,355,11208,669,0,4,670.000,0.82
1310759,671897,813416,50,10625,609,0,2,609.500,0.82
1310759,306778,218301,69,10684,669,0,4,670.000,0.82
1310759,306778,919502,52,11208,729,0,6,730.500,0.82
1310759,1309183,168891,204,10601,669,0,4,670.000,0.82
1310759,1309183,465899,46,10459,639,0,3,639.750,0.82
1310759,846361,366131,504,11000,699,0,5,700.250,0.82
1310759,846361,237600,49,11143,729,0,6,730.500,0.82
1310759,1195504,670677,170,18308,609,0,2,609.500,0.82
1310759,1195504,171927,81,18226,639,0,3,639.750,0.82
1310759,524748,555219,219,11084,639,0,3,639.750,0.82
1310759,524748,675345,58,11250,669,0,4,670.000,0.82
1310759,41802,958889,382,10392,639,0,3,639.750,0.82
1310759,41802,365429,50,10250,639,0,3,639.750,0.82
1310759,56077,431530,491,12000,699,0,5,700.250,0.82
1310759,56077,754359,52,11183,669,0,4,670.000,0.82
1311367,1099266,969259,417,10934,687,0,4,688.000,0.60
1311367,1099266,704840,48,11250,718,0,5,719.250,0.60
1311367,213918,408507,117,10333,625,0,2,625.500,0.60
1311367,213918,306408,50,11333,718,0,5,719.250,0.60
1311367,272956,1186185,2,10709,687,0,4,688.000,0.60
1311367,272956,9075,52,10642,656,0,3,656.750,0.60
1311367,920887,956343,144,10809,656,0,3,656.750,0.60
1311367,920887,898550,48,10667,656,0,3,656.750,0.60
1311367,593136,858507,80,11143,687,0,4,688.000,0.60
1311367,678113,562,40,10500,687,0,4,688.000,0.60
1311367,593136,932981,8,10542,656,0,3,656.750,0.60
1311367,678113,636702,39,10958,718,0,5,719.250,0.60
1311367,481798,1298122,212,10518,594,0,1,594.250,0.60
1311367,481798,740134,46,10667,625,0,2,625.500,0.60
1311367,428148,1089164,194,11417,718,0,5,719.250,0.60
1311367,428148,1052551,46,10643,625,0,2,625.500,0.60
1311367,1068565,308335,266,10875,718,0,5,719.250,0.60
1311367,1068565,1204738,52,10625,625,0,2,625.500,0.60
1311367,358799,967031,669,10625,687,0,4,688.000,0.60
1311367,358799,509023,47,10602,656,0,3,656.750,0.60
1315591,603127,245201,36,11459,705,0,4,706.000,0.75
1315591,603127,1078012,46,10851,673,0,3,673.750,0.75
1315591,853447,899370,231,10417,673,0,3,673.750,0.75
1315591,853447,410390,40,10143,641,0,2,641.500,0.75
1315591,776329,498851,125,19850,705,0,4,706.000,0.75
1315591,776329,192617,99,18792,609,0,1,609.250,0.75
1315591,880936,369961,38,10041,609,0,1,609.250,0.75
1315591,880936,223956,37,10393,641,0,2,641.500,0.75
1315591,886891,1181583,1496,11417,705,0,4,706.000,0.75
1315591,886891,406607,46,11309,705,0,4,706.000,0.75
1315591,774562,1139867,247,10917,705,0,4,706.000,0.75
1315591,170147,431635,27,12209,737,0,5,738.250,0.75
1315591,774562,323692,15,11518,737,0,5,738.250,0.75
1315591,170147,276983,36,11435,737,0,5,738.250,0.75
1315591,1149562,559339,344,11791,769,0,6,770.500,0.75
1315591,1149562,577535,49,10709,673,0,3,673.750,0.75
1315591,708265,192666,301,11475,769,0,6,770.500,0.75
1315591,319120,964986,18,11975,769,0,6,770.500,0.75
1315591,708265,135730,26,10833,673,0,3,673.750,0.75
1315591,319120,992189,15,10541,641,0,2,641.500,0.75
1317683,540971,288035,1165,10125,689,0,2,689.500,1.29
1317683,540971,316260,47,10810,759,0,4,760.000,1.29
1317683,1126976,930592,765,10559,689,0,2,689.500,1.29
1317683,1126976,75259,40,11209,794,0,5,795.250,1.29
1317683,452220,642106,1519,10935,689,0,2,689.500,1.29
1317683,452220,35633,54,10916,724,0,3,724.750,1.29
1317683,50071,1289744,209,11267,759,0,4,760.000,1.29
1317683,50071,73044,49,10500,724,0,3,724.750,1.29
1317683,511542,165386,166,10625,689,0,2,689.500,1.29
1317683,511542,42627,56,10850,724,0,3,724.750,1.29
1317683,1195018,1064678,207,11708,794,0,5,795.250,1.29
1317683,1195018,783895,51,11875,759,0,4,760.000,1.29
1317683,489181,743021,871,10477,724,0,3,724.750,1.29
1317683,1151386,473913,40,11416,759,0,4,760.000,1.29
1317683,489181,1243554,2,11166,794,0,5,795.250,1.29
1317683,1151386,547653,44,11250,724,0,3,724.750,1.29
1317683,117797,630164,100,11166,794,0,5,795.250,1.29
1317683,117797,122805,42,10792,724,0,3,724.750,1.29
1317683,528444,1000414,242,10792,759,0,4,760.000,1.29
1317683,528444,766852,48,11459,724,0,3,724.750,1.29
1318729,FAILED,FAILED,FAILED,FAILED,FAILED,FAILED,FAILED,FAILED,FAILED
1322021,421718,866201,544,11042,727,0,3,727.750,0.46
1322021,1248770,878059,13,20958,797,0,5,798.250,0.46
1322021,421718,994798,37,11558,789,0,4,790.000,0.46
1322021,1258317,121637,3,11208,771,0,4,772.000,0.46
1322021,1258317,331947,44,10708,721,0,3,721.750,0.46
1322021,1248770,62424,31,19959,765,0,4,766.000,0.46
1322021,81467,1193445,16,11018,739,0,3,739.750,0.46
1322021,68879,156048,4,11185,759,0,4,760.000,0.46
1322021,81467,872713,38,11500,765,0,4,766.000,0.46
1322021,68879,192590,8,11417,751,0,3,751.750,0.46
1322021,529843,3167,135,11167,753,0,4,754.000,0.46
1322021,529843,748760,52,11208,759,0,4,760.000,0.46
1322021,138796,1113302,427,11101,721,0,3,721.750,0.46
1322021,379236,1152913,16,11351,753,0,4,754.000,0.46
1322021,138796,525526,30,11834,759,0,4,760.000,0.46
1322021,379236,1199418,13,12000,815,0,5,816.250,0.46
1322021,623181,602793,140,11125,733,0,3,733.750,0.46
1322021,623181,393618,44,10291,645,0,1,645.250,0.46
1322021,137554,757597,47,11309,727,0,3,727.750,0.46
1322021,137554,987392,49,11625,783,0,4,784.000,0.46
1322389,1032207,882238,277,11934,859,0,5,860.250,0.62
1322389,1032207,782538,55,11750,807,0,4,808.000,0.62
1322389,967623,1276528,731,11792,829,0,5,830.250,0.62
1322389,967623,997105,49,11101,733,0,2,733.500,0.62
1322389,749729,1077783,198,10625,687,0,1,687.250,0.62
1322389,749729,1100508,50,11226,721,0,2,721.500,0.62
1322389,533770,240258,372,11250,749,0,3,749.750,0.62
1322389,533770,249195,49,10935,703,0,2,703.500,0.62
1322389,639138,136042,1,11143,807,0,4,808.000,0.62
1322389,639138,438976,43,11083,773,0,3,773.750,0.62
1322389,1171484,1150558,83,11684,853,0,5,854.250,0.62
1322389,1171484,1064207,52,11458,825,0,4,826.000,0.62
1322389,495148,1258111,115,10459,681,0,1,681.250,0.62
1322389,495148,70744,49,11042,807,0,4,808.000,0.62
1322389,351912,454071,109,11000,739,0,2,739.500,0.62
1322389,351912,609233,55,11475,807,0,4,808.000,0.62
1322389,328133,1028061,37,11791,859,0,5,860.250,0.62
1322389,328133,324478,46,11167,801,0,4,802.000,0.62
1322389,712922,421548,41,11560,837,0,4,838.000,0.62
1322389,712922,569445,39,10333,715,0,2,715.500,0.62
1326307,289127,50846,53,13142,777,0,4,778.000,0.55
1326307,289127,645061,55,12958,741,0,3,741.750,0.55
1326307,1196330,612210,281,10458,669,0,1,669.250,0.55
1326307,1196330,749777,50,10667,705,0,2,705.500,0.55
1326307,341217,776281,333,10392,705,0,2,705.500,0.55
1326307,341217,630275,46,10791,777,0,4,778.000,0.55
1326307,213787,1149224,245,11101,813,0,5,814.250,0.55
1326307,213787,568401,46,10334,705,0,2,705.500,0.55
1326307,642294,164951,116,20185,777,0,4,778.000,0.55
1326307,489051,602631,70,11291,813,0,5,814.250,0.55
1326307,642294,704538,23,20666,813,0,5,814.250,0.55
1326307,489051,41387,37,11310,849,0,6,850.500,0.55
1326307,963997,1165618,517,10667,741,0,3,741.750,0.55
1326307,963997,47246,51,11018,777,0,4,778.000,0.55
1326307,386254,339162,139,10916,741,0,3,741.750,0.55
1326307,1315276,341514,8,11018,777,0,4,778.000,0.55
1326307,386254,1274626,44,11227,741,0,3,741.750,0.55
1326307,1315276,982456,1,11292,813,0,5,814.250,0.55
1326307,588462,506525,194,10125,705,0,2,705.500,0.55
1326307,757195,167086,8,11167,777,0,4,778.000,0.55
1327369,FAILED,FAILED,FAILED,FAILED,FAILED,FAILED,FAILED,FAILED,FAILED
1328179,883953,1307323,51,13375,690,0,3,690.750,0.51
1328179,679063,26921,20,13625,723,0,4,724.000,0.51
1328179,883953,140574,27,11417,690,0,3,690.750,0.51
1328179,679063,192393,17,11600,657,0,2,657.500,0.51
1328179,1033276,937834,2,11808,756,0,5,757.250,0.51
1328179,1033276,1159772,55,10916,723,0,4,724.000,0.51
1328179,1033276,286878,318,10709,723,0,4,724.000,0.51
1328179,737077,76554,9,11250,756,0,5,757.250,0.51
1328179,1033276,148317,40,11100,723,0,4,724.000,0.51
1328179,737077,329120,5,11142,723,0,4,724.000,0.51
1328179,764936,1241541,33,10667,690,0,3,690.750,0.51
1328179,764936,623733,43,10708,690,0,3,690.750,0.51
1328179,1216778,212660,144,11292,723,0,4,724.000,0.51
1328179,1216778,963448,52,11350,723,0,4,724.000,0.51
1328179,269817,563525,808,10916,723,0,4,724.000,0.51
1328179,269817,1086157,50,10351,690,0,3,690.750,0.51
1328179,1275883,892677,106,10500,690,0,3,690.750,0.51
1328179,1275883,381243,47,10184,624,0,1,624.250,0.51
1328179,1183244,86511,115,10726,723,0,4,724.000,0.51
1328179,1183244,1172833,45,10625,657,0,2,657.500,0.51
1328563,761395,1097867,196,20560,794,0,5,795.250,0.70
1328563,761395,1316385,121,27750,759,0,4,760.000,0.70
1328563,201528,1170654,148,11393,829,0,6,830.500,0.70
1328563,201528,230367,48,11375,794,0,5,795.250,0.70
1328563,994729,969508,780,11000,759,0,4,760.000,0.70
1328563,171501,217282,18,11250,794,0,5,795.250,0.70
1328563,994729,347843,23,10642,759,0,4,760.000,0.70
1328563,171501,893269,14,10975,759,0,4,760.000,0.70
1328563,1238943,302511,113,11559,829,0,6,830.500,0.70
1328563,1238943,807967,44,10500,689,0,2,689.500,0.70
1328563,449252,582632,94,11102,829,0,6,830.500,0.70
1328563,449252,1128551,54,11208,759,0,4,760.000,0.70
1328563,68063,461573,498,10809,759,0,4,760.000,0.70
1328563,68063,1226565,47,10458,689,0,2,689.500,0.70
1328563,244971,416963,347,10625,689,0,2,689.500,0.70
1328563,244971,978159,50,11310,759,0,4,760.000,0.70
1328563,1281377,274205,56,11000,724,0,3,724.750,0.70
1328563,1281377,269264,59,10975,759,0,4,760.000,0.70
1328563,612309,850680,271,11517,794,0,5,795.250,0.70
1328563,629758,1201593,9,20517,759,0,4,760.000,0.70
1330253,952498,875780,58,13458,727,0,3,727.750,0.79
1330253,952498,639018,56,14101,783,0,4,784.000,0.79
1330253,26852,852958,1040,10958,739,0,3,739.750,0.79
1330253,204827,329771,24,10792,739,0,3,739.750,0.79
1330253,26852,125623,18,11143,739,0,3,739.750,0.79
1330253,204827,790939,24,10893,725,0,2,725.500,0.79
1330253,959212,105288,160,12000,821,0,5,822.250,0.79
1330253,959212,983838,41,11000,707,0,2,707.500,0.79
1330253,575176,520238,308,20352,803,0,5,804.250,0.79
1330253,575176,547661,100,20208,779,0,5,780.250,0.79
1330253,428113,1245551,43,11310,757,0,3,757.750,0.79
1330253,428113,1078143,47,11958,841,0,6,842.500,0.79
1330253,926618,1164897,4,11417,777,0,4,778.000,0.79
1330253,926618,951420,44,10875,695,0,2,695.500,0.79
1330253,825554,846294,291,12083,733,0,3,733.750,0.79
1330253,1292246,1283276,24,10517,657,0,1,657.250,0.79
1330253,825554,807847,20,9975,607,0,0,607.000,0.79
1330253,1292246,612287,31,10833,701,0,2,701.500,0.79
1330253,1161345,10576,892,10933,797,0,5,798.250,0.79
1330253,1161345,776171,46,10958,709,0,3,709.750,0.79
1330519,107425,452927,565,10726,724,0,3,724.750,0.50
1330519,107425,622347,50,10916,759,0,4,760.000,0.50
1330519,932862,622288,106,10833,724,0,3,724.750,0.50
1330519,932862,406168,46,10667,724,0,3,724.750,0.50
1330519,1003463,1258151,4,11583,759,0,4,760.000,0.50
1330519,809990,1212482,18,10958,759,0,4,760.000,0.50
1330519,1003463,1234320,30,11559,794,0,5,795.250,0.50
1330519,809990,683921,17,11101,794,0,5,795.250,0.50
1330519,479088,957731,150,11250,794,0,5,795.250,0.50
1330519,479088,165056,52,11000,759,0,4,760.000,0.50
1330519,444251,456296,50,11017,759,0,4,760.000,0.50
1330519,444251,1111952,51,11459,794,0,5,795.250,0.50
1330519,1188202,324520,282,11125,759,0,4,760.000,0.50
1330519,1188202,1076893,52,11167,724,0,3,724.750,0.50
1330519,524637,260618,69,10833,724,0,3,724.750,0.50
1330519,524637,168652,53,11042,759,0,4,760.000,0.50
1330519,154808,834421,96,10500,689,0,2,689.500,0.50
1330519,154808,330354,47,9833,619,0,0,619.000,0.50
1330519,424485,1158202,196,11476,794,0,5,795.250,0.50
1330519,1329152,100742,21,10500,689,0,2,689.500,0.50
1333273,FAILED,FAILED,FAILED,FAILED,FAILED,FAILED,FAILED,FAILED,FAILED
1334233,FAILED,FAILED,FAILED,FAILED,FAILED,FAILED,FAILED,FAILED,FAILED
1334401,FAILED,FAILED,FAILED,FAILED,FAILED,FAILED,FAILED,FAILED,FAILED
1335343,984569,848555,137,13000,705,0,4,706.000,0.49
1335343,984569,1307945,41,11166,737,0,5,738.250,0.49
1335343,276096,513575,56,10518,641,0,2,641.500,0.49
1335343,276096,1107492,37,10750,705,0,4,706.000,0.49
1335343,846274,1324324,4,11250,769,0,6,770.500,0.49
1335343,846274,89452,46,10250,641,0,2,641.500,0.49
1335343,463866,488024,622,10642,641,0,2,641.500,0.49
1335343,463866,602551,45,11500,769,0,6,770.500,0.49
1335343,589767,1114069,5,10292,641,0,2,641.500,0.49
1335343,589767,727901,46,10500,705,0,4,706.000,0.49
1335343,1266078,685517,76,11333,705,0,4,706.000,0.49
1335343,1266078,402105,61,12834,801,0,7,802.750,0.49
1335343,49782,692311,273,20000,769,0,6,770.500,0.49
1335343,49782,368758,85,17768,609,0,1,609.250,0.49
1335343,608127,841975,48,10375,705,0,4,706.000,0.49
1335343,608127,94674,49,10750,705,0,4,706.000,0.49
1335343,13264,411755,107,11291,705,0,4,706.000,0.49
1335343,13264,1106019,54,11101,705,0,4,706.000,0.49
1335343,245295,197271,146,10101,641,0,2,641.500,0.49
1335343,245295,1072732,54,11084,705,0,4,706.000,0.49
1336463,31112,283637,208,10833,723,0,4,724.000,0.67
1336463,31112,407309,50,11017,756,0,5,757.250,0.67
1336463,394764,436875,78,11000,789,0,6,790.500,0.67
1336463,394764,788712,47,10893,723,0,4,724.000,0.67
1336463,107090,299262,95,11334,723,0,4,724.000,0.67
1336463,107090,384501,45,11184,690,0,3,690.750,0.67
1336463,76484,1087670,365,18560,657,0,2,657.500,0.67
1336463,76484,712145,98,18850,690,0,3,690.750,0.67
1336463,927104,1307725,603,11060,756,0,5,757.250,0.67
1336463,927104,208236,50,11125,756,0,5,757.250,0.67
1336463,732143,1277211,722,10250,657,0,2,657.500,0.67
1336463,855446,402178,13,11083,756,0,5,757.250,0.67
1336463,732143,603564,21,10435,657,0,2,657.500,0.67
1336463,855446,532055,14,10351,624,0,1,624.250,0.67
1336463,1281420,379839,113,10977,723,0,4,724.000,0.67
1336463,1281420,571633,58,10917,723,0,4,724.000,0.67
1336463,803421,1280060,36,11042,690,0,3,690.750,0.67
1336463,803421,724454,46,10475,657,0,2,657.500,0.67
1336463,54623,75566,102,10583,690,0,3,690.750,0.67
1336463,54623,1254540,55,10768,690,0,3,690.750,0.67
1336901,270714,608828,237,21933,891,0,6,892.500,1.12
1336901,270714,1141455,97,20601,789,0,4,790.000,1.12
1336901,326237,524009,759,11000,717,0,2,717.500,1.12
1336901,326237,1059751,56,11017,738,0,3,738.750,1.12
1336901,122387,609168,628,11958,885,0,6,886.500,1.12
1336901,122387,47290,57,11292,789,0,4,790.000,1.12
1336901,1299896,968013,488,11184,744,0,3,744.750,1.12
1336901,1299896,680059,53,10833,732,0,3,732.750,1.12
1336901,1078970,1257895,248,11667,795,0,4,796.000,1.12
1336901,1078970,838781,50,11291,756,0,3,756.750,1.12
1336901,119516,1020962,474,11000,672,0,1,672.250,1.12
1336901,119516,666255,48,11083,750,0,3,750.750,1.12
1336901,698855,834407,170,11517,765,0,4,766.000,1.12
1336901,698855,242434,50,11291,768,0,3,768.750,1.12
1336901,860004,1074258,396,11017,723,0,2,723.500,1.12
1336901,962533,903116,43,10750,690,0,1,690.250,1.12
1336901,860004,213138,9,11542,738,0,3,738.750,1.12
1336901,962533,492525,36,10791,672,0,1,672.250,1.12
1336901,65325,184921,909,11459,807,0,4,808.000,1.12
1336901,942045,753427,9,11584,789,0,4,790.000,1.12
1338377,FAILED,FAILED,FAILED,FAILED,FAILED,FAILED,FAILED,FAILED,FAILED
1338653,1248211,152747,434,10667,660,0,1,660.250,1.24
1338653,1248211,842585,45,11333,756,0,3,756.750,1.24
1338653,616145,708895,1811,11375,750,0,3,750.750,1.24
1338653,616145,833463,55,11685,816,0,5,817.250,1.24
1338653,76445,438530,66,11083,738,0,3,738.750,1.24
1338653,76445,1106216,40,11851,873,0,6,874.500,1.24
1338653,579320,929757,763,11416,744,0,3,744.750,1.24
1338653,579320,226480,48,12102,852,0,5,853.250,1.24
1338653,365567,1311822,169,11475,738,0,3,738.750,1.24
1338653,365567,369709,46,10667,678,0,1,678.250,1.24
1338653,815550,373774,543,11685,795,0,4,796.000,1.24
1338653,444606,769349,12,11416,795,0,4,796.000,1.24
1338653,815550,822806,29,10958,756,0,3,756.750,1.24
1338653,444606,203063,14,11334,750,0,3,750.750,1.24
1338653,944818,1236066,154,19375,717,0,2,717.500,1.24
1338653,788276,150491,62,10750,711,0,2,711.500,1.24
1338653,944818,1082062,15,18916,693,0,2,693.500,1.24
1338653,788276,291260,32,11417,783,0,4,784.000,1.24
1338653,995642,626037,921,11477,789,0,4,790.000,1.24
1338653,995642,814469,49,11000,750,0,3,750.750,1.24
1341701,1224986,238130,253,10958,738,0,3,738.750,0.87
1341701,1224986,597554,47,10875,756,0,3,756.750,0.87
1341701,1217250,865753,72,11017,711,0,2,711.500,0.87
1341701,1217250,1023281,46,10917,750,0,3,750.750,0.87
1341701,1091589,671399,582,11417,795,0,4,796.000,0.87
1341701,1091589,261807,52,11642,795,0,4,796.000,0.87
1341701,1159681,1178190,245,11100,717,0,2,717.500,0.87
1341701,1159681,446323,55,12583,843,0,6,844.500,0.87
1341701,213011,232290,186,11976,828,0,5,829.250,0.87
1341701,213011,373869,42,11292,777,0,4,778.000,0.87
1341701,383532,212157,463,12208,834,0,5,835.250,0.87
1341701,383532,990179,58,11309,762,0,3,762.750,0.87
1341701,1297847,788541,301,11309,795,0,4,796.000,0.87
1341701,158033,665600,11,11291,822,0,5,823.250,0.87
1341701,1297847,44034,20,10959,783,0,4,784.000,0.87
1341701,158033,48873,18,11000,759,0,4,760.000,0.87
1341701,80733,211477,634,10667,711,0,2,711.500,0.87
1341701,80733,820510,52,10875,723,0,2,723.500,0.87
1341701,754453,263251,393,10959,732,0,3,732.750,0.87
1341701,862204,675104,41,11434,774,0,3,774.750,0.87
1341841,FAILED,FAILED,FAILED,FAILED,FAILED,FAILED,FAILED,FAILED,FAILED
1341863,159696,1280032,127,13125,741,0,3,741.750,0.82
1341863,159696,1152032,50,11291,813,0,5,814.250,0.82
1341863,1080208,280903,1146,11000,777,0,4,778.000,0.82
1341863,1080208,31157,46,11225,813,0,5,814.250,0.82
1341863,974810,145241,126,11101,777,0,4,778.000,0.82
1341863,974810,857174,49,11333,777,0,4,778.000,0.82
1341863,616496,456538,551,11018,777,0,4,778.000,0.82
1341863,616496,1215896,50,11291,849,0,6,850.500,0.82
1341863,705093,1134703,86,10977,741,0,3,741.750,0.82
1341863,705093,320290,52,10834,777,0,4,778.000,0.82
1341863,162968,930779,199,10768,777,0,4,778.000,0.82
1341863,162968,981710,46,10583,705,0,2,705.500,0.82
1341863,229130,989151,261,10727,741,0,3,741.750,0.82
1341863,588984,1264067,30,11625,849,0,6,850.500,0.82
1341863,229130,86307,17,11125,813,0,5,814.250,0.82
1341863,588984,182734,40,11750,813,0,5,814.250,0.82
1341863,1117805,1267952,303,11125,777,0,4,778.000,0.82
1341863,1117805,298329,54,10935,741,0,3,741.750,0.82
1341863,471233,890198,212,11583,777,0,4,778.000,0.82
1341863,471233,1110514,45,11643,813,0,5,814.250,0.82
1344829,958666,806592,298,11060,710,0,3,710.750,0.65
1344829,958666,730552,46,11375,753,0,4,754.000,0.65
1344829,449989,588726,73,20750,753,0,4,754.000,0.65
1344829,449989,697451,91,19392,685,0,2,685.500,0.65
1344829,39827,941804,680,11833,771,0,4,772.000,0.65
1344829,39827,461058,43,11708,741,0,4,742.000,0.65
1344829,1115504,1067683,2,11500,815,0,6,816.500,0.65
1344829,104816,466433,15,10685,728,0,3,728.750,0.65
1344829,1115504,1218387,28,11060,753,0,4,754.000,0.65
1344829,104816,1276212,19,11000,686,0,3,686.750,0.65
1344829,448710,646931,62,10708,734,0,3,734.750,0.65
1344829,448710,855469,42,11017,691,0,2,691.500,0.65
1344829,107707,505755,25,11625,790,0,5,791.250,0.65
1344829,107707,84167,40,10833,710,0,3,710.750,0.65
1344829,1034180,260371,23,10768,654,0,1,654.250,0.65
1344829,1034180,432365,44,11458,722,0,3,722.750,0.65
1344829,456034,78517,417,11458,759,0,4,760.000,0.65
1344829,456034,96005,56,12083,852,0,7,853.750,0.65
1344829,387273,1040171,536,11375,771,0,4,772.000,0.65
1344829,387273,1229091,43,10583,667,0,2,667.500,0.65
1350257,FAILED,FAILED,FAILED,FAILED,FAILED,FAILED,FAILED,FAILED,FAILED
1350911,974120,714660,253,11042,690,0,3,690.750,0.39
1350911,974120,1312109,52,10583,657,0,2,657.500,0.39
1350911,284521,264729,131,11500,789,0,6,790.500,0.39
1350911,284521,464359,50,10435,657,0,2,657.500,0.39
1350911,771261,1350150,179,10727,690,0,3,690.750,0.39
1350911,771261,1161312,45,10792,657,0,2,657.500,0.39
1350911,223943,1197810,16,11083,723,0,4,724.000,0.39
1350911,223943,1006028,49,10767,723,0,4,724.000,0.39
1350911,349275,202689,84,10833,657,0,2,657.500,0.39
1350911,586109,44547,1,10458,657,0,2,657.500,0.39
1350911,948893,862686,19,10601,690,0,3,690.750,0.39
1350911,1202443,1095931,9,10226,657,0,2,657.500,0.39
1350911,586109,409651,11,10518,657,0,2,657.500,0.39
1350911,349275,675506,1,11018,690,0,3,690.750,0.39
1350911,948893,396880,21,10708,690,0,3,690.750,0.39
1350911,1202443,327065,4,10833,723,0,4,724.000,0.39
1350911,626261,748922,30,11333,789,0,6,790.500,0.39
1350911,626261,612199,51,11100,756,0,5,757.250,0.39
1350911,1114261,705017,304,10767,657,0,2,657.500,0.39
1350911,1114261,1005990,51,11458,690,0,3,690.750,0.39
1352203,1182046,380608,136,10517,690,0,3,690.750,0.41
1352203,201681,491944,37,10684,657,0,2,657.500,0.41
1352203,1182046,1267601,12,10208,591,0,0,591.000,0.41
1352203,201681,1181306,43,11083,756,0,5,757.250,0.41
1352203,1198361,21904,209,11102,756,0,5,757.250,0.41
1352203,1198361,220153,44,10375,657,0,2,657.500,0.41
1352203,814518,1179594,207,19500,723,0,4,724.000,0.41
1352203,910142,1191557,59,11375,789,0,6,790.500,0.41
1352203,814518,437597,20,18643,690,0,3,690.750,0.41
1352203,910142,271903,31,10917,723,0,4,724.000,0.41
1352203,474307,275973,472,10518,657,0,2,657.500,0.41
1352203,187424,1092769,5,10434,690,0,3,690.750,0.41
1352203,474307,932388,37,9917,591,0,0,591.000,0.41
1352203,187424,1090110,8,10750,690,0,3,690.750,0.41
1352203,1207985,702004,40,10958,756,0,5,757.250,0.41
1352203,1207985,1164004,44,10309,690,0,3,690.750,0.41
1352203,388548,618909,34,10667,690,0,3,690.750,0.41
1352203,388548,937894,52,10750,690,0,3,690.750,0.41
1352203,434279,966787,1,10792,690,0,3,690.750,0.41
1352203,434279,1112154,56,11975,723,0,4,724.000,0.41
1355983,740846,763902,63,12542,741,0,4,742.000,0.43
1355983,1176573,501820,7,13042,741,0,4,742.000,0.43
1355983,740846,210002,45,13434,707,0,3,707.750,0.43
1355983,1176573,1157624,12,13933,707,0,3,707.750,0.43
1355983,1185573,229584,543,10583,673,0,2,673.500,0.43
1355983,1185573,1244042,49,10768,707,0,3,707.750,0.43
1355983,1048271,302431,466,10458,673,0,2,673.500,0.43
1355983,1048271,1202079,59,11042,741,0,4,742.000,0.43
1355983,337174,1242541,16,11042,775,0,5,776.250,0.43
1355983,337174,427441,48,10850,741,0,4,742.000,0.43
1355983,546216,1353359,54,10667,707,0,3,707.750,0.43
1355983,416862,206996,4,9959,605,0,0,605.000,0.43
1355983,546216,973335,42,10726,741,0,4,742.000,0.43
1355983,416862,168349,2,10768,741,0,4,742.000,0.43
1355983,388796,1061296,128,10625,741,0,4,742.000,0.43
1355983,1304300,103299,12,10642,707,0,3,707.750,0.43
1355983,388796,1340048,36,10808,741,0,4,742.000,0.43
1355983,1304300,759877,9,10750,741,0,4,742.000,0.43
1355983,912172,933167,158,10958,775,0,5,776.250,0.43
1355983,912172,779760,52,10875,741,0,4,742.000,0.43
1361593,FAILED,FAILED,FAILED,FAILED,FAILED,FAILED,FAILED,FAILED,FAILED
1364323,413531,202608,461,11475,794,0,5,795.250,0.47
1364323,413531,548041,57,11125,794,0,5,795.250,0.47
1364323,648045,51984,212,10433,689,0,2,689.500,0.47
1364323,648045,1147730,42,11166,759,0,4,760.000,0.47
1364323,1026767,1244283,27,10875,724,0,3,724.750,0.47
1364323,1026767,711419,53,11351,794,0,5,795.250,0.47
1364323,63088,842452,230,10417,689,0,2,689.500,0.47
1364323,63088,1264643,49,10892,759,0,4,760.000,0.47
1364323,66492,649176,83,11250,724,0,3,724.750,0.47
1364323,1169116,329676,16,11125,759,0,4,760.000,0.47
1364323,66492,1072866,34,11226,759,0,4,760.000,0.47
1364323,1169116,1277255,14,10518,724,0,3,724.750,0.47
1364323,891515,671530,97,11250,829,0,6,830.500,0.47
1364323,891515,1044493,51,11100,759,0,4,760.000,0.47
1364323,145653,1245869,306,10708,689,0,2,689.500,0.47
1364323,644061,264545,18,10583,724,0,3,724.750,0.47
1364323,145653,581608,32,10542,689,0,2,689.500,0.47
1364323,644061,1008155,18,10584,724,0,3,724.750,0.47
1364323,1091676,1302629,52,11267,759,0,4,760.000,0.47
1364323,59081,317225,6,10750,689,0,2,689.500,0.47
1366031,279980,839085,166,11791,690,0,3,690.750,0.97
1366031,279980,552218,52,11792,789,0,6,790.500,0.97
1366031,833630,1135800,710,11333,789,0,6,790.500,0.97
1366031,833630,1092218,52,11018,723,0,4,724.000,0.97
1366031,262585,1232234,93,10500,657,0,2,657.500,0.97
1366031,262585,1307660,57,10725,690,0,3,690.750,0.97
1366031,1208555,483716,27,10458,690,0,3,690.750,0.97
1366031,1208555,321388,53,10958,723,0,4,724.000,0.97
1366031,621185,564990,875,10500,690,0,3,690.750,0.97
1366031,621185,1327557,57,10892,756,0,5,757.250,0.97
1366031,711936,587658,205,10125,624,0,1,624.250,0.97
1366031,1259377,955480,4,19750,690,0,3,690.750,0.97
1366031,711936,307376,42,10643,690,0,3,690.750,0.97
1366031,1259377,1256122,42,19685,723,0,4,724.000,0.97
1366031,862675,1313638,473,10917,723,0,4,724.000,0.97
1366031,862675,725853,52,10393,657,0,2,657.500,0.97
1366031,208080,365961,199,10500,690,0,3,690.750,0.97
1366031,208080,916571,42,10584,657,0,2,657.500,0.97
1366031,108059,466545,1092,10392,657,0,2,657.500,0.97
1366031,108059,62291,56,11208,723,0,4,724.000,0.97
1366543,134826,610349,306,11250,707,0,3,707.750,0.51
1366543,525143,184693,19,11375,741,0,4,742.000,0.51
1366543,134826,49424,23,11476,741,0,4,742.000,0.51
1366543,525143,1196111,25,10602,673,0,2,673.500,0.51
1366543,1323463,202901,407,11000,707,0,3,707.750,0.51
1366543,1323463,930873,46,11268,741,0,4,742.000,0.51
1366543,749033,1286537,43,10709,741,0,4,742.000,0.51
1366543,749033,460003,48,10976,775,0,5,776.250,0.51
1366543,1032774,955383,208,10958,707,0,3,707.750,0.51
1366543,1032774,555579,46,11000,741,0,4,742.000,0.51
1366543,797987,1237124,343,10893,707,0,3,707.750,0.51
1366543,797987,128785,43,11250,775,0,5,776.250,0.51
1366543,604560,949531,13,10583,673,0,2,673.500,0.51
1366543,604560,1357287,41,10309,639,0,1,639.250,0.51
1366543,1251632,15251,141,10976,741,0,4,742.000,0.51
1366543,1251632,329571,50,10834,741,0,4,742.000,0.51
1366543,719671,802950,82,19725,707,0,3,707.750,0.51
1366543,861983,1172300,54,10292,673,0,2,673.500,0.51
1366543,861983,955588,41,10750,707,0,3,707.750,0.51
1366543,719671,339918,3,20875,775,0,5,776.250,0.51
1369733,259403,1341569,1181,11666,841,0,5,842.250,1.49
1369733,259403,780827,47,11227,715,0,2,715.500,1.49
1369733,1254134,1271685,322,11333,767,0,3,767.750,1.49
1369733,1254134,476531,52,11042,761,0,3,761.750,1.49
1369733,329413,518544,452,11976,859,0,5,860.250,1.49
1369733,329413,142251,50,10834,687,0,1,687.250,1.49
1369733,262118,1105003,1101,11792,819,0,4,820.000,1.49
1369733,262118,442416,40,11250,761,0,3,761.750,1.49
1369733,1013627,836624,1578,11500,761,0,3,761.750,1.49
1369733,1013627,639343,51,11875,801,0,4,802.000,1.49
1369733,1296973,819701,204,11850,859,0,5,860.250,1.49
1369733,36741,818780,21,11375,749,0,3,749.750,1.49
1369733,83821,1121964,20,10958,733,0,2,733.500,1.49
1369733,1296973,494536,2,11417,819,0,4,820.000,1.49
1369733,36741,1099140,19,11416,767,0,3,767.750,1.49
1369733,83821,1042622,33,11518,865,0,5,866.250,1.49
1369733,1033788,1195031,657,11018,733,0,2,733.500,1.49
1369733,1033788,1321091,44,10792,693,0,1,693.250,1.49
1369733,1201250,685959,353,11309,761,0,3,761.750,1.49
1369733,1201250,724907,51,11541,825,0,4,826.000,1.49
1370459,876426,61542,133,13351,795,0,4,796.000,0.57
1370459,876426,875563,50,11000,795,0,4,796.000,0.57
1370459,478254,1336541,468,11000,795,0,4,796.000,0.57
1370459,478254,288891,48,11143,795,0,4,796.000,0.57
1370459,235064,736277,63,10209,721,0,2,721.500,0.57
1370459,235064,1258896,49,11560,869,0,6,870.500,0.57
1370459,907464,309914,419,11226,832,0,5,833.250,0.57
1370459,907464,555679,56,11584,832,0,5,833.250,0.57
1370459,566476,871558,264,10850,795,0,4,796.000,0.57
1370459,566476,103696,47,10834,795,0,4,796.000,0.57
1370459,1008265,1141018,175,10375,721,0,2,721.500,0.57
1370459,1008265,570508,57,10893,795,0,4,796.000,0.57
1370459,395783,446857,197,11375,832,0,5,833.250,0.57
1370459,395783,812947,53,10208,684,0,1,684.250,0.57
1370459,1207766,613320,80,10959,758,0,3,758.750,0.57
1370459,967361,175214,36,10834,758,0,3,758.750,0.57
1370459,1207766,821635,13,10042,684,0,1,684.250,0.57
1370459,967361,852670,42,11225,795,0,4,796.000,0.57
1370459,566419,351929,63,11417,795,0,4,796.000,0.57
1370459,566419,1197498,52,11393,795,0,4,796.000,0.57
1371031,847015,528837,160,21250,795,0,4,796.000,0.90
1371031,847015,830261,87,20642,795,0,4,796.000,0.90
1371031,603981,1148681,132,11083,795,0,4,796.000,0.90
1371031,603981,651587,49,10708,721,0,2,721.500,0.90
1371031,49061,190197,166,11041,795,0,4,796.000,0.90
1371031,49061,392234,56,10810,795,0,4,796.000,0.90
1371031,61787,251678,131,10750,795,0,4,796.000,0.90
1371031,61787,534124,43,11458,832,0,5,833.250,0.90
1371031,21194,913580,460,10601,758,0,3,758.750,0.90
1371031,21194,552623,46,10750,758,0,3,758.750,0.90
1371031,9546,527304,96,10142,647,0,0,647.000,0.90
1371031,9546,1318713,52,11083,795,0,4,796.000,0.90
1371031,217126,478080,513,10893,684,0,1,684.250,0.90
1371031,217126,810974,47,11292,758,0,3,758.750,0.90
1371031,992292,79735,1143,10209,721,0,2,721.500,0.90
1371031,992292,553774,44,10893,795,0,4,796.000,0.90
1371031,248268,781086,226,11042,795,0,4,796.000,0.90
1371031,248268,1166365,48,10625,758,0,3,758.750,0.90
1371031,105774,393774,216,11250,869,0,6,870.500,0.90
1371031,105774,1315909,54,11333,869,0,6,870.500,0.90
1374953,FAILED,FAILED,FAILED,FAILED,FAILED,FAILED,FAILED,FAILED,FAILED
1376009,FAILED,FAILED,FAILED,FAILED,FAILED,FAILED,FAILED,FAILED,FAILED
1376449,FAILED,FAILED,FAILED,FAILED,FAILED,FAILED,FAILED,FAILED,FAILED
1379291,518071,1357231,1015,11084,795,0,4,796.000,0.90
1379291,518071,1295793,54,10792,758,0,3,758.750,0.90
1379291,1155286,1346413,541,11041,721,0,2,721.500,0.90
1379291,1155286,494444,50,10893,684,0,1,684.250,0.90
1379291,1218296,920573,50,11000,758,0,3,758.750,0.90
1379291,1218296,152680,49,11791,832,0,5,833.250,0.90
1379291,942424,201861,755,10851,795,0,4,796.000,0.90
1379291,942424,681939,48,11167,832,0,5,833.250,0.90
1379291,1296265,1326408,10,11125,795,0,4,796.000,0.90
1379291,953633,531115,18,11125,758,0,3,758.750,0.90
1379291,1296265,93389,33,11060,832,0,5,833.250,0.90
1379291,953633,1210017,18,11310,758,0,3,758.750,0.90
1379291,1343353,709055,379,10750,721,0,2,721.500,0.90
1379291,1343353,166009,43,10560,721,0,2,721.500,0.90
1379291,231774,157618,165,10750,684,0,1,684.250,0.90
1379291,231774,387734,47,10875,758,0,3,758.750,0.90
1379291,773598,398039,251,11458,832,0,5,833.250,0.90
1379291,773598,1364753,48,11125,795,0,4,796.000,0.90
1379291,1172314,571157,146,11226,795,0,4,796.000,0.90
1379291,464595,1033507,39,10708,721,0,2,721.500,0.90
1387961,FAILED,FAILED,FAILED,FAILED,FAILED,FAILED,FAILED,FAILED,FAILED
1388381,709930,43602,798,10958,796,0,3,796.750,0.68
1388381,709930,804166,52,11976,878,0,5,879.250,0.68
1388381,585063,166810,166,11500,837,0,4,838.000,0.68
1388381,1252652,623619,15,11708,831,0,4,832.000,0.68
1388381,585063,17384,32,11333,778,0,3,778.750,0.68
1388381,1252652,1050675,17,11833,866,0,5,867.250,0.68
1388381,391160,627836,124,10791,725,0,2,725.500,0.68
1388381,391160,1082927,49,10476,696,0,1,696.250,0.68
1388381,1183360,711622,108,20750,825,0,4,826.000,0.68
1388381,1183360,1384795,89,21142,854,0,5,855.250,0.68
1388381,375613,1333735,70,11809,901,0,6,902.500,0.68
1388381,375613,275055,51,11625,825,0,4,826.000,0.68
1388381,932487,819792,109,11917,866,0,5,867.250,0.68
1388381,932487,286632,50,11750,819,0,4,820.000,0.68
1388381,362578,916238,26,21809,854,0,5,855.250,0.68
1388381,362578,1040151,103,22125,872,0,5,873.250,0.68
1388381,490992,1036037,594,10935,772,0,3,772.750,0.68
1388381,490992,1347405,46,11125,796,0,3,796.750,0.68
1388381,1066222,849798,250,11602,866,0,5,867.250,0.68
1388381,1066222,863412,43,10417,714,0,1,714.250,0.68
1388887,465405,1385083,128,20267,724,0,3,724.750,0.45
1388887,465405,1087446,82,20584,794,0,5,795.250,0.45
1388887,1027866,85833,401,11000,759,0,4,760.000,0.45
1388887,1027866,1375260,55,11250,794,0,5,795.250,0.45
1388887,24799,1144496,34,10684,654,0,1,654.250,0.45
1388887,24799,482312,45,11083,759,0,4,760.000,0.45
1388887,347650,949613,444,10875,794,0,5,795.250,0.45
1388887,884599,942077,20,11768,759,0,4,760.000,0.45
1388887,473154,39645,16,10851,724,0,3,724.750,0.45
1388887,347650,517912,2,11310,794,0,5,795.250,0.45
1388887,884599,1357251,25,11125,724,0,3,724.750,0.45
1388887,29636,1342339,5,10750,724,0,3,724.750,0.45
1388887,473154,276638,10,11084,759,0,4,760.000,0.45
1388887,29636,48342,34,11083,794,0,5,795.250,0.45
1388887,767566,1352003,37,10933,759,0,4,760.000,0.45
1388887,767566,1239222,48,11167,759,0,4,760.000,0.45
1388887,1266772,4680,109,10643,724,0,3,724.750,0.45
1388887,1266772,1335572,46,10666,724,0,3,724.750,0.45
1388887,1348132,485545,107,10833,759,0,4,760.000,0.45
1388887,1348132,884057,63,11125,724,0,3,724.750,0.45
1395551,258521,1338245,103,13309,724,0,3,724.750,0.54
1395551,258521,1142177,52,13292,759,0,4,760.000,0.54
1395551,723370,854806,373,10976,794,0,5,795.250,0.54
1395551,795897,759203,10,10893,689,0,2,689.500,0.54
1395551,723370,1327054,39,10708,724,0,3,724.750,0.54
1395551,795897,591432,13,10333,689,0,2,689.500,0.54
1395551,536215,408461,339,10767,724,0,3,724.750,0.54
1395551,536215,1028495,47,10792,654,0,1,654.250,0.54
1395551,95389,1337393,83,19393,724,0,3,724.750,0.54
1395551,95389,1258871,82,17834,654,0,1,654.250,0.54
1395551,1309543,622328,24,10917,759,0,4,760.000,0.54
1395551,1309543,262989,53,11059,724,0,3,724.750,0.54
1395551,637282,81404,92,19083,724,0,3,724.750,0.54
1395551,637282,205709,83,18893,724,0,3,724.750,0.54
1395551,643757,546163,306,10709,759,0,4,760.000,0.54
1395551,643757,1390678,43,10792,654,0,1,654.250,0.54
1395551,1318247,1305530,139,10791,759,0,4,760.000,0.54
1395551,1318247,552844,56,11309,794,0,5,795.250,0.54
1395551,51654,360688,282,11351,794,0,5,795.250,0.54
1395551,11105,767331,12,10916,759,0,4,760.000,0.54
1396427,964253,413315,152,12667,795,0,4,796.000,0.63
1396427,964253,869344,57,11018,758,0,3,758.750,0.63
1396427,54924,607827,297,10976,795,0,4,796.000,0.63
1396427,54924,711734,41,10458,758,0,3,758.750,0.63
1396427,700145,1049321,19,19750,795,0,4,796.000,0.63
1396427,700145,704707,84,20309,795,0,4,796.000,0.63
1396427,179805,1010515,45,11125,832,0,5,833.250,0.63
1396427,551472,262061,14,11475,832,0,5,833.250,0.63
1396427,179805,1268689,38,10809,721,0,2,721.500,0.63
1396427,551472,376056,10,10541,721,0,2,721.500,0.63
1396427,468629,798707,532,11017,758,0,3,758.750,0.63
1396427,468629,1225110,46,11625,832,0,5,833.250,0.63
1396427,306370,648273,189,10059,647,0,0,647.000,0.63
1396427,306370,523657,48,11334,795,0,4,796.000,0.63
1396427,296412,204089,547,19976,758,0,3,758.750,0.63
1396427,296412,198412,97,20459,758,0,3,758.750,0.63
1396427,551067,1094460,90,11208,795,0,4,796.000,0.63
1396427,551067,1305523,42,10875,684,0,1,684.250,0.63
1396427,791142,937060,138,11726,832,0,5,833.250,0.63
1396427,791142,995296,51,11750,795,0,4,796.000,0.63
1396547,188530,1130129,114,13834,777,0,4,778.000,0.76
1396547,188530,571733,50,14268,849,0,6,850.500,0.76
1396547,994147,45945,160,10893,777,0,4,778.000,0.76
1396547,994147,595969,52,10834,741,0,3,741.750,0.76
1396547,1392585,761896,375,11017,813,0,5,814.250,0.76
1396547,1392585,456415,45,10834,777,0,4,778.000,0.76
1396547,489473,709755,29,10875,705,0,2,705.500,0.76
1396547,489473,55907,54,10643,777,0,4,778.000,0.76
1396547,296155,697647,9,11310,777,0,4,778.000,0.76
1396547,296155,421258,52,10834,705,0,2,705.500,0.76
1396547,1352833,167120,1083,10476,669,0,1,669.250,0.76
1396547,1352833,416621,52,10875,741,0,3,741.750,0.76
1396547,283958,1362425,104,11143,741,0,3,741.750,0.76
1396547,1096686,468287,14,11393,741,0,3,741.750,0.76
1396547,283958,851054,38,10500,741,0,3,741.750,0.76
1396547,1096686,1255617,16,11084,741,0,3,741.750,0.76
1396547,7528,1221434,473,11292,777,0,4,778.000,0.76
1396547,7528,888132,49,10500,669,0,1,669.250,0.76
1396547,661779,443925,456,10809,777,0,4,778.000,0.76
1396547,661779,576338,47,11208,777,0,4,778.000,0.76
1398127,694410,1302500,1444,10875,741,0,3,741.750,0.96
1398127,694410,620308,39,10601,741,0,3,741.750,0.96
1398127,50533,709978,55,11208,777,0,4,778.000,0.96
1398127,50533,1107670,52,10959,777,0,4,778.000,0.96
1398127,1252344,164547,681,11458,849,0,6,850.500,0.96
1398127,1252344,1226407,51,10726,741,0,3,741.750,0.96
1398127,1129470,858658,60,10958,705,0,2,705.500,0.96
1398127,1129470,1397209,43,11101,741,0,3,741.750,0.96
1398127,485829,82476,21,10726,741,0,3,741.750,0.96
1398127,485829,773231,43,10709,777,0,4,778.000,0.96
1398127,936549,177413,152,10958,777,0,4,778.000,0.96
1398127,936549,824783,47,11351,849,0,6,850.500,0.96
1398127,796132,410816,171,10517,705,0,2,705.500,0.96
1398127,796132,319330,45,11084,813,0,5,814.250,0.96
1398127,524030,621280,709,10791,777,0,4,778.000,0.96
1398127,524030,266586,47,10541,741,0,3,741.750,0.96
1398127,273112,9605,95,10500,669,0,1,669.250,0.96
1398127,273112,390336,54,11225,813,0,5,814.250,0.96
1398127,90426,442467,283,11018,777,0,4,778.000,0.96
1398127,90426,1244201,59,11792,813,0,5,814.250,0.96
1398619,911702,906634,109,13125,775,0,3,775.750,0.42
1398619,911702,985621,50,12226,813,0,4,814.000,0.42
1398619,758723,55440,374,10667,737,0,2,737.500,0.42
1398619,758723,307414,43,10685,737,0,2,737.500,0.42
1398619,1100989,1165166,229,11375,889,0,6,890.500,0.42
1398619,1100989,545695,52,11059,851,0,5,852.250,0.42
1398619,1333683,1059426,123,10934,737,0,2,737.500,0.42
1398619,1333683,763695,43,11417,851,0,5,852.250,0.42
1398619,645961,234991,141,10875,775,0,3,775.750,0.42
1398619,645961,688073,40,11291,775,0,3,775.750,0.42
1398619,213159,150043,12,10625,775,0,3,775.750,0.42
1398619,213159,1364645,50,11101,813,0,4,814.000,0.42
1398619,492170,554170,66,10583,737,0,2,737.500,0.42
1398619,1063629,587431,23,10917,775,0,3,775.750,0.42
1398619,492170,1330437,16,11267,775,0,3,775.750,0.42
1398619,1063629,1182518,25,10558,737,0,2,737.500,0.42
1398619,897743,165551,97,11476,851,0,5,852.250,0.42
1398619,1205097,299669,40,20810,813,0,4,814.000,0.42
1398619,897743,161882,8,10958,775,0,3,775.750,0.42
1398619,1205097,897621,77,19476,737,0,2,737.500,0.42
1399609,FAILED,FAILED,FAILED,FAILED,FAILED,FAILED,FAILED,FAILED,FAILED
1403641,FAILED,FAILED,FAILED,FAILED,FAILED,FAILED,FAILED,FAILED,FAILED
1405363,21224,29626,58,13518,795,0,4,796.000,0.50
1405363,21224,165056,43,13375,758,0,3,758.750,0.50
1405363,203132,172951,13,13542,795,0,4,796.000,0.50
1405363,203132,1064790,47,12102,832,0,5,833.250,0.50
1405363,582859,495081,5,11559,869,0,6,870.500,0.50
1405363,582859,566160,52,11042,795,0,4,796.000,0.50
1405363,1368627,984823,101,10892,795,0,4,796.000,0.50
1405363,1368627,341875,46,10917,795,0,4,796.000,0.50
1405363,203132,314099,176,11250,795,0,4,796.000,0.50
1405363,203132,586765,47,11850,869,0,6,870.500,0.50
1405363,378539,1378756,582,10934,795,0,4,796.000,0.50
1405363,620342,1228742,23,10625,758,0,3,758.750,0.50
1405363,378539,1261106,24,11167,758,0,3,758.750,0.50
1405363,620342,491436,20,11334,869,0,6,870.500,0.50
1405363,54950,908737,244,10791,758,0,3,758.750,0.50
1405363,1238769,467017,20,10792,758,0,3,758.750,0.50
1405363,54950,74784,21,10392,684,0,1,684.250,0.50
1405363,1238769,283985,19,10350,684,0,1,684.250,0.50
1405363,564571,657608,339,20458,795,0,4,796.000,0.50
1405363,564571,985989,99,20601,795,0,4,796.000,0.50
1407247,171841,922555,62,10209,654,0,1,654.250,0.35
1407247,171841,232138,41,11185,724,0,3,724.750,0.35
1407247,289379,176773,118,10101,654,0,1,654.250,0.35
1407247,901809,167093,9,11600,794,0,5,795.250,0.35
1407247,289379,1179613,38,10709,689,0,2,689.500,0.35
1407247,901809,290570,6,10625,689,0,2,689.500,0.35
1407247,276388,274409,150,10916,724,0,3,724.750,0.35
1407247,276388,219375,53,10792,759,0,4,760.000,0.35
1407247,29852,103891,46,11227,794,0,5,795.250,0.35
1407247,29852,325391,44,10875,759,0,4,760.000,0.35
1407247,909838,1149026,64,11017,724,0,3,724.750,0.35
1407247,1187125,490697,22,10667,724,0,3,724.750,0.35
1407247,909838,722756,31,11334,759,0,4,760.000,0.35
1407247,1187125,1210341,22,10583,689,0,2,689.500,0.35
1407247,688195,539237,45,10434,689,0,2,689.500,0.35
1407247,688195,913214,46,10666,724,0,3,724.750,0.35
1407247,102343,690907,104,10601,759,0,4,760.000,0.35
1407247,102343,894488,42,9833,654,0,1,654.250,0.35
1407247,1389933,760281,211,10517,724,0,3,724.750,0.35
1407247,1389933,1088561,56,11375,829,0,6,830.500,0.35
1407667,1022755,711964,107,13434,775,0,3,775.750,1.04
1407667,1022755,1046188,49,12042,813,0,4,814.000,1.04
1407667,127612,274739,164,11083,851,0,5,852.250,1.04
1407667,127612,1379279,53,11000,775,0,3,775.750,1.04
1407667,718216,525395,456,10351,737,0,2,737.500,1.04
1407667,718216,611423,61,11375,851,0,5,852.250,1.04
1407667,925181,105704,612,11477,889,0,6,890.500,1.04
1407667,925181,1385909,51,11167,813,0,4,814.000,1.04
1407667,572355,529124,356,11542,813,0,4,814.000,1.04
1407667,572355,1214906,42,11084,775,0,3,775.750,1.04
1407667,206394,301543,337,11250,813,0,4,814.000,1.04
1407667,206394,1207642,57,11685,851,0,5,852.250,1.04
1407667,1073032,560539,676,11393,775,0,3,775.750,1.04
1407667,985735,205966,26,11518,813,0,4,814.000,1.04
1407667,1073032,1149848,25,12000,813,0,4,814.000,1.04
1407667,985735,1123629,24,11667,851,0,5,852.250,1.04
1407667,384137,966437,168,10875,813,0,4,814.000,1.04
1407667,384137,1286762,49,11017,775,0,3,775.750,1.04
1407667,1173611,487800,1071,11018,775,0,3,775.750,1.04
1407667,1173611,892938,49,11541,889,0,6,890.500,1.04
1408601,FAILED,FAILED,FAILED,FAILED,FAILED,FAILED,FAILED,FAILED,FAILED
1409237,552517,169117,443,11059,750,0,3,750.750,0.84
1409237,552517,602978,46,11458,738,0,3,738.750,0.84
1409237,154781,181086,895,10892,723,0,2,723.500,0.84
1409237,330367,307822,13,21850,828,0,5,829.250,0.84
1409237,154781,351347,27,10458,672,0,1,672.250,0.84
1409237,330367,157262,54,21101,810,0,5,811.250,0.84
1409237,95395,841740,983,11500,783,0,4,784.000,0.84
1409237,95395,921413,49,11625,744,0,3,744.750,0.84
1409237,444960,887332,120,11250,750,0,3,750.750,0.84
1409237,444960,238071,42,11018,756,0,3,756.750,0.84
1409237,357991,1093663,164,11268,783,0,4,784.000,0.84
1409237,885778,751441,15,11542,840,0,5,841.250,0.84
1409237,357991,275984,31,10791,711,0,2,711.500,0.84
1409237,885778,762511,14,11084,750,0,3,750.750,0.84
1409237,684549,698538,250,11167,744,0,3,744.750,0.84
1409237,684549,975901,40,10875,744,0,3,744.750,0.84
1409237,368264,38322,143,12143,834,0,5,835.250,0.84
1409237,189201,862766,4,11476,777,0,4,778.000,0.84
1409237,368264,519244,47,11709,783,0,4,784.000,0.84
1409237,189201,503824,10,12583,855,0,6,856.500,0.84
1410809,FAILED,FAILED,FAILED,FAILED,FAILED,FAILED,FAILED,FAILED,FAILED
1410823,94126,1288795,141,14667,741,0,4,742.000,0.81
1410823,94126,800643,53,11917,741,0,4,742.000,0.81
1410823,1108054,197195,292,10643,707,0,3,707.750,0.81
1410823,1108054,913850,51,10917,741,0,4,742.000,0.81
1410823,1267905,898744,391,10810,741,0,4,742.000,0.81
1410823,1267905,100149,41,10791,707,0,3,707.750,0.81
1410823,1350888,526685,143,11416,775,0,5,776.250,0.81
1410823,1350888,420411,44,10726,707,0,3,707.750,0.81
1410823,591928,419143,490,11000,707,0,3,707.750,0.81
1410823,591928,245632,48,11584,741,0,4,742.000,0.81
1410823,528303,222063,200,10643,707,0,3,707.750,0.81
1410823,528303,1009077,51,11042,775,0,5,776.250,0.81
1410823,1328632,59606,679,10167,639,0,1,639.250,0.81
1410823,724761,654369,26,11792,707,0,3,707.750,0.81
1410823,1328632,1090012,25,11375,809,0,6,810.500,0.81
1410823,724761,1089494,34,11684,741,0,4,742.000,0.81
1410823,362849,1358481,72,10333,673,0,2,673.500,0.81
1410823,362849,858857,54,10518,673,0,2,673.500,0.81
1410823,1263823,913390,599,11642,741,0,4,742.000,0.81
1410823,1263823,1282954,51,11167,741,0,4,742.000,0.81
1411777,FAILED,FAILED,FAILED,FAILED,FAILED,FAILED,FAILED,FAILED,FAILED
1412689,FAILED,FAILED,FAILED,FAILED,FAILED,FAILED,FAILED,FAILED,FAILED
1413103,1386849,189451,478,10958,775,0,3,775.750,0.44
1413103,1386849,933803,53,11434,813,0,4,814.000,0.44
1413103,302993,974779,68,11250,851,0,5,852.250,0.44
1413103,302993,492263,47,11433,813,0,4,814.000,0.44
1413103,522286,465342,102,11250,775,0,3,775.750,0.44
1413103,522286,594656,40,10726,737,0,2,737.500,0.44
1413103,160938,1101768,8,10935,775,0,3,775.750,0.44
1413103,160938,1297681,41,11042,813,0,4,814.000,0.44
1413103,1007881,873478,145,10833,775,0,3,775.750,0.44
1413103,1007881,2106,52,11167,851,0,5,852.250,0.44
1413103,623844,983329,39,10768,737,0,2,737.500,0.44
1413103,623844,177687,47,10458,775,0,3,775.750,0.44
1413103,1403127,70200,33,10958,775,0,3,775.750,0.44
1413103,1403127,943624,50,10517,737,0,2,737.500,0.44
1413103,969490,361403,315,10792,813,0,4,814.000,0.44
1413103,969490,348196,42,10458,775,0,3,775.750,0.44
1413103,386239,745407,141,11125,775,0,3,775.750,0.44
1413103,791967,986284,16,20851,813,0,4,814.000,0.44
1413103,386239,471396,30,11560,851,0,5,852.250,0.44
1413103,791967,556923,59,20000,775,0,3,775.750,0.44
1414067,526896,35288,411,11060,795,0,4,796.000,0.78
1414067,526896,126437,52,11125,832,0,5,833.250,0.78
1414067,368320,213239,158,10917,758,0,3,758.750,0.78
1414067,368320,1099742,45,10685,721,0,2,721.500,0.78
1414067,698632,794485,413,11060,795,0,4,796.000,0.78
1414067,991377,1306157,35,10625,758,0,3,758.750,0.78
1414067,698632,1147015,14,11125,795,0,4,796.000,0.78
1414067,991377,1278488,36,11167,795,0,4,796.000,0.78
1414067,594815,247139,1216,11518,832,0,5,833.250,0.78
1414067,594815,322354,52,11334,795,0,4,796.000,0.78
1414067,1002620,697172,30,11125,758,0,3,758.750,0.78
1414067,1002620,997481,54,10351,684,0,1,684.250,0.78
1414067,139768,679539,131,10435,721,0,2,721.500,0.78
1414067,139768,932506,47,11292,795,0,4,796.000,0.78
1414067,688103,1326085,40,10416,721,0,2,721.500,0.78
1414067,646917,298187,24,11184,795,0,4,796.000,0.78
1414067,688103,353635,27,11183,832,0,5,833.250,0.78
1414067,646917,1411735,23,11417,795,0,4,796.000,0.78
1414067,362137,110116,396,10850,758,0,3,758.750,0.78
1414067,362137,624258,47,10667,684,0,1,684.250,0.78
1416043,999549,1320071,241,11042,813,0,4,814.000,0.43
1416043,999549,747223,46,10750,775,0,3,775.750,0.43
1416043,724489,722992,262,11500,775,0,3,775.750,0.43
1416043,724489,411600,49,10601,699,0,1,699.250,0.43
1416043,860396,780061,129,11183,775,0,3,775.750,0.43
1416043,860396,757687,45,11625,851,0,5,852.250,0.43
1416043,521177,339738,191,10934,775,0,3,775.750,0.43
1416043,889078,1102782,23,11084,813,0,4,814.000,0.43
1416043,521177,108570,17,10208,699,0,1,699.250,0.43
1416043,889078,1147657,37,11750,813,0,4,814.000,0.43
1416043,283558,1214028,115,11459,851,0,5,852.250,0.43
1416043,283558,504874,49,10917,775,0,3,775.750,0.43
1416043,1240809,630140,153,10767,775,0,3,775.750,0.43
1416043,1283881,471492,21,11017,775,0,3,775.750,0.43
1416043,202926,1041960,10,19351,737,0,2,737.500,0.43
1416043,1240809,628142,16,11250,813,0,4,814.000,0.43
1416043,1283881,911900,26,11334,851,0,5,852.250,0.43
1416043,202926,450314,52,21018,889,0,6,890.500,0.43
1416043,320611,1016911,66,10875,775,0,3,775.750,0.43
1416043,320611,621252,45,10875,775,0,3,775.750,0.43
1416211,288461,1004744,212,11834,829,0,6,830.500,1.09
1416211,1188035,1348370,19,11166,724,0,3,724.750,1.09
1416211,288461,10775,25,11184,794,0,5,795.250,1.09
1416211,1188035,645166,22,10768,759,0,4,760.000,1.09
1416211,1281115,990920,1581,10892,759,0,4,760.000,1.09
1416211,1281115,687235,47,10458,724,0,3,724.750,1.09
1416211,389388,287326,1619,10792,724,0,3,724.750,1.09
1416211,389388,269852,53,11208,759,0,4,760.000,1.09
1416211,357918,353160,297,10708,724,0,3,724.750,1.09
1416211,357918,796103,49,11059,794,0,5,795.250,1.09
1416211,755701,209419,154,10476,724,0,3,724.750,1.09
1416211,755701,452565,42,10833,724,0,3,724.750,1.09
1416211,777398,613500,4,10791,794,0,5,795.250,1.09
1416211,707190,1131427,21,11167,759,0,4,760.000,1.09
1416211,777398,675915,27,11225,829,0,6,830.500,1.09
1416211,707190,217962,18,10351,654,0,1,654.250,1.09
1416211,304424,438954,259,11375,829,0,6,830.500,1.09
1416211,304424,428217,51,11477,829,0,6,830.500,1.09
1416211,91085,1176732,305,10583,689,0,2,689.500,1.09
1416211,91085,606418,53,11167,794,0,5,795.250,1.09
1417883,303170,1294882,1499,11625,813,0,5,814.250,0.93
1417883,303170,886819,50,11102,777,0,4,778.000,0.93
1417883,244784,1196599,232,11000,777,0,4,778.000,0.93
1417883,244784,480352,50,10684,741,0,3,741.750,0.93
1417883,113334,986422,75,11083,741,0,3,741.750,0.93
1417883,113334,50156,46,11059,705,0,2,705.500,0.93
1417883,528006,483072,5,10851,741,0,3,741.750,0.93
1417883,528006,605708,50,11583,813,0,5,814.250,0.93
1417883,977664,1207693,17,11000,705,0,2,705.500,0.93
1417883,217062,239520,25,10975,777,0,4,778.000,0.93
1417883,977664,220376,22,11142,741,0,3,741.750,0.93
1417883,217062,411797,25,10667,741,0,3,741.750,0.93
1417883,154705,1104569,383,10684,705,0,2,705.500,0.93
1417883,154705,233549,42,10958,705,0,2,705.500,0.93
1417883,382724,503040,384,11018,777,0,4,778.000,0.93
1417883,382724,875752,45,10791,777,0,4,778.000,0.93
1417883,110188,456027,47,10875,741,0,3,741.750,0.93
1417883,110188,943159,52,11517,741,0,3,741.750,0.93
1417883,1193097,239482,851,18851,705,0,2,705.500,0.93
1417883,1193097,883037,85,20209,777,0,4,778.000,0.93
1420357,453683,436734,502,22768,887,0,6,888.500,1.07
1420357,453683,1218694,94,21017,785,0,3,785.750,1.07
1420357,857517,139586,517,10709,693,0,1,693.250,1.07
1420357,857517,388962,49,11352,767,0,3,767.750,1.07
1420357,971802,535491,778,10916,749,0,3,749.750,1.07
1420357,971802,949412,49,11351,749,0,3,749.750,1.07
1420357,897234,895860,159,11518,807,0,4,808.000,1.07
1420357,897234,1142370,47,11834,887,0,6,888.500,1.07
1420357,239537,119443,731,11435,767,0,3,767.750,1.07
1420357,239537,569696,46,11000,767,0,3,767.750,1.07
1420357,698029,1139105,84,11601,853,0,5,854.250,1.07
1420357,698029,1012310,55,12250,865,0,5,866.250,1.07
1420357,19463,874212,516,12083,899,0,6,900.500,1.07
1420357,19463,1204774,45,11333,767,0,3,767.750,1.07
1420357,1040810,990547,289,22500,887,0,6,888.500,1.07
1420357,1040810,676799,92,20434,715,0,2,715.500,1.07
1420357,1339284,1262511,241,10935,715,0,2,715.500,1.07
1420357,1339284,844061,50,11083,761,0,3,761.750,1.07
1420357,666653,646582,28,11333,801,0,4,802.000,1.07
1420357,584233,624672,11,11142,761,0,3,761.750,1.07
1421543,1184916,173773,202,11250,813,0,5,814.250,0.63
1421543,1184916,502725,50,11350,849,0,6,850.500,0.63
1421543,16393,754289,108,10643,705,0,2,705.500,0.63
1421543,16393,1354108,55,10500,705,0,2,705.500,0.63
1421543,104117,530043,154,10792,741,0,3,741.750,0.63
1421543,104117,823795,44,10667,705,0,2,705.500,0.63
1421543,1225250,1138583,418,10792,741,0,3,741.750,0.63
1421543,1225250,1071522,48,10184,633,0,0,633.000,0.63
1421543,917062,550821,410,11434,813,0,5,814.250,0.63
1421543,917062,43304,52,12125,813,0,5,814.250,0.63
1421543,1178521,1181945,42,12084,849,0,6,850.500,0.63
1421543,1178521,967539,51,11142,741,0,3,741.750,0.63
1421543,406423,1340812,12,11142,777,0,4,778.000,0.63
1421543,406423,1074555,61,11792,849,0,6,850.500,0.63
1421543,1395064,173808,784,13185,741,0,3,741.750,0.63
1421543,1056413,1377739,7,10500,705,0,2,705.500,0.63
1421543,1119753,678087,26,10875,777,0,4,778.000,0.63
1421543,1395064,299346,9,11375,705,0,2,705.500,0.63
1421543,1056413,173347,8,11167,777,0,4,778.000,0.63
1421543,1119753,682387,25,10976,777,0,4,778.000,0.63
1421911,1326350,676681,154,10708,669,0,1,669.250,1.06
1421911,1026059,479527,28,11208,777,0,4,778.000,1.06
1421911,1326350,412996,21,11333,741,0,3,741.750,1.06
1421911,1026059,709287,34,11559,813,0,5,814.250,1.06
1421911,163128,1276921,1041,19351,741,0,3,741.750,1.06
1421911,163128,1402386,93,20642,813,0,5,814.250,1.06
1421911,460823,986554,229,11458,705,0,2,705.500,1.06
1421911,460823,910081,57,11392,741,0,3,741.750,1.06
1421911,114235,316723,1202,11333,777,0,4,778.000,1.06
1421911,114235,731284,45,11583,741,0,3,741.750,1.06
1421911,765045,184786,10,10542,705,0,2,705.500,1.06
1421911,765045,33061,40,10767,741,0,3,741.750,1.06
1421911,918307,71392,41,10750,705,0,2,705.500,1.06
1421911,918307,1181926,47,11042,777,0,4,778.000,1.06
1421911,13517,893091,66,10500,741,0,3,741.750,1.06
1421911,1028933,623972,28,10834,741,0,3,741.750,1.06
1421911,13517,1263619,19,10917,813,0,5,814.250,1.06
1421911,1028933,544117,30,11042,741,0,3,741.750,1.06
1421911,92889,89688,1447,10917,741,0,3,741.750,1.06
1421911,92889,128524,51,10892,777,0,4,778.000,1.06
1422749,281741,1055289,225,11268,766,0,3,766.750,1.14
1422749,281741,1418848,57,11792,837,0,4,838.000,1.14
1422749,320462,484995,651,11833,901,0,6,902.500,1.14
1422749,320462,398850,40,10600,707,0,2,707.500,1.14
1422749,256122,1346175,1322,10726,708,0,1,708.250,1.14
1422749,256122,820591,50,12375,878,0,5,879.250,1.14
1422749,251809,1205678,119,11643,790,0,3,790.750,1.14
1422749,251809,857292,42,11166,784,0,3,784.750,1.14
1422749,428066,382422,67,22350,860,0,5,861.250,1.14
1422749,428066,319234,99,20583,778,0,3,778.750,1.14
1422749,259774,756820,192,12100,960,0,7,961.750,1.14
1422749,259774,228658,48,12000,878,0,5,879.250,1.14
1422749,674248,769809,916,11517,819,0,4,820.000,1.14
1422749,674248,823780,48,11959,784,0,3,784.750,1.14
1422749,316380,1310440,25,11125,731,0,2,731.500,1.14
1422749,316380,827604,43,11393,807,0,4,808.000,1.14
1422749,1366774,756838,525,11726,813,0,4,814.000,1.14
1422749,1366774,215705,54,11833,854,0,5,855.250,1.14
1422749,1306850,74593,136,10625,673,0,0,673.000,1.14
1422749,1306850,493992,43,11334,778,0,3,778.750,1.14
1423237,1271665,1288794,90,14083,783,0,3,783.750,0.42
1423237,1271665,823026,44,12727,753,0,2,753.500,0.42
1423237,1152026,714610,8,12768,813,0,4,814.000,0.42
1423237,1152026,918072,43,11667,831,0,4,832.000,0.42
1423237,1152051,226093,83,11767,843,0,4,844.000,0.42
1423237,1152051,1353998,55,11541,747,0,2,747.500,0.42
1423237,902433,1087451,53,10875,747,0,2,747.500,0.42
1423237,902433,312876,49,11309,747,0,2,747.500,0.42
1423237,1213482,267928,228,11250,807,0,3,807.750,0.42
1423237,1213482,1181624,49,12226,939,0,6,940.500,0.42
1423237,629599,267870,53,12542,831,0,4,832.000,0.42
1423237,629599,1299067,50,12685,927,0,6,928.500,0.42
1423237,757805,1409740,169,11434,831,0,4,832.000,0.42
1423237,640420,288196,15,11958,903,0,5,904.250,0.42
1423237,757805,270031,23,11292,849,0,4,850.000,0.42
1423237,640420,1191722,16,10667,729,0,1,729.250,0.42
1423237,153967,931292,173,11934,831,0,4,832.000,0.42
1423237,153967,1306881,49,11541,771,0,2,771.500,0.42
1423237,1248226,388072,292,11292,777,0,2,777.500,0.42
1423237,1248226,976403,60,11643,801,0,3,801.750,0.42
1423691,597009,215082,213,11209,758,0,3,758.750,0.90
1423691,597009,580802,55,11475,832,0,5,833.250,0.90
1423691,624569,179350,487,11917,869,0,6,870.500,0.90
1423691,624569,514634,46,11476,758,0,3,758.750,0.90
1423691,1416363,1105381,112,11167,832,0,5,833.250,0.90
1423691,69391,625563,5,10917,758,0,3,758.750,0.90
1423691,1416363,79162,39,10767,758,0,3,758.750,0.90
1423691,69391,1308066,3,10767,684,0,1,684.250,0.90
1423691,509296,1119822,1057,11042,832,0,5,833.250,0.90
1423691,509296,1307607,38,10893,758,0,3,758.750,0.90
1423691,557031,303710,366,11167,795,0,4,796.000,0.90
1423691,557031,877334,46,11250,758,0,3,758.750,0.90
1423691,223941,1272427,26,10601,721,0,2,721.500,0.90
1423691,223941,113442,50,10292,721,0,2,721.500,0.90
1423691,161555,1190273,626,20208,721,0,2,721.500,0.90
1423691,161555,460700,100,20392,721,0,2,721.500,0.90
1423691,335738,12173,266,11334,869,0,6,870.500,0.90
1423691,335738,978618,47,11292,832,0,5,833.250,0.90
1423691,1392626,548192,270,11167,795,0,4,796.000,0.90
1423691,1392626,1037606,38,11059,832,0,5,833.250,0.90
1428521,FAILED,FAILED,FAILED,FAILED,FAILED,FAILED,FAILED,FAILED,FAILED
1428703,815362,387736,229,10792,741,0,3,741.750,1.00
1428703,815362,511400,40,10727,705,0,2,705.500,1.00
1428703,1353489,550093,294,10768,741,0,3,741.750,1.00
1428703,1353489,1230068,43,11208,813,0,5,814.250,1.00
1428703,426330,426935,207,10143,669,0,1,669.250,1.00
1428703,940301,129332,28,11852,849,0,6,850.500,1.00
1428703,426330,1008559,25,11541,849,0,6,850.500,1.00
1428703,940301,903556,20,11459,777,0,4,778.000,1.00
1428703,310085,58922,1232,11350,849,0,6,850.500,1.00
1428703,310085,472086,43,10875,741,0,3,741.750,1.00
1428703,1090809,1189788,371,10809,705,0,2,705.500,1.00
1428703,1090809,567394,46,11209,741,0,3,741.750,1.00
1428703,197420,118714,1000,11000,813,0,5,814.250,1.00
1428703,197420,1414202,49,11083,813,0,5,814.250,1.00
1428703,1272766,29471,525,19100,669,0,1,669.250,1.00
1428703,990950,1354463,30,10583,705,0,2,705.500,1.00
1428703,990950,571881,50,11125,813,0,5,814.250,1.00
1428703,1272766,634933,10,20000,705,0,2,705.500,1.00
1428703,1068964,911584,42,10309,705,0,2,705.500,1.00
1428703,1068964,149114,46,11041,813,0,5,814.250,1.00
1429063,794932,241534,519,10934,777,0,4,778.000,0.74
1429063,794932,1394351,57,11042,741,0,3,741.750,0.74
1429063,752902,612657,316,10875,777,0,4,778.000,0.74
1429063,467701,1156286,32,11060,813,0,5,814.250,0.74
1429063,752902,236401,16,10893,777,0,4,778.000,0.74
1429063,467701,896632,30,11291,813,0,5,814.250,0.74
1429063,624954,672765,24,11250,813,0,5,814.250,0.74
1429063,624954,1402926,51,10958,741,0,3,741.750,0.74
1429063,1074315,661892,208,11375,813,0,5,814.250,0.74
1429063,1074315,464755,39,10958,669,0,1,669.250,0.74
1429063,517206,736200,11,11666,849,0,6,850.500,0.74
1429063,517206,1110676,46,10767,777,0,4,778.000,0.74
1429063,853657,969024,831,11101,777,0,4,778.000,0.74
1429063,853657,1088589,53,10833,741,0,3,741.750,0.74
1429063,844852,577073,308,10334,705,0,2,705.500,0.74
1429063,844852,552278,49,10602,741,0,3,741.750,0.74
1429063,517206,154516,162,11434,813,0,5,814.250,0.74
1429063,517206,988438,42,11084,741,0,3,741.750,0.74
1429063,138585,583479,267,10458,705,0,2,705.500,0.74
1429063,138585,13584,50,11084,813,0,5,814.250,0.74
1429369,FAILED,FAILED,FAILED,FAILED,FAILED,FAILED,FAILED,FAILED,FAILED
1429721,FAILED,FAILED,FAILED,FAILED,FAILED,FAILED,FAILED,FAILED,FAILED
1431191,921475,708558,980,11017,758,0,3,758.750,0.93
1431191,921475,795484,44,11541,869,0,6,870.500,0.93
1431191,1280431,780822,687,18977,721,0,2,721.500,0.93
1431191,1186619,908123,16,10667,758,0,3,758.750,0.93
1431191,1186619,1040766,47,10333,684,0,1,684.250,0.93
1431191,1280431,1190238,23,19184,758,0,3,758.750,0.93
1431191,96373,621021,666,10959,758,0,3,758.750,0.93
1431191,96373,1323429,48,10933,721,0,2,721.500,0.93
1431191,426284,207432,93,10584,758,0,3,758.750,0.93
1431191,426284,657539,47,11143,869,0,6,870.500,0.93
1431191,115023,1245152,161,10791,795,0,4,796.000,0.93
1431191,115023,1406934,49,11083,832,0,5,833.250,0.93
1431191,151570,1339122,834,11417,832,0,5,833.250,0.93
1431191,719324,808699,12,9917,647,0,0,647.000,0.93
1431191,151570,242926,27,10809,758,0,3,758.750,0.93
1431191,719324,968566,13,11018,795,0,4,796.000,0.93
1431191,1388608,155146,21,11000,795,0,4,796.000,0.93
1431191,1388608,201646,45,10667,684,0,1,684.250,0.93
1431191,858527,1395796,143,10667,758,0,3,758.750,0.93
1431191,858527,363932,50,11018,721,0,2,721.500,0.93
1431317,390724,1258068,313,12375,933,0,6,934.500,0.61
1431317,390724,691486,50,11476,861,0,4,862.000,0.61
1431317,824524,502405,138,11559,873,0,5,874.250,0.61
1431317,824524,702015,38,10708,723,0,1,723.250,0.61
1431317,180228,1166502,271,11750,867,0,5,868.250,0.61
1431317,180228,901345,38,11292,825,0,4,826.000,0.61
1431317,450431,1361022,8,10834,765,0,2,765.500,0.61
1431317,450431,521968,43,11976,867,0,4,868.000,0.61
1431317,922031,30005,554,11625,807,0,3,807.750,0.61
1431317,668982,1267199,29,10542,771,0,3,771.750,0.61
1431317,922031,586828,15,11500,849,0,4,850.000,0.61
1431317,668982,487887,39,11726,879,0,5,880.250,0.61
1431317,145347,1424832,15,11768,933,0,6,934.500,0.61
1431317,145347,204611,48,10666,807,0,3,807.750,0.61
1431317,1317564,1053086,303,11750,837,0,4,838.000,0.61
1431317,1317564,1072414,52,11643,855,0,4,856.000,0.61
1431317,830851,1151734,270,11102,789,0,3,789.750,0.61
1431317,830851,120431,56,11708,873,0,5,874.250,0.61
1431317,917854,633193,142,11042,765,0,2,765.500,0.61
1431317,917854,186882,51,11352,843,0,4,844.000,0.61
1438253,861145,525575,174,12000,860,0,5,861.250,0.46
1438253,861145,921472,46,10892,749,0,2,749.500,0.46
1438253,131887,1360390,32,10850,754,0,3,754.750,0.46
1438253,131887,59865,48,12416,848,0,5,849.250,0.46
1438253,209818,1234609,42,11625,860,0,5,861.250,0.46
1438253,209818,823056,55,11352,778,0,3,778.750,0.46
1438253,457439,657970,63,12041,866,0,5,867.250,0.46
1438253,457439,588466,48,11684,860,0,5,861.250,0.46
1438253,705093,1286978,95,11209,743,0,2,743.500,0.46
1438253,705093,1328886,45,12768,866,0,5,867.250,0.46
1438253,184977,32250,48,11167,796,0,3,796.750,0.46
1438253,184977,556101,49,11435,825,0,4,826.000,0.46
1438253,798753,476395,547,13143,942,0,7,943.750,0.46
1438253,105151,330584,4,11542,819,0,4,820.000,0.46
1438253,798753,1185001,41,11917,749,0,2,749.500,0.46
1438253,105151,977387,4,11334,737,0,2,737.500,0.46
1438253,646218,572054,198,11643,819,0,4,820.000,0.46
1438253,808909,234624,27,20310,737,0,2,737.500,0.46
1438253,646218,736534,9,10833,743,0,2,743.500,0.46
1438253,872043,381414,26,11209,743,0,2,743.500,0.46
1441523,919582,1177546,431,11375,867,0,4,868.000,0.66
1441523,856653,710003,2,11250,867,0,4,868.000,0.66
1441523,919582,488029,34,10792,785,0,2,785.500,0.66
1441523,856653,892938,6,11042,826,0,3,826.750,0.66
1441523,94806,1267282,389,10292,703,0,0,703.000,0.66
1441523,1095901,1201240,35,11143,867,0,4,868.000,0.66
1441523,94806,716736,11,11226,867,0,4,868.000,0.66
1441523,1108702,961137,19,22643,949,0,6,950.500,0.66
1441523,1095901,314564,12,10750,744,0,1,744.250,0.66
1441523,1108702,1262167,85,20917,867,0,4,868.000,0.66
1441523,1420312,644787,261,10709,785,0,2,785.500,0.66
1441523,236395,84695,39,10935,785,0,2,785.500,0.66
1441523,1420312,1430007,5,11018,867,0,4,868.000,0.66
1441523,236395,1383527,45,11709,908,0,5,909.250,0.66
1441523,820960,296622,312,11292,949,0,6,950.500,0.66
1441523,820960,794513,40,11434,867,0,4,868.000,0.66
1441523,566776,269888,504,11834,908,0,5,909.250,0.66
1441523,566776,1148861,52,11708,908,0,5,909.250,0.66
1441523,266205,295537,288,12060,908,0,5,909.250,0.66
1441523,266205,332046,45,12084,867,0,4,868.000,0.66
1441591,87966,1251968,195,11125,769,0,2,769.500,0.68
1441591,87966,1151973,48,11101,809,0,3,809.750,0.68
1441591,1037826,1042385,134,11184,849,0,4,850.000,0.68
1441591,1037826,253427,46,10875,849,0,4,850.000,0.68
1441591,67561,292719,5,10625,809,0,3,809.750,0.68
1441591,67561,1400581,45,11125,889,0,5,890.250,0.68
1441591,1009415,392243,374,11000,809,0,3,809.750,0.68
1441591,1009415,358471,58,12167,929,0,6,930.500,0.68
1441591,908713,774831,198,11500,889,0,5,890.250,0.68
1441591,908713,1434505,52,11875,849,0,4,850.000,0.68
1441591,629187,28671,264,11125,889,0,5,890.250,0.68
1441591,629187,1336055,47,10893,809,0,3,809.750,0.68
1441591,452187,42155,410,11310,889,0,5,890.250,0.68
1441591,357642,207693,9,11226,809,0,3,809.750,0.68
1441591,1361298,460991,35,10875,769,0,2,769.500,0.68
1441591,452187,1112015,7,11917,929,0,6,930.500,0.68
1441591,357642,549139,2,11459,809,0,3,809.750,0.68
1441591,1361298,222861,30,10708,769,0,2,769.500,0.68
1441591,852409,681044,729,11393,809,0,3,809.750,0.68
1441591,109279,531811,23,11083,849,0,4,850.000,0.68
1446169,FAILED,FAILED,FAILED,FAILED,FAILED,FAILED,FAILED,FAILED,FAILED
1447217,FAILED,FAILED,FAILED,FAILED,FAILED,FAILED,FAILED,FAILED,FAILED
1448309,354373,50979,55,14851,948,0,7,949.750,1.19
1448309,354373,853487,47,14542,790,0,3,790.750,1.19
1448309,667339,102797,444,11893,831,0,4,832.000,1.19
1448309,474281,1317856,20,11416,784,0,3,784.750,1.19
1448309,667339,895815,25,11542,837,0,4,838.000,1.19
1448309,474281,1168383,18,11792,819,0,4,820.000,1.19
1448309,125294,260075,859,11101,743,0,2,743.500,1.19
1448309,125294,1398612,50,11541,808,0,3,808.750,1.19
1448309,492621,38934,1213,11018,743,0,2,743.500,1.19
1448309,492621,630767,49,12084,866,0,5,867.250,1.19
1448309,1225539,1084606,106,10708,708,0,1,708.250,1.19
1448309,1225539,96776,39,11250,814,0,3,814.750,1.19
1448309,1177673,1281536,42,12017,854,0,5,855.250,1.19
1448309,1177673,213465,52,11958,778,0,3,778.750,1.19
1448309,485126,835372,1256,11416,784,0,3,784.750,1.19
1448309,485126,46963,43,11893,854,0,5,855.250,1.19
1448309,1031739,423506,614,11750,884,0,5,885.250,1.19
1448309,1441658,985174,11,10958,708,0,1,708.250,1.19
1448309,1031739,23443,25,10625,719,0,2,719.500,1.19
1448309,1441658,1384668,18,11041,784,0,3,784.750,1.19
1451059,61295,481133,1162,10559,707,0,3,707.750,0.91
1451059,61295,61615,50,10750,741,0,4,742.000,0.91
1451059,494867,907693,35,11042,775,0,5,776.250,0.91
1451059,494867,718193,51,11100,775,0,5,776.250,0.91
1451059,70033,462126,303,18851,639,0,1,639.250,0.91
1451059,70033,626392,89,19708,707,0,3,707.750,0.91
1451059,541789,1338245,417,10375,707,0,3,707.750,0.91
1451059,541789,1296180,44,10352,673,0,2,673.500,0.91
1451059,569477,195776,163,10809,741,0,4,742.000,0.91
1451059,569477,1193956,44,10583,707,0,3,707.750,0.91
1451059,256557,1114850,258,10583,707,0,3,707.750,0.91
1451059,1420962,1331875,27,10416,639,0,1,639.250,0.91
1451059,256557,1369073,20,11125,775,0,5,776.250,0.91
1451059,1420962,905623,22,10958,741,0,4,742.000,0.91
1451059,899549,411135,93,10541,673,0,2,673.500,0.91
1451059,899549,8923,49,10517,673,0,2,673.500,0.91
1451059,592938,763397,167,19726,673,0,2,673.500,0.91
1451059,592938,212734,89,20542,741,0,4,742.000,0.91
1451059,801892,1103371,860,10750,741,0,4,742.000,0.91
1451059,801892,60712,45,10808,775,0,5,776.250,0.91
1453489,FAILED,FAILED,FAILED,FAILED,FAILED,FAILED,FAILED,FAILED,FAILED
1455653,945525,981391,223,11500,749,0,3,749.750,1.01
1455653,945525,332526,49,11916,899,0,6,900.500,1.01
1455653,939827,119094,383,11417,807,0,4,808.000,1.01
1455653,939827,942617,45,10727,721,0,2,721.500,1.01
1455653,1059013,269485,292,11310,767,0,3,767.750,1.01
1455653,1059013,1247678,52,10958,727,0,2,727.500,1.01
1455653,570457,442863,779,11000,761,0,3,761.750,1.01
1455653,570457,701995,50,11559,813,0,4,814.000,1.01
1455653,1059188,1149500,124,11143,795,0,4,796.000,1.01
1455653,1059188,974413,48,11167,767,0,3,767.750,1.01
1455653,462557,792337,553,10875,681,0,1,681.250,1.01
1455653,462557,135542,48,10625,767,0,3,767.750,1.01
1455653,83557,883170,339,12185,831,0,4,832.000,1.01
1455653,83557,597191,55,11625,773,0,3,773.750,1.01
1455653,1329250,659090,520,11208,743,0,3,743.750,1.01
1455653,1329250,623717,52,11375,767,0,3,767.750,1.01
1455653,613850,436022,171,19892,773,0,3,773.750,1.01
1455653,613850,203416,80,20625,795,0,4,796.000,1.01
1455653,670694,459777,309,11333,813,0,4,814.000,1.01
1455653,670694,733264,38,11350,767,0,3,767.750,1.01
1455959,1432632,1375787,222,11209,832,0,5,833.250,0.71
1455959,1432632,635737,50,11225,832,0,5,833.250,0.71
1455959,859057,907835,445,11458,795,0,4,796.000,0.71
1455959,859057,354502,49,11292,832,0,5,833.250,0.71
1455959,677642,1208647,262,11625,795,0,4,796.000,0.71
1455959,677642,1409218,67,12809,906,0,7,907.750,0.71
1455959,81608,449472,282,10435,684,0,1,684.250,0.71
1455959,81608,313835,41,10708,795,0,4,796.000,0.71
1455959,1324121,353062,160,11458,721,0,2,721.500,0.71
1455959,1324121,1452992,60,11601,758,0,3,758.750,0.71
1455959,1203469,1022027,464,11060,758,0,3,758.750,0.71
1455959,1203469,1357961,54,10958,795,0,4,796.000,0.71
1455959,200109,1116198,233,10833,758,0,3,758.750,0.71
1455959,200109,187917,40,11084,795,0,4,796.000,0.71
1455959,580706,127864,121,10917,758,0,3,758.750,0.71
1455959,580706,1294558,51,10810,795,0,4,796.000,0.71
1455959,718938,885648,201,11208,832,0,5,833.250,0.71
1455959,718938,31989,43,11042,832,0,5,833.250,0.71
1455959,1241742,978628,4,10792,758,0,3,758.750,0.71
1455959,1241742,240714,50,11310,832,0,5,833.250,0.71
1456229,1053616,602766,84,15625,927,0,7,928.750,0.89
1456229,495291,643075,39,11684,727,0,2,727.500,0.89
1456229,1053616,328229,8,10809,675,0,1,675.250,0.89
1456229,495291,797244,37,11333,733,0,2,733.500,0.89
1456229,1212217,1281902,127,11875,859,0,5,860.250,0.89
1456229,1212217,618021,58,11375,813,0,4,814.000,0.89
1456229,1364245,869716,230,10708,687,0,1,687.250,0.89
1456229,1364245,136403,46,10959,761,0,3,761.750,0.89
1456229,218453,533365,420,10708,721,0,2,721.500,0.89
1456229,218453,330745,47,10850,703,0,2,703.500,0.89
1456229,17473,800789,379,11292,785,0,3,785.750,0.89
1456229,17473,1255172,46,11642,807,0,4,808.000,0.89
1456229,1167747,693643,274,11017,749,0,3,749.750,0.89
1456229,1167747,388180,49,11000,721,0,2,721.500,0.89
1456229,9088,388754,175,11833,899,0,6,900.500,0.89
1456229,9088,549327,49,11100,761,0,3,761.750,0.89
1456229,684994,631126,398,11958,893,0,6,894.500,0.89
1456229,684994,239320,46,11934,841,0,5,842.250,0.89
1456229,556424,589684,1249,10917,721,0,2,721.500,0.89
1456229,1023341,1334073,37,11375,773,0,3,773.750,0.89
1457503,539389,957652,1003,19850,741,0,3,741.750,0.88
1457503,539389,13836,101,21268,813,0,5,814.250,0.88
1457503,32304,1124612,93,10958,813,0,5,814.250,0.88
1457503,32304,119178,56,10892,777,0,4,778.000,0.88
1457503,814815,1184436,149,10393,705,0,2,705.500,0.88
1457503,707736,819857,11,11351,741,0,3,741.750,0.88
1457503,814815,811393,31,10834,741,0,3,741.750,0.88
1457503,707736,953649,13,11291,777,0,4,778.000,0.88
1457503,1375251,192117,254,11084,741,0,3,741.750,0.88
1457503,577875,940002,16,11000,777,0,4,778.000,0.88
1457503,1375251,146069,27,10625,741,0,3,741.750,0.88
1457503,577875,527929,21,11500,777,0,4,778.000,0.88
1457503,525990,956995,116,10833,741,0,3,741.750,0.88
1457503,525990,575421,48,11434,777,0,4,778.000,0.88
1457503,593130,675720,867,11000,813,0,5,814.250,0.88
1457503,593130,988596,45,10333,669,0,1,669.250,0.88
1457503,208058,783558,727,10834,777,0,4,778.000,0.88
1457503,78767,393701,37,11292,813,0,5,814.250,0.88
1457503,208058,469295,14,11292,705,0,2,705.500,0.88
1457503,78767,221665,37,10375,741,0,3,741.750,0.88
1459589,496678,1457513,242,11518,756,0,3,756.750,0.59
1459589,496678,1288146,45,10958,717,0,2,717.500,0.59
1459589,1238842,884827,709,10875,699,0,2,699.500,0.59
1459589,1238842,906139,48,11935,828,0,5,829.250,0.59
1459589,150977,184314,11,10625,717,0,2,717.500,0.59
1459589,150977,179851,46,11292,828,0,5,829.250,0.59
1459589,535187,1041836,69,11683,756,0,3,756.750,0.59
1459589,383285,774381,26,10584,621,0,0,621.000,0.59
1459589,867313,1346930,1,11083,762,0,3,762.750,0.59
1459589,535187,20068,7,10875,699,0,2,699.500,0.59
1459589,1108345,1065491,3,11625,822,0,5,823.250,0.59
1459589,383285,857730,25,11917,795,0,4,796.000,0.59
1459589,867313,1316510,1,12000,867,0,6,868.500,0.59
1459589,1108345,409216,14,11518,750,0,3,750.750,0.59
1459589,1229535,85402,128,11208,717,0,2,717.500,0.59
1459589,1229535,10640,55,11183,729,0,2,729.500,0.59
1459589,123935,384268,575,11726,789,0,4,790.000,0.59
1459589,123935,114249,52,11625,756,0,3,756.750,0.59
1459589,101398,427737,282,11000,774,0,3,774.750,0.59
1459589,101398,1025321,43,11100,744,0,3,744.750,0.59
1461821,944607,1183134,55,11125,750,0,3,750.750,0.24
1461821,37962,1195341,28,11542,822,0,5,823.250,0.24
1461821,944607,1371688,6,11476,789,0,4,790.000,0.24
1461821,37962,686038,33,10602,687,0,2,687.500,0.24
1461821,453056,1325641,159,11500,810,0,5,811.250,0.24
1461821,283351,277088,41,11500,744,0,3,744.750,0.24
1461821,453056,1375807,3,11084,762,0,3,762.750,0.24
1461821,283351,1098821,41,11225,723,0,2,723.500,0.24
1461821,885465,1273475,7,11183,780,0,3,780.750,0.24
1461821,934508,180244,41,10875,750,0,3,750.750,0.24
1461821,885465,475945,2,10625,654,0,1,654.250,0.24
1461821,934508,392876,41,11727,828,0,5,829.250,0.24
1461821,1276613,1303342,76,11250,768,0,3,768.750,0.24
1461821,1276613,1247896,42,11142,744,0,3,744.750,0.24
1461821,1438343,596976,23,11642,750,0,3,750.750,0.24
1461821,300172,111235,4,11517,783,0,4,784.000,0.24
1461821,1100992,1113510,14,11375,807,0,4,808.000,0.24
1461821,1438343,991069,22,11167,762,0,3,762.750,0.24
1461821,300172,414608,2,11500,789,0,4,790.000,0.24
1461821,1100992,445145,15,10666,702,0,1,702.250,0.24
1462169,FAILED,FAILED,FAILED,FAILED,FAILED,FAILED,FAILED,FAILED,FAILED
1466057,FAILED,FAILED,FAILED,FAILED,FAILED,FAILED,FAILED,FAILED,FAILED
1466191,780686,124375,339,10476,721,0,2,721.500,0.70
1466191,780686,2807,51,10875,795,0,4,796.000,0.70
1466191,112942,837176,290,11209,832,0,5,833.250,0.70
1466191,112942,1376508,48,10834,832,0,5,833.250,0.70
1466191,296474,711771,562,11000,795,0,4,796.000,0.70
1466191,296474,460845,51,10976,832,0,5,833.250,0.70
1466191,856779,1309922,153,19976,758,0,3,758.750,0.70
1466191,856779,244601,101,19666,721,0,2,721.500,0.70
1466191,221311,618522,695,19350,758,0,3,758.750,0.70
1466191,221311,376681,86,18935,721,0,2,721.500,0.70
1466191,996502,1442491,335,11000,795,0,4,796.000,0.70
1466191,996502,783125,46,11167,795,0,4,796.000,0.70
1466191,909275,51324,96,11250,795,0,4,796.000,0.70
1466191,33744,1054054,3,11084,795,0,4,796.000,0.70
1466191,1423312,1269464,27,11375,869,0,6,870.500,0.70
1466191,909275,715997,7,10958,795,0,4,796.000,0.70
1466191,33744,98309,1,10416,721,0,2,721.500,0.70
1466191,1445879,170711,24,10267,684,0,1,684.250,0.70
1466191,1423312,985574,15,11017,795,0,4,796.000,0.70
1466191,1323849,386100,17,10601,758,0,3,758.750,0.70
1470817,FAILED,FAILED,FAILED,FAILED,FAILED,FAILED,FAILED,FAILED,FAILED
1474843,973347,1124950,241,11208,639,0,1,639.250,0.44
1474843,973347,1140595,48,10250,639,0,1,639.250,0.44
1474843,374474,750481,57,10333,605,0,0,605.000,0.44
1474843,914754,693035,27,11584,741,0,4,742.000,0.44
1474843,374474,104977,17,10458,707,0,3,707.750,0.44
1474843,914754,897975,31,10666,707,0,3,707.750,0.44
1474843,275591,1167773,70,11292,775,0,5,776.250,0.44
1474843,275591,1248245,45,10875,707,0,3,707.750,0.44
1474843,1405663,1331066,391,11458,741,0,4,742.000,0.44
1474843,1405663,669944,51,11000,741,0,4,742.000,0.44
1474843,1428117,936315,3,10875,741,0,4,742.000,0.44
1474843,1428117,466474,48,10851,707,0,3,707.750,0.44
1474843,1218061,1020308,204,10458,673,0,2,673.500,0.44
1474843,1218061,608652,55,11101,775,0,5,776.250,0.44
1474843,43458,572984,209,19435,707,0,3,707.750,0.44
1474843,43458,263143,118,21183,809,0,6,810.500,0.44
1474843,998439,176538,24,11417,843,0,7,844.750,0.44
1474843,1346073,932103,27,10916,707,0,3,707.750,0.44
1474843,998439,50265,21,10958,707,0,3,707.750,0.44
1474843,1346073,74966,32,11059,775,0,5,776.250,0.44
1474981,652836,1098910,170,14392,789,0,4,790.000,0.79
1474981,652836,744361,50,11958,789,0,4,790.000,0.79
1474981,139312,423153,317,10684,678,0,1,678.250,0.79
1474981,1239124,1274864,42,11143,726,0,3,726.750,0.79
1474981,139312,127619,8,10750,723,0,2,723.500,0.79
1474981,1239124,616591,43,12167,816,0,5,817.250,0.79
1474981,259302,471494,317,11083,750,0,3,750.750,0.79
1474981,259302,429514,41,11102,705,0,2,705.500,0.79
1474981,487964,696015,10,12185,807,0,4,808.000,0.79
1474981,487964,1210361,51,11833,756,0,3,756.750,0.79
1474981,1445587,620149,155,11541,828,0,5,829.250,0.79
1474981,1445587,290946,53,11393,795,0,4,796.000,0.79
1474981,499055,106120,109,11434,783,0,4,784.000,0.79
1474981,1066787,91152,41,20183,750,0,3,750.750,0.79
1474981,499055,44962,6,10875,723,0,2,723.500,0.79
1474981,1066787,1440624,90,21643,873,0,6,874.500,0.79
1474981,678496,1472392,1670,11417,813,0,4,814.000,0.79
1474981,317389,58222,6,19560,738,0,3,738.750,0.79
1474981,1282050,1431458,10,11435,756,0,3,756.750,0.79
1474981,678496,139862,29,11351,756,0,3,756.750,0.79
1480433,FAILED,FAILED,FAILED,FAILED,FAILED,FAILED,FAILED,FAILED,FAILED
1480663,435524,1136241,379,10975,737,0,2,737.500,0.55
1480663,435524,930526,39,10500,737,0,2,737.500,0.55
1480663,319360,1465215,52,11083,813,0,4,814.000,0.55
1480663,319360,1031131,42,11268,813,0,4,814.000,0.55
1480663,1448897,337289,266,10892,775,0,3,775.750,0.55
1480663,1448897,911875,49,10750,737,0,2,737.500,0.55
1480663,1309993,1227926,97,11393,813,0,4,814.000,0.55
1480663,1309993,976310,50,10833,775,0,3,775.750,0.55
1480663,683044,186237,147,10875,775,0,3,775.750,0.55
1480663,683044,1143191,52,11875,851,0,5,852.250,0.55
1480663,1218867,681926,64,11042,813,0,4,814.000,0.55
1480663,1218867,566715,50,11625,813,0,4,814.000,0.55
1480663,319162,1230679,140,10709,775,0,3,775.750,0.55
1480663,319162,659721,53,11101,813,0,4,814.000,0.55
1480663,7324,1267983,117,11184,851,0,5,852.250,0.55
1480663,7324,1254469,49,11083,775,0,3,775.750,0.55
1480663,385246,148252,26,10375,699,0,1,699.250,0.55
1480663,385246,395314,46,11101,813,0,4,814.000,0.55
1480663,546338,1209137,291,20684,851,0,5,852.250,0.55
1480663,902251,217115,38,10750,775,0,3,775.750,0.55
1481033,FAILED,FAILED,FAILED,FAILED,FAILED,FAILED,FAILED,FAILED,FAILED
1482337,FAILED,FAILED,FAILED,FAILED,FAILED,FAILED,FAILED,FAILED,FAILED
1484837,566675,1202383,131,13958,762,0,3,762.750,0.40
1484837,566675,843389,50,12850,840,0,5,841.250,0.40
1484837,538485,700535,238,11583,765,0,4,766.000,0.40
1484837,538485,237965,48,11267,777,0,4,778.000,0.40
1484837,1452983,1257638,15,10767,693,0,2,693.500,0.40
1484837,1452983,1188192,43,11042,756,0,3,756.750,0.40
1484837,1297204,910696,20,10916,717,0,2,717.500,0.40
1484837,1297204,1028976,45,11309,795,0,4,796.000,0.40
1484837,1363175,1272979,274,10933,693,0,2,693.500,0.40
1484837,1363175,971595,51,11167,711,0,2,711.500,0.40
1484837,1338666,709031,35,11500,795,0,4,796.000,0.40
1484837,618631,555479,21,10893,693,0,2,693.500,0.40
1484837,1338666,623463,25,11518,738,0,3,738.750,0.40
1484837,618631,1322493,19,11084,693,0,2,693.500,0.40
1484837,1139910,1312364,188,12167,906,0,7,907.750,0.40
1484837,1139910,507240,44,11351,717,0,2,717.500,0.40
1484837,1204788,359821,154,11916,840,0,5,841.250,0.40
1484837,1063872,239834,33,10667,735,0,2,735.500,0.40
1484837,1204788,748240,19,11917,828,0,5,829.250,0.40
1484837,1063872,1412348,31,11268,762,0,3,762.750,0.40
1485199,404509,463734,248,10809,724,0,3,724.750,0.42
1485199,404509,753998,52,10292,654,0,1,654.250,0.42
1485199,545057,892405,21,19584,724,0,3,724.750,0.42
1485199,176984,1005710,179,11417,829,0,6,830.500,0.42
1485199,545057,924567,17,39452,689,0,2,689.500,0.42
1485199,176984,619024,29,11267,759,0,4,760.000,0.42
1485199,1201546,677891,400,10976,724,0,3,724.750,0.42
1485199,642899,1423223,25,20017,724,0,3,724.750,0.42
1485199,1201546,231396,26,10041,689,0,2,689.500,0.42
1485199,642899,665282,69,21559,829,0,6,830.500,0.42
1485199,393589,537700,264,10709,654,0,1,654.250,0.42
1485199,196436,933747,27,11101,759,0,4,760.000,0.42
1485199,393589,683520,2,10477,689,0,2,689.500,0.42
1485199,1095738,1297250,7,11560,864,0,7,865.750,0.42
1485199,196436,646735,36,11083,724,0,3,724.750,0.42
1485199,1095738,1096686,20,11167,864,0,7,865.750,0.42
1485199,638781,699259,56,11560,724,0,3,724.750,0.42
1485199,638781,815093,45,11166,724,0,3,724.750,0.42
1485199,39849,1328454,14,11083,759,0,4,760.000,0.42
1485199,39849,340618,44,11166,794,0,5,795.250,0.42
1486847,1149125,462665,362,17810,609,0,1,609.250,0.53
1486847,1249929,1301012,14,10643,673,0,3,673.750,0.53
1486847,1249929,967481,45,10500,641,0,2,641.500,0.53
1486847,1149125,1257917,33,19541,737,0,5,738.250,0.53
1486847,780911,1190070,246,11208,705,0,4,706.000,0.53
1486847,780911,657558,44,10750,705,0,4,706.000,0.53
1486847,221017,496400,331,10810,673,0,3,673.750,0.53
1486847,221017,1245614,42,10958,705,0,4,706.000,0.53
1486847,1161648,894700,44,10959,737,0,5,738.250,0.53
1486847,1161648,820472,49,10725,705,0,4,706.000,0.53
1486847,1366499,679982,151,10458,673,0,3,673.750,0.53
1486847,1366499,995625,47,11334,769,0,6,770.500,0.53
1486847,51396,82639,24,10417,673,0,3,673.750,0.53
1486847,51396,592864,45,10893,705,0,4,706.000,0.53
1486847,33763,1334786,243,11226,673,0,3,673.750,0.53
1486847,33763,1056154,43,10417,641,0,2,641.500,0.53
1486847,803222,1242787,105,10767,641,0,2,641.500,0.53
1486847,803222,1028160,46,10292,609,0,1,609.250,0.53
1486847,356808,503808,121,12101,769,0,6,770.500,0.53
1486847,356808,1091777,43,11250,705,0,4,706.000,0.53
1487711,11572,1244468,748,19042,669,0,1,669.250,0.93
1487711,849205,1205104,15,10666,741,0,3,741.750,0.93
1487711,849205,1346169,42,10559,705,0,2,705.500,0.93
1487711,11572,659780,30,21225,849,0,6,850.500,0.93
1487711,568361,805405,69,11601,777,0,4,778.000,0.93
1487711,568361,32182,44,11083,777,0,4,778.000,0.93
1487711,479812,1475228,1374,11102,813,0,5,814.250,0.93
1487711,479812,266466,43,11084,813,0,5,814.250,0.93
1487711,5641,1477517,67,10475,705,0,2,705.500,0.93
1487711,87313,569420,7,10475,705,0,2,705.500,0.93
1487711,5641,1153670,41,10875,777,0,4,778.000,0.93
1487711,87313,1446618,1,10875,777,0,4,778.000,0.93
1487711,259984,1133832,986,20058,741,0,3,741.750,0.93
1487711,835558,656715,46,10750,741,0,3,741.750,0.93
1487711,259984,677048,43,20268,777,0,4,778.000,0.93
1487711,835558,37248,10,11143,777,0,4,778.000,0.93
1487711,1269611,195995,121,10666,705,0,2,705.500,0.93
1487711,1269611,22139,49,10708,777,0,4,778.000,0.93
1487711,1053980,722875,99,10583,705,0,2,705.500,0.93
1487711,1053980,554903,44,10709,777,0,4,778.000,0.93
1489051,927857,840651,106,13142,758,0,3,758.750,0.61
1489051,927857,930434,48,11041,795,0,4,796.000,0.61
1489051,514725,229031,60,10477,721,0,2,721.500,0.61
1489051,514725,1024708,45,11291,869,0,6,870.500,0.61
1489051,742430,740422,14,11333,832,0,5,833.250,0.61
1489051,742430,173589,52,10625,721,0,2,721.500,0.61
1489051,1341840,370322,102,11125,758,0,3,758.750,0.61
1489051,863579,1200197,55,10768,758,0,3,758.750,0.61
1489051,1341840,1271082,2,12226,869,0,6,870.500,0.61
1489051,863579,378879,35,10833,758,0,3,758.750,0.61
1489051,154237,144115,311,10625,758,0,3,758.750,0.61
1489051,154237,1360138,52,11059,758,0,3,758.750,0.61
1489051,584644,1201246,76,21476,832,0,5,833.250,0.61
1489051,584644,1261556,104,21142,832,0,5,833.250,0.61
1489051,352462,584039,78,10291,684,0,1,684.250,0.61
1489051,352462,617642,45,10559,684,0,1,684.250,0.61
1489051,701885,1308844,606,11000,795,0,4,796.000,0.61
1489051,701885,1297305,57,12000,832,0,5,833.250,0.61
1489051,85874,680874,582,10958,832,0,5,833.250,0.61
1489051,85874,1169126,45,11226,795,0,4,796.000,0.61
1491013,867279,199213,125,13392,733,0,3,733.750,0.47
1491013,867279,411799,45,11708,695,0,2,695.500,0.47
1491013,68082,1188819,95,11726,759,0,4,760.000,0.47
1491013,68082,1341058,46,10625,677,0,2,677.500,0.47
1491013,1131169,261824,727,12042,733,0,3,733.750,0.47
1491013,455966,509709,17,11834,771,0,4,772.000,0.47
1491013,1131169,873074,23,10892,663,0,1,663.250,0.47
1491013,455966,82031,16,11684,733,0,3,733.750,0.47
1491013,754945,1339076,10,11059,733,0,3,733.750,0.47
1491013,778937,214747,18,11583,783,0,4,784.000,0.47
1491013,754945,1045094,23,10459,651,0,1,651.250,0.47
1491013,778937,457922,27,11791,827,0,5,828.250,0.47
1491013,1152234,713030,216,11792,865,0,6,866.500,0.47
1491013,995288,639442,26,10959,727,0,3,727.750,0.47
1491013,1152234,1296781,19,11291,759,0,4,760.000,0.47
1491013,995288,683612,28,11100,739,0,3,739.750,0.47
1491013,1456259,627447,6,11684,803,0,5,804.250,0.47
1491013,1456259,323333,47,11375,751,0,3,751.750,0.47
1491013,1046196,1434426,223,11475,789,0,4,790.000,0.47
1491013,1046196,1124303,49,11000,745,0,3,745.750,0.47
1491977,FAILED,FAILED,FAILED,FAILED,FAILED,FAILED,FAILED,FAILED,FAILED
1492063,152725,144545,63,12435,605,0,0,605.000,0.68
1492063,152725,719671,37,11667,639,0,1,639.250,0.68
1492063,132400,880996,81,11392,775,0,5,776.250,0.68
1492063,132400,43839,54,10542,673,0,2,673.500,0.68
1492063,1387797,325808,166,10958,707,0,3,707.750,0.68
1492063,1387797,404937,35,10934,741,0,4,742.000,0.68
1492063,176776,80745,1,11433,775,0,5,776.250,0.68
1492063,176776,1153932,42,10333,707,0,3,707.750,0.68
1492063,541333,937408,585,10458,639,0,1,639.250,0.68
1492063,541333,497628,44,10517,639,0,1,639.250,0.68
1492063,434658,1229556,48,10708,707,0,3,707.750,0.68
1492063,434658,597011,57,11250,741,0,4,742.000,0.68
1492063,913890,1416924,168,11350,809,0,6,810.500,0.68
1492063,913890,1313893,44,10208,639,0,1,639.250,0.68
1492063,1239360,1481759,30,10833,707,0,3,707.750,0.68
1492063,1239360,1353309,53,11334,741,0,4,742.000,0.68
1492063,50156,1201034,636,11166,741,0,4,742.000,0.68
1492063,50156,161128,40,11167,741,0,4,742.000,0.68
1492063,1108342,566973,391,10791,707,0,3,707.750,0.68
1492063,1108342,213314,51,11684,741,0,4,742.000,0.68
1493099,33328,1046655,173,12667,741,0,3,741.750,0.52
1493099,33328,1333712,48,10917,705,0,2,705.500,0.52
1493099,11569,158366,80,10625,705,0,2,705.500,0.52
1493099,11569,697947,51,10542,741,0,3,741.750,0.52
1493099,302856,593350,125,10625,741,0,3,741.750,0.52
1493099,302856,45539,43,10810,669,0,1,669.250,0.52
1493099,570684,227785,344,11625,777,0,4,778.000,0.52
1493099,570684,1449875,42,11458,813,0,5,814.250,0.52
1493099,635515,738803,26,11625,777,0,4,778.000,0.52
1493099,635515,795640,53,11058,777,0,4,778.000,0.52
1493099,1473447,275004,575,10584,705,0,2,705.500,0.52
1493099,1473447,499879,41,10459,669,0,1,669.250,0.52
1493099,959985,707575,233,20768,813,0,5,814.250,0.52
1493099,1074846,954708,90,10792,705,0,2,705.500,0.52
1493099,959985,310430,8,19517,777,0,4,778.000,0.52
1493099,1074846,267485,45,10917,705,0,2,705.500,0.52
1493099,1185425,514798,120,18601,705,0,2,705.500,0.52
1493099,859017,687326,29,11916,849,0,6,850.500,0.52
1493099,859017,985502,50,11542,813,0,5,814.250,0.52
1493099,1185425,1276935,6,19917,777,0,4,778.000,0.52
1493749,1209600,1390078,71,14375,880,0,5,881.250,0.52
1493749,1151212,1398784,10,11125,873,0,4,874.000,0.52
1493749,1209600,373020,35,13350,769,0,2,769.500,0.52
1493749,1151212,1312466,1,11433,818,0,3,818.750,0.52
1493749,632453,974432,166,11226,812,0,3,812.750,0.52
1493749,632453,1308185,41,10541,714,0,1,714.250,0.52
1493749,94017,788022,80,11642,873,0,4,874.000,0.52
1493749,94017,1087950,43,11667,855,0,4,856.000,0.52
1493749,1171062,80867,14,11125,787,0,2,787.500,0.52
1493749,1171062,1055849,46,11643,861,0,4,862.000,0.52
1493749,488145,195636,306,11225,855,0,4,856.000,0.52
1493749,488145,654263,42,11250,720,0,1,720.250,0.52
1493749,222591,273038,77,11976,941,0,6,942.500,0.52
1493749,834253,991836,8,11226,830,0,3,830.750,0.52
1493749,222591,1183881,46,11500,879,0,4,880.000,0.52
1493749,834253,1487127,1,11208,830,0,3,830.750,0.52
1493749,228955,226519,504,11809,916,0,5,917.250,0.52
1493749,228955,1286016,53,11500,867,0,4,868.000,0.52
1493749,637671,1013300,406,11875,812,0,3,812.750,0.52
1493749,637671,1033748,52,11600,855,0,4,856.000,0.52
1495463,219071,1284089,80,14167,849,0,6,850.500,0.50
1495463,219071,860149,51,13267,741,0,3,741.750,0.50
1495463,1025148,326104,297,10833,669,0,1,669.250,0.50
1495463,1025148,274072,45,11208,777,0,4,778.000,0.50
1495463,898065,1298752,418,11708,849,0,6,850.500,0.50
1495463,898065,1369455,50,11518,777,0,4,778.000,0.50
1495463,1108714,757150,426,11476,777,0,4,778.000,0.50
1495463,1313528,1246514,41,11208,741,0,3,741.750,0.50
1495463,1108714,1451974,3,11041,741,0,3,741.750,0.50
1495463,1313528,232999,36,10458,669,0,1,669.250,0.50
1495463,1178648,653218,215,10600,705,0,2,705.500,0.50
1495463,1178648,1010414,53,11458,777,0,4,778.000,0.50
1495463,1201304,122903,82,11143,741,0,3,741.750,0.50
1495463,1201304,1395008,52,11500,813,0,5,814.250,0.50
1495463,1362818,73213,52,10643,741,0,3,741.750,0.50
1495463,522538,196968,10,11101,741,0,3,741.750,0.50
1495463,827941,1419941,12,10518,741,0,3,741.750,0.50
1495463,1362818,1205695,19,10958,741,0,3,741.750,0.50
1495463,522538,934655,10,11083,741,0,3,741.750,0.50
1495463,827941,1433645,11,10791,777,0,4,778.000,0.50
1495777,FAILED,FAILED,FAILED,FAILED,FAILED,FAILED,FAILED,FAILED,FAILED
1496779,701687,951529,634,10667,775,0,3,775.750,0.76
1496779,255361,1157290,26,10184,699,0,1,699.250,0.76
1496779,701687,438541,8,10601,775,0,3,775.750,0.76
1496779,255361,203452,28,10667,737,0,2,737.500,0.76
1496779,908408,1130350,1,11667,889,0,6,890.500,0.76
1496779,149482,640402,29,11375,813,0,4,814.000,0.76
1496779,908408,1260803,20,11351,851,0,5,852.250,0.76
1496779,149482,522926,31,11601,775,0,3,775.750,0.76
1496779,1229861,700675,230,10625,737,0,2,737.500,0.76
1496779,1229861,522031,58,11684,889,0,6,890.500,0.76
1496779,614807,9616,673,10684,775,0,3,775.750,0.76
1496779,614807,1451175,42,11292,813,0,4,814.000,0.76
1496779,249590,942825,87,11267,851,0,5,852.250,0.76
1496779,249590,1300442,45,11167,813,0,4,814.000,0.76
1496779,149482,843613,542,11435,889,0,6,890.500,0.76
1496779,149482,1429176,51,10709,775,0,3,775.750,0.76
1496779,239667,957395,25,11833,851,0,5,852.250,0.76
1496779,239667,1253836,57,11975,813,0,4,814.000,0.76
1496779,1461737,867711,593,10375,737,0,2,737.500,0.76
1496779,1461737,388856,49,11667,927,0,7,928.750,0.76
1498829,475375,560304,209,11208,818,0,3,818.750,0.83
1498829,475375,1236654,40,10977,769,0,2,769.500,0.83
1498829,1405672,1378988,501,10917,714,0,1,714.250,0.83
1498829,1405672,978737,57,12935,910,0,5,911.250,0.83
1498829,676192,491076,98,10666,732,0,1,732.250,0.83
1498829,676192,564005,44,11600,879,0,4,880.000,0.83
1498829,338194,158674,210,11375,812,0,3,812.750,0.83
1498829,338194,1408597,50,11727,855,0,4,856.000,0.83
1498829,809416,255221,507,12393,941,0,6,942.500,0.83
1498829,1172117,1433619,5,11976,940,0,5,941.250,0.83
1498829,809416,239543,39,12584,953,0,6,954.500,0.83
1498829,1172117,1225239,2,11083,763,0,2,763.500,0.83
1498829,601799,1460837,182,11125,775,0,2,775.500,0.83
1498829,601799,1467960,45,11851,855,0,4,856.000,0.83
1498829,1177783,769418,52,10917,806,0,3,806.750,0.83
1498829,1177783,327867,40,11227,855,0,4,856.000,0.83
1498829,319730,449885,1170,11375,836,0,3,836.750,0.83
1498829,957902,610427,1,11791,886,0,5,887.250,0.83
1498829,319730,1474188,46,11643,848,0,3,848.750,0.83
1498829,957902,112572,2,11893,904,0,5,905.250,0.83
1499321,FAILED,FAILED,FAILED,FAILED,FAILED,FAILED,FAILED,FAILED,FAILED
1499933,1299489,414580,312,11417,791,0,3,791.750,0.69
1499933,1299489,1012913,53,11393,721,0,2,721.500,0.69
1499933,737144,535653,397,11625,807,0,4,808.000,0.69
1499933,737144,1375415,42,11475,813,0,4,814.000,0.69
1499933,193020,808267,83,10333,739,0,2,739.500,0.69
1499933,193020,297963,57,10685,721,0,2,721.500,0.69
1499933,463761,155494,226,11267,773,0,3,773.750,0.69
1499933,463761,910992,45,11167,745,0,2,745.500,0.69
1499933,412780,952121,37,10709,715,0,2,715.500,0.69
1499933,412780,1005735,44,10935,693,0,1,693.250,0.69
1499933,203329,33607,101,11042,779,0,3,779.750,0.69
1499933,203329,725768,48,10601,721,0,2,721.500,0.69
1499933,92894,1328805,127,12060,835,0,5,836.250,0.69
1499933,92894,1017337,53,11750,779,0,3,779.750,0.69
1499933,863980,551803,416,11125,773,0,3,773.750,0.69
1499933,863980,1309007,52,11417,813,0,4,814.000,0.69
1499933,991754,347369,53,10792,727,0,2,727.500,0.69
1499933,991754,233342,47,11459,795,0,4,796.000,0.69
1499933,315137,475373,616,11558,739,0,2,739.500,0.69
1499933,315137,331006,56,11709,773,0,3,773.750,0.69
1506551,763342,53207,174,10833,809,0,3,809.750,0.78
1506551,370612,496399,43,10892,809,0,3,809.750,0.78
1506551,763342,504386,3,11333,889,0,5,890.250,0.78
1506551,370612,866057,36,10750,769,0,2,769.500,0.78
1506551,1147138,1200318,384,10667,809,0,3,809.750,0.78
1506551,1147138,1432403,53,11708,849,0,4,850.000,0.78
1506551,1181360,356452,368,10583,769,0,2,769.500,0.78
1506551,1181360,140665,50,10500,729,0,1,729.250,0.78
1506551,91166,658506,505,10667,769,0,2,769.500,0.78
1506551,1088672,1063027,8,10542,769,0,2,769.500,0.78
1506551,91166,648470,37,10458,769,0,2,769.500,0.78
1506551,1088672,935610,5,10459,769,0,2,769.500,0.78
1506551,951817,1170353,136,11042,809,0,3,809.750,0.78
1506551,951817,1223521,60,12392,929,0,6,930.500,0.78
1506551,22469,960893,489,10750,809,0,3,809.750,0.78
1506551,105906,301482,40,11184,889,0,5,890.250,0.78
1506551,22469,334715,3,11185,849,0,4,850.000,0.78
1506551,105906,898675,43,11333,889,0,5,890.250,0.78
1506551,111162,1093312,720,11833,929,0,6,930.500,0.78
1506551,111162,332230,49,10726,809,0,3,809.750,0.78
1507837,442404,475916,39,13060,825,0,6,826.500,0.86
1507837,442404,1310265,60,14958,813,0,6,814.500,0.86
1507837,1330264,57650,126,10792,645,0,2,645.500,0.86
1507837,1330264,503244,50,11560,771,0,5,772.250,0.86
1507837,1472903,564115,164,11459,699,0,3,699.750,0.86
1507837,1472903,24392,43,11541,759,0,4,760.000,0.86
1507837,1329550,598542,230,18643,675,0,2,675.500,0.86
1507837,1329550,937612,78,19017,663,0,2,663.500,0.86
1507837,410111,424648,1169,10750,687,0,2,687.500,0.86
1507837,410111,314157,50,11167,735,0,4,736.000,0.86
1507837,1437189,635982,762,11267,705,0,3,705.750,0.86
1507837,1437189,57381,44,10875,687,0,2,687.500,0.86
1507837,1039930,470627,128,10959,693,0,3,693.750,0.86
1507837,1039930,615386,48,11958,801,0,6,802.500,0.86
1507837,847772,428872,192,11166,717,0,3,717.750,0.86
1507837,176346,561863,40,11083,669,0,2,669.500,0.86
1507837,847772,770303,4,10625,675,0,2,675.500,0.86
1507837,176346,677325,47,11643,741,0,4,742.000,0.86
1507837,172754,775507,345,10750,633,0,1,633.250,0.86
1507837,172754,1085184,49,11709,735,0,4,736.000,0.86
1508719,879361,57299,415,18750,689,0,2,689.500,1.09
1508719,879361,1446113,95,18600,689,0,2,689.500,1.09
1508719,318000,207385,239,10810,759,0,4,760.000,1.09
1508719,318000,965853,47,10917,724,0,3,724.750,1.09
1508719,402272,1208126,1232,10708,689,0,2,689.500,1.09
1508719,402272,80156,46,11268,829,0,6,830.500,1.09
1508719,789722,839670,635,10291,689,0,2,689.500,1.09
1508719,1225396,439483,18,10601,759,0,4,760.000,1.09
1508719,789722,796713,18,10810,724,0,3,724.750,1.09
1508719,1225396,1246621,21,11166,794,0,5,795.250,1.09
1508719,1402661,470711,11,10875,794,0,5,795.250,1.09
1508719,1402661,866864,54,11375,829,0,6,830.500,1.09
1508719,38039,15001,1031,10310,689,0,2,689.500,1.09
1508719,38039,422690,41,11083,794,0,5,795.250,1.09
1508719,337215,635162,76,10392,724,0,3,724.750,1.09
1508719,337215,409488,37,10916,724,0,3,724.750,1.09
1508719,89063,1417697,66,10208,654,0,1,654.250,1.09
1508719,89063,1211001,40,10809,724,0,3,724.750,1.09
1508719,1144255,1331302,258,19809,759,0,4,760.000,1.09
1508719,1144255,90838,64,20185,724,0,3,724.750,1.09
1508977,FAILED,FAILED,FAILED,FAILED,FAILED,FAILED,FAILED,FAILED,FAILED
1512299,26400,32431,268,11143,795,0,4,796.000,0.71
1512299,26400,1275518,48,11375,832,0,5,833.250,0.71
1512299,824000,1241098,272,11333,795,0,4,796.000,0.71
1512299,824000,616873,44,11209,795,0,4,796.000,0.71
1512299,1146211,174576,334,10268,684,0,1,684.250,0.71
1512299,1146211,955163,49,10416,721,0,2,721.500,0.71
1512299,203679,118665,273,11417,832,0,5,833.250,0.71
1512299,203679,235125,47,11417,869,0,6,870.500,0.71
1512299,1334837,113389,678,11750,795,0,4,796.000,0.71
1512299,1334837,449560,52,11250,795,0,4,796.000,0.71
1512299,627685,849160,21,11725,832,0,5,833.250,0.71
1512299,627685,217631,49,10875,721,0,2,721.500,0.71
1512299,754956,607025,31,10625,758,0,3,758.750,0.71
1512299,754956,939313,48,10976,795,0,4,796.000,0.71
1512299,1398129,46264,321,11417,869,0,6,870.500,0.71
1512299,1398129,764599,42,10709,758,0,3,758.750,0.71
1512299,1033147,841113,30,10541,721,0,2,721.500,0.71
1512299,1033147,400571,44,10600,721,0,2,721.500,0.71
1512299,73541,1327198,258,10560,758,0,3,758.750,0.71
1512299,73541,690038,43,10750,721,0,2,721.500,0.71
1513511,128598,146403,102,14166,775,0,5,776.250,0.47
1513511,128598,860216,46,13416,741,0,4,742.000,0.47
1513511,710734,1375650,270,20167,741,0,4,742.000,0.47
1513511,710734,1411726,88,19350,707,0,3,707.750,0.47
1513511,542836,1016950,28,11000,707,0,3,707.750,0.47
1513511,542836,653906,50,11935,809,0,6,810.500,0.47
1513511,104989,93101,2,10768,673,0,2,673.500,0.47
1513511,883992,300605,32,11560,775,0,5,776.250,0.47
1513511,104989,1046746,15,10542,707,0,3,707.750,0.47
1513511,883992,976733,42,11333,775,0,5,776.250,0.47
1513511,450871,462727,45,10434,707,0,3,707.750,0.47
1513511,450871,886299,51,11416,775,0,5,776.250,0.47
1513511,211484,772063,388,11018,707,0,3,707.750,0.47
1513511,211484,955611,58,10792,707,0,3,707.750,0.47
1513511,1260735,934526,397,10976,741,0,4,742.000,0.47
1513511,1260735,1512138,59,11500,741,0,4,742.000,0.47
1513511,669576,1063593,114,10625,673,0,2,673.500,0.47
1513511,172915,1454808,19,10750,673,0,2,673.500,0.47
1513511,187565,969390,20,10959,707,0,3,707.750,0.47
1513511,669576,613448,5,10916,741,0,4,742.000,0.47
1514027,298511,761871,714,11101,777,0,4,778.000,1.18
1514027,298511,297674,52,10833,705,0,2,705.500,1.18
1514027,456616,819050,507,11625,813,0,5,814.250,1.18
1514027,456616,547780,49,11226,777,0,4,778.000,1.18
1514027,1194338,805875,1228,11333,813,0,5,814.250,1.18
1514027,1194338,605286,50,11309,813,0,5,814.250,1.18
1514027,1169234,1217274,315,10475,705,0,2,705.500,1.18
1514027,441931,22161,25,10500,705,0,2,705.500,1.18
1514027,1169234,1450412,14,11209,813,0,5,814.250,1.18
1514027,441931,1325446,25,10875,741,0,3,741.750,1.18
1514027,777019,979602,1132,10834,777,0,4,778.000,1.18
1514027,916858,335424,4,10917,777,0,4,778.000,1.18
1514027,777019,1236838,46,11142,813,0,5,814.250,1.18
1514027,916858,95877,1,10934,741,0,3,741.750,1.18
1514027,961458,927920,226,11083,741,0,3,741.750,1.18
1514027,961458,1361029,45,10935,777,0,4,778.000,1.18
1514027,997292,1244865,598,11125,741,0,3,741.750,1.18
1514027,20168,876356,37,11042,777,0,4,778.000,1.18
1514027,997292,158272,11,10875,705,0,2,705.500,1.18
1514027,20168,1308133,34,10809,741,0,3,741.750,1.18
1514099,1513225,1217794,1106,10834,795,0,4,796.000,1.31
1514099,1513225,392722,51,10541,795,0,4,796.000,1.31
1514099,533317,850074,254,10916,758,0,3,758.750,1.31
1514099,533317,58461,43,10792,758,0,3,758.750,1.31
1514099,1322335,961128,391,10416,684,0,1,684.250,1.31
1514099,1322335,1450479,49,11226,795,0,4,796.000,1.31
1514099,127536,808008,777,10792,721,0,2,721.500,1.31
1514099,127536,1021134,43,11125,832,0,5,833.250,1.31
1514099,197556,986547,131,10916,795,0,4,796.000,1.31
1514099,197556,1267007,53,11643,832,0,5,833.250,1.31
1514099,1470024,637066,325,10500,684,0,1,684.250,1.31
1514099,1470024,706558,48,11208,832,0,5,833.250,1.31
1514099,1111015,1471736,2093,20185,795,0,4,796.000,1.31
1514099,1111015,867275,84,20600,795,0,4,796.000,1.31
1514099,290423,1223393,1,11142,832,0,5,833.250,1.31
1514099,290423,336506,39,10334,647,0,0,647.000,1.31
1514099,687058,584664,84,11018,795,0,4,796.000,1.31
1514099,687058,814589,48,10666,758,0,3,758.750,1.31
1514099,499488,1351415,59,10600,721,0,2,721.500,1.31
1514099,499488,456526,49,11167,795,0,4,796.000,1.31
1514399,650107,785648,137,11351,849,0,6,850.500,0.42
1514399,650107,1067284,39,10333,669,0,1,669.250,0.42
1514399,1322791,541002,91,10642,669,0,1,669.250,0.42
1514399,1322791,684554,48,11333,777,0,4,778.000,0.42
1514399,427447,729128,99,11125,813,0,5,814.250,0.42
1514399,427447,1278412,48,10875,777,0,4,778.000,0.42
1514399,1254391,7158,92,10250,705,0,2,705.500,0.42
1514399,1254391,270557,53,11042,777,0,4,778.000,0.42
1514399,193188,1168590,99,11458,777,0,4,778.000,0.42
1514399,193188,604308,42,11600,777,0,4,778.000,0.42
1514399,1503224,572527,401,10934,777,0,4,778.000,0.42
1514399,1503224,722097,34,10250,705,0,2,705.500,0.42
1514399,1109257,646679,3,10834,777,0,4,778.000,0.42
1514399,1109257,603809,38,10958,777,0,4,778.000,0.42
1514399,1225999,1052959,3,12041,813,0,5,814.250,0.42
1514399,765554,605785,9,21458,705,0,2,705.500,0.42
1514399,1225999,168826,35,11768,849,0,6,850.500,0.42
1514399,765554,671858,1,9893,669,0,1,669.250,0.42
1514399,8181,1450537,163,11292,741,0,3,741.750,0.42
1514399,8181,578825,51,11000,705,0,2,705.500,0.42
1517647,1207184,459254,680,11810,775,0,5,776.250,0.66
1517647,1207184,11013,48,11500,741,0,4,742.000,0.66
1517647,480852,708455,245,10392,707,0,3,707.750,0.66
1517647,549233,267076,8,11184,741,0,4,742.000,0.66
1517647,480852,1458977,37,10250,673,0,2,673.500,0.66
1517647,549233,60777,6,11209,775,0,5,776.250,0.66
1517647,166634,727068,286,11042,741,0,4,742.000,0.66
1517647,166634,1226544,49,10976,707,0,3,707.750,0.66
1517647,154237,358933,514,10808,673,0,2,673.500,0.66
1517647,154237,1360490,46,11042,707,0,3,707.750,0.66
1517647,387565,116927,194,10833,741,0,4,742.000,0.66
1517647,387565,1081208,57,11225,775,0,5,776.250,0.66
1517647,213283,1016428,36,11000,775,0,5,776.250,0.66
1517647,976916,761581,29,11250,775,0,5,776.250,0.66
1517647,213283,1166542,24,11875,843,0,7,844.750,0.66
1517647,976916,421101,21,11310,775,0,5,776.250,0.66
1517647,1154661,1347133,26,10708,707,0,3,707.750,0.66
1517647,1154661,1015642,39,10000,605,0,0,605.000,0.66
1517647,807487,1350333,325,10709,673,0,2,673.500,0.66
1517647,807487,637488,49,11559,775,0,5,776.250,0.66
1518883,161766,931447,194,11208,777,0,4,778.000,0.81
1518883,161766,361019,43,10958,741,0,3,741.750,0.81
1518883,919712,347132,222,10791,705,0,2,705.500,0.81
1518883,919712,1286308,43,10875,741,0,3,741.750,0.81
1518883,854744,1005193,368,10393,705,0,2,705.500,0.81
1518883,854744,75571,45,10791,705,0,2,705.500,0.81
1518883,823762,352605,205,11000,777,0,4,778.000,0.81
1518883,823762,615199,52,11393,777,0,4,778.000,0.81
1518883,900185,7711,121,11518,849,0,6,850.500,0.81
1518883,900185,1175994,54,11416,813,0,5,814.250,0.81
1518883,581817,1305454,162,10875,777,0,4,778.000,0.81
1518883,581817,558764,46,10851,777,0,4,778.000,0.81
1518883,904638,992370,24,11268,777,0,4,778.000,0.81
1518883,904638,13463,53,11125,777,0,4,778.000,0.81
1518883,1367602,789680,1631,10834,741,0,3,741.750,0.81
1518883,988811,1241902,28,19250,705,0,2,705.500,0.81
1518883,1367602,332301,23,10810,741,0,3,741.750,0.81
1518883,988811,585779,68,19083,705,0,2,705.500,0.81
1518883,1052643,110130,139,11125,813,0,5,814.250,0.81
1518883,1052643,1052891,48,10810,705,0,2,705.500,0.81
1520221,857015,507470,714,11851,871,0,5,872.250,0.70
1520221,857015,822348,49,11542,767,0,3,767.750,0.70
1520221,1513993,102140,77,19810,751,0,2,751.500,0.70
1520221,491247,194328,57,11584,841,0,5,842.250,0.70
1520221,1513993,1481455,25,21458,899,0,6,900.500,0.70
1520221,491247,1498881,18,11333,727,0,2,727.500,0.70
1520221,95121,208812,80,11584,813,0,4,814.000,0.70
1520221,95121,943746,46,11250,767,0,3,767.750,0.70
1520221,1194333,238293,472,11185,773,0,3,773.750,0.70
1520221,1194333,1066392,47,11833,773,0,3,773.750,0.70
1520221,395721,231610,328,11476,807,0,4,808.000,0.70
1520221,395721,1251020,56,11250,767,0,3,767.750,0.70
1520221,588662,1092109,189,11333,767,0,3,767.750,0.70
1520221,588662,994107,46,10935,733,0,2,733.500,0.70
1520221,1202996,45681,433,12018,877,0,5,878.250,0.70
1520221,1202996,464142,52,11833,865,0,5,866.250,0.70
1520221,481396,300112,30,10791,715,0,2,715.500,0.70
1520221,481396,959189,42,10850,659,0,0,659.000,0.70
1520221,512208,1100933,21,11083,773,0,3,773.750,0.70
1520221,512208,445305,50,11500,767,0,3,767.750,0.70
1520639,68782,406277,540,10375,690,0,3,690.750,0.75
1520639,68782,1075902,53,11183,690,0,3,690.750,0.75
1520639,1176199,1388571,16,11392,723,0,4,724.000,0.75
1520639,1176199,225132,51,11250,723,0,4,724.000,0.75
1520639,540355,95716,536,10601,723,0,4,724.000,0.75
1520639,540355,1394974,50,10875,723,0,4,724.000,0.75
1520639,283566,436343,167,10625,690,0,3,690.750,0.75
1520639,283566,343841,53,10685,690,0,3,690.750,0.75
1520639,251086,597376,112,18542,690,0,3,690.750,0.75
1520639,251086,1474923,76,18517,657,0,2,657.500,0.75
1520639,649884,868052,81,10601,690,0,3,690.750,0.75
1520639,649884,1447065,41,10916,723,0,4,724.000,0.75
1520639,1265984,238657,836,19809,657,0,2,657.500,0.75
1520639,1512693,100125,30,11292,756,0,5,757.250,0.75
1520639,1512693,874607,42,10625,657,0,2,657.500,0.75
1520639,1265984,93078,22,20375,690,0,3,690.750,0.75
1520639,474962,18680,325,11977,789,0,6,790.500,0.75
1520639,474962,348539,45,11459,723,0,4,724.000,0.75
1520639,115534,245950,11,11250,723,0,4,724.000,0.75
1520639,115534,966715,43,11143,690,0,3,690.750,0.75
1523567,1286556,521926,139,10893,753,0,2,753.500,0.47
1523567,1286556,105054,54,11292,831,0,4,832.000,0.47
1523567,444757,852714,125,11666,831,0,4,832.000,0.47
1523567,444757,307424,52,12333,909,0,6,910.500,0.47
1523567,950190,709735,87,10791,753,0,2,753.500,0.47
1523567,1046310,359372,19,11167,792,0,3,792.750,0.47
1523567,950190,1173736,26,10542,714,0,1,714.250,0.47
1523567,1046310,627967,21,11268,831,0,4,832.000,0.47
1523567,817311,1291472,108,11125,831,0,4,832.000,0.47
1523567,817311,294294,47,11517,909,0,6,910.500,0.47
1523567,270544,822604,237,11417,909,0,6,910.500,0.47
1523567,270544,170647,47,11392,909,0,6,910.500,0.47
1523567,279909,439672,127,11310,831,0,4,832.000,0.47
1523567,146602,327972,44,11083,831,0,4,832.000,0.47
1523567,279909,845571,6,11708,870,0,5,871.250,0.47
1523567,146602,429121,37,11250,831,0,4,832.000,0.47
1523567,939796,984313,8,11601,870,0,5,871.250,0.47
1523567,939796,28283,49,10875,792,0,3,792.750,0.47
1523567,1149289,57071,477,10958,792,0,3,792.750,0.47
1523567,1149289,737742,44,11226,831,0,4,832.000,0.47
1523749,1446379,1063125,224,21892,827,0,5,828.250,0.60
1523749,1149317,446790,26,10917,725,0,2,725.500,0.60
1523749,1149317,792998,46,11435,777,0,4,778.000,0.60
1523749,1446379,1375831,21,20643,789,0,4,790.000,0.60
1523749,1020233,570591,529,11101,713,0,2,713.500,0.60
1523749,1020233,1310459,55,11500,739,0,3,739.750,0.60
1523749,97710,1090756,290,11291,765,0,4,766.000,0.60
1523749,97710,1000730,40,11000,739,0,3,739.750,0.60
1523749,1404045,1322443,35,20852,765,0,4,766.000,0.60
1523749,1404045,1225490,95,20167,739,0,3,739.750,0.60
1523749,522506,952399,57,10892,733,0,3,733.750,0.60
1523749,522506,1464272,46,11625,803,0,5,804.250,0.60
1523749,722190,477996,404,11584,771,0,4,772.000,0.60
1523749,722190,433074,45,11250,733,0,3,733.750,0.60
1523749,195293,925072,5,12458,821,0,5,822.250,0.60
1523749,195293,827377,52,11976,827,0,5,828.250,0.60
1523749,730911,877298,344,11250,707,0,2,707.500,0.60
1523749,730911,1337598,61,12434,835,0,6,836.500,0.60
1523749,89197,283356,18,10791,707,0,2,707.500,0.60
1523749,89197,231652,46,10458,639,0,1,639.250,0.60
1524023,795419,359045,137,13893,724,0,3,724.750,0.78
1524023,795419,1082938,55,14042,759,0,4,760.000,0.78
1524023,1117952,431766,167,10792,689,0,2,689.500,0.78
1524023,1117952,287461,37,10810,689,0,2,689.500,0.78
1524023,679493,827628,80,10750,689,0,2,689.500,0.78
1524023,679493,599229,42,10434,689,0,2,689.500,0.78
1524023,1463765,336148,181,10500,689,0,2,689.500,0.78
1524023,1463765,1392615,49,11583,759,0,4,760.000,0.78
1524023,30672,348627,305,11684,724,0,3,724.750,0.78
1524023,30672,847960,50,11250,759,0,4,760.000,0.78
1524023,270214,899985,535,11475,829,0,6,830.500,0.78
1524023,270214,410929,48,11291,794,0,5,795.250,0.78
1524023,1522493,1149965,926,12017,759,0,4,760.000,0.78
1524023,1522493,726985,54,11167,724,0,3,724.750,0.78
1524023,253368,1307220,25,21667,794,0,5,795.250,0.78
1524023,253368,1462446,92,20309,759,0,4,760.000,0.78
1524023,565194,134133,154,10875,759,0,4,760.000,0.78
1524023,565194,844560,46,11458,759,0,4,760.000,0.78
1524023,401428,944508,117,11166,759,0,4,760.000,0.78
1524023,401428,185205,57,11476,759,0,4,760.000,0.78
1526339,776633,6022,1185,10851,759,0,4,760.000,1.63
1526339,776633,1367148,46,11125,724,0,3,724.750,1.63
1526339,1192048,1052075,284,11250,794,0,5,795.250,1.63
1526339,1192048,1149196,51,11458,829,0,6,830.500,1.63
1526339,1066592,1443949,606,11143,759,0,4,760.000,1.63
1526339,1066592,1414988,50,11583,794,0,5,795.250,1.63
1526339,1489841,798405,450,10750,724,0,3,724.750,1.63
1526339,1489841,1029274,62,11417,829,0,6,830.500,1.63
1526339,1106887,689324,575,10583,759,0,4,760.000,1.63
1526339,1106887,70545,45,10642,724,0,3,724.750,1.63
1526339,1434212,154247,243,10875,724,0,3,724.750,1.63
1526339,1434212,573633,40,10310,654,0,1,654.250,1.63
1526339,890772,194474,83,19042,654,0,1,654.250,1.63
1526339,890772,1289466,96,20892,794,0,5,795.250,1.63
1526339,1238512,324854,1514,10833,759,0,4,760.000,1.63
1526339,1238512,143864,45,11102,794,0,5,795.250,1.63
1526339,586647,431105,833,10958,724,0,3,724.750,1.63
1526339,586647,804876,49,11060,794,0,5,795.250,1.63
1526339,496195,1381934,1123,11393,794,0,5,795.250,1.63
1526339,496195,41581,49,10666,724,0,3,724.750,1.63
1527313,FAILED,FAILED,FAILED,FAILED,FAILED,FAILED,FAILED,FAILED,FAILED
1527629,1103366,1023736,50,12042,891,0,5,892.250,0.31
1527629,1103366,352152,44,11208,777,0,2,777.500,0.31
1527629,1361813,1305164,213,12084,885,0,5,886.250,0.31
1527629,1361813,175790,49,11167,801,0,3,801.750,0.31
1527629,1042119,126245,107,11000,705,0,1,705.250,0.31
1527629,1161887,1124363,3,12125,897,0,5,898.250,0.31
1527629,648008,1374274,9,12334,939,0,6,940.500,0.31
1527629,1042119,539330,25,12310,939,0,6,940.500,0.31
1527629,1161887,1157063,4,11393,801,0,3,801.750,0.31
1527629,648008,287751,18,11976,855,0,4,856.000,0.31
1527629,1097346,964676,158,11542,885,0,5,886.250,0.31
1527629,1097346,1280881,46,10958,741,0,2,741.500,0.31
1527629,794030,484858,38,20976,807,0,3,807.750,0.31
1527629,1125482,630184,46,11459,801,0,3,801.750,0.31
1527629,794030,480536,24,19750,717,0,1,717.250,0.31
1527629,1125482,527638,14,11166,801,0,3,801.750,0.31
1527629,1184037,764834,1,10958,795,0,2,795.500,0.31
1527629,1184037,734110,55,12017,915,0,6,916.500,0.31
1527629,927666,392898,103,11268,843,0,4,844.000,0.31
1527629,927666,1506224,36,11541,795,0,3,795.750,0.31
1530779,1269023,228181,325,11416,909,0,6,910.500,0.65
1530779,1269023,761067,45,11417,870,0,5,871.250,0.65
1530779,125125,356609,189,11768,948,0,7,949.750,0.65
1530779,125125,138949,45,11375,831,0,4,832.000,0.65
1530779,607244,232304,136,11166,831,0,4,832.000,0.65
1530779,607244,1324281,51,10875,792,0,3,792.750,0.65
1530779,85046,1120237,449,11393,870,0,5,871.250,0.65
1530779,1300606,848576,8,10935,753,0,2,753.500,0.65
1530779,85046,42827,32,11333,870,0,5,871.250,0.65
1530779,1300606,641534,15,11708,870,0,5,871.250,0.65
1530779,1001063,403168,384,20476,831,0,4,832.000,0.65
1530779,1001063,404194,87,20875,870,0,5,871.250,0.65
1530779,144723,1140643,202,10792,792,0,3,792.750,0.65
1530779,144723,404358,40,11375,831,0,4,832.000,0.65
1530779,1324063,255612,191,10768,792,0,3,792.750,0.65
1530779,1324063,818402,44,10667,753,0,2,753.500,0.65
1530779,1150764,1349084,116,11166,792,0,3,792.750,0.65
1530779,1150764,625534,51,11875,870,0,5,871.250,0.65
1530779,977282,145887,75,10666,792,0,3,792.750,0.65
1530779,466584,1490348,26,11916,870,0,5,871.250,0.65
1537721,FAILED,FAILED,FAILED,FAILED,FAILED,FAILED,FAILED,FAILED,FAILED
1541209,FAILED,FAILED,FAILED,FAILED,FAILED,FAILED,FAILED,FAILED,FAILED
1542071,313281,1360979,353,11226,851,0,5,852.250,0.46
1542071,645065,1406159,20,10851,775,0,3,775.750,0.46
1542071,1112013,46857,9,11351,813,0,4,814.000,0.46
1542071,313281,1512826,5,10708,699,0,1,699.250,0.46
1542071,645065,626560,21,10166,661,0,0,661.000,0.46
1542071,1112013,241804,14,11209,851,0,5,852.250,0.46
1542071,1257489,1008337,31,10792,813,0,4,814.000,0.46
1542071,705182,110015,36,11309,851,0,5,852.250,0.46
1542071,1257489,1315241,12,11183,851,0,5,852.250,0.46
1542071,705182,208492,37,11250,851,0,5,852.250,0.46
1542071,874401,968641,494,10643,775,0,3,775.750,0.46
1542071,874401,388682,40,10292,699,0,1,699.250,0.46
1542071,595164,257188,28,10875,775,0,3,775.750,0.46
1542071,595164,608510,48,11392,813,0,4,814.000,0.46
1542071,989113,1117388,13,11434,813,0,4,814.000,0.46
1542071,989113,1308180,59,11792,813,0,4,814.000,0.46
1542071,801819,1307269,377,11268,813,0,4,814.000,0.46
1542071,801819,374785,49,11333,813,0,4,814.000,0.46
1542071,435600,220009,111,10750,775,0,3,775.750,0.46
1542071,435600,564888,55,11333,775,0,3,775.750,0.46
1542841,FAILED,FAILED,FAILED,FAILED,FAILED,FAILED,FAILED,FAILED,FAILED
1542991,1042368,136874,658,11166,813,0,5,814.250,0.60
1542991,1042368,419136,59,10976,705,0,2,705.500,0.60
1542991,1202219,968255,351,11334,813,0,5,814.250,0.60
1542991,1202219,834325,51,11685,813,0,5,814.250,0.60
1542991,139903,1273161,239,18916,705,0,2,705.500,0.60
1542991,139903,973969,84,19310,705,0,2,705.500,0.60
1542991,909504,1145,90,11393,777,0,4,778.000,0.60
1542991,1522380,206380,31,11292,813,0,5,814.250,0.60
1542991,909504,780971,16,11792,885,0,7,886.750,0.60
1542991,1522380,859324,26,10958,777,0,4,778.000,0.60
1542991,357967,919845,181,10851,741,0,3,741.750,0.60
1542991,357967,1518595,47,11417,813,0,5,814.250,0.60
1542991,1385871,671369,169,11292,813,0,5,814.250,0.60
1542991,1385871,632400,56,10852,705,0,2,705.500,0.60
1542991,834506,1374280,154,9809,633,0,0,633.000,0.60
1542991,834506,1465516,54,11292,813,0,5,814.250,0.60
1542991,1291775,1276997,115,10768,741,0,3,741.750,0.60
1542991,1291775,1414811,49,11250,741,0,3,741.750,0.60
1542991,452827,343936,10,11333,813,0,5,814.250,0.60
1542991,452827,537021,54,11601,849,0,6,850.500,0.60
1544659,1090201,787058,129,13750,832,0,5,833.250,0.54
1544659,1090201,1012728,43,10893,721,0,2,721.500,0.54
1544659,974536,567896,101,11042,721,0,2,721.500,0.54
1544659,974536,392060,50,11100,758,0,3,758.750,0.54
1544659,1298972,91106,141,10351,721,0,2,721.500,0.54
1544659,1298972,172504,47,10916,795,0,4,796.000,0.54
1544659,666210,1464803,299,11792,795,0,4,796.000,0.54
1544659,666210,821216,42,10893,721,0,2,721.500,0.54
1544659,1145549,965328,98,10917,758,0,3,758.750,0.54
1544659,1145549,378173,51,10683,795,0,4,796.000,0.54
1544659,1065151,107268,468,10792,758,0,3,758.750,0.54
1544659,974881,576702,22,11791,869,0,6,870.500,0.54
1544659,1065151,1451155,26,10583,758,0,3,758.750,0.54
1544659,974881,1280414,26,11458,795,0,4,796.000,0.54
1544659,866619,825427,156,10476,721,0,2,721.500,0.54
1544659,866619,540703,48,11041,721,0,2,721.500,0.54
1544659,1474205,1435277,58,10917,795,0,4,796.000,0.54
1544659,1474205,649867,45,10309,684,0,1,684.250,0.54
1544659,408352,406267,253,11143,832,0,5,833.250,0.54
1544659,408352,1517528,44,10875,795,0,4,796.000,0.54
1546361,FAILED,FAILED,FAILED,FAILED,FAILED,FAILED,FAILED,FAILED,FAILED
1548983,1085562,29495,99,13791,832,0,5,833.250,0.55
1548983,1345850,1363413,5,14250,758,0,3,758.750,0.55
1548983,1085562,1307737,38,13000,795,0,4,796.000,0.55
1548983,1345850,436689,3,13100,721,0,2,721.500,0.55
1548983,283665,352469,92,11125,832,0,5,833.250,0.55
1548983,283665,320127,54,11643,832,0,5,833.250,0.55
1548983,1381436,953955,548,10834,721,0,2,721.500,0.55
1548983,1381436,1069024,53,11142,721,0,2,721.500,0.55
1548983,153985,937958,665,11042,721,0,2,721.500,0.55
1548983,153985,227246,43,10560,721,0,2,721.500,0.55
1548983,1363710,131996,17,11309,832,0,5,833.250,0.55
1548983,1363710,396431,48,10334,684,0,1,684.250,0.55
1548983,1224065,1453819,38,11042,758,0,3,758.750,0.55
1548983,1224065,22189,45,11434,869,0,6,870.500,0.55
1548983,1213494,1255863,270,11184,721,0,2,721.500,0.55
1548983,733825,725617,1,11226,832,0,5,833.250,0.55
1548983,1213494,1326352,46,11167,758,0,3,758.750,0.55
1548983,733825,38857,1,11041,758,0,3,758.750,0.55
1548983,397366,449370,99,10583,721,0,2,721.500,0.55
1548983,397366,778263,47,10667,721,0,2,721.500,0.55
1549087,1170261,48517,596,10750,759,0,4,760.000,0.85
1549087,1170261,776855,51,11084,794,0,5,795.250,0.85
1549087,1188024,1044259,233,10583,689,0,2,689.500,0.85
1549087,1508604,1365300,42,10875,724,0,3,724.750,0.85
1549087,1188024,131919,6,11125,794,0,5,795.250,0.85
1549087,1508604,157264,36,10934,724,0,3,724.750,0.85
1549087,219266,1394879,89,10959,689,0,2,689.500,0.85
1549087,476991,493865,13,11083,794,0,5,795.250,0.85
1549087,219266,867989,29,11226,759,0,4,760.000,0.85
1549087,476991,204647,19,11059,759,0,4,760.000,0.85
1549087,1500349,941090,190,11042,759,0,4,760.000,0.85
1549087,1500349,1291437,44,11084,724,0,3,724.750,0.85
1549087,1526026,11607,28,10809,724,0,3,724.750,0.85
1549087,1526026,1343409,46,10792,759,0,4,760.000,0.85
1549087,592560,111343,1144,11101,759,0,4,760.000,0.85
1549087,592560,374357,51,11125,759,0,4,760.000,0.85
1549087,694193,343896,61,10892,759,0,4,760.000,0.85
1549087,694193,258266,46,10708,724,0,3,724.750,0.85
1549087,653940,1015267,998,10600,724,0,3,724.750,0.85
1549087,309536,950391,9,10500,724,0,3,724.750,0.85
1551793,FAILED,FAILED,FAILED,FAILED,FAILED,FAILED,FAILED,FAILED,FAILED
1552843,244764,63092,475,11685,851,0,5,852.250,1.08
1552843,244764,417682,39,10125,661,0,0,661.000,1.08
1552843,821445,637157,911,10875,775,0,3,775.750,1.08
1552843,821445,126872,55,10435,737,0,2,737.500,1.08
1552843,1532303,717423,281,11643,889,0,6,890.500,1.08
1552843,1532303,559988,44,10666,775,0,3,775.750,1.08
1552843,326591,497118,145,11167,775,0,3,775.750,1.08
1552843,326591,790896,46,11000,813,0,4,814.000,1.08
1552843,1188490,732447,212,11226,813,0,4,814.000,1.08
1552843,1188490,839032,47,11292,813,0,4,814.000,1.08
1552843,1116421,344498,615,11375,813,0,4,814.000,1.08
1552843,1116421,487263,52,11226,775,0,3,775.750,1.08
1552843,692303,699631,134,10643,699,0,1,699.250,1.08
1552843,692303,883475,43,10833,775,0,3,775.750,1.08
1552843,924183,1271201,1358,11000,775,0,3,775.750,1.08
1552843,924183,1171491,38,10750,775,0,3,775.750,1.08
1552843,314337,163301,71,11375,775,0,3,775.750,1.08
1552843,1021274,718641,8,10625,737,0,2,737.500,1.08
1552843,314337,1436621,27,11500,775,0,3,775.750,1.08
1552843,1021274,1359453,9,11208,813,0,4,814.000,1.08
1553927,1422945,665097,340,11143,777,0,4,778.000,0.77
1553927,1422945,1446157,30,11417,813,0,5,814.250,0.77
1553927,1121793,646853,5,10833,777,0,4,778.000,0.77
1553927,1121793,658542,38,10959,813,0,5,814.250,0.77
1553927,150354,1378491,56,11309,813,0,5,814.250,0.77
1553927,150354,933448,48,11167,813,0,5,814.250,0.77
1553927,1136920,1374100,581,29684,705,0,2,705.500,0.77
1553927,1474115,83213,35,11125,741,0,3,741.750,0.77
1553927,1136920,1377758,7,11125,777,0,4,778.000,0.77
1553927,1474115,489457,31,11434,777,0,4,778.000,0.77
1553927,572189,656363,14,10684,741,0,3,741.750,0.77
1553927,572189,756651,39,11209,813,0,5,814.250,0.77
1553927,661417,837078,651,10875,741,0,3,741.750,0.77
1553927,337531,1449758,10,10875,777,0,4,778.000,0.77
1553927,661417,349939,33,10809,741,0,3,741.750,0.77
1553927,337531,188765,15,11726,849,0,6,850.500,0.77
1553927,531048,105402,863,11250,777,0,4,778.000,0.77
1553927,531048,1552741,52,11459,849,0,6,850.500,0.77
1553927,1198734,1117818,87,11416,705,0,2,705.500,0.77
1553927,1198734,661830,44,11958,813,0,5,814.250,0.77
1558283,1373677,235623,76,13684,832,0,5,833.250,0.65
1558283,65435,693636,47,10833,758,0,3,758.750,0.65
1558283,1373677,1528054,3,13792,758,0,3,758.750,0.65
1558283,65435,277288,39,10767,795,0,4,796.000,0.65
1558283,186090,1001863,309,10934,758,0,3,758.750,0.65
1558283,186090,1529259,48,10500,721,0,2,721.500,0.65
1558283,650815,793588,846,11459,832,0,5,833.250,0.65
1558283,57898,1501815,28,10583,721,0,2,721.500,0.65
1558283,650815,716942,17,10642,721,0,2,721.500,0.65
1558283,57898,616184,30,10851,758,0,3,758.750,0.65
1558283,1295976,1113544,302,11166,758,0,3,758.750,0.65
1558283,1295976,1372934,54,10750,684,0,1,684.250,0.65
1558283,480244,1262597,51,11017,795,0,4,796.000,0.65
1558283,480244,1260894,43,11167,721,0,2,721.500,0.65
1558283,1292522,794885,185,11083,795,0,4,796.000,0.65
1558283,1292522,70653,48,11142,758,0,3,758.750,0.65
1558283,927331,1157439,301,10667,758,0,3,758.750,0.65
1558283,927331,1023613,46,10417,721,0,2,721.500,0.65
1558283,336693,14987,109,10958,758,0,3,758.750,0.65
1558283,336693,579235,50,11334,869,0,6,870.500,0.65
1558877,654269,671063,114,11291,790,0,3,790.750,0.81
1558877,654269,1259216,45,11684,860,0,5,861.250,0.81
1558877,385997,169732,708,12017,825,0,4,826.000,0.81
1558877,385997,121475,49,12041,837,0,4,838.000,0.81
1558877,1476330,1368262,345,11601,772,0,3,772.750,0.81
1558877,320120,1261556,29,11685,825,0,4,826.000,0.81
1558877,1476330,330948,20,11875,836,0,5,837.250,0.81
1558877,320120,582431,27,11250,778,0,3,778.750,0.81
1558877,739638,1192672,98,11250,831,0,4,832.000,0.81
1558877,739638,495269,50,11792,884,0,5,885.250,0.81
1558877,686586,1426396,598,11018,772,0,3,772.750,0.81
1558877,686586,1482186,47,11000,790,0,3,790.750,0.81
1558877,666027,1044807,647,11225,784,0,3,784.750,0.81
1558877,666027,795781,48,11792,919,0,6,920.500,0.81
1558877,891027,127706,12,20309,772,0,3,772.750,0.81
1558877,891027,1490333,98,21476,819,0,4,820.000,0.81
1558877,165688,1391259,166,11334,772,0,3,772.750,0.81
1558877,165688,695826,41,11292,755,0,2,755.500,0.81
1558877,625063,480073,66,11500,843,0,4,844.000,0.81
1558877,625063,14797,43,11292,825,0,4,826.000,0.81
1561529,FAILED,FAILED,FAILED,FAILED,FAILED,FAILED,FAILED,FAILED,FAILED
1561753,FAILED,FAILED,FAILED,FAILED,FAILED,FAILED,FAILED,FAILED,FAILED
1562647,1498390,1224272,235,11750,849,0,6,850.500,1.09
1562647,1498390,1049891,44,11102,777,0,4,778.000,1.09
1562647,399536,1375166,6,11268,777,0,4,778.000,1.09
1562647,399536,1399972,52,10667,705,0,2,705.500,1.09
1562647,1452926,738727,373,10767,705,0,2,705.500,1.09
1562647,1452926,1068565,51,11084,777,0,4,778.000,1.09
1562647,432440,400537,107,11018,777,0,4,778.000,1.09
1562647,432440,721808,44,10416,741,0,3,741.750,1.09
1562647,808990,1249980,936,11476,777,0,4,778.000,1.09
1562647,808990,500963,53,10958,741,0,3,741.750,1.09
1562647,1500895,263961,833,11000,777,0,4,778.000,1.09
1562647,1500895,1015479,50,11000,777,0,4,778.000,1.09
1562647,1432060,338749,119,11459,813,0,5,814.250,1.09
1562647,1432060,1374550,55,12143,849,0,6,850.500,1.09
1562647,928096,550746,678,10833,705,0,2,705.500,1.09
1562647,928096,1214641,44,11142,813,0,5,814.250,1.09
1562647,822393,85157,604,11559,777,0,4,778.000,1.09
1562647,822393,1122400,58,11834,849,0,6,850.500,1.09
1562647,1421692,8864,325,11143,741,0,3,741.750,1.09
1562647,1421692,1383675,52,11458,813,0,5,814.250,1.09
1562707,1079210,778193,410,11375,758,0,3,758.750,0.53
1562707,1079210,1266827,56,12083,832,0,5,833.250,0.53
1562707,1120423,240649,196,10850,795,0,4,796.000,0.53
1562707,1120423,1450751,54,11000,832,0,5,833.250,0.53
1562707,1464762,557071,288,11208,795,0,4,796.000,0.53
1562707,1464762,443012,46,11684,832,0,5,833.250,0.53
1562707,1182513,255545,78,10834,758,0,3,758.750,0.53
1562707,1001094,210037,31,10875,795,0,4,796.000,0.53
1562707,1182513,1046049,13,12017,869,0,6,870.500,0.53
1562707,1001094,655927,30,11101,758,0,3,758.750,0.53
1562707,587647,1423939,218,10750,721,0,2,721.500,0.53
1562707,587647,33478,56,11185,795,0,4,796.000,0.53
1562707,908413,1395447,81,10417,721,0,2,721.500,0.53
1562707,908413,1479027,48,10767,721,0,2,721.500,0.53
1562707,665085,444922,67,11459,832,0,5,833.250,0.53
1562707,665085,731114,50,11560,869,0,6,870.500,0.53
1562707,6771,1361375,146,11100,758,0,3,758.750,0.53
1562707,6771,873110,49,10750,758,0,3,758.750,0.53
1562707,1445223,129076,140,10667,758,0,3,758.750,0.53
1562707,1445223,141420,44,10041,684,0,1,684.250,0.53
1563461,1185084,814880,173,11292,849,0,4,850.000,0.47
1563461,1185084,1025404,51,11185,812,0,3,812.750,0.47
1563461,805322,1483055,8,11768,855,0,4,856.000,0.47
1563461,805322,430361,41,10833,750,0,1,750.250,0.47
1563461,1057539,209956,1,11667,855,0,4,856.000,0.47
1563461,1057539,748371,57,11433,793,0,2,793.500,0.47
1563461,1491408,782522,83,11667,873,0,4,874.000,0.47
1563461,597257,1557444,42,11560,855,0,4,856.000,0.47
1563461,1491408,22498,4,11893,818,0,3,818.750,0.47
1563461,597257,1371844,44,11750,935,0,6,936.500,0.47
1563461,1328204,158687,358,19935,775,0,2,775.500,0.47
1563461,1328204,194851,98,21333,879,0,4,880.000,0.47
1563461,434656,384229,9,11583,842,0,3,842.750,0.47
1563461,434656,135852,42,10892,720,0,1,720.250,0.47
1563461,1424882,212567,339,11917,910,0,5,911.250,0.47
1563461,1424882,902150,52,11310,885,0,4,886.000,0.47
1563461,1408116,1449328,148,11060,781,0,2,781.500,0.47
1563461,1408116,946978,44,11167,769,0,2,769.500,0.47
1563461,1027846,846044,250,10810,738,0,1,738.250,0.47
1563461,1027846,1324944,45,11500,904,0,5,905.250,0.47
1566793,FAILED,FAILED,FAILED,FAILED,FAILED,FAILED,FAILED,FAILED,FAILED
1566823,701350,305798,84,12560,795,0,4,796.000,0.41
1566823,701350,715727,46,11541,795,0,4,796.000,0.41
1566823,1310941,1410248,86,12600,758,0,3,758.750,0.41
1566823,1310941,90256,44,11458,795,0,4,796.000,0.41
1566823,89958,19173,25,11458,795,0,4,796.000,0.41
1566823,89958,790926,51,11184,758,0,3,758.750,0.41
1566823,1463620,750067,141,11642,832,0,5,833.250,0.41
1566823,1463620,293020,50,11584,832,0,5,833.250,0.41
1566823,563909,1279701,177,11000,795,0,4,796.000,0.41
1566823,563909,1209608,45,11559,832,0,5,833.250,0.41
1566823,89835,1337140,98,20625,758,0,3,758.750,0.41
1566823,89835,403426,89,20643,795,0,4,796.000,0.41
1566823,149950,872110,78,10768,795,0,4,796.000,0.41
1566823,149950,394399,46,10542,758,0,3,758.750,0.41
1566823,1090015,1459325,41,10958,721,0,2,721.500,0.41
1566823,1090015,1001955,58,11934,832,0,5,833.250,0.41
1566823,1360763,762377,290,11809,869,0,6,870.500,0.41
1566823,1307097,1190233,8,11333,795,0,4,796.000,0.41
1566823,1360763,1394753,36,11834,869,0,6,870.500,0.41
1566823,1307097,339535,7,11000,758,0,3,758.750,0.41
1567171,1124465,1157248,269,11875,851,0,5,852.250,0.83
1567171,779113,295964,40,11185,813,0,4,814.000,0.83
1567171,1124465,973050,2,11101,775,0,3,775.750,0.83
1567171,779113,915775,48,10709,737,0,2,737.500,0.83
1567171,276452,171966,276,10791,737,0,2,737.500,0.83
1567171,276452,957427,48,11542,775,0,3,775.750,0.83
1567171,1281315,509889,858,10583,737,0,2,737.500,0.83
1567171,1281315,1085364,50,10851,775,0,3,775.750,0.83
1567171,1153518,102351,118,11393,813,0,4,814.000,0.83
1567171,1153518,374984,47,11417,813,0,4,814.000,0.83
1567171,1216724,80392,97,10791,775,0,3,775.750,0.83
1567171,704718,1325364,1,10625,737,0,2,737.500,0.83
1567171,1216724,633018,33,11000,775,0,3,775.750,0.83
1567171,704718,300599,4,10958,737,0,2,737.500,0.83
1567171,376230,755903,1062,11435,851,0,5,852.250,0.83
1567171,376230,467931,44,10625,775,0,3,775.750,0.83
1567171,767602,99062,127,11292,813,0,4,814.000,0.83
1567171,767602,728122,43,11083,775,0,3,775.750,0.83
1567171,689694,1179527,222,11125,813,0,4,814.000,0.83
1567171,689694,44287,41,10875,775,0,3,775.750,0.83
1568519,240437,999097,253,11375,813,0,4,814.000,0.62
1568519,240437,264860,51,11726,889,0,6,890.500,0.62
1568519,379852,951500,182,11208,851,0,5,852.250,0.62
1568519,379852,1228593,49,10977,813,0,4,814.000,0.62
1568519,950934,1159440,159,11475,813,0,4,814.000,0.62
1568519,950934,1069470,46,10625,737,0,2,737.500,0.62
1568519,1445275,1292531,88,10851,775,0,3,775.750,0.62
1568519,1445275,491058,41,11042,851,0,5,852.250,0.62
1568519,508063,56833,65,10767,775,0,3,775.750,0.62
1568519,508063,1319364,50,10584,813,0,4,814.000,0.62
1568519,12825,1071868,359,11143,851,0,5,852.250,0.62
1568519,12825,1151396,49,11292,851,0,5,852.250,0.62
1568519,83763,343500,111,11101,813,0,4,814.000,0.62
1568519,83763,1391286,52,11625,813,0,4,814.000,0.62
1568519,1372288,236330,617,10517,737,0,2,737.500,0.62
1568519,1372288,1376119,58,10792,737,0,2,737.500,0.62
1568519,159004,1422208,46,11518,851,0,5,852.250,0.62
1568519,159004,183120,46,10042,661,0,0,661.000,0.62
1568519,637466,1067552,162,10541,737,0,2,737.500,0.62
1568519,637466,1425652,47,10917,813,0,4,814.000,0.62
1569817,FAILED,FAILED,FAILED,FAILED,FAILED,FAILED,FAILED,FAILED,FAILED
1571287,1224141,1549606,548,10750,809,0,3,809.750,0.48
1571287,1224141,1465078,41,10541,809,0,3,809.750,0.48
1571287,1143146,1072477,113,11559,889,0,5,890.250,0.48
1571287,1143146,989770,46,11917,969,0,7,970.750,0.48
1571287,862887,1193125,2,10958,809,0,3,809.750,0.48
1571287,792583,962500,17,10791,809,0,3,809.750,0.48
1571287,862887,1103532,27,11042,809,0,3,809.750,0.48
1571287,792583,1190030,21,11434,809,0,3,809.750,0.48
1571287,565315,1558314,205,10708,809,0,3,809.750,0.48
1571287,565315,183563,48,11018,809,0,3,809.750,0.48
1571287,873748,844864,176,10893,809,0,3,809.750,0.48
1571287,873748,1368029,44,10958,809,0,3,809.750,0.48
1571287,1347654,709022,184,11685,849,0,4,850.000,0.48
1571287,853467,307633,6,11060,809,0,3,809.750,0.48
1571287,1347654,190146,33,10791,769,0,2,769.500,0.48
1571287,853467,866336,5,10625,769,0,2,769.500,0.48
1571287,798448,185637,250,10601,769,0,2,769.500,0.48
1571287,1516927,176234,2,11268,809,0,3,809.750,0.48
1571287,798448,29605,43,11042,889,0,5,890.250,0.48
1571287,1516927,201353,2,10959,849,0,4,850.000,0.48
1573303,1412828,697458,161,10417,624,0,1,624.250,0.56
1573303,1412828,918967,43,11125,756,0,5,757.250,0.56
1573303,1333669,1565683,45,11185,756,0,5,757.250,0.56
1573303,1333669,1488880,47,10625,690,0,3,690.750,0.56
1573303,1154143,520679,393,11850,723,0,4,724.000,0.56
1573303,1154143,900839,52,11333,690,0,3,690.750,0.56
1573303,1195723,481380,427,10167,657,0,2,657.500,0.56
1573303,1195723,956609,48,10666,690,0,3,690.750,0.56
1573303,586969,1182951,35,10476,690,0,3,690.750,0.56
1573303,586969,1003866,46,11000,756,0,5,757.250,0.56
1573303,771982,406926,16,11333,723,0,4,724.000,0.56
1573303,771982,1357790,53,10767,657,0,2,657.500,0.56
1573303,422168,136811,365,11250,756,0,5,757.250,0.56
1573303,422168,1031321,47,10558,723,0,4,724.000,0.56
1573303,143466,1330310,125,10893,690,0,3,690.750,0.56
1573303,1496831,436632,29,11352,723,0,4,724.000,0.56
1573303,143466,1473441,22,11500,723,0,4,724.000,0.56
1573303,1496831,1290956,14,10208,624,0,1,624.250,0.56
1573303,387027,585,203,11226,789,0,6,790.500,0.56
1573303,295560,1035007,24,11018,723,0,4,724.000,0.56
1573577,FAILED,FAILED,FAILED,FAILED,FAILED,FAILED,FAILED,FAILED,FAILED
1575547,349680,994752,101,13875,759,0,4,760.000,0.85
1575547,349680,82674,55,11226,794,0,5,795.250,0.85
1575547,832384,735008,654,11042,724,0,3,724.750,0.85
1575547,832384,1289286,54,10518,689,0,2,689.500,0.85
1575547,885096,1264905,7,10435,689,0,2,689.500,0.85
1575547,885096,138989,55,10791,759,0,4,760.000,0.85
1575547,1255016,1192935,37,11208,759,0,4,760.000,0.85
1575547,1255016,760039,38,10851,724,0,3,724.750,0.85
1575547,1501754,1482396,18,10601,724,0,3,724.750,0.85
1575547,1501754,857838,51,10875,724,0,3,724.750,0.85
1575547,1509458,61773,1147,10934,724,0,3,724.750,0.85
1575547,1509458,369149,51,11292,829,0,6,830.500,0.85
1575547,219522,468287,89,10518,689,0,2,689.500,0.85
1575547,219522,513288,56,11166,759,0,4,760.000,0.85
1575547,1102956,1533744,1024,10560,759,0,4,760.000,0.85
1575547,1102956,908952,48,11125,794,0,5,795.250,0.85
1575547,1342037,645208,65,10559,724,0,3,724.750,0.85
1575547,1342037,875583,47,10667,724,0,3,724.750,0.85
1575547,646386,835891,129,11351,759,0,4,760.000,0.85
1575547,646386,1304750,47,10334,689,0,2,689.500,0.85
1575869,530988,1537704,43,12917,701,0,2,701.500,0.94
1575869,530988,817357,42,12975,613,0,0,613.000,0.94
1575869,1170183,935625,826,11726,759,0,4,760.000,0.94
1575869,1170183,941385,49,11917,721,0,3,721.750,0.94
1575869,1423730,1167785,555,11709,727,0,3,727.750,0.94
1575869,1423730,1181437,56,11810,807,0,4,808.000,0.94
1575869,1236612,446275,253,11583,777,0,4,778.000,0.94
1575869,432242,1268934,40,11352,765,0,4,766.000,0.94
1575869,1236612,142033,4,11352,797,0,5,798.250,0.94
1575869,432242,287549,46,11458,727,0,3,727.750,0.94
1575869,558442,1219610,343,11351,765,0,4,766.000,0.94
1575869,558442,1425155,53,10750,645,0,1,645.250,0.94
1575869,59566,1217523,710,11792,815,0,5,816.250,0.94
1575869,59566,816197,46,10792,695,0,2,695.500,0.94
1575869,348517,1372565,140,20417,777,0,4,778.000,0.94
1575869,348517,39495,84,19976,777,0,4,778.000,0.94
1575869,1086691,1410130,78,11642,803,0,5,804.250,0.94
1575869,1086691,1368831,38,10916,683,0,2,683.500,0.94
1575869,453544,615849,421,10875,707,0,2,707.500,0.94
1575869,453544,219389,39,11250,771,0,4,772.000,0.94
1576889,FAILED,FAILED,FAILED,FAILED,FAILED,FAILED,FAILED,FAILED,FAILED
1583833,FAILED,FAILED,FAILED,FAILED,FAILED,FAILED,FAILED,FAILED,FAILED
1585657,FAILED,FAILED,FAILED,FAILED,FAILED,FAILED,FAILED,FAILED,FAILED
1589633,FAILED,FAILED,FAILED,FAILED,FAILED,FAILED,FAILED,FAILED,FAILED
1590739,943230,87748,470,11268,759,0,4,760.000,0.88
1590739,943230,756574,46,10584,689,0,2,689.500,0.88
1590739,386926,1496047,144,10834,724,0,3,724.750,0.88
1590739,386926,1136826,61,11834,829,0,6,830.500,0.88
1590739,1015910,100584,227,11125,759,0,4,760.000,0.88
1590739,1015910,1140807,49,11458,794,0,5,795.250,0.88
1590739,1461033,519125,115,10875,759,0,4,760.000,0.88
1590739,1461033,532705,50,10417,654,0,1,654.250,0.88
1590739,1489494,119232,196,20058,724,0,3,724.750,0.88
1590739,1489494,1334174,107,20792,794,0,5,795.250,0.88
1590739,1081459,570106,297,10792,689,0,2,689.500,0.88
1590739,998446,830672,25,10917,759,0,4,760.000,0.88
1590739,1081459,422420,27,11100,724,0,3,724.750,0.88
1590739,998446,720229,28,11184,759,0,4,760.000,0.88
1590739,1052353,1511549,464,11167,759,0,4,760.000,0.88
1590739,1052353,466600,61,11417,794,0,5,795.250,0.88
1590739,1188774,18557,1554,20934,794,0,5,795.250,0.88
1590739,968018,377667,50,10834,759,0,4,760.000,0.88
1590739,1188774,1357420,32,19726,724,0,3,724.750,0.88
1590739,968018,1507953,20,10977,724,0,3,724.750,0.88
1593149,1255309,876884,209,11166,789,0,4,790.000,0.48
1593149,1255309,1506026,53,11100,738,0,3,738.750,0.48
1593149,1433904,1585093,133,10976,738,0,3,738.750,0.48
1593149,1433904,1193993,58,11959,795,0,4,796.000,0.48
1593149,1303475,1022669,18,11167,783,0,4,784.000,0.48
1593149,1303475,1542029,42,11059,729,0,2,729.500,0.48
1593149,588378,332796,553,11667,744,0,3,744.750,0.48
1593149,588378,826403,54,12809,783,0,4,784.000,0.48
1593149,653266,127846,137,10292,645,0,0,645.000,0.48
1593149,424219,1550005,32,11625,840,0,5,841.250,0.48
1593149,653266,668467,13,11583,777,0,4,778.000,0.48
1593149,1437693,1480159,20,11084,774,0,3,774.750,0.48
1593149,424219,253114,13,11268,813,0,4,814.000,0.48
1593149,1437693,531431,37,12101,738,0,3,738.750,0.48
1593149,288412,1448411,31,11709,852,0,5,853.250,0.48
1593149,288412,790939,47,11667,795,0,4,796.000,0.48
1593149,1196405,555321,169,11018,717,0,2,717.500,0.48
1593149,1196405,1520163,54,12208,834,0,5,835.250,0.48
1593149,686950,11897,106,11125,744,0,3,744.750,0.48
1593149,673460,1563313,38,11709,750,0,3,750.750,0.48
1593703,1229843,1513816,500,11060,741,0,4,742.000,0.54
1593703,1229843,837064,49,10750,707,0,3,707.750,0.54
1593703,903895,166182,49,10725,673,0,2,673.500,0.54
1593703,903895,1174614,41,10917,741,0,4,742.000,0.54
1593703,538668,1206739,21,10292,673,0,2,673.500,0.54
1593703,538668,1417783,52,11416,775,0,5,776.250,0.54
1593703,423902,876522,341,11893,775,0,5,776.250,0.54
1593703,764920,364481,13,20435,775,0,5,776.250,0.54
1593703,423902,1113716,44,11084,741,0,4,742.000,0.54
1593703,764920,635429,52,19558,707,0,3,707.750,0.54
1593703,820714,1115303,129,11333,741,0,4,742.000,0.54
1593703,820714,973582,61,11810,775,0,5,776.250,0.54
1593703,1029465,1303508,61,11208,741,0,4,742.000,0.54
1593703,1029465,938007,51,10851,707,0,3,707.750,0.54
1593703,1016710,1421964,106,10791,707,0,3,707.750,0.54
1593703,1016710,225787,50,10642,639,0,1,639.250,0.54
1593703,959213,1159690,114,10643,707,0,3,707.750,0.54
1593703,959213,1446184,46,10500,673,0,2,673.500,0.54
1593703,34767,784444,348,20750,775,0,5,776.250,0.54
1593703,34767,1536914,83,18393,639,0,1,639.250,0.54
1597381,1535857,652586,392,10958,747,0,2,747.500,0.45
1597381,1535857,887842,51,11935,837,0,4,838.000,0.45
1597381,321466,191644,84,11334,831,0,4,832.000,0.45
1597381,321466,239779,41,11352,825,0,4,826.000,0.45
1597381,293680,718732,103,11558,801,0,3,801.750,0.45
1597381,293680,837305,53,11375,825,0,4,826.000,0.45
1597381,1426861,1573313,34,11250,807,0,3,807.750,0.45
1597381,1426861,1319512,37,11227,831,0,4,832.000,0.45
1597381,314805,684905,24,11643,837,0,4,838.000,0.45
1597381,66141,538293,36,11084,813,0,3,813.750,0.45
1597381,314805,834262,14,10667,735,0,1,735.250,0.45
1597381,66141,273641,41,11850,855,0,4,856.000,0.45
1597381,552449,1095545,54,11334,849,0,4,850.000,0.45
1597381,552449,1011672,46,11333,831,0,4,832.000,0.45
1597381,1478777,424617,247,11584,855,0,4,856.000,0.45
1597381,1478777,1155189,48,11459,807,0,3,807.750,0.45
1597381,1378905,886580,152,11559,831,0,4,832.000,0.45
1597381,1378905,566736,46,11625,795,0,3,795.750,0.45
1597381,21332,899563,6,11625,831,0,3,831.750,0.45
1597381,406073,67528,29,11375,843,0,4,844.000,0.45
1598273,FAILED,FAILED,FAILED,FAILED,FAILED,FAILED,FAILED,FAILED,FAILED
1600531,640805,1122642,319,11642,741,0,4,742.000,0.86
1600531,640805,761715,47,11167,707,0,3,707.750,0.86
1600531,1073429,310308,205,10583,673,0,2,673.500,0.86
1600531,1073429,1257573,55,11225,741,0,4,742.000,0.86
1600531,1448233,425313,258,11101,741,0,4,742.000,0.86
1600531,1448233,570408,50,11625,741,0,4,742.000,0.86
1600531,652382,879794,302,12208,775,0,5,776.250,0.86
1600531,652382,1501788,52,11684,741,0,4,742.000,0.86
1600531,366071,1218774,913,11893,809,0,6,810.500,0.86
1600531,313896,1150703,3,10934,707,0,3,707.750,0.86
1600531,366071,960293,35,10625,639,0,1,639.250,0.86
1600531,313896,628396,3,11541,741,0,4,742.000,0.86
1600531,1582125,909009,126,10417,673,0,2,673.500,0.86
1600531,935035,525166,25,11458,775,0,5,776.250,0.86
1600531,1582125,1184774,16,10583,673,0,2,673.500,0.86
1600531,935035,1125641,26,11268,707,0,3,707.750,0.86
1600531,914909,1340199,997,11375,809,0,6,810.500,0.86
1600531,914909,1322132,48,10726,707,0,3,707.750,0.86
1600531,1320672,6196,158,10875,707,0,3,707.750,0.86
1600531,1320672,1072745,50,10875,741,0,4,742.000,0.86
1600957,1592956,1312120,154,14392,813,0,4,814.000,0.36
1600957,855935,1457912,17,12458,789,0,4,790.000,0.36
1600957,1592956,437212,32,12584,847,0,5,848.250,0.36
1600957,222266,582501,15,11750,899,0,6,900.500,0.36
1600957,855935,1557447,1,11417,813,0,4,814.000,0.36
1600957,222266,1190269,40,11893,871,0,5,872.250,0.36
1600957,1252954,1039521,6,12018,859,0,5,860.250,0.36
1600957,1252954,350310,57,12000,847,0,5,848.250,0.36
1600957,886098,1423082,19,10708,755,0,3,755.750,0.36
1600957,886098,1440998,45,11350,779,0,3,779.750,0.36
1600957,1344233,1179237,47,21683,825,0,4,826.000,0.36
1600957,986460,270752,2,11666,831,0,4,832.000,0.36
1600957,986460,1464299,48,11416,807,0,4,808.000,0.36
1600957,523973,1514580,16,10726,755,0,3,755.750,0.36
1600957,1344233,1060336,17,21518,807,0,4,808.000,0.36
1600957,523973,1396368,28,11458,767,0,3,767.750,0.36
1600957,1486572,591783,321,11542,773,0,3,773.750,0.36
1600957,1486572,856072,61,11893,865,0,5,866.250,0.36
1600957,1171129,497727,367,11459,773,0,3,773.750,0.36
1600957,1410690,281722,29,11125,773,0,3,773.750,0.36
1601399,946988,542744,113,10791,775,0,3,775.750,0.52
1601399,946988,459693,45,10500,737,0,2,737.500,0.52
1601399,1122228,1498711,692,10209,699,0,1,699.250,0.52
1601399,1122228,299479,45,11102,813,0,4,814.000,0.52
1601399,1040473,705134,113,10767,737,0,2,737.500,0.52
1601399,1040473,42352,45,11334,775,0,3,775.750,0.52
1601399,735892,1329485,176,11834,813,0,4,814.000,0.52
1601399,735892,1416553,46,11142,813,0,4,814.000,0.52
1601399,775064,94835,261,11333,813,0,4,814.000,0.52
1601399,297997,484590,32,10851,813,0,4,814.000,0.52
1601399,775064,515364,15,10917,813,0,4,814.000,0.52
1601399,297997,893320,43,11083,813,0,4,814.000,0.52
1601399,864645,383645,212,10809,775,0,3,775.750,0.52
1601399,864645,752802,37,11250,813,0,4,814.000,0.52
1601399,1535921,1488993,7,11084,813,0,4,814.000,0.52
1601399,1535921,1174398,43,10375,737,0,2,737.500,0.52
1601399,1185101,1570436,14,11517,851,0,5,852.250,0.52
1601399,938272,1018079,10,10809,775,0,3,775.750,0.52
1601399,1185101,1564319,30,11166,775,0,3,775.750,0.52
1601399,888496,1224305,7,11208,889,0,6,890.500,0.52
1601731,350186,1394260,75,13167,741,0,4,742.000,0.66
1601731,350186,1355702,46,13708,741,0,4,742.000,0.66
1601731,464820,1403858,16,13601,707,0,3,707.750,0.66
1601731,464820,1012997,47,11625,707,0,3,707.750,0.66
1601731,1450479,1056366,324,10750,741,0,4,742.000,0.66
1601731,1450479,848919,45,10767,707,0,3,707.750,0.66
1601731,47597,647493,213,11500,775,0,5,776.250,0.66
1601731,47597,1247987,48,11000,707,0,3,707.750,0.66
1601731,839443,751864,245,11209,775,0,5,776.250,0.66
1601731,839443,1040583,43,11143,775,0,5,776.250,0.66
1601731,1208111,5768,461,10667,741,0,4,742.000,0.66
1601731,1208111,399481,48,11250,809,0,6,810.500,0.66
1601731,1237152,71889,179,11309,809,0,6,810.500,0.66
1601731,1237152,943454,47,10875,775,0,5,776.250,0.66
1601731,409328,1563518,615,10625,673,0,2,673.500,0.66
1601731,409328,1116594,44,10684,741,0,4,742.000,0.66
1601731,1353901,444819,63,10333,639,0,1,639.250,0.66
1601731,879662,435317,30,10726,707,0,3,707.750,0.66
1601731,1353901,196024,8,10977,707,0,3,707.750,0.66
1601731,879662,1435315,31,10166,639,0,1,639.250,0.66
1609249,FAILED,FAILED,FAILED,FAILED,FAILED,FAILED,FAILED,FAILED,FAILED
1610107,987786,1063547,176,11725,813,0,5,814.250,0.62
1610107,987786,287029,51,10833,741,0,3,741.750,0.62
1610107,1208368,244776,61,10227,705,0,2,705.500,0.62
1610107,1208368,1022764,46,10375,705,0,2,705.500,0.62
1610107,455205,908267,33,11042,741,0,3,741.750,0.62
1610107,455205,324222,53,11643,813,0,5,814.250,0.62
1610107,455079,1483045,53,10792,741,0,3,741.750,0.62
1610107,455079,528919,40,10750,705,0,2,705.500,0.62
1610107,1554992,492556,121,11375,813,0,5,814.250,0.62
1610107,1554992,653651,51,10625,741,0,3,741.750,0.62
1610107,128871,779575,420,10875,777,0,4,778.000,0.62
1610107,128871,1002152,49,10725,705,0,2,705.500,0.62
1610107,664838,443623,579,11393,813,0,5,814.250,0.62
1610107,664838,1377652,45,11291,813,0,5,814.250,0.62
1610107,692987,957844,206,10334,705,0,2,705.500,0.62
1610107,692987,1259397,49,10893,741,0,3,741.750,0.62
1610107,1443940,310404,243,19726,741,0,3,741.750,0.62
1610107,1443940,1367589,95,20000,777,0,4,778.000,0.62
1610107,701612,1042785,67,21435,813,0,5,814.250,0.62
1610107,725628,1047640,30,11333,813,0,5,814.250,0.62
1610471,1071088,931236,358,10666,689,0,2,689.500,0.75
1610471,1071088,1427278,42,10875,759,0,4,760.000,0.75
1610471,442525,140010,658,10167,619,0,0,619.000,0.75
1610471,442525,753217,48,11000,689,0,2,689.500,0.75
1610471,642380,119373,491,20183,794,0,5,795.250,0.75
1610471,642380,1366149,81,20477,794,0,5,795.250,0.75
1610471,1099875,10958,72,21768,829,0,6,830.500,0.75
1610471,186082,1508252,27,11167,724,0,3,724.750,0.75
1610471,186082,1196624,47,10809,689,0,2,689.500,0.75
1610471,1099875,449377,14,20351,724,0,3,724.750,0.75
1610471,1385758,838992,143,11143,829,0,6,830.500,0.75
1610471,1385758,277543,46,10792,689,0,2,689.500,0.75
1610471,410793,1461211,335,10583,689,0,2,689.500,0.75
1610471,410793,1025779,49,10893,724,0,3,724.750,0.75
1610471,615216,779862,184,10833,759,0,4,760.000,0.75
1610471,615216,648677,48,10875,759,0,4,760.000,0.75
1610471,90417,879711,245,10917,759,0,4,760.000,0.75
1610471,90417,930277,47,11101,794,0,5,795.250,0.75
1610471,1298309,1035588,165,10685,724,0,3,724.750,0.75
1610471,1298309,1403153,43,10500,689,0,2,689.500,0.75
1614289,FAILED,FAILED,FAILED,FAILED,FAILED,FAILED,FAILED,FAILED,FAILED
1619699,1101678,860148,96,13875,851,0,5,852.250,0.62
1619699,1101678,254634,57,12851,699,0,1,699.250,0.62
1619699,1191704,323186,162,11309,813,0,4,814.000,0.62
1619699,1191704,926553,50,10792,813,0,4,814.000,0.62
1619699,666652,962499,352,20375,775,0,3,775.750,0.62
1619699,666652,16786,80,18601,661,0,0,661.000,0.62
1619699,1502663,1120262,38,10459,737,0,2,737.500,0.62
1619699,1502663,97029,50,11352,813,0,4,814.000,0.62
1619699,814845,225444,126,11058,775,0,3,775.750,0.62
1619699,814845,524477,48,11417,813,0,4,814.000,0.62
1619699,1534278,134798,265,11000,775,0,3,775.750,0.62
1619699,1534278,514749,49,11208,813,0,4,814.000,0.62
1619699,1074948,686890,88,10750,775,0,3,775.750,0.62
1619699,1074948,1430820,53,11541,889,0,6,890.500,0.62
1619699,107255,457517,319,10435,699,0,1,699.250,0.62
1619699,107255,578263,42,10458,699,0,1,699.250,0.62
1619699,644431,729313,605,11000,775,0,3,775.750,0.62
1619699,644431,355622,42,11560,851,0,5,852.250,0.62
1619699,1262882,904075,3,10934,813,0,4,814.000,0.62
1619699,1262882,502661,54,11625,889,0,6,890.500,0.62
1622209,FAILED,FAILED,FAILED,FAILED,FAILED,FAILED,FAILED,FAILED,FAILED
1624321,FAILED,FAILED,FAILED,FAILED,FAILED,FAILED,FAILED,FAILED,FAILED
1625329,FAILED,FAILED,FAILED,FAILED,FAILED,FAILED,FAILED,FAILED,FAILED
1626109,1508804,94327,224,11375,735,0,4,736.000,0.56
1626109,1508804,880022,47,11727,723,0,4,724.000,0.56
1626109,212203,1498631,189,11208,747,0,4,748.000,0.56
1626109,212203,1024004,36,10417,615,0,1,615.250,0.56
1626109,1254046,167319,300,10685,639,0,1,639.250,0.56
1626109,1254046,259967,35,11583,789,0,5,790.250,0.56
1626109,1363233,515581,170,11475,783,0,5,784.250,0.56
1626109,1363233,610724,35,11583,729,0,4,730.000,0.56
1626109,1547347,218864,89,11685,801,0,6,802.500,0.56
1626109,1281345,507327,11,11416,759,0,5,760.250,0.56
1626109,1547347,1504639,19,11084,735,0,4,736.000,0.56
1626109,1281345,931175,21,12625,663,0,2,663.500,0.56
1626109,342751,385940,208,11000,729,0,4,730.000,0.56
1626109,342751,457264,41,10459,687,0,3,687.750,0.56
1626109,1231372,279039,121,11101,705,0,3,705.750,0.56
1626109,1231372,1511827,36,11042,735,0,4,736.000,0.56
1626109,1537634,1043989,40,11209,747,0,4,748.000,0.56
1626109,1537634,351417,35,10893,723,0,4,724.000,0.56
1626109,752113,1408047,188,11708,741,0,4,742.000,0.56
1626109,752113,1433812,43,11310,741,0,4,742.000,0.56
1626431,136442,1243015,562,10601,624,0,1,624.250,0.68
1626431,136442,450546,52,11041,690,0,3,690.750,0.68
1626431,824327,1575760,77,11101,723,0,4,724.000,0.68
1626431,824327,1011634,36,10667,723,0,4,724.000,0.68
1626431,672847,121342,11,11250,756,0,5,757.250,0.68
1626431,672847,393017,50,11000,723,0,4,724.000,0.68
1626431,1084003,1400019,291,11517,723,0,4,724.000,0.68
1626431,1084003,592324,40,10583,657,0,2,657.500,0.68
1626431,1389448,1266229,11,10709,723,0,4,724.000,0.68
1626431,745621,36683,18,20851,756,0,5,757.250,0.68
1626431,1389448,1059775,25,10834,723,0,4,724.000,0.68
1626431,745621,594315,72,21268,723,0,4,724.000,0.68
1626431,830666,153464,459,11750,723,0,4,724.000,0.68
1626431,830666,691616,42,10542,657,0,2,657.500,0.68
1626431,269806,538773,130,10500,657,0,2,657.500,0.68
1626431,269806,602617,40,10560,657,0,2,657.500,0.68
1626431,503270,771828,677,10684,657,0,2,657.500,0.68
1626431,1421486,1282830,1,11642,789,0,6,790.500,0.68
1626431,1421486,469161,50,11250,723,0,4,724.000,0.68
1626431,503270,1137301,2,11333,657,0,2,657.500,0.68
1626701,120479,1451440,349,11584,816,0,5,817.250,0.76
1626701,120479,284327,38,11125,738,0,3,738.750,0.76
1626701,857682,859950,483,11375,795,0,4,796.000,0.76
1626701,857682,1458747,48,11292,777,0,4,778.000,0.76
1626701,587231,1589256,79,22392,822,0,5,823.250,0.76
1626701,587231,919563,86,20935,744,0,3,744.750,0.76
1626701,416550,906324,74,11666,822,0,5,823.250,0.76
1626701,387779,235751,5,11875,789,0,4,790.000,0.76
1626701,416550,879019,26,11310,750,0,3,750.750,0.76
1626701,387779,743782,5,11435,693,0,2,693.500,0.76
1626701,469057,120089,222,10667,684,0,1,684.250,0.76
1626701,701626,1106547,37,11810,825,0,4,826.000,0.76
1626701,469057,979942,6,11768,795,0,4,796.000,0.76
1626701,701626,267245,46,11125,789,0,4,790.000,0.76
1626701,874872,692925,641,11875,840,0,5,841.250,0.76
1626701,874872,122730,39,10600,717,0,2,717.500,0.76
1626701,1142361,430182,60,22017,777,0,4,778.000,0.76
1626701,1142361,942666,88,21018,768,0,3,768.750,0.76
1626701,212788,343514,401,21102,801,0,4,802.000,0.76
1626701,212788,287215,81,21267,783,0,4,784.000,0.76
1630927,1504488,1426955,800,10375,654,0,1,654.250,0.99
1630927,1504488,913744,41,11017,724,0,3,724.750,0.99
1630927,1127206,271824,76,11000,794,0,5,795.250,0.99
1630927,1127206,1457652,45,11227,794,0,5,795.250,0.99
1630927,656307,1393949,55,10542,724,0,3,724.750,0.99
1630927,656307,1417861,38,11000,759,0,4,760.000,0.99
1630927,956799,117765,379,10934,759,0,4,760.000,0.99
1630927,956799,25344,38,11291,829,0,6,830.500,0.99
1630927,234195,431683,380,11416,759,0,4,760.000,0.99
1630927,234195,1386887,42,11600,759,0,4,760.000,0.99
1630927,536463,1014056,112,10810,689,0,2,689.500,0.99
1630927,536463,1372821,44,11250,759,0,4,760.000,0.99
1630927,416706,1151443,371,10709,724,0,3,724.750,0.99
1630927,253555,136564,10,11084,794,0,5,795.250,0.99
1630927,416706,1434294,27,10834,759,0,4,760.000,0.99
1630927,253555,1011405,11,11267,724,0,3,724.750,0.99
1630927,653480,1598259,1006,10583,724,0,3,724.750,0.99
1630927,653480,1169613,40,11167,759,0,4,760.000,0.99
1630927,1196538,413347,114,11667,864,0,7,865.750,0.99
1630927,1196538,258350,47,11226,794,0,5,795.250,0.99
1632571,250497,1076702,273,11851,832,0,5,833.250,0.57
1632571,250497,571838,38,10666,721,0,2,721.500,0.57
1632571,519191,1573336,501,11125,758,0,3,758.750,0.57
1632571,519191,474562,31,11351,795,0,4,796.000,0.57
1632571,251286,515055,31,10583,684,0,1,684.250,0.57
1632571,708343,407465,13,11208,795,0,4,796.000,0.57
1632571,251286,33504,22,11458,832,0,5,833.250,0.57
1632571,708343,447950,14,11310,758,0,3,758.750,0.57
1632571,1233708,260089,67,11292,758,0,3,758.750,0.57
1632571,1233708,1077998,31,10808,721,0,2,721.500,0.57
1632571,471922,147029,8,20475,795,0,4,796.000,0.57
1632571,471922,369551,64,18958,721,0,2,721.500,0.57
1632571,73771,1428976,77,11250,758,0,3,758.750,0.57
1632571,73771,829814,40,10500,684,0,1,684.250,0.57
1632571,732191,1584620,147,11166,832,0,5,833.250,0.57
1632571,732191,673512,43,11435,795,0,4,796.000,0.57
1632571,595324,407186,224,10852,758,0,3,758.750,0.57
1632571,595324,877068,46,10791,795,0,4,796.000,0.57
1632571,816608,359160,59,10476,721,0,2,721.500,0.57
1632571,816608,164845,40,10833,758,0,3,758.750,0.57
1634141,624322,137449,264,11208,795,0,3,795.750,0.98
1634141,624322,564864,34,11601,795,0,3,795.750,0.98
1634141,1012584,140516,65,11625,837,0,4,838.000,0.98
1634141,1012584,1466804,40,11768,885,0,5,886.250,0.98
1634141,1005441,118539,152,10791,753,0,2,753.500,0.98
1634141,1005441,1416000,41,11518,933,0,6,934.500,0.98
1634141,1264111,326867,491,11667,807,0,3,807.750,0.98
1634141,1264111,312485,36,11583,825,0,3,825.750,0.98
1634141,70501,491515,511,23500,855,0,4,856.000,0.98
1634141,630750,865232,97,12000,939,0,6,940.500,0.98
1634141,70501,708061,6,34143,837,0,4,838.000,0.98
1634141,630750,1372956,35,12517,891,0,5,892.250,0.98
1634141,1613193,1279815,211,10667,699,0,1,699.250,0.98
1634141,1613193,960136,31,11292,789,0,3,789.750,0.98
1634141,1219865,674401,28,11143,759,0,2,759.500,0.98
1634141,1219865,29369,44,11958,831,0,4,832.000,0.98
1634141,872372,708937,22,11750,873,0,5,874.250,0.98
1634141,872372,1538039,41,11434,843,0,4,844.000,0.98
1634141,1382003,1086174,1031,22143,891,0,5,892.250,0.98
1634141,1382003,813186,75,21018,843,0,4,844.000,0.98
1636049,FAILED,FAILED,FAILED,FAILED,FAILED,FAILED,FAILED,FAILED,FAILED
1637371,1478589,1178514,160,10685,744,0,1,744.250,0.61
1637371,1478589,1184713,33,10959,785,0,2,785.500,0.61
1637371,1604128,1626923,37,11208,867,0,4,868.000,0.61
1637371,1604128,1386541,36,11351,826,0,3,826.750,0.61
1637371,1391149,733800,119,10643,744,0,1,744.250,0.61
1637371,1391149,1315160,31,10667,744,0,1,744.250,0.61
1637371,978291,1542609,26,10959,826,0,3,826.750,0.61
1637371,978291,744644,42,11601,867,0,4,868.000,0.61
1637371,1152386,852723,117,10917,826,0,3,826.750,0.61
1637371,1152386,169366,32,11167,826,0,3,826.750,0.61
1637371,15074,24859,610,10808,826,0,3,826.750,0.61
1637371,15074,1316883,35,10167,703,0,0,703.000,0.61
1637371,819678,543119,59,11060,826,0,3,826.750,0.61
1637371,819678,245223,40,11167,826,0,3,826.750,0.61
1637371,465101,846369,48,11750,867,0,4,868.000,0.61
1637371,465101,1162315,46,11642,867,0,4,868.000,0.61
1637371,967119,1191277,70,11375,908,0,5,909.250,0.61
1637371,967119,1174260,36,11018,826,0,3,826.750,0.61
1637371,1172521,550517,326,11185,908,0,5,909.250,0.61
1637371,1172521,382187,44,11250,908,0,5,909.250,0.61
1639789,855613,1350012,651,19833,684,0,1,684.250,0.96
1639789,855613,427234,86,20393,717,0,2,717.500,0.96
1639789,552792,1207145,470,10833,723,0,2,723.500,0.96
1639789,552792,1013586,42,10916,768,0,3,768.750,0.96
1639789,453570,4463,220,11292,738,0,3,738.750,0.96
1639789,453570,1356472,36,11101,699,0,2,699.500,0.96
1639789,1187505,442314,112,21976,840,0,5,841.250,0.96
1639789,486838,701038,31,10875,738,0,3,738.750,0.96
1639789,486838,574482,36,11000,723,0,2,723.500,0.96
1639789,1187505,997628,2,20541,762,0,3,762.750,0.96
1639789,1127380,1041796,227,11542,777,0,4,778.000,0.96
1639789,1127380,790943,45,11226,807,0,4,808.000,0.96
1639789,291548,1393562,126,11727,822,0,5,823.250,0.96
1639789,291548,986077,38,11000,744,0,3,744.750,0.96
1639789,219597,1410626,1062,11142,765,0,4,766.000,0.96
1639789,219597,919658,43,11333,816,0,5,817.250,0.96
1639789,1043034,977082,120,11667,777,0,4,778.000,0.96
1639789,860319,240991,19,11333,789,0,4,790.000,0.96
1639789,1043034,1030939,27,11684,795,0,4,796.000,0.96
1639789,860319,45294,12,11559,750,0,3,750.750,0.96
1640609,FAILED,FAILED,FAILED,FAILED,FAILED,FAILED,FAILED,FAILED,FAILED
1640633,FAILED,FAILED,FAILED,FAILED,FAILED,FAILED,FAILED,FAILED,FAILED
1641089,FAILED,FAILED,FAILED,FAILED,FAILED,FAILED,FAILED,FAILED,FAILED
1641659,1121331,681383,118,10917,777,0,4,778.000,0.54
1641659,1121331,305905,35,11268,813,0,5,814.250,0.54
1641659,1396905,934976,301,11058,777,0,4,778.000,0.54
1641659,499598,293065,8,10850,777,0,4,778.000,0.54
1641659,1396905,938938,34,11333,777,0,4,778.000,0.54
1641659,499598,281677,5,11417,813,0,5,814.250,0.54
1641659,1106012,1085559,293,10643,705,0,2,705.500,0.54
1641659,1106012,177471,33,11375,777,0,4,778.000,0.54
1641659,1072558,686044,140,10834,741,0,3,741.750,0.54
1641659,1072558,191425,37,11375,849,0,6,850.500,0.54
1641659,550538,1509263,238,10600,741,0,3,741.750,0.54
1641659,550538,924333,36,10334,669,0,1,669.250,0.54
1641659,852621,690812,116,20435,777,0,4,778.000,0.54
1641659,852621,1336979,72,20268,777,0,4,778.000,0.54
1641659,853945,454952,32,11125,813,0,5,814.250,0.54
1641659,853945,1305411,34,10875,741,0,3,741.750,0.54
1641659,169851,1476394,82,10958,777,0,4,778.000,0.54
1641659,169851,832668,51,11875,813,0,5,814.250,0.54
1641659,1098239,526594,75,11291,777,0,4,778.000,0.54
1641659,1098239,1070299,38,10458,705,0,2,705.500,0.54
1641863,357168,1427233,970,11685,809,0,6,810.500,1.26
1641863,203691,1512590,3,20143,741,0,4,742.000,1.26
1641863,357168,285665,33,11333,775,0,5,776.250,1.26
1641863,203691,1613676,39,20458,775,0,5,776.250,1.26
1641863,481271,1039998,1577,10833,707,0,3,707.750,1.26
1641863,481271,519607,35,11333,741,0,4,742.000,1.26
1641863,66141,484041,536,11185,775,0,5,776.250,1.26
1641863,66141,1422766,33,10542,673,0,2,673.500,1.26
1641863,1016558,514659,287,10976,741,0,4,742.000,1.26
1641863,1016558,4298,29,11084,775,0,5,776.250,1.26
1641863,940026,1533408,65,11184,775,0,5,776.250,1.26
1641863,1567306,1404718,27,10167,605,0,0,605.000,1.26
1641863,940026,802596,13,11458,843,0,7,844.750,1.26
1641863,1567306,1296377,28,11292,707,0,3,707.750,1.26
1641863,1254504,1381449,214,19601,707,0,3,707.750,1.26
1641863,1424458,747418,35,10709,673,0,2,673.500,1.26
1641863,1254504,711517,30,18393,639,0,1,639.250,1.26
1641863,1424458,1312501,15,11101,741,0,4,742.000,1.26
1641863,1344754,714297,192,11375,775,0,5,776.250,1.26
1641863,1344754,1145274,43,12227,843,0,7,844.750,1.26
1642517,581364,1359906,226,11792,790,0,5,791.250,0.99
1642517,581364,1493064,40,11559,747,0,4,748.000,0.99
1642517,932021,1280823,117,11893,766,0,5,767.250,0.99
1642517,932021,1017664,32,11083,673,0,2,673.500,0.99
1642517,646183,1232901,36,11375,741,0,4,742.000,0.99
1642517,646183,1134743,36,11893,802,0,5,803.250,0.99
1642517,573782,690585,387,11708,852,0,7,853.750,0.99
1642517,573782,68473,43,11309,753,0,4,754.000,0.99
1642517,1327532,877835,174,11167,741,0,4,742.000,0.99
1642517,1327532,772355,43,12434,784,0,5,785.250,0.99
1642517,1074409,796026,1049,11041,673,0,2,673.500,0.99
1642517,1074409,1135060,40,11642,735,0,4,736.000,0.99
1642517,14250,1350042,405,11602,753,0,4,754.000,0.99
1642517,1634194,451525,19,11268,728,0,3,728.750,0.99
1642517,14250,835580,9,10958,716,0,3,716.750,0.99
1642517,1634194,1491857,27,11916,722,0,3,722.750,0.99
1642517,495249,876460,591,11143,704,0,3,704.750,0.99
1642517,756619,807734,28,12167,802,0,5,803.250,0.99
1642517,495249,659804,6,12041,814,0,5,815.250,0.99
1642517,756619,1109990,23,12166,741,0,4,742.000,0.99
1643959,276821,1271156,52,11767,885,0,7,886.750,1.02
1643959,276821,1192487,37,10708,705,0,2,705.500,1.02
1643959,860320,304614,147,11101,741,0,3,741.750,1.02
1643959,860320,1387064,31,11208,813,0,5,814.250,1.02
1643959,1229193,1108312,156,11060,777,0,4,778.000,1.02
1643959,1229193,1019741,34,11167,741,0,3,741.750,1.02
1643959,410921,718137,1167,11083,813,0,5,814.250,1.02
1643959,410921,778288,41,11625,849,0,6,850.500,1.02
1643959,148194,1041064,98,11417,813,0,5,814.250,1.02
1643959,148194,1586314,31,10850,777,0,4,778.000,1.02
1643959,831130,501365,338,11268,741,0,3,741.750,1.02
1643959,1446533,114576,16,10643,705,0,2,705.500,1.02
1643959,831130,1217277,19,12500,849,0,6,850.500,1.02
1643959,1446533,1267490,12,10500,633,0,0,633.000,1.02
1643959,521959,1267826,533,20352,705,0,2,705.500,1.02
1643959,521959,355787,67,19559,705,0,2,705.500,1.02
1643959,906733,1358238,346,10500,741,0,3,741.750,1.02
1643959,1327121,458934,23,10892,777,0,4,778.000,1.02
1643959,906733,374021,16,10684,741,0,3,741.750,1.02
1643959,1327121,322463,20,11375,813,0,5,814.250,1.02
1645543,1079830,789584,152,11518,832,0,5,833.250,1.23
1645543,1079830,1435077,38,10958,795,0,4,796.000,1.23
1645543,113200,1221233,51,10893,795,0,4,796.000,1.23
1645543,113200,1015067,32,11292,721,0,2,721.500,1.23
1645543,862867,96416,1086,11625,758,0,3,758.750,1.23
1645543,542709,1523769,8,11042,758,0,3,758.750,1.23
1645543,862867,249114,27,10267,721,0,2,721.500,1.23
1645543,542709,866086,10,11517,832,0,5,833.250,1.23
1645543,1016622,1284892,186,21667,869,0,6,870.500,1.23
1645543,1016622,976453,99,21476,832,0,5,833.250,1.23
1645543,243820,1346685,1729,11309,795,0,4,796.000,1.23
1645543,822224,1422675,18,11352,832,0,5,833.250,1.23
1645543,243820,1626835,21,11334,684,0,1,684.250,1.23
1645543,822224,73251,21,10583,758,0,3,758.750,1.23
1645543,860465,390424,71,11517,758,0,3,758.750,1.23
1645543,860465,1304925,50,12417,832,0,5,833.250,1.23
1645543,722248,1085398,740,11018,758,0,3,758.750,1.23
1645543,722248,1066212,43,10500,684,0,1,684.250,1.23
1645543,205738,956359,264,11375,832,0,5,833.250,1.23
1645543,205738,1567291,40,10975,758,0,3,758.750,1.23
1650167,237650,396210,70,14727,889,0,6,890.500,0.64
1650167,237650,352598,34,11667,813,0,4,814.000,0.64
1650167,762834,459051,13,11208,813,0,4,814.000,0.64
1650167,762834,1549980,32,10642,737,0,2,737.500,0.64
1650167,1230475,1231539,32,11083,813,0,4,814.000,0.64
1650167,1230475,1120230,49,12333,851,0,5,852.250,0.64
1650167,62022,650002,202,11500,889,0,6,890.500,0.64
1650167,62022,331251,46,10666,737,0,2,737.500,0.64
1650167,427739,560525,288,10559,737,0,2,737.500,0.64
1650167,427739,141899,99,25976,813,0,4,814.000,0.64
1650167,14660,577449,141,10850,737,0,2,737.500,0.64
1650167,14660,696368,37,10833,737,0,2,737.500,0.64
1650167,238459,388285,441,11101,813,0,4,814.000,0.64
1650167,238459,1613216,45,10958,775,0,3,775.750,0.64
1650167,1544492,1267872,69,10558,737,0,2,737.500,0.64
1650167,1544492,1549216,43,11375,889,0,6,890.500,0.64
1650167,696696,1051957,261,10958,737,0,2,737.500,0.64
1650167,696696,735299,41,11416,775,0,3,775.750,0.64
1650167,1279911,265611,244,20667,813,0,4,814.000,0.64
1650167,296726,1039698,57,11976,851,0,5,852.250,0.64
1650743,310183,1318008,50,12977,707,0,3,707.750,0.38
1650743,310183,953007,48,13709,741,0,4,742.000,0.38
1650743,164225,113002,239,10625,673,0,2,673.500,0.38
1650743,164225,163061,39,10500,673,0,2,673.500,0.38
1650743,839597,1128053,18,11417,741,0,4,742.000,0.38
1650743,839597,1023689,47,10768,639,0,1,639.250,0.38
1650743,1477169,485366,35,20393,775,0,5,776.250,0.38
1650743,1477169,70041,83,18017,605,0,0,605.000,0.38
1650743,222858,77456,57,11250,775,0,5,776.250,0.38
1650743,222858,1648225,48,11018,741,0,4,742.000,0.38
1650743,31431,1028007,49,10875,741,0,4,742.000,0.38
1650743,31431,1152771,45,11542,707,0,3,707.750,0.38
1650743,1388725,1239864,70,10725,673,0,2,673.500,0.38
1650743,1388725,1301898,49,11250,741,0,4,742.000,0.38
1650743,301583,1434684,32,10917,673,0,2,673.500,0.38
1650743,665623,881731,10,19018,673,0,2,673.500,0.38
1650743,301583,104162,34,11393,741,0,4,742.000,0.38
1650743,665623,1300700,45,19708,707,0,3,707.750,0.38
1650743,38946,104250,245,10791,707,0,3,707.750,0.38
1650743,38946,395110,46,10958,707,0,3,707.750,0.38
1652377,FAILED,FAILED,FAILED,FAILED,FAILED,FAILED,FAILED,FAILED,FAILED
1653181,679444,825369,296,11333,755,0,3,755.750,1.32
1653181,679444,688029,42,11625,801,0,4,802.000,1.32
1653181,295244,998918,555,11309,783,0,4,784.000,1.32
1653181,295244,166838,39,11250,749,0,3,749.750,1.32
1653181,329371,51433,166,11250,767,0,3,767.750,1.32
1653181,329371,9349,39,11417,779,0,3,779.750,1.32
1653181,1348689,1320124,851,11959,859,0,5,860.250,1.32
1653181,1348689,523660,50,11476,813,0,4,814.000,1.32
1653181,801865,1511931,1320,11850,841,0,5,842.250,1.32
1653181,801865,822172,52,12291,819,0,4,820.000,1.32
1653181,4824,1408467,252,11917,881,0,6,882.500,1.32
1653181,4824,1189166,45,11017,709,0,2,709.500,1.32
1653181,229004,72262,339,11083,727,0,2,727.500,1.32
1653181,538845,848123,28,11834,749,0,3,749.750,1.32
1653181,229004,626487,9,10518,681,0,1,681.250,1.32
1653181,538845,908344,26,11310,715,0,2,715.500,1.32
1653181,85943,493279,818,12375,749,0,3,749.750,1.32
1653181,85943,346272,54,12351,795,0,4,796.000,1.32
1653181,1266754,352901,223,11292,773,0,3,773.750,1.32
1653181,1266754,367419,45,11309,807,0,4,808.000,1.32
1653689,FAILED,FAILED,FAILED,FAILED,FAILED,FAILED,FAILED,FAILED,FAILED
1654111,84973,162784,145,11684,777,0,4,778.000,0.77
1654111,84973,930286,46,10916,777,0,4,778.000,0.77
1654111,6311,1593116,103,10684,705,0,2,705.500,0.77
1654111,6311,759519,43,10583,705,0,2,705.500,0.77
1654111,1504726,493756,86,21435,849,0,6,850.500,0.77
1654111,1504726,193036,92,20250,777,0,4,778.000,0.77
1654111,793702,987646,299,11184,777,0,4,778.000,0.77
1654111,793702,1238212,46,11209,777,0,4,778.000,0.77
1654111,287860,658793,317,10959,777,0,4,778.000,0.77
1654111,287860,1183007,54,11351,849,0,6,850.500,0.77
1654111,552849,437700,524,11017,777,0,4,778.000,0.77
1654111,552849,1616109,43,11625,813,0,5,814.250,0.77
1654111,128785,1448781,533,10500,705,0,2,705.500,0.77
1654111,128785,950001,32,11184,741,0,3,741.750,0.77
1654111,1071696,451990,385,10643,705,0,2,705.500,0.77
1654111,1071696,75756,47,10750,741,0,3,741.750,0.77
1654111,885700,92396,21,10542,705,0,2,705.500,0.77
1654111,885700,1426147,44,11309,813,0,5,814.250,0.77
1654111,31161,927915,7,10809,705,0,2,705.500,0.77
1654111,31161,763393,43,10917,741,0,3,741.750,0.77
1654663,293643,1403943,254,11809,795,0,4,796.000,0.67
1654663,293643,1568220,65,19500,758,0,3,758.750,0.67
1654663,1049882,154381,72,11000,795,0,4,796.000,0.67
1654663,1049882,1190363,34,11476,832,0,5,833.250,0.67
1654663,368437,78923,48,58827,832,0,5,833.250,0.67
1654663,368437,1575469,74,20226,795,0,4,796.000,0.67
1654663,1110557,611856,342,10458,721,0,2,721.500,0.67
1654663,1110557,1259908,44,11100,795,0,4,796.000,0.67
1654663,1390365,923760,310,11125,795,0,4,796.000,0.67
1654663,1390365,885471,45,11209,832,0,5,833.250,0.67
1654663,960744,943811,104,10583,721,0,2,721.500,0.67
1654663,960744,1540238,38,11101,832,0,5,833.250,0.67
1654663,1494118,1414678,33,11310,832,0,5,833.250,0.67
1654663,1494118,1362994,50,11000,758,0,3,758.750,0.67
1654663,475980,737989,13,10500,721,0,2,721.500,0.67
1654663,475980,283088,41,10309,684,0,1,684.250,0.67
1654663,1052940,1020960,606,10583,721,0,2,721.500,0.67
1654663,1052940,1084369,40,10892,721,0,2,721.500,0.67
1654663,489230,1236587,165,11000,795,0,4,796.000,0.67
1654663,489230,817400,49,10958,758,0,3,758.750,0.67
1655947,262296,76445,319,10959,741,0,4,742.000,0.73
1655947,262296,1097674,47,11601,775,0,5,776.250,0.73
1655947,1022711,207006,196,11417,809,0,6,810.500,0.73
1655947,1022711,51637,42,10434,707,0,3,707.750,0.73
1655947,790973,462546,418,11267,775,0,5,776.250,0.73
1655947,790973,586100,44,10875,741,0,4,742.000,0.73
1655947,975752,686077,262,11166,707,0,3,707.750,0.73
1655947,975752,1199301,38,10458,639,0,1,639.250,0.73
1655947,629227,1166379,679,10583,673,0,2,673.500,0.73
1655947,629227,1130373,45,10935,741,0,4,742.000,0.73
1655947,534933,1498359,437,10893,707,0,3,707.750,0.73
1655947,924991,1484931,30,20268,741,0,4,742.000,0.73
1655947,534933,460679,14,10958,741,0,4,742.000,0.73
1655947,924991,1283736,68,19476,673,0,2,673.500,0.73
1655947,484568,129032,72,19709,741,0,4,742.000,0.73
1655947,1113646,420009,50,11101,741,0,4,742.000,0.73
1655947,484568,1307498,22,19351,741,0,4,742.000,0.73
1655947,1113646,340196,18,10875,775,0,5,776.250,0.73
1655947,1346259,937093,71,11000,707,0,3,707.750,0.73
1655947,1346259,547382,47,10792,639,0,1,639.250,0.73
1657939,412252,1445671,363,11417,794,0,5,795.250,0.70
1657939,1528394,1395197,37,11291,794,0,5,795.250,0.70
1657939,412252,460590,1,11083,759,0,4,760.000,0.70
1657939,1528394,908329,33,10518,689,0,2,689.500,0.70
1657939,1420871,461725,416,11517,759,0,4,760.000,0.70
1657939,1420871,1069643,53,12041,829,0,6,830.500,0.70
1657939,187126,239959,180,12476,794,0,5,795.250,0.70
1657939,207055,711109,27,10977,759,0,4,760.000,0.70
1657939,187126,1486482,20,11458,794,0,5,795.250,0.70
1657939,207055,438104,26,11083,759,0,4,760.000,0.70
1657939,1248556,1581677,108,11334,794,0,5,795.250,0.70
1657939,1127662,375217,31,11584,794,0,5,795.250,0.70
1657939,1248556,1271726,16,11041,724,0,3,724.750,0.70
1657939,1127662,1228644,23,10791,724,0,3,724.750,0.70
1657939,1419099,619115,591,11267,794,0,5,795.250,0.70
1657939,1419099,315444,43,10750,724,0,3,724.750,0.70
1657939,1044133,1187639,259,11000,759,0,4,760.000,0.70
1657939,1044133,754371,48,11333,829,0,6,830.500,0.70
1657939,1173888,733641,324,20726,794,0,5,795.250,0.70
1657939,922837,1599886,57,11500,794,0,5,795.250,0.70
1658309,809681,663037,113,13833,749,0,2,749.500,0.46
1658309,809681,690796,55,14018,813,0,4,814.000,0.46
1658309,1048811,637496,164,11375,784,0,3,784.750,0.46
1658309,1048811,447186,39,10976,755,0,2,755.500,0.46
1658309,194118,62122,10,11518,837,0,4,838.000,0.46
1658309,194118,1113597,42,10750,767,0,2,767.500,0.46
1658309,781905,883812,49,20250,755,0,2,755.500,0.46
1658309,1142373,1070512,28,11226,761,0,2,761.500,0.46
1658309,1142373,821823,40,11958,825,0,4,826.000,0.46
1658309,781905,1262546,9,22268,913,0,6,914.500,0.46
1658309,480973,164044,339,11850,849,0,4,850.000,0.46
1658309,480973,831080,42,12041,866,0,5,867.250,0.46
1658309,1257103,1358112,149,11334,743,0,2,743.500,0.46
1658309,1257103,855539,50,11351,784,0,3,784.750,0.46
1658309,534768,1622057,227,11268,813,0,4,814.000,0.46
1658309,1528182,445166,37,26809,837,0,4,838.000,0.46
1658309,534768,1219707,15,12000,860,0,5,861.250,0.46
1658309,332956,84696,78,10809,749,0,2,749.500,0.46
1658309,1528182,37380,20,27975,807,0,4,808.000,0.46
1658309,332956,426245,32,11667,784,0,3,784.750,0.46
1660889,FAILED,FAILED,FAILED,FAILED,FAILED,FAILED,FAILED,FAILED,FAILED
1665173,1205617,710322,375,11250,743,0,3,743.750,0.67
1665173,1205617,1011050,41,11142,773,0,3,773.750,0.67
1665173,651057,234371,786,11625,807,0,4,808.000,0.67
1665173,651057,456316,44,12142,857,0,6,858.500,0.67
1665173,498190,1229500,29,11934,847,0,5,848.250,0.67
1665173,498190,1157002,50,11375,779,0,3,779.750,0.67
1665173,1235413,23789,590,11541,807,0,4,808.000,0.67
1665173,876389,409185,23,11726,837,0,4,838.000,0.67
1665173,1235413,1639620,20,12100,899,0,6,900.500,0.67
1665173,876389,1152324,29,11959,825,0,4,826.000,0.67
1665173,115522,703708,1,11500,801,0,4,802.000,0.67
1665173,1203918,1163773,2,11375,749,0,3,749.750,0.67
1665173,115522,1050894,41,11583,755,0,3,755.750,0.67
1665173,1203918,1265804,5,11625,807,0,4,808.000,0.67
1665173,1219500,351550,181,10975,745,0,2,745.500,0.67
1665173,1219500,796816,45,11208,779,0,3,779.750,0.67
1665173,1431850,350253,73,11060,785,0,3,785.750,0.67
1665173,1431850,1384207,45,11750,801,0,4,802.000,0.67
1665173,829747,186173,113,11459,807,0,4,808.000,0.67
1665173,829747,278811,55,11167,739,0,2,739.500,0.67
1667473,FAILED,FAILED,FAILED,FAILED,FAILED,FAILED,FAILED,FAILED,FAILED
1667663,322087,715716,198,10808,724,0,3,724.750,0.77
1667663,322087,591062,47,10583,724,0,3,724.750,0.77
1667663,1276098,233631,382,11042,759,0,4,760.000,0.77
1667663,1276098,1266481,44,10917,794,0,5,795.250,0.77
1667663,148312,1434945,88,10959,724,0,3,724.750,0.77
1667663,148312,221216,37,10933,724,0,3,724.750,0.77
1667663,402832,799373,583,10893,759,0,4,760.000,0.77
1667663,402832,354770,44,10666,689,0,2,689.500,0.77
1667663,524670,1349363,44,11208,759,0,4,760.000,0.77
1667663,524670,848044,53,10558,724,0,3,724.750,0.77
1667663,1176017,665141,385,10541,689,0,2,689.500,0.77
1667663,1176017,35439,45,10976,794,0,5,795.250,0.77
1667663,524040,1408264,78,11000,724,0,3,724.750,0.77
1667663,524040,261178,56,11977,794,0,5,795.250,0.77
1667663,1111520,1224853,151,20309,724,0,3,724.750,0.77
1667663,1111520,935616,110,21125,759,0,4,760.000,0.77
1667663,796393,1451649,204,21933,794,0,5,795.250,0.77
1667663,796393,186308,99,20352,724,0,3,724.750,0.77
1667663,1447669,345496,317,11143,794,0,5,795.250,0.77
1667663,1447669,1172665,42,10708,724,0,3,724.750,0.77
1668299,1061125,1330797,48,11375,795,0,4,796.000,0.65
1668299,1061125,499365,39,10958,758,0,3,758.750,0.65
1668299,490897,1134253,407,11435,832,0,5,833.250,0.65
1668299,490897,1275680,38,10542,758,0,3,758.750,0.65
1668299,1634579,1486150,351,10976,795,0,4,796.000,0.65
1668299,672044,816395,25,11959,869,0,6,870.500,0.65
1668299,1634579,1625531,14,11292,832,0,5,833.250,0.65
1668299,672044,1436252,26,11375,795,0,4,796.000,0.65
1668299,236031,969803,457,10893,758,0,3,758.750,0.65
1668299,236031,762955,41,10750,721,0,2,721.500,0.65
1668299,1572385,737539,355,25850,721,0,2,721.500,0.65
1668299,1572385,745715,38,11434,795,0,4,796.000,0.65
1668299,1458190,795363,144,20684,795,0,4,796.000,0.65
1668299,1511594,1427510,81,11101,795,0,4,796.000,0.65
1668299,1458190,954927,2,21017,832,0,5,833.250,0.65
1668299,1511594,545555,42,11000,758,0,3,758.750,0.65
1668299,913492,810604,210,11933,906,0,7,907.750,0.65
1668299,913492,620623,46,11667,869,0,6,870.500,0.65
1668299,43512,877531,9,20976,758,0,3,758.750,0.65
1668299,945084,52618,27,10792,758,0,3,758.750,0.65
1668379,437369,558320,229,11642,832,0,5,833.250,0.61
1668379,1574167,326631,7,11434,869,0,6,870.500,0.61
1668379,437369,571847,33,11709,795,0,4,796.000,0.61
1668379,1574167,1187724,6,10708,721,0,2,721.500,0.61
1668379,445127,1170722,28,21458,832,0,5,833.250,0.61
1668379,445127,372440,89,20185,795,0,4,796.000,0.61
1668379,720334,288117,65,19933,721,0,2,721.500,0.61
1668379,84023,990014,31,11350,832,0,5,833.250,0.61
1668379,84023,93509,44,11333,795,0,4,796.000,0.61
1668379,720334,1278365,5,20375,758,0,3,758.750,0.61
1668379,141872,900129,385,11500,795,0,4,796.000,0.61
1668379,141872,1347463,58,11976,758,0,3,758.750,0.61
1668379,96730,979570,352,10767,758,0,3,758.750,0.61
1668379,96730,1528230,46,11417,758,0,3,758.750,0.61
1668379,1539950,276748,109,11477,795,0,4,796.000,0.61
1668379,1539950,1530519,49,12834,832,0,5,833.250,0.61
1668379,344287,1474906,436,10333,684,0,1,684.250,0.61
1668379,344287,267173,35,10725,758,0,3,758.750,0.61
1668379,1182004,74491,202,11000,795,0,4,796.000,0.61
1668379,1182004,925477,44,11434,795,0,4,796.000,0.61
1668983,1015723,324606,172,11042,831,0,4,832.000,0.49
1668983,1015723,485288,46,10851,792,0,3,792.750,0.49
1668983,913379,1126468,299,19976,753,0,2,753.500,0.49
1668983,913379,963724,88,20392,792,0,3,792.750,0.49
1668983,744424,1661087,60,10750,714,0,1,714.250,0.49
1668983,744424,233740,42,10684,753,0,2,753.500,0.49
1668983,155692,1552082,98,10750,792,0,3,792.750,0.49
1668983,155692,1391250,57,11768,870,0,5,871.250,0.49
1668983,275987,1160157,230,11334,831,0,4,832.000,0.49
1668983,215994,1365290,1,11458,792,0,3,792.750,0.49
1668983,275987,52475,35,10727,792,0,3,792.750,0.49
1668983,215994,1031025,3,10560,714,0,1,714.250,0.49
1668983,923685,666146,30,10959,753,0,2,753.500,0.49
1668983,923685,780857,46,10625,714,0,1,714.250,0.49
1668983,628617,427445,76,10809,753,0,2,753.500,0.49
1668983,628617,1562980,49,11458,831,0,4,832.000,0.49
1668983,1205660,719702,213,10768,792,0,3,792.750,0.49
1668983,1205660,273513,50,11292,792,0,3,792.750,0.49
1668983,1277720,1608040,165,11000,753,0,2,753.500,0.49
1668983,1277720,885511,43,11559,870,0,5,871.250,0.49
1669541,1635917,995915,297,12101,939,0,6,940.500,0.85
1669541,1635917,15147,39,11291,783,0,3,783.750,0.85
1669541,1656897,639887,353,10875,753,0,2,753.500,0.85
1669541,970029,771269,10,11208,759,0,2,759.500,0.85
1669541,1656897,1260871,33,11602,897,0,5,898.250,0.85
1669541,970029,223156,6,11184,759,0,2,759.500,0.85
1669541,1207655,1378911,366,11643,885,0,5,886.250,0.85
1669541,1207655,1137688,47,11500,801,0,3,801.750,0.85
1669541,858586,1131518,184,11709,837,0,4,838.000,0.85
1669541,858586,408219,47,11559,909,0,5,910.250,0.85
1669541,1142938,993756,231,11768,873,0,5,874.250,0.85
1669541,1142938,1266387,48,11417,807,0,3,807.750,0.85
1669541,1479398,1606564,173,11851,807,0,3,807.750,0.85
1669541,1479398,1600559,47,11958,849,0,4,850.000,0.85
1669541,1410414,1015876,54,11875,837,0,4,838.000,0.85
1669541,1410414,1085184,43,11476,813,0,3,813.750,0.85
1669541,1162681,736978,1087,19667,759,0,2,759.500,0.85
1669541,131020,322829,32,11309,819,0,4,820.000,0.85
1669541,1162681,867136,36,20560,813,0,3,813.750,0.85
1669541,131020,762546,2,11750,783,0,3,783.750,0.85
1671311,1475828,1465730,364,10750,705,0,4,706.000,0.50
1671311,1664081,370627,39,11125,737,0,5,738.250,0.50
1671311,1475828,1344037,3,11000,705,0,4,706.000,0.50
1671311,1664081,1205891,39,10643,673,0,3,673.750,0.50
1671311,1499299,223859,118,10542,641,0,2,641.500,0.50
1671311,1499299,1122191,36,10726,673,0,3,673.750,0.50
1671311,278248,940781,253,11018,737,0,5,738.250,0.50
1671311,278248,184953,45,10875,673,0,3,673.750,0.50
1671311,1094348,1298629,390,19934,705,0,4,706.000,0.50
1671311,1094348,1296617,88,20334,737,0,5,738.250,0.50
1671311,1369881,647112,33,11268,801,0,7,802.750,0.50
1671311,1369881,357890,45,10834,673,0,3,673.750,0.50
1671311,301237,267796,35,11250,737,0,5,738.250,0.50
1671311,301237,799615,42,11351,737,0,5,738.250,0.50
1671311,957769,270423,18,10852,705,0,4,706.000,0.50
1671311,957769,617936,45,10042,577,0,0,577.000,0.50
1671311,661430,303667,33,10792,705,0,4,706.000,0.50
1671311,661430,848129,39,10975,673,0,3,673.750,0.50
1671311,935182,199858,161,11143,737,0,5,738.250,0.50
1671311,935182,1484841,50,11125,705,0,4,706.000,0.50
1676879,291496,1455558,154,10768,724,0,3,724.750,0.58
1676879,291496,1674493,43,10666,724,0,3,724.750,0.58
1676879,1193142,1405145,355,10958,759,0,4,760.000,0.58
1676879,1193142,1038176,41,10767,689,0,2,689.500,0.58
1676879,831413,1544716,98,11018,724,0,3,724.750,0.58
1676879,831413,861910,44,11250,724,0,3,724.750,0.58
1676879,1622188,1224246,4,11083,794,0,5,795.250,0.58
1676879,1622188,973673,48,11708,794,0,5,795.250,0.58
1676879,476288,893990,138,10709,724,0,3,724.750,0.58
1676879,476288,865157,49,11518,864,0,7,865.750,0.58
1676879,830754,453876,418,11708,794,0,5,795.250,0.58
1676879,830754,278578,40,11042,759,0,4,760.000,0.58
1676879,1417719,1413585,250,10584,689,0,2,689.500,0.58
1676879,1417719,1289376,38,10709,689,0,2,689.500,0.58
1676879,54902,143277,322,11226,759,0,4,760.000,0.58
1676879,54902,813942,38,10667,654,0,1,654.250,0.58
1676879,908805,1283228,47,20375,759,0,4,760.000,0.58
1676879,1375800,1169991,57,11767,794,0,5,795.250,0.58
1676879,908805,672663,20,19183,689,0,2,689.500,0.58
1676879,54869,1565879,10,10750,689,0,2,689.500,0.58
1680407,330764,1179109,17,14184,741,0,4,742.000,0.89
1680407,330764,796082,44,13750,809,0,6,810.500,0.89
1680407,1347951,1239772,490,10809,673,0,2,673.500,0.89
1680407,1347951,96970,41,11042,707,0,3,707.750,0.89
1680407,412331,371561,64,11542,775,0,5,776.250,0.89
1680407,412331,318440,41,10976,673,0,2,673.500,0.89
1680407,461641,70705,77,11060,741,0,4,742.000,0.89
1680407,461641,1055697,48,11500,707,0,3,707.750,0.89
1680407,1285445,1536719,105,10768,707,0,3,707.750,0.89
1680407,1285445,1062035,50,11833,809,0,6,810.500,0.89
1680407,1459355,479894,439,12708,809,0,6,810.500,0.89
1680407,1459355,581175,51,11560,741,0,4,742.000,0.89
1680407,1350890,1202784,179,10916,741,0,4,742.000,0.89
1680407,944323,1370182,28,10875,741,0,4,742.000,0.89
1680407,1350890,1474250,6,10500,673,0,2,673.500,0.89
1680407,944323,1333516,42,11059,741,0,4,742.000,0.89
1680407,76375,543130,57,20542,741,0,4,742.000,0.89
1680407,76375,903271,80,19685,707,0,3,707.750,0.89
1680407,1333684,335790,1465,11042,741,0,4,742.000,0.89
1680407,1333684,1445836,43,10768,673,0,2,673.500,0.89
1687757,437758,610083,439,10666,666,0,1,666.250,0.83
1687757,437758,228437,43,11352,795,0,4,796.000,0.83
1687757,771899,181896,992,11767,846,0,5,847.250,0.83
1687757,771899,626837,47,11875,834,0,5,835.250,0.83
1687757,1152605,1061238,5,11291,795,0,4,796.000,0.83
1687757,1152605,623296,45,11292,795,0,4,796.000,0.83
1687757,49115,564430,281,11268,744,0,3,744.750,0.83
1687757,1672830,1134495,2,11602,819,0,4,820.000,0.83
1687757,49115,788072,41,11125,756,0,3,756.750,0.83
1687757,1672830,1063165,4,10917,750,0,3,750.750,0.83
1687757,1518111,148069,156,11583,816,0,5,817.250,0.83
1687757,1455285,274923,23,11392,717,0,2,717.500,0.83
1687757,1518111,398267,16,11600,789,0,4,790.000,0.83
1687757,1455285,277881,28,11958,789,0,4,790.000,0.83
1687757,720677,1627211,519,12041,783,0,4,784.000,0.83
1687757,720677,1546396,40,12059,822,0,5,823.250,0.83
1687757,1202124,95683,44,10958,699,0,2,699.500,0.83
1687757,1202124,214118,51,10958,711,0,2,711.500,0.83
1687757,726867,404491,253,11042,744,0,3,744.750,0.83
1687757,726867,393208,42,11018,762,0,3,762.750,0.83
1689713,FAILED,FAILED,FAILED,FAILED,FAILED,FAILED,FAILED,FAILED,FAILED
1690153,FAILED,FAILED,FAILED,FAILED,FAILED,FAILED,FAILED,FAILED,FAILED
1691119,1387802,845177,648,21434,851,0,5,852.250,0.56
1691119,1387802,1532277,82,20917,851,0,5,852.250,0.56
1691119,137417,1570090,121,11875,889,0,6,890.500,0.56
1691119,78076,1368163,38,11226,775,0,3,775.750,0.56
1691119,137417,73036,7,11727,813,0,4,814.000,0.56
1691119,78076,151787,36,11917,889,0,6,890.500,0.56
1691119,697550,27372,12,11208,851,0,5,852.250,0.56
1691119,697550,613211,33,11267,775,0,3,775.750,0.56
1691119,1315744,204276,174,11667,851,0,5,852.250,0.56
1691119,1315744,325186,40,11125,775,0,3,775.750,0.56
1691119,1584890,266254,33,11642,813,0,4,814.000,0.56
1691119,1584890,40534,50,11625,813,0,4,814.000,0.56
1691119,119743,768261,357,11101,737,0,2,737.500,0.56
1691119,119743,452237,45,11208,775,0,3,775.750,0.56
1691119,1328089,235806,33,11060,775,0,3,775.750,0.56
1691119,1328089,269848,41,10792,813,0,4,814.000,0.56
1691119,105942,292262,135,11083,775,0,3,775.750,0.56
1691119,105942,1555691,43,10833,737,0,2,737.500,0.56
1691119,799413,105349,32,10893,775,0,3,775.750,0.56
1691119,1110051,1068911,15,21976,851,0,5,852.250,0.56
1695233,FAILED,FAILED,FAILED,FAILED,FAILED,FAILED,FAILED,FAILED,FAILED
1696333,725360,1445690,1011,11125,733,0,2,733.500,1.25
1696333,725360,834680,41,11167,761,0,3,761.750,1.25
1696333,1219830,1048482,184,11584,795,0,4,796.000,1.25
1696333,1219830,64404,38,10709,687,0,1,687.250,1.25
1696333,951645,33143,903,11810,795,0,4,796.000,1.25
1696333,951645,751492,46,11375,813,0,4,814.000,1.25
1696333,926833,289596,39,22125,801,0,4,802.000,1.25
1696333,926833,154454,95,21685,819,0,4,820.000,1.25
1696333,986624,1553447,427,11060,761,0,3,761.750,1.25
1696333,986624,297253,42,10959,721,0,2,721.500,1.25
1696333,722333,912946,76,10892,733,0,2,733.500,1.25
1696333,722333,843561,43,11125,687,0,1,687.250,1.25
1696333,898026,983242,979,11625,829,0,5,830.250,1.25
1696333,898026,348889,38,11167,755,0,3,755.750,1.25
1696333,134650,1130951,171,11684,847,0,5,848.250,1.25
1696333,134650,1098900,45,10958,687,0,1,687.250,1.25
1696333,48403,1352531,78,11542,785,0,3,785.750,1.25
1696333,48403,638870,46,11750,783,0,4,784.000,1.25
1696333,1122263,1216774,381,11958,853,0,5,854.250,1.25
1696333,1122263,1511595,49,11976,813,0,4,814.000,1.25
1697719,740908,858077,230,10750,714,0,1,714.250,0.55
1697719,740908,1414636,48,11459,753,0,2,753.500,0.55
1697719,1573044,1375106,339,11333,792,0,3,792.750,0.55
1697719,1573044,99951,42,10750,792,0,3,792.750,0.55
1697719,793199,579141,93,10875,831,0,4,832.000,0.55
1697719,793199,344244,41,11125,753,0,2,753.500,0.55
1697719,260171,1078528,169,11684,792,0,3,792.750,0.55
1697719,260171,1429024,46,11667,792,0,3,792.750,0.55
1697719,983714,337186,298,11375,870,0,5,871.250,0.55
1697719,983714,521260,39,11475,831,0,4,832.000,0.55
1697719,864,608255,75,20709,792,0,3,792.750,0.55
1697719,864,1616156,94,22643,909,0,6,910.500,0.55
1697719,298650,1324197,90,10892,753,0,2,753.500,0.55
1697719,298650,1263726,40,10667,753,0,2,753.500,0.55
1697719,553803,729733,97,10959,792,0,3,792.750,0.55
1697719,1268041,1384634,4,11000,792,0,3,792.750,0.55
1697719,553803,29776,38,11458,792,0,3,792.750,0.55
1697719,1268041,70739,2,11250,792,0,3,792.750,0.55
1697719,1634822,1408301,87,11292,831,0,4,832.000,0.55
1697719,1634822,116715,40,11101,831,0,4,832.000,0.55
1697989,1283427,1235523,151,11892,784,0,3,784.750,0.86
1697989,1283427,1404891,39,10500,690,0,1,690.250,0.86
1697989,850942,1560192,475,21292,802,0,3,802.750,0.86
1697989,551173,804455,14,11375,819,0,4,820.000,0.86
1697989,551173,172053,44,11642,837,0,4,838.000,0.86
1697989,850942,387299,18,20767,778,0,3,778.750,0.86
1697989,943207,747091,308,11959,895,0,6,896.500,0.86
1697989,943207,643240,39,11309,790,0,3,790.750,0.86
1697989,284335,538198,131,11583,784,0,3,784.750,0.86
1697989,284335,355420,41,11834,872,0,5,873.250,0.86
1697989,995513,1095761,6,11291,655,0,0,655.000,0.86
1697989,995513,580593,39,11975,825,0,4,826.000,0.86
1697989,603670,1425002,21,19226,696,0,1,696.250,0.86
1697989,603670,1449779,83,21309,825,0,4,826.000,0.86
1697989,2426,192863,676,10767,702,0,1,702.250,0.86
1697989,2426,1305135,51,11959,878,0,5,879.250,0.86
1697989,24730,1490852,199,21017,790,0,3,790.750,0.86
1697989,24730,1407166,90,20250,767,0,2,767.500,0.86
1697989,693026,754218,569,12017,860,0,5,861.250,0.86
1697989,693026,283881,49,11542,725,0,2,725.500,0.86
1698607,1139710,284393,916,12292,832,0,5,833.250,0.85
1698607,64319,55684,39,10709,758,0,3,758.750,0.85
1698607,1139710,822677,9,11625,758,0,3,758.750,0.85
1698607,64319,562867,28,10185,684,0,1,684.250,0.85
1698607,1013589,821834,159,10892,721,0,2,721.500,0.85
1698607,1013589,463114,40,10792,758,0,3,758.750,0.85
1698607,195097,80041,312,11393,832,0,5,833.250,0.85
1698607,195097,1633084,44,11875,869,0,6,870.500,0.85
1698607,541978,1033544,55,11100,721,0,2,721.500,0.85
1698607,541978,848304,37,10750,721,0,2,721.500,0.85
1698607,897130,1159938,412,19309,721,0,2,721.500,0.85
1698607,897130,925913,84,19434,758,0,3,758.750,0.85
1698607,676965,1143347,75,21166,795,0,4,796.000,0.85
1698607,676965,250734,79,20225,721,0,2,721.500,0.85
1698607,1370442,1592868,83,11268,832,0,5,833.250,0.85
1698607,1370442,97066,49,11542,832,0,5,833.250,0.85
1698607,71914,815274,524,10958,758,0,3,758.750,0.85
1698607,71914,1406836,46,11125,795,0,4,796.000,0.85
1698607,1481537,1619573,207,10458,684,0,1,684.250,0.85
1698607,1481537,827760,44,11083,721,0,2,721.500,0.85
1699301,965980,1451314,111,13142,835,0,3,835.750,0.70
1699301,965980,1265275,42,11125,785,0,2,785.500,0.70
1699301,459986,1357431,167,12416,973,0,6,974.500,0.70
1699301,459986,211434,43,11601,873,0,4,874.000,0.70
1699301,738616,966719,156,10583,697,0,0,697.000,0.70
1699301,738616,267968,42,11601,823,0,3,823.750,0.70
1699301,1560442,733095,6,21559,823,0,3,823.750,0.70
1699301,1123835,1312060,50,11792,917,0,5,918.250,0.70
1699301,1560442,446059,41,22417,903,0,4,904.000,0.70
1699301,1123835,1034901,1,11667,911,0,5,912.250,0.70
1699301,436449,1239440,5,11125,829,0,3,829.750,0.70
1699301,436449,1159197,52,11517,885,0,4,886.000,0.70
1699301,113419,1606098,340,11667,797,0,2,797.500,0.70
1699301,113419,868931,45,11500,841,0,3,841.750,0.70
1699301,897821,1676243,671,11125,873,0,4,874.000,0.70
1699301,897821,1583195,48,11542,917,0,5,918.250,0.70
1699301,1059216,833401,98,10750,729,0,1,729.250,0.70
1699301,1059216,1150806,44,11018,811,0,3,811.750,0.70
1699301,829122,1582995,479,12101,985,0,6,986.500,0.70
1699301,829122,881074,42,10875,767,0,2,767.500,0.70
1699783,1176111,28584,304,11125,870,0,5,871.250,0.47
1699783,1176111,236537,45,11125,792,0,3,792.750,0.47
1699783,1644008,1114470,19,10893,753,0,2,753.500,0.47
1699783,1644008,253566,43,11917,870,0,5,871.250,0.47
1699783,1017535,792588,49,10583,714,0,1,714.250,0.47
1699783,1017535,666691,35,10767,792,0,3,792.750,0.47
1699783,215260,867957,4,11500,870,0,5,871.250,0.47
1699783,355938,158177,38,11917,870,0,5,871.250,0.47
1699783,215260,778569,9,11291,831,0,4,832.000,0.47
1699783,355938,1384011,37,11018,792,0,3,792.750,0.47
1699783,208766,947060,488,11000,831,0,4,832.000,0.47
1699783,208766,1692624,39,11267,870,0,5,871.250,0.47
1699783,264457,25897,64,10584,714,0,1,714.250,0.47
1699783,649892,115532,27,10708,714,0,1,714.250,0.47
1699783,264457,686156,21,11810,909,0,6,910.500,0.47
1699783,649892,107052,19,11934,909,0,6,910.500,0.47
1699783,1487424,743777,3,10875,792,0,3,792.750,0.47
1699783,1487424,914802,51,11875,831,0,4,832.000,0.47
1699783,815293,1596212,290,21059,792,0,3,792.750,0.47
1699783,876908,827130,77,11333,831,0,4,832.000,0.47
1699787,894041,32475,109,13976,809,0,3,809.750,0.84
1699787,894041,1127506,46,11750,809,0,3,809.750,0.84
1699787,1444309,1208527,58,11417,849,0,4,850.000,0.84
1699787,393104,81911,24,10933,809,0,3,809.750,0.84
1699787,1444309,20869,24,11850,969,0,7,970.750,0.84
1699787,393104,228058,19,11542,889,0,5,890.250,0.84
1699787,1332970,1674131,34,11584,929,0,6,930.500,0.84
1699787,1332970,376295,39,11060,809,0,3,809.750,0.84
1699787,164852,49622,132,11310,809,0,3,809.750,0.84
1699787,164852,1389672,44,12458,889,0,5,890.250,0.84
1699787,648721,671112,325,11208,849,0,4,850.000,0.84
1699787,648721,128912,42,12000,929,0,6,930.500,0.84
1699787,689090,320441,868,10459,769,0,2,769.500,0.84
1699787,689090,1212505,40,11560,889,0,5,890.250,0.84
1699787,1695611,761897,943,10875,769,0,2,769.500,0.84
1699787,1695611,1050090,39,10684,809,0,3,809.750,0.84
1699787,387585,1119433,135,10684,809,0,3,809.750,0.84
1699787,387585,1599320,44,11084,809,0,3,809.750,0.84
1699787,384278,931612,44,11268,849,0,4,850.000,0.84
1699787,951340,797544,19,10875,849,0,4,850.000,0.84
1700849,FAILED,FAILED,FAILED,FAILED,FAILED,FAILED,FAILED,FAILED,FAILED
1704041,FAILED,FAILED,FAILED,FAILED,FAILED,FAILED,FAILED,FAILED,FAILED
1704377,FAILED,FAILED,FAILED,FAILED,FAILED,FAILED,FAILED,FAILED,FAILED
1704559,829046,600891,104,14375,723,0,4,724.000,0.57
1704559,829046,796850,49,13893,723,0,4,724.000,0.57
1704559,1690805,1467312,287,10542,624,0,1,624.250,0.57
1704559,1690805,1590073,43,11018,723,0,4,724.000,0.57
1704559,1131936,832798,605,11393,723,0,4,724.000,0.57
1704559,1131936,1074059,41,11417,723,0,4,724.000,0.57
1704559,1310798,915081,36,20666,756,0,5,757.250,0.57
1704559,1111865,1103853,41,11017,690,0,3,690.750,0.57
1704559,1111865,243103,42,10625,657,0,2,657.500,0.57
1704559,1310798,356551,1,21058,789,0,6,790.500,0.57
1704559,814410,1606177,6,10875,657,0,2,657.500,0.57
1704559,814410,1690451,41,11184,723,0,4,724.000,0.57
1704559,1544405,1330692,103,11208,723,0,4,724.000,0.57
1704559,1544405,175193,40,11017,723,0,4,724.000,0.57
1704559,1541369,261277,35,11542,756,0,5,757.250,0.57
1704559,1541369,258470,41,11184,756,0,5,757.250,0.57
1704559,1335476,48556,94,10709,690,0,3,690.750,0.57
1704559,1335476,496897,39,11560,756,0,5,757.250,0.57
1704559,100413,1310467,269,11083,723,0,4,724.000,0.57
1704559,100413,1484552,40,10958,723,0,4,724.000,0.57
1704727,1604799,197006,341,11500,756,0,5,757.250,0.97
1704727,1604799,1275893,41,10726,657,0,2,657.500,0.97
1704727,697951,1036118,38,10500,657,0,2,657.500,0.97
1704727,697951,172492,42,10976,723,0,4,724.000,0.97
1704727,292348,843036,1032,10958,657,0,2,657.500,0.97
1704727,292348,171426,37,10833,690,0,3,690.750,0.97
1704727,894390,1527970,760,20417,789,0,6,790.500,0.97
1704727,1554503,1005124,9,10959,756,0,5,757.250,0.97
1704727,1550306,884929,9,10375,657,0,2,657.500,0.97
1704727,1554503,1145629,25,10477,624,0,1,624.250,0.97
1704727,1550306,307292,8,10643,723,0,4,724.000,0.97
1704727,894390,405238,19,20684,789,0,6,790.500,0.97
1704727,858141,721994,24,10958,723,0,4,724.000,0.97
1704727,858141,804833,48,12125,756,0,5,757.250,0.97
1704727,1423896,139228,959,10625,657,0,2,657.500,0.97
1704727,1434565,672720,35,11143,756,0,5,757.250,0.97
1704727,1423896,1097335,3,10851,690,0,3,690.750,0.97
1704727,1434565,1205896,40,10834,690,0,3,690.750,0.97
1704727,124299,1397558,208,10977,723,0,4,724.000,0.97
1704727,124299,1172687,46,10750,657,0,2,657.500,0.97
1706087,79980,1568019,357,10600,657,0,2,657.500,0.94
1706087,79980,1287923,38,10542,690,0,3,690.750,0.94
1706087,1675119,525919,765,11434,723,0,4,724.000,0.94
1706087,1675119,1006320,44,11125,657,0,2,657.500,0.94
1706087,1003781,1495284,363,10683,657,0,2,657.500,0.94
1706087,1003781,1597131,45,10958,723,0,4,724.000,0.94
1706087,141762,643520,14,11084,756,0,5,757.250,0.94
1706087,141762,577528,43,11083,789,0,6,790.500,0.94
1706087,1042359,480895,11,11768,756,0,5,757.250,0.94
1706087,1042359,1266584,52,11417,723,0,4,724.000,0.94
1706087,300366,1272892,19,11584,789,0,6,790.500,0.94
1706087,300366,675456,47,11084,723,0,4,724.000,0.94
1706087,1542966,1279673,1310,10666,690,0,3,690.750,0.94
1706087,1542966,1566265,43,11125,756,0,5,757.250,0.94
1706087,915789,1452563,54,19476,690,0,3,690.750,0.94
1706087,915789,63339,84,18833,657,0,2,657.500,0.94
1706087,1408094,1338274,196,18768,657,0,2,657.500,0.94
1706087,1408094,474135,85,20559,756,0,5,757.250,0.94
1706087,1315840,1182213,268,11101,723,0,4,724.000,0.94
1706087,511199,78747,3,10392,657,0,2,657.500,0.94
1709143,627495,1344727,2184,10625,673,0,2,673.500,0.93
1709143,627495,460652,43,10726,639,0,1,639.250,0.93
1709143,70279,526686,143,11184,707,0,3,707.750,0.93
1709143,70279,1006322,43,10708,707,0,3,707.750,0.93
1709143,636812,464906,31,11084,707,0,3,707.750,0.93
1709143,636812,957106,48,11435,741,0,4,742.000,0.93
1709143,186619,616320,235,11351,741,0,4,742.000,0.93
1709143,186619,559385,45,11167,707,0,3,707.750,0.93
1709143,112930,1381232,146,20268,741,0,4,742.000,0.93
1709143,1276125,453984,88,19933,707,0,3,707.750,0.93
1709143,112930,1703656,1,20601,775,0,5,776.250,0.93
1709143,1541251,977425,31,11625,741,0,4,742.000,0.93
1709143,1541251,53253,54,11834,775,0,5,776.250,0.93
1709143,1276125,894025,2,19458,673,0,2,673.500,0.93
1709143,805906,1358945,69,11459,775,0,5,776.250,0.93
1709143,805906,205717,47,11166,809,0,6,810.500,0.93
1709143,722182,1572281,272,10434,639,0,1,639.250,0.93
1709143,722182,1414982,42,10292,639,0,1,639.250,0.93
1709143,1536135,1091667,62,10750,673,0,2,673.500,0.93
1709143,1536135,721028,42,11642,741,0,4,742.000,0.93
1709161,FAILED,FAILED,FAILED,FAILED,FAILED,FAILED,FAILED,FAILED,FAILED
1713223,819203,952832,440,20375,723,0,4,724.000,0.72
1713223,819203,372372,91,21267,756,0,5,757.250,0.72
1713223,1443761,6400,144,10834,723,0,4,724.000,0.72
1713223,1443761,1283143,48,10476,657,0,2,657.500,0.72
1713223,434708,1187421,188,10583,690,0,3,690.750,0.72
1713223,434708,647275,53,11083,723,0,4,724.000,0.72
1713223,163660,828417,849,10584,690,0,3,690.750,0.72
1713223,163660,652324,54,11209,756,0,5,757.250,0.72
1713223,1064761,232440,123,10851,690,0,3,690.750,0.72
1713223,1064761,708474,52,11250,723,0,4,724.000,0.72
1713223,1455666,725722,140,10625,657,0,2,657.500,0.72
1713223,1455666,940462,41,11351,723,0,4,724.000,0.72
1713223,680943,1143182,215,10667,657,0,2,657.500,0.72
1713223,680943,1634214,40,10625,690,0,3,690.750,0.72
1713223,828326,1250965,261,10292,624,0,1,624.250,0.72
1713223,1392175,669964,26,11350,723,0,4,724.000,0.72
1713223,828326,750425,13,10542,657,0,2,657.500,0.72
1713223,121632,649184,24,10958,723,0,4,724.000,0.72
1713223,1392175,312157,11,10209,624,0,1,624.250,0.72
1713223,121632,1548695,40,11166,723,0,4,724.000,0.72
1715783,684671,317103,133,11309,759,0,4,760.000,0.76
1715783,684671,1248454,43,10709,689,0,2,689.500,0.76
1715783,180120,1333618,380,10542,689,0,2,689.500,0.76
1715783,180120,563524,36,10209,689,0,2,689.500,0.76
1715783,823950,663913,951,11541,829,0,6,830.500,0.76
1715783,823950,166221,42,10725,689,0,2,689.500,0.76
1715783,830786,900251,92,10334,654,0,1,654.250,0.76
1715783,830786,314953,44,11102,724,0,3,724.750,0.76
1715783,449381,1445411,180,10458,689,0,2,689.500,0.76
1715783,449381,275033,44,10725,689,0,2,689.500,0.76
1715783,20779,1702100,92,10667,724,0,3,724.750,0.76
1715783,20779,823259,46,10851,724,0,3,724.750,0.76
1715783,1413445,772261,18,10726,689,0,2,689.500,0.76
1715783,1413445,247753,42,10666,724,0,3,724.750,0.76
1715783,1187452,1489885,138,10334,689,0,2,689.500,0.76
1715783,1187452,1088400,35,10851,724,0,3,724.750,0.76
1715783,454545,46465,68,48060,759,0,4,760.000,0.76
1715783,454545,35925,44,10851,759,0,4,760.000,0.76
1715783,1371918,707479,401,10792,724,0,3,724.750,0.76
1715783,1371918,1408667,45,11083,759,0,4,760.000,0.76
1719493,157855,32594,175,11000,714,0,1,714.250,0.77
1719493,157855,816295,44,11727,825,0,4,826.000,0.77
1719493,458758,1256449,228,11167,778,0,3,778.750,0.77
1719493,458758,955870,51,11350,807,0,4,808.000,0.77
1719493,1605300,806235,263,21267,819,0,4,820.000,0.77
1719493,1559046,1317353,16,11559,825,0,4,826.000,0.77
1719493,1559046,1691001,48,12000,878,0,5,879.250,0.77
1719493,1605300,627474,64,29559,802,0,3,802.750,0.77
1719493,339964,1009798,651,11893,813,0,4,814.000,0.77
1719493,339964,954622,46,11458,796,0,3,796.750,0.77
1719493,578657,1159698,158,11518,784,0,3,784.750,0.77
1719493,578657,355695,47,11250,731,0,2,731.500,0.77
1719493,248517,356167,742,11833,819,0,4,820.000,0.77
1719493,248517,1508028,50,12333,866,0,5,867.250,0.77
1719493,1095869,712688,148,11917,866,0,5,867.250,0.77
1719493,986449,1645833,8,10851,749,0,2,749.500,0.77
1719493,1095869,102056,37,11518,819,0,4,820.000,0.77
1719493,986449,1145828,2,11917,778,0,3,778.750,0.77
1719493,697633,1091145,41,11375,831,0,4,832.000,0.77
1719493,697633,106610,49,11183,813,0,4,814.000,0.77
1720211,76008,360543,162,21642,775,0,3,775.750,0.52
1720211,1297419,824322,12,12833,889,0,6,890.500,0.52
1720211,1297419,1615070,42,11083,775,0,3,775.750,0.52
1720211,76008,1609207,27,20101,737,0,2,737.500,0.52
1720211,775881,100847,143,11268,737,0,2,737.500,0.52
1720211,775881,1532503,54,11500,813,0,4,814.000,0.52
1720211,35850,289815,100,11375,775,0,3,775.750,0.52
1720211,35850,82130,34,11125,737,0,2,737.500,0.52
1720211,421899,219442,145,21392,813,0,4,814.000,0.52
1720211,421899,1102058,94,21208,775,0,3,775.750,0.52
1720211,57836,1008402,209,11250,775,0,3,775.750,0.52
1720211,57836,1353942,40,11125,775,0,3,775.750,0.52
1720211,636097,1319303,242,10708,775,0,3,775.750,0.52
1720211,636097,232189,48,11475,851,0,5,852.250,0.52
1720211,764792,80336,116,20708,813,0,4,814.000,0.52
1720211,764792,1665589,101,21310,851,0,5,852.250,0.52
1720211,1333449,1461518,76,11600,775,0,3,775.750,0.52
1720211,1333449,1668118,48,10750,699,0,1,699.250,0.52
1720211,460947,110065,31,20084,775,0,3,775.750,0.52
1720211,460947,861522,103,22726,927,0,7,928.750,0.52
1720361,FAILED,FAILED,FAILED,FAILED,FAILED,FAILED,FAILED,FAILED,FAILED
1721149,1243407,1170836,331,11684,789,0,4,790.000,0.51
1721149,1243407,143578,54,11792,765,0,4,766.000,0.51
1721149,1225605,684499,110,11417,721,0,3,721.750,0.51
1721149,401049,692969,1,11875,815,0,5,816.250,0.51
1721149,1225605,1343963,46,11958,821,0,5,822.250,0.51
1721149,401049,1247495,2,11584,713,0,2,713.500,0.51
1721149,1502891,776388,367,11458,765,0,4,766.000,0.51
1721149,1502891,1034355,40,11642,821,0,5,822.250,0.51
1721149,616244,1610900,196,11500,727,0,3,727.750,0.51
1721149,1161767,154962,34,11542,815,0,5,816.250,0.51
1721149,616244,1562087,8,11416,753,0,4,754.000,0.51
1721149,1161767,1189684,31,11268,739,0,3,739.750,0.51
1721149,468299,480587,108,11976,809,0,5,810.250,0.51
1721149,468299,557959,40,11458,683,0,2,683.500,0.51
1721149,20876,1716145,108,11393,707,0,2,707.500,0.51
1721149,755478,249505,29,21601,741,0,4,742.000,0.51
1721149,20876,692194,19,11292,763,0,3,763.750,0.51
1721149,755478,909867,73,20476,783,0,4,784.000,0.51
1721149,793364,85093,127,11000,707,0,2,707.500,0.51
1721149,881090,1367332,29,11167,727,0,3,727.750,0.51
1721453,503832,459359,59,14267,795,0,4,796.000,0.52
1721453,503832,1698794,60,13375,783,0,4,784.000,0.52
1721453,1405807,359096,52,11976,795,0,4,796.000,0.52
1721453,1405807,1233432,52,12000,777,0,4,778.000,0.52
1721453,1015922,983583,263,12583,873,0,6,874.500,0.52
1721453,1015922,1127114,44,12041,789,0,4,790.000,0.52
1721453,559615,929360,16,13142,822,0,5,823.250,0.52
1721453,1452567,1220531,2,11475,789,0,4,790.000,0.52
1721453,559615,277076,37,11833,777,0,4,778.000,0.52
1721453,1452567,750179,1,11125,717,0,2,717.500,0.52
1721453,745447,81830,87,11893,789,0,4,790.000,0.52
1721453,745447,1317624,41,11208,693,0,2,693.500,0.52
1721453,833715,845886,145,11166,744,0,3,744.750,0.52
1721453,833715,585465,44,11142,789,0,4,790.000,0.52
1721453,549452,890661,219,10875,717,0,2,717.500,0.52
1721453,549452,1105601,46,10600,684,0,1,684.250,0.52
1721453,504533,413660,406,12268,783,0,4,784.000,0.52
1721453,504533,572738,51,11875,783,0,4,784.000,0.52
1721453,770995,145334,144,20875,810,0,5,811.250,0.52
1721453,894597,1145460,77,11292,693,0,2,693.500,0.52
1721693,543074,606651,260,10833,717,0,2,717.500,0.56
1721693,543074,321518,49,10958,750,0,3,750.750,0.56
1721693,203267,552138,111,21059,840,0,5,841.250,0.56
1721693,755537,1549293,21,11875,750,0,3,750.750,0.56
1721693,755537,674055,45,11225,729,0,2,729.500,0.56
1721693,203267,713461,17,20642,816,0,5,817.250,0.56
1721693,1279553,567772,362,11018,711,0,2,711.500,0.56
1721693,1279553,1691261,45,11042,699,0,2,699.500,0.56
1721693,632102,1651462,283,11333,783,0,4,784.000,0.56
1721693,632102,1148680,50,11935,816,0,5,817.250,0.56
1721693,47931,47622,9,11643,795,0,4,796.000,0.56
1721693,47931,1379300,47,12250,858,0,5,859.250,0.56
1721693,1173422,822862,90,11334,783,0,4,784.000,0.56
1721693,1173422,706257,51,11834,822,0,5,823.250,0.56
1721693,1364063,1348804,158,10642,648,0,1,648.250,0.56
1721693,1364063,266615,47,12125,861,0,6,862.500,0.56
1721693,145464,1584644,47,21833,852,0,5,853.250,0.56
1721693,145464,977808,78,19893,705,0,2,705.500,0.56
1721693,1454241,1584887,276,11667,783,0,4,784.000,0.56
1721693,1454241,231437,52,11976,846,0,5,847.250,0.56
1722187,708660,100494,988,10834,705,0,2,705.500,1.23
1722187,708660,1624956,45,12143,813,0,5,814.250,1.23
1722187,201594,292388,948,20333,741,0,3,741.750,1.23
1722187,201594,1635948,84,20558,777,0,4,778.000,1.23
1722187,987776,1226161,399,10875,741,0,3,741.750,1.23
1722187,987776,795260,42,11042,741,0,3,741.750,1.23
1722187,157872,560380,44,12393,813,0,5,814.250,1.23
1722187,157872,938710,44,12583,813,0,5,814.250,1.23
1722187,360373,1121368,115,10666,705,0,2,705.500,1.23
1722187,360373,903363,39,10976,777,0,4,778.000,1.23
1722187,473926,908832,707,11417,777,0,4,778.000,1.23
1722187,473926,73105,49,11017,705,0,2,705.500,1.23
1722187,1081856,1269162,95,11625,849,0,6,850.500,1.23
1722187,1081856,586358,43,10935,741,0,3,741.750,1.23
1722187,1712876,504192,378,10517,705,0,2,705.500,1.23
1722187,1712876,454303,48,11084,741,0,3,741.750,1.23
1722187,1680126,1675737,397,19642,705,0,2,705.500,1.23
1722187,1680126,383422,92,19334,705,0,2,705.500,1.23
1722187,880899,540309,273,11292,741,0,3,741.750,1.23
1722187,880899,116972,45,10935,705,0,2,705.500,1.23
1722937,FAILED,FAILED,FAILED,FAILED,FAILED,FAILED,FAILED,FAILED,FAILED
1723801,FAILED,FAILED,FAILED,FAILED,FAILED,FAILED,FAILED,FAILED,FAILED
1724059,966197,675058,41,13375,869,0,6,870.500,0.53
1724059,966197,745058,37,13143,721,0,2,721.500,0.53
1724059,561247,1658669,153,12559,795,0,4,796.000,0.53
1724059,561247,553068,50,11125,721,0,2,721.500,0.53
1724059,839490,771056,605,11017,721,0,2,721.500,0.53
1724059,839490,457216,52,11084,758,0,3,758.750,0.53
1724059,423744,547571,58,21250,795,0,4,796.000,0.53
1724059,423744,223398,92,21727,832,0,5,833.250,0.53
1724059,1013387,1494735,83,11292,832,0,5,833.250,0.53
1724059,1013387,1658345,47,11417,832,0,5,833.250,0.53
1724059,923035,1457975,57,10602,758,0,3,758.750,0.53
1724059,923035,573359,40,10375,721,0,2,721.500,0.53
1724059,1448280,913324,86,11310,758,0,3,758.750,0.53
1724059,1386484,134414,25,10625,758,0,3,758.750,0.53
1724059,1448280,680671,18,10958,758,0,3,758.750,0.53
1724059,1386484,194372,30,10792,758,0,3,758.750,0.53
1724059,192992,1688399,339,11042,721,0,2,721.500,0.53
1724059,192992,1582639,51,11334,832,0,5,833.250,0.53
1724059,728777,944939,102,11208,795,0,4,796.000,0.53
1724059,728777,1647155,56,11250,832,0,5,833.250,0.53
1724399,1639818,1486553,195,10709,737,0,2,737.500,0.51
1724399,866829,1054069,23,11059,813,0,4,814.000,0.51
1724399,1639818,1688574,12,11393,775,0,3,775.750,0.51
1724399,866829,1546189,28,10750,737,0,2,737.500,0.51
1724399,1303336,1669425,213,11143,775,0,3,775.750,0.51
1724399,1303336,1511203,49,11125,851,0,5,852.250,0.51
1724399,513272,1591360,527,12250,851,0,5,852.250,0.51
1724399,513272,43928,39,10959,813,0,4,814.000,0.51
1724399,1699871,30291,153,10559,699,0,1,699.250,0.51
1724399,1699871,1707881,39,11166,775,0,3,775.750,0.51
1724399,1544854,1503419,302,11292,851,0,5,852.250,0.51
1724399,1603454,1264067,2,11750,775,0,3,775.750,0.51
1724399,1125966,1034621,23,11475,889,0,6,890.500,0.51
1724399,1544854,987925,10,11183,775,0,3,775.750,0.51
1724399,1603454,1194820,3,10933,813,0,4,814.000,0.51
1724399,1125966,1035152,30,11333,813,0,4,814.000,0.51
1724399,528119,356309,165,11291,813,0,4,814.000,0.51
1724399,528119,488906,42,10625,699,0,1,699.250,0.51
1724399,1105235,36631,42,10684,775,0,3,775.750,0.51
1724399,1105235,772831,48,11375,851,0,5,852.250,0.51
1726201,FAILED,FAILED,FAILED,FAILED,FAILED,FAILED,FAILED,FAILED,FAILED
1727137,FAILED,FAILED,FAILED,FAILED,FAILED,FAILED,FAILED,FAILED,FAILED
1729253,1363378,1259117,227,11292,807,0,4,808.000,0.97
1729253,1363378,1565344,44,11309,772,0,3,772.750,0.97
1729253,1381656,1537953,472,11291,778,0,3,778.750,0.97
1729253,1381656,1196528,42,11851,849,0,4,850.000,0.97
1729253,1294631,1579989,25,11768,825,0,4,826.000,0.97
1729253,1294631,1421768,44,11041,778,0,3,778.750,0.97
1729253,1487328,876139,49,11059,766,0,3,766.750,0.97
1729253,1487328,519736,41,11292,837,0,4,838.000,0.97
1729253,1092048,314479,255,11959,878,0,5,879.250,0.97
1729253,1092048,103908,45,11292,772,0,3,772.750,0.97
1729253,1640704,1600250,156,12100,837,0,4,838.000,0.97
1729253,1640704,421167,43,11625,825,0,4,826.000,0.97
1729253,85018,965323,714,20417,749,0,2,749.500,0.97
1729253,85018,460611,102,22185,919,0,6,920.500,0.97
1729253,722145,628898,120,11334,813,0,4,814.000,0.97
1729253,722145,897617,44,11291,767,0,2,767.500,0.97
1729253,1486349,1053741,786,20333,761,0,2,761.500,0.97
1729253,1486349,1388049,88,21267,837,0,4,838.000,0.97
1729253,1002470,126325,429,10833,696,0,1,696.250,0.97
1729253,562645,1363352,36,10851,749,0,2,749.500,0.97
1730431,1214900,1053730,46,13459,759,0,4,760.000,0.35
1730431,1214900,1277367,37,13500,724,0,3,724.750,0.35
1730431,1242453,54968,17,13684,759,0,4,760.000,0.35
1730431,1242453,32592,46,13000,759,0,4,760.000,0.35
1730431,182063,464902,65,11309,759,0,4,760.000,0.35
1730431,182063,543737,43,11167,724,0,3,724.750,0.35
1730431,575626,171118,13,11167,759,0,4,760.000,0.35
1730431,575626,667624,49,11708,829,0,6,830.500,0.35
1730431,945738,231403,77,10958,759,0,4,760.000,0.35
1730431,945738,323822,45,11375,794,0,5,795.250,0.35
1730431,1139688,361222,57,11209,794,0,5,795.250,0.35
1730431,800726,520765,2,11209,759,0,4,760.000,0.35
1730431,1139688,28645,40,11583,829,0,6,830.500,0.35
1730431,1222595,492826,7,11291,724,0,3,724.750,0.35
1730431,800726,1151848,19,11250,794,0,5,795.250,0.35
1730431,1222595,90648,19,11767,759,0,4,760.000,0.35
1730431,1054965,1461615,49,20083,724,0,3,724.750,0.35
1730431,1054965,1445185,91,19476,654,0,1,654.250,0.35
1730431,1406865,244233,468,11767,794,0,5,795.250,0.35
1730431,1406865,929864,39,10459,689,0,2,689.500,0.35
1733297,FAILED,FAILED,FAILED,FAILED,FAILED,FAILED,FAILED,FAILED,FAILED
1733651,286786,1474821,360,11267,759,0,4,760.000,0.91
1733651,286786,539530,47,10792,759,0,4,760.000,0.91
1733651,1619289,859809,171,13125,829,0,6,830.500,0.91
1733651,1619289,514133,42,11308,724,0,3,724.750,0.91
1733651,1448253,893861,133,10851,689,0,2,689.500,0.91
1733651,1448253,796388,46,10875,724,0,3,724.750,0.91
1733651,233344,1631174,178,10584,724,0,3,724.750,0.91
1733651,233344,1038873,35,10392,654,0,1,654.250,0.91
1733651,1368760,1110733,1,11226,724,0,3,724.750,0.91
1733651,1368760,1647306,44,11084,829,0,6,830.500,0.91
1733651,707202,900206,932,11142,759,0,4,760.000,0.91
1733651,707202,322805,54,11125,759,0,4,760.000,0.91
1733651,627106,1221682,84,10809,724,0,3,724.750,0.91
1733651,627106,18935,49,10875,724,0,3,724.750,0.91
1733651,655927,1264610,777,11350,759,0,4,760.000,0.91
1733651,655927,277603,46,10875,724,0,3,724.750,0.91
1733651,639052,1482057,76,10851,724,0,3,724.750,0.91
1733651,639052,1168636,52,11292,794,0,5,795.250,0.91
1733651,1141937,839409,614,10375,654,0,1,654.250,0.91
1733651,1272153,211781,34,10875,724,0,3,724.750,0.91
1734973,986555,353472,167,10976,721,0,2,721.500,0.46
1734973,986555,1454981,41,11541,767,0,3,767.750,0.46
1734973,98726,1548764,96,11250,807,0,4,808.000,0.46
1734973,98726,445630,40,11125,761,0,3,761.750,0.46
1734973,765179,1371140,116,11334,813,0,4,814.000,0.46
1734973,931406,191306,32,12768,859,0,5,860.250,0.46
1734973,765179,1638117,4,10852,733,0,2,733.500,0.46
1734973,1649330,50450,13,12059,853,0,5,854.250,0.46
1734973,931406,1562710,24,11916,841,0,5,842.250,0.46
1734973,1649330,1374958,18,11333,795,0,4,796.000,0.46
1734973,775949,59330,17,20292,773,0,3,773.750,0.46
1734973,775949,136645,76,22725,899,0,6,900.500,0.46
1734973,269883,836128,130,11292,773,0,3,773.750,0.46
1734973,269883,1513734,44,11933,871,0,5,872.250,0.46
1734973,1020640,256797,424,11167,709,0,2,709.500,0.46
1734973,1020640,348781,45,12101,847,0,5,848.250,0.46
1734973,1089022,489678,11,10959,663,0,1,663.250,0.46
1734973,35712,1005686,16,10584,653,0,0,653.000,0.46
1734973,1089022,442877,23,11042,739,0,2,739.500,0.46
1734973,35712,774147,18,10976,709,0,2,709.500,0.46
1735001,FAILED,FAILED,FAILED,FAILED,FAILED,FAILED,FAILED,FAILED,FAILED
1737403,1619414,1694775,93,11542,741,0,3,741.750,0.80
1737403,1619414,502039,37,11166,705,0,2,705.500,0.80
1737403,1592546,1355719,41,11142,777,0,4,778.000,0.80
1737403,1592546,59226,44,11667,849,0,6,850.500,0.80
1737403,255173,1435601,164,10833,741,0,3,741.750,0.80
1737403,255173,1649585,37,11142,741,0,3,741.750,0.80
1737403,1521921,837255,411,11184,777,0,4,778.000,0.80
1737403,1521921,1245392,40,10750,705,0,2,705.500,0.80
1737403,402413,1374984,481,10726,777,0,4,778.000,0.80
1737403,402413,687130,44,11334,777,0,4,778.000,0.80
1737403,857959,705494,81,11518,813,0,5,814.250,0.80
1737403,857959,594731,43,11042,813,0,5,814.250,0.80
1737403,541454,1462419,368,11416,741,0,3,741.750,0.80
1737403,541454,493580,40,11333,705,0,2,705.500,0.80
1737403,1310159,17643,60,11434,813,0,5,814.250,0.80
1737403,1310159,56632,37,11125,777,0,4,778.000,0.80
1737403,608788,269468,533,12084,813,0,5,814.250,0.80
1737403,608788,1313900,43,10851,669,0,1,669.250,0.80
1737403,479102,1492198,232,10684,741,0,3,741.750,0.80
1737403,479102,1250780,45,10792,669,0,1,669.250,0.80
1739303,177970,1709181,259,11042,673,0,2,673.500,0.63
1739303,177970,725351,45,10459,707,0,3,707.750,0.63
1739303,391143,570697,26,11350,741,0,4,742.000,0.63
1739303,391143,905258,46,11291,707,0,3,707.750,0.63
1739303,925051,1570124,675,11041,707,0,3,707.750,0.63
1739303,925051,563022,54,11685,775,0,5,776.250,0.63
1739303,606195,1725554,138,10933,673,0,2,673.500,0.63
1739303,606195,334235,41,11708,741,0,4,742.000,0.63
1739303,562940,145870,48,11209,741,0,4,742.000,0.63
1739303,562940,1532053,49,10602,673,0,2,673.500,0.63
1739303,1208631,1367720,16,19059,673,0,2,673.500,0.63
1739303,1208631,907235,77,19458,741,0,4,742.000,0.63
1739303,347251,777295,561,10893,707,0,3,707.750,0.63
1739303,347251,672707,51,11458,775,0,5,776.250,0.63
1739303,1703926,149160,344,11352,741,0,4,742.000,0.63
1739303,1719306,600809,8,12018,775,0,5,776.250,0.63
1739303,1161532,947892,12,11018,741,0,4,742.000,0.63
1739303,1703926,1365087,19,10875,707,0,3,707.750,0.63
1739303,1719306,1043896,8,11541,775,0,5,776.250,0.63
1739303,1161532,343957,8,10500,673,0,2,673.500,0.63
1740811,723816,209546,489,19000,657,0,2,657.500,0.61
1740811,723816,943705,91,19351,690,0,3,690.750,0.61
1740811,55281,54562,70,11000,723,0,4,724.000,0.61
1740811,55281,245004,44,10850,690,0,3,690.750,0.61
1740811,1626608,1244350,358,11708,756,0,5,757.250,0.61
1740811,1626608,725720,56,12143,789,0,6,790.500,0.61
1740811,743868,221296,3,11310,756,0,5,757.250,0.61
1740811,743868,1016959,48,11333,723,0,4,724.000,0.61
1740811,95174,464098,389,10417,657,0,2,657.500,0.61
1740811,95174,866620,43,10709,690,0,3,690.750,0.61
1740811,1714634,1229123,132,11459,723,0,4,724.000,0.61
1740811,1714634,1056990,55,11560,723,0,4,724.000,0.61
1740811,962872,58830,174,10350,690,0,3,690.750,0.61
1740811,962872,845208,49,10666,657,0,2,657.500,0.61
1740811,432378,600482,58,11476,723,0,4,724.000,0.61
1740811,432378,1210722,51,11625,789,0,6,790.500,0.61
1740811,1571109,147754,99,18184,624,0,1,624.250,0.61
1740811,1571109,605035,93,19417,690,0,3,690.750,0.61
1740811,601830,289660,38,11100,723,0,4,724.000,0.61
1740811,601830,1197966,51,10708,690,0,3,690.750,0.61
1741013,1048970,662120,49,13917,801,0,4,802.000,0.62
1741013,1048970,645545,46,14018,699,0,1,699.250,0.62
1741013,1177697,113138,528,12042,859,0,5,860.250,0.62
1741013,1177697,764405,35,11434,801,0,4,802.000,0.62
1741013,1041147,834580,171,10959,681,0,1,681.250,0.62
1741013,1710207,1519110,22,10917,727,0,2,727.500,0.62
1741013,1041147,60054,17,11542,801,0,4,802.000,0.62
1741013,1293154,1372897,12,11834,859,0,5,860.250,0.62
1741013,1710207,340175,11,11352,743,0,3,743.750,0.62
1741013,1293154,1613722,37,11560,795,0,4,796.000,0.62
1741013,1318615,861216,257,11500,767,0,3,767.750,0.62
1741013,1318615,1273660,49,12000,807,0,4,808.000,0.62
1741013,1274284,713620,314,11559,841,0,5,842.250,0.62
1741013,1274284,1503221,45,10417,647,0,0,647.000,0.62
1741013,1476981,709242,128,10750,641,0,0,641.000,0.62
1741013,1476981,1182682,44,11643,761,0,3,761.750,0.62
1741013,1522707,1264976,62,11000,709,0,2,709.500,0.62
1741013,1522707,684324,38,11350,761,0,3,761.750,0.62
1741013,259482,1503719,292,10767,665,0,0,665.000,0.62
1741013,94555,917352,43,11750,819,0,4,820.000,0.62
1743127,794545,1726177,193,11541,759,0,4,760.000,0.59
1743127,794545,1450902,50,10850,689,0,2,689.500,0.59
1743127,22771,1518175,203,10416,689,0,2,689.500,0.59
1743127,22771,1673096,42,11558,829,0,6,830.500,0.59
1743127,283132,1672133,249,11333,829,0,6,830.500,0.59
1743127,283132,640405,48,10309,654,0,1,654.250,0.59
1743127,298156,1480745,106,10517,689,0,2,689.500,0.59
1743127,298156,26175,45,10417,689,0,2,689.500,0.59
1743127,657516,720530,403,10750,724,0,3,724.750,0.59
1743127,657516,786919,41,11059,689,0,2,689.500,0.59
1743127,1151000,44296,90,19833,724,0,3,724.750,0.59
1743127,1151000,523996,104,21768,829,0,6,830.500,0.59
1743127,1087110,1558689,137,10875,724,0,3,724.750,0.59
1743127,940656,506329,34,10458,654,0,1,654.250,0.59
1743127,1087110,543660,13,10767,759,0,4,760.000,0.59
1743127,940656,541495,28,11559,759,0,4,760.000,0.59
1743127,1380898,1606275,212,10417,654,0,1,654.250,0.59
1743127,1380898,1300226,46,11142,759,0,4,760.000,0.59
1743127,1167119,848245,61,21667,829,0,6,830.500,0.59
1743127,1167119,332334,91,21560,829,0,6,830.500,0.59
1746211,998012,864267,146,10851,724,0,3,724.750,1.33
1746211,998012,73478,43,10916,689,0,2,689.500,1.33
1746211,1004320,998935,376,11101,724,0,3,724.750,1.33
1746211,1004320,362759,41,11209,794,0,5,795.250,1.33
1746211,482530,844603,2164,11792,829,0,6,830.500,1.33
1746211,482530,343450,50,10917,724,0,3,724.750,1.33
1746211,1217476,894454,22,21792,829,0,6,830.500,1.33
1746211,524035,1359475,10,10684,689,0,2,689.500,1.33
1746211,524035,1096789,41,11084,724,0,3,724.750,1.33
1746211,1217476,114480,37,21183,794,0,5,795.250,1.33
1746211,68742,76794,317,10559,724,0,3,724.750,1.33
1746211,68742,929400,49,10167,654,0,1,654.250,1.33
1746211,868614,389253,232,10517,654,0,1,654.250,1.33
1746211,868614,1877,39,10417,654,0,1,654.250,1.33
1746211,591233,754462,1367,10709,724,0,3,724.750,1.33
1746211,591233,683160,44,11125,794,0,5,795.250,1.33
1746211,10940,1009301,68,11601,794,0,5,795.250,1.33
1746211,10940,1745235,50,10792,724,0,3,724.750,1.33
1746211,926778,1542482,336,11225,759,0,4,760.000,1.33
1746211,926778,375198,43,11583,759,0,4,760.000,1.33
1746449,FAILED,FAILED,FAILED,FAILED,FAILED,FAILED,FAILED,FAILED,FAILED
1746911,471832,1054597,100,11268,758,0,3,758.750,0.52
1746911,471832,426178,35,11208,758,0,3,758.750,0.52
1746911,174216,632802,182,11643,832,0,5,833.250,0.52
1746911,174216,1612981,42,11375,795,0,4,796.000,0.52
1746911,943435,767057,184,10625,721,0,2,721.500,0.52
1746911,943435,1171252,45,11476,832,0,5,833.250,0.52
1746911,118871,1638235,148,10666,684,0,1,684.250,0.52
1746911,118871,954633,44,11042,721,0,2,721.500,0.52
1746911,266448,398757,158,21226,795,0,4,796.000,0.52
1746911,1153973,1427882,126,10959,758,0,3,758.750,0.52
1746911,266448,797325,1,29291,795,0,4,796.000,0.52
1746911,1153973,566146,43,11434,795,0,4,796.000,0.52
1746911,605276,161051,97,19934,721,0,2,721.500,0.52
1746911,605276,1232679,90,20875,758,0,3,758.750,0.52
1746911,13761,975259,270,20666,795,0,4,796.000,0.52
1746911,13761,326357,105,22935,795,0,4,796.000,0.52
1746911,901453,1157576,146,10750,758,0,3,758.750,0.52
1746911,329141,1512622,19,11208,795,0,4,796.000,0.52
1746911,901453,523999,18,11143,795,0,4,796.000,0.52
1746911,329141,791783,14,10934,758,0,3,758.750,0.52
1747231,611546,1454399,433,10767,707,0,3,707.750,0.64
1747231,611546,135533,42,10750,707,0,3,707.750,0.64
1747231,1633906,842235,39,10750,707,0,3,707.750,0.64
1747231,1011085,332649,1,10959,707,0,3,707.750,0.64
1747231,1633906,1062179,40,10852,673,0,2,673.500,0.64
1747231,1011085,1456332,1,10768,775,0,5,776.250,0.64
1747231,1313976,695385,333,11791,775,0,5,776.250,0.64
1747231,289570,224756,40,11476,775,0,5,776.250,0.64
1747231,1559433,51104,2,10435,673,0,2,673.500,0.64
1747231,1313976,894191,8,11227,775,0,5,776.250,0.64
1747231,289570,237706,22,11042,775,0,5,776.250,0.64
1747231,1559433,1087298,1,11500,775,0,5,776.250,0.64
1747231,1389613,47064,12,11291,775,0,5,776.250,0.64
1747231,1389613,1313156,35,11042,741,0,4,742.000,0.64
1747231,316218,1116047,19,10892,707,0,3,707.750,0.64
1747231,316218,1408987,46,11417,741,0,4,742.000,0.64
1747231,1145132,1603217,57,10709,707,0,3,707.750,0.64
1747231,1145132,257583,41,10852,707,0,3,707.750,0.64
1747231,247517,788996,1203,10768,673,0,2,673.500,0.64
1747231,247517,994043,48,10875,707,0,3,707.750,0.64
1747987,1257452,524937,843,10892,759,0,4,760.000,1.02
1747987,1257452,1071168,45,11167,829,0,6,830.500,1.02
1747987,1633242,267877,214,10959,759,0,4,760.000,1.02
1747987,1633242,1720274,43,10933,724,0,3,724.750,1.02
1747987,1183186,538839,275,11434,759,0,4,760.000,1.02
1747987,1183186,688946,48,11334,794,0,5,795.250,1.02
1747987,1292802,595946,323,10292,654,0,1,654.250,1.02
1747987,1292802,617255,50,11100,759,0,4,760.000,1.02
1747987,465300,1315730,1166,10643,724,0,3,724.750,1.02
1747987,465300,288266,45,10875,759,0,4,760.000,1.02
1747987,1202521,1029959,410,10375,689,0,2,689.500,1.02
1747987,321573,1358558,40,11334,794,0,5,795.250,1.02
1747987,1202521,1320808,13,11667,829,0,6,830.500,1.02
1747987,321573,1264246,35,11226,759,0,4,760.000,1.02
1747987,545679,1704428,69,11750,794,0,5,795.250,1.02
1747987,545679,870401,47,10518,724,0,3,724.750,1.02
1747987,838666,115544,335,10666,724,0,3,724.750,1.02
1747987,838666,278161,54,10750,724,0,3,724.750,1.02
1747987,493547,1121249,260,10875,724,0,3,724.750,1.02
1747987,493547,28413,37,10809,724,0,3,724.750,1.02
1748743,1378435,1700260,282,11458,777,0,4,778.000,0.42
1748743,1378435,1514240,59,12292,741,0,3,741.750,0.42
1748743,123006,489362,28,19685,705,0,2,705.500,0.42
1748743,609137,1294593,20,10143,669,0,1,669.250,0.42
1748743,898153,1397735,15,19560,705,0,2,705.500,0.42
1748743,609137,310137,28,10791,741,0,3,741.750,0.42
1748743,123006,598129,17,20417,741,0,3,741.750,0.42
1748743,898153,1446709,51,21559,849,0,6,850.500,0.42
1748743,323806,232344,153,11142,813,0,5,814.250,0.42
1748743,32739,1132984,48,11250,813,0,5,814.250,0.42
1748743,323806,885226,30,10708,741,0,3,741.750,0.42
1748743,32739,396194,17,10560,705,0,2,705.500,0.42
1748743,763787,239725,268,11976,777,0,4,778.000,0.42
1748743,763787,1400622,44,11000,705,0,2,705.500,0.42
1748743,1138355,89129,251,10084,669,0,1,669.250,0.42
1748743,1138355,877376,47,11375,813,0,5,814.250,0.42
1748743,1561514,1550710,57,11685,813,0,5,814.250,0.42
1748743,1305049,486111,5,21893,849,0,6,850.500,0.42
1748743,1561514,441888,40,11584,741,0,3,741.750,0.42
1748743,698183,401764,42,11017,741,0,3,741.750,0.42
1749499,26531,589215,131,13875,792,0,3,792.750,0.61
1749499,26531,1483950,53,11625,831,0,4,832.000,0.61
1749499,224768,1196956,328,10559,753,0,2,753.500,0.61
1749499,224768,1064364,40,10667,714,0,1,714.250,0.61
1749499,823769,180881,72,11142,831,0,4,832.000,0.61
1749499,823769,1414554,45,11000,831,0,4,832.000,0.61
1749499,1477029,649140,108,11018,870,0,5,871.250,0.61
1749499,1477029,1285898,43,10375,714,0,1,714.250,0.61
1749499,96793,1634716,24,20292,792,0,3,792.750,0.61
1749499,1433401,935336,4,10875,753,0,2,753.500,0.61
1749499,1433401,1633528,43,11808,870,0,5,871.250,0.61
1749499,96793,1145826,36,21351,870,0,5,871.250,0.61
1749499,1345717,369183,27,10542,714,0,1,714.250,0.61
1749499,1345717,1275549,51,10852,792,0,3,792.750,0.61
1749499,625107,868512,310,11709,870,0,5,871.250,0.61
1749499,625107,1003497,37,11416,831,0,4,832.000,0.61
1749499,1140769,842584,537,11292,831,0,4,832.000,0.61
1749499,1140769,369862,39,12185,870,0,5,871.250,0.61
1749499,373790,1737055,272,10834,753,0,2,753.500,0.61
1749499,373790,1429770,35,10625,753,0,2,753.500,0.61
1750267,339009,1125316,188,11000,792,0,3,792.750,0.43
1750267,339009,1122065,53,11084,870,0,5,871.250,0.43
1750267,1355998,837857,264,11542,870,0,5,871.250,0.43
1750267,1738355,418389,34,11643,792,0,3,792.750,0.43
1750267,1355998,177077,13,10893,792,0,3,792.750,0.43
1750267,1738355,32829,35,11000,792,0,3,792.750,0.43
1750267,706192,495545,272,12042,948,0,7,949.750,0.43
1750267,581060,224912,58,12541,831,0,4,832.000,0.43
1750267,706192,240586,1,11708,870,0,5,871.250,0.43
1750267,581060,9986,56,11310,792,0,3,792.750,0.43
1750267,33832,31962,287,11042,753,0,2,753.500,0.43
1750267,33832,1673619,48,11791,792,0,3,792.750,0.43
1750267,230610,1631944,51,11434,831,0,4,832.000,0.43
1750267,230610,574666,49,11084,831,0,4,832.000,0.43
1750267,816532,1291613,47,12292,948,0,7,949.750,0.43
1750267,1681000,1147371,7,11000,792,0,3,792.750,0.43
1750267,816532,1301161,40,11351,792,0,3,792.750,0.43
1750267,1681000,623651,1,11250,792,0,3,792.750,0.43
1750267,682984,108353,82,22500,909,0,6,910.500,0.43
1750267,1689168,1596013,52,11250,792,0,3,792.750,0.43
1753289,FAILED,FAILED,FAILED,FAILED,FAILED,FAILED,FAILED,FAILED,FAILED
1755263,226448,729423,155,11917,723,0,4,724.000,0.73
1755263,226448,1579232,51,11726,690,0,3,690.750,0.73
1755263,743585,331012,110,10725,690,0,3,690.750,0.73
1755263,743585,946436,43,11333,690,0,3,690.750,0.73
1755263,1716406,327163,573,10917,657,0,2,657.500,0.73
1755263,1716406,1732853,44,11250,723,0,4,724.000,0.73
1755263,572059,208448,59,10892,657,0,2,657.500,0.73
1755263,572059,628890,51,11750,723,0,4,724.000,0.73
1755263,1473502,31439,259,10833,690,0,3,690.750,0.73
1755263,1553062,472782,9,11166,723,0,4,724.000,0.73
1755263,1553062,327485,44,11083,723,0,4,724.000,0.73
1755263,1473502,485813,3,11250,690,0,3,690.750,0.73
1755263,1042720,1480441,454,11292,723,0,4,724.000,0.73
1755263,1042720,798616,52,12250,690,0,3,690.750,0.73
1755263,1483285,1370808,268,11810,789,0,6,790.500,0.73
1755263,1483285,1030909,48,11625,690,0,3,690.750,0.73
1755263,719083,1315987,110,11292,756,0,5,757.250,0.73
1755263,719083,1488103,52,11250,723,0,4,724.000,0.73
1755263,1206526,1484451,755,11226,723,0,4,724.000,0.73
1755263,845914,534532,25,18309,624,0,1,624.250,0.73
1761989,384100,259940,336,11226,784,0,3,784.750,0.92
1761989,384100,1169777,51,11292,825,0,4,826.000,0.92
1761989,19401,1740097,236,12184,813,0,4,814.000,0.92
1761989,19401,66047,54,12042,796,0,3,796.750,0.92
1761989,410273,855021,1282,21893,778,0,3,778.750,0.92
1761989,410273,1179184,99,21976,849,0,4,850.000,0.92
1761989,714187,1594735,295,11042,784,0,3,784.750,0.92
1761989,714187,84764,43,11667,884,0,5,885.250,0.92
1761989,472887,1569477,24,11476,784,0,3,784.750,0.92
1761989,472887,647778,49,11042,737,0,2,737.500,0.92
1761989,975381,875546,663,12292,866,0,5,867.250,0.92
1761989,975381,706200,50,11709,784,0,3,784.750,0.92
1761989,847934,1696204,263,22000,854,0,5,855.250,0.92
1761989,761072,1325558,12,11375,837,0,4,838.000,0.92
1761989,761072,193218,50,11852,878,0,5,879.250,0.92
1761989,847934,858229,22,20352,737,0,2,737.500,0.92
1761989,356050,118032,125,10750,690,0,1,690.250,0.92
1761989,1694571,209853,22,11791,755,0,2,755.500,0.92
1761989,661767,1569049,18,11042,749,0,2,749.500,0.92
1761989,356050,1500033,8,11459,766,0,3,766.750,0.92
1762931,1026431,483318,65,13500,737,0,2,737.500,0.55
1762931,1026431,158749,40,12893,737,0,2,737.500,0.55
1762931,926213,617439,238,11542,851,0,5,852.250,0.55
1762931,926213,90137,51,11060,851,0,5,852.250,0.55
1762931,1294242,973322,166,11250,775,0,3,775.750,0.55
1762931,1294242,963070,52,11833,813,0,4,814.000,0.55
1762931,712470,993041,190,11309,813,0,4,814.000,0.55
1762931,712470,357296,39,10916,775,0,3,775.750,0.55
1762931,1189131,1427428,217,10435,699,0,1,699.250,0.55
1762931,1189131,588986,52,11084,775,0,3,775.750,0.55
1762931,355649,1187361,263,11393,851,0,5,852.250,0.55
1762931,355649,197280,51,10959,737,0,2,737.500,0.55
1762931,1748370,1502930,121,11208,813,0,4,814.000,0.55
1762931,1748370,1527868,50,10833,737,0,2,737.500,0.55
1762931,521497,1738269,182,10643,737,0,2,737.500,0.55
1762931,521497,1523054,45,10541,699,0,1,699.250,0.55
1762931,98708,1432184,83,11726,889,0,6,890.500,0.55
1762931,98708,419173,50,10625,737,0,2,737.500,0.55
1762931,434262,94601,105,10916,851,0,5,852.250,0.55
1762931,434262,585042,49,11083,775,0,3,775.750,0.55
1763701,441759,779098,183,11685,861,0,4,862.000,1.02
1763701,559848,612957,16,11018,757,0,2,757.500,1.02
1763701,441759,613544,34,11125,800,0,3,800.750,1.02
1763701,559848,109084,17,12208,941,0,6,942.500,1.02
1763701,214329,131423,25,11250,781,0,2,781.500,1.02
1763701,214329,267322,49,11850,849,0,4,850.000,1.02
1763701,1229486,1268005,464,11250,818,0,3,818.750,1.02
1763701,1229486,915781,52,12392,904,0,5,905.250,1.02
1763701,645165,897232,600,11541,818,0,3,818.750,1.02
1763701,645165,1212598,44,11934,855,0,4,856.000,1.02
1763701,408462,141603,613,10917,831,0,4,832.000,1.02
1763701,408462,621865,50,11267,855,0,4,856.000,1.02
1763701,1448829,1131900,898,12351,959,0,6,960.500,1.02
1763701,1448829,537177,50,11458,849,0,4,850.000,1.02
1763701,1290280,1453933,257,11958,910,0,5,911.250,1.02
1763701,1290280,375281,36,11542,812,0,3,812.750,1.02
1763701,1411860,531455,545,10875,738,0,1,738.250,1.02
1763701,140481,1727468,39,11767,910,0,5,911.250,1.02
1763701,1411860,543840,2,11600,824,0,3,824.750,1.02
1763701,140481,439000,43,11042,775,0,2,775.500,1.02
1768229,1501087,222174,376,12042,947,0,6,948.500,1.20
1768229,1501087,33109,38,11517,769,0,2,769.500,1.20
1768229,633976,376782,1048,11334,787,0,2,787.500,1.20
1768229,1745730,792291,9,11834,898,0,5,899.250,1.20
1768229,633976,798815,40,11708,818,0,3,818.750,1.20
1768229,1745730,700144,9,12185,867,0,4,868.000,1.20
1768229,1234570,290261,313,11416,824,0,3,824.750,1.20
1768229,1234570,1596150,54,11291,818,0,3,818.750,1.20
1768229,917546,1205664,518,10959,769,0,2,769.500,1.20
1768229,917546,1550001,50,11143,793,0,2,793.500,1.20
1768229,1078823,1583842,570,11708,812,0,3,812.750,1.20
1768229,1078823,1135327,45,12084,910,0,5,911.250,1.20
1768229,1253085,1621550,15,11768,855,0,4,856.000,1.20
1768229,1253085,97561,44,11584,861,0,4,862.000,1.20
1768229,1182230,175931,201,11792,855,0,4,856.000,1.20
1768229,1182230,776499,51,11434,824,0,3,824.750,1.20
1768229,1534458,1052038,981,11542,849,0,4,850.000,1.20
1768229,1534458,1667749,50,11500,818,0,3,818.750,1.20
1768229,407474,1490025,318,11267,775,0,2,775.500,1.20
1768229,407474,152354,46,11834,898,0,5,899.250,1.20
1768951,205011,1234793,374,11792,949,0,6,950.500,0.41
1768951,205011,305931,45,10893,785,0,2,785.500,0.41
1768951,195141,684347,300,13334,908,0,5,909.250,0.41
1768951,1284289,511874,26,11583,867,0,4,868.000,0.41
1768951,195141,360130,13,11708,826,0,3,826.750,0.41
1768951,1284289,1421380,22,11183,826,0,3,826.750,0.41
1768951,804570,1586696,36,19850,785,0,2,785.500,0.41
1768951,672725,1216267,29,11125,826,0,3,826.750,0.41
1768951,1496352,636727,36,10935,785,0,2,785.500,0.41
1768951,672725,1574550,12,11893,908,0,5,909.250,0.41
1768951,804570,438680,4,21351,908,0,5,909.250,0.41
1768951,1496352,1010979,31,11500,908,0,5,909.250,0.41
1768951,319216,41729,69,11083,826,0,3,826.750,0.41
1768951,319216,326657,44,10975,785,0,2,785.500,0.41
1768951,975626,1444795,60,21375,826,0,3,826.750,0.41
1768951,68124,999384,35,11101,785,0,2,785.500,0.41
1768951,68124,468187,44,10500,744,0,1,744.250,0.41
1768951,975626,883504,6,21643,867,0,4,868.000,0.41
1768951,171843,1053792,142,11292,867,0,4,868.000,0.41
1768951,171843,1692458,43,10892,785,0,2,785.500,0.41
1776193,FAILED,FAILED,FAILED,FAILED,FAILED,FAILED,FAILED,FAILED,FAILED
1776673,FAILED,FAILED,FAILED,FAILED,FAILED,FAILED,FAILED,FAILED,FAILED
1777289,FAILED,FAILED,FAILED,FAILED,FAILED,FAILED,FAILED,FAILED,FAILED
1778003,129227,879145,186,11209,794,0,5,795.250,1.11
1778003,129227,1638171,43,11333,794,0,5,795.250,1.11
1778003,87413,615007,87,11500,794,0,5,795.250,1.11
1778003,87413,789308,53,11667,794,0,5,795.250,1.11
1778003,1249562,1017369,326,10709,689,0,2,689.500,1.11
1778003,1249562,1285161,48,11125,724,0,3,724.750,1.11
1778003,970145,1023012,53,11309,759,0,4,760.000,1.11
1778003,970145,140098,45,11209,724,0,3,724.750,1.11
1778003,155049,451881,415,11042,724,0,3,724.750,1.11
1778003,155049,1459553,50,11309,794,0,5,795.250,1.11
1778003,614929,1044360,211,11042,759,0,4,760.000,1.11
1778003,614929,1708794,53,11667,759,0,4,760.000,1.11
1778003,151331,68152,398,11709,794,0,5,795.250,1.11
1778003,151331,1203868,39,10768,689,0,2,689.500,1.11
1778003,283003,660678,1739,11000,724,0,3,724.750,1.11
1778003,283003,1109247,56,10875,689,0,2,689.500,1.11
1778003,1362979,1712554,46,10851,724,0,3,724.750,1.11
1778003,1362979,749204,49,11125,724,0,3,724.750,1.11
1778003,622477,737078,538,11333,759,0,4,760.000,1.11
1778003,622477,1115347,45,10792,689,0,2,689.500,1.11
1779017,FAILED,FAILED,FAILED,FAILED,FAILED,FAILED,FAILED,FAILED,FAILED
1779161,FAILED,FAILED,FAILED,FAILED,FAILED,FAILED,FAILED,FAILED,FAILED
1780067,73310,283830,164,22935,705,0,2,705.500,0.40
1780067,1745941,381569,57,11458,777,0,4,778.000,0.40
1780067,73310,866371,25,21208,741,0,3,741.750,0.40
1780067,1745941,684412,13,11209,705,0,2,705.500,0.40
1780067,1514696,38738,119,11167,813,0,5,814.250,0.40
1780067,1514696,153967,39,10518,741,0,3,741.750,0.40
1780067,656238,1092912,73,10625,669,0,1,669.250,0.40
1780067,733836,213150,10,11208,813,0,5,814.250,0.40
1780067,656238,1509789,28,11059,777,0,4,778.000,0.40
1780067,733836,1759406,7,10893,777,0,4,778.000,0.40
1780067,1608647,1116081,232,11167,777,0,4,778.000,0.40
1780067,1608647,759195,45,11143,813,0,5,814.250,0.40
1780067,31561,439677,183,10417,669,0,1,669.250,0.40
1780067,366983,217421,40,20226,777,0,4,778.000,0.40
1780067,31561,1459914,6,11018,777,0,4,778.000,0.40
1780067,366983,8810,72,19125,669,0,1,669.250,0.40
1780067,374293,392830,101,11917,813,0,5,814.250,0.40
1780067,374293,1111781,46,11893,849,0,6,850.500,0.40
1780067,1486906,1089705,11,10893,705,0,2,705.500,0.40
1780067,1486906,186668,53,11583,741,0,3,741.750,0.40
1780817,FAILED,FAILED,FAILED,FAILED,FAILED,FAILED,FAILED,FAILED,FAILED
1783069,662467,996533,400,10875,727,0,2,727.500,0.62
1783069,662467,1630863,45,11600,807,0,4,808.000,0.62
1783069,641000,100709,126,10893,721,0,2,721.500,0.62
1783069,641000,1737709,34,11041,687,0,1,687.250,0.62
1783069,1301739,1549977,21,11542,791,0,3,791.750,0.62
1783069,381111,721593,5,10875,669,0,1,669.250,0.62
1783069,1301739,491151,33,11392,773,0,3,773.750,0.62
1783069,381111,185252,3,11642,795,0,4,796.000,0.62
1783069,1327215,310782,302,22267,911,0,6,912.500,0.62
1783069,1327215,1155118,86,19709,767,0,3,767.750,0.62
1783069,1718827,381620,56,11625,807,0,4,808.000,0.62
1783069,1718827,1202452,41,11417,767,0,3,767.750,0.62
1783069,1353469,1763036,120,11584,801,0,4,802.000,0.62
1783069,1353469,1636141,51,11601,779,0,3,779.750,0.62
1783069,1566361,318705,779,12518,853,0,5,854.250,0.62
1783069,1566361,745458,44,12084,795,0,4,796.000,0.62
1783069,622396,625321,210,11351,779,0,3,779.750,0.62
1783069,404206,1636003,24,11000,721,0,2,721.500,0.62
1783069,622396,1623922,15,10625,669,0,1,669.250,0.62
1783069,1706431,827365,1,20500,813,0,4,814.000,0.62
1785869,428655,1036832,298,11375,704,0,3,704.750,0.86
1785869,428655,525982,40,12767,833,0,6,834.500,0.86
1785869,128866,1411793,184,11625,821,0,6,822.500,0.86
1785869,128866,80773,47,11517,796,0,5,797.250,0.86
1785869,1446604,202652,162,12417,753,0,4,754.000,0.86
1785869,1446604,1055486,61,12958,784,0,5,785.250,0.86
1785869,378713,529778,461,11642,765,0,4,766.000,0.86
1785869,378713,1471506,48,11375,704,0,3,704.750,0.86
1785869,885400,164393,265,11167,753,0,4,754.000,0.86
1785869,885400,1537969,53,11416,716,0,3,716.750,0.86
1785869,181827,397447,949,11500,790,0,5,791.250,0.86
1785869,181827,1173857,43,10792,685,0,2,685.500,0.86
1785869,655288,1226386,189,11226,722,0,3,722.750,0.86
1785869,655288,472713,46,10750,667,0,2,667.500,0.86
1785869,897451,520530,128,11417,722,0,3,722.750,0.86
1785869,897451,1717444,45,11102,735,0,4,736.000,0.86
1785869,1660450,1157386,127,11333,667,0,2,667.500,0.86
1785869,1660450,114100,53,12058,765,0,4,766.000,0.86
1785869,1309934,665496,101,11185,673,0,2,673.500,0.86
1785869,1309934,1405555,47,11958,753,0,4,754.000,0.86
1786333,15623,1105801,65,13542,739,0,2,739.500,0.62
1786333,642816,675844,41,12058,859,0,5,860.250,0.62
1786333,15623,1727522,15,14976,795,0,4,796.000,0.62
1786333,642816,198330,32,11125,761,0,3,761.750,0.62
1786333,859996,481602,559,11667,865,0,5,866.250,0.62
1786333,859996,841988,42,11333,761,0,3,761.750,0.62
1786333,1404853,719865,6,11434,767,0,3,767.750,0.62
1786333,1404853,572033,44,11541,813,0,4,814.000,0.62
1786333,96410,714636,206,11792,825,0,4,826.000,0.62
1786333,96410,1596422,59,11892,795,0,4,796.000,0.62
1786333,1627718,760565,33,12041,847,0,5,848.250,0.62
1786333,1627718,1035686,57,12292,847,0,5,848.250,0.62
1786333,582959,1584758,684,11459,807,0,4,808.000,0.62
1786333,582959,3022,44,11560,767,0,3,767.750,0.62
1786333,1192527,1280125,36,11708,813,0,4,814.000,0.62
1786333,1192527,1361875,50,11517,739,0,2,739.500,0.62
1786333,1625385,987333,308,11351,727,0,2,727.500,0.62
1786333,1625385,1520998,59,11625,813,0,4,814.000,0.62
1786333,1506897,198039,60,11059,693,0,1,693.250,0.62
1786333,1506897,713233,51,11875,865,0,5,866.250,0.62
1790539,343633,162692,223,21185,813,0,5,814.250,0.68
1790539,1564477,473209,25,10833,705,0,2,705.500,0.68
1790539,1564477,1385404,54,11500,777,0,4,778.000,0.68
1790539,343633,1277735,15,21334,813,0,5,814.250,0.68
1790539,343185,604933,350,11435,777,0,4,778.000,0.68
1790539,343185,1020057,47,11167,741,0,3,741.750,0.68
1790539,636066,1088040,449,10792,705,0,2,705.500,0.68
1790539,636066,536246,55,11435,813,0,5,814.250,0.68
1790539,514490,1558482,89,11667,777,0,4,778.000,0.68
1790539,514490,1406965,49,11268,669,0,1,669.250,0.68
1790539,332959,1784577,61,10791,741,0,3,741.750,0.68
1790539,332959,382012,44,11184,777,0,4,778.000,0.68
1790539,166679,1027871,283,11042,705,0,2,705.500,0.68
1790539,166679,1738444,49,11475,777,0,4,778.000,0.68
1790539,554394,1126992,152,11208,741,0,3,741.750,0.68
1790539,554394,1215002,49,11833,813,0,5,814.250,0.68
1790539,458012,451153,186,11226,777,0,4,778.000,0.68
1790539,458012,1302376,53,11584,813,0,5,814.250,0.68
1790539,542872,1690460,372,10852,705,0,2,705.500,0.68
1790539,542872,55477,50,10500,705,0,2,705.500,0.68
1791277,1686360,1302540,51,12042,737,0,2,737.500,0.43
1791277,1686360,493337,54,14225,860,0,5,861.250,0.43
1791277,1087672,1740446,176,12041,884,0,5,885.250,0.43
1791277,1662483,523394,33,11433,749,0,2,749.500,0.43
1791277,1087672,1313132,13,11351,755,0,2,755.500,0.43
1791277,1662483,1773313,29,11500,749,0,2,749.500,0.43
1791277,499220,1740948,122,11560,837,0,4,838.000,0.43
1791277,499220,1552763,52,11792,872,0,5,873.250,0.43
1791277,1500126,1517718,191,11309,731,0,2,731.500,0.43
1791277,1500126,789466,57,12042,866,0,5,867.250,0.43
1791277,465734,6479,197,10958,731,0,2,731.500,0.43
1791277,465734,1545736,55,12100,837,0,4,838.000,0.43
1791277,224965,1486323,242,11541,784,0,3,784.750,0.43
1791277,224965,191034,44,10476,673,0,0,673.000,0.43
1791277,235567,842296,194,11583,860,0,5,861.250,0.43
1791277,964483,1088057,8,11958,913,0,6,914.500,0.43
1791277,235567,1290175,39,11476,807,0,4,808.000,0.43
1791277,964483,1662553,3,11309,778,0,3,778.750,0.43
1791277,295498,873680,33,11416,778,0,3,778.750,0.43
1791277,295498,307497,53,11625,825,0,4,826.000,0.43
1792477,1580316,1672062,121,13958,795,0,3,795.750,0.49
1792477,1580316,446142,47,12041,849,0,4,850.000,0.49
1792477,1671514,1300518,69,11666,807,0,3,807.750,0.49
1792477,1152348,545264,2,11833,897,0,5,898.250,0.49
1792477,702759,1605613,11,10834,723,0,1,723.250,0.49
1792477,1671514,104518,27,11291,837,0,4,838.000,0.49
1792477,1020861,881187,1,21125,873,0,5,874.250,0.49
1792477,1152348,1736775,3,11417,789,0,3,789.750,0.49
1792477,702759,1666112,16,12185,879,0,5,880.250,0.49
1792477,1020861,907196,81,21684,879,0,5,880.250,0.49
1792477,837234,963182,208,12267,837,0,4,838.000,0.49
1792477,837234,51182,49,11625,795,0,3,795.750,0.49
1792477,1602190,1458032,165,11542,783,0,3,783.750,0.49
1792477,1602190,1740880,48,11142,765,0,2,765.500,0.49
1792477,1190543,1062000,187,10750,717,0,1,717.250,0.49
1792477,1190543,1636675,52,12309,903,0,5,904.250,0.49
1792477,861021,1559988,100,10959,753,0,2,753.500,0.49
1792477,861021,1668175,44,11893,855,0,4,856.000,0.49
1792477,377783,1759005,425,11583,795,0,3,795.750,0.49
1792477,377783,964562,48,11583,825,0,4,826.000,0.49
1795141,95440,87676,1047,29934,911,0,6,912.500,1.50
1795141,95440,445566,128,30559,853,0,5,854.250,1.50
1795141,194729,487770,409,11333,801,0,4,802.000,1.50
1795141,194729,1431696,49,11792,807,0,4,808.000,1.50
1795141,69424,1073308,757,11810,841,0,5,842.250,1.50
1795141,69424,1662,46,10917,727,0,2,727.500,1.50
1795141,702883,642727,131,11167,727,0,2,727.500,1.50
1795141,702883,581303,49,11435,789,0,4,790.000,1.50
1795141,768920,328522,2251,11625,835,0,5,836.250,1.50
1795141,685641,66514,27,11333,785,0,3,785.750,1.50
1795141,768920,752521,14,11250,749,0,3,749.750,1.50
1795141,685641,1029335,41,11809,841,0,5,842.250,1.50
1795141,1301954,402270,299,11810,853,0,5,854.250,1.50
1795141,1425584,1051631,49,11250,761,0,3,761.750,1.50
1795141,1301954,704613,1,11834,801,0,4,802.000,1.50
1795141,1425584,641310,43,11267,801,0,4,802.000,1.50
1795141,373610,1499686,232,11666,841,0,5,842.250,1.50
1795141,373610,1237626,46,11225,739,0,2,739.500,1.50
1795141,126446,386749,543,11976,797,0,3,797.750,1.50
1795141,126446,1073603,124,29142,739,0,2,739.500,1.50
1798963,659458,1358046,524,10875,775,0,3,775.750,1.01
1798963,659458,913548,47,11208,851,0,5,852.250,1.01
1798963,1510938,1480131,732,10959,737,0,2,737.500,1.01
1798963,1510938,436647,43,11100,775,0,3,775.750,1.01
1798963,1631191,361962,570,21517,851,0,5,852.250,1.01
1798963,1631191,1260630,94,21601,851,0,5,852.250,1.01
1798963,1683778,1349948,843,11185,775,0,3,775.750,1.01
1798963,1683778,738286,53,11333,737,0,2,737.500,1.01
1798963,1788945,767237,109,11101,775,0,3,775.750,1.01
1798963,1788945,901519,60,11708,889,0,6,890.500,1.01
1798963,544332,1456055,256,10958,737,0,2,737.500,1.01
1798963,544332,907588,51,11750,851,0,5,852.250,1.01
1798963,276615,703462,326,10768,775,0,3,775.750,1.01
1798963,276615,1442560,53,11292,851,0,5,852.250,1.01
1798963,918718,1614072,157,11208,775,0,3,775.750,1.01
1798963,918718,655494,49,11517,813,0,4,814.000,1.01
1798963,898473,1225665,234,11209,813,0,4,814.000,1.01
1798963,898473,737582,43,11433,813,0,4,814.000,1.01
1798963,1403182,365012,8,11642,813,0,4,814.000,1.01
1798963,1403182,1270293,52,10917,775,0,3,775.750,1.01
1799731,549981,354934,1772,11268,813,0,4,814.000,0.69
1799731,549981,1701205,53,11125,813,0,4,814.000,0.69
1799731,1609286,1226910,322,11583,851,0,5,852.250,0.69
1799731,1096440,1608203,28,11309,813,0,4,814.000,0.69
1799731,1609286,1072722,19,11142,775,0,3,775.750,0.69
1799731,1454857,1297396,6,10933,737,0,2,737.500,0.69
1799731,1096440,847594,22,11542,813,0,4,814.000,0.69
1799731,1454857,981295,19,10917,699,0,1,699.250,0.69
1799731,1632939,1685991,17,10791,775,0,3,775.750,0.69
1799731,1632939,848016,42,10393,737,0,2,737.500,0.69
1799731,788596,130427,18,11060,851,0,5,852.250,0.69
1799731,1307680,629166,2,11101,775,0,3,775.750,0.69
1799731,1307680,1710192,36,10750,737,0,2,737.500,0.69
1799731,788596,873667,1,11125,813,0,4,814.000,0.69
1799731,364121,472337,24,10459,699,0,1,699.250,0.69
1799731,364121,196604,41,10517,699,0,1,699.250,0.69
1799731,1787910,1386174,7,11601,889,0,6,890.500,0.69
1799731,1787910,487390,50,11292,813,0,4,814.000,0.69
1799731,500171,300856,448,11208,775,0,3,775.750,0.69
1799731,1572722,176294,25,10935,775,0,3,775.750,0.69
1802189,1416319,616051,93,13750,852,0,3,852.750,0.68
1802189,1416319,1234094,46,14601,903,0,4,904.000,0.68
1802189,828200,81941,54,11500,846,0,3,846.750,0.68
1802189,828200,1635490,46,12018,897,0,4,898.000,0.68
1802189,281767,123877,162,11584,858,0,3,858.750,0.68
1802189,281767,611026,42,11125,819,0,2,819.500,0.68
1802189,460920,1492170,214,11958,873,0,4,874.000,0.68
1802189,460920,752461,45,11125,828,0,3,828.750,0.68
1802189,1721174,816872,209,11250,819,0,2,819.500,0.68
1802189,1721174,532144,47,11708,801,0,2,801.500,0.68
1802189,379468,1453844,337,21893,846,0,3,846.750,0.68
1802189,379468,1727037,91,21475,825,0,2,825.500,0.68
1802189,862627,783281,128,12143,903,0,4,904.000,0.68
1802189,862627,840465,50,11000,819,0,2,819.500,0.68
1802189,1554453,145562,147,12750,942,0,5,943.250,0.68
1802189,1554453,643395,45,11625,801,0,2,801.500,0.68
1802189,1257421,683237,536,12334,873,0,4,874.000,0.68
1802189,1257421,4326,49,11458,846,0,3,846.750,0.68
1802189,1437795,465229,210,11458,852,0,3,852.750,0.68
1802189,898486,693201,20,10892,813,0,2,813.500,0.68
1802393,FAILED,FAILED,FAILED,FAILED,FAILED,FAILED,FAILED,FAILED,FAILED
1806263,1259081,424023,72,12809,714,0,1,714.250,0.31
1806263,575387,652806,1,13142,753,0,2,753.500,0.31
1806263,575387,547944,47,11292,675,0,0,675.000,0.31
1806263,1259081,661748,2,13292,792,0,3,792.750,0.31
1806263,128116,1014809,143,12042,870,0,5,871.250,0.31
1806263,128116,852455,57,12142,909,0,6,910.500,0.31
1806263,210765,484220,247,10917,753,0,2,753.500,0.31
1806263,210765,319153,50,11227,792,0,3,792.750,0.31
1806263,394496,1214044,1,10893,714,0,1,714.250,0.31
1806263,394496,1005953,43,11500,870,0,5,871.250,0.31
1806263,241825,150369,4,10500,714,0,1,714.250,0.31
1806263,241825,1631639,43,11058,792,0,3,792.750,0.31
1806263,1244291,935433,33,10850,792,0,3,792.750,0.31
1806263,1244291,540146,39,10667,675,0,0,675.000,0.31
1806263,1027385,986106,17,11000,831,0,4,832.000,0.31
1806263,1027385,687443,44,10893,753,0,2,753.500,0.31
1806263,603771,677484,31,11416,831,0,4,832.000,0.31
1806263,603771,1347140,49,11042,753,0,2,753.500,0.31
1806263,866008,1329354,101,11875,909,0,6,910.500,0.31
1806263,866008,690481,44,10834,753,0,2,753.500,0.31
1808243,1006027,1705748,65,13875,831,0,4,832.000,0.52
1808243,733704,584394,33,14851,909,0,6,910.500,0.52
1808243,1006027,764877,11,14227,870,0,5,871.250,0.52
1808243,733704,969958,35,12041,753,0,2,753.500,0.52
1808243,1660994,761873,11,11208,831,0,4,832.000,0.52
1808243,1660994,1367000,48,11017,870,0,5,871.250,0.52
1808243,276555,512300,240,20959,792,0,3,792.750,0.52
1808243,276555,848402,100,21642,831,0,4,832.000,0.52
1808243,75515,1461689,470,11268,831,0,4,832.000,0.52
1808243,75515,1445144,40,11125,831,0,4,832.000,0.52
1808243,1034370,667723,207,10435,675,0,0,675.000,0.52
1808243,1034370,618627,42,11167,831,0,4,832.000,0.52
1808243,302644,1724343,49,11083,831,0,4,832.000,0.52
1808243,302644,182699,51,11600,870,0,5,871.250,0.52
1808243,1212852,133629,61,11333,831,0,4,832.000,0.52
1808243,1212852,1534259,38,10935,831,0,4,832.000,0.52
1808243,903881,1563385,156,10875,753,0,2,753.500,0.52
1808243,903881,211682,47,11750,909,0,6,910.500,0.52
1808243,101284,1721197,45,13393,909,0,6,910.500,0.52
1808243,101284,922155,46,11584,831,0,4,832.000,0.52
1809167,1547215,603977,699,11477,849,0,6,850.500,0.66
1809167,1487574,914939,36,11184,813,0,5,814.250,0.66
1809167,1547215,736933,7,10833,741,0,3,741.750,0.66
1809167,1487574,1397175,33,10750,741,0,3,741.750,0.66
1809167,1415892,25260,35,11917,849,0,6,850.500,0.66
1809167,1415892,644620,47,11184,741,0,3,741.750,0.66
1809167,1062223,1688439,14,11000,741,0,3,741.750,0.66
1809167,1062223,34747,57,11708,777,0,4,778.000,0.66
1809167,1800371,156606,250,11375,777,0,4,778.000,0.66
1809167,1800371,529468,44,11017,705,0,2,705.500,0.66
1809167,1519286,1679109,144,10643,741,0,3,741.750,0.66
1809167,1519286,101037,39,10959,741,0,3,741.750,0.66
1809167,1700592,1059872,5,10834,741,0,3,741.750,0.66
1809167,1700592,1143591,42,11125,741,0,3,741.750,0.66
1809167,719017,587597,152,10393,705,0,2,705.500,0.66
1809167,719017,1408529,45,10542,741,0,3,741.750,0.66
1809167,961051,799064,789,10726,705,0,2,705.500,0.66
1809167,961051,1521522,59,16042,669,0,1,669.250,0.66
1809167,322822,364665,58,11226,741,0,3,741.750,0.66
1809167,322822,498071,50,11500,741,0,3,741.750,0.66
1810607,172420,753138,67,13434,794,0,5,795.250,0.33
1810607,172420,1274138,58,13792,759,0,4,760.000,0.33
1810607,304608,351216,86,11500,724,0,3,724.750,0.33
1810607,304608,1128659,47,10500,689,0,2,689.500,0.33
1810607,1512817,39200,37,10810,759,0,4,760.000,0.33
1810607,441298,1463128,24,11125,794,0,5,795.250,0.33
1810607,1583625,1016951,9,20434,759,0,4,760.000,0.33
1810607,1512817,1379510,9,10375,689,0,2,689.500,0.33
1810607,441298,704585,28,11334,759,0,4,760.000,0.33
1810607,1796820,1699841,3,11250,794,0,5,795.250,0.33
1810607,1583625,768381,41,20184,759,0,4,760.000,0.33
1810607,1796820,1172718,5,10559,689,0,2,689.500,0.33
1810607,641553,1679913,258,23935,724,0,3,724.750,0.33
1810607,641553,346650,49,12083,759,0,4,760.000,0.33
1810607,984421,162953,223,11685,759,0,4,760.000,0.33
1810607,984421,1504079,52,11250,689,0,2,689.500,0.33
1810607,577451,1070175,81,11017,689,0,2,689.500,0.33
1810607,1626725,1449178,37,10542,654,0,1,654.250,0.33
1810607,577451,859600,8,10709,654,0,1,654.250,0.33
1810607,1626725,193599,44,10917,689,0,2,689.500,0.33
1811413,680194,978574,67,13208,836,0,3,836.750,0.64
1811413,680194,1302297,46,11833,904,0,5,905.250,0.64
1811413,1113404,294083,18,13351,824,0,3,824.750,0.64
1811413,250635,1216851,35,11791,867,0,4,868.000,0.64
1811413,1113404,962751,12,12083,941,0,6,942.500,0.64
1811413,250635,190794,39,12000,892,0,5,893.250,0.64
1811413,818236,766833,237,21185,775,0,2,775.500,0.64
1811413,818236,591096,102,22434,873,0,4,874.000,0.64
1811413,1462973,765715,194,11500,880,0,5,881.250,0.64
1811413,1462973,581248,40,10810,751,0,2,751.500,0.64
1811413,58361,1395043,828,11851,818,0,3,818.750,0.64
1811413,58361,649307,52,11667,812,0,3,812.750,0.64
1811413,246408,672554,190,11600,873,0,4,874.000,0.64
1811413,246408,362034,46,11083,775,0,2,775.500,0.64
1811413,1634850,32759,76,11435,818,0,3,818.750,0.64
1811413,1634850,381763,51,12375,941,0,6,942.500,0.64
1811413,210730,592031,40,11458,818,0,3,818.750,0.64
1811413,210730,418046,50,11392,824,0,3,824.750,0.64
1811413,1087949,511959,301,11850,818,0,3,818.750,0.64
1811413,1087949,89979,52,11833,855,0,4,856.000,0.64
1813991,1349378,1561862,715,11667,870,0,5,871.250,0.76
1813991,1349378,656188,52,11416,870,0,5,871.250,0.76
1813991,1739868,338834,354,11833,909,0,6,910.500,0.76
1813991,1739868,81092,50,11416,831,0,4,832.000,0.76
1813991,755252,1426716,2,11250,831,0,4,832.000,0.76
1813991,755252,411231,50,10809,792,0,3,792.750,0.76
1813991,256840,1163881,324,19917,792,0,3,792.750,0.76
1813991,256840,955087,97,20558,831,0,4,832.000,0.76
1813991,711210,1444030,77,11417,831,0,4,832.000,0.76
1813991,711210,1429006,52,11559,831,0,4,832.000,0.76
1813991,40160,99151,69,10875,792,0,3,792.750,0.76
1813991,40160,712898,46,11059,753,0,2,753.500,0.76
1813991,1338454,816594,217,11125,831,0,4,832.000,0.76
1813991,1338454,637062,50,11184,831,0,4,832.000,0.76
1813991,1376924,622523,211,10875,753,0,2,753.500,0.76
1813991,1376924,1213211,57,10667,792,0,3,792.750,0.76
1813991,275477,715365,419,11058,753,0,2,753.500,0.76
1813991,275477,1277727,50,10875,753,0,2,753.500,0.76
1813991,1361788,666529,285,11083,870,0,5,871.250,0.76
1813991,1361788,767812,45,10791,792,0,3,792.750,0.76
1817611,1513540,1069996,306,10975,721,0,2,721.500,0.55
1817611,1144604,871461,4,11184,832,0,5,833.250,0.55
1817611,1513540,750523,41,11375,795,0,4,796.000,0.55
1817611,1144604,881793,1,11125,832,0,5,833.250,0.55
1817611,821123,1244268,16,11459,832,0,5,833.250,0.55
1817611,821123,1112571,50,10685,721,0,2,721.500,0.55
1817611,1440287,732844,750,11310,832,0,5,833.250,0.55
1817611,1440287,756570,52,11000,795,0,4,796.000,0.55
1817611,1445780,1746874,156,11667,832,0,5,833.250,0.55
1817611,1445780,1797322,43,11809,832,0,5,833.250,0.55
1817611,10956,384595,17,19393,684,0,1,684.250,0.55
1817611,10956,402594,102,22143,869,0,6,870.500,0.55
1817611,1155011,950402,152,10725,758,0,3,758.750,0.55
1817611,1155011,368322,49,10875,758,0,3,758.750,0.55
1817611,1412263,1160875,100,10934,758,0,3,758.750,0.55
1817611,1412263,965888,58,12250,906,0,7,907.750,0.55
1817611,387382,276141,194,10935,758,0,3,758.750,0.55
1817611,953522,93493,16,10810,758,0,3,758.750,0.55
1817611,387382,1090931,23,10916,721,0,2,721.500,0.55
1817611,953522,911773,16,10791,721,0,2,721.500,0.55
1818533,681365,702199,312,11208,795,0,2,795.500,0.74
1818533,681365,547462,48,12059,909,0,4,910.000,0.74
1818533,179624,1232787,230,11542,795,0,2,795.500,0.74
1818533,179624,1288126,49,11810,846,0,3,846.750,0.74
1818533,1305549,141415,446,11542,801,0,2,801.500,0.74
1818533,1739756,451259,12,11667,891,0,4,892.000,0.74
1818533,1305549,38079,34,11893,885,0,4,886.000,0.74
1818533,1739756,77663,8,11602,903,0,4,904.000,0.74
1818533,1451277,1060296,478,12167,993,0,6,994.500,0.74
1818533,1451277,1382884,44,11750,936,0,5,937.250,0.74
1818533,396844,1472247,22,12017,966,0,5,967.250,0.74
1818533,1735884,1084801,44,11542,846,0,3,846.750,0.74
1818533,396844,402406,6,11417,801,0,2,801.500,0.74
1818533,1735884,912516,42,11292,813,0,2,813.500,0.74
1818533,779461,1288203,273,11875,915,0,4,916.000,0.74
1818533,779461,1264965,54,11893,801,0,2,801.500,0.74
1818533,626904,1671746,505,11975,948,0,5,949.250,0.74
1818533,626904,497640,52,11958,948,0,5,949.250,0.74
1818533,836234,1522673,238,12000,942,0,5,943.250,0.74
1818533,836234,59632,45,12333,891,0,4,892.000,0.74
1820557,1670698,916416,239,12058,867,0,4,868.000,0.62
1820557,1670698,410653,46,11917,837,0,4,838.000,0.62
1820557,765987,1340693,354,21018,837,0,4,838.000,0.62
1820557,1691060,575537,31,11684,837,0,4,838.000,0.62
1820557,1691060,1223446,40,11500,819,0,4,820.000,0.62
1820557,765987,438234,9,20958,855,0,4,856.000,0.62
1820557,793671,927601,292,11227,771,0,2,771.500,0.62
1820557,793671,1121182,43,11709,801,0,3,801.750,0.62
1820557,572255,858257,188,11851,843,0,4,844.000,0.62
1820557,572255,528478,42,11625,807,0,3,807.750,0.62
1820557,132431,1542555,2,21560,807,0,3,807.750,0.62
1820557,132431,1745852,45,11309,765,0,2,765.500,0.62
1820557,1205561,3136,333,23727,891,0,5,892.250,0.62
1820557,1205561,1585595,93,22725,891,0,5,892.250,0.62
1820557,429040,1758458,161,21125,867,0,4,868.000,0.62
1820557,607210,1333485,43,10934,765,0,2,765.500,0.62
1820557,429040,984285,33,20725,843,0,4,844.000,0.62
1820557,607210,1279576,12,11334,813,0,3,813.750,0.62
1820557,484889,782985,86,11875,849,0,4,850.000,0.62
1820557,484889,38327,47,11500,765,0,2,765.500,0.62
1822181,1187849,1683684,300,10975,797,0,2,797.500,0.40
1822181,340964,105687,36,11417,859,0,3,859.750,0.40
1822181,1187849,137968,3,10792,809,0,2,809.500,0.40
1822181,1516055,1037864,13,11250,797,0,2,797.500,0.40
1822181,656818,391463,8,12250,973,0,6,974.500,0.40
1822181,340964,1117017,12,12125,829,0,3,829.750,0.40
1822181,1759088,724546,9,11268,809,0,2,809.500,0.40
1822181,1516055,350320,4,11934,929,0,5,930.250,0.40
1822181,656818,330276,7,11809,929,0,5,930.250,0.40
1822181,436279,1436134,10,11184,797,0,2,797.500,0.40
1822181,1759088,585410,30,11875,917,0,5,918.250,0.40
1822181,436279,45432,14,11375,885,0,4,886.000,0.40
1822181,1217625,1496551,197,11392,829,0,3,829.750,0.40
1822181,1217625,619430,43,11292,835,0,3,835.750,0.40
1822181,964923,208096,225,11392,797,0,2,797.500,0.40
1822181,964923,1288917,49,11042,815,0,2,815.500,0.40
1822181,92819,306929,71,10934,773,0,2,773.500,0.40
1822181,92819,1210710,42,12000,879,0,4,880.000,0.40
1822181,546615,727704,287,11583,885,0,4,886.000,0.40
1822181,546615,1660560,36,11958,967,0,6,968.500,0.40
1822391,286940,332769,175,13143,831,0,4,832.000,0.76
1822391,1038848,134210,34,12227,831,0,4,832.000,0.76
1822391,286940,1799169,24,10958,792,0,3,792.750,0.76
1822391,1038848,1643754,22,11209,792,0,3,792.750,0.76
1822391,585141,1597349,1028,11851,948,0,7,949.750,0.76
1822391,585141,1295525,54,11333,870,0,5,871.250,0.76
1822391,805279,450829,402,11125,792,0,3,792.750,0.76
1822391,805279,1321247,47,11167,792,0,3,792.750,0.76
1822391,884646,208081,514,11042,831,0,4,832.000,0.76
1822391,884646,1343347,45,10500,753,0,2,753.500,0.76
1822391,1117415,158535,111,11250,831,0,4,832.000,0.76
1822391,1117415,1122676,36,10560,753,0,2,753.500,0.76
1822391,1561466,620383,255,10875,753,0,2,753.500,0.76
1822391,1561466,1605248,41,11000,831,0,4,832.000,0.76
1822391,1370066,1483983,33,10292,714,0,1,714.250,0.76
1822391,1423170,1425860,25,11916,831,0,4,832.000,0.76
1822391,1370066,12306,12,10583,753,0,2,753.500,0.76
1822391,1423170,1645081,34,11142,792,0,3,792.750,0.76
1822391,1728095,777963,17,20559,753,0,2,753.500,0.76
1822391,1728095,163132,101,21059,753,0,2,753.500,0.76
1823579,394670,1592819,681,11018,792,0,3,792.750,0.61
1823579,394670,266141,40,11208,792,0,3,792.750,0.61
1823579,1337764,634609,126,11559,831,0,4,832.000,0.61
1823579,1337764,215852,47,11709,870,0,5,871.250,0.61
1823579,1376707,1579589,281,21250,831,0,4,832.000,0.61
1823579,413578,1052167,45,10976,831,0,4,832.000,0.61
1823579,1376707,1186946,39,19560,753,0,2,753.500,0.61
1823579,413578,1096112,1,11208,792,0,3,792.750,0.61
1823579,1724908,1755534,1,10833,792,0,3,792.750,0.61
1823579,1724908,1732235,46,11292,831,0,4,832.000,0.61
1823579,68670,68839,610,10958,792,0,3,792.750,0.61
1823579,68670,342219,49,11810,909,0,6,910.500,0.61
1823579,1701742,709588,25,10917,753,0,2,753.500,0.61
1823579,1701742,405257,55,11500,831,0,4,832.000,0.61
1823579,1735183,68860,71,11417,831,0,4,832.000,0.61
1823579,1735183,1214841,43,11084,792,0,3,792.750,0.61
1823579,940242,110381,91,10625,753,0,2,753.500,0.61
1823579,940242,1464324,43,10750,792,0,3,792.750,0.61
1823579,671097,1260963,163,11267,831,0,4,832.000,0.61
1823579,671097,676150,47,11375,870,0,5,871.250,0.61
1824269,1731591,404175,591,11642,784,0,3,784.750,1.14
1824269,1731591,1033587,46,11500,772,0,3,772.750,1.14
1824269,141697,729550,53,11809,848,0,5,849.250,1.14
1824269,141697,431170,40,11333,819,0,4,820.000,1.14
1824269,417590,562176,27,12083,831,0,4,832.000,1.14
1824269,417590,1408503,46,12142,831,0,4,832.000,1.14
1824269,77157,842612,741,11083,761,0,2,761.500,1.14
1824269,77157,250561,51,11268,796,0,3,796.750,1.14
1824269,508410,573057,780,11500,808,0,3,808.750,1.14
1824269,508410,1110389,45,12226,878,0,5,879.250,1.14
1824269,954000,597095,111,11393,749,0,2,749.500,1.14
1824269,954000,1289444,52,11584,790,0,3,790.750,1.14
1824269,1543425,736135,1663,11684,813,0,4,814.000,1.14
1824269,1543425,675396,47,11500,784,0,3,784.750,1.14
1824269,1446227,1249096,18,11875,831,0,4,832.000,1.14
1824269,1446227,124300,52,11268,749,0,2,749.500,1.14
1824269,641789,786451,139,21643,778,0,3,778.750,1.14
1824269,703844,802862,29,11750,843,0,4,844.000,1.14
1824269,703844,1374658,48,11333,778,0,3,778.750,1.14
1824269,641789,548613,9,21041,766,0,3,766.750,1.14
1824281,FAILED,FAILED,FAILED,FAILED,FAILED,FAILED,FAILED,FAILED,FAILED
1824523,1581335,54359,71,14351,851,0,5,852.250,0.37
1824523,1105360,387460,47,11291,813,0,4,814.000,0.37
1824523,1581335,1431389,13,13958,813,0,4,814.000,0.37
1824523,1105360,1659361,40,11833,889,0,6,890.500,0.37
1824523,181513,986289,8,11125,775,0,3,775.750,0.37
1824523,181513,346185,54,11975,889,0,6,890.500,0.37
1824523,1380902,529716,47,11541,889,0,6,890.500,0.37
1824523,1105258,53938,1,11000,775,0,3,775.750,0.37
1824523,1105258,1306184,46,10768,699,0,1,699.250,0.37
1824523,1380902,6141,31,11310,851,0,5,852.250,0.37
1824523,250825,614152,75,19542,813,0,4,814.000,0.37
1824523,250825,1153974,90,18643,699,0,1,699.250,0.37
1824523,1532866,795027,34,11291,813,0,4,814.000,0.37
1824523,27844,639174,26,10958,813,0,4,814.000,0.37
1824523,1532866,816257,18,10684,699,0,1,699.250,0.37
1824523,27844,1235645,31,11142,851,0,5,852.250,0.37
1824523,125325,730150,372,10875,775,0,3,775.750,0.37
1824523,125325,860403,40,10601,737,0,2,737.500,0.37
1824523,11833,991775,225,11333,813,0,4,814.000,0.37
1824523,11833,1054194,53,10643,737,0,2,737.500,0.37
1825679,1134290,1376206,121,15084,889,0,6,890.500,0.37
1825679,1134290,270380,47,12517,737,0,2,737.500,0.37
1825679,731974,1220013,58,11083,775,0,3,775.750,0.37
1825679,731974,926996,51,11167,775,0,3,775.750,0.37
1825679,1592556,1216133,12,11601,813,0,4,814.000,0.37
1825679,1592556,428381,50,10833,737,0,2,737.500,0.37
1825679,1094874,306493,84,10518,737,0,2,737.500,0.37
1825679,1094874,1123612,44,10208,699,0,1,699.250,0.37
1825679,358532,427381,291,21185,889,0,6,890.500,0.37
1825679,1003161,592414,21,11084,813,0,4,814.000,0.37
1825679,1003161,1528963,40,11226,813,0,4,814.000,0.37
1825679,358532,1098298,15,19350,737,0,2,737.500,0.37
1825679,1499871,1540551,2,11475,813,0,4,814.000,0.37
1825679,295065,828463,39,10667,737,0,2,737.500,0.37
1825679,1499871,1157350,7,11708,851,0,5,852.250,0.37
1825679,295065,971590,38,11625,813,0,4,814.000,0.37
1825679,76104,807205,7,10875,775,0,3,775.750,0.37
1825679,76104,68174,46,10375,737,0,2,737.500,0.37
1825679,1330092,163259,256,20185,813,0,4,814.000,0.37
1825679,1330092,1775734,89,20434,813,0,4,814.000,0.37
1827863,387898,1536589,488,10792,741,0,3,741.750,0.94
1827863,387898,803067,32,10893,741,0,3,741.750,0.94
1827863,720516,829400,132,10517,705,0,2,705.500,0.94
1827863,720516,693137,45,11333,813,0,5,814.250,0.94
1827863,606542,596834,99,10791,777,0,4,778.000,0.94
1827863,606542,1174768,50,11250,813,0,5,814.250,0.94
1827863,1441122,1104183,218,10750,741,0,3,741.750,0.94
1827863,1441122,977134,38,10625,669,0,1,669.250,0.94
1827863,438053,789455,283,10500,669,0,1,669.250,0.94
1827863,438053,534520,54,10934,777,0,4,778.000,0.94
1827863,268306,1466629,1096,11792,849,0,6,850.500,0.94
1827863,268306,1680227,47,10917,705,0,2,705.500,0.94
1827863,264737,1733339,176,11392,741,0,3,741.750,0.94
1827863,264737,25235,45,10709,705,0,2,705.500,0.94
1827863,51913,998081,537,11250,849,0,6,850.500,0.94
1827863,51913,1634283,38,11309,813,0,5,814.250,0.94
1827863,1299664,1727961,70,11000,741,0,3,741.750,0.94
1827863,1299664,1734998,51,11101,777,0,4,778.000,0.94
1827863,65740,1804651,121,11208,777,0,4,778.000,0.94
1827863,65740,969555,50,11268,813,0,5,814.250,0.94
1828789,1425572,1313692,396,10959,768,0,1,768.250,0.62
1828789,1425572,1267407,48,11750,954,0,5,955.250,0.62
1828789,1492808,1416087,444,11393,813,0,2,813.500,0.62
1828789,1492808,586252,51,12042,879,0,4,880.000,0.62
1828789,608374,688898,32,11584,801,0,2,801.500,0.62
1828789,608374,1191610,50,11433,858,0,3,858.750,0.62
1828789,226673,384899,161,11542,891,0,4,892.000,0.62
1828789,226673,1248734,56,11417,840,0,3,840.750,0.62
1828789,893006,1652469,133,12250,897,0,4,898.000,0.62
1828789,1469446,1172515,19,11601,885,0,4,886.000,0.62
1828789,893006,139092,31,11185,786,0,1,786.250,0.62
1828789,1469446,412221,24,12166,942,0,5,943.250,0.62
1828789,1348765,1100148,82,11810,930,0,5,931.250,0.62
1828789,1348765,1260625,54,12041,942,0,5,943.250,0.62
1828789,605806,753661,460,11583,795,0,2,795.500,0.62
1828789,605806,1733367,49,10851,762,0,1,762.250,0.62
1828789,227919,1770341,286,11768,942,0,5,943.250,0.62
1828789,905260,515783,25,12000,906,0,5,907.250,0.62
1828789,227919,491621,28,12083,903,0,4,904.000,0.62
1828789,905260,428537,21,12042,930,0,5,931.250,0.62
1829203,654218,1697104,262,10958,775,0,3,775.750,0.86
1829203,654218,1739928,46,10834,775,0,3,775.750,0.86
1829203,1301899,631137,759,10642,737,0,2,737.500,0.86
1829203,1301899,1509642,48,11000,737,0,2,737.500,0.86
1829203,1124657,788304,687,11351,813,0,4,814.000,0.86
1829203,1124657,437985,55,10417,737,0,2,737.500,0.86
1829203,1405964,984177,1,10791,737,0,2,737.500,0.86
1829203,1405964,265436,45,10666,775,0,3,775.750,0.86
1829203,860607,654626,20,10810,775,0,3,775.750,0.86
1829203,860607,832645,50,10958,775,0,3,775.750,0.86
1829203,428481,1761625,968,11268,813,0,4,814.000,0.86
1829203,428481,1208942,53,11000,775,0,3,775.750,0.86
1829203,171027,965641,26,11791,889,0,6,890.500,0.86
1829203,295193,8953,18,11084,813,0,4,814.000,0.86
1829203,171027,625296,31,11083,813,0,4,814.000,0.86
1829203,295193,1197221,26,11143,813,0,4,814.000,0.86
1829203,559062,1808780,171,10875,813,0,4,814.000,0.86
1829203,559062,1675720,45,11459,851,0,5,852.250,0.86
1829203,1648728,1132060,399,11125,775,0,3,775.750,0.86
1829203,153174,1694734,6,11291,813,0,4,814.000,0.86
1830637,1364646,683859,403,11559,858,0,3,858.750,0.88
1830637,1364646,750886,48,11625,846,0,3,846.750,0.88
1830637,572072,126978,80,11976,918,0,5,919.250,0.88
1830637,572072,1720355,49,11958,948,0,5,949.250,0.88
1830637,1248885,320388,714,12267,954,0,5,955.250,0.88
1830637,1248885,569411,43,11542,813,0,2,813.500,0.88
1830637,357140,580391,28,11167,789,0,2,789.500,0.88
1830637,357140,1760009,52,11727,891,0,4,892.000,0.88
1830637,820607,228668,586,11792,897,0,4,898.000,0.88
1830637,820607,1343421,45,11726,897,0,4,898.000,0.88
1830637,242752,1441646,219,12250,897,0,4,898.000,0.88
1830637,242752,600971,46,11768,864,0,3,864.750,0.88
1830637,1367619,967414,373,11750,879,0,4,880.000,0.88
1830637,1137912,823821,9,11268,891,0,4,892.000,0.88
1830637,1367619,1652245,38,11851,834,0,3,834.750,0.88
1830637,1137912,520428,12,11708,858,0,3,858.750,0.88
1830637,685328,1663235,45,11083,795,0,2,795.500,0.88
1830637,685328,1772619,48,11600,813,0,2,813.500,0.88
1830637,1411830,1391987,548,21143,858,0,3,858.750,0.88
1830637,1830379,825447,44,11875,909,0,4,910.000,0.88
1831211,753277,1621974,364,11000,737,0,2,737.500,0.67
1831211,753277,1063580,50,10500,699,0,1,699.250,0.67
1831211,1504589,709505,328,10476,699,0,1,699.250,0.67
1831211,1504589,92744,48,11208,775,0,3,775.750,0.67
1831211,1142421,973228,182,11375,813,0,4,814.000,0.67
1831211,1142421,1351417,48,10809,737,0,2,737.500,0.67
1831211,482549,1220391,480,11583,813,0,4,814.000,0.67
1831211,673244,65635,41,11583,851,0,5,852.250,0.67
1831211,482549,914768,10,11666,813,0,4,814.000,0.67
1831211,673244,392646,55,12351,889,0,6,890.500,0.67
1831211,53650,646742,423,10541,699,0,1,699.250,0.67
1831211,53650,635018,36,10625,775,0,3,775.750,0.67
1831211,1682359,1040802,233,10625,737,0,2,737.500,0.67
1831211,1682359,481377,47,11375,851,0,5,852.250,0.67
1831211,905118,1118615,117,10500,737,0,2,737.500,0.67
1831211,905118,620134,40,10517,737,0,2,737.500,0.67
1831211,439925,1460935,38,11000,775,0,3,775.750,0.67
1831211,1020119,1592104,14,10959,775,0,3,775.750,0.67
1831211,439925,1147402,21,11768,851,0,5,852.250,0.67
1831211,1795295,1817910,5,10643,737,0,2,737.500,0.67
1837399,614191,1724086,34,13477,707,0,3,707.750,0.53
1837399,614191,1628600,37,13208,673,0,2,673.500,0.53
1837399,883072,1797037,75,14267,707,0,3,707.750,0.53
1837399,883072,732931,42,10958,707,0,3,707.750,0.53
1837399,185266,1049118,87,10792,707,0,3,707.750,0.53
1837399,185266,450249,37,10500,639,0,1,639.250,0.53
1837399,1225044,273870,274,10750,707,0,3,707.750,0.53
1837399,1225044,1066345,47,10560,707,0,3,707.750,0.53
1837399,964703,1401011,341,11292,775,0,5,776.250,0.53
1837399,964703,1556760,48,11250,775,0,5,776.250,0.53
1837399,1067586,593599,258,11000,673,0,2,673.500,0.53
1837399,1067586,15842,54,11392,707,0,3,707.750,0.53
1837399,173417,313091,181,11041,741,0,4,742.000,0.53
1837399,173417,415192,53,11750,775,0,5,776.250,0.53
1837399,13283,1402021,75,11291,775,0,5,776.250,0.53
1837399,13283,1191822,51,10875,741,0,4,742.000,0.53
1837399,1234340,1529423,88,10666,673,0,2,673.500,0.53
1837399,1234340,858508,50,10917,707,0,3,707.750,0.53
1837399,1612973,137436,101,10667,707,0,3,707.750,0.53
1837399,1612973,1076851,54,11808,775,0,5,776.250,0.53
