prime,A,x0,trials,cycles,mul_count,inv_count,branch_count,opcount_m3,batch_time_ms
1001629,132922,521964,139,6666,885,0,0,885.000,2.18
1001629,132922,513019,15,6351,873,0,0,873.000,2.18
1001629,476580,688738,90,6416,873,0,0,873.000,2.18
1001629,476580,995739,10,6584,879,0,0,879.000,2.18
1001629,966573,966578,620,6709,891,0,0,891.000,2.18
1001629,966573,258261,17,6750,891,0,0,891.000,2.18
1001629,446035,998632,569,6708,915,0,0,915.000,2.18
1001629,446035,689142,20,6476,897,0,0,897.000,2.18
1001629,539858,482890,631,6500,891,0,0,891.000,2.18
1001629,539858,738717,12,6917,909,0,0,909.000,2.18
1001629,263313,410961,261,6375,903,0,0,903.000,2.18
1001629,263313,181903,9,6727,885,0,0,885.000,2.18
1001629,791131,785259,385,6375,885,0,0,885.000,2.18
1001629,791131,481069,16,6559,867,0,0,867.000,2.18
1001629,34873,667332,110,6250,879,0,0,879.000,2.18
1001629,34873,480527,6,6434,885,0,0,885.000,2.18
1001629,402685,222638,294,6125,867,0,0,867.000,2.18
1001629,402685,320038,9,6167,879,0,0,879.000,2.18
1001629,994404,219278,530,6416,879,0,0,879.000,2.18
1001629,994404,118488,12,7000,909,0,0,909.000,2.18
1003109,404105,307923,116,6768,942,0,0,942.000,0.65
1003109,404105,872316,14,6875,942,0,0,942.000,0.65
1003109,663469,43224,213,6809,948,0,0,948.000,0.65
1003109,410389,500134,1,6685,960,0,0,960.000,0.65
1003109,621466,641331,2,6750,960,0,0,960.000,0.65
1003109,663469,834068,12,6875,954,0,0,954.000,0.65
1003109,410389,883622,1,7083,966,0,0,966.000,0.65
1003109,621466,28068,4,7250,948,0,0,948.000,0.65
1003109,658866,694814,335,6833,942,0,0,942.000,0.65
1003109,658866,103993,28,6917,954,0,0,954.000,0.65
1003109,59970,239445,213,6625,948,0,0,948.000,0.65
1003109,59970,856176,19,6750,954,0,0,954.000,0.65
1003109,196210,130574,268,6518,954,0,0,954.000,0.65
1003109,196210,748158,10,6916,960,0,0,960.000,0.65
1003109,768883,639686,116,6791,954,0,0,954.000,0.65
1003109,768883,152115,23,6726,948,0,0,948.000,0.65
1003109,712784,245208,23,13476,960,0,0,960.000,0.65
1003109,606721,214311,16,6875,948,0,0,948.000,0.65
1003109,606721,988030,17,6542,924,0,0,924.000,0.65
1003109,712784,748862,4,13458,966,0,0,966.000,0.65
1006769,FAILED,FAILED,FAILED,FAILED,FAILED,FAILED,FAILED,FAILED,FAILED
1006883,981110,212752,12,7458,885,0,0,885.000,1.07
1006883,981110,55935,17,7041,885,0,0,885.000,1.07
1006883,579291,851724,238,6209,885,0,0,885.000,1.07
1006883,579291,19509,14,6125,885,0,0,885.000,1.07
1006883,169462,107121,93,5791,885,0,0,885.000,1.07
1006883,169462,428154,16,5958,885,0,0,885.000,1.07
1006883,116241,67911,788,5917,885,0,0,885.000,1.07
1006883,116241,382264,10,5875,885,0,0,885.000,1.07
1006883,271081,728709,307,5833,885,0,0,885.000,1.07
1006883,271081,488220,14,5916,885,0,0,885.000,1.07
1006883,44828,731896,123,6333,885,0,0,885.000,1.07
1006883,44828,126048,13,6292,885,0,0,885.000,1.07
1006883,472888,281823,38,5893,885,0,0,885.000,1.07
1006883,472888,834643,21,6125,885,0,0,885.000,1.07
1006883,998418,685664,161,6209,885,0,0,885.000,1.07
1006883,998418,820041,15,6042,885,0,0,885.000,1.07
1006883,641540,41881,348,6226,885,0,0,885.000,1.07
1006883,641540,803977,15,6250,885,0,0,885.000,1.07
1006883,804294,636936,138,5833,885,0,0,885.000,1.07
1006883,804294,307873,17,6000,885,0,0,885.000,1.07
1009159,580892,415230,160,5792,843,0,0,843.000,1.46
1009159,842522,913327,1,13375,843,0,0,843.000,1.46
1009159,580892,157378,16,5917,843,0,0,843.000,1.46
1009159,842522,908962,19,11792,843,0,0,843.000,1.46
1009159,978592,620783,12,5934,843,0,0,843.000,1.46
1009159,978592,115065,14,6000,843,0,0,843.000,1.46
1009159,736263,969382,15,5958,843,0,0,843.000,1.46
1009159,736263,136599,17,6125,843,0,0,843.000,1.46
1009159,776846,651145,993,6000,843,0,0,843.000,1.46
1009159,776846,869307,19,5958,843,0,0,843.000,1.46
1009159,141002,310923,195,5959,843,0,0,843.000,1.46
1009159,141002,223470,14,6167,843,0,0,843.000,1.46
1009159,107531,1006229,47,5959,843,0,0,843.000,1.46
1009159,107531,865605,19,5792,843,0,0,843.000,1.46
1009159,723354,781126,901,5792,843,0,0,843.000,1.46
1009159,723354,447878,12,5768,843,0,0,843.000,1.46
1009159,555081,74847,709,5977,843,0,0,843.000,1.46
1009159,555081,938790,12,6125,843,0,0,843.000,1.46
1009159,599145,409957,5,6209,843,0,0,843.000,1.46
1009159,599145,946434,9,6042,843,0,0,843.000,1.46
1009193,FAILED,FAILED,FAILED,FAILED,FAILED,FAILED,FAILED,FAILED,FAILED
1012481,FAILED,FAILED,FAILED,FAILED,FAILED,FAILED,FAILED,FAILED,FAILED
1016497,FAILED,FAILED,FAILED,FAILED,FAILED,FAILED,FAILED,FAILED,FAILED
1019357,267304,950022,112,6584,948,0,0,948.000,0.56
1019357,267304,798411,20,6625,948,0,0,948.000,0.56
1019357,288018,443545,32,6958,954,0,0,954.000,0.56
1019357,288018,185345,23,6935,960,0,0,960.000,0.56
1019357,166298,209700,234,6500,948,0,0,948.000,0.56
1019357,166298,209718,14,6333,930,0,0,930.000,0.56
1019357,873128,91850,29,6750,960,0,0,960.000,0.56
1019357,347788,758262,4,6166,924,0,0,924.000,0.56
1019357,873128,573280,9,6476,948,0,0,948.000,0.56
1019357,347788,363829,3,6601,960,0,0,960.000,0.56
1019357,526682,760004,112,6542,918,0,0,918.000,0.56
1019357,526682,347924,16,6584,930,0,0,930.000,0.56
1019357,374062,506708,93,6709,936,0,0,936.000,0.56
1019357,374062,85516,19,6559,930,0,0,930.000,0.56
1019357,265050,946420,71,6559,954,0,0,954.000,0.56
1019357,265050,252651,13,6500,948,0,0,948.000,0.56
1019357,982055,414801,292,6292,936,0,0,936.000,0.56
1019357,982055,833956,20,6416,954,0,0,954.000,0.56
1019357,238544,807023,59,6476,948,0,0,948.000,0.56
1019357,238544,690546,13,6792,954,0,0,954.000,0.56
1020683,342275,103400,143,11558,864,0,0,864.000,1.38
1020683,342275,720647,28,11542,864,0,0,864.000,1.38
1020683,465408,466003,426,5893,864,0,0,864.000,1.38
1020683,465408,274037,14,5792,864,0,0,864.000,1.38
1020683,630642,132337,336,6000,864,0,0,864.000,1.38
1020683,630642,173497,20,6084,864,0,0,864.000,1.38
1020683,231176,946711,784,6042,864,0,0,864.000,1.38
1020683,231176,712388,14,6083,864,0,0,864.000,1.38
1020683,679382,378089,17,5768,864,0,0,864.000,1.38
1020683,679382,25658,20,6209,864,0,0,864.000,1.38
1020683,431591,208936,96,11334,864,0,0,864.000,1.38
1020683,955929,286432,6,5833,864,0,0,864.000,1.38
1020683,955929,520410,14,5875,864,0,0,864.000,1.38
1020683,431591,393843,11,11208,864,0,0,864.000,1.38
1020683,787898,645178,328,5708,864,0,0,864.000,1.38
1020683,787898,478457,9,5976,864,0,0,864.000,1.38
1020683,459743,49789,702,6166,864,0,0,864.000,1.38
1020683,459743,732035,13,5958,864,0,0,864.000,1.38
1020683,915265,410607,3,5917,864,0,0,864.000,1.38
1020683,915265,476593,13,6185,864,0,0,864.000,1.38
1021429,500952,786685,95,6792,990,0,0,990.000,1.37
1021429,500952,835683,19,6768,1002,0,0,1002.000,1.37
1021429,631623,335501,195,6518,972,0,0,972.000,1.37
1021429,631623,521266,16,6500,984,0,0,984.000,1.37
1021429,602639,655431,545,7875,978,0,0,978.000,1.37
1021429,602639,525490,17,8059,990,0,0,990.000,1.37
1021429,16563,737194,304,8083,996,0,0,996.000,1.37
1021429,16563,690755,16,7833,972,0,0,972.000,1.37
1021429,997713,128628,426,8058,978,0,0,978.000,1.37
1021429,997713,113889,13,7792,978,0,0,978.000,1.37
1021429,637470,476265,286,7708,978,0,0,978.000,1.37
1021429,637470,127098,14,8060,984,0,0,984.000,1.37
1021429,828841,573613,183,7750,978,0,0,978.000,1.37
1021429,828841,727917,14,8209,1002,0,0,1002.000,1.37
1021429,423424,296400,123,8084,1008,0,0,1008.000,1.37
1021429,423424,53955,19,8542,1008,0,0,1008.000,1.37
1021429,627549,689048,53,8208,996,0,0,996.000,1.37
1021429,627549,439908,24,7792,990,0,0,990.000,1.37
1021429,856891,567565,49,13459,996,0,0,996.000,1.37
1021429,856891,524430,38,12958,996,0,0,996.000,1.37
1021907,702563,911558,330,7250,927,0,0,927.000,3.12
1021907,702563,416305,9,7143,927,0,0,927.000,3.12
1021907,962285,43701,273,12643,927,0,0,927.000,3.12
1021907,962285,584301,22,12250,927,0,0,927.000,3.12
1021907,18879,979261,28,7208,927,0,0,927.000,3.12
1021907,18879,716871,15,7350,927,0,0,927.000,3.12
1021907,23410,772244,1205,12393,927,0,0,927.000,3.12
1021907,23410,856437,29,12375,927,0,0,927.000,3.12
1021907,43029,200821,76,7125,927,0,0,927.000,3.12
1021907,43029,673257,11,7351,927,0,0,927.000,3.12
1021907,632930,531207,330,12642,927,0,0,927.000,3.12
1021907,632930,962829,23,12167,927,0,0,927.000,3.12
1021907,404767,182071,237,7208,927,0,0,927.000,3.12
1021907,404767,97125,16,7333,927,0,0,927.000,3.12
1021907,985062,67540,459,7333,927,0,0,927.000,3.12
1021907,985062,176713,16,7226,927,0,0,927.000,3.12
1021907,486397,313232,1300,7393,927,0,0,927.000,3.12
1021907,486397,320774,12,7333,927,0,0,927.000,3.12
1021907,605843,634037,1334,7434,927,0,0,927.000,3.12
1021907,605843,71967,10,7333,927,0,0,927.000,3.12
1022611,961711,617219,149,6375,885,0,0,885.000,0.68
1022611,961711,913308,9,6375,885,0,0,885.000,0.68
1022611,295127,709949,89,6625,885,0,0,885.000,0.68
1022611,295127,373994,9,6434,885,0,0,885.000,0.68
1022611,478654,492109,48,6393,885,0,0,885.000,0.68
1022611,478654,880562,10,6250,885,0,0,885.000,0.68
1022611,666949,341103,333,6333,885,0,0,885.000,0.68
1022611,746386,126255,20,6416,885,0,0,885.000,0.68
1022611,666949,421682,7,6417,885,0,0,885.000,0.68
1022611,746386,885884,7,6417,885,0,0,885.000,0.68
1022611,670413,274861,107,6334,885,0,0,885.000,0.68
1022611,670413,167391,12,6250,885,0,0,885.000,0.68
1022611,879034,377857,254,12018,885,0,0,885.000,0.68
1022611,9657,261149,13,6333,885,0,0,885.000,0.68
1022611,482381,12939,5,6250,885,0,0,885.000,0.68
1022611,879034,174694,5,12000,885,0,0,885.000,0.68
1022611,9657,30334,5,6209,885,0,0,885.000,0.68
1022611,482381,803965,1,6417,885,0,0,885.000,0.68
1022611,920297,233865,235,6417,885,0,0,885.000,0.68
1022611,401570,755762,3,6709,885,0,0,885.000,0.68
1023313,FAILED,FAILED,FAILED,FAILED,FAILED,FAILED,FAILED,FAILED,FAILED
1024379,506859,682629,21,6792,906,0,0,906.000,0.82
1024379,506859,846911,38,17018,906,0,0,906.000,0.82
1024379,921265,729629,23,6792,906,0,0,906.000,0.82
1024379,241936,312171,14,6791,906,0,0,906.000,0.82
1024379,921265,944071,5,6583,906,0,0,906.000,0.82
1024379,241936,290226,10,6583,906,0,0,906.000,0.82
1024379,941506,800030,193,6708,906,0,0,906.000,0.82
1024379,941506,322154,11,6458,906,0,0,906.000,0.82
1024379,731698,292560,124,6583,906,0,0,906.000,0.82
1024379,731698,54232,9,6584,906,0,0,906.000,0.82
1024379,911814,304700,440,6434,906,0,0,906.000,0.82
1024379,911814,486200,12,6500,906,0,0,906.000,0.82
1024379,941506,121803,160,6542,906,0,0,906.000,0.82
1024379,941506,111217,11,6850,906,0,0,906.000,0.82
1024379,581180,986102,148,6709,906,0,0,906.000,0.82
1024379,814110,819647,9,6500,906,0,0,906.000,0.82
1024379,581180,857566,2,6500,906,0,0,906.000,0.82
1024379,814110,615999,9,6500,906,0,0,906.000,0.82
1024379,877624,41045,86,6584,906,0,0,906.000,0.82
1024379,877624,765001,13,6333,906,0,0,906.000,0.82
1026761,FAILED,FAILED,FAILED,FAILED,FAILED,FAILED,FAILED,FAILED,FAILED
1027853,449870,955677,304,7000,954,0,0,954.000,1.60
1027853,449870,610414,12,7101,948,0,0,948.000,1.60
1027853,1008769,34282,12,7042,948,0,0,948.000,1.60
1027853,1008769,288899,18,7291,948,0,0,948.000,1.60
1027853,298260,252930,179,7393,960,0,0,960.000,1.60
1027853,298260,977268,18,7500,978,0,0,978.000,1.60
1027853,449870,759391,287,7209,954,0,0,954.000,1.60
1027853,449870,638980,16,7250,948,0,0,948.000,1.60
1027853,485778,956307,283,7333,948,0,0,948.000,1.60
1027853,485778,1011505,17,7375,960,0,0,960.000,1.60
1027853,448315,197459,1136,7167,942,0,0,942.000,1.60
1027853,448315,816963,15,7334,966,0,0,966.000,1.60
1027853,27927,240907,158,7416,966,0,0,966.000,1.60
1027853,27927,946995,20,7375,960,0,0,960.000,1.60
1027853,302392,193102,48,6959,948,0,0,948.000,1.60
1027853,302392,94252,17,7083,948,0,0,948.000,1.60
1027853,897236,404658,32,7125,942,0,0,942.000,1.60
1027853,897236,262130,19,7417,954,0,0,954.000,1.60
1027853,206696,836744,411,7250,960,0,0,960.000,1.60
1027853,641149,950605,3,7125,948,0,0,948.000,1.60
1028597,941483,141125,128,6916,990,0,0,990.000,0.94
1028597,678946,750965,6,7167,996,0,0,996.000,0.94
1028597,941483,562164,5,7292,966,0,0,966.000,0.94
1028597,678946,369081,9,7292,996,0,0,996.000,0.94
1028597,17474,764336,272,7000,984,0,0,984.000,0.94
1028597,17474,886041,17,7292,996,0,0,996.000,0.94
1028597,334533,483952,246,7042,966,0,0,966.000,0.94
1028597,334533,744401,15,7458,978,0,0,978.000,0.94
1028597,593350,792421,37,6917,978,0,0,978.000,0.94
1028597,593350,679562,11,7125,984,0,0,984.000,0.94
1028597,757055,336509,307,7208,1002,0,0,1002.000,0.94
1028597,757055,82203,9,7083,990,0,0,990.000,0.94
1028597,701130,982397,52,14059,1008,0,0,1008.000,0.94
1028597,701130,850962,15,13375,996,0,0,996.000,0.94
1028597,225718,838049,24,6851,978,0,0,978.000,0.94
1028597,225718,317822,11,7583,996,0,0,996.000,0.94
1028597,848763,108082,20,7333,996,0,0,996.000,0.94
1028597,848763,801192,14,7208,978,0,0,978.000,0.94
1028597,33571,960733,271,7167,984,0,0,984.000,0.94
1028597,33571,248809,18,7542,990,0,0,990.000,0.94
1028843,849203,580067,52,6459,927,0,0,927.000,1.24
1028843,849203,804541,12,6393,927,0,0,927.000,1.24
1028843,594414,705022,443,6500,927,0,0,927.000,1.24
1028843,594414,124863,10,6643,927,0,0,927.000,1.24
1028843,685512,603142,432,6417,927,0,0,927.000,1.24
1028843,685512,446695,13,6725,927,0,0,927.000,1.24
1028843,177953,457091,107,6500,927,0,0,927.000,1.24
1028843,177953,69469,8,6417,927,0,0,927.000,1.24
1028843,351971,680847,48,6458,927,0,0,927.000,1.24
1028843,351971,618860,15,6542,927,0,0,927.000,1.24
1028843,514216,352401,37,6500,927,0,0,927.000,1.24
1028843,514216,974937,12,6625,927,0,0,927.000,1.24
1028843,211756,447285,90,6458,927,0,0,927.000,1.24
1028843,211756,554527,11,6643,927,0,0,927.000,1.24
1028843,515522,542211,618,6476,927,0,0,927.000,1.24
1028843,515522,450283,12,6625,927,0,0,927.000,1.24
1028843,86033,183066,197,11875,927,0,0,927.000,1.24
1028843,814828,732660,20,11750,927,0,0,927.000,1.24
1028843,86033,908556,11,11667,927,0,0,927.000,1.24
1028843,814828,660128,24,11643,927,0,0,927.000,1.24
1033007,180447,139574,589,6851,864,0,0,864.000,0.90
1033007,180447,652383,12,6459,864,0,0,864.000,0.90
1033007,532340,16359,124,6500,864,0,0,864.000,0.90
1033007,532340,113919,19,6875,864,0,0,864.000,0.90
1033007,65158,601860,11,6375,864,0,0,864.000,0.90
1033007,928478,297420,10,6458,864,0,0,864.000,0.90
1033007,65158,210561,5,6459,864,0,0,864.000,0.90
1033007,928478,881107,8,6643,864,0,0,864.000,0.90
1033007,376573,460966,107,6375,864,0,0,864.000,0.90
1033007,376573,820583,16,6458,864,0,0,864.000,0.90
1033007,779637,481639,356,6500,864,0,0,864.000,0.90
1033007,462175,376890,11,11459,864,0,0,864.000,0.90
1033007,779637,811217,1,6375,864,0,0,864.000,0.90
1033007,462175,373081,23,11500,864,0,0,864.000,0.90
1033007,249432,23513,83,11642,864,0,0,864.000,0.90
1033007,249432,205926,33,11959,864,0,0,864.000,0.90
1033007,400927,367736,134,6541,864,0,0,864.000,0.90
1033007,400927,29911,10,6726,864,0,0,864.000,0.90
1033007,384624,446446,123,6416,864,0,0,864.000,0.90
1033007,384624,116767,9,6583,864,0,0,864.000,0.90
1033421,450102,905177,173,6834,909,0,0,909.000,0.69
1033421,450102,350594,20,7416,927,0,0,927.000,0.69
1033421,80946,219710,150,6875,909,0,0,909.000,0.69
1033421,80946,364013,8,6809,909,0,0,909.000,0.69
1033421,609766,587448,63,7167,939,0,0,939.000,0.69
1033421,609766,479005,8,7125,933,0,0,933.000,0.69
1033421,636172,521860,145,6768,915,0,0,915.000,0.69
1033421,636172,723725,11,7083,921,0,0,921.000,0.69
1033421,102539,769759,29,6750,927,0,0,927.000,0.69
1033421,102539,14534,18,6767,909,0,0,909.000,0.69
1033421,968074,582190,208,7125,945,0,0,945.000,0.69
1033421,968074,617069,19,7100,939,0,0,939.000,0.69
1033421,265796,840915,87,7000,933,0,0,933.000,0.69
1033421,265796,69868,20,7167,915,0,0,915.000,0.69
1033421,792092,964013,14,6833,927,0,0,927.000,0.69
1033421,792092,41331,14,7060,927,0,0,927.000,0.69
1033421,949634,950204,73,6709,921,0,0,921.000,0.69
1033421,949634,186880,15,6875,915,0,0,915.000,0.69
1033421,441248,577668,101,6792,927,0,0,927.000,0.69
1033421,441248,907467,15,6934,939,0,0,939.000,0.69
1033663,376919,565886,197,11601,864,0,0,864.000,1.43
1033663,376919,992112,33,11333,864,0,0,864.000,1.43
1033663,683889,656627,441,6583,864,0,0,864.000,1.43
1033663,683889,439303,16,6166,864,0,0,864.000,1.43
1033663,621220,977088,231,6459,864,0,0,864.000,1.43
1033663,621220,237860,16,6584,864,0,0,864.000,1.43
1033663,747616,184116,465,6583,864,0,0,864.000,1.43
1033663,747616,828435,15,6333,864,0,0,864.000,1.43
1033663,95960,382615,100,6583,864,0,0,864.000,1.43
1033663,95960,230633,15,6541,864,0,0,864.000,1.43
1033663,769816,778418,100,6375,864,0,0,864.000,1.43
1033663,769816,685291,19,6434,864,0,0,864.000,1.43
1033663,620499,134201,856,5893,864,0,0,864.000,1.43
1033663,620499,26078,17,6000,864,0,0,864.000,1.43
1033663,658193,770972,92,5750,864,0,0,864.000,1.43
1033663,658193,883151,12,6059,864,0,0,864.000,1.43
1033663,555217,704001,359,5958,864,0,0,864.000,1.43
1033663,555217,902887,18,6125,864,0,0,864.000,1.43
1033663,338106,219259,63,5917,864,0,0,864.000,1.43
1033663,338106,215018,12,6000,864,0,0,864.000,1.43
1035649,FAILED,FAILED,FAILED,FAILED,FAILED,FAILED,FAILED,FAILED,FAILED
1036271,235307,998540,1575,5958,948,0,0,948.000,2.88
1036271,235307,780092,16,6167,948,0,0,948.000,2.88
1036271,705517,1011132,1031,6084,948,0,0,948.000,2.88
1036271,705517,483038,20,6209,948,0,0,948.000,2.88
1036271,1033345,455141,93,6018,948,0,0,948.000,2.88
1036271,1033345,359088,20,6208,948,0,0,948.000,2.88
1036271,2071,887101,266,6041,948,0,0,948.000,2.88
1036271,2071,290452,20,6000,948,0,0,948.000,2.88
1036271,957774,169796,340,5917,948,0,0,948.000,2.88
1036271,957774,419792,10,6084,948,0,0,948.000,2.88
1036271,462878,572785,355,6125,948,0,0,948.000,2.88
1036271,462878,909703,20,5875,948,0,0,948.000,2.88
1036271,829816,753284,166,6101,948,0,0,948.000,2.88
1036271,829816,808262,9,6083,948,0,0,948.000,2.88
1036271,122549,646784,195,6042,948,0,0,948.000,2.88
1036271,122549,188799,10,5917,948,0,0,948.000,2.88
1036271,789098,316672,1185,6084,948,0,0,948.000,2.88
1036271,789098,616784,6,6143,948,0,0,948.000,2.88
1036271,342630,10047,887,5917,948,0,0,948.000,2.88
1036271,342630,33135,18,6042,948,0,0,948.000,2.88
1037303,376809,894786,66,6666,948,0,0,948.000,0.51
1037303,376809,669979,19,6041,948,0,0,948.000,0.51
1037303,906360,38893,37,6250,948,0,0,948.000,0.51
1037303,906360,824680,12,6166,948,0,0,948.000,0.51
1037303,574846,436404,14,12292,948,0,0,948.000,0.51
1037303,574846,118464,26,12100,948,0,0,948.000,0.51
1037303,492459,199294,33,6166,948,0,0,948.000,0.51
1037303,492459,749341,10,6375,948,0,0,948.000,0.51
1037303,676195,700698,29,12810,948,0,0,948.000,0.51
1037303,676195,769478,31,12500,948,0,0,948.000,0.51
1037303,26022,470787,115,6058,948,0,0,948.000,0.51
1037303,26022,412085,12,6167,948,0,0,948.000,0.51
1037303,503620,335609,166,6167,948,0,0,948.000,0.51
1037303,503620,538127,16,6083,948,0,0,948.000,0.51
1037303,806019,684694,102,6125,948,0,0,948.000,0.51
1037303,806019,264695,9,6125,948,0,0,948.000,0.51
1037303,150489,123392,424,6125,948,0,0,948.000,0.51
1037303,150489,783126,11,6333,948,0,0,948.000,0.51
1037303,574076,700055,13,6333,948,0,0,948.000,0.51
1037303,574076,310737,15,6208,948,0,0,948.000,0.51
1039033,FAILED,FAILED,FAILED,FAILED,FAILED,FAILED,FAILED,FAILED,FAILED
1040159,980105,743308,228,12101,906,0,0,906.000,1.68
1040159,980105,439659,25,11667,906,0,0,906.000,1.68
1040159,729711,803874,425,5875,906,0,0,906.000,1.68
1040159,729711,278477,7,6000,906,0,0,906.000,1.68
1040159,163081,502273,219,5792,906,0,0,906.000,1.68
1040159,163081,91560,20,5893,906,0,0,906.000,1.68
1040159,655654,444391,163,5977,906,0,0,906.000,1.68
1040159,655654,924229,15,6167,906,0,0,906.000,1.68
1040159,792087,66377,139,5976,906,0,0,906.000,1.68
1040159,792087,372392,13,5833,906,0,0,906.000,1.68
1040159,93988,458073,887,6042,906,0,0,906.000,1.68
1040159,93988,511643,19,6042,906,0,0,906.000,1.68
1040159,974532,786256,481,6459,906,0,0,906.000,1.68
1040159,974532,20794,10,5792,906,0,0,906.000,1.68
1040159,104040,908553,852,5834,906,0,0,906.000,1.68
1040159,104040,571785,16,5917,906,0,0,906.000,1.68
1040159,824852,815426,162,6143,906,0,0,906.000,1.68
1040159,824852,58672,12,5834,906,0,0,906.000,1.68
1040159,160063,470828,29,5875,906,0,0,906.000,1.68
1040159,160063,382610,15,6208,906,0,0,906.000,1.68
1043839,606275,222320,231,6041,885,0,0,885.000,1.24
1043839,606275,654630,10,5809,885,0,0,885.000,1.24
1043839,19109,390899,238,5792,885,0,0,885.000,1.24
1043839,19109,273502,9,5852,885,0,0,885.000,1.24
1043839,620458,949640,608,5917,885,0,0,885.000,1.24
1043839,620458,1042832,6,5875,885,0,0,885.000,1.24
1043839,540389,246773,2,6125,885,0,0,885.000,1.24
1043839,540389,904113,6,5892,885,0,0,885.000,1.24
1043839,633119,357623,450,5750,885,0,0,885.000,1.24
1043839,633119,992085,18,5833,885,0,0,885.000,1.24
1043839,943156,1011460,121,5834,885,0,0,885.000,1.24
1043839,943156,744706,16,6416,885,0,0,885.000,1.24
1043839,945903,784095,382,6291,885,0,0,885.000,1.24
1043839,945903,197314,12,6042,885,0,0,885.000,1.24
1043839,427470,229409,131,5917,885,0,0,885.000,1.24
1043839,427470,183217,11,5834,885,0,0,885.000,1.24
1043839,848958,826569,314,5792,885,0,0,885.000,1.24
1043839,848958,237781,11,5809,885,0,0,885.000,1.24
1043839,1033750,43288,35,5625,885,0,0,885.000,1.24
1043839,1033750,989466,12,5792,885,0,0,885.000,1.24
1046413,78315,132531,759,6643,990,0,0,990.000,1.59
1046413,78315,954599,14,6542,990,0,0,990.000,1.59
1046413,494873,11562,148,6375,966,0,0,966.000,1.59
1046413,494873,832916,20,6500,966,0,0,966.000,1.59
1046413,1024244,398766,45,13083,990,0,0,990.000,1.59
1046413,1024244,838415,21,13041,990,0,0,990.000,1.59
1046413,653456,673516,131,6417,990,0,0,990.000,1.59
1046413,653456,475771,15,6459,966,0,0,966.000,1.59
1046413,301620,277889,13,6500,990,0,0,990.000,1.59
1046413,301620,245437,12,6625,984,0,0,984.000,1.59
1046413,990400,469305,229,6917,1008,0,0,1008.000,1.59
1046413,990400,880295,24,6916,990,0,0,990.000,1.59
1046413,577172,430192,1015,6041,978,0,0,978.000,1.59
1046413,577172,299461,16,6667,996,0,0,996.000,1.59
1046413,968654,827751,238,6125,996,0,0,996.000,1.59
1046413,590646,276373,11,6125,984,0,0,984.000,1.59
1046413,968654,566376,3,6458,1008,0,0,1008.000,1.59
1046413,590646,520789,15,6375,984,0,0,984.000,1.59
1046413,24352,793236,494,6167,990,0,0,990.000,1.59
1046413,24352,477595,14,6041,978,0,0,978.000,1.59
1047229,520815,217387,128,6125,963,0,0,963.000,0.93
1047229,520815,328945,18,6291,975,0,0,975.000,0.93
1047229,165149,942587,354,5917,957,0,0,957.000,0.93
1047229,165149,230307,12,6267,963,0,0,963.000,0.93
1047229,664211,492236,36,13084,957,0,0,957.000,0.93
1047229,664211,636604,47,13101,963,0,0,963.000,0.93
1047229,350176,65688,229,6166,969,0,0,969.000,0.93
1047229,350176,227382,20,6458,981,0,0,981.000,0.93
1047229,3077,178048,19,6183,969,0,0,969.000,0.93
1047229,3077,259342,17,6292,981,0,0,981.000,0.93
1047229,683443,328925,323,13167,957,0,0,957.000,0.93
1047229,683443,1035295,34,13559,987,0,0,987.000,0.93
1047229,498317,830295,339,6310,975,0,0,975.000,0.93
1047229,498317,36239,23,6375,945,0,0,945.000,0.93
1047229,677581,325618,159,14310,951,0,0,951.000,0.93
1047229,677581,908139,26,12750,963,0,0,963.000,0.93
1047229,773943,823540,185,5958,957,0,0,957.000,0.93
1047229,773943,223082,8,6333,963,0,0,963.000,0.93
1047229,638314,866479,40,6208,981,0,0,981.000,0.93
1047229,638314,677352,13,6375,975,0,0,975.000,0.93
1053259,543604,939048,195,5458,801,0,0,801.000,1.17
1053259,543604,881932,15,5250,801,0,0,801.000,1.17
1053259,481194,194199,57,5417,801,0,0,801.000,1.17
1053259,481194,324378,15,5500,801,0,0,801.000,1.17
1053259,355508,364727,270,5250,801,0,0,801.000,1.17
1053259,355508,995243,13,5375,801,0,0,801.000,1.17
1053259,235180,882576,511,5583,801,0,0,801.000,1.17
1053259,235180,639936,10,5667,801,0,0,801.000,1.17
1053259,507930,793274,225,5584,801,0,0,801.000,1.17
1053259,507930,210706,16,5583,801,0,0,801.000,1.17
1053259,259916,417216,505,5583,801,0,0,801.000,1.17
1053259,259916,493163,10,5791,801,0,0,801.000,1.17
1053259,299012,453780,303,5584,801,0,0,801.000,1.17
1053259,299012,628887,18,5667,801,0,0,801.000,1.17
1053259,794237,704971,167,10810,801,0,0,801.000,1.17
1053259,794237,589062,32,10750,801,0,0,801.000,1.17
1053259,705697,644574,76,5542,801,0,0,801.000,1.17
1053259,705697,224805,8,5334,801,0,0,801.000,1.17
1053259,485651,857850,303,5375,801,0,0,801.000,1.17
1053259,485651,84118,10,5458,801,0,0,801.000,1.17
1054483,202676,909716,1160,5542,822,0,0,822.000,1.98
1054483,202676,1025540,3,6000,822,0,0,822.000,1.98
1054483,772630,804067,113,5583,822,0,0,822.000,1.98
1054483,772630,745761,11,5417,822,0,0,822.000,1.98
1054483,898130,1037884,345,11084,822,0,0,822.000,1.98
1054483,898130,132562,40,10809,822,0,0,822.000,1.98
1054483,1051167,976768,342,10893,822,0,0,822.000,1.98
1054483,1051167,173886,34,10792,822,0,0,822.000,1.98
1054483,772630,766939,22,5559,822,0,0,822.000,1.98
1054483,772630,887135,19,5709,822,0,0,822.000,1.98
1054483,682706,228148,1237,5517,822,0,0,822.000,1.98
1054483,682706,718358,14,5541,822,0,0,822.000,1.98
1054483,229648,840883,711,5750,822,0,0,822.000,1.98
1054483,229648,837129,9,5417,822,0,0,822.000,1.98
1054483,504339,964516,113,5334,822,0,0,822.000,1.98
1054483,504339,376094,19,5375,822,0,0,822.000,1.98
1054483,693323,698027,222,5459,822,0,0,822.000,1.98
1054483,693323,687705,13,5559,822,0,0,822.000,1.98
1054483,259379,42967,188,5500,822,0,0,822.000,1.98
1054483,259379,931773,13,5625,822,0,0,822.000,1.98
1054853,299662,685068,341,5808,843,0,0,843.000,0.98
1054853,299662,768897,19,5833,843,0,0,843.000,0.98
1054853,852856,845381,28,5792,837,0,0,837.000,0.98
1054853,852856,657025,10,6167,849,0,0,849.000,0.98
1054853,942752,971180,169,6000,837,0,0,837.000,0.98
1054853,942752,952080,21,5750,831,0,0,831.000,0.98
1054853,908709,414285,140,11809,837,0,0,837.000,0.98
1054853,908709,393520,20,11792,837,0,0,837.000,0.98
1054853,603709,465783,226,5750,843,0,0,843.000,0.98
1054853,603709,992416,10,6083,855,0,0,855.000,0.98
1054853,774764,363628,67,6083,867,0,0,867.000,0.98
1054853,774764,538500,17,6017,855,0,0,855.000,0.98
1054853,183308,115573,149,5834,831,0,0,831.000,0.98
1054853,183308,746779,14,6042,855,0,0,855.000,0.98
1054853,479157,278782,313,6125,843,0,0,843.000,0.98
1054853,479157,435957,11,6375,849,0,0,849.000,0.98
1054853,708421,723036,418,6083,855,0,0,855.000,0.98
1054853,708421,1051428,9,6225,849,0,0,849.000,0.98
1054853,967978,408441,67,6000,837,0,0,837.000,0.98
1054853,967978,54636,25,6060,843,0,0,843.000,0.98
1055143,907579,172359,83,5601,822,0,0,822.000,0.84
1055143,907579,993198,16,5625,822,0,0,822.000,0.84
1055143,355313,60126,169,5584,822,0,0,822.000,0.84
1055143,355313,269591,2,5542,822,0,0,822.000,0.84
1055143,592141,748581,199,5167,822,0,0,822.000,0.84
1055143,592141,985874,11,5292,822,0,0,822.000,0.84
1055143,348953,693884,328,5083,822,0,0,822.000,0.84
1055143,348953,730924,14,5417,822,0,0,822.000,0.84
1055143,432849,222497,5,10875,822,0,0,822.000,0.84
1055143,814849,758715,11,5226,822,0,0,822.000,0.84
1055143,432849,607662,10,10892,822,0,0,822.000,0.84
1055143,814849,574210,1,5125,822,0,0,822.000,0.84
1055143,344707,912804,108,10726,822,0,0,822.000,0.84
1055143,344707,588606,21,10625,822,0,0,822.000,0.84
1055143,15192,160216,108,5208,822,0,0,822.000,0.84
1055143,432240,992228,3,10684,822,0,0,822.000,0.84
1055143,15192,279153,4,5267,822,0,0,822.000,0.84
1055143,432240,28891,18,11958,822,0,0,822.000,0.84
1055143,289234,1004269,612,5559,822,0,0,822.000,0.84
1055143,289234,815938,11,5209,822,0,0,822.000,0.84
1055531,51763,53963,275,5250,843,0,0,843.000,1.02
1055531,51763,105905,15,5334,843,0,0,843.000,1.02
1055531,297827,955375,274,5209,843,0,0,843.000,1.02
1055531,992736,804755,1,5250,843,0,0,843.000,1.02
1055531,297827,475444,16,5375,843,0,0,843.000,1.02
1055531,992736,292489,1,5292,843,0,0,843.000,1.02
1055531,1038007,710494,319,5291,843,0,0,843.000,1.02
1055531,1038007,267685,15,5166,843,0,0,843.000,1.02
1055531,924300,177062,166,5226,843,0,0,843.000,1.02
1055531,924300,722292,15,5333,843,0,0,843.000,1.02
1055531,976412,124563,311,5541,843,0,0,843.000,1.02
1055531,976412,646141,20,5584,843,0,0,843.000,1.02
1055531,187141,422370,107,5167,843,0,0,843.000,1.02
1055531,187141,716678,16,5209,843,0,0,843.000,1.02
1055531,568024,961449,145,5291,843,0,0,843.000,1.02
1055531,568024,412613,8,5334,843,0,0,843.000,1.02
1055531,667643,939179,537,5209,843,0,0,843.000,1.02
1055531,667643,543861,10,5417,843,0,0,843.000,1.02
1055531,137871,553671,282,5333,843,0,0,843.000,1.02
1055531,137871,448510,9,5542,843,0,0,843.000,1.02
1056089,FAILED,FAILED,FAILED,FAILED,FAILED,FAILED,FAILED,FAILED,FAILED
1058077,266912,697022,241,5518,831,0,0,831.000,1.27
1058077,266912,307766,10,5708,831,0,0,831.000,1.27
1058077,697365,362779,799,5685,855,0,0,855.000,1.27
1058077,697365,282908,17,5834,831,0,0,831.000,1.27
1058077,262210,953915,40,5584,831,0,0,831.000,1.27
1058077,262210,224575,8,5476,825,0,0,825.000,1.27
1058077,253399,760970,409,5667,837,0,0,837.000,1.27
1058077,253399,372104,10,6083,855,0,0,855.000,1.27
1058077,236482,716664,227,6208,855,0,0,855.000,1.27
1058077,236482,900936,20,6041,837,0,0,837.000,1.27
1058077,850245,735672,97,5583,843,0,0,843.000,1.27
1058077,850245,480076,14,5583,831,0,0,831.000,1.27
1058077,781985,678854,39,11125,825,0,0,825.000,1.27
1058077,781985,246935,21,11309,837,0,0,837.000,1.27
1058077,629304,913931,569,5791,843,0,0,843.000,1.27
1058077,629304,3999,25,6000,849,0,0,849.000,1.27
1058077,98233,197718,179,5666,837,0,0,837.000,1.27
1058077,98233,359129,15,5709,837,0,0,837.000,1.27
1058077,234300,385639,178,6125,825,0,0,825.000,1.27
1058077,234300,399381,18,5643,849,0,0,849.000,1.27
1058153,FAILED,FAILED,FAILED,FAILED,FAILED,FAILED,FAILED,FAILED,FAILED
1061969,FAILED,FAILED,FAILED,FAILED,FAILED,FAILED,FAILED,FAILED,FAILED
1066313,FAILED,FAILED,FAILED,FAILED,FAILED,FAILED,FAILED,FAILED,FAILED
1066811,7979,1061278,394,5309,864,0,0,864.000,1.94
1066811,7979,278941,18,5333,864,0,0,864.000,1.94
1066811,325010,203952,1761,5417,864,0,0,864.000,1.94
1066811,325010,6166,15,5500,864,0,0,864.000,1.94
1066811,952308,110439,857,5250,864,0,0,864.000,1.94
1066811,952308,417769,18,5375,864,0,0,864.000,1.94
1066811,244423,175698,269,11185,864,0,0,864.000,1.94
1066811,244423,424959,22,11250,864,0,0,864.000,1.94
1066811,438169,41146,365,11643,864,0,0,864.000,1.94
1066811,373472,941137,19,5375,864,0,0,864.000,1.94
1066811,438169,715783,4,11333,864,0,0,864.000,1.94
1066811,373472,876262,4,5166,864,0,0,864.000,1.94
1066811,978639,342259,126,5458,864,0,0,864.000,1.94
1066811,978639,760178,15,5518,864,0,0,864.000,1.94
1066811,956842,534652,612,5334,864,0,0,864.000,1.94
1066811,956842,745695,10,5392,864,0,0,864.000,1.94
1066811,240582,735769,164,5392,864,0,0,864.000,1.94
1066811,240582,153188,19,5291,864,0,0,864.000,1.94
1066811,297363,126942,154,5643,864,0,0,864.000,1.94
1066811,297363,763577,9,5667,864,0,0,864.000,1.94
1067387,263754,984449,23,5791,864,0,0,864.000,0.43
1067387,263754,616923,10,5292,864,0,0,864.000,0.43
1067387,403655,29289,138,5500,864,0,0,864.000,0.43
1067387,403655,2337,9,5225,864,0,0,864.000,0.43
1067387,958673,226022,147,5333,864,0,0,864.000,0.43
1067387,965797,231750,9,5250,864,0,0,864.000,0.43
1067387,958673,729158,5,5417,864,0,0,864.000,0.43
1067387,965797,495319,14,5375,864,0,0,864.000,0.43
1067387,233189,1043701,148,5375,864,0,0,864.000,0.43
1067387,843019,676679,1,5291,864,0,0,864.000,0.43
1067387,233189,455480,20,5375,864,0,0,864.000,0.43
1067387,843019,805910,1,5416,864,0,0,864.000,0.43
1067387,219524,1041621,205,5333,864,0,0,864.000,0.43
1067387,188652,725027,4,5583,864,0,0,864.000,0.43
1067387,219524,116797,5,5375,864,0,0,864.000,0.43
1067387,188652,912624,10,5667,864,0,0,864.000,0.43
1067387,86033,181074,1,5292,864,0,0,864.000,0.43
1067387,86033,183448,12,5350,864,0,0,864.000,0.43
1067387,110943,632868,171,5250,864,0,0,864.000,0.43
1067387,110943,277921,15,5333,864,0,0,864.000,0.43
1068107,823026,436673,38,5125,822,0,0,822.000,0.76
1068107,1029018,620804,24,5125,822,0,0,822.000,0.76
1068107,823026,600925,3,5250,822,0,0,822.000,0.76
1068107,1029018,248570,16,5291,822,0,0,822.000,0.76
1068107,540080,571508,93,5125,822,0,0,822.000,0.76
1068107,540080,1046294,11,5476,822,0,0,822.000,0.76
1068107,362630,1062088,208,5143,822,0,0,822.000,0.76
1068107,362630,582990,9,5375,822,0,0,822.000,0.76
1068107,215399,370101,129,5167,822,0,0,822.000,0.76
1068107,215399,673175,16,5334,822,0,0,822.000,0.76
1068107,208288,356784,280,5208,822,0,0,822.000,0.76
1068107,208288,65325,16,5584,822,0,0,822.000,0.76
1068107,629730,1034930,3,5084,822,0,0,822.000,0.76
1068107,629730,254866,15,5268,822,0,0,822.000,0.76
1068107,829571,351688,261,5417,822,0,0,822.000,0.76
1068107,829571,883644,14,5458,822,0,0,822.000,0.76
1068107,970401,844641,23,5167,822,0,0,822.000,0.76
1068107,970401,332684,13,5268,822,0,0,822.000,0.76
1068107,164586,99736,786,5375,822,0,0,822.000,0.76
1068107,164586,451113,25,5125,822,0,0,822.000,0.76
1074901,583563,1023809,380,5958,939,0,0,939.000,1.35
1074901,583563,274443,21,6084,939,0,0,939.000,1.35
1074901,307962,881130,166,5934,939,0,0,939.000,1.35
1074901,307962,353755,13,6417,933,0,0,933.000,1.35
1074901,387208,715913,97,5958,927,0,0,927.000,1.35
1074901,387208,866592,7,5833,927,0,0,927.000,1.35
1074901,304242,67646,736,11708,915,0,0,915.000,1.35
1074901,304242,260365,19,11709,915,0,0,915.000,1.35
1074901,421903,646883,323,5643,921,0,0,921.000,1.35
1074901,421903,60562,15,6375,945,0,0,945.000,1.35
1074901,937014,484771,117,5750,915,0,0,915.000,1.35
1074901,937014,227318,15,5708,927,0,0,927.000,1.35
1074901,777337,951336,227,5875,933,0,0,933.000,1.35
1074901,777337,490784,8,5791,933,0,0,933.000,1.35
1074901,530603,558184,39,5976,939,0,0,939.000,1.35
1074901,530603,830449,15,6125,927,0,0,927.000,1.35
1074901,1025850,887607,644,6000,927,0,0,927.000,1.35
1074901,1025850,577130,11,6125,927,0,0,927.000,1.35
1074901,805790,577432,105,6083,927,0,0,927.000,1.35
1074901,805790,936395,7,5917,915,0,0,915.000,1.35
1074991,747663,992390,226,5250,843,0,0,843.000,0.97
1074991,747663,671572,18,5584,843,0,0,843.000,0.97
1074991,834915,949867,550,5393,843,0,0,843.000,0.97
1074991,727713,291982,7,31351,843,0,0,843.000,0.97
1074991,834915,581077,10,5708,843,0,0,843.000,0.97
1074991,727713,697092,11,10750,843,0,0,843.000,0.97
1074991,755372,728821,13,5166,843,0,0,843.000,0.97
1074991,755372,451726,16,5583,843,0,0,843.000,0.97
1074991,395334,1043324,180,5084,843,0,0,843.000,0.97
1074991,395334,115658,15,5083,843,0,0,843.000,0.97
1074991,281105,415352,56,5102,843,0,0,843.000,0.97
1074991,281105,393903,16,5000,843,0,0,843.000,0.97
1074991,186360,631531,206,5351,843,0,0,843.000,0.97
1074991,186360,901014,10,4958,843,0,0,843.000,0.97
1074991,432144,904866,142,5041,843,0,0,843.000,0.97
1074991,432144,576795,12,5041,843,0,0,843.000,0.97
1074991,871632,810594,142,11100,843,0,0,843.000,0.97
1074991,871632,982279,24,11125,843,0,0,843.000,0.97
1074991,641004,200594,413,5042,843,0,0,843.000,0.97
1074991,400991,911063,1,5083,843,0,0,843.000,0.97
1076717,149788,669321,120,5625,954,0,0,954.000,0.77
1076717,149788,693170,12,5875,954,0,0,954.000,0.77
1076717,983394,184957,18,5833,942,0,0,942.000,0.77
1076717,983394,56779,14,5809,942,0,0,942.000,0.77
1076717,597545,1049509,823,5459,948,0,0,948.000,0.77
1076717,597545,47827,15,5708,954,0,0,954.000,0.77
1076717,514325,660380,16,5500,954,0,0,954.000,0.77
1076717,514325,740083,23,5666,960,0,0,960.000,0.77
1076717,1076081,849772,94,13352,966,0,0,966.000,0.77
1076717,1076081,615665,32,12625,948,0,0,948.000,0.77
1076717,658083,869011,44,5584,948,0,0,948.000,0.77
1076717,658083,431422,18,6209,954,0,0,954.000,0.77
1076717,422073,765501,318,5667,942,0,0,942.000,0.77
1076717,422073,883065,11,5767,948,0,0,948.000,0.77
1076717,89382,835113,111,5666,966,0,0,966.000,0.77
1076717,89382,819240,11,5833,954,0,0,954.000,0.77
1076717,422177,725722,6,5542,936,0,0,936.000,0.77
1076717,422177,59427,10,5709,930,0,0,930.000,0.77
1076717,1071721,728238,92,5517,960,0,0,960.000,0.77
1076717,831846,1006923,3,5642,954,0,0,954.000,0.77
1079821,467545,547234,131,5500,885,0,0,885.000,1.05
1079821,467545,916045,11,5459,897,0,0,897.000,1.05
1079821,645430,760470,16,5350,885,0,0,885.000,1.05
1079821,645430,560092,12,5625,891,0,0,891.000,1.05
1079821,58578,716519,1122,5625,891,0,0,891.000,1.05
1079821,58578,826617,11,5584,891,0,0,891.000,1.05
1079821,16547,500670,371,5458,891,0,0,891.000,1.05
1079821,16547,563163,15,5583,879,0,0,879.000,1.05
1079821,651511,352834,166,5458,885,0,0,885.000,1.05
1079821,651511,1023348,18,5291,873,0,0,873.000,1.05
1079821,1037328,887339,26,5334,879,0,0,879.000,1.05
1079821,586391,694065,3,5709,873,0,0,873.000,1.05
1079821,1037328,611097,7,5542,891,0,0,891.000,1.05
1079821,586391,388638,7,5625,891,0,0,891.000,1.05
1079821,393486,533123,100,11791,873,0,0,873.000,1.05
1079821,393486,488966,19,12417,903,0,0,903.000,1.05
1079821,618652,89882,162,5393,879,0,0,879.000,1.05
1079821,618652,920902,14,5500,855,0,0,855.000,1.05
1079821,794398,366073,152,5792,891,0,0,891.000,1.05
1079821,794398,477658,14,5583,885,0,0,885.000,1.05
1080433,FAILED,FAILED,FAILED,FAILED,FAILED,FAILED,FAILED,FAILED,FAILED
1082603,193345,72241,253,5416,843,0,0,843.000,0.99
1082603,193345,229844,10,5000,843,0,0,843.000,0.99
1082603,34026,583671,278,11458,843,0,0,843.000,0.99
1082603,34026,82626,31,11558,843,0,0,843.000,0.99
1082603,462846,225079,155,5166,843,0,0,843.000,0.99
1082603,462846,135937,8,5309,843,0,0,843.000,0.99
1082603,527333,795358,18,5083,843,0,0,843.000,0.99
1082603,527333,16962,9,5334,843,0,0,843.000,0.99
1082603,319431,397493,47,5041,843,0,0,843.000,0.99
1082603,319431,316985,12,5333,843,0,0,843.000,0.99
1082603,861793,1002786,194,5083,843,0,0,843.000,0.99
1082603,861793,44154,10,5143,843,0,0,843.000,0.99
1082603,1079158,584484,26,5000,843,0,0,843.000,0.99
1082603,1079158,964095,7,5125,843,0,0,843.000,0.99
1082603,100096,225655,569,5125,843,0,0,843.000,0.99
1082603,100096,745102,18,5350,843,0,0,843.000,0.99
1082603,392453,207428,192,4975,843,0,0,843.000,0.99
1082603,392453,179678,8,5041,843,0,0,843.000,0.99
1082603,905058,79580,400,4959,843,0,0,843.000,0.99
1082603,905058,130825,9,5000,843,0,0,843.000,0.99
1084793,FAILED,FAILED,FAILED,FAILED,FAILED,FAILED,FAILED,FAILED,FAILED
1086809,FAILED,FAILED,FAILED,FAILED,FAILED,FAILED,FAILED,FAILED,FAILED
1088309,828753,415993,109,13250,933,0,0,933.000,1.24
1088309,828753,55910,33,12267,939,0,0,939.000,1.24
1088309,285463,133939,430,5601,945,0,0,945.000,1.24
1088309,285463,921903,16,5625,909,0,0,909.000,1.24
1088309,367969,538525,290,5310,909,0,0,909.000,1.24
1088309,367969,76091,13,5459,927,0,0,927.000,1.24
1088309,353193,685474,376,5625,939,0,0,939.000,1.24
1088309,353193,686459,14,5810,939,0,0,939.000,1.24
1088309,951836,970552,770,5708,927,0,0,927.000,1.24
1088309,951836,254203,9,6000,957,0,0,957.000,1.24
1088309,545280,1045721,207,5459,933,0,0,933.000,1.24
1088309,545280,115488,10,5708,939,0,0,939.000,1.24
1088309,181196,867874,306,5458,927,0,0,927.000,1.24
1088309,181196,584072,12,5725,945,0,0,945.000,1.24
1088309,428308,685411,269,5643,945,0,0,945.000,1.24
1088309,428308,957794,17,5792,945,0,0,945.000,1.24
1088309,991314,548669,11,5541,915,0,0,915.000,1.24
1088309,991314,235413,19,5792,927,0,0,927.000,1.24
1088309,280948,128719,154,5375,921,0,0,921.000,1.24
1088309,280948,112744,13,5458,915,0,0,915.000,1.24
1089469,100167,778749,666,5393,927,0,0,927.000,1.38
1089469,100167,43861,12,5458,933,0,0,933.000,1.38
1089469,939956,621087,215,5625,933,0,0,933.000,1.38
1089469,939956,659852,10,5542,915,0,0,915.000,1.38
1089469,886460,648505,60,5583,909,0,0,909.000,1.38
1089469,886460,788334,12,5625,927,0,0,927.000,1.38
1089469,67872,583001,208,5750,945,0,0,945.000,1.38
1089469,67872,355928,15,5768,933,0,0,933.000,1.38
1089469,967797,204983,463,5542,939,0,0,939.000,1.38
1089469,967797,3552,12,5583,921,0,0,921.000,1.38
1089469,1038388,287060,691,5542,927,0,0,927.000,1.38
1089469,1038388,302815,12,5834,933,0,0,933.000,1.38
1089469,964517,1004042,269,5459,909,0,0,909.000,1.38
1089469,964517,595020,17,6208,927,0,0,927.000,1.38
1089469,285913,216812,45,5643,933,0,0,933.000,1.38
1089469,285913,59261,18,5417,921,0,0,921.000,1.38
1089469,554531,333083,310,5375,927,0,0,927.000,1.38
1089469,554531,220606,18,5542,933,0,0,933.000,1.38
1089469,93770,430456,164,11875,915,0,0,915.000,1.38
1089469,93770,607976,26,13226,915,0,0,915.000,1.38
1092269,625652,161299,35,5250,906,0,0,906.000,0.72
1092269,625652,27597,14,5750,918,0,0,918.000,0.72
1092269,606500,707208,59,5291,888,0,0,888.000,0.72
1092269,606500,771560,21,5601,900,0,0,900.000,0.72
1092269,78990,1040408,24,11917,900,0,0,900.000,0.72
1092269,78990,1027594,21,11917,894,0,0,894.000,0.72
1092269,109592,934344,146,5084,894,0,0,894.000,0.72
1092269,109592,102907,10,5226,900,0,0,900.000,0.72
1092269,815020,755069,236,5208,894,0,0,894.000,0.72
1092269,815020,1042103,8,5500,900,0,0,900.000,0.72
1092269,755421,270010,102,5375,912,0,0,912.000,0.72
1092269,755421,612094,21,5227,894,0,0,894.000,0.72
1092269,551933,390722,125,5250,894,0,0,894.000,0.72
1092269,551933,1013893,14,5167,894,0,0,894.000,0.72
1092269,410207,1062921,148,5417,888,0,0,888.000,0.72
1092269,410207,518716,20,5542,894,0,0,894.000,0.72
1092269,981795,683363,137,5351,900,0,0,900.000,0.72
1092269,981795,303081,14,5459,912,0,0,912.000,0.72
1092269,45182,139180,758,5208,906,0,0,906.000,0.72
1092269,45182,890487,13,5500,924,0,0,924.000,0.72
1093109,723080,459038,194,5267,951,0,0,951.000,1.05
1093109,723080,948178,18,5667,951,0,0,951.000,1.05
1093109,462353,816743,125,5500,969,0,0,969.000,1.05
1093109,462353,844467,10,5559,951,0,0,951.000,1.05
1093109,139934,243747,677,5416,993,0,0,993.000,1.05
1093109,139934,526880,20,5334,975,0,0,975.000,1.05
1093109,276825,762521,92,5433,969,0,0,969.000,1.05
1093109,276825,132470,12,5625,975,0,0,975.000,1.05
1093109,410749,606470,72,5268,969,0,0,969.000,1.05
1093109,410749,345344,14,5458,975,0,0,975.000,1.05
1093109,322850,317633,31,5292,957,0,0,957.000,1.05
1093109,322850,556912,9,5434,981,0,0,981.000,1.05
1093109,667630,935208,693,5459,987,0,0,987.000,1.05
1093109,667630,148060,8,5625,975,0,0,975.000,1.05
1093109,283181,27426,33,5334,975,0,0,975.000,1.05
1093109,283181,102795,13,5583,981,0,0,981.000,1.05
1093109,792623,1046246,55,5333,969,0,0,969.000,1.05
1093109,792623,115263,13,5542,957,0,0,957.000,1.05
1093109,573279,943699,385,5709,981,0,0,981.000,1.05
1093109,573279,1043923,15,5584,975,0,0,975.000,1.05
1094183,550298,979091,191,4875,822,0,0,822.000,0.79
1094183,170235,108916,1,4791,822,0,0,822.000,0.79
1094183,550298,641153,12,5018,822,0,0,822.000,0.79
1094183,170235,21245,1,5060,822,0,0,822.000,0.79
1094183,211400,620565,179,4750,822,0,0,822.000,0.79
1094183,211400,143418,9,4792,822,0,0,822.000,0.79
1094183,53771,246897,500,4875,822,0,0,822.000,0.79
1094183,53771,1074070,19,5250,822,0,0,822.000,0.79
1094183,253503,744802,69,4833,822,0,0,822.000,0.79
1094183,253503,911053,14,5042,822,0,0,822.000,0.79
1094183,213239,121935,330,4851,822,0,0,822.000,0.79
1094183,213239,440193,14,4917,822,0,0,822.000,0.79
1094183,922827,933003,232,4875,822,0,0,822.000,0.79
1094183,922827,988051,18,4667,822,0,0,822.000,0.79
1094183,803274,972766,67,4958,822,0,0,822.000,0.79
1094183,803274,303975,14,4958,822,0,0,822.000,0.79
1094183,641728,812416,105,4792,822,0,0,822.000,0.79
1094183,50314,803515,7,4875,822,0,0,822.000,0.79
1094183,641728,585690,11,4916,822,0,0,822.000,0.79
1094183,50314,880595,3,4875,822,0,0,822.000,0.79
1095071,239340,876096,430,5125,843,0,0,843.000,0.61
1095071,239340,378281,11,4727,843,0,0,843.000,0.61
1095071,517048,595562,102,5042,843,0,0,843.000,0.61
1095071,517048,808285,12,5125,843,0,0,843.000,0.61
1095071,981027,97528,130,5209,843,0,0,843.000,0.61
1095071,981027,851694,9,4917,843,0,0,843.000,0.61
1095071,182677,337612,79,5458,843,0,0,843.000,0.61
1095071,504523,115029,2,4708,843,0,0,843.000,0.61
1095071,182677,237168,16,5292,843,0,0,843.000,0.61
1095071,504523,178480,2,5125,843,0,0,843.000,0.61
1095071,112768,218021,46,5292,843,0,0,843.000,0.61
1095071,112768,130407,17,4666,843,0,0,843.000,0.61
1095071,197368,601048,182,4958,843,0,0,843.000,0.61
1095071,197368,521206,11,4958,843,0,0,843.000,0.61
1095071,1079561,487722,154,4791,843,0,0,843.000,0.61
1095071,1079561,755400,12,4667,843,0,0,843.000,0.61
1095071,1034196,804525,34,11060,843,0,0,843.000,0.61
1095071,1034196,145144,30,11459,843,0,0,843.000,0.61
1095071,174470,128214,196,11267,843,0,0,843.000,0.61
1095071,174470,479291,21,10958,843,0,0,843.000,0.61
1099717,278284,1004079,50,5375,915,0,0,915.000,0.56
1099717,278284,630776,17,5476,927,0,0,927.000,0.56
1099717,914101,626291,39,5417,921,0,0,921.000,0.56
1099717,914101,456331,8,5458,915,0,0,915.000,0.56
1099717,800494,611509,4,12417,927,0,0,927.000,0.56
1099717,800494,342823,33,12434,933,0,0,933.000,0.56
1099717,1034090,1065988,1,5875,939,0,0,939.000,0.56
1099717,682838,1021267,3,5667,915,0,0,915.000,0.56
1099717,1034090,1076068,12,5667,921,0,0,921.000,0.56
1099717,682838,17521,4,5666,939,0,0,939.000,0.56
1099717,665148,374048,187,12167,921,0,0,921.000,0.56
1099717,600594,549040,5,12334,909,0,0,909.000,0.56
1099717,665148,1034043,22,12517,921,0,0,921.000,0.56
1099717,600594,366729,6,12392,909,0,0,909.000,0.56
1099717,45787,200221,203,5416,915,0,0,915.000,0.56
1099717,45787,937937,8,5500,945,0,0,945.000,0.56
1099717,83516,512510,176,5476,933,0,0,933.000,0.56
1099717,83516,890092,14,5458,927,0,0,927.000,0.56
1099717,1033698,1050144,209,5416,909,0,0,909.000,0.56
1099717,1033698,676336,10,5583,927,0,0,927.000,0.56
1100977,FAILED,FAILED,FAILED,FAILED,FAILED,FAILED,FAILED,FAILED,FAILED
1102823,309432,1065337,299,11292,885,0,0,885.000,1.27
1102823,309432,1002070,22,11476,885,0,0,885.000,1.27
1102823,599967,955120,23,4958,885,0,0,885.000,1.27
1102823,833517,658014,5,12083,885,0,0,885.000,1.27
1102823,599967,370341,8,5333,885,0,0,885.000,1.27
1102823,833517,225331,24,11333,885,0,0,885.000,1.27
1102823,883852,963053,380,4917,885,0,0,885.000,1.27
1102823,883852,449180,5,5018,885,0,0,885.000,1.27
1102823,478953,29038,557,4750,885,0,0,885.000,1.27
1102823,478953,178732,16,5083,885,0,0,885.000,1.27
1102823,136090,349976,350,4791,885,0,0,885.000,1.27
1102823,136090,1054998,15,4917,885,0,0,885.000,1.27
1102823,1073511,447739,452,4875,885,0,0,885.000,1.27
1102823,1073511,1048948,12,4958,885,0,0,885.000,1.27
1102823,943735,392367,36,11558,885,0,0,885.000,1.27
1102823,943735,302311,37,11750,885,0,0,885.000,1.27
1102823,751296,568444,118,4726,885,0,0,885.000,1.27
1102823,751296,495628,10,5083,885,0,0,885.000,1.27
1102823,50000,53418,375,4750,885,0,0,885.000,1.27
1102823,50000,96789,12,5083,885,0,0,885.000,1.27
1104427,6049,199083,160,5083,864,0,0,864.000,0.63
1104427,6049,961746,17,4875,864,0,0,864.000,0.63
1104427,419353,949053,612,11417,864,0,0,864.000,0.63
1104427,419353,464674,41,11810,864,0,0,864.000,0.63
1104427,1098473,388490,21,11583,864,0,0,864.000,0.63
1104427,1098473,549996,43,11292,864,0,0,864.000,0.63
1104427,603397,606957,131,11184,864,0,0,864.000,0.63
1104427,603397,860838,41,11792,864,0,0,864.000,0.63
1104427,227936,755464,26,4959,864,0,0,864.000,0.63
1104427,227936,111824,15,5102,864,0,0,864.000,0.63
1104427,701185,407477,53,5042,864,0,0,864.000,0.63
1104427,701185,53938,15,4958,864,0,0,864.000,0.63
1104427,234400,159258,65,11559,864,0,0,864.000,0.63
1104427,562315,62592,2,5041,864,0,0,864.000,0.63
1104427,562315,574619,16,5125,864,0,0,864.000,0.63
1104427,234400,2442,23,13709,864,0,0,864.000,0.63
1104427,921248,585243,250,4810,864,0,0,864.000,0.63
1104427,921248,83724,10,4667,864,0,0,864.000,0.63
1104427,557952,745755,8,4834,864,0,0,864.000,0.63
1104427,557952,358423,20,4750,864,0,0,864.000,0.63
1104589,159968,947475,426,5167,939,0,0,939.000,0.68
1104589,159968,746489,18,5666,951,0,0,951.000,0.68
1104589,82603,306913,76,5250,933,0,0,933.000,0.68
1104589,82603,856891,17,5267,927,0,0,927.000,0.68
1104589,527508,294649,182,5166,921,0,0,921.000,0.68
1104589,527508,290372,15,5375,927,0,0,927.000,0.68
1104589,79017,788319,18,5167,921,0,0,921.000,0.68
1104589,79017,895704,11,5350,915,0,0,915.000,0.68
1104589,423740,458389,36,5083,915,0,0,915.000,0.68
1104589,423740,426643,21,5458,903,0,0,903.000,0.68
1104589,215902,338642,31,12810,951,0,0,951.000,0.68
1104589,215902,1063658,25,12000,921,0,0,921.000,0.68
1104589,428796,66888,140,5017,921,0,0,921.000,0.68
1104589,428796,646097,19,5291,927,0,0,927.000,0.68
1104589,868123,152057,297,5250,939,0,0,939.000,0.68
1104589,868123,28107,22,5334,927,0,0,927.000,0.68
1104589,1074864,434212,104,5250,939,0,0,939.000,0.68
1104589,864537,505425,9,5375,945,0,0,945.000,0.68
1104589,1074864,328525,11,5167,915,0,0,915.000,0.68
1104589,864537,877470,8,5375,921,0,0,921.000,0.68
1104941,848940,681309,48,5125,906,0,0,906.000,1.03
1104941,848940,677179,13,5125,882,0,0,882.000,1.03
1104941,649370,654164,11,6017,912,0,0,912.000,1.03
1104941,649370,1101686,12,5417,924,0,0,924.000,1.03
1104941,857,132386,748,5375,876,0,0,876.000,1.03
1104941,857,755782,11,5476,906,0,0,906.000,1.03
1104941,901341,438731,304,5208,918,0,0,918.000,1.03
1104941,901341,377655,9,5333,900,0,0,900.000,1.03
1104941,182796,283017,689,5375,900,0,0,900.000,1.03
1104941,182796,728369,16,5125,882,0,0,882.000,1.03
1104941,767232,1076951,30,5083,900,0,0,900.000,1.03
1104941,767232,405991,11,5309,882,0,0,882.000,1.03
1104941,450906,476378,169,5500,924,0,0,924.000,1.03
1104941,450906,946702,13,5558,906,0,0,906.000,1.03
1104941,622478,406815,120,5602,918,0,0,918.000,1.03
1104941,622478,174723,18,5250,900,0,0,900.000,1.03
1104941,571740,1075211,433,5417,918,0,0,918.000,1.03
1104941,281896,102592,3,5542,912,0,0,912.000,1.03
1104941,571740,660180,7,5291,912,0,0,912.000,1.03
1104941,281896,973118,4,5167,912,0,0,912.000,1.03
1108693,275475,231249,77,5667,954,0,0,954.000,0.66
1108693,150664,768536,8,6667,942,0,0,942.000,0.66
1108693,275475,448628,8,5333,930,0,0,930.000,0.66
1108693,150664,735890,6,5833,942,0,0,942.000,0.66
1108693,395623,602596,27,5351,936,0,0,936.000,0.66
1108693,395623,677499,8,5417,960,0,0,960.000,0.66
1108693,944565,1038571,225,5125,936,0,0,936.000,0.66
1108693,944565,956032,14,5417,942,0,0,942.000,0.66
1108693,645448,381114,43,5143,948,0,0,948.000,0.66
1108693,645448,412358,16,5416,960,0,0,960.000,0.66
1108693,509236,327691,65,5375,948,0,0,948.000,0.66
1108693,509236,482535,18,5684,960,0,0,960.000,0.66
1108693,721309,788980,512,5308,948,0,0,948.000,0.66
1108693,721309,1015982,13,5584,954,0,0,954.000,0.66
1108693,1007477,123750,138,5393,948,0,0,948.000,0.66
1108693,1007477,42963,10,5333,960,0,0,960.000,0.66
1108693,46327,1101404,201,5208,948,0,0,948.000,0.66
1108693,46327,824938,9,5558,954,0,0,954.000,0.66
1108693,383835,805334,90,5375,960,0,0,960.000,0.66
1108693,383835,750390,12,5500,966,0,0,966.000,0.66
1111547,970722,514704,363,5166,948,0,0,948.000,1.11
1111547,970722,605535,11,5143,948,0,0,948.000,1.11
1111547,530075,212103,111,4875,948,0,0,948.000,1.11
1111547,530075,581797,15,4917,948,0,0,948.000,1.11
1111547,41971,103012,33,5018,948,0,0,948.000,1.11
1111547,41971,1101743,17,5209,948,0,0,948.000,1.11
1111547,719286,685663,88,4875,948,0,0,948.000,1.11
1111547,719286,410585,13,5209,948,0,0,948.000,1.11
1111547,13023,468656,305,5125,948,0,0,948.000,1.11
1111547,13023,336884,22,5208,948,0,0,948.000,1.11
1111547,558290,615983,58,4975,948,0,0,948.000,1.11
1111547,558290,827453,13,5083,948,0,0,948.000,1.11
1111547,974887,257362,529,4875,948,0,0,948.000,1.11
1111547,974887,818336,18,5017,948,0,0,948.000,1.11
1111547,688214,330595,657,4792,948,0,0,948.000,1.11
1111547,688214,1072279,11,4833,948,0,0,948.000,1.11
1111547,1103787,357543,142,4958,948,0,0,948.000,1.11
1111547,1103787,424198,9,5125,948,0,0,948.000,1.11
1111547,965496,587272,280,5000,948,0,0,948.000,1.11
1111547,965496,496273,21,5142,948,0,0,948.000,1.11
1116911,534584,234241,215,4792,843,0,0,843.000,0.96
1116911,534584,636960,17,5042,843,0,0,843.000,0.96
1116911,514438,350232,327,4834,843,0,0,843.000,0.96
1116911,1046917,469676,3,4583,843,0,0,843.000,0.96
1116911,514438,293760,12,4750,843,0,0,843.000,0.96
1116911,1046917,109141,1,4709,843,0,0,843.000,0.96
1116911,1053784,356614,379,4875,843,0,0,843.000,0.96
1116911,1053784,345842,15,4791,843,0,0,843.000,0.96
1116911,770032,723832,284,4767,843,0,0,843.000,0.96
1116911,770032,882954,16,4959,843,0,0,843.000,0.96
1116911,391117,510034,260,4584,843,0,0,843.000,0.96
1116911,391117,541425,18,4667,843,0,0,843.000,0.96
1116911,454334,789766,119,4875,843,0,0,843.000,0.96
1116911,454334,1075358,15,4958,843,0,0,843.000,0.96
1116911,575112,338314,571,4833,843,0,0,843.000,0.96
1116911,177673,314212,11,11125,843,0,0,843.000,0.96
1116911,575112,864045,3,4583,843,0,0,843.000,0.96
1116911,177673,358327,29,11041,843,0,0,843.000,0.96
1116911,227496,51942,304,4875,843,0,0,843.000,0.96
1116911,227496,947234,12,4917,843,0,0,843.000,0.96
1117591,837644,813927,154,5125,843,0,0,843.000,0.93
1117591,837644,516074,15,4875,843,0,0,843.000,0.93
1117591,573704,371583,47,5084,843,0,0,843.000,0.93
1117591,573704,218363,11,5042,843,0,0,843.000,0.93
1117591,144501,987167,10,4667,843,0,0,843.000,0.93
1117591,144501,348988,11,4708,843,0,0,843.000,0.93
1117591,530548,19355,161,4666,843,0,0,843.000,0.93
1117591,530548,1107096,6,4584,843,0,0,843.000,0.93
1117591,250298,298829,85,4833,843,0,0,843.000,0.93
1117591,250298,733222,11,4959,843,0,0,843.000,0.93
1117591,83410,133981,687,4625,843,0,0,843.000,0.93
1117591,83410,758291,9,4726,843,0,0,843.000,0.93
1117591,24479,804215,64,4875,843,0,0,843.000,0.93
1117591,136788,38768,5,4709,843,0,0,843.000,0.93
1117591,24479,994244,2,4542,843,0,0,843.000,0.93
1117591,136788,542764,9,4708,843,0,0,843.000,0.93
1117591,951294,289904,670,4708,843,0,0,843.000,0.93
1117591,951294,802308,14,4833,843,0,0,843.000,0.93
1117591,837245,973741,122,4792,843,0,0,843.000,0.93
1117591,837245,755833,12,4916,843,0,0,843.000,0.93
1118041,FAILED,FAILED,FAILED,FAILED,FAILED,FAILED,FAILED,FAILED,FAILED
1121179,909813,442434,137,4809,885,0,0,885.000,0.49
1121179,909813,231451,12,4792,885,0,0,885.000,0.49
1121179,874060,292927,69,4893,885,0,0,885.000,0.49
1121179,874060,548167,9,5000,885,0,0,885.000,0.49
1121179,914952,927783,77,4709,885,0,0,885.000,0.49
1121179,914952,116305,9,5000,885,0,0,885.000,0.49
1121179,838173,119894,224,5000,885,0,0,885.000,0.49
1121179,838173,17119,15,5041,885,0,0,885.000,0.49
1121179,433099,151674,199,4934,885,0,0,885.000,0.49
1121179,433099,283451,17,5000,885,0,0,885.000,0.49
1121179,210391,847381,9,4875,885,0,0,885.000,0.49
1121179,210391,769907,11,5000,885,0,0,885.000,0.49
1121179,15954,982795,22,4875,885,0,0,885.000,0.49
1121179,15954,218695,14,5167,885,0,0,885.000,0.49
1121179,83512,1029174,198,11917,885,0,0,885.000,0.49
1121179,474897,942605,19,5060,885,0,0,885.000,0.49
1121179,83512,894273,1,11393,885,0,0,885.000,0.49
1121179,474897,222659,14,4875,885,0,0,885.000,0.49
1121179,643156,918944,61,4875,885,0,0,885.000,0.49
1121179,643156,970139,13,5018,885,0,0,885.000,0.49
1121369,FAILED,FAILED,FAILED,FAILED,FAILED,FAILED,FAILED,FAILED,FAILED
1124239,592523,756727,142,4666,843,0,0,843.000,0.47
1124239,592523,465388,13,4792,843,0,0,843.000,0.47
1124239,80131,631138,38,4709,843,0,0,843.000,0.47
1124239,80131,945073,10,4708,843,0,0,843.000,0.47
1124239,650985,387702,87,4959,843,0,0,843.000,0.47
1124239,650985,964558,9,4601,843,0,0,843.000,0.47
1124239,977340,426087,386,4709,843,0,0,843.000,0.47
1124239,977340,769838,16,4917,843,0,0,843.000,0.47
1124239,597018,320890,211,4791,843,0,0,843.000,0.47
1124239,597018,252207,12,4666,843,0,0,843.000,0.47
1124239,374835,519276,43,10851,843,0,0,843.000,0.47
1124239,367660,1023994,2,4791,843,0,0,843.000,0.47
1124239,367660,909001,9,4833,843,0,0,843.000,0.47
1124239,374835,504347,16,11042,843,0,0,843.000,0.47
1124239,99832,1051981,57,4875,843,0,0,843.000,0.47
1124239,99832,470157,18,4750,843,0,0,843.000,0.47
1124239,1029100,517785,218,11250,843,0,0,843.000,0.47
1124239,1029100,84194,46,10958,843,0,0,843.000,0.47
1124239,901468,567055,23,4750,843,0,0,843.000,0.47
1124239,31857,694523,19,4851,843,0,0,843.000,0.47
1125433,FAILED,FAILED,FAILED,FAILED,FAILED,FAILED,FAILED,FAILED,FAILED
1127641,FAILED,FAILED,FAILED,FAILED,FAILED,FAILED,FAILED,FAILED,FAILED
1130117,466208,691046,147,5142,939,0,0,939.000,0.64
1130117,466208,880469,16,5208,915,0,0,915.000,0.64
1130117,829438,766304,70,5393,951,0,0,951.000,0.64
1130117,829438,912892,8,5500,927,0,0,927.000,0.64
1130117,438273,645414,199,5250,921,0,0,921.000,0.64
1130117,438273,928831,15,5792,933,0,0,933.000,0.64
1130117,722827,92482,1,5208,909,0,0,909.000,0.64
1130117,722827,318151,17,5309,921,0,0,921.000,0.64
1130117,350730,875682,29,5167,927,0,0,927.000,0.64
1130117,350730,527730,17,5250,909,0,0,909.000,0.64
1130117,294433,588678,294,5542,945,0,0,945.000,0.64
1130117,294433,1003666,9,5166,921,0,0,921.000,0.64
1130117,586363,113390,9,5250,927,0,0,927.000,0.64
1130117,586363,1078413,12,5433,945,0,0,945.000,0.64
1130117,820425,191446,112,5208,933,0,0,933.000,0.64
1130117,820425,274155,20,5208,927,0,0,927.000,0.64
1130117,676247,450123,217,5208,921,0,0,921.000,0.64
1130117,676247,604456,10,5375,933,0,0,933.000,0.64
1130117,535209,272964,175,12250,927,0,0,927.000,0.64
1130117,535209,199129,21,12101,921,0,0,921.000,0.64
1131239,515643,39530,126,4792,843,0,0,843.000,0.71
1131239,515643,237869,16,5000,843,0,0,843.000,0.71
1131239,740893,638250,312,4875,843,0,0,843.000,0.71
1131239,740893,150258,15,5167,843,0,0,843.000,0.71
1131239,1094294,3993,24,4750,843,0,0,843.000,0.71
1131239,1094294,11089,21,4667,843,0,0,843.000,0.71
1131239,807575,590769,73,4833,843,0,0,843.000,0.71
1131239,807575,171481,18,4584,843,0,0,843.000,0.71
1131239,816377,267360,120,4625,843,0,0,843.000,0.71
1131239,727849,590812,7,4875,843,0,0,843.000,0.71
1131239,816377,902853,5,4810,843,0,0,843.000,0.71
1131239,727849,915855,7,4893,843,0,0,843.000,0.71
1131239,1059338,718158,241,4583,843,0,0,843.000,0.71
1131239,1059338,1044391,13,4750,843,0,0,843.000,0.71
1131239,1123653,389451,104,4558,843,0,0,843.000,0.71
1131239,1123653,484867,15,4625,843,0,0,843.000,0.71
1131239,704745,427753,276,5000,843,0,0,843.000,0.71
1131239,704745,1026233,11,4667,843,0,0,843.000,0.71
1131239,1125796,140241,460,4750,843,0,0,843.000,0.71
1131239,1125796,900485,19,5000,843,0,0,843.000,0.71
1132991,592974,161519,175,4583,822,0,0,822.000,0.93
1132991,592974,899997,11,4792,822,0,0,822.000,0.93
1132991,820862,546944,317,4792,822,0,0,822.000,0.93
1132991,820862,55780,16,5250,822,0,0,822.000,0.93
1132991,878686,47296,22,4792,822,0,0,822.000,0.93
1132991,878686,35763,14,4916,822,0,0,822.000,0.93
1132991,770503,545865,376,4583,822,0,0,822.000,0.93
1132991,770503,1005748,12,4768,822,0,0,822.000,0.93
1132991,635933,840702,115,4542,822,0,0,822.000,0.93
1132991,1112353,131775,11,4792,822,0,0,822.000,0.93
1132991,635933,277795,1,4708,822,0,0,822.000,0.93
1132991,1112353,455921,12,4833,822,0,0,822.000,0.93
1132991,1049030,1046468,82,4666,822,0,0,822.000,0.93
1132991,1049030,335687,13,4875,822,0,0,822.000,0.93
1132991,870879,259244,465,4875,822,0,0,822.000,0.93
1132991,870879,1078087,15,4625,822,0,0,822.000,0.93
1132991,908763,924056,428,10959,822,0,0,822.000,0.93
1132991,908763,632790,29,11000,822,0,0,822.000,0.93
1132991,954788,958014,177,4602,822,0,0,822.000,0.93
1132991,954788,1004755,18,4875,822,0,0,822.000,0.93
1133159,764395,398442,544,4708,843,0,0,843.000,1.70
1133159,764395,302237,17,4708,843,0,0,843.000,1.70
1133159,585709,755345,247,4875,843,0,0,843.000,1.70
1133159,585709,259066,6,4875,843,0,0,843.000,1.70
1133159,9890,634425,187,4583,843,0,0,843.000,1.70
1133159,9890,1053156,22,4708,843,0,0,843.000,1.70
1133159,921938,110611,168,4750,843,0,0,843.000,1.70
1133159,921938,617760,10,4726,843,0,0,843.000,1.70
1133159,607210,597905,198,5042,843,0,0,843.000,1.70
1133159,607210,624127,14,4875,843,0,0,843.000,1.70
1133159,901861,616238,714,4917,843,0,0,843.000,1.70
1133159,901861,170120,12,4833,843,0,0,843.000,1.70
1133159,934397,445874,397,5143,843,0,0,843.000,1.70
1133159,934397,899911,17,4792,843,0,0,843.000,1.70
1133159,275586,563179,50,4709,843,0,0,843.000,1.70
1133159,275586,49224,9,4726,843,0,0,843.000,1.70
1133159,282692,108174,1150,5000,843,0,0,843.000,1.70
1133159,282692,988464,10,4625,843,0,0,843.000,1.70
1133159,581916,1066791,575,4583,843,0,0,843.000,1.70
1133159,581916,788288,13,5000,843,0,0,843.000,1.70
1134961,FAILED,FAILED,FAILED,FAILED,FAILED,FAILED,FAILED,FAILED,FAILED
1139623,1044547,788182,306,4625,864,0,0,864.000,1.09
1139623,1044547,168374,6,4792,864,0,0,864.000,1.09
1139623,1028137,76600,170,4750,864,0,0,864.000,1.09
1139623,1028137,106875,18,4975,864,0,0,864.000,1.09
1139623,217745,1088962,539,5167,864,0,0,864.000,1.09
1139623,217745,991806,13,4684,864,0,0,864.000,1.09
1139623,378644,674749,27,5000,864,0,0,864.000,1.09
1139623,378644,778673,14,4875,864,0,0,864.000,1.09
1139623,1084401,40843,103,4833,864,0,0,864.000,1.09
1139623,1084401,437988,9,4875,864,0,0,864.000,1.09
1139623,445790,180702,333,4833,864,0,0,864.000,1.09
1139623,445790,585858,14,5250,864,0,0,864.000,1.09
1139623,284833,807607,283,4833,864,0,0,864.000,1.09
1139623,284833,254077,10,4958,864,0,0,864.000,1.09
1139623,105689,840462,362,4893,864,0,0,864.000,1.09
1139623,105689,1119000,16,4625,864,0,0,864.000,1.09
1139623,77742,570068,380,4959,864,0,0,864.000,1.09
1139623,77742,733813,7,4642,864,0,0,864.000,1.09
1139623,279293,953706,11,4916,864,0,0,864.000,1.09
1139623,55934,206749,4,4667,864,0,0,864.000,1.09
1141417,FAILED,FAILED,FAILED,FAILED,FAILED,FAILED,FAILED,FAILED,FAILED
1141853,264199,313652,519,5209,894,0,0,894.000,1.49
1141853,264199,1026921,19,5625,912,0,0,912.000,1.49
1141853,908166,1108371,63,4916,882,0,0,882.000,1.49
1141853,908166,1084541,14,5375,912,0,0,912.000,1.49
1141853,220334,593822,104,11541,882,0,0,882.000,1.49
1141853,220334,220614,44,11434,894,0,0,894.000,1.49
1141853,650011,207197,641,5042,894,0,0,894.000,1.49
1141853,650011,554777,14,5667,924,0,0,924.000,1.49
1141853,494167,1140417,536,5125,894,0,0,894.000,1.49
1141853,494167,389427,12,5417,888,0,0,888.000,1.49
1141853,294322,983185,137,5375,894,0,0,894.000,1.49
1141853,294322,346190,14,5083,882,0,0,882.000,1.49
1141853,900448,486329,528,12291,906,0,0,906.000,1.49
1141853,900448,67818,31,12309,912,0,0,912.000,1.49
1141853,679814,533023,262,5143,906,0,0,906.000,1.49
1141853,679814,677878,13,5375,906,0,0,906.000,1.49
1141853,395939,584519,459,5083,900,0,0,900.000,1.49
1141853,395939,926585,15,5291,894,0,0,894.000,1.49
1141853,802500,175713,119,5125,918,0,0,918.000,1.49
1141853,802500,648689,14,5167,912,0,0,912.000,1.49
1148261,338005,1077250,29,5041,894,0,0,894.000,1.14
1148261,338005,91874,16,5060,888,0,0,888.000,1.14
1148261,907406,34047,199,5250,918,0,0,918.000,1.14
1148261,907406,162391,17,5667,924,0,0,924.000,1.14
1148261,815202,565955,332,5542,912,0,0,912.000,1.14
1148261,815202,355473,10,5268,900,0,0,900.000,1.14
1148261,419470,34237,199,5685,912,0,0,912.000,1.14
1148261,419470,850582,7,5208,918,0,0,918.000,1.14
1148261,469587,17087,146,5125,888,0,0,888.000,1.14
1148261,469587,934589,16,5625,906,0,0,906.000,1.14
1148261,174357,912120,448,5250,906,0,0,906.000,1.14
1148261,174357,244910,16,5583,924,0,0,924.000,1.14
1148261,613501,248248,16,5142,906,0,0,906.000,1.14
1148261,613501,63142,14,5125,906,0,0,906.000,1.14
1148261,902758,1113977,54,5083,888,0,0,888.000,1.14
1148261,902758,303069,13,5333,894,0,0,894.000,1.14
1148261,1110807,468267,1099,5167,894,0,0,894.000,1.14
1148261,1110807,494001,11,5350,912,0,0,912.000,1.14
1148261,174922,77988,37,5500,900,0,0,900.000,1.14
1148261,174922,640516,20,5250,906,0,0,906.000,1.14
1154233,FAILED,FAILED,FAILED,FAILED,FAILED,FAILED,FAILED,FAILED,FAILED
1157063,860931,931259,14,5916,885,0,0,885.000,1.73
1157063,860931,334503,17,5917,885,0,0,885.000,1.73
1157063,911298,440338,1014,11666,885,0,0,885.000,1.73
1157063,911298,738880,25,11477,885,0,0,885.000,1.73
1157063,568161,957788,478,4750,885,0,0,885.000,1.73
1157063,568161,603915,14,5166,885,0,0,885.000,1.73
1157063,306286,902503,198,4958,885,0,0,885.000,1.73
1157063,306286,84945,9,5000,885,0,0,885.000,1.73
1157063,614651,202876,635,4750,885,0,0,885.000,1.73
1157063,614651,721652,11,5208,885,0,0,885.000,1.73
1157063,1121700,137163,32,4875,885,0,0,885.000,1.73
1157063,1121700,1035904,15,4917,885,0,0,885.000,1.73
1157063,1033017,483058,418,4875,885,0,0,885.000,1.73
1157063,1033017,287462,14,5018,885,0,0,885.000,1.73
1157063,1102857,1096017,177,5083,885,0,0,885.000,1.73
1157063,1102857,1019481,11,4750,885,0,0,885.000,1.73
1157063,219066,684380,604,4725,885,0,0,885.000,1.73
1157063,219066,141466,12,4792,885,0,0,885.000,1.73
1157063,1115462,587824,466,4935,885,0,0,885.000,1.73
1157063,1115462,24480,12,4916,885,0,0,885.000,1.73
1157851,502748,500624,71,4958,906,0,0,906.000,1.13
1157851,502748,912358,9,5042,906,0,0,906.000,1.13
1157851,116369,1130032,281,4684,906,0,0,906.000,1.13
1157851,116369,525413,15,4875,906,0,0,906.000,1.13
1157851,777524,250444,692,4709,906,0,0,906.000,1.13
1157851,479495,1055049,2,4917,906,0,0,906.000,1.13
1157851,777524,911830,4,4916,906,0,0,906.000,1.13
1157851,479495,922307,4,5167,906,0,0,906.000,1.13
1157851,314812,880755,101,4792,906,0,0,906.000,1.13
1157851,314812,303603,13,5018,906,0,0,906.000,1.13
1157851,57407,150194,467,4791,906,0,0,906.000,1.13
1157851,57407,1146481,9,4875,906,0,0,906.000,1.13
1157851,134164,100141,632,5142,906,0,0,906.000,1.13
1157851,134164,848047,15,4916,906,0,0,906.000,1.13
1157851,559778,263412,234,4893,906,0,0,906.000,1.13
1157851,559778,190420,16,4750,906,0,0,906.000,1.13
1157851,670527,32342,26,4791,906,0,0,906.000,1.13
1157851,670527,1133628,8,5042,906,0,0,906.000,1.13
1157851,1146102,587472,38,4791,906,0,0,906.000,1.13
1157851,1146102,1028499,11,4958,906,0,0,906.000,1.13
1158247,636054,73794,79,4791,864,0,0,864.000,0.60
1158247,636054,375226,12,5018,864,0,0,864.000,0.60
1158247,1057000,303467,49,4875,864,0,0,864.000,0.60
1158247,1057000,216337,17,5166,864,0,0,864.000,0.60
1158247,658249,1152904,101,4792,864,0,0,864.000,0.60
1158247,658249,909968,14,4768,864,0,0,864.000,0.60
1158247,427157,857289,472,4833,864,0,0,864.000,0.60
1158247,427157,556783,11,4893,864,0,0,864.000,0.60
1158247,310545,197668,29,4833,864,0,0,864.000,0.60
1158247,310545,511740,15,4750,864,0,0,864.000,0.60
1158247,591679,659047,141,4976,864,0,0,864.000,0.60
1158247,591679,336004,15,5042,864,0,0,864.000,0.60
1158247,566124,500820,63,4958,864,0,0,864.000,0.60
1158247,566124,849941,11,4684,864,0,0,864.000,0.60
1158247,857521,85070,55,4750,864,0,0,864.000,0.60
1158247,857521,522054,19,4917,864,0,0,864.000,0.60
1158247,860124,449935,320,4708,864,0,0,864.000,0.60
1158247,860124,644811,14,5100,864,0,0,864.000,0.60
1158247,67511,425577,81,4601,864,0,0,864.000,0.60
1158247,67511,1144247,12,4792,864,0,0,864.000,0.60
1158401,FAILED,FAILED,FAILED,FAILED,FAILED,FAILED,FAILED,FAILED,FAILED
1161217,FAILED,FAILED,FAILED,FAILED,FAILED,FAILED,FAILED,FAILED,FAILED
1163119,555472,400126,138,4916,927,0,0,927.000,1.48
1163119,555472,977343,18,4708,927,0,0,927.000,1.48
1163119,164564,355188,417,4958,927,0,0,927.000,1.48
1163119,164564,749015,17,5102,927,0,0,927.000,1.48
1163119,276745,237696,199,5083,927,0,0,927.000,1.48
1163119,276745,533613,10,5184,927,0,0,927.000,1.48
1163119,545393,1119303,147,5000,927,0,0,927.000,1.48
1163119,545393,81879,13,4977,927,0,0,927.000,1.48
1163119,103627,1098093,111,4833,927,0,0,927.000,1.48
1163119,103627,166660,15,4959,927,0,0,927.000,1.48
1163119,847645,368422,1055,5000,927,0,0,927.000,1.48
1163119,847645,768136,12,4792,927,0,0,927.000,1.48
1163119,226616,1057767,64,4750,927,0,0,927.000,1.48
1163119,226616,538725,6,4833,927,0,0,927.000,1.48
1163119,1115419,978409,414,5000,927,0,0,927.000,1.48
1163119,1115419,659442,14,5084,927,0,0,927.000,1.48
1163119,1156995,775564,839,4768,927,0,0,927.000,1.48
1163119,1156995,814398,12,4917,927,0,0,927.000,1.48
1163119,935741,42652,186,4958,927,0,0,927.000,1.48
1163119,935741,801749,24,11167,927,0,0,927.000,1.48
1167013,283734,340769,164,5625,948,0,0,948.000,1.37
1167013,105290,829414,5,5333,936,0,0,936.000,1.37
1167013,283734,226189,10,5917,948,0,0,948.000,1.37
1167013,105290,874721,2,5458,942,0,0,942.000,1.37
1167013,758889,788601,86,5541,954,0,0,954.000,1.37
1167013,758889,330362,18,5500,948,0,0,948.000,1.37
1167013,481510,206287,479,5333,972,0,0,972.000,1.37
1167013,481510,144638,16,5333,942,0,0,942.000,1.37
1167013,369087,208107,574,5184,948,0,0,948.000,1.37
1167013,369087,538444,14,5625,942,0,0,942.000,1.37
1167013,807481,169919,118,5416,948,0,0,948.000,1.37
1167013,807481,699384,4,5125,924,0,0,924.000,1.37
1167013,337548,649474,807,5084,942,0,0,942.000,1.37
1167013,337548,22656,7,5334,942,0,0,942.000,1.37
1167013,886538,745093,375,5351,954,0,0,954.000,1.37
1167013,886538,374620,10,5333,948,0,0,948.000,1.37
1167013,1121604,1158538,531,5500,942,0,0,942.000,1.37
1167013,1121604,686346,18,6000,954,0,0,954.000,1.37
1167013,165313,1033156,101,5225,936,0,0,936.000,1.37
1167013,165313,726330,7,5500,948,0,0,948.000,1.37
1169023,359773,798985,474,4792,843,0,0,843.000,1.02
1169023,359773,546207,14,4916,843,0,0,843.000,1.02
1169023,793328,490908,115,4768,843,0,0,843.000,1.02
1169023,964524,997095,2,4726,843,0,0,843.000,1.02
1169023,793328,620402,6,4625,843,0,0,843.000,1.02
1169023,964524,102165,2,4875,843,0,0,843.000,1.02
1169023,383828,351136,643,4727,843,0,0,843.000,1.02
1169023,383828,466520,20,4917,843,0,0,843.000,1.02
1169023,1013871,622310,374,4935,843,0,0,843.000,1.02
1169023,1013871,693396,10,4667,843,0,0,843.000,1.02
1169023,638960,936962,53,4750,843,0,0,843.000,1.02
1169023,638960,412540,15,4750,843,0,0,843.000,1.02
1169023,1062446,231693,11,4934,843,0,0,843.000,1.02
1169023,1062446,533125,7,4875,843,0,0,843.000,1.02
1169023,668279,816011,455,4685,843,0,0,843.000,1.02
1169023,668279,67528,14,5042,843,0,0,843.000,1.02
1169023,1078824,297620,138,4893,843,0,0,843.000,1.02
1169023,1078824,1160210,13,4750,843,0,0,843.000,1.02
1169023,1154817,494330,113,4708,843,0,0,843.000,1.02
1169023,1154817,675502,19,5208,843,0,0,843.000,1.02
1170461,222472,512749,11,5042,882,0,0,882.000,1.61
1170461,222472,159265,11,5250,900,0,0,900.000,1.61
1170461,142541,1086799,598,5458,918,0,0,918.000,1.61
1170461,142541,872543,14,5709,912,0,0,912.000,1.61
1170461,690787,715718,762,5125,918,0,0,918.000,1.61
1170461,690787,45319,17,5417,894,0,0,894.000,1.61
1170461,446980,686665,168,5375,912,0,0,912.000,1.61
1170461,446980,233017,23,5458,906,0,0,906.000,1.61
1170461,626451,514226,260,5625,924,0,0,924.000,1.61
1170461,626451,344930,11,5500,918,0,0,918.000,1.61
1170461,9506,305925,483,5250,912,0,0,912.000,1.61
1170461,9506,904838,12,5125,888,0,0,888.000,1.61
1170461,433049,256283,37,5458,924,0,0,924.000,1.61
1170461,433049,1051858,9,6041,906,0,0,906.000,1.61
1170461,832257,253240,148,5333,918,0,0,918.000,1.61
1170461,832257,802163,11,5083,906,0,0,906.000,1.61
1170461,622631,821748,658,5083,912,0,0,912.000,1.61
1170461,622631,1164328,11,5333,924,0,0,924.000,1.61
1170461,877866,455690,381,4917,888,0,0,888.000,1.61
1170461,877866,2331,8,5250,906,0,0,906.000,1.61
1170751,806126,9359,291,4834,864,0,0,864.000,1.49
1170751,806126,1109459,13,5083,864,0,0,864.000,1.49
1170751,142870,965544,194,4792,864,0,0,864.000,1.49
1170751,142870,480585,11,4709,864,0,0,864.000,1.49
1170751,798617,967458,343,5059,864,0,0,864.000,1.49
1170751,798617,636732,16,5375,864,0,0,864.000,1.49
1170751,689258,963722,565,5125,864,0,0,864.000,1.49
1170751,689258,717985,19,5125,864,0,0,864.000,1.49
1170751,13275,510691,107,4726,864,0,0,864.000,1.49
1170751,13275,1008969,11,4834,864,0,0,864.000,1.49
1170751,314193,319577,1149,4833,864,0,0,864.000,1.49
1170751,314193,603392,15,5166,864,0,0,864.000,1.49
1170751,100549,1059546,483,4893,864,0,0,864.000,1.49
1170751,100549,806179,11,5041,864,0,0,864.000,1.49
1170751,284056,573514,113,4709,864,0,0,864.000,1.49
1170751,284056,338513,8,4851,864,0,0,864.000,1.49
1170751,406415,632044,142,4708,864,0,0,864.000,1.49
1170751,406415,738883,15,5000,864,0,0,864.000,1.49
1170751,470578,64612,257,4792,864,0,0,864.000,1.49
1170751,470578,896559,12,4875,864,0,0,864.000,1.49
1172491,517507,841297,57,5875,843,0,0,843.000,1.00
1172491,517507,554481,13,5875,843,0,0,843.000,1.00
1172491,126403,695500,76,4875,843,0,0,843.000,1.00
1172491,181173,811487,7,5208,843,0,0,843.000,1.00
1172491,126403,667151,9,5042,843,0,0,843.000,1.00
1172491,181173,1127018,5,4791,843,0,0,843.000,1.00
1172491,264074,961370,110,4917,843,0,0,843.000,1.00
1172491,264074,375754,15,4709,843,0,0,843.000,1.00
1172491,394753,855429,521,4792,843,0,0,843.000,1.00
1172491,394753,549611,20,4834,843,0,0,843.000,1.00
1172491,672826,601054,548,4750,843,0,0,843.000,1.00
1172491,672826,50385,17,4768,843,0,0,843.000,1.00
1172491,160483,568000,148,4625,843,0,0,843.000,1.00
1172491,160483,949864,15,4684,843,0,0,843.000,1.00
1172491,896554,139322,32,4709,843,0,0,843.000,1.00
1172491,896554,788581,15,4625,843,0,0,843.000,1.00
1172491,970005,660445,221,4792,843,0,0,843.000,1.00
1172491,970005,1101630,6,4958,843,0,0,843.000,1.00
1172491,520517,568637,541,4833,843,0,0,843.000,1.00
1172491,520517,518481,15,4934,843,0,0,843.000,1.00
1177667,505117,721652,35,4792,864,0,0,864.000,0.54
1177667,505117,779416,14,4893,864,0,0,864.000,0.54
1177667,1055435,813797,16,4833,864,0,0,864.000,0.54
1177667,1055435,168938,19,4875,864,0,0,864.000,0.54
1177667,634880,786399,247,4833,864,0,0,864.000,0.54
1177667,634880,315679,9,4667,864,0,0,864.000,0.54
1177667,873339,551355,107,4792,864,0,0,864.000,0.54
1177667,873339,901613,8,4875,864,0,0,864.000,0.54
1177667,435739,1063385,155,4959,864,0,0,864.000,0.54
1177667,435739,271240,17,4875,864,0,0,864.000,0.54
1177667,961286,787261,94,4708,864,0,0,864.000,0.54
1177667,961286,1061508,11,4808,864,0,0,864.000,0.54
1177667,198595,732252,273,5101,864,0,0,864.000,0.54
1177667,198595,910148,12,4834,864,0,0,864.000,0.54
1177667,808344,679045,78,4767,864,0,0,864.000,0.54
1177667,808344,9647,13,4667,864,0,0,864.000,0.54
1177667,1068121,933930,56,4833,864,0,0,864.000,0.54
1177667,1068121,1062990,12,4810,864,0,0,864.000,0.54
1177667,818330,870500,72,4750,864,0,0,864.000,0.54
1177667,818330,601086,14,4917,864,0,0,864.000,0.54
1179047,39119,1034911,57,6125,927,0,0,927.000,1.06
1179047,39119,1150076,22,6351,927,0,0,927.000,1.06
1179047,1171838,1136233,268,4850,927,0,0,927.000,1.06
1179047,1171838,540344,10,5250,927,0,0,927.000,1.06
1179047,3286,586704,180,4809,927,0,0,927.000,1.06
1179047,3286,486287,12,4916,927,0,0,927.000,1.06
1179047,1062789,174578,229,4792,927,0,0,927.000,1.06
1179047,1062789,619250,18,4792,927,0,0,927.000,1.06
1179047,856478,315673,3,4875,927,0,0,927.000,1.06
1179047,856478,710040,13,4833,927,0,0,927.000,1.06
1179047,901153,973591,62,5042,927,0,0,927.000,1.06
1179047,901153,125107,17,4875,927,0,0,927.000,1.06
1179047,433097,327194,342,4917,927,0,0,927.000,1.06
1179047,433097,926881,9,4958,927,0,0,927.000,1.06
1179047,128849,697287,1011,13434,927,0,0,927.000,1.06
1179047,128849,177732,37,11542,927,0,0,927.000,1.06
1179047,72221,493840,428,5000,927,0,0,927.000,1.06
1179047,72221,246299,10,5125,927,0,0,927.000,1.06
1179047,1083558,1128711,137,4768,927,0,0,927.000,1.06
1179047,1083558,655247,18,4958,927,0,0,927.000,1.06
1179251,519576,398663,130,5708,948,0,0,948.000,0.80
1179251,519576,905066,13,4750,948,0,0,948.000,0.80
1179251,448626,143734,46,5041,948,0,0,948.000,0.80
1179251,448626,103173,16,4959,948,0,0,948.000,0.80
1179251,920733,991901,14,4834,948,0,0,948.000,0.80
1179251,920733,79235,11,4750,948,0,0,948.000,0.80
1179251,749806,1074203,177,4916,948,0,0,948.000,0.80
1179251,749806,1167967,10,4958,948,0,0,948.000,0.80
1179251,622570,281458,419,4834,948,0,0,948.000,0.80
1179251,622570,988206,14,4958,948,0,0,948.000,0.80
1179251,999804,1096415,152,4834,948,0,0,948.000,0.80
1179251,999804,615557,9,4916,948,0,0,948.000,0.80
1179251,215011,1005440,780,5125,948,0,0,948.000,0.80
1179251,215011,1145161,16,5334,948,0,0,948.000,0.80
1179251,357360,558164,40,4875,948,0,0,948.000,0.80
1179251,357360,1157420,15,4934,948,0,0,948.000,0.80
1179251,327533,794342,21,4834,948,0,0,948.000,0.80
1179251,327533,690510,17,4959,948,0,0,948.000,0.80
1179251,469000,1156593,255,5017,948,0,0,948.000,0.80
1179251,469000,722592,17,4792,948,0,0,948.000,0.80
1182463,479561,947412,34,5583,780,0,0,780.000,1.02
1182463,479561,539172,15,5958,780,0,0,780.000,1.02
1182463,571939,388951,469,4500,780,0,0,780.000,1.02
1182463,571939,442043,19,4726,780,0,0,780.000,1.02
1182463,206601,499829,11,4750,780,0,0,780.000,1.02
1182463,206601,768784,12,4750,780,0,0,780.000,1.02
1182463,100222,144533,430,4750,780,0,0,780.000,1.02
1182463,100222,677413,12,4500,780,0,0,780.000,1.02
1182463,257132,555718,316,10584,780,0,0,780.000,1.02
1182463,257132,730735,20,10434,780,0,0,780.000,1.02
1182463,317536,1023981,63,4625,780,0,0,780.000,1.02
1182463,317536,479824,11,4958,780,0,0,780.000,1.02
1182463,715138,727187,60,4875,780,0,0,780.000,1.02
1182463,715138,737581,13,4601,780,0,0,780.000,1.02
1182463,974678,477919,218,4852,780,0,0,780.000,1.02
1182463,974678,804626,6,4584,780,0,0,780.000,1.02
1182463,908320,257860,235,4875,780,0,0,780.000,1.02
1182463,908320,828735,10,4584,780,0,0,780.000,1.02
1182463,466684,673831,463,4584,780,0,0,780.000,1.02
1182463,466684,1121733,13,4750,780,0,0,780.000,1.02
1185181,63299,1153882,372,5416,885,0,0,885.000,0.68
1185181,63299,928321,10,5292,891,0,0,891.000,0.68
1185181,434333,605585,20,5375,885,0,0,885.000,0.68
1185181,434333,550968,12,5459,879,0,0,879.000,0.68
1185181,290901,495309,199,5041,879,0,0,879.000,0.68
1185181,290901,275461,15,5167,873,0,0,873.000,0.68
1185181,629698,1134121,253,5333,903,0,0,903.000,0.68
1185181,629698,56785,9,5375,885,0,0,885.000,0.68
1185181,4086,729165,51,5083,885,0,0,885.000,0.68
1185181,4086,340964,17,5083,867,0,0,867.000,0.68
1185181,46104,102967,498,5083,873,0,0,873.000,0.68
1185181,46104,1136416,17,5250,873,0,0,873.000,0.68
1185181,791047,441391,28,5209,873,0,0,873.000,0.68
1185181,791047,835973,17,5250,891,0,0,891.000,0.68
1185181,667599,265099,23,5041,879,0,0,879.000,0.68
1185181,667599,1035464,23,5667,855,0,0,855.000,0.68
1185181,1157128,1036188,19,5250,873,0,0,873.000,0.68
1185181,1157128,354773,19,5642,903,0,0,903.000,0.68
1185181,390424,698966,31,5083,867,0,0,867.000,0.68
1185181,390424,295461,17,5333,903,0,0,903.000,0.68
1188553,FAILED,FAILED,FAILED,FAILED,FAILED,FAILED,FAILED,FAILED,FAILED
1189021,314384,366828,271,12000,876,0,0,876.000,0.90
1189021,314384,335967,20,12167,870,0,0,870.000,0.90
1189021,1110170,442725,94,5416,864,0,0,864.000,0.90
1189021,1110170,387567,6,5352,870,0,0,870.000,0.90
1189021,88632,703255,264,5167,870,0,0,870.000,0.90
1189021,88632,1176662,17,5250,864,0,0,864.000,0.90
1189021,565136,737361,358,5185,864,0,0,864.000,0.90
1189021,565136,76882,8,5167,858,0,0,858.000,0.90
1189021,63365,770675,287,5459,882,0,0,882.000,0.90
1189021,63365,923952,13,5458,852,0,0,852.000,0.90
1189021,790978,1170837,11,5208,864,0,0,864.000,0.90
1189021,790978,734437,17,5083,864,0,0,864.000,0.90
1189021,198943,211068,125,4875,852,0,0,852.000,0.90
1189021,198943,939568,15,5268,876,0,0,876.000,0.90
1189021,300033,555462,153,5167,870,0,0,870.000,0.90
1189021,300033,1142884,15,5208,882,0,0,882.000,0.90
1189021,1129151,159012,272,5475,882,0,0,882.000,0.90
1189021,1129151,61019,7,5250,840,0,0,840.000,0.90
1189021,487624,155900,30,5417,876,0,0,876.000,0.90
1189021,487624,1004346,16,5125,852,0,0,852.000,0.90
1190929,FAILED,FAILED,FAILED,FAILED,FAILED,FAILED,FAILED,FAILED,FAILED
1192651,1090851,694414,84,12666,864,0,0,864.000,0.68
1192651,1090851,458275,37,11310,864,0,0,864.000,0.68
1192651,392084,1139513,263,4791,864,0,0,864.000,0.68
1192651,392084,888490,18,5017,864,0,0,864.000,0.68
1192651,81234,186148,351,4875,864,0,0,864.000,0.68
1192651,81234,372121,22,4709,864,0,0,864.000,0.68
1192651,1031134,548560,235,4708,864,0,0,864.000,0.68
1192651,1031134,1039667,14,4958,864,0,0,864.000,0.68
1192651,223133,635430,99,4833,864,0,0,864.000,0.68
1192651,223133,1136968,8,5042,864,0,0,864.000,0.68
1192651,34538,463718,228,4791,864,0,0,864.000,0.68
1192651,418057,50956,5,4625,864,0,0,864.000,0.68
1192651,34538,640413,5,4916,864,0,0,864.000,0.68
1192651,418057,553801,9,4875,864,0,0,864.000,0.68
1192651,1161789,95564,48,4875,864,0,0,864.000,0.68
1192651,1161789,56339,16,4791,864,0,0,864.000,0.68
1192651,1144672,539457,97,12958,864,0,0,864.000,0.68
1192651,1144672,78082,35,11267,864,0,0,864.000,0.68
1192651,817835,81086,161,11708,864,0,0,864.000,0.68
1192651,817835,460610,38,11393,864,0,0,864.000,0.68
1192967,316756,805728,108,4541,801,0,0,801.000,1.06
1192967,796331,560314,3,4583,801,0,0,801.000,1.06
1192967,316756,837993,6,4750,801,0,0,801.000,1.06
1192967,796331,151828,1,4708,801,0,0,801.000,1.06
1192967,1121748,1054023,273,4625,801,0,0,801.000,1.06
1192967,1121748,305403,17,4833,801,0,0,801.000,1.06
1192967,1026911,1119955,210,4583,801,0,0,801.000,1.06
1192967,1026911,43799,9,4666,801,0,0,801.000,1.06
1192967,946930,763071,404,10683,801,0,0,801.000,1.06
1192967,946930,577746,34,10709,801,0,0,801.000,1.06
1192967,340846,619529,89,4958,801,0,0,801.000,1.06
1192967,340846,1185739,15,4709,801,0,0,801.000,1.06
1192967,1164887,347083,100,4583,801,0,0,801.000,1.06
1192967,1164887,224381,17,4875,801,0,0,801.000,1.06
1192967,210256,1115990,673,4584,801,0,0,801.000,1.06
1192967,210256,102947,14,4875,801,0,0,801.000,1.06
1192967,1040097,914391,22,4583,801,0,0,801.000,1.06
1192967,1040097,669914,18,4542,801,0,0,801.000,1.06
1192967,681417,265172,1021,10518,801,0,0,801.000,1.06
1192967,681417,103315,35,10875,801,0,0,801.000,1.06
1193431,120383,816138,111,4917,885,0,0,885.000,0.96
1193431,120383,939549,17,4892,885,0,0,885.000,0.96
1193431,814153,176357,400,4875,885,0,0,885.000,0.96
1193431,814153,1150231,16,4934,885,0,0,885.000,0.96
1193431,214708,157994,43,4750,885,0,0,885.000,0.96
1193431,214708,1078313,12,5083,885,0,0,885.000,0.96
1193431,3431,192150,166,4833,885,0,0,885.000,0.96
1193431,3431,864043,8,4917,885,0,0,885.000,0.96
1193431,365023,337650,105,4708,885,0,0,885.000,0.96
1193431,145949,44244,1,5017,885,0,0,885.000,0.96
1193431,365023,791137,16,4850,885,0,0,885.000,0.96
1193431,145949,550601,2,4959,885,0,0,885.000,0.96
1193431,462078,655393,571,5208,885,0,0,885.000,0.96
1193431,462078,713078,13,5000,885,0,0,885.000,0.96
1193431,990381,110414,858,4792,885,0,0,885.000,0.96
1193431,990381,832583,14,4976,885,0,0,885.000,0.96
1193431,535916,825294,26,4916,885,0,0,885.000,0.96
1193431,535916,243703,11,5084,885,0,0,885.000,0.96
1193431,459976,525595,156,4791,885,0,0,885.000,0.96
1193431,459976,1040477,13,4750,885,0,0,885.000,0.96
1193483,194204,781905,34,4708,843,0,0,843.000,1.05
1193483,194204,1154769,11,5142,843,0,0,843.000,1.05
1193483,188126,1183560,106,4666,843,0,0,843.000,1.05
1193483,188126,363154,17,4875,843,0,0,843.000,1.05
1193483,608049,576191,295,4768,843,0,0,843.000,1.05
1193483,608049,745412,14,4750,843,0,0,843.000,1.05
1193483,143807,1006951,64,4750,843,0,0,843.000,1.05
1193483,143807,191423,11,4875,843,0,0,843.000,1.05
1193483,790124,412349,1508,4834,843,0,0,843.000,1.05
1193483,790124,380682,9,4792,843,0,0,843.000,1.05
1193483,59734,472928,32,5000,843,0,0,843.000,1.05
1193483,59734,899677,13,4768,843,0,0,843.000,1.05
1193483,537856,747273,144,4625,843,0,0,843.000,1.05
1193483,1157119,709803,9,4833,843,0,0,843.000,1.05
1193483,537856,722476,3,4666,843,0,0,843.000,1.05
1193483,1157119,147198,8,4875,843,0,0,843.000,1.05
1193483,743067,97813,275,4584,843,0,0,843.000,1.05
1193483,743067,438275,9,4708,843,0,0,843.000,1.05
1193483,485460,759032,105,4810,843,0,0,843.000,1.05
1193483,485460,534649,10,4750,843,0,0,843.000,1.05
1195039,60030,1077269,162,5042,822,0,0,822.000,0.93
1195039,60030,1140538,8,4667,822,0,0,822.000,0.93
1195039,140180,1118983,171,4750,822,0,0,822.000,0.93
1195039,140180,204147,15,4708,822,0,0,822.000,0.93
1195039,1104779,1047397,193,4625,822,0,0,822.000,0.93
1195039,1104779,623508,14,4500,822,0,0,822.000,0.93
1195039,516740,1147763,82,4834,822,0,0,822.000,0.93
1195039,516740,249116,20,4750,822,0,0,822.000,0.93
1195039,1122706,922924,428,4833,822,0,0,822.000,0.93
1195039,1122706,424013,11,4583,822,0,0,822.000,0.93
1195039,835896,429074,307,14041,822,0,0,822.000,0.93
1195039,835896,495576,9,4810,822,0,0,822.000,0.93
1195039,402081,193894,645,4917,822,0,0,822.000,0.93
1195039,402081,589751,11,4833,822,0,0,822.000,0.93
1195039,596567,1076222,103,4542,822,0,0,822.000,0.93
1195039,596567,11944,9,5185,822,0,0,822.000,0.93
1195039,77514,349577,105,4750,822,0,0,822.000,0.93
1195039,77514,669260,15,4708,822,0,0,822.000,0.93
1195039,627757,71683,139,4667,822,0,0,822.000,0.93
1195039,627757,21147,17,5393,822,0,0,822.000,0.93
1195459,904947,1143643,251,4917,885,0,0,885.000,0.81
1195459,904947,959865,11,4767,885,0,0,885.000,0.81
1195459,146641,537720,6,4916,885,0,0,885.000,0.81
1195459,146641,102725,14,4708,885,0,0,885.000,0.81
1195459,709241,271521,31,12208,885,0,0,885.000,0.81
1195459,709241,392946,28,11393,885,0,0,885.000,0.81
1195459,950049,986108,34,4750,885,0,0,885.000,0.81
1195459,950049,95699,19,4916,885,0,0,885.000,0.81
1195459,354687,418577,155,4958,885,0,0,885.000,0.81
1195459,354687,376755,13,4792,885,0,0,885.000,0.81
1195459,1134005,631564,933,4875,885,0,0,885.000,0.81
1195459,1134005,557840,17,4792,885,0,0,885.000,0.81
1195459,551160,601547,234,4792,885,0,0,885.000,0.81
1195459,551160,548010,14,4667,885,0,0,885.000,0.81
1195459,1110338,859335,169,4809,885,0,0,885.000,0.81
1195459,1110338,292636,18,5042,885,0,0,885.000,0.81
1195459,994306,233707,49,4917,885,0,0,885.000,0.81
1195459,994306,597480,16,4959,885,0,0,885.000,0.81
1195459,920735,411551,213,5268,885,0,0,885.000,0.81
1195459,920735,1064674,10,5000,885,0,0,885.000,0.81
1195721,FAILED,FAILED,FAILED,FAILED,FAILED,FAILED,FAILED,FAILED,FAILED
1195741,14517,488551,533,5250,960,0,0,960.000,0.76
1195741,14517,403430,22,5935,930,0,0,930.000,0.76
1195741,1026083,287583,581,5416,948,0,0,948.000,0.76
1195741,1026083,767451,27,5667,960,0,0,960.000,0.76
1195741,171767,29731,162,5291,954,0,0,954.000,0.76
1195741,171767,322667,13,5084,942,0,0,942.000,0.76
1195741,669157,1053365,25,5583,960,0,0,960.000,0.76
1195741,669157,1022799,18,5916,948,0,0,948.000,0.76
1195741,644278,1141900,104,5666,942,0,0,942.000,0.76
1195741,644278,339375,11,5250,936,0,0,936.000,0.76
1195741,801215,572787,102,5250,936,0,0,936.000,0.76
1195741,801215,149907,11,5458,948,0,0,948.000,0.76
1195741,527754,723214,21,5167,942,0,0,942.000,0.76
1195741,527754,434208,10,5167,954,0,0,954.000,0.76
1195741,184652,169885,46,5167,936,0,0,936.000,0.76
1195741,184652,384607,21,5416,948,0,0,948.000,0.76
1195741,314370,992266,267,5166,948,0,0,948.000,0.76
1195741,314370,151338,14,5417,942,0,0,942.000,0.76
1195741,876593,223059,106,5250,960,0,0,960.000,0.76
1195741,876593,366801,18,5459,948,0,0,948.000,0.76
1201843,982344,958221,698,4750,885,0,0,885.000,2.31
1201843,982344,583357,11,4708,885,0,0,885.000,2.31
1201843,249982,579618,1157,5000,885,0,0,885.000,2.31
1201843,249982,945588,13,5143,885,0,0,885.000,2.31
1201843,794614,750079,419,11583,885,0,0,885.000,2.31
1201843,794614,999875,35,11601,885,0,0,885.000,2.31
1201843,612868,675414,145,5101,885,0,0,885.000,2.31
1201843,612868,273679,8,5041,885,0,0,885.000,2.31
1201843,1191741,973545,90,4958,885,0,0,885.000,2.31
1201843,1191741,170716,18,5042,885,0,0,885.000,2.31
1201843,1143633,124347,635,4875,885,0,0,885.000,2.31
1201843,1143633,378902,12,4917,885,0,0,885.000,2.31
1201843,977203,846808,1897,4833,885,0,0,885.000,2.31
1201843,977203,1184800,13,4750,885,0,0,885.000,2.31
1201843,849395,877585,642,4875,885,0,0,885.000,2.31
1201843,849395,988258,20,5042,885,0,0,885.000,2.31
1201843,330119,1018960,349,4767,885,0,0,885.000,2.31
1201843,330119,870274,13,4792,885,0,0,885.000,2.31
1201843,889583,130493,301,4708,885,0,0,885.000,2.31
1201843,889583,446644,7,4958,885,0,0,885.000,2.31
1204711,348715,436800,137,5042,864,0,0,864.000,1.03
1204711,348715,525635,24,4666,864,0,0,864.000,1.03
1204711,236429,1165090,849,4791,864,0,0,864.000,1.03
1204711,236429,50314,14,4958,864,0,0,864.000,1.03
1204711,196374,200410,5,4958,864,0,0,864.000,1.03
1204711,196374,441973,19,4768,864,0,0,864.000,1.03
1204711,844698,1059718,481,4892,864,0,0,864.000,1.03
1204711,844698,960103,11,4833,864,0,0,864.000,1.03
1204711,867292,926110,159,4725,864,0,0,864.000,1.03
1204711,867292,1161436,14,4875,864,0,0,864.000,1.03
1204711,98248,1098297,9,4834,864,0,0,864.000,1.03
1204711,98248,730118,19,5250,864,0,0,864.000,1.03
1204711,529247,107597,320,5333,864,0,0,864.000,1.03
1204711,529247,848740,11,4708,864,0,0,864.000,1.03
1204711,1168633,252529,3,4875,864,0,0,864.000,1.03
1204711,1168633,668811,14,4917,864,0,0,864.000,1.03
1204711,415651,176473,1,4834,864,0,0,864.000,1.03
1204711,415651,66275,17,5000,864,0,0,864.000,1.03
1204711,1132064,489943,426,4642,864,0,0,864.000,1.03
1204711,1132064,171314,12,4708,864,0,0,864.000,1.03
1207043,508180,777021,336,5143,843,0,0,843.000,1.20
1207043,508180,327793,13,4834,843,0,0,843.000,1.20
1207043,828018,871164,391,4875,843,0,0,843.000,1.20
1207043,828018,918522,15,4602,843,0,0,843.000,1.20
1207043,738207,284924,633,4875,843,0,0,843.000,1.20
1207043,738207,403279,12,4875,843,0,0,843.000,1.20
1207043,310329,510382,275,4792,843,0,0,843.000,1.20
1207043,310329,287956,18,4792,843,0,0,843.000,1.20
1207043,993668,124786,230,4750,843,0,0,843.000,1.20
1207043,993668,18746,8,4935,843,0,0,843.000,1.20
1207043,19528,298298,263,4666,843,0,0,843.000,1.20
1207043,19528,354202,14,4833,843,0,0,843.000,1.20
1207043,250541,992265,1,4833,843,0,0,843.000,1.20
1207043,250541,906649,17,4666,843,0,0,843.000,1.20
1207043,883095,687507,193,4625,843,0,0,843.000,1.20
1207043,883095,694164,11,4791,843,0,0,843.000,1.20
1207043,1161299,1146712,97,4810,843,0,0,843.000,1.20
1207043,1161299,153471,10,4750,843,0,0,843.000,1.20
1207043,262418,708341,370,4708,843,0,0,843.000,1.20
1207043,262418,1105728,20,4893,843,0,0,843.000,1.20
1210597,279482,1121351,133,5250,942,0,0,942.000,2.26
1210597,279482,775289,23,5709,948,0,0,948.000,2.26
1210597,420330,17197,370,5309,936,0,0,936.000,2.26
1210597,420330,473286,17,5458,930,0,0,930.000,2.26
1210597,681006,974285,243,5125,948,0,0,948.000,2.26
1210597,681006,364268,16,5417,960,0,0,960.000,2.26
1210597,820560,335445,45,5334,960,0,0,960.000,2.26
1210597,820560,407021,18,5459,948,0,0,948.000,2.26
1210597,398127,234685,18,5333,954,0,0,954.000,2.26
1210597,398127,67008,14,5435,966,0,0,966.000,2.26
1210597,24196,1100398,1089,5417,960,0,0,960.000,2.26
1210597,24196,614376,9,5292,942,0,0,942.000,2.26
1210597,470901,1204855,170,5166,942,0,0,942.000,2.26
1210597,470901,661471,9,5375,954,0,0,954.000,2.26
1210597,703965,651480,1163,5458,918,0,0,918.000,2.26
1210597,703965,1030806,13,5291,942,0,0,942.000,2.26
1210597,33602,949994,519,12750,942,0,0,942.000,2.26
1210597,33602,199343,23,13142,960,0,0,960.000,2.26
1210597,252383,26382,1696,5291,972,0,0,972.000,2.26
1210597,252383,624350,12,5417,942,0,0,942.000,2.26
1213063,464063,639399,501,4667,801,0,0,801.000,1.32
1213063,464063,450532,13,4625,801,0,0,801.000,1.32
1213063,186371,107618,31,4809,801,0,0,801.000,1.32
1213063,186371,254854,26,5208,801,0,0,801.000,1.32
1213063,387048,983797,133,5041,801,0,0,801.000,1.32
1213063,387048,973180,16,4583,801,0,0,801.000,1.32
1213063,1170126,608536,450,4792,801,0,0,801.000,1.32
1213063,1170126,255161,13,5042,801,0,0,801.000,1.32
1213063,269540,815399,169,4500,801,0,0,801.000,1.32
1213063,269540,348098,16,4625,801,0,0,801.000,1.32
1213063,867732,515841,4,4750,801,0,0,801.000,1.32
1213063,867732,412440,17,5083,801,0,0,801.000,1.32
1213063,554575,962072,1465,4709,801,0,0,801.000,1.32
1213063,554575,753736,13,4708,801,0,0,801.000,1.32
1213063,606166,556595,60,4542,801,0,0,801.000,1.32
1213063,606166,578012,15,4750,801,0,0,801.000,1.32
1213063,764605,1157661,242,4851,801,0,0,801.000,1.32
1213063,764605,472659,13,4958,801,0,0,801.000,1.32
1213063,1066868,650263,520,4916,801,0,0,801.000,1.32
1213063,1066868,260312,12,4601,801,0,0,801.000,1.32
1214957,169998,339677,254,5458,915,0,0,915.000,0.97
1214957,169998,365251,10,5375,921,0,0,921.000,0.97
1214957,566680,269412,272,12458,927,0,0,927.000,0.97
1214957,566680,153446,59,22810,939,0,0,939.000,0.97
1214957,1078107,1026148,295,5333,927,0,0,927.000,0.97
1214957,1078107,894610,15,5167,909,0,0,909.000,0.97
1214957,867367,591044,201,12167,927,0,0,927.000,0.97
1214957,867367,525514,22,12892,927,0,0,927.000,0.97
1214957,386987,467431,264,5292,933,0,0,933.000,0.97
1214957,386987,20365,14,5808,939,0,0,939.000,0.97
1214957,899502,533585,260,5250,927,0,0,927.000,0.97
1214957,899502,889405,6,5458,927,0,0,927.000,0.97
1214957,118991,684307,88,5208,933,0,0,933.000,0.97
1214957,118991,319233,5,5416,927,0,0,927.000,0.97
1214957,975845,397592,71,5042,915,0,0,915.000,0.97
1214957,975845,900510,5,5333,945,0,0,945.000,0.97
1214957,765793,8549,232,5042,915,0,0,915.000,0.97
1214957,969015,330795,5,5542,915,0,0,915.000,0.97
1214957,765793,586016,7,5125,909,0,0,909.000,0.97
1214957,969015,1095007,8,5334,933,0,0,933.000,0.97
1216591,119467,925571,60,5792,801,0,0,801.000,0.47
1216591,874480,798911,9,5810,801,0,0,801.000,0.47
1216591,119467,435362,10,5018,801,0,0,801.000,0.47
1216591,874480,329762,13,5792,801,0,0,801.000,0.47
1216591,1135518,1140324,45,11583,801,0,0,801.000,0.47
1216591,1135518,256881,28,11308,801,0,0,801.000,0.47
1216591,1153953,22316,19,11500,801,0,0,801.000,0.47
1216591,1153953,31810,20,11042,801,0,0,801.000,0.47
1216591,254372,1057166,333,4583,801,0,0,801.000,0.47
1216591,254372,569409,17,4667,801,0,0,801.000,0.47
1216591,481610,145849,50,4917,801,0,0,801.000,0.47
1216591,481610,1076061,16,4583,801,0,0,801.000,0.47
1216591,416646,147269,262,4542,801,0,0,801.000,0.47
1216591,416646,694669,16,4667,801,0,0,801.000,0.47
1216591,591386,1200720,31,4500,801,0,0,801.000,0.47
1216591,591386,953128,15,4625,801,0,0,801.000,0.47
1216591,671609,844151,39,4833,801,0,0,801.000,0.47
1216591,671609,672389,14,4958,801,0,0,801.000,0.47
1216591,640971,45317,145,4934,801,0,0,801.000,0.47
1216591,640971,211362,14,4708,801,0,0,801.000,0.47
1220623,604634,278331,755,4834,780,0,0,780.000,0.82
1220623,604634,977125,12,4709,780,0,0,780.000,0.82
1220623,426184,259009,14,4476,780,0,0,780.000,0.82
1220623,426184,643836,10,4625,780,0,0,780.000,0.82
1220623,810905,557917,125,4933,780,0,0,780.000,0.82
1220623,810905,1125462,12,4709,780,0,0,780.000,0.82
1220623,476997,923343,50,4542,780,0,0,780.000,0.82
1220623,476997,341149,12,4643,780,0,0,780.000,0.82
1220623,826711,1067807,35,4458,780,0,0,780.000,0.82
1220623,826711,38336,9,4541,780,0,0,780.000,0.82
1220623,346845,272230,41,4792,780,0,0,780.000,0.82
1220623,346845,676215,12,4917,780,0,0,780.000,0.82
1220623,22226,919952,13,4500,780,0,0,780.000,0.82
1220623,22226,706404,9,4792,780,0,0,780.000,0.82
1220623,1136039,589906,38,4500,780,0,0,780.000,0.82
1220623,1136039,202328,13,4583,780,0,0,780.000,0.82
1220623,987272,1076237,107,4542,780,0,0,780.000,0.82
1220623,987272,90145,3,4583,780,0,0,780.000,0.82
1220623,417951,1085848,546,4708,780,0,0,780.000,0.82
1220623,1217852,963124,2,4625,780,0,0,780.000,0.82
1221391,147369,478116,128,4833,822,0,0,822.000,1.21
1221391,147369,615395,15,4809,822,0,0,822.000,1.21
1221391,309175,371079,393,5125,822,0,0,822.000,1.21
1221391,309175,767604,9,4875,822,0,0,822.000,1.21
1221391,455421,901890,166,4708,822,0,0,822.000,1.21
1221391,455421,920293,13,4791,822,0,0,822.000,1.21
1221391,763605,622864,421,10750,822,0,0,822.000,1.21
1221391,763605,719940,25,10583,822,0,0,822.000,1.21
1221391,222079,1211119,181,4666,822,0,0,822.000,1.21
1221391,222079,1218350,9,4602,822,0,0,822.000,1.21
1221391,117369,311273,115,4875,822,0,0,822.000,1.21
1221391,117369,176755,6,4875,822,0,0,822.000,1.21
1221391,1187858,182005,462,4750,822,0,0,822.000,1.21
1221391,1187858,378147,13,4833,822,0,0,822.000,1.21
1221391,1099006,102711,63,4767,822,0,0,822.000,1.21
1221391,1099006,500583,19,4708,822,0,0,822.000,1.21
1221391,487779,332932,310,4750,822,0,0,822.000,1.21
1221391,487779,1202685,15,4792,822,0,0,822.000,1.21
1221391,16601,275217,1105,4709,822,0,0,822.000,1.21
1221391,16601,894876,16,4750,822,0,0,822.000,1.21
1223863,1206585,855084,171,4791,885,0,0,885.000,0.84
1223863,1206585,1185022,10,4875,885,0,0,885.000,0.84
1223863,535667,336604,125,4892,885,0,0,885.000,0.84
1223863,535667,758614,13,4709,885,0,0,885.000,0.84
1223863,1020136,869716,765,4750,885,0,0,885.000,0.84
1223863,1020136,976364,19,4833,885,0,0,885.000,0.84
1223863,1030321,91420,71,4709,885,0,0,885.000,0.84
1223863,1030321,306409,7,5125,885,0,0,885.000,0.84
1223863,519109,326610,48,11018,885,0,0,885.000,0.84
1223863,519109,159368,26,10917,885,0,0,885.000,0.84
1223863,510937,641880,239,4625,885,0,0,885.000,0.84
1223863,510937,1042570,10,4767,885,0,0,885.000,0.84
1223863,299877,163105,136,5000,885,0,0,885.000,0.84
1223863,299877,122324,11,5000,885,0,0,885.000,0.84
1223863,548064,167568,126,5041,885,0,0,885.000,0.84
1223863,548064,810617,9,4917,885,0,0,885.000,0.84
1223863,678674,518788,45,10958,885,0,0,885.000,0.84
1223863,678674,1055353,20,10892,885,0,0,885.000,0.84
1223863,944057,700409,77,4709,885,0,0,885.000,0.84
1223863,944057,822511,16,4750,885,0,0,885.000,0.84
1224637,647882,154292,193,5500,960,0,0,960.000,1.03
1224637,647882,572568,21,5518,960,0,0,960.000,1.03
1224637,565327,152553,39,5333,942,0,0,942.000,1.03
1224637,565327,977081,12,5541,918,0,0,918.000,1.03
1224637,17777,693098,130,5726,960,0,0,960.000,1.03
1224637,17777,629680,18,5417,936,0,0,936.000,1.03
1224637,555954,604421,402,5208,960,0,0,960.000,1.03
1224637,555954,991980,18,5417,948,0,0,948.000,1.03
1224637,437919,648526,328,5167,948,0,0,948.000,1.03
1224637,437919,648002,15,5417,936,0,0,936.000,1.03
1224637,21477,1141892,55,5333,960,0,0,960.000,1.03
1224637,21477,1124132,16,5183,948,0,0,948.000,1.03
1224637,1013515,1111447,74,5101,936,0,0,936.000,1.03
1224637,1013515,648226,9,5291,942,0,0,942.000,1.03
1224637,864149,603528,116,5250,954,0,0,954.000,1.03
1224637,864149,1147328,15,5542,960,0,0,960.000,1.03
1224637,935137,531599,586,5142,948,0,0,948.000,1.03
1224637,935137,770898,11,5375,966,0,0,966.000,1.03
1224637,855373,524998,407,5291,942,0,0,942.000,1.03
1224637,855373,705775,11,5333,954,0,0,954.000,1.03
1225621,528888,730605,57,6417,948,0,0,948.000,0.84
1225621,528888,1024853,17,6559,942,0,0,942.000,0.84
1225621,535835,1096433,139,5208,942,0,0,942.000,0.84
1225621,535835,681845,17,5250,942,0,0,942.000,0.84
1225621,154239,1093293,126,5351,948,0,0,948.000,0.84
1225621,154239,656753,11,5625,966,0,0,966.000,0.84
1225621,1132386,1059973,242,5125,930,0,0,930.000,0.84
1225621,1132386,38360,9,5291,948,0,0,948.000,0.84
1225621,221298,351677,345,5250,954,0,0,954.000,0.84
1225621,221298,854436,10,5458,936,0,0,936.000,0.84
1225621,847012,103870,97,5083,930,0,0,930.000,0.84
1225621,847012,597228,9,5250,948,0,0,948.000,0.84
1225621,332719,179849,22,5042,936,0,0,936.000,0.84
1225621,332719,362090,16,5142,924,0,0,924.000,0.84
1225621,411905,1000887,154,5333,942,0,0,942.000,0.84
1225621,411905,1088297,8,5417,930,0,0,930.000,0.84
1225621,146577,1219981,386,5208,948,0,0,948.000,0.84
1225621,146577,820927,10,5292,948,0,0,948.000,0.84
1225621,912781,1145086,127,5167,942,0,0,942.000,0.84
1225621,912781,654964,16,5459,954,0,0,954.000,0.84
1225927,317906,128810,621,11393,864,0,0,864.000,1.00
1225927,791419,561521,9,4768,864,0,0,864.000,1.00
1225927,791419,1103312,15,5083,864,0,0,864.000,1.00
1225927,317906,75106,16,11375,864,0,0,864.000,1.00
1225927,1012875,296525,136,4667,864,0,0,864.000,1.00
1225927,1012875,161721,13,4792,864,0,0,864.000,1.00
1225927,521060,900703,242,4792,864,0,0,864.000,1.00
1225927,521060,899289,14,5167,864,0,0,864.000,1.00
1225927,637463,467243,169,59660,864,0,0,864.000,1.00
1225927,637463,1169529,33,11250,864,0,0,864.000,1.00
1225927,608094,603685,47,5042,864,0,0,864.000,1.00
1225927,736879,650740,12,4666,864,0,0,864.000,1.00
1225927,608094,766698,1,5083,864,0,0,864.000,1.00
1225927,736879,742392,16,4792,864,0,0,864.000,1.00
1225927,697748,465987,335,11225,864,0,0,864.000,1.00
1225927,697748,93813,34,11417,864,0,0,864.000,1.00
1225927,958234,444160,395,4833,864,0,0,864.000,1.00
1225927,958234,889232,15,4916,864,0,0,864.000,1.00
1225927,417440,740020,393,4708,864,0,0,864.000,1.00
1225927,417440,356629,11,4625,864,0,0,864.000,1.00
1227881,FAILED,FAILED,FAILED,FAILED,FAILED,FAILED,FAILED,FAILED,FAILED
1232461,876466,467920,109,5625,933,0,0,933.000,0.74
1232461,876466,633285,21,5310,933,0,0,933.000,0.74
1232461,13243,306677,156,5458,933,0,0,933.000,0.74
1232461,13243,212308,11,5351,915,0,0,915.000,0.74
1232461,466095,241939,45,5208,939,0,0,939.000,0.74
1232461,466095,96006,10,5584,945,0,0,945.000,0.74
1232461,1110655,760924,152,5500,939,0,0,939.000,0.74
1232461,1110655,787199,7,5393,915,0,0,915.000,0.74
1232461,682127,571305,278,5625,957,0,0,957.000,0.74
1232461,682127,317031,16,5709,939,0,0,939.000,0.74
1232461,142271,938376,8,5416,921,0,0,921.000,0.74
1232461,142271,596233,11,5417,945,0,0,945.000,0.74
1232461,1157355,107447,541,5291,933,0,0,933.000,0.74
1232461,1157355,1528,16,5375,927,0,0,927.000,0.74
1232461,82693,149394,85,5292,939,0,0,939.000,0.74
1232461,82693,99845,10,5583,939,0,0,939.000,0.74
1232461,526079,929965,4,5209,939,0,0,939.000,0.74
1232461,526079,369737,15,5435,933,0,0,933.000,0.74
1232461,462105,199767,185,4934,897,0,0,897.000,0.74
1232461,462105,514704,9,5208,927,0,0,927.000,0.74
1233301,875244,1015976,232,5125,921,0,0,921.000,1.67
1233301,875244,1048696,16,5185,915,0,0,915.000,1.67
1233301,574638,230649,1619,5208,933,0,0,933.000,1.67
1233301,574638,864642,16,5083,915,0,0,915.000,1.67
1233301,1153323,991731,513,5125,921,0,0,921.000,1.67
1233301,1153323,650405,14,5392,915,0,0,915.000,1.67
1233301,520746,422681,79,5209,909,0,0,909.000,1.67
1233301,520746,994046,10,5268,933,0,0,933.000,1.67
1233301,257823,692636,95,5208,939,0,0,939.000,1.67
1233301,257823,599308,19,5583,921,0,0,921.000,1.67
1233301,1155825,1070787,243,5102,921,0,0,921.000,1.67
1233301,1155825,886336,16,5292,939,0,0,939.000,1.67
1233301,1122246,990631,142,5042,915,0,0,915.000,1.67
1233301,1122246,214467,12,5125,915,0,0,915.000,1.67
1233301,612309,792030,69,12500,951,0,0,951.000,1.67
1233301,612309,419835,37,12101,921,0,0,921.000,1.67
1233301,1051073,215481,93,12000,915,0,0,915.000,1.67
1233301,1051073,47187,21,12018,927,0,0,927.000,1.67
1233301,184723,180440,428,5375,945,0,0,945.000,1.67
1233301,184723,950311,15,5750,939,0,0,939.000,1.67
1233539,1046203,517901,172,4625,843,0,0,843.000,0.91
1233539,1046203,1092686,16,4500,843,0,0,843.000,0.91
1233539,860676,295797,304,4583,843,0,0,843.000,0.91
1233539,860676,628956,16,4850,843,0,0,843.000,0.91
1233539,154787,1194105,25,4917,843,0,0,843.000,0.91
1233539,154787,1096207,13,4916,843,0,0,843.000,0.91
1233539,68082,951826,522,4958,843,0,0,843.000,0.91
1233539,68082,36293,8,4725,843,0,0,843.000,0.91
1233539,971316,430033,65,4917,843,0,0,843.000,0.91
1233539,971316,450206,14,4708,843,0,0,843.000,0.91
1233539,994201,864777,282,4893,843,0,0,843.000,0.91
1233539,994201,1111588,12,5125,843,0,0,843.000,0.91
1233539,1104961,585429,3,4667,843,0,0,843.000,0.91
1233539,1104961,241435,9,4750,843,0,0,843.000,0.91
1233539,308269,1174390,705,4625,843,0,0,843.000,0.91
1233539,308269,617346,9,4833,843,0,0,843.000,0.91
1233539,329052,52768,82,4750,843,0,0,843.000,0.91
1233539,329052,734255,11,4892,843,0,0,843.000,0.91
1233539,1003092,885649,26,4750,843,0,0,843.000,0.91
1233539,1003092,67439,7,4583,843,0,0,843.000,0.91
1234721,FAILED,FAILED,FAILED,FAILED,FAILED,FAILED,FAILED,FAILED,FAILED
1238893,566371,712575,12,6792,975,0,0,975.000,1.05
1238893,566371,1036668,21,6809,975,0,0,975.000,1.05
1238893,630314,431441,51,6792,987,0,0,987.000,1.05
1238893,630314,926125,19,6850,957,0,0,957.000,1.05
1238893,1019520,1042530,25,5417,969,0,0,969.000,1.05
1238893,1019520,921205,9,5583,981,0,0,981.000,1.05
1238893,250840,825823,189,5334,981,0,0,981.000,1.05
1238893,250840,144869,13,5375,969,0,0,969.000,1.05
1238893,119360,140013,646,5291,975,0,0,975.000,1.05
1238893,119360,52599,14,5459,957,0,0,957.000,1.05
1238893,730650,770453,74,12667,969,0,0,969.000,1.05
1238893,730650,936054,28,12725,981,0,0,981.000,1.05
1238893,965743,364310,2,5417,975,0,0,975.000,1.05
1238893,965743,199145,8,5500,963,0,0,963.000,1.05
1238893,27949,1042465,296,5333,969,0,0,969.000,1.05
1238893,27949,1178618,13,5375,963,0,0,963.000,1.05
1238893,383637,1184989,112,5416,969,0,0,969.000,1.05
1238893,383637,796734,11,5583,969,0,0,969.000,1.05
1238893,235287,1144940,664,13083,951,0,0,951.000,1.05
1238893,235287,1173468,32,12435,957,0,0,957.000,1.05
1240991,410261,292381,132,6042,906,0,0,906.000,0.45
1240991,573896,1189039,16,4934,906,0,0,906.000,0.45
1240991,33794,140180,4,4750,906,0,0,906.000,0.45
1240991,410261,844647,3,5667,906,0,0,906.000,0.45
1240991,573896,54530,5,5125,906,0,0,906.000,0.45
1240991,33794,660305,1,4916,906,0,0,906.000,0.45
1240991,956575,834828,467,4791,906,0,0,906.000,0.45
1240991,428745,257333,9,4917,906,0,0,906.000,0.45
1240991,956575,701419,2,4750,906,0,0,906.000,0.45
1240991,428745,346176,11,4750,906,0,0,906.000,0.45
1240991,93017,1078151,164,4875,906,0,0,906.000,0.45
1240991,93017,375260,9,5042,906,0,0,906.000,0.45
1240991,973786,297049,53,4809,906,0,0,906.000,0.45
1240991,973786,368741,13,4792,906,0,0,906.000,0.45
1240991,339153,609642,118,4958,906,0,0,906.000,0.45
1240991,339153,1036313,11,4917,906,0,0,906.000,0.45
1240991,990172,124553,2,4916,906,0,0,906.000,0.45
1240991,990172,812815,19,4791,906,0,0,906.000,0.45
1240991,513580,1078413,28,5041,906,0,0,906.000,0.45
1240991,513580,1030818,17,5018,906,0,0,906.000,0.45
1244083,581960,183083,357,5000,948,0,0,948.000,1.17
1244083,581960,751996,13,5291,948,0,0,948.000,1.17
1244083,300837,1049953,55,5000,948,0,0,948.000,1.17
1244083,300837,323254,17,4916,948,0,0,948.000,1.17
1244083,122827,1109136,147,5185,948,0,0,948.000,1.17
1244083,122827,797174,9,5000,948,0,0,948.000,1.17
1244083,566098,118779,1047,4791,948,0,0,948.000,1.17
1244083,566098,590969,17,5517,948,0,0,948.000,1.17
1244083,199092,557065,122,4875,948,0,0,948.000,1.17
1244083,199092,736672,13,4958,948,0,0,948.000,1.17
1244083,1028709,1013775,138,4833,948,0,0,948.000,1.17
1244083,1028709,391338,11,4875,948,0,0,948.000,1.17
1244083,510718,162784,8,5000,948,0,0,948.000,1.17
1244083,510718,414371,15,4851,948,0,0,948.000,1.17
1244083,83259,987628,269,4875,948,0,0,948.000,1.17
1244083,83259,599043,11,4934,948,0,0,948.000,1.17
1244083,279766,1098612,484,4959,948,0,0,948.000,1.17
1244083,279766,359949,24,10058,948,0,0,948.000,1.17
1244083,653346,472132,111,4959,948,0,0,948.000,1.17
1244083,653346,89812,5,5084,948,0,0,948.000,1.17
1244437,974338,369547,59,6208,963,0,0,963.000,0.88
1244437,974338,126551,16,5875,975,0,0,975.000,0.88
1244437,980766,573856,62,5250,951,0,0,951.000,0.88
1244437,980766,752012,17,5375,957,0,0,957.000,0.88
1244437,953715,978484,62,5292,969,0,0,969.000,0.88
1244437,953715,67344,15,5541,987,0,0,987.000,0.88
1244437,269769,746727,265,5458,969,0,0,969.000,0.88
1244437,269769,578430,12,5625,981,0,0,981.000,0.88
1244437,135414,532497,59,5184,975,0,0,975.000,0.88
1244437,135414,71040,13,5500,981,0,0,981.000,0.88
1244437,755446,723464,197,5267,969,0,0,969.000,0.88
1244437,755446,1007395,12,5792,969,0,0,969.000,0.88
1244437,832170,413221,234,5291,975,0,0,975.000,0.88
1244437,832170,1232964,10,5375,969,0,0,969.000,0.88
1244437,749916,917944,121,5208,963,0,0,963.000,0.88
1244437,749916,990640,15,5208,957,0,0,957.000,0.88
1244437,463886,214813,420,5542,993,0,0,993.000,0.88
1244437,463886,342853,19,5708,957,0,0,957.000,0.88
1244437,705398,187801,306,5475,975,0,0,975.000,0.88
1244437,705398,582595,17,5583,963,0,0,963.000,0.88
1244567,86120,888046,134,4792,927,0,0,927.000,1.09
1244567,86120,599808,19,5166,927,0,0,927.000,1.09
1244567,727303,600176,295,4892,927,0,0,927.000,1.09
1244567,727303,628030,8,4875,927,0,0,927.000,1.09
1244567,1211046,246316,19,4792,927,0,0,927.000,1.09
1244567,1211046,135294,8,5000,927,0,0,927.000,1.09
1244567,491901,697850,249,4958,927,0,0,927.000,1.09
1244567,491901,282064,13,4834,927,0,0,927.000,1.09
1244567,75248,207142,80,5166,927,0,0,927.000,1.09
1244567,75248,247091,23,5000,927,0,0,927.000,1.09
1244567,614107,397719,780,5000,927,0,0,927.000,1.09
1244567,614107,644545,10,4976,927,0,0,927.000,1.09
1244567,681158,774104,307,5041,927,0,0,927.000,1.09
1244567,681158,753835,15,5000,927,0,0,927.000,1.09
1244567,681353,578500,356,4834,927,0,0,927.000,1.09
1244567,681353,1173094,16,4917,927,0,0,927.000,1.09
1244567,67020,357627,244,4875,927,0,0,927.000,1.09
1244567,67020,769370,13,5000,927,0,0,927.000,1.09
1244567,803167,869495,118,5250,927,0,0,927.000,1.09
1244567,803167,310804,15,4958,927,0,0,927.000,1.09
1247243,902784,495256,438,4625,801,0,0,801.000,0.97
1247243,902784,234197,13,4625,801,0,0,801.000,0.97
1247243,1105693,30043,523,4708,801,0,0,801.000,0.97
1247243,1105693,183849,8,4750,801,0,0,801.000,0.97
1247243,51114,1215648,397,4708,801,0,0,801.000,0.97
1247243,51114,1227435,19,4583,801,0,0,801.000,0.97
1247243,305816,728920,104,4625,801,0,0,801.000,0.97
1247243,305816,748635,12,4750,801,0,0,801.000,0.97
1247243,546800,813513,46,4583,801,0,0,801.000,0.97
1247243,546800,381246,8,4708,801,0,0,801.000,0.97
1247243,148100,1079499,72,10435,801,0,0,801.000,0.97
1247243,148100,402746,48,10291,801,0,0,801.000,0.97
1247243,837029,1165196,232,10209,801,0,0,801.000,0.97
1247243,837029,676337,27,10292,801,0,0,801.000,0.97
1247243,332482,67609,190,4667,801,0,0,801.000,0.97
1247243,332482,790264,13,4750,801,0,0,801.000,0.97
1247243,785451,628934,73,4625,801,0,0,801.000,0.97
1247243,785451,1016051,21,4750,801,0,0,801.000,0.97
1247243,776259,62778,439,4517,801,0,0,801.000,0.97
1247243,776259,1220950,13,4541,801,0,0,801.000,0.97
1252079,726641,375504,235,11458,885,0,0,885.000,0.84
1252079,726641,423531,21,11350,885,0,0,885.000,0.84
1252079,824239,999402,170,4917,885,0,0,885.000,0.84
1252079,824239,662752,21,4809,885,0,0,885.000,0.84
1252079,31206,208638,413,4708,885,0,0,885.000,0.84
1252079,31206,160855,7,4875,885,0,0,885.000,0.84
1252079,220719,708342,257,4708,885,0,0,885.000,0.84
1252079,220719,1056668,13,4958,885,0,0,885.000,0.84
1252079,869143,234835,122,5000,885,0,0,885.000,0.84
1252079,869143,28335,15,4917,885,0,0,885.000,0.84
1252079,371647,861073,83,4917,885,0,0,885.000,0.84
1252079,371647,767296,11,4792,885,0,0,885.000,0.84
1252079,1192912,518943,65,4767,885,0,0,885.000,0.84
1252079,1192912,586114,15,4792,885,0,0,885.000,0.84
1252079,537211,277708,179,4875,885,0,0,885.000,0.84
1252079,537211,844786,11,4916,885,0,0,885.000,0.84
1252079,1023799,1049872,229,4792,885,0,0,885.000,0.84
1252079,1023799,1095872,17,4959,885,0,0,885.000,0.84
1252079,691535,113052,157,4750,885,0,0,885.000,0.84
1252079,691535,37072,13,4852,885,0,0,885.000,0.84
1252267,3899,188285,421,4959,906,0,0,906.000,0.93
1252267,706915,1196684,4,4959,906,0,0,906.000,0.93
1252267,3899,244934,4,4833,906,0,0,906.000,0.93
1252267,706915,172219,4,5000,906,0,0,906.000,0.93
1252267,658287,1083299,75,4791,906,0,0,906.000,0.93
1252267,658287,926727,10,5083,906,0,0,906.000,0.93
1252267,1182406,1035470,65,5000,906,0,0,906.000,0.93
1252267,1182406,1171385,19,4958,906,0,0,906.000,0.93
1252267,727937,412885,17,4893,906,0,0,906.000,0.93
1252267,727937,680413,13,5083,906,0,0,906.000,0.93
1252267,638490,741267,432,11726,906,0,0,906.000,0.93
1252267,638490,1069359,39,11458,906,0,0,906.000,0.93
1252267,444195,82048,409,5042,906,0,0,906.000,0.93
1252267,444195,253572,13,4875,906,0,0,906.000,0.93
1252267,45038,277712,550,4850,906,0,0,906.000,0.93
1252267,45038,656149,12,5000,906,0,0,906.000,0.93
1252267,600862,284508,6,5000,906,0,0,906.000,0.93
1252267,600862,75002,4,4833,906,0,0,906.000,0.93
1252267,1088367,694871,62,4875,906,0,0,906.000,0.93
1252267,1088367,521815,12,4625,906,0,0,906.000,0.93
1252819,1164257,160926,271,4683,906,0,0,906.000,0.98
1252819,1164257,928595,14,4750,906,0,0,906.000,0.98
1252819,1164609,576197,535,5125,906,0,0,906.000,0.98
1252819,1164609,262027,16,4959,906,0,0,906.000,0.98
1252819,381406,474629,41,4768,906,0,0,906.000,0.98
1252819,381406,40336,9,5083,906,0,0,906.000,0.98
1252819,1171290,290169,252,4809,906,0,0,906.000,0.98
1252819,1171290,505426,10,5042,906,0,0,906.000,0.98
1252819,515028,846743,316,4792,906,0,0,906.000,0.98
1252819,515028,931192,8,4875,906,0,0,906.000,0.98
1252819,76251,375852,66,4917,906,0,0,906.000,0.98
1252819,288252,522313,7,4833,906,0,0,906.000,0.98
1252819,76251,54361,1,5000,906,0,0,906.000,0.98
1252819,288252,810341,13,4892,906,0,0,906.000,0.98
1252819,757338,899220,54,4875,906,0,0,906.000,0.98
1252819,757338,513932,12,4792,906,0,0,906.000,0.98
1252819,802615,96284,464,12000,906,0,0,906.000,0.98
1252819,802615,345202,72,26517,906,0,0,906.000,0.98
1252819,271357,823696,71,4833,906,0,0,906.000,0.98
1252819,271357,248138,11,5100,906,0,0,906.000,0.98
1253479,170927,403440,589,4625,822,0,0,822.000,0.95
1253479,170927,747921,11,5000,822,0,0,822.000,0.95
1253479,45484,1128584,147,4667,822,0,0,822.000,0.95
1253479,366864,1063827,9,4625,822,0,0,822.000,0.95
1253479,45484,107426,4,4792,822,0,0,822.000,0.95
1253479,366864,156487,11,4808,822,0,0,822.000,0.95
1253479,280815,300821,112,4750,822,0,0,822.000,0.95
1253479,280815,580344,9,4791,822,0,0,822.000,0.95
1253479,777822,687427,281,11416,822,0,0,822.000,0.95
1253479,777822,466385,44,11583,822,0,0,822.000,0.95
1253479,774536,1131410,172,4791,822,0,0,822.000,0.95
1253479,774536,675125,19,5084,822,0,0,822.000,0.95
1253479,532880,1041513,26,4792,822,0,0,822.000,0.95
1253479,532880,439513,15,4750,822,0,0,822.000,0.95
1253479,419972,724648,116,4851,822,0,0,822.000,0.95
1253479,419972,1135051,13,4834,822,0,0,822.000,0.95
1253479,733963,1025706,96,4834,822,0,0,822.000,0.95
1253479,733963,396697,9,4875,822,0,0,822.000,0.95
1253479,346495,885136,681,4625,822,0,0,822.000,0.95
1253479,346495,589855,16,4708,822,0,0,822.000,0.95
1253701,607579,335269,1497,5250,879,0,0,879.000,2.49
1253701,607579,333764,8,5351,879,0,0,879.000,2.49
1253701,1179017,738429,217,5125,873,0,0,873.000,2.49
1253701,1179017,787182,16,5500,891,0,0,891.000,2.49
1253701,217721,46283,358,12417,897,0,0,897.000,2.49
1253701,217721,218771,40,12559,903,0,0,903.000,2.49
1253701,1026882,342637,1530,5250,879,0,0,879.000,2.49
1253701,1026882,950445,13,5375,873,0,0,873.000,2.49
1253701,912678,713463,98,5309,891,0,0,891.000,2.49
1253701,912678,114295,19,5292,867,0,0,867.000,2.49
1253701,781121,366442,873,5125,891,0,0,891.000,2.49
1253701,781121,158788,11,5393,897,0,0,897.000,2.49
1253701,528074,417135,575,5208,873,0,0,873.000,2.49
1253701,528074,513567,16,5041,873,0,0,873.000,2.49
1253701,517379,820539,518,5083,891,0,0,891.000,2.49
1253701,517379,936196,12,5125,891,0,0,891.000,2.49
1253701,20972,367082,43,5583,879,0,0,879.000,2.49
1253701,20972,1141505,21,5875,903,0,0,903.000,2.49
1253701,97730,741835,33,5334,897,0,0,897.000,2.49
1253701,97730,388548,15,5292,873,0,0,873.000,2.49
1254131,104139,1117632,79,5667,885,0,0,885.000,2.10
1254131,104139,674843,16,6227,885,0,0,885.000,2.10
1254131,738752,218576,425,4917,885,0,0,885.000,2.10
1254131,738752,37161,10,5125,885,0,0,885.000,2.10
1254131,578250,480303,451,4709,885,0,0,885.000,2.10
1254131,578250,1192801,5,4852,885,0,0,885.000,2.10
1254131,334222,274384,328,4750,885,0,0,885.000,2.10
1254131,334222,893674,9,4875,885,0,0,885.000,2.10
1254131,949434,48163,1011,4917,885,0,0,885.000,2.10
1254131,949434,1241871,13,4750,885,0,0,885.000,2.10
1254131,804176,253405,167,4959,885,0,0,885.000,2.10
1254131,804176,749342,17,4875,885,0,0,885.000,2.10
1254131,850837,1147556,128,4792,885,0,0,885.000,2.10
1254131,850837,265513,19,4875,885,0,0,885.000,2.10
1254131,924493,951695,1546,5083,885,0,0,885.000,2.10
1254131,924493,265421,16,5142,885,0,0,885.000,2.10
1254131,497197,1077601,834,4959,885,0,0,885.000,2.10
1254131,497197,978260,12,4875,885,0,0,885.000,2.10
1254131,869288,1144081,661,4809,885,0,0,885.000,2.10
1254131,869288,1094637,18,4875,885,0,0,885.000,2.10
1254793,FAILED,FAILED,FAILED,FAILED,FAILED,FAILED,FAILED,FAILED,FAILED
1255063,410850,773056,536,11500,864,0,0,864.000,0.97
1255063,410850,213309,26,11184,864,0,0,864.000,0.97
1255063,311640,168144,152,4875,864,0,0,864.000,0.97
1255063,311640,164856,9,4893,864,0,0,864.000,0.97
1255063,472048,314272,4,4583,864,0,0,864.000,0.97
1255063,472048,538670,8,4750,864,0,0,864.000,0.97
1255063,489752,836405,793,4708,864,0,0,864.000,0.97
1255063,489752,1253358,9,4709,864,0,0,864.000,0.97
1255063,930810,1056988,145,4667,864,0,0,864.000,0.97
1255063,930810,1078413,10,4667,864,0,0,864.000,0.97
1255063,65579,535699,229,4875,864,0,0,864.000,0.97
1255063,65579,376667,6,5167,864,0,0,864.000,0.97
1255063,343474,11989,118,4792,864,0,0,864.000,0.97
1255063,343474,835251,11,5041,864,0,0,864.000,0.97
1255063,364693,550454,18,11334,864,0,0,864.000,0.97
1255063,364693,930090,27,11184,864,0,0,864.000,0.97
1255063,311406,1149726,33,4750,864,0,0,864.000,0.97
1255063,311406,1253771,9,4792,864,0,0,864.000,0.97
1255063,348206,1233342,120,11393,864,0,0,864.000,0.97
1255063,348206,1115785,19,11250,864,0,0,864.000,0.97
1257071,524407,409912,196,4834,885,0,0,885.000,1.70
1257071,524407,1220965,23,4917,885,0,0,885.000,1.70
1257071,542820,241166,1131,4833,885,0,0,885.000,1.70
1257071,542820,739397,14,4875,885,0,0,885.000,1.70
1257071,534472,374908,213,4667,885,0,0,885.000,1.70
1257071,534472,601559,18,4959,885,0,0,885.000,1.70
1257071,1003490,1000162,625,4791,885,0,0,885.000,1.70
1257071,1003490,844070,7,4917,885,0,0,885.000,1.70
1257071,287650,1048745,67,4875,885,0,0,885.000,1.70
1257071,1167564,1083089,2,4916,885,0,0,885.000,1.70
1257071,287650,717420,4,4708,885,0,0,885.000,1.70
1257071,1167564,382158,4,4916,885,0,0,885.000,1.70
1257071,550406,76497,1619,12060,885,0,0,885.000,1.70
1257071,550406,472259,41,11791,885,0,0,885.000,1.70
1257071,279552,1017507,32,10958,885,0,0,885.000,1.70
1257071,279552,737387,32,10976,885,0,0,885.000,1.70
1257071,931985,732570,128,4767,885,0,0,885.000,1.70
1257071,931985,445030,15,4917,885,0,0,885.000,1.70
1257071,481102,220623,117,5000,885,0,0,885.000,1.70
1257071,481102,1025526,13,5000,885,0,0,885.000,1.70
1261763,770740,1179372,25,5000,822,0,0,822.000,1.01
1261763,770740,691249,19,5958,822,0,0,822.000,1.01
1261763,364691,778419,638,4666,822,0,0,822.000,1.01
1261763,364691,192278,24,5250,822,0,0,822.000,1.01
1261763,872105,1250195,226,4917,822,0,0,822.000,1.01
1261763,872105,1249734,14,4833,822,0,0,822.000,1.01
1261763,413005,319438,33,4559,822,0,0,822.000,1.01
1261763,413005,1163707,19,4750,822,0,0,822.000,1.01
1261763,743996,59742,267,4625,822,0,0,822.000,1.01
1261763,743996,1239962,13,4833,822,0,0,822.000,1.01
1261763,471268,300810,671,4833,822,0,0,822.000,1.01
1261763,471268,605093,10,4958,822,0,0,822.000,1.01
1261763,1126145,590252,48,4709,822,0,0,822.000,1.01
1261763,1126145,49127,16,4791,822,0,0,822.000,1.01
1261763,635397,1012589,265,4792,822,0,0,822.000,1.01
1261763,635397,148373,13,4916,822,0,0,822.000,1.01
1261763,507060,137799,26,4809,822,0,0,822.000,1.01
1261763,507060,641113,19,4750,822,0,0,822.000,1.01
1261763,413005,329807,327,4625,822,0,0,822.000,1.01
1261763,413005,719235,19,4583,822,0,0,822.000,1.01
1262713,FAILED,FAILED,FAILED,FAILED,FAILED,FAILED,FAILED,FAILED,FAILED
1268357,825090,527761,86,6792,933,0,0,933.000,0.95
1268357,825090,998694,19,7185,951,0,0,951.000,0.95
1268357,1238193,97049,24,5542,927,0,0,927.000,0.95
1268357,1238193,1262571,6,5500,915,0,0,915.000,0.95
1268357,1011575,1093286,208,5209,915,0,0,915.000,0.95
1268357,1011575,190676,20,5226,921,0,0,921.000,0.95
1268357,996541,1061206,239,5250,927,0,0,927.000,0.95
1268357,996541,1024063,13,5250,915,0,0,915.000,0.95
1268357,151850,901614,314,5209,939,0,0,939.000,0.95
1268357,151850,1097989,8,5625,939,0,0,939.000,0.95
1268357,1109098,978923,255,12000,921,0,0,921.000,0.95
1268357,1109098,481621,29,12917,951,0,0,951.000,0.95
1268357,412576,229384,283,12500,927,0,0,927.000,0.95
1268357,412576,736598,42,12226,921,0,0,921.000,0.95
1268357,219618,378762,211,5000,903,0,0,903.000,0.95
1268357,219618,296951,26,5292,909,0,0,909.000,0.95
1268357,1251914,94341,403,5125,915,0,0,915.000,0.95
1268357,1251914,884003,15,5458,921,0,0,921.000,0.95
1268357,287177,1052704,114,5583,933,0,0,933.000,0.95
1268357,287177,51961,17,5226,921,0,0,921.000,0.95
1270433,FAILED,FAILED,FAILED,FAILED,FAILED,FAILED,FAILED,FAILED,FAILED
1272283,281377,390774,263,5100,927,0,0,927.000,0.49
1272283,281377,1031267,10,5042,927,0,0,927.000,0.49
1272283,1239467,558359,96,5375,927,0,0,927.000,0.49
1272283,1239467,145790,15,5209,927,0,0,927.000,0.49
1272283,934229,199193,42,5142,927,0,0,927.000,0.49
1272283,934229,1246366,12,5084,927,0,0,927.000,0.49
1272283,959252,138032,108,4917,927,0,0,927.000,0.49
1272283,959252,1046170,11,4875,927,0,0,927.000,0.49
1272283,251713,693458,95,4833,927,0,0,927.000,0.49
1272283,251713,8552,15,5000,927,0,0,927.000,0.49
1272283,1108783,409734,123,4875,927,0,0,927.000,0.49
1272283,1108783,1237335,17,5100,927,0,0,927.000,0.49
1272283,695156,1123433,42,4916,927,0,0,927.000,0.49
1272283,695156,26109,7,5000,927,0,0,927.000,0.49
1272283,1160789,1006765,6,4959,927,0,0,927.000,0.49
1272283,1160789,1123593,13,4935,927,0,0,927.000,0.49
1272283,740260,942664,34,5084,927,0,0,927.000,0.49
1272283,740260,267090,16,4916,927,0,0,927.000,0.49
1272283,1156685,341569,146,4976,927,0,0,927.000,0.49
1272283,1156685,143065,11,5084,927,0,0,927.000,0.49
1273099,157473,853633,871,4750,885,0,0,885.000,0.94
1273099,157473,1218178,15,4875,885,0,0,885.000,0.94
1273099,436874,987732,74,4958,885,0,0,885.000,0.94
1273099,436874,1168805,15,5000,885,0,0,885.000,0.94
1273099,591756,1021643,361,4833,885,0,0,885.000,0.94
1273099,591756,809931,13,5058,885,0,0,885.000,0.94
1273099,1234415,1041148,467,4917,885,0,0,885.000,0.94
1273099,1234415,33376,12,4833,885,0,0,885.000,0.94
1273099,11671,668018,116,4875,885,0,0,885.000,0.94
1273099,11671,49978,16,5042,885,0,0,885.000,0.94
1273099,521242,520217,60,12726,885,0,0,885.000,0.94
1273099,521242,368002,25,11583,885,0,0,885.000,0.94
1273099,1061433,59319,139,4892,885,0,0,885.000,0.94
1273099,1061433,466517,15,4791,885,0,0,885.000,0.94
1273099,559409,412337,309,12500,885,0,0,885.000,0.94
1273099,864115,1040328,3,4917,885,0,0,885.000,0.94
1273099,238058,627185,3,4875,885,0,0,885.000,0.94
1273099,864115,126837,9,4959,885,0,0,885.000,0.94
1273099,238058,481886,3,4875,885,0,0,885.000,0.94
1273099,559409,1249057,17,11850,885,0,0,885.000,0.94
1275893,862421,805090,106,5417,1032,0,0,1032.000,1.02
1275893,862421,46010,12,5518,1044,0,0,1044.000,1.02
1275893,1088726,257087,53,5333,1026,0,0,1026.000,1.02
1275893,1088726,1164786,19,5500,1026,0,0,1026.000,1.02
1275893,888492,888808,245,5500,1044,0,0,1044.000,1.02
1275893,888492,823161,15,5541,1032,0,0,1032.000,1.02
1275893,1218277,129883,1272,5375,1044,0,0,1044.000,1.02
1275893,1218277,581746,11,5351,1014,0,0,1014.000,1.02
1275893,873271,1111464,27,13018,1020,0,0,1020.000,1.02
1275893,135028,714241,14,5625,1056,0,0,1056.000,1.02
1275893,135028,613447,9,5541,1056,0,0,1056.000,1.02
1275893,873271,656768,3,13375,1038,0,0,1038.000,1.02
1275893,181060,1120650,108,5667,1032,0,0,1032.000,1.02
1275893,1028919,547900,5,5500,1020,0,0,1020.000,1.02
1275893,181060,342602,11,5792,1056,0,0,1056.000,1.02
1275893,1028919,609002,2,5709,1038,0,0,1038.000,1.02
1275893,1261729,1128211,217,5393,1038,0,0,1038.000,1.02
1275893,1261729,1165388,10,5708,1038,0,0,1038.000,1.02
1275893,1236281,524067,48,5351,1026,0,0,1026.000,1.02
1275893,1236281,456514,12,5583,1032,0,0,1032.000,1.02
1276169,FAILED,FAILED,FAILED,FAILED,FAILED,FAILED,FAILED,FAILED,FAILED
1277993,FAILED,FAILED,FAILED,FAILED,FAILED,FAILED,FAILED,FAILED,FAILED
1278899,1057554,1242369,244,4833,885,0,0,885.000,0.73
1278899,1057554,491193,18,5000,885,0,0,885.000,0.73
1278899,885470,1254345,64,4833,885,0,0,885.000,0.73
1278899,885470,1209180,17,4917,885,0,0,885.000,0.73
1278899,747283,943631,68,5084,885,0,0,885.000,0.73
1278899,747283,444566,15,5125,885,0,0,885.000,0.73
1278899,1089710,325583,271,4875,885,0,0,885.000,0.73
1278899,1089710,377494,16,4684,885,0,0,885.000,0.73
1278899,110396,1096738,322,4958,885,0,0,885.000,0.73
1278899,110396,307289,16,5083,885,0,0,885.000,0.73
1278899,111913,338550,37,11875,885,0,0,885.000,0.73
1278899,111913,294720,25,11559,885,0,0,885.000,0.73
1278899,167655,28211,193,5083,885,0,0,885.000,0.73
1278899,167655,514803,15,5041,885,0,0,885.000,0.73
1278899,934142,224531,430,4959,885,0,0,885.000,0.73
1278899,934142,464604,12,4875,885,0,0,885.000,0.73
1278899,676690,685667,61,4750,885,0,0,885.000,0.73
1278899,676690,88270,14,5000,885,0,0,885.000,0.73
1278899,840380,1056279,67,4833,885,0,0,885.000,0.73
1278899,840380,842433,8,4917,885,0,0,885.000,0.73
1279921,FAILED,FAILED,FAILED,FAILED,FAILED,FAILED,FAILED,FAILED,FAILED
1280159,499618,803977,538,4583,822,0,0,822.000,1.73
1280159,499618,1183287,18,4916,822,0,0,822.000,1.73
1280159,1103781,585257,345,4750,822,0,0,822.000,1.73
1280159,1103781,404744,12,4833,822,0,0,822.000,1.73
1280159,902233,584782,261,4750,822,0,0,822.000,1.73
1280159,902233,705335,16,4916,822,0,0,822.000,1.73
1280159,314635,912238,1140,4667,822,0,0,822.000,1.73
1280159,314635,535343,15,4792,822,0,0,822.000,1.73
1280159,492127,1256055,121,4726,822,0,0,822.000,1.73
1280159,492127,1244082,15,4917,822,0,0,822.000,1.73
1280159,1113852,251328,653,4667,822,0,0,822.000,1.73
1280159,1113852,210262,17,4750,822,0,0,822.000,1.73
1280159,619806,644617,160,4709,822,0,0,822.000,1.73
1280159,619806,1004785,16,4708,822,0,0,822.000,1.73
1280159,1188379,1086929,217,4792,822,0,0,822.000,1.73
1280159,1188379,729237,11,4959,822,0,0,822.000,1.73
1280159,383138,986053,1074,4808,822,0,0,822.000,1.73
1280159,383138,80250,16,4625,822,0,0,822.000,1.73
1280159,75781,245141,125,4708,822,0,0,822.000,1.73
1280159,75781,1088900,16,4625,822,0,0,822.000,1.73
1280519,604568,986853,254,11375,822,0,0,822.000,1.80
1280519,604568,866318,20,11184,822,0,0,822.000,1.80
1280519,1145325,1081060,275,4542,822,0,0,822.000,1.80
1280519,1145325,318707,19,4625,822,0,0,822.000,1.80
1280519,912946,1225547,61,11392,822,0,0,822.000,1.80
1280519,912946,542543,32,11292,822,0,0,822.000,1.80
1280519,1070832,470250,230,4750,822,0,0,822.000,1.80
1280519,1070832,318076,16,4959,822,0,0,822.000,1.80
1280519,821834,1255663,969,10625,822,0,0,822.000,1.80
1280519,821834,1157138,26,10583,822,0,0,822.000,1.80
1280519,949889,813564,616,11125,822,0,0,822.000,1.80
1280519,949889,782631,31,10810,822,0,0,822.000,1.80
1280519,1227757,650937,197,5208,822,0,0,822.000,1.80
1280519,1227757,352809,12,4708,822,0,0,822.000,1.80
1280519,789812,1115382,10,11060,822,0,0,822.000,1.80
1280519,789812,979740,24,10959,822,0,0,822.000,1.80
1280519,646318,741412,1,4750,822,0,0,822.000,1.80
1280519,646318,411534,15,4833,822,0,0,822.000,1.80
1280519,283392,1007987,1716,4708,822,0,0,822.000,1.80
1280519,283392,698379,18,4959,822,0,0,822.000,1.80
1282213,364395,609658,219,5167,912,0,0,912.000,0.84
1282213,364395,349010,16,5375,912,0,0,912.000,0.84
1282213,589598,1220068,25,5500,912,0,0,912.000,0.84
1282213,589598,1045965,15,5667,906,0,0,906.000,0.84
1282213,182312,599489,271,5333,894,0,0,894.000,0.84
1282213,182312,60671,17,5375,888,0,0,888.000,0.84
1282213,965733,655806,176,5459,930,0,0,930.000,0.84
1282213,965733,436418,10,5417,894,0,0,894.000,0.84
1282213,732720,1157742,163,5167,912,0,0,912.000,0.84
1282213,732720,1183119,18,5458,894,0,0,894.000,0.84
1282213,979177,351903,478,5083,906,0,0,906.000,0.84
1282213,979177,1012070,10,5333,900,0,0,900.000,0.84
1282213,300846,850323,160,5167,900,0,0,900.000,0.84
1282213,300846,730081,12,5375,900,0,0,900.000,0.84
1282213,689503,282219,158,5250,894,0,0,894.000,0.84
1282213,689503,290867,20,5459,906,0,0,906.000,0.84
1282213,65677,1214781,91,5125,900,0,0,900.000,0.84
1282213,65677,1060791,17,5333,912,0,0,912.000,0.84
1282213,1266403,793810,131,12000,888,0,0,888.000,0.84
1282213,1266403,340839,38,14726,894,0,0,894.000,0.84
1284917,1020071,557186,403,5458,945,0,0,945.000,0.65
1284917,1020071,906969,11,5708,981,0,0,981.000,0.65
1284917,1234413,975752,75,5351,969,0,0,969.000,0.65
1284917,1234413,1136739,9,5542,981,0,0,981.000,0.65
1284917,324188,411322,173,5334,951,0,0,951.000,0.65
1284917,324188,655806,14,5625,969,0,0,969.000,0.65
1284917,992026,328769,98,5584,981,0,0,981.000,0.65
1284917,992026,127121,20,5292,951,0,0,951.000,0.65
1284917,1171084,40638,29,5125,975,0,0,975.000,0.65
1284917,1171084,819642,19,5351,969,0,0,969.000,0.65
1284917,52276,694700,41,5250,963,0,0,963.000,0.65
1284917,52276,207086,10,5500,975,0,0,975.000,0.65
1284917,916760,382303,252,5458,969,0,0,969.000,0.65
1284917,916760,906113,19,5417,963,0,0,963.000,0.65
1284917,459422,235971,23,5166,963,0,0,963.000,0.65
1284917,459422,759790,19,5417,975,0,0,975.000,0.65
1284917,309112,458443,286,12560,969,0,0,969.000,0.65
1284917,309112,1220142,40,13417,993,0,0,993.000,0.65
1284917,221513,696996,4,5292,963,0,0,963.000,0.65
1284917,221513,1259699,16,5375,981,0,0,981.000,0.65
1285877,686254,400226,390,5292,1005,0,0,1005.000,1.22
1285877,686254,345792,23,5392,999,0,0,999.000,1.22
1285877,850866,764854,21,5625,1023,0,0,1023.000,1.22
1285877,850866,1281176,11,5875,999,0,0,999.000,1.22
1285877,418712,876970,329,13017,1011,0,0,1011.000,1.22
1285877,418712,463176,27,13291,1011,0,0,1011.000,1.22
1285877,367136,31011,123,5392,1011,0,0,1011.000,1.22
1285877,367136,284539,19,5417,1005,0,0,1005.000,1.22
1285877,391064,834535,58,5417,1011,0,0,1011.000,1.22
1285877,391064,844918,13,5559,987,0,0,987.000,1.22
1285877,227560,1040251,351,13850,1005,0,0,1005.000,1.22
1285877,227560,665539,25,10042,993,0,0,993.000,1.22
1285877,623826,549281,122,5375,1005,0,0,1005.000,1.22
1285877,623826,811584,10,5166,987,0,0,987.000,1.22
1285877,322164,919055,131,5541,1023,0,0,1023.000,1.22
1285877,322164,631564,14,5708,1011,0,0,1011.000,1.22
1285877,582375,636099,595,5333,1011,0,0,1011.000,1.22
1285877,582375,1077411,14,5560,1011,0,0,1011.000,1.22
1285877,898212,503989,669,5500,1017,0,0,1017.000,1.22
1285877,898212,310313,12,5458,1005,0,0,1005.000,1.22
1285943,673958,611103,14,6167,927,0,0,927.000,0.98
1285943,673958,548487,22,5309,927,0,0,927.000,0.98
1285943,463666,1199990,40,5083,927,0,0,927.000,0.98
1285943,463666,315113,18,5000,927,0,0,927.000,0.98
1285943,685856,544136,473,5042,927,0,0,927.000,0.98
1285943,685856,742016,15,4958,927,0,0,927.000,0.98
1285943,531041,5398,44,4958,927,0,0,927.000,0.98
1285943,531041,242992,16,4958,927,0,0,927.000,0.98
1285943,54528,461966,1043,4833,927,0,0,927.000,0.98
1285943,54528,11749,10,5101,927,0,0,927.000,0.98
1285943,32325,417653,51,4833,927,0,0,927.000,0.98
1285943,32325,875307,11,4934,927,0,0,927.000,0.98
1285943,544593,1182389,369,5167,927,0,0,927.000,0.98
1285943,544593,39452,17,5083,927,0,0,927.000,0.98
1285943,291994,954984,87,4875,927,0,0,927.000,0.98
1285943,92316,1066463,8,4917,927,0,0,927.000,0.98
1285943,291994,56378,17,4958,927,0,0,927.000,0.98
1285943,92316,490983,1,4792,927,0,0,927.000,0.98
1285943,136866,823599,319,4875,927,0,0,927.000,0.98
1285943,136866,1041587,7,5167,927,0,0,927.000,0.98
1286099,1064943,646496,975,5500,948,0,0,948.000,1.22
1286099,1064943,542722,19,5084,948,0,0,948.000,1.22
1286099,794406,770508,29,5041,948,0,0,948.000,1.22
1286099,794406,131497,12,5310,948,0,0,948.000,1.22
1286099,290541,928540,69,5084,948,0,0,948.000,1.22
1286099,290541,558017,14,4976,948,0,0,948.000,1.22
1286099,214531,509265,24,5041,948,0,0,948.000,1.22
1286099,214531,975491,21,5333,948,0,0,948.000,1.22
1286099,981130,2037,741,4850,948,0,0,948.000,1.22
1286099,981130,708815,19,4917,948,0,0,948.000,1.22
1286099,1202439,1090808,486,5083,948,0,0,948.000,1.22
1286099,1202439,1190039,13,5042,948,0,0,948.000,1.22
1286099,713010,758738,255,5101,948,0,0,948.000,1.22
1286099,713010,211213,15,5042,948,0,0,948.000,1.22
1286099,1118434,44586,335,4833,948,0,0,948.000,1.22
1286099,1118434,1005983,13,5291,948,0,0,948.000,1.22
1286099,940020,47869,347,4917,948,0,0,948.000,1.22
1286099,599483,292962,17,4959,948,0,0,948.000,1.22
1286099,940020,3614,20,5000,948,0,0,948.000,1.22
1286099,599483,997933,1,4850,948,0,0,948.000,1.22
1290811,373016,1062156,170,5209,906,0,0,906.000,0.91
1290811,373016,1214302,7,5250,906,0,0,906.000,0.91
1290811,993769,780197,208,4708,906,0,0,906.000,0.91
1290811,993769,1238977,10,4875,906,0,0,906.000,0.91
1290811,565035,1099312,316,4833,906,0,0,906.000,0.91
1290811,565035,1120962,13,5084,906,0,0,906.000,0.91
1290811,749916,1239556,21,12000,906,0,0,906.000,0.91
1290811,749916,316425,36,11768,906,0,0,906.000,0.91
1290811,1148102,624976,66,4917,906,0,0,906.000,0.91
1290811,1148102,1186664,16,5209,906,0,0,906.000,0.91
1290811,270896,494689,216,4892,906,0,0,906.000,0.91
1290811,270896,82050,13,4958,906,0,0,906.000,0.91
1290811,1041124,852714,43,4916,906,0,0,906.000,0.91
1290811,1041124,518526,15,5125,906,0,0,906.000,0.91
1290811,92314,507962,750,4643,906,0,0,906.000,0.91
1290811,92314,460836,13,4875,906,0,0,906.000,0.91
1290811,1206013,340439,139,5083,906,0,0,906.000,0.91
1290811,1206013,293042,13,4875,906,0,0,906.000,0.91
1290811,107423,1015008,193,4917,906,0,0,906.000,0.91
1290811,107423,820206,15,5018,906,0,0,906.000,0.91
1292099,778609,1094681,363,4875,906,0,0,906.000,1.29
1292099,778609,352931,18,4708,906,0,0,906.000,1.29
1292099,1100774,1067089,989,4768,906,0,0,906.000,1.29
1292099,1108873,788102,4,5143,906,0,0,906.000,1.29
1292099,1100774,1069670,9,5167,906,0,0,906.000,1.29
1292099,1108873,372728,3,5334,906,0,0,906.000,1.29
1292099,950749,36519,289,4833,906,0,0,906.000,1.29
1292099,950749,63598,8,4875,906,0,0,906.000,1.29
1292099,1291770,134803,139,12100,906,0,0,906.000,1.29
1292099,1113102,126969,28,4833,906,0,0,906.000,1.29
1292099,1291770,1031834,5,11708,906,0,0,906.000,1.29
1292099,1113102,48225,3,5041,906,0,0,906.000,1.29
1292099,556172,211812,103,4833,906,0,0,906.000,1.29
1292099,556172,431866,4,5000,906,0,0,906.000,1.29
1292099,579012,357425,293,11542,906,0,0,906.000,1.29
1292099,579012,201992,39,12059,906,0,0,906.000,1.29
1292099,900504,451018,423,5333,906,0,0,906.000,1.29
1292099,900504,133246,11,5208,906,0,0,906.000,1.29
1292099,69490,335798,409,4791,906,0,0,906.000,1.29
1292099,69490,1008396,11,4875,906,0,0,906.000,1.29
1292857,FAILED,FAILED,FAILED,FAILED,FAILED,FAILED,FAILED,FAILED,FAILED
1292953,FAILED,FAILED,FAILED,FAILED,FAILED,FAILED,FAILED,FAILED,FAILED
1293821,972760,676678,1176,5209,933,0,0,933.000,2.47
1293821,972760,1121241,9,5250,915,0,0,915.000,2.47
1293821,54016,228084,164,5625,927,0,0,927.000,2.47
1293821,54016,1192259,11,5375,933,0,0,933.000,2.47
1293821,1263592,510017,104,5375,927,0,0,927.000,2.47
1293821,1263592,46732,16,5458,921,0,0,921.000,2.47
1293821,446628,1110754,62,5208,921,0,0,921.000,2.47
1293821,446628,526665,21,5542,939,0,0,939.000,2.47
1293821,574950,513472,174,13208,933,0,0,933.000,2.47
1293821,574950,483756,43,12475,939,0,0,939.000,2.47
1293821,132222,929389,797,5227,915,0,0,915.000,2.47
1293821,132222,1178156,13,5334,921,0,0,921.000,2.47
1293821,907916,78703,249,5308,927,0,0,927.000,2.47
1293821,907916,1135073,12,5458,933,0,0,933.000,2.47
1293821,1292984,567223,1071,5334,915,0,0,915.000,2.47
1293821,1292984,1250068,12,5542,927,0,0,927.000,2.47
1293821,750206,109753,837,5333,933,0,0,933.000,2.47
1293821,750206,41601,13,5292,915,0,0,915.000,2.47
1293821,1246794,1250209,1129,5184,921,0,0,921.000,2.47
1293821,1246794,234342,19,5333,927,0,0,927.000,2.47
1295747,946242,676400,11,5375,864,0,0,864.000,1.10
1295747,946242,806470,12,6167,864,0,0,864.000,1.10
1295747,986955,1193431,195,4726,864,0,0,864.000,1.10
1295747,986955,557370,12,4833,864,0,0,864.000,1.10
1295747,577761,530954,1517,4768,864,0,0,864.000,1.10
1295747,577761,426712,24,4875,864,0,0,864.000,1.10
1295747,941925,1290014,72,4833,864,0,0,864.000,1.10
1295747,941925,835250,17,4725,864,0,0,864.000,1.10
1295747,273061,1138608,138,4833,864,0,0,864.000,1.10
1295747,273061,190778,10,4975,864,0,0,864.000,1.10
1295747,507506,899640,7,4767,864,0,0,864.000,1.10
1295747,507506,265047,18,4833,864,0,0,864.000,1.10
1295747,334136,1137529,8,4750,864,0,0,864.000,1.10
1295747,334136,993451,13,4750,864,0,0,864.000,1.10
1295747,759651,312080,698,4791,864,0,0,864.000,1.10
1295747,759651,1184103,13,5042,864,0,0,864.000,1.10
1295747,1274272,114070,11,5209,864,0,0,864.000,1.10
1295747,178155,289788,2,4833,864,0,0,864.000,1.10
1295747,1274272,494601,11,5250,864,0,0,864.000,1.10
1295747,178155,74646,1,4958,864,0,0,864.000,1.10
1299841,FAILED,FAILED,FAILED,FAILED,FAILED,FAILED,FAILED,FAILED,FAILED
1300307,879787,942544,34,6100,927,0,0,927.000,0.81
1300307,879787,737135,10,6125,927,0,0,927.000,0.81
1300307,653454,430916,99,4834,927,0,0,927.000,0.81
1300307,653454,460779,6,4875,927,0,0,927.000,0.81
1300307,1169949,97128,33,4917,927,0,0,927.000,0.81
1300307,1169949,79159,13,5083,927,0,0,927.000,0.81
1300307,63607,454636,8,4917,927,0,0,927.000,0.81
1300307,63607,725146,8,4916,927,0,0,927.000,0.81
1300307,106243,1193189,41,5000,927,0,0,927.000,0.81
1300307,106243,157884,15,4791,927,0,0,927.000,0.81
1300307,39010,1032144,1006,4792,927,0,0,927.000,0.81
1300307,39010,743619,13,4875,927,0,0,927.000,0.81
1300307,645539,543629,224,4792,927,0,0,927.000,0.81
1300307,645539,389454,10,5292,927,0,0,927.000,0.81
1300307,379666,930512,91,4833,927,0,0,927.000,0.81
1300307,379666,1147873,9,5018,927,0,0,927.000,0.81
1300307,538680,42072,316,5041,927,0,0,927.000,0.81
1300307,538680,655280,12,4917,927,0,0,927.000,0.81
1300307,111253,671520,143,4875,927,0,0,927.000,0.81
1300307,111253,1047399,14,4916,927,0,0,927.000,0.81
1305643,559762,1245446,943,4792,906,0,0,906.000,1.87
1305643,559762,329622,10,4875,906,0,0,906.000,1.87
1305643,379626,79178,205,4750,906,0,0,906.000,1.87
1305643,379626,713047,17,5000,906,0,0,906.000,1.87
1305643,245378,843232,768,4791,906,0,0,906.000,1.87
1305643,245378,151552,17,4958,906,0,0,906.000,1.87
1305643,1149254,535455,1220,5060,906,0,0,906.000,1.87
1305643,1149254,1209498,7,4917,906,0,0,906.000,1.87
1305643,615145,157140,40,5084,906,0,0,906.000,1.87
1305643,615145,412146,11,5060,906,0,0,906.000,1.87
1305643,168556,18791,238,4792,906,0,0,906.000,1.87
1305643,168556,409554,13,4834,906,0,0,906.000,1.87
1305643,7653,763422,228,4917,906,0,0,906.000,1.87
1305643,7653,296488,8,4834,906,0,0,906.000,1.87
1305643,421869,554945,123,4917,906,0,0,906.000,1.87
1305643,421869,120034,8,4834,906,0,0,906.000,1.87
1305643,181547,254891,393,4750,906,0,0,906.000,1.87
1305643,181547,499267,12,4750,906,0,0,906.000,1.87
1305643,1128067,156510,340,5375,906,0,0,906.000,1.87
1305643,1128067,1249977,19,4809,906,0,0,906.000,1.87
1307437,858497,1278453,285,12917,969,0,0,969.000,1.42
1307437,858497,1194216,40,12976,969,0,0,969.000,1.42
1307437,184389,895805,270,5726,999,0,0,999.000,1.42
1307437,184389,584185,8,5750,975,0,0,975.000,1.42
1307437,646494,209901,1,5167,963,0,0,963.000,1.42
1307437,646494,994396,8,5209,957,0,0,957.000,1.42
1307437,1207641,218994,66,5375,975,0,0,975.000,1.42
1307437,1207641,1083000,13,5583,987,0,0,987.000,1.42
1307437,641500,82218,495,5500,981,0,0,981.000,1.42
1307437,641500,99798,16,5583,975,0,0,975.000,1.42
1307437,1011341,352134,472,5225,975,0,0,975.000,1.42
1307437,1011341,738999,16,5416,975,0,0,975.000,1.42
1307437,191647,1113464,88,5227,963,0,0,963.000,1.42
1307437,191647,1098763,13,5500,969,0,0,969.000,1.42
1307437,1292519,885247,550,5708,987,0,0,987.000,1.42
1307437,1292519,645515,14,5416,963,0,0,963.000,1.42
1307437,1079550,1064335,852,5208,963,0,0,963.000,1.42
1307437,1079550,353603,14,5542,957,0,0,957.000,1.42
1307437,523737,870291,17,5542,969,0,0,969.000,1.42
1307437,523737,767761,11,5392,963,0,0,963.000,1.42
1308343,1201531,392517,160,4833,948,0,0,948.000,0.81
1308343,1201531,598824,13,5000,948,0,0,948.000,0.81
1308343,165429,704459,381,5000,948,0,0,948.000,0.81
1308343,165429,969774,20,5125,948,0,0,948.000,0.81
1308343,1079754,281104,118,4833,948,0,0,948.000,0.81
1308343,1079754,174872,6,4934,948,0,0,948.000,0.81
1308343,1204767,911463,66,4916,948,0,0,948.000,0.81
1308343,887055,109489,1,4810,948,0,0,948.000,0.81
1308343,1204767,389815,7,5185,948,0,0,948.000,0.81
1308343,887055,682330,3,4917,948,0,0,948.000,0.81
1308343,599766,329275,112,4875,948,0,0,948.000,0.81
1308343,599766,1255518,16,4935,948,0,0,948.000,0.81
1308343,132284,1058482,81,4875,948,0,0,948.000,0.81
1308343,132284,384448,12,5041,948,0,0,948.000,0.81
1308343,1308242,1174476,133,5101,948,0,0,948.000,0.81
1308343,1308242,171108,16,5083,948,0,0,948.000,0.81
1308343,640325,164121,432,4750,948,0,0,948.000,0.81
1308343,640325,27498,14,4875,948,0,0,948.000,0.81
1308343,165082,861746,396,4958,948,0,0,948.000,0.81
1308343,165082,75735,15,5333,948,0,0,948.000,0.81
1308491,652807,335585,264,5042,948,0,0,948.000,0.57
1308491,652807,730005,12,5000,948,0,0,948.000,0.57
1308491,819134,521508,197,4834,948,0,0,948.000,0.57
1308491,819134,1050290,10,4875,948,0,0,948.000,0.57
1308491,125274,464934,34,5167,948,0,0,948.000,0.57
1308491,125274,127211,10,5350,948,0,0,948.000,0.57
1308491,369903,1144332,73,5143,948,0,0,948.000,0.57
1308491,369903,419815,7,5083,948,0,0,948.000,0.57
1308491,310525,1058169,180,12042,948,0,0,948.000,0.57
1308491,310525,343083,32,12083,948,0,0,948.000,0.57
1308491,101920,272505,75,11875,948,0,0,948.000,0.57
1308491,101920,749661,36,11834,948,0,0,948.000,0.57
1308491,1108284,408408,62,5084,948,0,0,948.000,0.57
1308491,1108284,925982,21,5042,948,0,0,948.000,0.57
1308491,508009,163765,88,4875,948,0,0,948.000,0.57
1308491,508009,1146916,13,4875,948,0,0,948.000,0.57
1308491,239857,1307989,165,5041,948,0,0,948.000,0.57
1308491,90385,435664,3,4851,948,0,0,948.000,0.57
1308491,330021,582840,1,4851,948,0,0,948.000,0.57
1308491,216099,321546,2,4934,948,0,0,948.000,0.57
1310759,1186303,280774,28,5625,759,0,0,759.000,2.32
1310759,1186303,985756,7,4810,759,0,0,759.000,2.32
1310759,679476,1245669,753,4458,759,0,0,759.000,2.32
1310759,679476,345604,18,4542,759,0,0,759.000,2.32
1310759,593836,405786,784,4542,759,0,0,759.000,2.32
1310759,593836,1142623,11,4601,759,0,0,759.000,2.32
1310759,788877,798372,40,4583,759,0,0,759.000,2.32
1310759,788877,771355,13,4625,759,0,0,759.000,2.32
1310759,829990,546487,1033,4709,759,0,0,759.000,2.32
1310759,829990,1211458,20,4750,759,0,0,759.000,2.32
1310759,849983,427460,348,4500,759,0,0,759.000,2.32
1310759,849983,467575,13,4708,759,0,0,759.000,2.32
1310759,716836,429706,78,4500,759,0,0,759.000,2.32
1310759,716836,598718,17,4500,759,0,0,759.000,2.32
1310759,160670,30390,1104,4750,759,0,0,759.000,2.32
1310759,160670,64380,16,4667,759,0,0,759.000,2.32
1310759,1284205,883814,825,4625,759,0,0,759.000,2.32
1310759,1284205,1107874,14,4643,759,0,0,759.000,2.32
1310759,511952,226561,1558,4625,759,0,0,759.000,2.32
1310759,511952,112410,6,4417,759,0,0,759.000,2.32
1311367,995052,121061,33,5375,780,0,0,780.000,0.71
1311367,995052,16036,18,5750,780,0,0,780.000,0.71
1311367,1148677,865476,265,4667,780,0,0,780.000,0.71
1311367,1148677,151715,13,4791,780,0,0,780.000,0.71
1311367,9729,1172654,356,4792,780,0,0,780.000,0.71
1311367,9729,198487,14,4583,780,0,0,780.000,0.71
1311367,176375,724017,104,4750,780,0,0,780.000,0.71
1311367,176375,432159,15,5142,780,0,0,780.000,0.71
1311367,1298773,897230,106,4792,780,0,0,780.000,0.71
1311367,1298773,698357,13,4625,780,0,0,780.000,0.71
1311367,476195,1158148,19,4584,780,0,0,780.000,0.71
1311367,476195,549804,11,4583,780,0,0,780.000,0.71
1311367,452063,700173,289,11041,780,0,0,780.000,0.71
1311367,452063,1145082,31,10768,780,0,0,780.000,0.71
1311367,32295,651028,310,4708,780,0,0,780.000,0.71
1311367,32295,790716,14,4833,780,0,0,780.000,0.71
1311367,813565,608495,112,4584,780,0,0,780.000,0.71
1311367,813565,937553,14,4583,780,0,0,780.000,0.71
1311367,1274118,124221,123,4517,780,0,0,780.000,0.71
1311367,1274118,1029693,9,4583,780,0,0,780.000,0.71
1315591,745015,236756,73,5875,801,0,0,801.000,2.30
1315591,745015,1164154,12,5959,801,0,0,801.000,2.30
1315591,432271,816671,389,4708,801,0,0,801.000,2.30
1315591,432271,703472,15,4917,801,0,0,801.000,2.30
1315591,12966,324307,685,11102,801,0,0,801.000,2.30
1315591,12966,1003029,27,11042,801,0,0,801.000,2.30
1315591,1237487,674109,134,4709,801,0,0,801.000,2.30
1315591,1237487,1199921,8,5018,801,0,0,801.000,2.30
1315591,615548,994794,826,5083,801,0,0,801.000,2.30
1315591,615548,488239,15,4541,801,0,0,801.000,2.30
1315591,993936,1091349,409,5000,801,0,0,801.000,2.30
1315591,993936,601830,16,4917,801,0,0,801.000,2.30
1315591,619238,545013,137,4750,801,0,0,801.000,2.30
1315591,619238,1253446,18,4750,801,0,0,801.000,2.30
1315591,393399,607579,52,4583,801,0,0,801.000,2.30
1315591,393399,779989,11,4583,801,0,0,801.000,2.30
1315591,570318,1075071,423,4500,801,0,0,801.000,2.30
1315591,570318,1041074,13,4667,801,0,0,801.000,2.30
1315591,391998,307636,2947,10476,801,0,0,801.000,2.30
1315591,539944,142633,10,4709,801,0,0,801.000,2.30
1317683,807828,835361,201,10875,864,0,0,864.000,1.78
1317683,807828,1200907,42,10958,864,0,0,864.000,1.78
1317683,230417,1169313,382,4958,864,0,0,864.000,1.78
1317683,230417,530800,11,5208,864,0,0,864.000,1.78
1317683,1168767,406321,280,4792,864,0,0,864.000,1.78
1317683,1168767,815852,18,5018,864,0,0,864.000,1.78
1317683,637678,517168,16,4750,864,0,0,864.000,1.78
1317683,637678,857277,15,4875,864,0,0,864.000,1.78
1317683,343874,442071,363,4750,864,0,0,864.000,1.78
1317683,343874,846118,7,4808,864,0,0,864.000,1.78
1317683,857658,392742,1493,4750,864,0,0,864.000,1.78
1317683,857658,3940,14,4750,864,0,0,864.000,1.78
1317683,931971,355566,115,4708,864,0,0,864.000,1.78
1317683,931971,455339,14,5000,864,0,0,864.000,1.78
1317683,518993,572358,3,4708,864,0,0,864.000,1.78
1317683,518993,956786,13,4791,864,0,0,864.000,1.78
1317683,556540,798522,433,4584,864,0,0,864.000,1.78
1317683,556540,443504,15,4642,864,0,0,864.000,1.78
1317683,973928,1081713,1165,4875,864,0,0,864.000,1.78
1317683,973928,991161,14,4958,864,0,0,864.000,1.78
1318729,FAILED,FAILED,FAILED,FAILED,FAILED,FAILED,FAILED,FAILED,FAILED
1322021,903894,390103,243,5417,885,0,0,885.000,0.85
1322021,903894,311316,16,5292,885,0,0,885.000,0.85
1322021,473277,315287,280,5208,879,0,0,879.000,0.85
1322021,473277,155923,15,5000,849,0,0,849.000,0.85
1322021,368149,601333,555,5167,879,0,0,879.000,0.85
1322021,368149,776581,16,5560,891,0,0,891.000,0.85
1322021,1177275,222859,80,5291,897,0,0,897.000,0.85
1322021,1177275,1196490,17,5142,879,0,0,879.000,0.85
1322021,868161,833453,124,5500,885,0,0,885.000,0.85
1322021,868161,1108871,20,5416,879,0,0,879.000,0.85
1322021,1164571,492762,178,5351,873,0,0,873.000,0.85
1322021,1164571,778432,15,5375,891,0,0,891.000,0.85
1322021,1303040,1250279,62,5268,891,0,0,891.000,0.85
1322021,1303040,555419,16,5041,873,0,0,873.000,0.85
1322021,1185148,1215,32,5375,873,0,0,873.000,0.85
1322021,1185148,551706,15,5416,885,0,0,885.000,0.85
1322021,1087223,1040742,190,5125,885,0,0,885.000,0.85
1322021,1087223,451802,13,5209,879,0,0,879.000,0.85
1322021,639782,1225357,341,5267,879,0,0,879.000,0.85
1322021,639782,714607,17,5292,891,0,0,891.000,0.85
1322389,1312958,787963,76,6500,915,0,0,915.000,0.70
1322389,1312958,325368,15,6666,927,0,0,927.000,0.70
1322389,879401,785143,22,5227,909,0,0,909.000,0.70
1322389,879401,258568,18,5500,933,0,0,933.000,0.70
1322389,228604,976356,265,5142,921,0,0,921.000,0.70
1322389,228604,1109150,19,5792,939,0,0,939.000,0.70
1322389,1131273,144347,172,5291,909,0,0,909.000,0.70
1322389,1131273,689434,13,5292,921,0,0,921.000,0.70
1322389,267894,809818,104,5417,927,0,0,927.000,0.70
1322389,267894,682272,9,5583,921,0,0,921.000,0.70
1322389,397989,1294649,216,5208,945,0,0,945.000,0.70
1322389,929359,699287,7,5084,921,0,0,921.000,0.70
1322389,397989,864867,7,5167,915,0,0,915.000,0.70
1322389,929359,606204,16,5542,939,0,0,939.000,0.70
1322389,1278028,12832,275,5333,939,0,0,939.000,0.70
1322389,1278028,811855,18,5417,921,0,0,921.000,0.70
1322389,653496,1181310,423,5083,921,0,0,921.000,0.70
1322389,653496,678479,9,5125,909,0,0,909.000,0.70
1322389,1014650,763724,2,5334,927,0,0,927.000,0.70
1322389,1014650,1086072,11,5584,939,0,0,939.000,0.70
1326307,77460,1203826,1152,11709,885,0,0,885.000,1.49
1326307,77460,452536,39,11726,885,0,0,885.000,1.49
1326307,639690,163224,19,5375,885,0,0,885.000,1.49
1326307,959292,725376,6,4791,885,0,0,885.000,1.49
1326307,639690,750640,7,4958,885,0,0,885.000,1.49
1326307,959292,2145,5,5000,885,0,0,885.000,1.49
1326307,852361,602928,507,4667,885,0,0,885.000,1.49
1326307,852361,624727,14,4791,885,0,0,885.000,1.49
1326307,948416,1139381,92,4833,885,0,0,885.000,1.49
1326307,948416,26254,11,4792,885,0,0,885.000,1.49
1326307,1165283,1036954,625,4792,885,0,0,885.000,1.49
1326307,1165283,1096170,9,4959,885,0,0,885.000,1.49
1326307,277327,40204,108,4834,885,0,0,885.000,1.49
1326307,277327,467839,14,4725,885,0,0,885.000,1.49
1326307,302105,248761,773,4917,885,0,0,885.000,1.49
1326307,302105,1084986,13,4916,885,0,0,885.000,1.49
1326307,627584,1087499,227,4750,885,0,0,885.000,1.49
1326307,627584,1008023,18,4875,885,0,0,885.000,1.49
1326307,586894,707720,95,4958,885,0,0,885.000,1.49
1326307,586894,693357,12,4875,885,0,0,885.000,1.49
1327369,FAILED,FAILED,FAILED,FAILED,FAILED,FAILED,FAILED,FAILED,FAILED
1328179,891479,1032447,434,4833,822,0,0,822.000,0.97
1328179,891479,1303206,10,4709,822,0,0,822.000,0.97
1328179,17031,218640,10,4792,822,0,0,822.000,0.97
1328179,17031,894383,15,4934,822,0,0,822.000,0.97
1328179,422874,939007,110,4875,822,0,0,822.000,0.97
1328179,422874,568359,14,4792,822,0,0,822.000,0.97
1328179,437122,1127273,109,4709,822,0,0,822.000,0.97
1328179,437122,440945,10,4893,822,0,0,822.000,0.97
1328179,76222,180802,216,11226,822,0,0,822.000,0.97
1328179,76222,216629,25,11000,822,0,0,822.000,0.97
1328179,922409,440195,160,10916,822,0,0,822.000,0.97
1328179,922409,146975,35,11000,822,0,0,822.000,0.97
1328179,812504,604225,328,4792,822,0,0,822.000,0.97
1328179,812504,632245,16,4975,822,0,0,822.000,0.97
1328179,931332,110041,148,4667,822,0,0,822.000,0.97
1328179,931332,1310375,14,5083,822,0,0,822.000,0.97
1328179,509879,388707,706,10893,822,0,0,822.000,0.97
1328179,509879,635574,34,10958,822,0,0,822.000,0.97
1328179,209748,1186114,102,4708,822,0,0,822.000,0.97
1328179,209748,551441,9,4893,822,0,0,822.000,0.97
1328563,778746,921806,801,4792,864,0,0,864.000,1.08
1328563,1045732,546369,7,11018,864,0,0,864.000,1.08
1328563,778746,1138226,6,4810,864,0,0,864.000,1.08
1328563,1045732,407250,29,11125,864,0,0,864.000,1.08
1328563,736089,313171,37,4708,864,0,0,864.000,1.08
1328563,736089,808931,12,4810,864,0,0,864.000,1.08
1328563,153462,1050608,664,4768,864,0,0,864.000,1.08
1328563,153462,270397,15,4875,864,0,0,864.000,1.08
1328563,1045732,906675,697,5042,864,0,0,864.000,1.08
1328563,319983,160659,6,5000,864,0,0,864.000,1.08
1328563,1045732,878851,11,5167,864,0,0,864.000,1.08
1328563,319983,7513,5,4792,864,0,0,864.000,1.08
1328563,446531,461400,27,4934,864,0,0,864.000,1.08
1328563,446531,196022,15,4833,864,0,0,864.000,1.08
1328563,419666,474054,223,4792,864,0,0,864.000,1.08
1328563,419666,914625,14,4916,864,0,0,864.000,1.08
1328563,203313,336797,6,4750,864,0,0,864.000,1.08
1328563,203313,943264,19,4708,864,0,0,864.000,1.08
1328563,437236,1025963,461,4685,864,0,0,864.000,1.08
1328563,437236,1128816,13,4875,864,0,0,864.000,1.08
1330253,427325,477111,80,13892,891,0,0,891.000,0.87
1330253,427325,209175,57,17333,891,0,0,891.000,0.87
1330253,1078278,1234750,242,5042,879,0,0,879.000,0.87
1330253,1078278,1207945,18,5226,897,0,0,897.000,0.87
1330253,821601,605503,74,5250,885,0,0,885.000,0.87
1330253,821601,249467,12,5101,867,0,0,867.000,0.87
1330253,545750,456673,114,5334,891,0,0,891.000,0.87
1330253,545750,771740,16,5458,879,0,0,879.000,0.87
1330253,275401,825396,13,4917,879,0,0,879.000,0.87
1330253,275401,970857,19,5209,891,0,0,891.000,0.87
1330253,1104759,841021,475,5000,885,0,0,885.000,0.87
1330253,1104759,1202899,16,5184,891,0,0,891.000,0.87
1330253,205365,332225,24,5250,891,0,0,891.000,0.87
1330253,205365,10408,18,5333,885,0,0,885.000,0.87
1330253,591024,1180470,510,5167,891,0,0,891.000,0.87
1330253,591024,814184,17,5977,903,0,0,903.000,0.87
1330253,979311,152521,408,5000,861,0,0,861.000,0.87
1330253,979311,1094854,14,5333,879,0,0,879.000,0.87
1330253,212290,230456,16,5083,891,0,0,891.000,0.87
1330253,212290,21734,16,5041,867,0,0,867.000,0.87
1330519,171160,1293244,29,5958,864,0,0,864.000,0.40
1330519,171160,736510,22,5875,864,0,0,864.000,0.40
1330519,947158,732573,220,4833,864,0,0,864.000,0.40
1330519,947158,772550,11,5000,864,0,0,864.000,0.40
1330519,585788,201700,29,4833,864,0,0,864.000,0.40
1330519,874050,1028677,7,4833,864,0,0,864.000,0.40
1330519,585788,1253378,4,4750,864,0,0,864.000,0.40
1330519,874050,1260515,5,4683,864,0,0,864.000,0.40
1330519,646666,2480,46,4834,864,0,0,864.000,0.40
1330519,646666,1063860,16,4833,864,0,0,864.000,0.40
1330519,887987,1207733,15,4708,864,0,0,864.000,0.40
1330519,887987,582514,13,5000,864,0,0,864.000,0.40
1330519,919237,1329428,50,4833,864,0,0,864.000,0.40
1330519,919237,390250,14,4833,864,0,0,864.000,0.40
1330519,293524,666272,25,4642,864,0,0,864.000,0.40
1330519,293524,370931,11,5125,864,0,0,864.000,0.40
1330519,937952,834055,243,4959,864,0,0,864.000,0.40
1330519,937952,803806,23,5125,864,0,0,864.000,0.40
1330519,762472,1260621,61,5000,864,0,0,864.000,0.40
1330519,762472,548017,12,4708,864,0,0,864.000,0.40
1333273,FAILED,FAILED,FAILED,FAILED,FAILED,FAILED,FAILED,FAILED,FAILED
1334233,FAILED,FAILED,FAILED,FAILED,FAILED,FAILED,FAILED,FAILED,FAILED
1334401,FAILED,FAILED,FAILED,FAILED,FAILED,FAILED,FAILED,FAILED,FAILED
1335343,936169,70629,206,4625,801,0,0,801.000,0.78
1335343,936169,673344,14,4875,801,0,0,801.000,0.78
1335343,773803,1331987,315,4750,801,0,0,801.000,0.78
1335343,773803,81850,15,4851,801,0,0,801.000,0.78
1335343,325761,785596,549,4875,801,0,0,801.000,0.78
1335343,325761,1021325,17,4750,801,0,0,801.000,0.78
1335343,130524,546417,357,4750,801,0,0,801.000,0.78
1335343,130524,762647,19,4458,801,0,0,801.000,0.78
1335343,946938,198784,106,4666,801,0,0,801.000,0.78
1335343,946938,722213,14,4709,801,0,0,801.000,0.78
1335343,130664,384807,255,4500,801,0,0,801.000,0.78
1335343,130664,490938,9,4666,801,0,0,801.000,0.78
1335343,947681,639178,86,5000,801,0,0,801.000,0.78
1335343,947681,1089347,12,4583,801,0,0,801.000,0.78
1335343,812706,166800,109,4667,801,0,0,801.000,0.78
1335343,812706,1145804,18,4875,801,0,0,801.000,0.78
1335343,221420,333215,70,4584,801,0,0,801.000,0.78
1335343,221420,148385,9,4666,801,0,0,801.000,0.78
1335343,88452,1255952,2,4666,801,0,0,801.000,0.78
1335343,88452,458956,8,4584,801,0,0,801.000,0.78
1336463,928093,1154429,52,4625,822,0,0,822.000,1.46
1336463,1070352,373943,6,4851,822,0,0,822.000,1.46
1336463,928093,816297,13,4935,822,0,0,822.000,1.46
1336463,1070352,8684,2,4958,822,0,0,822.000,1.46
1336463,322778,431026,199,4875,822,0,0,822.000,1.46
1336463,322778,1036209,10,5000,822,0,0,822.000,1.46
1336463,730270,895510,594,4666,822,0,0,822.000,1.46
1336463,730270,96210,13,4583,822,0,0,822.000,1.46
1336463,1159675,592705,26,4725,822,0,0,822.000,1.46
1336463,1159675,469708,20,4666,822,0,0,822.000,1.46
1336463,1316611,382945,503,4875,822,0,0,822.000,1.46
1336463,1316611,887371,12,4875,822,0,0,822.000,1.46
1336463,1200950,1310337,223,4625,822,0,0,822.000,1.46
1336463,1200950,990064,10,4768,822,0,0,822.000,1.46
1336463,213059,559548,427,4792,822,0,0,822.000,1.46
1336463,213059,520962,18,4750,822,0,0,822.000,1.46
1336463,435790,513140,386,4708,822,0,0,822.000,1.46
1336463,435790,925840,23,4792,822,0,0,822.000,1.46
1336463,774790,258741,1057,4875,822,0,0,822.000,1.46
1336463,774790,206479,13,5060,822,0,0,822.000,1.46
1336901,201317,381100,151,12517,924,0,0,924.000,1.36
1336901,201317,167057,29,12542,906,0,0,906.000,1.36
1336901,603338,436560,138,5375,930,0,0,930.000,1.36
1336901,603338,1198548,11,5125,894,0,0,894.000,1.36
1336901,585272,1185895,592,5083,876,0,0,876.000,1.36
1336901,585272,341371,8,5250,918,0,0,918.000,1.36
1336901,734488,516219,246,5042,906,0,0,906.000,1.36
1336901,734488,480946,11,5250,900,0,0,900.000,1.36
1336901,571954,680789,410,12309,918,0,0,918.000,1.36
1336901,571954,590651,26,12375,906,0,0,906.000,1.36
1336901,847752,101472,75,5292,906,0,0,906.000,1.36
1336901,847752,164725,12,5143,906,0,0,906.000,1.36
1336901,1146320,1093683,364,5208,882,0,0,882.000,1.36
1336901,1146320,29381,14,5458,912,0,0,912.000,1.36
1336901,1200275,791852,44,5226,900,0,0,900.000,1.36
1336901,1200275,509404,17,5541,876,0,0,876.000,1.36
1336901,912623,481853,89,5459,912,0,0,912.000,1.36
1336901,912623,436904,19,5250,900,0,0,900.000,1.36
1336901,146903,550787,903,5167,912,0,0,912.000,1.36
1336901,146903,492716,18,5475,912,0,0,912.000,1.36
1338377,FAILED,FAILED,FAILED,FAILED,FAILED,FAILED,FAILED,FAILED,FAILED
1338653,194936,161885,930,5209,900,0,0,900.000,2.65
1338653,194936,164591,17,5292,912,0,0,912.000,2.65
1338653,403240,1199525,925,5208,906,0,0,906.000,2.65
1338653,403240,948610,12,5625,918,0,0,918.000,2.65
1338653,863917,131206,389,5309,918,0,0,918.000,2.65
1338653,863917,1123186,16,5541,906,0,0,906.000,2.65
1338653,911389,1094485,1730,5166,894,0,0,894.000,2.65
1338653,911389,591245,8,5351,918,0,0,918.000,2.65
1338653,870136,717347,703,5125,906,0,0,906.000,2.65
1338653,870136,628961,14,5250,912,0,0,912.000,2.65
1338653,644888,1179871,481,5125,906,0,0,906.000,2.65
1338653,644888,478380,17,5333,900,0,0,900.000,2.65
1338653,101673,256972,196,5166,900,0,0,900.000,2.65
1338653,101673,289064,17,5250,894,0,0,894.000,2.65
1338653,1032444,1069483,737,5000,894,0,0,894.000,2.65
1338653,331013,38465,8,5225,906,0,0,906.000,2.65
1338653,1032444,515522,3,5100,900,0,0,900.000,2.65
1338653,331013,227929,10,5542,906,0,0,906.000,2.65
1338653,1016453,125774,332,5227,906,0,0,906.000,2.65
1338653,1016453,730892,14,5291,894,0,0,894.000,2.65
1341701,1242244,32163,468,5584,930,0,0,930.000,2.30
1341701,1242244,1100206,10,5458,924,0,0,924.000,2.30
1341701,273139,1270104,33,5000,894,0,0,894.000,2.30
1341701,273139,117449,2,5250,900,0,0,900.000,2.30
1341701,827478,656820,9,5143,912,0,0,912.000,2.30
1341701,827478,961073,6,5416,918,0,0,918.000,2.30
1341701,581581,1045618,1319,5042,906,0,0,906.000,2.30
1341701,581581,1021627,14,5143,906,0,0,906.000,2.30
1341701,539905,139107,282,5018,900,0,0,900.000,2.30
1341701,539905,1078677,8,5292,906,0,0,906.000,2.30
1341701,754453,923446,867,5041,888,0,0,888.000,2.30
1341701,754453,480522,13,5209,912,0,0,912.000,2.30
1341701,584746,912781,343,5125,918,0,0,918.000,2.30
1341701,584746,948871,13,5333,918,0,0,918.000,2.30
1341701,449210,872559,1113,5042,900,0,0,900.000,2.30
1341701,449210,480183,18,5125,918,0,0,918.000,2.30
1341701,1097345,532082,1289,5184,888,0,0,888.000,2.30
1341701,1097345,1253033,15,5333,912,0,0,912.000,2.30
1341701,1181879,537995,4,5125,906,0,0,906.000,2.30
1341701,1181879,177885,18,5292,900,0,0,900.000,2.30
1341841,FAILED,FAILED,FAILED,FAILED,FAILED,FAILED,FAILED,FAILED,FAILED
1341863,378573,333192,29,5833,885,0,0,885.000,0.97
1341863,378573,1297505,14,6042,885,0,0,885.000,0.97
1341863,262478,892325,664,4935,885,0,0,885.000,0.97
1341863,262478,816537,13,4875,885,0,0,885.000,0.97
1341863,1243058,1319375,26,11500,885,0,0,885.000,0.97
1341863,1243058,1209058,34,11750,885,0,0,885.000,0.97
1341863,152062,611012,507,4709,885,0,0,885.000,0.97
1341863,152062,376723,13,5084,885,0,0,885.000,0.97
1341863,1010672,1002703,12,4834,885,0,0,885.000,0.97
1341863,1010672,1183304,11,4917,885,0,0,885.000,0.97
1341863,298029,1046752,297,4916,885,0,0,885.000,0.97
1341863,754780,1134724,7,5000,885,0,0,885.000,0.97
1341863,298029,1074036,3,4666,885,0,0,885.000,0.97
1341863,754780,753156,10,4792,885,0,0,885.000,0.97
1341863,918121,40513,470,4959,885,0,0,885.000,0.97
1341863,918121,465324,17,4976,885,0,0,885.000,0.97
1341863,70816,982493,209,11500,885,0,0,885.000,0.97
1341863,70816,109201,36,11291,885,0,0,885.000,0.97
1341863,269280,21321,37,11059,885,0,0,885.000,0.97
1341863,269280,350654,28,11292,885,0,0,885.000,0.97
1344829,544142,1185412,242,5208,864,0,0,864.000,1.01
1344829,1148431,327162,4,4892,852,0,0,852.000,1.01
1344829,544142,877129,6,5309,876,0,0,876.000,1.01
1344829,1148431,385938,7,5334,888,0,0,888.000,1.01
1344829,659367,2879,279,5291,870,0,0,870.000,1.01
1344829,539976,475648,6,5500,864,0,0,864.000,1.01
1344829,659367,362902,2,5167,870,0,0,870.000,1.01
1344829,539976,36492,8,5083,858,0,0,858.000,1.01
1344829,566812,1308390,291,5058,864,0,0,864.000,1.01
1344829,566812,1194450,9,5167,852,0,0,852.000,1.01
1344829,589544,810877,242,5208,852,0,0,852.000,1.01
1344829,589544,617991,14,5393,876,0,0,876.000,1.01
1344829,310811,834760,453,5060,882,0,0,882.000,1.01
1344829,310811,154585,12,5500,876,0,0,876.000,1.01
1344829,1110041,1145400,86,5101,852,0,0,852.000,1.01
1344829,832232,551010,13,5226,876,0,0,876.000,1.01
1344829,1110041,777861,6,5250,876,0,0,876.000,1.01
1344829,832232,759657,14,5083,846,0,0,846.000,1.01
1344829,963727,1017309,960,5416,870,0,0,870.000,1.01
1344829,963727,1110686,21,5768,876,0,0,876.000,1.01
1350257,FAILED,FAILED,FAILED,FAILED,FAILED,FAILED,FAILED,FAILED,FAILED
1350911,1242889,669250,194,4583,822,0,0,822.000,1.12
1350911,1242889,1121970,17,4792,822,0,0,822.000,1.12
1350911,467738,1184053,198,4584,822,0,0,822.000,1.12
1350911,467738,239201,20,4584,822,0,0,822.000,1.12
1350911,1315216,83622,317,4625,822,0,0,822.000,1.12
1350911,1315216,1118882,14,4917,822,0,0,822.000,1.12
1350911,1087979,1175036,387,4709,822,0,0,822.000,1.12
1350911,1087979,145187,10,4666,822,0,0,822.000,1.12
1350911,1186752,1050088,222,4625,822,0,0,822.000,1.12
1350911,1186752,531018,14,4560,822,0,0,822.000,1.12
1350911,1188347,933616,26,4542,822,0,0,822.000,1.12
1350911,1188347,692527,16,4708,822,0,0,822.000,1.12
1350911,983493,986365,100,4583,822,0,0,822.000,1.12
1350911,983493,400225,19,4708,822,0,0,822.000,1.12
1350911,77539,464362,165,4517,822,0,0,822.000,1.12
1350911,77539,486276,20,4583,822,0,0,822.000,1.12
1350911,978255,1219855,388,4708,822,0,0,822.000,1.12
1350911,978255,694680,17,4642,822,0,0,822.000,1.12
1350911,649060,525346,1039,4583,822,0,0,822.000,1.12
1350911,649060,1281583,16,4708,822,0,0,822.000,1.12
1352203,954970,430146,72,6083,822,0,0,822.000,1.00
1352203,954970,679398,16,5834,822,0,0,822.000,1.00
1352203,297576,993390,275,4833,822,0,0,822.000,1.00
1352203,297576,752644,16,4917,822,0,0,822.000,1.00
1352203,1331788,697161,6,4667,822,0,0,822.000,1.00
1352203,1331788,717016,11,4808,822,0,0,822.000,1.00
1352203,492277,443472,167,4708,822,0,0,822.000,1.00
1352203,492277,556025,13,5042,822,0,0,822.000,1.00
1352203,1090601,142787,486,4959,822,0,0,822.000,1.00
1352203,1090601,940006,18,4726,822,0,0,822.000,1.00
1352203,516383,15822,350,10975,822,0,0,822.000,1.00
1352203,516383,140127,30,10709,822,0,0,822.000,1.00
1352203,7838,527772,249,4666,822,0,0,822.000,1.00
1352203,7838,282259,10,4625,822,0,0,822.000,1.00
1352203,788284,377965,193,4667,822,0,0,822.000,1.00
1352203,788284,375541,16,4709,822,0,0,822.000,1.00
1352203,89691,1125907,39,4791,822,0,0,822.000,1.00
1352203,89691,1169784,18,4625,822,0,0,822.000,1.00
1352203,639122,185991,732,4792,822,0,0,822.000,1.00
1352203,639122,1036514,13,4916,822,0,0,822.000,1.00
1355983,481159,44470,36,4666,843,0,0,843.000,0.56
1355983,481159,341831,13,4792,843,0,0,843.000,0.56
1355983,537888,63321,419,4958,843,0,0,843.000,0.56
1355983,537888,724615,15,4750,843,0,0,843.000,0.56
1355983,1320115,155327,155,4809,843,0,0,843.000,0.56
1355983,1320115,705591,19,5000,843,0,0,843.000,0.56
1355983,1135798,101197,31,4791,843,0,0,843.000,0.56
1355983,837239,368819,8,4667,843,0,0,843.000,0.56
1355983,1135798,181025,9,4750,843,0,0,843.000,0.56
1355983,837239,459217,6,4750,843,0,0,843.000,0.56
1355983,1075374,523551,43,11102,843,0,0,843.000,0.56
1355983,669744,695406,23,4958,843,0,0,843.000,0.56
1355983,1075374,376886,10,11458,843,0,0,843.000,0.56
1355983,669744,1111899,4,5084,843,0,0,843.000,0.56
1355983,645577,1151890,167,4708,843,0,0,843.000,0.56
1355983,645577,596737,17,4809,843,0,0,843.000,0.56
1355983,588155,57800,408,4893,843,0,0,843.000,0.56
1355983,1142239,141336,5,10684,843,0,0,843.000,0.56
1355983,588155,375014,8,4917,843,0,0,843.000,0.56
1355983,1142239,126891,21,11000,843,0,0,843.000,0.56
1361593,FAILED,FAILED,FAILED,FAILED,FAILED,FAILED,FAILED,FAILED,FAILED
1364323,1080542,80773,107,4917,864,0,0,864.000,0.74
1364323,1080542,406685,13,5041,864,0,0,864.000,0.74
1364323,131571,916088,224,4916,864,0,0,864.000,0.74
1364323,131571,851939,13,4917,864,0,0,864.000,0.74
1364323,945033,928211,2,11541,864,0,0,864.000,0.74
1364323,945033,619269,33,11643,864,0,0,864.000,0.74
1364323,998080,1223218,278,4726,864,0,0,864.000,0.74
1364323,998080,577085,17,5000,864,0,0,864.000,0.74
1364323,1200209,1197955,72,4791,864,0,0,864.000,0.74
1364323,1200209,594526,18,4850,864,0,0,864.000,0.74
1364323,1257909,1123034,266,4708,864,0,0,864.000,0.74
1364323,1257909,644510,15,5084,864,0,0,864.000,0.74
1364323,831073,853970,103,4917,864,0,0,864.000,0.74
1364323,831073,1025009,15,4834,864,0,0,864.000,0.74
1364323,656473,1049223,100,5041,864,0,0,864.000,0.74
1364323,656473,961112,23,4935,864,0,0,864.000,0.74
1364323,376456,706600,508,4875,864,0,0,864.000,0.74
1364323,376456,940903,20,4850,864,0,0,864.000,0.74
1364323,575808,1272270,32,4917,864,0,0,864.000,0.74
1364323,575808,130902,12,5000,864,0,0,864.000,0.74
1366031,1081119,333365,117,4667,822,0,0,822.000,1.07
1366031,1081119,513436,13,4792,822,0,0,822.000,1.07
1366031,1041331,392119,305,4852,822,0,0,822.000,1.07
1366031,1041331,374564,10,4791,822,0,0,822.000,1.07
1366031,824935,644805,29,4708,822,0,0,822.000,1.07
1366031,824935,1278306,18,5125,822,0,0,822.000,1.07
1366031,514627,56072,255,4625,822,0,0,822.000,1.07
1366031,514627,1092532,14,4709,822,0,0,822.000,1.07
1366031,1356024,929885,268,4750,822,0,0,822.000,1.07
1366031,1274451,598190,5,5041,822,0,0,822.000,1.07
1366031,1356024,577382,6,4667,822,0,0,822.000,1.07
1366031,1274451,1088127,5,4667,822,0,0,822.000,1.07
1366031,780411,649654,191,5041,822,0,0,822.000,1.07
1366031,780411,937820,11,4750,822,0,0,822.000,1.07
1366031,128672,1085453,174,4559,822,0,0,822.000,1.07
1366031,128672,921524,13,4917,822,0,0,822.000,1.07
1366031,338832,1154459,463,4750,822,0,0,822.000,1.07
1366031,338832,1112079,12,4625,822,0,0,822.000,1.07
1366031,356903,368615,887,4625,822,0,0,822.000,1.07
1366031,356903,1035975,12,4666,822,0,0,822.000,1.07
1366543,995794,475417,461,4709,843,0,0,843.000,1.21
1366543,995794,563875,11,4959,843,0,0,843.000,1.21
1366543,884718,532153,186,4958,843,0,0,843.000,1.21
1366543,884718,257938,17,4792,843,0,0,843.000,1.21
1366543,14276,954312,156,4750,843,0,0,843.000,1.21
1366543,14276,715246,13,4875,843,0,0,843.000,1.21
1366543,479953,254962,243,4792,843,0,0,843.000,1.21
1366543,479953,837054,10,4834,843,0,0,843.000,1.21
1366543,754158,237888,455,4834,843,0,0,843.000,1.21
1366543,754158,385793,12,4976,843,0,0,843.000,1.21
1366543,3774,94038,486,4725,843,0,0,843.000,1.21
1366543,3774,327809,7,4833,843,0,0,843.000,1.21
1366543,1148409,1200741,416,4917,843,0,0,843.000,1.21
1366543,1148409,733826,11,4583,843,0,0,843.000,1.21
1366543,1165884,15326,10,4726,843,0,0,843.000,1.21
1366543,1165884,758936,13,4708,843,0,0,843.000,1.21
1366543,623182,793317,698,4833,843,0,0,843.000,1.21
1366543,623182,1050715,11,4767,843,0,0,843.000,1.21
1366543,135235,338556,13,4667,843,0,0,843.000,1.21
1366543,135235,585431,12,4750,843,0,0,843.000,1.21
1369733,989453,48948,333,5208,915,0,0,915.000,1.33
1369733,989453,656205,17,5684,933,0,0,933.000,1.33
1369733,1153259,254423,103,5435,933,0,0,933.000,1.33
1369733,1153259,468571,16,5292,921,0,0,921.000,1.33
1369733,35817,1319950,277,5500,933,0,0,933.000,1.33
1369733,35817,642154,14,5458,939,0,0,939.000,1.33
1369733,741771,1316838,94,5458,927,0,0,927.000,1.33
1369733,741771,967008,13,5625,915,0,0,915.000,1.33
1369733,314798,675830,143,11916,897,0,0,897.000,1.33
1369733,314798,760241,37,12208,933,0,0,933.000,1.33
1369733,282118,159346,61,5708,939,0,0,939.000,1.33
1369733,282118,876948,10,5791,927,0,0,927.000,1.33
1369733,287284,633248,284,5226,921,0,0,921.000,1.33
1369733,287284,601732,12,5167,921,0,0,921.000,1.33
1369733,1304230,98101,1490,5392,945,0,0,945.000,1.33
1369733,255030,377461,8,5125,915,0,0,915.000,1.33
1369733,1304230,470595,5,5584,933,0,0,933.000,1.33
1369733,255030,332359,6,5292,915,0,0,915.000,1.33
1369733,553349,525316,420,5167,927,0,0,927.000,1.33
1369733,553349,223742,12,5459,909,0,0,909.000,1.33
1370459,253278,1251307,225,4892,906,0,0,906.000,0.62
1370459,253278,229351,6,5083,906,0,0,906.000,0.62
1370459,839893,244163,172,4875,906,0,0,906.000,0.62
1370459,839893,717891,9,4959,906,0,0,906.000,0.62
1370459,654863,180846,81,4792,906,0,0,906.000,0.62
1370459,654863,743223,14,5041,906,0,0,906.000,0.62
1370459,196553,706983,87,4917,906,0,0,906.000,0.62
1370459,196553,251115,10,4791,906,0,0,906.000,0.62
1370459,680362,727662,230,4767,906,0,0,906.000,0.62
1370459,680362,731876,13,4750,906,0,0,906.000,0.62
1370459,164506,1212788,1,5042,906,0,0,906.000,0.62
1370459,164506,1294541,16,4833,906,0,0,906.000,0.62
1370459,909249,1039374,120,4791,906,0,0,906.000,0.62
1370459,909249,417383,14,4875,906,0,0,906.000,0.62
1370459,260449,1351145,119,4935,906,0,0,906.000,0.62
1370459,260449,578880,7,4916,906,0,0,906.000,0.62
1370459,1179251,920781,131,4834,906,0,0,906.000,0.62
1370459,1179251,121522,5,4809,906,0,0,906.000,0.62
1370459,940494,633712,172,4833,906,0,0,906.000,0.62
1370459,940494,553477,10,4958,906,0,0,906.000,0.62
1371031,766479,395114,34,6042,906,0,0,906.000,0.87
1371031,766479,860519,9,6292,906,0,0,906.000,0.87
1371031,1026386,277917,389,5083,906,0,0,906.000,0.87
1371031,1026386,1217048,10,5017,906,0,0,906.000,0.87
1371031,776223,825958,195,5042,906,0,0,906.000,0.87
1371031,776223,971546,19,5184,906,0,0,906.000,0.87
1371031,554315,1218366,644,4833,906,0,0,906.000,0.87
1371031,554315,1204745,16,5000,906,0,0,906.000,0.87
1371031,655564,1187242,45,4875,906,0,0,906.000,0.87
1371031,655564,265453,19,4917,906,0,0,906.000,0.87
1371031,448684,555916,224,5167,906,0,0,906.000,0.87
1371031,448684,332307,12,5018,906,0,0,906.000,0.87
1371031,413472,1271913,114,4917,906,0,0,906.000,0.87
1371031,413472,786330,10,5042,906,0,0,906.000,0.87
1371031,364008,344082,152,4833,906,0,0,906.000,0.87
1371031,364008,936252,10,4917,906,0,0,906.000,0.87
1371031,685840,385213,263,4875,906,0,0,906.000,0.87
1371031,685840,1020821,13,4935,906,0,0,906.000,0.87
1371031,992455,620249,66,5167,906,0,0,906.000,0.87
1371031,992455,548283,19,5167,906,0,0,906.000,0.87
1374953,FAILED,FAILED,FAILED,FAILED,FAILED,FAILED,FAILED,FAILED,FAILED
1376009,FAILED,FAILED,FAILED,FAILED,FAILED,FAILED,FAILED,FAILED,FAILED
1376449,FAILED,FAILED,FAILED,FAILED,FAILED,FAILED,FAILED,FAILED,FAILED
1379291,1115299,503748,301,4833,906,0,0,906.000,1.18
1379291,1115299,303248,13,5101,906,0,0,906.000,1.18
1379291,824388,990377,121,4833,906,0,0,906.000,1.18
1379291,824388,1125185,17,5042,906,0,0,906.000,1.18
1379291,701438,1003227,561,4833,906,0,0,906.000,1.18
1379291,542247,11688,2,4917,906,0,0,906.000,1.18
1379291,701438,521922,10,5042,906,0,0,906.000,1.18
1379291,542247,822043,1,5167,906,0,0,906.000,1.18
1379291,146263,619022,291,5268,906,0,0,906.000,1.18
1379291,146263,689582,16,4958,906,0,0,906.000,1.18
1379291,1281925,1074631,859,4792,906,0,0,906.000,1.18
1379291,1281925,872238,17,4917,906,0,0,906.000,1.18
1379291,1022553,911099,217,4833,906,0,0,906.000,1.18
1379291,1022553,1279027,12,4976,906,0,0,906.000,1.18
1379291,683106,444456,58,4708,906,0,0,906.000,1.18
1379291,683106,598329,8,4808,906,0,0,906.000,1.18
1379291,1119625,34494,512,5000,906,0,0,906.000,1.18
1379291,1119625,308969,12,4917,906,0,0,906.000,1.18
1379291,8988,997039,12,4709,906,0,0,906.000,1.18
1379291,8988,423970,11,4875,906,0,0,906.000,1.18
1387961,FAILED,FAILED,FAILED,FAILED,FAILED,FAILED,FAILED,FAILED,FAILED
1388381,72439,94664,217,5292,942,0,0,942.000,0.68
1388381,72439,1304511,17,5433,930,0,0,930.000,0.68
1388381,1378241,679135,116,5125,942,0,0,942.000,0.68
1388381,1040150,481270,1,5458,972,0,0,972.000,0.68
1388381,1378241,1367733,9,5333,966,0,0,966.000,0.68
1388381,1040150,945528,1,5500,948,0,0,948.000,0.68
1388381,739123,568881,12,5125,942,0,0,942.000,0.68
1388381,1183979,441474,10,5042,942,0,0,942.000,0.68
1388381,739123,1285705,4,5500,942,0,0,942.000,0.68
1388381,1183979,1064607,8,5434,948,0,0,948.000,0.68
1388381,1302908,996747,233,5167,942,0,0,942.000,0.68
1388381,1302908,1013200,11,5416,936,0,0,936.000,0.68
1388381,1223141,200072,587,5167,954,0,0,954.000,0.68
1388381,1223141,243583,11,5268,930,0,0,930.000,0.68
1388381,135021,1362725,87,5750,936,0,0,936.000,0.68
1388381,135021,627960,18,5125,942,0,0,942.000,0.68
1388381,326785,74180,24,5084,942,0,0,942.000,0.68
1388381,326785,1218268,19,5375,942,0,0,942.000,0.68
1388381,219973,1045428,81,5500,960,0,0,960.000,0.68
1388381,219973,654582,20,5375,948,0,0,948.000,0.68
1388887,1111179,1225900,84,5667,864,0,0,864.000,1.13
1388887,1111179,375852,14,6084,864,0,0,864.000,1.13
1388887,1130852,393444,776,4750,864,0,0,864.000,1.13
1388887,1130852,717251,9,4959,864,0,0,864.000,1.13
1388887,109771,761185,533,10933,864,0,0,864.000,1.13
1388887,109771,632193,31,11250,864,0,0,864.000,1.13
1388887,913306,270469,144,5250,864,0,0,864.000,1.13
1388887,913306,746170,21,4958,864,0,0,864.000,1.13
1388887,1201476,1006237,509,4834,864,0,0,864.000,1.13
1388887,1201476,1063778,18,5000,864,0,0,864.000,1.13
1388887,492257,1110459,255,4666,864,0,0,864.000,1.13
1388887,492257,960626,13,5125,864,0,0,864.000,1.13
1388887,173990,218862,98,4750,864,0,0,864.000,1.13
1388887,173990,139652,17,4833,864,0,0,864.000,1.13
1388887,653119,1206887,76,4875,864,0,0,864.000,1.13
1388887,653119,296122,12,4875,864,0,0,864.000,1.13
1388887,145639,760181,371,4916,864,0,0,864.000,1.13
1388887,145639,25868,18,5083,864,0,0,864.000,1.13
1388887,724185,99580,53,4709,864,0,0,864.000,1.13
1388887,724185,846043,10,5000,864,0,0,864.000,1.13
1395551,16381,31190,282,5125,864,0,0,864.000,1.20
1395551,6769,810637,2,4625,864,0,0,864.000,1.20
1395551,6769,142920,14,4708,864,0,0,864.000,1.20
1395551,16381,1159612,1,5000,864,0,0,864.000,1.20
1395551,561159,43565,124,4875,864,0,0,864.000,1.20
1395551,561159,1190388,21,5084,864,0,0,864.000,1.20
1395551,465813,805722,1385,4833,864,0,0,864.000,1.20
1395551,465813,895732,15,4667,864,0,0,864.000,1.20
1395551,1130647,789384,38,5042,864,0,0,864.000,1.20
1395551,1130647,135521,15,5101,864,0,0,864.000,1.20
1395551,1017173,339182,62,4875,864,0,0,864.000,1.20
1395551,1017173,975033,9,5143,864,0,0,864.000,1.20
1395551,585375,457439,111,4833,864,0,0,864.000,1.20
1395551,585375,681294,8,4833,864,0,0,864.000,1.20
1395551,223493,971298,481,4768,864,0,0,864.000,1.20
1395551,223493,49100,13,5167,864,0,0,864.000,1.20
1395551,303046,15973,223,5042,864,0,0,864.000,1.20
1395551,303046,1179606,14,4958,864,0,0,864.000,1.20
1395551,1134736,697730,417,4875,864,0,0,864.000,1.20
1395551,1134736,511625,21,5000,864,0,0,864.000,1.20
1396427,534362,564395,247,4833,906,0,0,906.000,0.81
1396427,534362,323463,13,4958,906,0,0,906.000,0.81
1396427,857466,1021108,383,4893,906,0,0,906.000,0.81
1396427,857466,316383,16,5042,906,0,0,906.000,0.81
1396427,189858,463047,123,4916,906,0,0,906.000,0.81
1396427,189858,43411,18,5000,906,0,0,906.000,0.81
1396427,722093,1195333,158,4917,906,0,0,906.000,0.81
1396427,722093,300606,13,4833,906,0,0,906.000,0.81
1396427,402512,1365800,240,4750,906,0,0,906.000,0.81
1396427,402512,803431,8,4852,906,0,0,906.000,0.81
1396427,484904,520447,194,4976,906,0,0,906.000,0.81
1396427,484904,1216741,11,4834,906,0,0,906.000,0.81
1396427,77296,1210850,15,4750,906,0,0,906.000,0.81
1396427,77296,916943,10,4875,906,0,0,906.000,0.81
1396427,329486,632133,23,4976,906,0,0,906.000,0.81
1396427,329486,61553,14,4875,906,0,0,906.000,0.81
1396427,95498,1136999,339,11500,906,0,0,906.000,0.81
1396427,95498,957093,40,11600,906,0,0,906.000,0.81
1396427,563565,791152,22,4958,906,0,0,906.000,0.81
1396427,563565,964352,14,5042,906,0,0,906.000,0.81
1396547,960410,300413,175,4750,885,0,0,885.000,0.51
1396547,960410,1118932,17,4892,885,0,0,885.000,0.51
1396547,233360,842269,53,4750,885,0,0,885.000,0.51
1396547,233360,45216,22,4750,885,0,0,885.000,0.51
1396547,374163,861258,100,4834,885,0,0,885.000,0.51
1396547,374163,1198820,13,4833,885,0,0,885.000,0.51
1396547,182440,101680,492,4709,885,0,0,885.000,0.51
1396547,182440,623757,17,4850,885,0,0,885.000,0.51
1396547,609990,233919,34,4708,885,0,0,885.000,0.51
1396547,609990,149970,19,4750,885,0,0,885.000,0.51
1396547,266710,1386299,129,4767,885,0,0,885.000,0.51
1396547,266710,330826,16,4833,885,0,0,885.000,0.51
1396547,1076331,1197743,73,4685,885,0,0,885.000,0.51
1396547,1076331,548534,17,4791,885,0,0,885.000,0.51
1396547,410136,439418,103,4708,885,0,0,885.000,0.51
1396547,614619,1249213,13,4875,885,0,0,885.000,0.51
1396547,410136,586351,4,4792,885,0,0,885.000,0.51
1396547,614619,905291,6,4791,885,0,0,885.000,0.51
1396547,1135358,1201392,25,4750,885,0,0,885.000,0.51
1396547,1135358,304320,19,4852,885,0,0,885.000,0.51
1398127,1335253,659399,109,5500,885,0,0,885.000,2.28
1398127,1335253,766311,19,5208,885,0,0,885.000,2.28
1398127,505784,588984,387,4959,885,0,0,885.000,2.28
1398127,505784,374771,12,4767,885,0,0,885.000,2.28
1398127,1260542,244905,636,4709,885,0,0,885.000,2.28
1398127,1260542,722188,12,5000,885,0,0,885.000,2.28
1398127,1050219,1025083,21,4792,885,0,0,885.000,2.28
1398127,1050219,35571,14,5000,885,0,0,885.000,2.28
1398127,557334,864626,1995,4917,885,0,0,885.000,2.28
1398127,557334,122706,12,5058,885,0,0,885.000,2.28
1398127,700417,815087,383,4833,885,0,0,885.000,2.28
1398127,700417,491787,17,4958,885,0,0,885.000,2.28
1398127,838486,940303,71,4916,885,0,0,885.000,2.28
1398127,838486,754430,16,5042,885,0,0,885.000,2.28
1398127,417485,312514,1071,4875,885,0,0,885.000,2.28
1398127,417485,227810,8,4917,885,0,0,885.000,2.28
1398127,448724,1174139,90,5083,885,0,0,885.000,2.28
1398127,448724,529508,19,4791,885,0,0,885.000,2.28
1398127,434130,779906,960,4767,885,0,0,885.000,2.28
1398127,434130,962939,11,4875,885,0,0,885.000,2.28
1398619,324683,557877,87,6167,927,0,0,927.000,0.60
1398619,827724,467171,7,5725,927,0,0,927.000,0.60
1398619,324683,1368655,11,6142,927,0,0,927.000,0.60
1398619,827724,500703,4,5000,927,0,0,927.000,0.60
1398619,1003758,414242,72,12042,927,0,0,927.000,0.60
1398619,1028057,801544,38,4834,927,0,0,927.000,0.60
1398619,1003758,226793,7,12184,927,0,0,927.000,0.60
1398619,1028057,880393,7,5042,927,0,0,927.000,0.60
1398619,1040123,752094,119,4917,927,0,0,927.000,0.60
1398619,1040123,56399,14,5042,927,0,0,927.000,0.60
1398619,395455,859366,688,4791,927,0,0,927.000,0.60
1398619,395455,284086,17,4875,927,0,0,927.000,0.60
1398619,1117023,982232,46,4875,927,0,0,927.000,0.60
1398619,1117023,424575,21,5059,927,0,0,927.000,0.60
1398619,892146,579357,30,4875,927,0,0,927.000,0.60
1398619,892146,887035,14,4958,927,0,0,927.000,0.60
1398619,354646,1026302,170,4792,927,0,0,927.000,0.60
1398619,149391,55177,15,12060,927,0,0,927.000,0.60
1398619,354646,777841,3,4935,927,0,0,927.000,0.60
1398619,149391,1139952,34,12042,927,0,0,927.000,0.60
1399609,FAILED,FAILED,FAILED,FAILED,FAILED,FAILED,FAILED,FAILED,FAILED
1403641,FAILED,FAILED,FAILED,FAILED,FAILED,FAILED,FAILED,FAILED,FAILED
1405363,65783,915914,239,4934,906,0,0,906.000,0.85
1405363,65783,490014,21,5250,906,0,0,906.000,0.85
1405363,1022322,92516,284,4959,906,0,0,906.000,0.85
1405363,1296845,28463,9,4750,906,0,0,906.000,0.85
1405363,1022322,158822,6,4917,906,0,0,906.000,0.85
1405363,1296845,1354444,8,4834,906,0,0,906.000,0.85
1405363,1211083,936220,262,4833,906,0,0,906.000,0.85
1405363,1211083,798644,15,4875,906,0,0,906.000,0.85
1405363,830366,616889,110,4810,906,0,0,906.000,0.85
1405363,830366,721088,11,4917,906,0,0,906.000,0.85
1405363,1198170,616169,141,11642,906,0,0,906.000,0.85
1405363,1198170,1342692,29,11250,906,0,0,906.000,0.85
1405363,1293187,1372207,175,4893,906,0,0,906.000,0.85
1405363,1293187,50545,16,4958,906,0,0,906.000,0.85
1405363,809701,981745,247,4708,906,0,0,906.000,0.85
1405363,809701,428894,11,4875,906,0,0,906.000,0.85
1405363,324725,1205215,202,4893,906,0,0,906.000,0.85
1405363,324725,1179473,17,4917,906,0,0,906.000,0.85
1405363,1308114,282956,267,4833,906,0,0,906.000,0.85
1405363,1308114,1190094,13,5143,906,0,0,906.000,0.85
1407247,888989,629204,89,11351,864,0,0,864.000,0.98
1407247,888989,145577,27,11500,864,0,0,864.000,0.98
1407247,1108354,564254,157,11208,864,0,0,864.000,0.98
1407247,745566,939488,27,4792,864,0,0,864.000,0.98
1407247,1108354,1141033,2,11250,864,0,0,864.000,0.98
1407247,745566,339613,9,4875,864,0,0,864.000,0.98
1407247,1187125,242932,461,4934,864,0,0,864.000,0.98
1407247,1187125,541764,14,5000,864,0,0,864.000,0.98
1407247,1086723,569812,128,5041,864,0,0,864.000,0.98
1407247,1086723,1034508,16,4958,864,0,0,864.000,0.98
1407247,741199,446314,124,4934,864,0,0,864.000,0.98
1407247,741199,374393,11,5000,864,0,0,864.000,0.98
1407247,33922,174616,918,11417,864,0,0,864.000,0.98
1407247,33922,1185991,29,11292,864,0,0,864.000,0.98
1407247,908249,438223,430,4750,864,0,0,864.000,0.98
1407247,908249,1252225,18,4683,864,0,0,864.000,0.98
1407247,86517,1104862,10,4834,864,0,0,864.000,0.98
1407247,86517,505545,19,5000,864,0,0,864.000,0.98
1407247,718127,668008,39,11125,864,0,0,864.000,0.98
1407247,40614,654737,23,4685,864,0,0,864.000,0.98
1407667,593406,1010969,116,5000,927,0,0,927.000,0.96
1407667,593406,1333119,13,4750,927,0,0,927.000,0.96
1407667,1336752,1259441,43,11976,927,0,0,927.000,0.96
1407667,1336752,643315,61,15333,927,0,0,927.000,0.96
1407667,17491,23732,485,4792,927,0,0,927.000,0.96
1407667,17491,21737,20,4959,927,0,0,927.000,0.96
1407667,628501,60367,307,4958,927,0,0,927.000,0.96
1407667,628501,1302601,9,5125,927,0,0,927.000,0.96
1407667,275932,1319050,146,4833,927,0,0,927.000,0.96
1407667,275932,929369,12,5250,927,0,0,927.000,0.96
1407667,1013296,315131,58,5041,927,0,0,927.000,0.96
1407667,1013296,506352,10,5083,927,0,0,927.000,0.96
1407667,1302005,384767,26,4958,927,0,0,927.000,0.96
1407667,1302005,739298,12,5058,927,0,0,927.000,0.96
1407667,64342,13598,559,5041,927,0,0,927.000,0.96
1407667,64342,1220142,10,5333,927,0,0,927.000,0.96
1407667,601742,494487,22,5250,927,0,0,927.000,0.96
1407667,601742,810419,16,5208,927,0,0,927.000,0.96
1407667,1157538,1334237,426,5083,927,0,0,927.000,0.96
1407667,1157538,1114656,14,5292,927,0,0,927.000,0.96
1408601,FAILED,FAILED,FAILED,FAILED,FAILED,FAILED,FAILED,FAILED,FAILED
1409237,725389,82066,101,6685,906,0,0,906.000,0.89
1409237,725389,602602,14,6000,912,0,0,912.000,0.89
1409237,23472,238141,77,5042,894,0,0,894.000,0.89
1409237,23472,899258,18,5375,888,0,0,888.000,0.89
1409237,651327,550846,59,5459,906,0,0,906.000,0.89
1409237,651327,1138758,13,5666,930,0,0,930.000,0.89
1409237,619020,940089,382,5167,894,0,0,894.000,0.89
1409237,619020,1408550,10,5292,906,0,0,906.000,0.89
1409237,1397485,1136354,663,5208,912,0,0,912.000,0.89
1409237,1397485,1165810,20,5417,924,0,0,924.000,0.89
1409237,403335,1041516,152,5458,924,0,0,924.000,0.89
1409237,403335,286282,18,5333,900,0,0,900.000,0.89
1409237,285119,505384,54,5334,876,0,0,876.000,0.89
1409237,285119,296100,6,5417,900,0,0,900.000,0.89
1409237,1003948,782574,114,5167,900,0,0,900.000,0.89
1409237,1003948,1090505,17,5183,906,0,0,906.000,0.89
1409237,83086,784899,96,5125,882,0,0,882.000,0.89
1409237,83086,1199020,16,5268,882,0,0,882.000,0.89
1409237,1154202,1195091,352,5084,894,0,0,894.000,0.89
1409237,1154202,858406,18,5042,912,0,0,912.000,0.89
1410809,FAILED,FAILED,FAILED,FAILED,FAILED,FAILED,FAILED,FAILED,FAILED
1410823,707696,823870,264,4583,843,0,0,843.000,1.27
1410823,707696,973155,5,4708,843,0,0,843.000,1.27
1410823,1342976,444048,386,4667,843,0,0,843.000,1.27
1410823,1342976,366813,10,4833,843,0,0,843.000,1.27
1410823,1101994,1122663,181,4834,843,0,0,843.000,1.27
1410823,1101994,306791,9,4917,843,0,0,843.000,1.27
1410823,1403221,1134083,502,4625,843,0,0,843.000,1.27
1410823,1403221,1170574,8,4916,843,0,0,843.000,1.27
1410823,1198022,821137,791,4768,843,0,0,843.000,1.27
1410823,1198022,1092440,19,4958,843,0,0,843.000,1.27
1410823,1089447,69727,326,4583,843,0,0,843.000,1.27
1410823,1089447,328516,10,4750,843,0,0,843.000,1.27
1410823,968203,1192864,41,4750,843,0,0,843.000,1.27
1410823,968203,981392,8,4833,843,0,0,843.000,1.27
1410823,94126,1161745,80,4875,843,0,0,843.000,1.27
1410823,94126,848764,14,5042,843,0,0,843.000,1.27
1410823,97123,1119940,67,4709,843,0,0,843.000,1.27
1410823,97123,1073922,13,4875,843,0,0,843.000,1.27
1410823,442399,112944,523,11225,843,0,0,843.000,1.27
1410823,442399,1086578,22,11250,843,0,0,843.000,1.27
1411777,FAILED,FAILED,FAILED,FAILED,FAILED,FAILED,FAILED,FAILED,FAILED
1412689,FAILED,FAILED,FAILED,FAILED,FAILED,FAILED,FAILED,FAILED,FAILED
1413103,909947,1083949,126,6125,927,0,0,927.000,1.17
1413103,909947,153981,17,6125,927,0,0,927.000,1.17
1413103,1210534,934219,215,4959,927,0,0,927.000,1.17
1413103,1210534,79390,4,4851,927,0,0,927.000,1.17
1413103,578539,379956,1492,5125,927,0,0,927.000,1.17
1413103,578539,1148174,15,4958,927,0,0,927.000,1.17
1413103,78970,291822,114,4791,927,0,0,927.000,1.17
1413103,78970,1125600,15,4875,927,0,0,927.000,1.17
1413103,169803,524359,17,4834,927,0,0,927.000,1.17
1413103,169803,1082720,18,5060,927,0,0,927.000,1.17
1413103,704268,840783,208,4959,927,0,0,927.000,1.17
1413103,704268,767772,7,4917,927,0,0,927.000,1.17
1413103,928402,190799,285,5083,927,0,0,927.000,1.17
1413103,928402,1390326,14,5208,927,0,0,927.000,1.17
1413103,1354384,1346481,86,4875,927,0,0,927.000,1.17
1413103,1354384,853975,12,4959,927,0,0,927.000,1.17
1413103,986529,830872,588,5042,927,0,0,927.000,1.17
1413103,986529,1129470,18,5167,927,0,0,927.000,1.17
1413103,1116481,1294505,214,4750,927,0,0,927.000,1.17
1413103,579988,769412,10,5125,927,0,0,927.000,1.17
1414067,1152363,1402923,134,12184,906,0,0,906.000,0.98
1414067,1152363,557765,33,11625,906,0,0,906.000,0.98
1414067,1367612,778171,182,4792,906,0,0,906.000,0.98
1414067,1367612,1301381,13,5000,906,0,0,906.000,0.98
1414067,20644,79385,505,4750,906,0,0,906.000,0.98
1414067,20644,575889,14,4958,906,0,0,906.000,0.98
1414067,1262506,1096292,106,4750,906,0,0,906.000,0.98
1414067,1262506,556824,17,4875,906,0,0,906.000,0.98
1414067,858340,338577,572,5000,906,0,0,906.000,0.98
1414067,858340,1140359,13,5041,906,0,0,906.000,0.98
1414067,449749,932121,410,4958,906,0,0,906.000,0.98
1414067,449749,962933,14,4792,906,0,0,906.000,0.98
1414067,1079577,122263,18,4666,906,0,0,906.000,0.98
1414067,1079577,209254,13,4892,906,0,0,906.000,0.98
1414067,586822,655152,31,4875,906,0,0,906.000,0.98
1414067,586822,784198,17,4792,906,0,0,906.000,0.98
1414067,596720,65196,67,4851,906,0,0,906.000,0.98
1414067,596720,162125,11,4916,906,0,0,906.000,0.98
1414067,1382872,1343964,134,5042,906,0,0,906.000,0.98
1414067,1382872,377793,11,4792,906,0,0,906.000,0.98
1416043,922410,1327444,615,4958,927,0,0,927.000,1.05
1416043,500289,26779,3,4833,927,0,0,927.000,1.05
1416043,922410,1188730,7,4792,927,0,0,927.000,1.05
1416043,500289,214568,4,5000,927,0,0,927.000,1.05
1416043,76785,909195,123,4916,927,0,0,927.000,1.05
1416043,76785,260451,14,5000,927,0,0,927.000,1.05
1416043,1104502,13280,1148,5000,927,0,0,927.000,1.05
1416043,1104502,426065,9,4791,927,0,0,927.000,1.05
1416043,476887,1305766,136,11976,927,0,0,927.000,1.05
1416043,476887,443218,38,11875,927,0,0,927.000,1.05
1416043,610438,1055426,8,4833,927,0,0,927.000,1.05
1416043,610438,664172,17,5166,927,0,0,927.000,1.05
1416043,278577,204055,42,4933,927,0,0,927.000,1.05
1416043,278577,587878,12,4875,927,0,0,927.000,1.05
1416043,1331220,1025958,5,4958,927,0,0,927.000,1.05
1416043,1331220,1164107,7,5125,927,0,0,927.000,1.05
1416043,82755,712971,174,4893,927,0,0,927.000,1.05
1416043,82755,701546,17,5042,927,0,0,927.000,1.05
1416043,1366159,459151,224,11834,927,0,0,927.000,1.05
1416043,1366159,594353,36,11810,927,0,0,927.000,1.05
1416211,441615,1370965,51,4684,864,0,0,864.000,1.80
1416211,441615,1341363,21,4959,864,0,0,864.000,1.80
1416211,513301,2659,75,5833,864,0,0,864.000,1.80
1416211,513301,1255224,23,5977,864,0,0,864.000,1.80
1416211,974281,208087,866,4708,864,0,0,864.000,1.80
1416211,974281,361869,14,4834,864,0,0,864.000,1.80
1416211,961776,867714,1143,4875,864,0,0,864.000,1.80
1416211,961776,150542,5,4833,864,0,0,864.000,1.80
1416211,854645,1186306,369,4834,864,0,0,864.000,1.80
1416211,854645,175383,10,4834,864,0,0,864.000,1.80
1416211,1341231,154909,48,11375,864,0,0,864.000,1.80
1416211,1341231,942023,34,11125,864,0,0,864.000,1.80
1416211,454719,34093,41,4750,864,0,0,864.000,1.80
1416211,1188035,1348370,12,4792,864,0,0,864.000,1.80
1416211,454719,346142,8,4792,864,0,0,864.000,1.80
1416211,1188035,645166,8,4708,864,0,0,864.000,1.80
1416211,98963,930484,304,4792,864,0,0,864.000,1.80
1416211,98963,740086,21,4916,864,0,0,864.000,1.80
1416211,76388,1045957,1742,4750,864,0,0,864.000,1.80
1416211,76388,348196,15,4583,864,0,0,864.000,1.80
1417883,46040,534951,160,12625,885,0,0,885.000,0.95
1417883,46040,459399,33,11667,885,0,0,885.000,0.95
1417883,458162,1332720,336,4834,885,0,0,885.000,0.95
1417883,458162,128068,18,4917,885,0,0,885.000,0.95
1417883,769210,1109561,206,4851,885,0,0,885.000,0.95
1417883,769210,279763,17,4750,885,0,0,885.000,0.95
1417883,182847,949738,61,4892,885,0,0,885.000,0.95
1417883,182847,366590,10,4667,885,0,0,885.000,0.95
1417883,15660,790207,60,4834,885,0,0,885.000,0.95
1417883,15660,492850,14,5018,885,0,0,885.000,0.95
1417883,621059,393885,301,4833,885,0,0,885.000,0.95
1417883,621059,1154586,10,4935,885,0,0,885.000,0.95
1417883,23284,1411655,39,4834,885,0,0,885.000,0.95
1417883,23284,1404172,7,4708,885,0,0,885.000,0.95
1417883,523200,501132,52,4708,885,0,0,885.000,0.95
1417883,523200,92366,19,4750,885,0,0,885.000,0.95
1417883,1101819,969267,1072,4834,885,0,0,885.000,0.95
1417883,1101819,208300,17,5042,885,0,0,885.000,0.95
1417883,976092,695374,148,4791,885,0,0,885.000,0.95
1417883,976092,53702,13,4958,885,0,0,885.000,0.95
1420357,1126498,935953,370,5750,951,0,0,951.000,2.44
1420357,1126498,647039,16,5500,933,0,0,933.000,2.44
1420357,186841,602728,1117,5459,939,0,0,939.000,2.44
1420357,186841,327159,19,5459,927,0,0,927.000,2.44
1420357,186841,1277751,307,5166,909,0,0,909.000,2.44
1420357,186841,385147,11,5250,933,0,0,933.000,2.44
1420357,314701,691138,964,5292,921,0,0,921.000,2.44
1420357,314701,1093409,16,5250,915,0,0,915.000,2.44
1420357,1187262,1025666,283,5268,933,0,0,933.000,2.44
1420357,1187262,1289432,15,5167,909,0,0,909.000,2.44
1420357,963834,940423,1271,5584,915,0,0,915.000,2.44
1420357,963834,1261435,16,5083,915,0,0,915.000,2.44
1420357,213437,138585,220,5184,909,0,0,909.000,2.44
1420357,213437,1302467,11,5333,927,0,0,927.000,2.44
1420357,747658,503197,203,5208,933,0,0,933.000,2.44
1420357,214624,881164,6,5208,933,0,0,933.000,2.44
1420357,747658,1010706,6,5683,933,0,0,933.000,2.44
1420357,214624,1054390,8,5267,915,0,0,915.000,2.44
1420357,420568,640426,1523,5125,909,0,0,909.000,2.44
1420357,420568,1007486,14,5959,927,0,0,927.000,2.44
1421543,534622,126147,132,5042,885,0,0,885.000,1.43
1421543,534622,179525,15,4792,885,0,0,885.000,1.43
1421543,868295,139239,622,4916,885,0,0,885.000,1.43
1421543,868295,908893,13,4851,885,0,0,885.000,1.43
1421543,1776,216765,193,4791,885,0,0,885.000,1.43
1421543,1776,399567,19,4833,885,0,0,885.000,1.43
1421543,1178462,1231424,211,11542,885,0,0,885.000,1.43
1421543,1178462,753180,24,11393,885,0,0,885.000,1.43
1421543,782579,201423,51,4916,885,0,0,885.000,1.43
1421543,782579,555236,13,5000,885,0,0,885.000,1.43
1421543,384006,1080070,640,4667,885,0,0,885.000,1.43
1421543,384006,1171754,20,4850,885,0,0,885.000,1.43
1421543,1026041,892487,355,4875,885,0,0,885.000,1.43
1421543,1026041,1094068,13,4959,885,0,0,885.000,1.43
1421543,360287,483570,622,4959,885,0,0,885.000,1.43
1421543,360287,40999,24,4934,885,0,0,885.000,1.43
1421543,972776,972593,819,4684,885,0,0,885.000,1.43
1421543,972776,1342154,18,4917,885,0,0,885.000,1.43
1421543,1221631,589569,76,4851,885,0,0,885.000,1.43
1421543,1221631,300062,16,5042,885,0,0,885.000,1.43
1421911,1419873,1337255,357,11291,885,0,0,885.000,0.82
1421911,650475,1347351,47,4809,885,0,0,885.000,0.82
1421911,1419873,146353,4,11684,885,0,0,885.000,0.82
1421911,650475,1106695,23,4875,885,0,0,885.000,0.82
1421911,687511,794575,82,4833,885,0,0,885.000,0.82
1421911,687511,633996,11,4959,885,0,0,885.000,0.82
1421911,1330022,1082700,89,4875,885,0,0,885.000,0.82
1421911,1330022,667201,14,5041,885,0,0,885.000,0.82
1421911,466726,390931,64,4935,885,0,0,885.000,0.82
1421911,466726,1198067,14,5209,885,0,0,885.000,0.82
1421911,671772,355249,311,4875,885,0,0,885.000,0.82
1421911,671772,619744,10,5143,885,0,0,885.000,0.82
1421911,509800,417248,111,4875,885,0,0,885.000,0.82
1421911,843749,477121,4,4833,885,0,0,885.000,0.82
1421911,509800,800359,13,4833,885,0,0,885.000,0.82
1421911,843749,545350,2,5042,885,0,0,885.000,0.82
1421911,158960,1295933,828,5059,885,0,0,885.000,0.82
1421911,158960,70361,11,4750,885,0,0,885.000,0.82
1421911,942728,94252,211,5042,885,0,0,885.000,0.82
1421911,942728,543799,12,5042,885,0,0,885.000,0.82
1422749,785254,1144460,420,5375,960,0,0,960.000,0.91
1422749,785254,453401,16,5666,960,0,0,960.000,0.91
1422749,1054521,494041,364,5667,942,0,0,942.000,0.91
1422749,1054521,15118,21,5434,930,0,0,930.000,0.91
1422749,1389906,914477,559,5208,942,0,0,942.000,0.91
1422749,1389906,306590,11,5518,924,0,0,924.000,0.91
1422749,169560,1287416,82,5667,960,0,0,960.000,0.91
1422749,169560,58758,11,5625,948,0,0,948.000,0.91
1422749,356242,80934,86,12625,930,0,0,930.000,0.91
1422749,356242,967501,41,12434,930,0,0,930.000,0.91
1422749,1189198,1025426,33,5292,942,0,0,942.000,0.91
1422749,596079,474341,9,5250,948,0,0,948.000,0.91
1422749,1189198,348504,8,5333,924,0,0,924.000,0.91
1422749,596079,463771,12,5518,954,0,0,954.000,0.91
1422749,1129157,1191058,265,5167,942,0,0,942.000,0.91
1422749,1129157,795880,17,5209,942,0,0,942.000,0.91
1422749,463842,90663,16,5476,954,0,0,954.000,0.91
1422749,463842,226780,17,5417,954,0,0,954.000,0.91
1422749,640232,25385,71,5225,948,0,0,948.000,0.91
1422749,640232,275086,13,5500,942,0,0,942.000,0.91
1423237,229503,180411,226,5500,981,0,0,981.000,0.77
1423237,229503,1053674,9,5500,957,0,0,957.000,0.77
1423237,700453,323422,124,5458,975,0,0,975.000,0.77
1423237,1033714,246260,15,5583,981,0,0,981.000,0.77
1423237,700453,742509,7,5583,993,0,0,993.000,0.77
1423237,354830,448493,1,5375,975,0,0,975.000,0.77
1423237,1033714,580300,11,5292,945,0,0,945.000,0.77
1423237,354830,528475,9,5333,975,0,0,975.000,0.77
1423237,576573,83093,630,5208,975,0,0,975.000,0.77
1423237,576573,317149,13,5392,987,0,0,987.000,0.77
1423237,854331,602174,130,5417,987,0,0,987.000,0.77
1423237,1354435,1293198,8,5416,969,0,0,969.000,0.77
1423237,854331,260894,5,5333,969,0,0,969.000,0.77
1423237,1354435,385098,7,5417,975,0,0,975.000,0.77
1423237,1087235,152078,293,5292,975,0,0,975.000,0.77
1423237,1087235,456628,6,5541,963,0,0,963.000,0.77
1423237,558418,264008,15,5250,969,0,0,969.000,0.77
1423237,558418,1309543,15,5643,963,0,0,963.000,0.77
1423237,759341,283500,347,5334,969,0,0,969.000,0.77
1423237,759341,518808,13,5434,963,0,0,963.000,0.77
1423691,975714,750064,643,11625,906,0,0,906.000,0.73
1423691,975714,923870,24,11458,906,0,0,906.000,0.73
1423691,1297512,930350,25,4875,906,0,0,906.000,0.73
1423691,1297512,839638,10,4917,906,0,0,906.000,0.73
1423691,187657,876564,16,4667,906,0,0,906.000,0.73
1423691,187657,1379937,10,4833,906,0,0,906.000,0.73
1423691,1338434,187667,59,4791,906,0,0,906.000,0.73
1423691,1338434,414216,16,5000,906,0,0,906.000,0.73
1423691,236025,1049396,24,5017,906,0,0,906.000,0.73
1423691,236025,1336287,15,5042,906,0,0,906.000,0.73
1423691,189036,1240697,207,4791,906,0,0,906.000,0.73
1423691,189036,120765,20,5042,906,0,0,906.000,0.73
1423691,391565,24735,246,4792,906,0,0,906.000,0.73
1423691,391565,1071044,14,4893,906,0,0,906.000,0.73
1423691,1211367,1185069,59,4875,906,0,0,906.000,0.73
1423691,1211367,416387,13,4875,906,0,0,906.000,0.73
1423691,974258,369874,377,4750,906,0,0,906.000,0.73
1423691,974258,1302436,12,4727,906,0,0,906.000,0.73
1423691,691863,393957,67,4875,906,0,0,906.000,0.73
1423691,691863,796239,16,4892,906,0,0,906.000,0.73
1428521,FAILED,FAILED,FAILED,FAILED,FAILED,FAILED,FAILED,FAILED,FAILED
1428703,373255,111900,68,5708,885,0,0,885.000,0.92
1428703,373255,775927,16,4750,885,0,0,885.000,0.92
1428703,236759,678179,454,4935,885,0,0,885.000,0.92
1428703,236759,69174,13,4959,885,0,0,885.000,0.92
1428703,668263,1355056,148,4834,885,0,0,885.000,0.92
1428703,668263,291110,12,4834,885,0,0,885.000,0.92
1428703,632742,890729,161,4750,885,0,0,885.000,0.92
1428703,632742,433276,11,4833,885,0,0,885.000,0.92
1428703,1163422,383738,118,4917,885,0,0,885.000,0.92
1428703,1163422,327431,9,4833,885,0,0,885.000,0.92
1428703,190648,855584,37,5060,885,0,0,885.000,0.92
1428703,190648,789501,16,4792,885,0,0,885.000,0.92
1428703,1196487,1342349,630,4916,885,0,0,885.000,0.92
1428703,1196487,1209184,8,4875,885,0,0,885.000,0.92
1428703,1378169,184074,276,11458,885,0,0,885.000,0.92
1428703,1378169,123946,37,11851,885,0,0,885.000,0.92
1428703,912821,256706,66,4808,885,0,0,885.000,0.92
1428703,912821,331418,13,5000,885,0,0,885.000,0.92
1428703,271056,915449,106,11559,885,0,0,885.000,0.92
1428703,271056,590257,33,11708,885,0,0,885.000,0.92
1429063,840471,924027,157,4958,885,0,0,885.000,0.78
1429063,840471,1159800,12,4958,885,0,0,885.000,0.78
1429063,1231761,5350,75,4792,885,0,0,885.000,0.78
1429063,1231761,760346,9,5125,885,0,0,885.000,0.78
1429063,1344860,862910,172,4875,885,0,0,885.000,0.78
1429063,1344860,875149,11,5142,885,0,0,885.000,0.78
1429063,283039,1303977,43,4917,885,0,0,885.000,0.78
1429063,283039,681192,14,5000,885,0,0,885.000,0.78
1429063,39580,1379127,133,4810,885,0,0,885.000,0.78
1429063,39580,326830,11,4708,885,0,0,885.000,0.78
1429063,554909,1046319,191,13601,885,0,0,885.000,0.78
1429063,554909,1173937,30,11084,885,0,0,885.000,0.78
1429063,190208,994491,103,4685,885,0,0,885.000,0.78
1429063,190208,123658,15,5041,885,0,0,885.000,0.78
1429063,75389,778865,200,4834,885,0,0,885.000,0.78
1429063,75389,236762,11,4810,885,0,0,885.000,0.78
1429063,900957,874739,166,4893,885,0,0,885.000,0.78
1429063,900957,1393096,19,4791,885,0,0,885.000,0.78
1429063,1048270,1213443,646,4750,885,0,0,885.000,0.78
1429063,1048270,1063286,10,4959,885,0,0,885.000,0.78
1429369,FAILED,FAILED,FAILED,FAILED,FAILED,FAILED,FAILED,FAILED,FAILED
1429721,FAILED,FAILED,FAILED,FAILED,FAILED,FAILED,FAILED,FAILED,FAILED
1431191,502949,725936,491,5042,906,0,0,906.000,1.65
1431191,502949,244243,11,4958,906,0,0,906.000,1.65
1431191,1310965,1218457,671,4875,906,0,0,906.000,1.65
1431191,1310965,1279382,9,4750,906,0,0,906.000,1.65
1431191,800683,945971,1611,11601,906,0,0,906.000,1.65
1431191,800683,520430,36,11834,906,0,0,906.000,1.65
1431191,1404755,1039004,77,4958,906,0,0,906.000,1.65
1431191,1404755,1272921,12,5041,906,0,0,906.000,1.65
1431191,901163,77435,85,4850,906,0,0,906.000,1.65
1431191,901163,1288325,15,4875,906,0,0,906.000,1.65
1431191,825286,544667,762,4916,906,0,0,906.000,1.65
1431191,825286,415047,14,5000,906,0,0,906.000,1.65
1431191,1172335,380603,505,11792,906,0,0,906.000,1.65
1431191,150347,335039,1,11709,906,0,0,906.000,1.65
1431191,1172335,1068518,34,11600,906,0,0,906.000,1.65
1431191,150347,868919,1,11517,906,0,0,906.000,1.65
1431191,1031968,420212,59,5083,906,0,0,906.000,1.65
1431191,1031968,158265,12,4977,906,0,0,906.000,1.65
1431191,543179,540439,53,5042,906,0,0,906.000,1.65
1431191,543179,1315600,8,4768,906,0,0,906.000,1.65
1431317,340773,1358252,168,5250,981,0,0,981.000,0.74
1431317,340773,423293,15,5250,957,0,0,957.000,0.74
1431317,552561,1113182,159,5459,969,0,0,969.000,0.74
1431317,552561,259673,15,5333,963,0,0,963.000,0.74
1431317,423024,118893,172,5375,975,0,0,975.000,0.74
1431317,423024,104269,5,5375,963,0,0,963.000,0.74
1431317,935439,177245,124,12935,957,0,0,957.000,0.74
1431317,935439,100841,28,13166,963,0,0,963.000,0.74
1431317,190556,51365,72,5541,963,0,0,963.000,0.74
1431317,190556,979467,17,5375,963,0,0,963.000,0.74
1431317,145347,1211977,486,5375,963,0,0,963.000,0.74
1431317,145347,526759,11,5542,987,0,0,987.000,0.74
1431317,762894,227817,163,5125,969,0,0,969.000,0.74
1431317,762894,379685,15,5292,969,0,0,969.000,0.74
1431317,955293,778754,64,5417,951,0,0,951.000,0.74
1431317,256738,1099619,17,5500,981,0,0,981.000,0.74
1431317,955293,243957,1,5167,963,0,0,963.000,0.74
1431317,256738,512483,15,5375,963,0,0,963.000,0.74
1431317,1142564,406902,61,5375,969,0,0,969.000,0.74
1431317,1142564,1103905,13,5500,969,0,0,969.000,0.74
1438253,1172184,122522,216,5375,924,0,0,924.000,0.94
1438253,1172184,660454,16,5916,948,0,0,948.000,0.94
1438253,1238906,869412,42,5500,954,0,0,954.000,0.94
1438253,1238906,1057403,10,5250,942,0,0,942.000,0.94
1438253,1099441,863399,235,5208,936,0,0,936.000,0.94
1438253,1099441,1142439,16,5375,936,0,0,936.000,0.94
1438253,311506,1294869,91,5375,942,0,0,942.000,0.94
1438253,311506,1360827,14,5250,942,0,0,942.000,0.94
1438253,946551,786017,755,5583,936,0,0,936.000,0.94
1438253,686926,127300,10,5500,966,0,0,966.000,0.94
1438253,946551,1320431,1,5541,960,0,0,960.000,0.94
1438253,686926,630921,16,5584,960,0,0,960.000,0.94
1438253,607929,1315182,79,5250,942,0,0,942.000,0.94
1438253,607929,1259066,13,5250,948,0,0,948.000,0.94
1438253,771282,213835,481,5375,954,0,0,954.000,0.94
1438253,771282,1407841,16,5309,960,0,0,960.000,0.94
1438253,1254271,816585,137,5166,948,0,0,948.000,0.94
1438253,1254271,660251,10,5542,942,0,0,942.000,0.94
1438253,180246,549837,1,5375,942,0,0,942.000,0.94
1438253,180246,1258162,10,5209,912,0,0,912.000,0.94
1441523,654084,1005613,456,4875,990,0,0,990.000,1.25
1441523,997808,399859,3,12542,990,0,0,990.000,1.25
1441523,654084,668517,14,5208,990,0,0,990.000,1.25
1441523,997808,1179774,20,12602,990,0,0,990.000,1.25
1441523,778113,702581,768,5250,990,0,0,990.000,1.25
1441523,778113,515703,22,5392,990,0,0,990.000,1.25
1441523,1398372,260289,160,4935,990,0,0,990.000,1.25
1441523,1398372,571352,7,5083,990,0,0,990.000,1.25
1441523,1369119,273978,685,5000,990,0,0,990.000,1.25
1441523,1369119,920932,12,4959,990,0,0,990.000,1.25
1441523,343520,1000955,228,5208,990,0,0,990.000,1.25
1441523,343520,898791,14,5393,990,0,0,990.000,1.25
1441523,1368293,1047184,176,5041,990,0,0,990.000,1.25
1441523,1368293,773865,12,5142,990,0,0,990.000,1.25
1441523,343459,1208061,274,5083,990,0,0,990.000,1.25
1441523,343459,1402254,15,5084,990,0,0,990.000,1.25
1441523,1239097,990148,23,4917,990,0,0,990.000,1.25
1441523,1239097,803150,5,4959,990,0,0,990.000,1.25
1441523,1369119,165827,73,5310,990,0,0,990.000,1.25
1441523,1369119,877894,3,5083,990,0,0,990.000,1.25
1441591,607960,1030672,28,5833,969,0,0,969.000,0.86
1441591,607960,689855,15,6084,969,0,0,969.000,0.86
1441591,900296,691303,509,5000,969,0,0,969.000,0.86
1441591,900296,871951,12,5208,969,0,0,969.000,0.86
1441591,184150,558975,168,5334,969,0,0,969.000,0.86
1441591,184150,698606,16,5125,969,0,0,969.000,0.86
1441591,822574,1393834,9,5000,969,0,0,969.000,0.86
1441591,822574,1125554,15,4875,969,0,0,969.000,0.86
1441591,362946,160654,266,12017,969,0,0,969.000,0.86
1441591,362946,321092,23,12125,969,0,0,969.000,0.86
1441591,574357,522421,274,5000,969,0,0,969.000,0.86
1441591,574357,37604,15,5292,969,0,0,969.000,0.86
1441591,1055667,902321,260,4917,969,0,0,969.000,0.86
1441591,1055667,891687,17,5041,969,0,0,969.000,0.86
1441591,87966,1251968,66,12125,969,0,0,969.000,0.86
1441591,87966,1151973,48,12250,969,0,0,969.000,0.86
1441591,1301106,212094,329,4833,969,0,0,969.000,0.86
1441591,1301106,394844,15,5125,969,0,0,969.000,0.86
1441591,609005,134175,26,4875,969,0,0,969.000,0.86
1441591,609005,237796,11,4791,969,0,0,969.000,0.86
1446169,FAILED,FAILED,FAILED,FAILED,FAILED,FAILED,FAILED,FAILED,FAILED
1447217,FAILED,FAILED,FAILED,FAILED,FAILED,FAILED,FAILED,FAILED,FAILED
1448309,1355066,1295989,414,5375,942,0,0,942.000,1.16
1448309,1355066,1410518,9,5559,972,0,0,972.000,1.16
1448309,901452,893385,192,5500,960,0,0,960.000,1.16
1448309,901452,1007931,16,5583,954,0,0,954.000,1.16
1448309,300963,1405172,168,5625,954,0,0,954.000,1.16
1448309,300963,720281,9,5291,942,0,0,942.000,1.16
1448309,1237557,583185,269,5291,942,0,0,942.000,1.16
1448309,1237557,159376,23,5643,948,0,0,948.000,1.16
1448309,373756,400467,597,5333,942,0,0,942.000,1.16
1448309,373756,803903,16,5685,948,0,0,948.000,1.16
1448309,208392,1139401,460,5308,948,0,0,948.000,1.16
1448309,208392,54689,11,5666,954,0,0,954.000,1.16
1448309,155247,73884,90,5435,954,0,0,954.000,1.16
1448309,155247,599149,17,5375,936,0,0,936.000,1.16
1448309,520149,790536,104,5458,954,0,0,954.000,1.16
1448309,520149,741277,16,5167,936,0,0,936.000,1.16
1448309,1222859,388913,146,5125,942,0,0,942.000,1.16
1448309,1222859,790711,7,5208,954,0,0,954.000,1.16
1448309,874207,1096458,309,5584,942,0,0,942.000,1.16
1448309,874207,1047520,15,5541,954,0,0,954.000,1.16
1451059,91792,910985,469,4958,843,0,0,843.000,1.19
1451059,91792,191571,14,5000,843,0,0,843.000,1.19
1451059,483610,1294951,13,4958,843,0,0,843.000,1.19
1451059,483610,1105992,9,5059,843,0,0,843.000,1.19
1451059,274760,1352840,3,4893,843,0,0,843.000,1.19
1451059,274760,1160356,14,4916,843,0,0,843.000,1.19
1451059,1285042,239440,123,4750,843,0,0,843.000,1.19
1451059,1285042,935574,15,4916,843,0,0,843.000,1.19
1451059,385801,1120623,188,4916,843,0,0,843.000,1.19
1451059,385801,645349,12,5084,843,0,0,843.000,1.19
1451059,1267077,119813,1217,4893,843,0,0,843.000,1.19
1451059,1267077,647437,15,4708,843,0,0,843.000,1.19
1451059,1130100,463312,408,10958,843,0,0,843.000,1.19
1451059,1130100,1275998,26,11250,843,0,0,843.000,1.19
1451059,549156,634189,329,4708,843,0,0,843.000,1.19
1451059,549156,616150,13,5059,843,0,0,843.000,1.19
1451059,883506,55722,272,4625,843,0,0,843.000,1.19
1451059,883506,733038,15,4810,843,0,0,843.000,1.19
1451059,789864,823324,78,4792,843,0,0,843.000,1.19
1451059,789864,433054,8,4935,843,0,0,843.000,1.19
1453489,FAILED,FAILED,FAILED,FAILED,FAILED,FAILED,FAILED,FAILED,FAILED
1455653,720990,284331,274,5375,945,0,0,945.000,1.03
1455653,86178,162661,16,5166,909,0,0,909.000,1.03
1455653,720990,1065286,1,5208,909,0,0,909.000,1.03
1455653,86178,1096435,10,5292,939,0,0,939.000,1.03
1455653,199919,155832,170,5334,915,0,0,915.000,1.03
1455653,199919,940924,17,5185,909,0,0,909.000,1.03
1455653,1130072,622000,334,5334,927,0,0,927.000,1.03
1455653,1130072,511014,16,5500,927,0,0,927.000,1.03
1455653,673950,828258,124,5185,921,0,0,921.000,1.03
1455653,673950,1294003,14,5250,927,0,0,927.000,1.03
1455653,1123343,860022,60,5250,915,0,0,915.000,1.03
1455653,1123343,312549,18,5458,915,0,0,915.000,1.03
1455653,1323606,702998,425,5375,921,0,0,921.000,1.03
1455653,1323606,846228,17,5375,945,0,0,945.000,1.03
1455653,1402381,1353676,739,5333,909,0,0,909.000,1.03
1455653,1402381,1241611,17,5292,909,0,0,909.000,1.03
1455653,9592,96673,16,5435,915,0,0,915.000,1.03
1455653,9592,16928,14,5416,933,0,0,933.000,1.03
1455653,682869,94380,409,5166,927,0,0,927.000,1.03
1455653,682869,743151,16,5268,933,0,0,933.000,1.03
1455959,238866,20962,379,4750,906,0,0,906.000,1.79
1455959,238866,1309499,17,5042,906,0,0,906.000,1.79
1455959,703536,1302119,982,5042,906,0,0,906.000,1.79
1455959,703536,662773,8,4934,906,0,0,906.000,1.79
1455959,820511,804010,185,4892,906,0,0,906.000,1.79
1455959,820511,1454454,15,4958,906,0,0,906.000,1.79
1455959,958732,293248,469,4935,906,0,0,906.000,1.79
1455959,958732,1211666,11,4750,906,0,0,906.000,1.79
1455959,1269060,1015879,118,4792,906,0,0,906.000,1.79
1455959,1269060,1430232,10,4893,906,0,0,906.000,1.79
1455959,571169,1125922,370,4916,906,0,0,906.000,1.79
1455959,26909,238737,12,4726,906,0,0,906.000,1.79
1455959,571169,1259274,2,4833,906,0,0,906.000,1.79
1455959,26909,358154,8,4917,906,0,0,906.000,1.79
1455959,969155,104557,392,4750,906,0,0,906.000,1.79
1455959,969155,1055800,14,4958,906,0,0,906.000,1.79
1455959,48162,1186545,793,4791,906,0,0,906.000,1.79
1455959,48162,1070464,25,4834,906,0,0,906.000,1.79
1455959,893865,392330,1146,5100,906,0,0,906.000,1.79
1455959,893865,665522,10,4916,906,0,0,906.000,1.79
1456229,157492,1341488,99,6542,927,0,0,927.000,0.64
1456229,157492,259524,16,6225,939,0,0,939.000,0.64
1456229,697453,1167135,23,5292,939,0,0,939.000,0.64
1456229,697453,1124839,19,5666,933,0,0,933.000,0.64
1456229,771930,29966,30,5208,915,0,0,915.000,0.64
1456229,1239665,1237822,7,5434,933,0,0,933.000,0.64
1456229,771930,1170502,12,5393,927,0,0,927.000,0.64
1456229,1239665,1268552,1,5708,945,0,0,945.000,0.64
1456229,457105,782926,237,5208,927,0,0,927.000,0.64
1456229,457105,356743,16,5250,921,0,0,921.000,0.64
1456229,136948,539728,200,5417,933,0,0,933.000,0.64
1456229,136948,411947,19,5433,921,0,0,921.000,0.64
1456229,1379733,1193923,77,5416,933,0,0,933.000,0.64
1456229,1379733,848880,15,5334,921,0,0,921.000,0.64
1456229,55529,1347202,293,5250,939,0,0,939.000,0.64
1456229,55529,770841,9,5584,939,0,0,939.000,0.64
1456229,554005,226229,170,5226,939,0,0,939.000,0.64
1456229,554005,528737,7,5708,933,0,0,933.000,0.64
1456229,556725,125753,268,4959,915,0,0,915.000,0.64
1456229,556725,1451377,14,5167,927,0,0,927.000,0.64
1457503,347262,1174472,303,5000,885,0,0,885.000,0.91
1457503,347262,1210478,12,4917,885,0,0,885.000,0.91
1457503,598072,1255960,148,4683,885,0,0,885.000,0.91
1457503,598072,1340312,13,4792,885,0,0,885.000,0.91
1457503,80239,1431568,375,4958,885,0,0,885.000,0.91
1457503,80239,274896,11,5000,885,0,0,885.000,0.91
1457503,1417848,1064802,437,4791,885,0,0,885.000,0.91
1457503,1417848,1402534,16,4809,885,0,0,885.000,0.91
1457503,379456,597739,379,5167,885,0,0,885.000,0.91
1457503,379456,1029939,20,4875,885,0,0,885.000,0.91
1457503,189979,1095232,249,4708,885,0,0,885.000,0.91
1457503,189979,1025805,10,4791,885,0,0,885.000,0.91
1457503,880672,1425214,157,4875,885,0,0,885.000,0.91
1457503,880672,295825,7,4834,885,0,0,885.000,0.91
1457503,917301,1452715,37,11351,885,0,0,885.000,0.91
1457503,917301,607129,22,11208,885,0,0,885.000,0.91
1457503,898980,1086503,6,5000,885,0,0,885.000,0.91
1457503,898980,472154,15,5125,885,0,0,885.000,0.91
1457503,860666,1279597,159,4851,885,0,0,885.000,0.91
1457503,860666,667410,15,4917,885,0,0,885.000,0.91
1459589,438163,389177,116,5042,912,0,0,912.000,1.44
1459589,438163,1279372,9,5250,912,0,0,912.000,1.44
1459589,650159,890026,576,5042,912,0,0,912.000,1.44
1459589,650159,1148999,23,5208,912,0,0,912.000,1.44
1459589,435228,1343782,187,5125,900,0,0,900.000,1.44
1459589,435228,303797,17,5584,906,0,0,906.000,1.44
1459589,406100,1063324,511,5167,906,0,0,906.000,1.44
1459589,406100,1112321,14,5375,888,0,0,888.000,1.44
1459589,577878,402251,369,5250,894,0,0,894.000,1.44
1459589,577878,881204,20,5750,912,0,0,912.000,1.44
1459589,606736,783598,505,5642,906,0,0,906.000,1.44
1459589,606736,799115,9,5125,900,0,0,900.000,1.44
1459589,1412267,649433,815,5333,894,0,0,894.000,1.44
1459589,1412267,365198,16,5500,924,0,0,924.000,1.44
1459589,1089305,1019476,581,12209,918,0,0,918.000,1.44
1459589,840811,192444,42,5208,924,0,0,924.000,1.44
1459589,1089305,50296,3,12184,906,0,0,906.000,1.44
1459589,840811,1088567,10,5417,900,0,0,900.000,1.44
1459589,717238,825374,19,5292,918,0,0,918.000,1.44
1459589,717238,912160,12,5167,900,0,0,900.000,1.44
1461821,1161228,507725,250,5416,912,0,0,912.000,0.74
1461821,1161228,1443251,7,5017,906,0,0,906.000,0.74
1461821,1181809,758166,396,5250,918,0,0,918.000,0.74
1461821,1181809,512594,11,5393,900,0,0,900.000,0.74
1461821,428874,51731,77,5042,894,0,0,894.000,0.74
1461821,428874,416712,16,5309,906,0,0,906.000,0.74
1461821,1350025,755977,219,5226,900,0,0,900.000,0.74
1461821,1350025,764186,18,5250,912,0,0,912.000,0.74
1461821,607624,1382628,186,5167,906,0,0,906.000,0.74
1461821,607624,1064041,19,5060,894,0,0,894.000,0.74
1461821,1281458,795989,32,5250,900,0,0,900.000,0.74
1461821,1281458,841824,13,5208,894,0,0,894.000,0.74
1461821,1135381,914791,157,5250,900,0,0,900.000,0.74
1461821,1135381,824368,10,5208,882,0,0,882.000,0.74
1461821,30106,1255124,112,5000,894,0,0,894.000,0.74
1461821,30106,1339893,14,5334,900,0,0,900.000,0.74
1461821,1164581,5702,75,5292,900,0,0,900.000,0.74
1461821,110069,445345,8,5250,918,0,0,918.000,0.74
1461821,1164581,210613,4,5250,888,0,0,888.000,0.74
1461821,110069,1019427,8,5500,918,0,0,918.000,0.74
1462169,FAILED,FAILED,FAILED,FAILED,FAILED,FAILED,FAILED,FAILED,FAILED
1466057,FAILED,FAILED,FAILED,FAILED,FAILED,FAILED,FAILED,FAILED,FAILED
1466191,697381,51226,123,5625,906,0,0,906.000,0.94
1466191,697381,488995,17,5500,906,0,0,906.000,0.94
1466191,1027481,655573,539,4833,906,0,0,906.000,0.94
1466191,1027481,829742,10,4833,906,0,0,906.000,0.94
1466191,62254,1070627,241,4916,906,0,0,906.000,0.94
1466191,62254,1059730,9,4875,906,0,0,906.000,0.94
1466191,743983,1334130,824,4959,906,0,0,906.000,0.94
1466191,743983,496203,17,5185,906,0,0,906.000,0.94
1466191,811270,1015670,144,4917,906,0,0,906.000,0.94
1466191,811270,820284,16,5000,906,0,0,906.000,0.94
1466191,1123227,562085,7,4916,906,0,0,906.000,0.94
1466191,1123227,718495,12,5059,906,0,0,906.000,0.94
1466191,1271954,685615,116,4917,906,0,0,906.000,0.94
1466191,1271954,221667,14,4792,906,0,0,906.000,0.94
1466191,539851,1204739,102,4750,906,0,0,906.000,0.94
1466191,539851,1088766,18,5000,906,0,0,906.000,0.94
1466191,218819,502333,28,5083,906,0,0,906.000,0.94
1466191,218819,365618,13,4792,906,0,0,906.000,0.94
1466191,795521,97964,31,5084,906,0,0,906.000,0.94
1466191,795521,1186332,15,5018,906,0,0,906.000,0.94
1470817,FAILED,FAILED,FAILED,FAILED,FAILED,FAILED,FAILED,FAILED,FAILED
1474843,217265,268743,31,6059,843,0,0,843.000,0.53
1474843,1088223,651755,8,5685,843,0,0,843.000,0.53
1474843,217265,779868,9,5875,843,0,0,843.000,0.53
1474843,1088223,216307,5,6250,843,0,0,843.000,0.53
1474843,1405534,1202717,511,5042,843,0,0,843.000,0.53
1474843,1405534,900531,18,4892,843,0,0,843.000,0.53
1474843,210613,794752,119,4917,843,0,0,843.000,0.53
1474843,210613,1306696,15,5083,843,0,0,843.000,0.53
1474843,429628,13072,23,4892,843,0,0,843.000,0.53
1474843,429628,1402157,13,4959,843,0,0,843.000,0.53
1474843,1465796,1180610,60,4709,843,0,0,843.000,0.53
1474843,92714,824747,1,4875,843,0,0,843.000,0.53
1474843,1465796,1368279,15,5018,843,0,0,843.000,0.53
1474843,92714,980394,1,4976,843,0,0,843.000,0.53
1474843,26177,1029206,283,4708,843,0,0,843.000,0.53
1474843,984718,276281,10,4833,843,0,0,843.000,0.53
1474843,26177,395609,2,5125,843,0,0,843.000,0.53
1474843,984718,567208,9,4750,843,0,0,843.000,0.53
1474843,1225077,1027165,159,4792,843,0,0,843.000,0.53
1474843,1225077,21170,14,4833,843,0,0,843.000,0.53
1474981,815190,771660,120,5333,900,0,0,900.000,0.97
1474981,815190,349150,21,5250,888,0,0,888.000,0.97
1474981,1445362,904737,284,5308,918,0,0,918.000,0.97
1474981,1445362,368232,15,5208,900,0,0,900.000,0.97
1474981,1390833,413190,388,5333,912,0,0,912.000,0.97
1474981,1390833,1367775,8,5292,924,0,0,924.000,0.97
1474981,46732,1163144,28,5292,906,0,0,906.000,0.97
1474981,1152141,765151,8,5310,930,0,0,930.000,0.97
1474981,46732,605317,7,5476,894,0,0,894.000,0.97
1474981,1152141,456561,8,5292,894,0,0,894.000,0.97
1474981,1198403,124368,363,5334,912,0,0,912.000,0.97
1474981,1198403,689724,14,5000,894,0,0,894.000,0.97
1474981,4996,356943,533,5334,888,0,0,888.000,0.97
1474981,4996,747680,9,5417,900,0,0,900.000,0.97
1474981,156344,774605,213,5143,912,0,0,912.000,0.97
1474981,156344,285829,11,5167,900,0,0,900.000,0.97
1474981,838040,794031,229,5350,930,0,0,930.000,0.97
1474981,838040,901365,13,5416,912,0,0,912.000,0.97
1474981,1169583,695327,47,11708,882,0,0,882.000,0.97
1474981,1430,3672,5,5250,912,0,0,912.000,0.97
1480433,FAILED,FAILED,FAILED,FAILED,FAILED,FAILED,FAILED,FAILED,FAILED
1480663,428837,1400302,300,4833,927,0,0,927.000,1.03
1480663,428837,5191,13,4834,927,0,0,927.000,1.03
1480663,275579,946157,145,4833,927,0,0,927.000,1.03
1480663,275579,1371415,14,4959,927,0,0,927.000,1.03
1480663,852870,1412388,738,4958,927,0,0,927.000,1.03
1480663,852870,113377,12,4767,927,0,0,927.000,1.03
1480663,1133605,122087,154,4958,927,0,0,927.000,1.03
1480663,1133605,442225,14,5041,927,0,0,927.000,1.03
1480663,187005,1108712,148,5000,927,0,0,927.000,1.03
1480663,187005,493917,13,4917,927,0,0,927.000,1.03
1480663,1170953,28021,96,5041,927,0,0,927.000,1.03
1480663,1170953,1033640,5,5142,927,0,0,927.000,1.03
1480663,906692,1364494,258,5083,927,0,0,927.000,1.03
1480663,906692,39001,14,4917,927,0,0,927.000,1.03
1480663,844966,1243310,14,4750,927,0,0,927.000,1.03
1480663,844966,1207238,12,4917,927,0,0,927.000,1.03
1480663,1166291,149846,253,4935,927,0,0,927.000,1.03
1480663,1166291,655618,15,5042,927,0,0,927.000,1.03
1480663,928075,409763,163,4791,927,0,0,927.000,1.03
1480663,928075,1159378,10,5726,927,0,0,927.000,1.03
1481033,FAILED,FAILED,FAILED,FAILED,FAILED,FAILED,FAILED,FAILED,FAILED
1482337,FAILED,FAILED,FAILED,FAILED,FAILED,FAILED,FAILED,FAILED,FAILED
1484837,909381,343509,167,5166,888,0,0,888.000,0.99
1484837,909381,1087374,17,5500,900,0,0,900.000,0.99
1484837,1133985,641871,166,5268,918,0,0,918.000,0.99
1484837,1133985,802859,13,5250,906,0,0,906.000,0.99
1484837,849343,1336956,774,5208,888,0,0,888.000,0.99
1484837,849343,720600,16,5542,918,0,0,918.000,0.99
1484837,478988,1439019,273,5334,894,0,0,894.000,0.99
1484837,478988,282415,9,5209,888,0,0,888.000,0.99
1484837,567277,411403,309,12167,894,0,0,894.000,0.99
1484837,567277,775813,34,12143,906,0,0,906.000,0.99
1484837,684281,327946,21,5250,906,0,0,906.000,0.99
1484837,684281,1471824,16,5625,900,0,0,900.000,0.99
1484837,351946,920718,233,5125,906,0,0,906.000,0.99
1484837,351946,26469,13,5417,912,0,0,912.000,0.99
1484837,88250,324536,7,5267,918,0,0,918.000,0.99
1484837,88250,331774,5,5209,894,0,0,894.000,0.99
1484837,69597,335751,325,4959,876,0,0,876.000,0.99
1484837,69597,1219163,12,5334,894,0,0,894.000,0.99
1484837,1142682,1415980,53,5125,906,0,0,906.000,0.99
1484837,1142682,968272,11,5185,894,0,0,894.000,0.99
1485199,44193,669065,43,4834,864,0,0,864.000,0.84
1485199,44193,779807,10,4875,864,0,0,864.000,0.84
1485199,540419,1441394,184,4958,864,0,0,864.000,0.84
1485199,540419,1214134,15,4959,864,0,0,864.000,0.84
1485199,336275,323144,5,5226,864,0,0,864.000,0.84
1485199,336275,625998,11,5250,864,0,0,864.000,0.84
1485199,978915,868324,462,5125,864,0,0,864.000,0.84
1485199,978915,959215,16,4666,864,0,0,864.000,0.84
1485199,411134,915343,208,5167,864,0,0,864.000,0.84
1485199,1341062,678406,14,4934,864,0,0,864.000,0.84
1485199,411134,962312,1,4976,864,0,0,864.000,0.84
1485199,1341062,1110663,19,5083,864,0,0,864.000,0.84
1485199,1036066,1187803,264,11375,864,0,0,864.000,0.84
1485199,1036066,1309915,20,11559,864,0,0,864.000,0.84
1485199,1039116,764178,766,4958,864,0,0,864.000,0.84
1485199,1039116,836920,13,4958,864,0,0,864.000,0.84
1485199,1106567,966767,24,11125,864,0,0,864.000,0.84
1485199,1106567,1376924,18,11100,864,0,0,864.000,0.84
1485199,1081470,1302059,66,11226,864,0,0,864.000,0.84
1485199,1081470,961922,28,11334,864,0,0,864.000,0.84
1486847,1309778,570436,705,4709,801,0,0,801.000,0.92
1486847,1309778,173995,20,4750,801,0,0,801.000,0.92
1486847,78735,1170498,405,4584,801,0,0,801.000,0.92
1486847,1141828,1349166,7,4708,801,0,0,801.000,0.92
1486847,78735,1227345,4,4834,801,0,0,801.000,0.92
1486847,1141828,1160515,7,4958,801,0,0,801.000,0.92
1486847,1137463,861861,163,5083,801,0,0,801.000,0.92
1486847,1137463,110217,11,4833,801,0,0,801.000,0.92
1486847,853871,719661,11,4725,801,0,0,801.000,0.92
1486847,853871,471506,13,4584,801,0,0,801.000,0.92
1486847,938117,1167626,157,4750,801,0,0,801.000,0.92
1486847,938117,908562,12,4850,801,0,0,801.000,0.92
1486847,172485,645102,406,4643,801,0,0,801.000,0.92
1486847,172485,1203102,9,4792,801,0,0,801.000,0.92
1486847,458264,1395822,115,10583,801,0,0,801.000,0.92
1486847,458264,377761,29,10542,801,0,0,801.000,0.92
1486847,453227,1346998,410,10625,801,0,0,801.000,0.92
1486847,1393586,918917,11,4917,801,0,0,801.000,0.92
1486847,1393586,1068607,12,4667,801,0,0,801.000,0.92
1486847,453227,144178,3,10500,801,0,0,801.000,0.92
1487711,1165088,212369,303,5125,885,0,0,885.000,1.57
1487711,1165088,295350,20,5125,885,0,0,885.000,1.57
1487711,290196,1148440,187,4958,885,0,0,885.000,1.57
1487711,290196,45240,11,4750,885,0,0,885.000,1.57
1487711,898889,885715,981,4917,885,0,0,885.000,1.57
1487711,898889,1460365,13,4767,885,0,0,885.000,1.57
1487711,551773,1074599,160,4875,885,0,0,885.000,1.57
1487711,551773,924122,13,4727,885,0,0,885.000,1.57
1487711,931344,853691,683,4726,885,0,0,885.000,1.57
1487711,931344,259622,9,4667,885,0,0,885.000,1.57
1487711,1069706,1053278,1195,4959,885,0,0,885.000,1.57
1487711,1069706,427696,13,5000,885,0,0,885.000,1.57
1487711,1030757,1197710,130,4917,885,0,0,885.000,1.57
1487711,1030757,215241,9,4792,885,0,0,885.000,1.57
1487711,1168959,1354527,299,11667,885,0,0,885.000,1.57
1487711,1394053,215205,5,4875,885,0,0,885.000,1.57
1487711,1394053,174747,12,4916,885,0,0,885.000,1.57
1487711,1168959,254686,27,11685,885,0,0,885.000,1.57
1487711,1313220,564774,113,4792,885,0,0,885.000,1.57
1487711,1313220,1480512,12,4709,885,0,0,885.000,1.57
1489051,1065293,1184033,198,4791,906,0,0,906.000,1.14
1489051,1065293,507097,11,5084,906,0,0,906.000,1.14
1489051,1100410,1342800,258,4875,906,0,0,906.000,1.14
1489051,1100410,622011,21,4916,906,0,0,906.000,1.14
1489051,844967,1000413,254,4958,906,0,0,906.000,1.14
1489051,844967,1368575,15,5209,906,0,0,906.000,1.14
1489051,377883,774291,275,4958,906,0,0,906.000,1.14
1489051,377883,983880,13,4833,906,0,0,906.000,1.14
1489051,39649,614252,116,5041,906,0,0,906.000,1.14
1489051,39649,1005393,16,4917,906,0,0,906.000,1.14
1489051,1210770,480757,412,4851,906,0,0,906.000,1.14
1489051,1210770,1416682,14,4833,906,0,0,906.000,1.14
1489051,195033,583812,555,11667,906,0,0,906.000,1.14
1489051,195033,1139094,25,11583,906,0,0,906.000,1.14
1489051,317069,1153332,279,4916,906,0,0,906.000,1.14
1489051,317069,1290245,17,4750,906,0,0,906.000,1.14
1489051,1081975,106464,162,4792,906,0,0,906.000,1.14
1489051,1081975,919178,14,4934,906,0,0,906.000,1.14
1489051,224595,1151363,152,4916,906,0,0,906.000,1.14
1489051,224595,132630,9,4875,906,0,0,906.000,1.14
1491013,322416,1250893,36,6375,885,0,0,885.000,0.81
1491013,322416,489709,21,6102,879,0,0,879.000,0.81
1491013,180087,1478725,75,5084,879,0,0,879.000,0.81
1491013,180087,1318547,11,5433,885,0,0,885.000,0.81
1491013,812755,741834,383,5250,897,0,0,897.000,0.81
1491013,812755,81265,10,5143,873,0,0,873.000,0.81
1491013,943784,832814,29,5125,867,0,0,867.000,0.81
1491013,943784,415157,7,5333,879,0,0,879.000,0.81
1491013,659636,42104,321,5000,879,0,0,879.000,0.81
1491013,659636,437860,12,5559,891,0,0,891.000,0.81
1491013,521331,1211219,249,5042,885,0,0,885.000,0.81
1491013,521331,1310536,19,5500,891,0,0,891.000,0.81
1491013,1120279,1032332,372,5208,897,0,0,897.000,0.81
1491013,1120279,818904,14,5417,891,0,0,891.000,0.81
1491013,1446759,485594,39,5500,873,0,0,873.000,0.81
1491013,1446759,1239365,12,5458,873,0,0,873.000,0.81
1491013,1362477,443310,112,5458,885,0,0,885.000,0.81
1491013,1362477,1278220,19,5666,897,0,0,897.000,0.81
1491013,1257215,1145527,157,5459,897,0,0,897.000,0.81
1491013,1257215,396615,10,5458,903,0,0,903.000,0.81
1491977,FAILED,FAILED,FAILED,FAILED,FAILED,FAILED,FAILED,FAILED,FAILED
1492063,49082,393602,80,6084,843,0,0,843.000,0.93
1492063,49082,61032,18,6000,843,0,0,843.000,0.93
1492063,89930,1278033,270,4958,843,0,0,843.000,0.93
1492063,89930,268212,14,4708,843,0,0,843.000,0.93
1492063,180238,1100007,268,4875,843,0,0,843.000,0.93
1492063,180238,636907,14,4834,843,0,0,843.000,0.93
1492063,751704,728690,658,4792,843,0,0,843.000,0.93
1492063,751704,1424081,13,4750,843,0,0,843.000,0.93
1492063,412791,519803,551,4667,843,0,0,843.000,0.93
1492063,412791,78610,19,4791,843,0,0,843.000,0.93
1492063,1180236,884750,19,4667,843,0,0,843.000,0.93
1492063,1180236,872868,12,4791,843,0,0,843.000,0.93
1492063,420056,924145,1,5000,843,0,0,843.000,0.93
1492063,420056,240264,22,4792,843,0,0,843.000,0.93
1492063,1294616,1214792,286,5000,843,0,0,843.000,0.93
1492063,1294616,843888,17,4625,843,0,0,843.000,0.93
1492063,356075,1315844,41,4834,843,0,0,843.000,0.93
1492063,356075,911180,15,4935,843,0,0,843.000,0.93
1492063,587149,660162,365,4851,843,0,0,843.000,0.93
1492063,587149,796134,12,4875,843,0,0,843.000,0.93
1493099,1015112,733993,191,4767,885,0,0,885.000,1.06
1493099,1089050,140429,3,4933,885,0,0,885.000,1.06
1493099,1015112,284606,15,4666,885,0,0,885.000,1.06
1493099,1089050,149329,3,4959,885,0,0,885.000,1.06
1493099,1106368,499088,581,5042,885,0,0,885.000,1.06
1493099,1106368,108292,23,4875,885,0,0,885.000,1.06
1493099,893887,260403,498,4892,885,0,0,885.000,1.06
1493099,893887,505488,14,5167,885,0,0,885.000,1.06
1493099,1311508,533267,2,4875,885,0,0,885.000,1.06
1493099,1311508,157669,12,4875,885,0,0,885.000,1.06
1493099,560832,1112665,392,4917,885,0,0,885.000,1.06
1493099,560832,83563,19,4834,885,0,0,885.000,1.06
1493099,838842,717139,521,4852,885,0,0,885.000,1.06
1493099,838842,418701,13,4917,885,0,0,885.000,1.06
1493099,486861,30416,367,4892,885,0,0,885.000,1.06
1493099,486861,1181731,5,5042,885,0,0,885.000,1.06
1493099,126943,1425652,144,4726,885,0,0,885.000,1.06
1493099,126943,822008,15,4792,885,0,0,885.000,1.06
1493099,935236,165026,1,4750,885,0,0,885.000,1.06
1493099,935236,399879,19,4792,885,0,0,885.000,1.06
1493749,147366,1018277,856,5708,990,0,0,990.000,0.86
1493749,147366,806377,12,5375,972,0,0,972.000,0.86
1493749,1135065,850396,104,5416,1002,0,0,1002.000,0.86
1493749,1135065,419277,13,5333,996,0,0,996.000,0.86
1493749,1217770,98804,156,5435,1002,0,0,1002.000,0.86
1493749,1217770,66937,11,5666,990,0,0,990.000,0.86
1493749,342086,747872,281,12850,972,0,0,972.000,0.86
1493749,342086,927362,38,13042,978,0,0,978.000,0.86
1493749,1237739,1327795,19,5250,996,0,0,996.000,0.86
1493749,1237739,709028,14,5684,984,0,0,984.000,0.86
1493749,114207,1203193,151,5292,984,0,0,984.000,0.86
1493749,114207,462668,12,5500,990,0,0,990.000,0.86
1493749,17560,1195738,14,5226,978,0,0,978.000,0.86
1493749,904690,217756,4,5393,984,0,0,984.000,0.86
1493749,17560,1355246,8,5541,984,0,0,984.000,0.86
1493749,904690,1266314,8,5709,984,0,0,984.000,0.86
1493749,1131262,550686,25,5250,978,0,0,978.000,0.86
1493749,1131262,312919,12,5334,984,0,0,984.000,0.86
1493749,466792,383068,81,5417,996,0,0,996.000,0.86
1493749,466792,308399,17,5709,996,0,0,996.000,0.86
1495463,186893,1349916,150,4958,885,0,0,885.000,0.83
1495463,186893,489742,13,4708,885,0,0,885.000,0.83
1495463,1042384,497661,41,11458,885,0,0,885.000,0.83
1495463,1042384,169347,34,11417,885,0,0,885.000,0.83
1495463,1106977,185767,74,5208,885,0,0,885.000,0.83
1495463,1106977,526636,12,5000,885,0,0,885.000,0.83
1495463,938740,1326415,231,5041,885,0,0,885.000,0.83
1495463,938740,167678,9,5167,885,0,0,885.000,0.83
1495463,467701,293948,114,5166,885,0,0,885.000,0.83
1495463,467701,1320707,7,5083,885,0,0,885.000,0.83
1495463,1284358,255443,495,4792,885,0,0,885.000,0.83
1495463,1284358,664973,18,4959,885,0,0,885.000,0.83
1495463,1087339,208356,104,5084,885,0,0,885.000,0.83
1495463,1087339,452516,18,5000,885,0,0,885.000,0.83
1495463,1414457,1165892,31,5208,885,0,0,885.000,0.83
1495463,1414457,514487,17,5041,885,0,0,885.000,0.83
1495463,1389860,1138443,64,5042,885,0,0,885.000,0.83
1495463,1389860,129268,12,4834,885,0,0,885.000,0.83
1495463,186893,237042,662,4708,885,0,0,885.000,0.83
1495463,186893,1327613,13,4958,885,0,0,885.000,0.83
1495777,FAILED,FAILED,FAILED,FAILED,FAILED,FAILED,FAILED,FAILED,FAILED
1496779,790999,259303,586,5100,927,0,0,927.000,1.19
1496779,790999,553835,11,4917,927,0,0,927.000,1.19
1496779,345741,503495,606,11976,927,0,0,927.000,1.19
1496779,345741,112292,26,11917,927,0,0,927.000,1.19
1496779,1340490,1403908,152,4834,927,0,0,927.000,1.19
1496779,1340490,1052215,12,4917,927,0,0,927.000,1.19
1496779,1267728,1213787,88,12226,927,0,0,927.000,1.19
1496779,1267728,43689,39,11917,927,0,0,927.000,1.19
1496779,644035,1419979,86,5000,927,0,0,927.000,1.19
1496779,644035,567973,16,5166,927,0,0,927.000,1.19
1496779,1410336,1018556,404,4750,927,0,0,927.000,1.19
1496779,1410336,947036,14,4935,927,0,0,927.000,1.19
1496779,37578,1462772,1025,5059,927,0,0,927.000,1.19
1496779,1300629,552775,7,4833,927,0,0,927.000,1.19
1496779,37578,557602,4,5167,927,0,0,927.000,1.19
1496779,1267728,1058766,1,4875,927,0,0,927.000,1.19
1496779,1300629,68369,3,5000,927,0,0,927.000,1.19
1496779,1267728,94488,10,4875,927,0,0,927.000,1.19
1496779,1327095,77555,25,4958,927,0,0,927.000,1.19
1496779,1327095,495085,15,4875,927,0,0,927.000,1.19
1498829,796799,1326624,906,5375,1002,0,0,1002.000,1.42
1498829,796799,1491606,19,5292,1002,0,0,1002.000,1.42
1498829,560427,595042,506,5291,996,0,0,996.000,1.42
1498829,560427,1407179,16,5750,984,0,0,984.000,1.42
1498829,204094,734623,281,5518,990,0,0,990.000,1.42
1498829,204094,43734,20,5416,978,0,0,978.000,1.42
1498829,1288133,675012,93,5417,990,0,0,990.000,1.42
1498829,1288133,1035877,14,5459,990,0,0,990.000,1.42
1498829,1412701,89988,46,5292,1008,0,0,1008.000,1.42
1498829,1412701,206002,14,5727,972,0,0,972.000,1.42
1498829,170454,1094876,90,5459,996,0,0,996.000,1.42
1498829,170454,1005097,20,5500,996,0,0,996.000,1.42
1498829,87906,797924,668,5667,1008,0,0,1008.000,1.42
1498829,87906,1247552,10,5541,990,0,0,990.000,1.42
1498829,701665,1127127,733,5334,972,0,0,972.000,1.42
1498829,701665,687034,13,5541,972,0,0,972.000,1.42
1498829,423543,30832,95,5167,990,0,0,990.000,1.42
1498829,423543,638123,9,5500,1002,0,0,1002.000,1.42
1498829,139686,824578,31,5308,984,0,0,984.000,1.42
1498829,139686,634517,7,5292,990,0,0,990.000,1.42
1499321,FAILED,FAILED,FAILED,FAILED,FAILED,FAILED,FAILED,FAILED,FAILED
1499933,821102,808172,115,5375,939,0,0,939.000,1.13
1499933,821102,858183,19,5709,927,0,0,927.000,1.13
1499933,181298,1162486,27,5500,933,0,0,933.000,1.13
1499933,181298,443600,17,5683,939,0,0,939.000,1.13
1499933,451521,655042,795,5417,939,0,0,939.000,1.13
1499933,451521,620046,15,5685,909,0,0,909.000,1.13
1499933,1158062,1154148,210,5625,933,0,0,933.000,1.13
1499933,1158062,929655,7,5667,939,0,0,939.000,1.13
1499933,985397,52228,23,5291,933,0,0,933.000,1.13
1499933,985397,612824,15,5417,939,0,0,939.000,1.13
1499933,1027400,526494,79,5708,945,0,0,945.000,1.13
1499933,1027400,399545,16,5517,933,0,0,933.000,1.13
1499933,1103076,603005,719,5375,927,0,0,927.000,1.13
1499933,1103076,1016564,16,5416,945,0,0,945.000,1.13
1499933,980304,691336,230,5125,915,0,0,915.000,1.13
1499933,980304,336198,12,5250,939,0,0,939.000,1.13
1499933,731786,1038065,148,5375,927,0,0,927.000,1.13
1499933,731786,170030,18,5583,939,0,0,939.000,1.13
1499933,1166361,826433,336,5333,939,0,0,939.000,1.13
1499933,1166361,773565,12,5375,927,0,0,927.000,1.13
1506551,656020,954702,418,5041,969,0,0,969.000,1.97
1506551,656020,1424859,6,4833,969,0,0,969.000,1.97
1506551,496885,326201,184,4959,969,0,0,969.000,1.97
1506551,496885,1065322,8,5041,969,0,0,969.000,1.97
1506551,605053,562005,979,5125,969,0,0,969.000,1.97
1506551,605053,467902,21,4959,969,0,0,969.000,1.97
1506551,1318234,235658,1141,5333,969,0,0,969.000,1.97
1506551,1318234,1442277,14,5060,969,0,0,969.000,1.97
1506551,1373601,595251,599,5166,969,0,0,969.000,1.97
1506551,1373601,1212716,11,4917,969,0,0,969.000,1.97
1506551,1297965,6797,150,4958,969,0,0,969.000,1.97
1506551,1297965,367503,12,5167,969,0,0,969.000,1.97
1506551,395323,428014,113,5125,969,0,0,969.000,1.97
1506551,395323,1352345,20,5125,969,0,0,969.000,1.97
1506551,75289,1068732,943,5100,969,0,0,969.000,1.97
1506551,75289,1425526,13,4750,969,0,0,969.000,1.97
1506551,1288005,1460931,192,4917,969,0,0,969.000,1.97
1506551,233208,1006656,13,12250,969,0,0,969.000,1.97
1506551,1288005,690927,7,5059,969,0,0,969.000,1.97
1506551,233208,1436894,25,12017,969,0,0,969.000,1.97
1507837,1375502,865055,450,5209,861,0,0,861.000,1.77
1507837,1375502,734917,15,5375,843,0,0,843.000,1.77
1507837,1062687,468068,145,4875,819,0,0,819.000,1.77
1507837,1062687,811013,20,5458,837,0,0,837.000,1.77
1507837,1418624,1193276,429,5208,843,0,0,843.000,1.77
1507837,1418624,274169,7,5142,825,0,0,825.000,1.77
1507837,216376,773110,210,5084,861,0,0,861.000,1.77
1507837,216376,1268652,13,5225,855,0,0,855.000,1.77
1507837,87312,1237045,203,5125,825,0,0,825.000,1.77
1507837,87312,368677,14,5291,849,0,0,849.000,1.77
1507837,1492524,339720,253,5083,843,0,0,843.000,1.77
1507837,1492524,152541,12,5208,855,0,0,855.000,1.77
1507837,136308,370109,592,5208,831,0,0,831.000,1.77
1507837,136308,313088,14,5267,849,0,0,849.000,1.77
1507837,580157,1469842,927,5185,837,0,0,837.000,1.77
1507837,580157,1298023,12,5167,849,0,0,849.000,1.77
1507837,772821,1144808,1155,5042,843,0,0,843.000,1.77
1507837,772821,687808,12,5125,837,0,0,837.000,1.77
1507837,586176,1127805,205,5225,843,0,0,843.000,1.77
1507837,586176,1492089,18,5250,831,0,0,831.000,1.77
1508719,279335,347903,991,4834,864,0,0,864.000,1.55
1508719,279335,89603,13,4834,864,0,0,864.000,1.55
1508719,1495293,690677,243,4709,864,0,0,864.000,1.55
1508719,1495293,570668,12,4791,864,0,0,864.000,1.55
1508719,631782,52660,854,4792,864,0,0,864.000,1.55
1508719,631782,1421246,18,4667,864,0,0,864.000,1.55
1508719,214846,1391507,335,4792,864,0,0,864.000,1.55
1508719,214846,976575,14,4933,864,0,0,864.000,1.55
1508719,1071874,923820,226,4916,864,0,0,864.000,1.55
1508719,1071874,478260,8,4833,864,0,0,864.000,1.55
1508719,1150788,1008800,151,4833,864,0,0,864.000,1.55
1508719,1150788,829265,12,4917,864,0,0,864.000,1.55
1508719,1301509,968804,864,4792,864,0,0,864.000,1.55
1508719,1301509,843239,11,4917,864,0,0,864.000,1.55
1508719,20722,16107,112,5042,864,0,0,864.000,1.55
1508719,20722,1388711,15,4850,864,0,0,864.000,1.55
1508719,450175,836723,207,4667,864,0,0,864.000,1.55
1508719,450175,526959,10,4791,864,0,0,864.000,1.55
1508719,1383058,317695,108,4958,864,0,0,864.000,1.55
1508719,1383058,525929,19,4791,864,0,0,864.000,1.55
1508977,FAILED,FAILED,FAILED,FAILED,FAILED,FAILED,FAILED,FAILED,FAILED
1512299,1392865,969817,381,4875,906,0,0,906.000,0.83
1512299,1392865,805824,23,4792,906,0,0,906.000,0.83
1512299,1179442,1272420,113,4834,906,0,0,906.000,0.83
1512299,1179442,485420,15,4917,906,0,0,906.000,0.83
1512299,48444,636261,29,11393,906,0,0,906.000,0.83
1512299,48444,545907,43,11416,906,0,0,906.000,0.83
1512299,909759,333449,123,4958,906,0,0,906.000,0.83
1512299,909759,869966,24,4750,906,0,0,906.000,0.83
1512299,563075,22068,251,5000,906,0,0,906.000,0.83
1512299,563075,1463478,10,5000,906,0,0,906.000,0.83
1512299,1499806,1372422,292,4893,906,0,0,906.000,0.83
1512299,1499806,1306136,11,5000,906,0,0,906.000,0.83
1512299,1470447,428980,210,4792,906,0,0,906.000,0.83
1512299,1470447,254743,13,4750,906,0,0,906.000,0.83
1512299,283780,64600,333,4875,906,0,0,906.000,0.83
1512299,283780,522677,13,4959,906,0,0,906.000,0.83
1512299,829343,1356200,7,4834,906,0,0,906.000,0.83
1512299,829343,1288623,16,4834,906,0,0,906.000,0.83
1512299,1193778,1294753,133,4976,906,0,0,906.000,0.83
1512299,1193778,1039262,9,4833,906,0,0,906.000,0.83
1513511,1419910,397971,247,4750,843,0,0,843.000,0.54
1513511,1419910,978919,13,4750,843,0,0,843.000,0.54
1513511,40270,1060072,41,4958,843,0,0,843.000,0.54
1513511,40270,454119,9,4808,843,0,0,843.000,0.54
1513511,742367,453365,267,4750,843,0,0,843.000,0.54
1513511,742367,234307,17,4976,843,0,0,843.000,0.54
1513511,1069466,85469,141,4834,843,0,0,843.000,0.54
1513511,1069466,639719,12,5084,843,0,0,843.000,0.54
1513511,1174337,1296002,140,4625,843,0,0,843.000,0.54
1513511,1174337,892846,15,4792,843,0,0,843.000,0.54
1513511,832417,994252,29,5083,843,0,0,843.000,0.54
1513511,832417,731012,14,4958,843,0,0,843.000,0.54
1513511,623662,1313136,44,11083,843,0,0,843.000,0.54
1513511,623662,48599,24,11042,843,0,0,843.000,0.54
1513511,1181116,1438054,18,4934,843,0,0,843.000,0.54
1513511,1181116,550084,10,4625,843,0,0,843.000,0.54
1513511,569130,630156,218,5000,843,0,0,843.000,0.54
1513511,569130,274980,19,4917,843,0,0,843.000,0.54
1513511,632569,1103285,74,4833,843,0,0,843.000,0.54
1513511,632569,968217,15,4708,843,0,0,843.000,0.54
1514027,1468666,689342,381,5000,885,0,0,885.000,1.49
1514027,1468666,382875,11,5417,885,0,0,885.000,1.49
1514027,54432,102602,930,4750,885,0,0,885.000,1.49
1514027,54432,896605,8,4834,885,0,0,885.000,1.49
1514027,1370050,1344635,38,4852,885,0,0,885.000,1.49
1514027,1370050,666097,10,4917,885,0,0,885.000,1.49
1514027,1252017,581859,619,4750,885,0,0,885.000,1.49
1514027,1252017,486062,10,4750,885,0,0,885.000,1.49
1514027,324260,1250495,159,4833,885,0,0,885.000,1.49
1514027,324260,558505,12,4958,885,0,0,885.000,1.49
1514027,1467562,585343,834,4833,885,0,0,885.000,1.49
1514027,1467562,46657,17,4917,885,0,0,885.000,1.49
1514027,463791,761505,116,4750,885,0,0,885.000,1.49
1514027,463791,902411,7,4709,885,0,0,885.000,1.49
1514027,293327,1114452,159,4667,885,0,0,885.000,1.49
1514027,293327,648423,15,4833,885,0,0,885.000,1.49
1514027,275997,1299503,248,4750,885,0,0,885.000,1.49
1514027,275997,1447125,14,4792,885,0,0,885.000,1.49
1514027,902579,1376702,164,4959,885,0,0,885.000,1.49
1514027,902579,203925,12,4959,885,0,0,885.000,1.49
1514099,166519,963964,375,4792,906,0,0,906.000,2.59
1514099,166519,1249225,11,4875,906,0,0,906.000,2.59
1514099,1013945,422154,2039,4875,906,0,0,906.000,2.59
1514099,1013945,720307,18,4792,906,0,0,906.000,2.59
1514099,1285179,1141982,848,4834,906,0,0,906.000,2.59
1514099,1285179,1511264,7,4959,906,0,0,906.000,2.59
1514099,715255,1276568,799,4833,906,0,0,906.000,2.59
1514099,715255,382350,13,4977,906,0,0,906.000,2.59
1514099,1160441,959836,560,11958,906,0,0,906.000,2.59
1514099,1160441,396821,21,11708,906,0,0,906.000,2.59
1514099,715255,1089883,77,4934,906,0,0,906.000,2.59
1514099,715255,127392,13,4958,906,0,0,906.000,2.59
1514099,928623,117859,81,11809,906,0,0,906.000,2.59
1514099,928623,238361,25,11542,906,0,0,906.000,2.59
1514099,90028,257922,1112,4833,906,0,0,906.000,2.59
1514099,90028,1107527,4,4834,906,0,0,906.000,2.59
1514099,1034786,1010021,7,11416,906,0,0,906.000,2.59
1514099,1034786,64194,36,11643,906,0,0,906.000,2.59
1514099,501363,476621,654,5250,906,0,0,906.000,2.59
1514099,501363,64474,12,4934,906,0,0,906.000,2.59
1514399,743075,1380995,464,4809,885,0,0,885.000,1.84
1514399,743075,1395109,15,4791,885,0,0,885.000,1.84
1514399,1005419,687687,509,4833,885,0,0,885.000,1.84
1514399,1005419,351891,12,4708,885,0,0,885.000,1.84
1514399,830169,984742,410,4959,885,0,0,885.000,1.84
1514399,830169,15853,14,4791,885,0,0,885.000,1.84
1514399,701474,765568,129,5042,885,0,0,885.000,1.84
1514399,701474,1270146,17,4667,885,0,0,885.000,1.84
1514399,1287378,1453955,1174,4892,885,0,0,885.000,1.84
1514399,1287378,1294661,9,4792,885,0,0,885.000,1.84
1514399,508077,1040996,232,11334,885,0,0,885.000,1.84
1514399,508077,742406,22,11350,885,0,0,885.000,1.84
1514399,158940,1481792,47,4791,885,0,0,885.000,1.84
1514399,158940,480435,18,5041,885,0,0,885.000,1.84
1514399,504529,593893,69,4792,885,0,0,885.000,1.84
1514399,504529,633969,9,4750,885,0,0,885.000,1.84
1514399,1158005,179909,47,4666,885,0,0,885.000,1.84
1514399,1158005,605901,16,4958,885,0,0,885.000,1.84
1514399,770992,1363539,837,4834,885,0,0,885.000,1.84
1514399,770992,1246560,12,4916,885,0,0,885.000,1.84
1517647,1099980,98690,120,4666,843,0,0,843.000,0.59
1517647,1099980,452576,10,4625,843,0,0,843.000,0.59
1517647,965623,302181,43,11166,843,0,0,843.000,0.59
1517647,965623,326747,24,11125,843,0,0,843.000,0.59
1517647,1267567,608539,30,4709,843,0,0,843.000,0.59
1517647,1267567,960139,9,4750,843,0,0,843.000,0.59
1517647,927577,580899,74,4792,843,0,0,843.000,0.59
1517647,927577,1461196,16,4916,843,0,0,843.000,0.59
1517647,630542,911970,114,4750,843,0,0,843.000,0.59
1517647,630542,587421,19,4768,843,0,0,843.000,0.59
1517647,807606,447292,109,4625,843,0,0,843.000,0.59
1517647,807606,1031270,16,4875,843,0,0,843.000,0.59
1517647,111141,1332713,99,4958,843,0,0,843.000,0.59
1517647,111141,777689,24,5167,843,0,0,843.000,0.59
1517647,1105606,521376,25,4666,843,0,0,843.000,0.59
1517647,1105606,411272,13,4792,843,0,0,843.000,0.59
1517647,128846,1193519,32,4708,843,0,0,843.000,0.59
1517647,128846,1322146,20,4833,843,0,0,843.000,0.59
1517647,1454013,50017,535,5042,843,0,0,843.000,0.59
1517647,1454013,1386764,13,5125,843,0,0,843.000,0.59
1518883,807531,1002518,111,5000,885,0,0,885.000,1.01
1518883,807531,959404,11,5059,885,0,0,885.000,1.01
1518883,1263793,525326,619,4875,885,0,0,885.000,1.01
1518883,1263793,42437,6,4958,885,0,0,885.000,1.01
1518883,1252287,928763,41,4875,885,0,0,885.000,1.01
1518883,1252287,357444,14,4709,885,0,0,885.000,1.01
1518883,679282,1048567,155,11250,885,0,0,885.000,1.01
1518883,679282,548168,39,11417,885,0,0,885.000,1.01
1518883,607496,1226713,501,5167,885,0,0,885.000,1.01
1518883,607496,187785,5,4750,885,0,0,885.000,1.01
1518883,960472,544997,195,4851,885,0,0,885.000,1.01
1518883,960472,1205364,9,5083,885,0,0,885.000,1.01
1518883,1272275,890473,262,12708,885,0,0,885.000,1.01
1518883,1302638,334510,17,4976,885,0,0,885.000,1.01
1518883,1272275,1003707,11,11227,885,0,0,885.000,1.01
1518883,1302638,706364,3,4834,885,0,0,885.000,1.01
1518883,1496446,759899,65,4642,885,0,0,885.000,1.01
1518883,1496446,211815,8,4666,885,0,0,885.000,1.01
1518883,1444638,938311,4,11434,885,0,0,885.000,1.01
1518883,1444638,792171,17,11667,885,0,0,885.000,1.01
1520221,27637,138369,35,6333,921,0,0,921.000,0.97
1520221,27637,113666,13,6791,933,0,0,933.000,0.97
1520221,266312,899358,5,6334,921,0,0,921.000,0.97
1520221,266312,1468873,18,5375,939,0,0,939.000,0.97
1520221,1008038,281410,12,5100,939,0,0,939.000,0.97
1520221,1008038,788659,12,5292,915,0,0,915.000,0.97
1520221,1348655,49471,130,5083,921,0,0,921.000,0.97
1520221,1348655,813880,13,5142,909,0,0,909.000,0.97
1520221,770992,944315,297,4958,909,0,0,909.000,0.97
1520221,770992,147629,12,5292,927,0,0,927.000,0.97
1520221,91144,1320405,548,5083,921,0,0,921.000,0.97
1520221,91144,286692,8,5208,915,0,0,915.000,0.97
1520221,410923,1173996,260,5102,933,0,0,933.000,0.97
1520221,410923,856808,14,5250,927,0,0,927.000,0.97
1520221,612491,747774,375,5083,921,0,0,921.000,0.97
1520221,612491,867280,13,5125,927,0,0,927.000,0.97
1520221,586238,1241430,412,5500,939,0,0,939.000,0.97
1520221,586238,1281543,10,5500,945,0,0,945.000,0.97
1520221,952972,38293,50,5125,939,0,0,939.000,0.97
1520221,952972,1319059,15,5250,933,0,0,933.000,0.97
1520639,1398493,989146,151,4916,822,0,0,822.000,0.93
1520639,434342,640565,4,11017,822,0,0,822.000,0.93
1520639,1398493,1294095,12,4833,822,0,0,822.000,0.93
1520639,434342,33465,10,10917,822,0,0,822.000,0.93
1520639,921691,820432,288,4666,822,0,0,822.000,0.93
1520639,921691,1314518,8,4810,822,0,0,822.000,0.93
1520639,689016,40533,561,10959,822,0,0,822.000,0.93
1520639,689016,354913,37,10917,822,0,0,822.000,0.93
1520639,964878,158733,9,4684,822,0,0,822.000,0.93
1520639,964878,1207373,16,5209,822,0,0,822.000,0.93
1520639,898937,307838,205,4750,822,0,0,822.000,0.93
1520639,898937,738936,12,5000,822,0,0,822.000,0.93
1520639,766021,1240392,159,4625,822,0,0,822.000,0.93
1520639,766021,96687,10,4666,822,0,0,822.000,0.93
1520639,1318730,447576,65,10792,822,0,0,822.000,0.93
1520639,1318730,870500,35,10851,822,0,0,822.000,0.93
1520639,1127969,1474291,640,4750,822,0,0,822.000,0.93
1520639,1127969,1172390,9,4792,822,0,0,822.000,0.93
1520639,734818,222546,98,4809,822,0,0,822.000,0.93
1520639,734818,1515306,12,4625,822,0,0,822.000,0.93
1523567,380051,700949,150,5042,948,0,0,948.000,0.65
1523567,380051,1339823,15,5125,948,0,0,948.000,0.65
1523567,1211679,1136642,28,4767,948,0,0,948.000,0.65
1523567,1211679,1102362,10,5083,948,0,0,948.000,0.65
1523567,139896,282698,89,5041,948,0,0,948.000,0.65
1523567,139896,950792,16,4916,948,0,0,948.000,0.65
1523567,98274,418117,532,11958,948,0,0,948.000,0.65
1523567,98274,161142,28,12100,948,0,0,948.000,0.65
1523567,635065,923703,44,4959,948,0,0,948.000,0.65
1523567,592097,694919,7,4916,948,0,0,948.000,0.65
1523567,635065,1136726,8,5500,948,0,0,948.000,0.65
1523567,592097,399682,4,4916,948,0,0,948.000,0.65
1523567,631852,741261,271,5084,948,0,0,948.000,0.65
1523567,631852,137026,7,5041,948,0,0,948.000,0.65
1523567,1464902,1044208,177,5351,948,0,0,948.000,0.65
1523567,1464902,479610,8,4833,948,0,0,948.000,0.65
1523567,17456,889898,46,4917,948,0,0,948.000,0.65
1523567,17456,797256,14,4976,948,0,0,948.000,0.65
1523567,1419224,27324,88,4850,948,0,0,948.000,0.65
1523567,1419224,895517,12,5042,948,0,0,948.000,0.65
1523749,1220568,125873,144,5083,885,0,0,885.000,0.81
1523749,1220568,815886,12,5083,885,0,0,885.000,0.81
1523749,592321,1288263,475,5333,879,0,0,879.000,0.81
1523749,592321,580686,13,5417,879,0,0,879.000,0.81
1523749,264874,32344,151,5292,885,0,0,885.000,0.81
1523749,264874,1459231,13,5167,885,0,0,885.000,0.81
1523749,45935,1512830,36,5000,879,0,0,879.000,0.81
1523749,45935,789171,19,5250,885,0,0,885.000,0.81
1523749,1139857,778853,173,5142,897,0,0,897.000,0.81
1523749,1139857,933481,13,5208,891,0,0,891.000,0.81
1523749,701821,965762,53,5083,885,0,0,885.000,0.81
1523749,701821,1156748,10,5268,891,0,0,891.000,0.81
1523749,603770,1284454,58,5209,885,0,0,885.000,0.81
1523749,603770,1275047,8,5267,873,0,0,873.000,0.81
1523749,607765,1089822,466,5541,903,0,0,903.000,0.81
1523749,607765,1337209,18,5417,891,0,0,891.000,0.81
1523749,1016007,154724,108,5250,891,0,0,891.000,0.81
1523749,1016007,385663,14,5458,897,0,0,897.000,0.81
1523749,827100,1445605,94,5208,885,0,0,885.000,0.81
1523749,827100,920372,15,5518,891,0,0,891.000,0.81
1524023,354817,1416729,155,5125,864,0,0,864.000,1.15
1524023,354817,966014,17,5166,864,0,0,864.000,1.15
1524023,1796,117549,261,4666,864,0,0,864.000,1.15
1524023,1796,816414,9,4833,864,0,0,864.000,1.15
1524023,523850,1348276,109,5041,864,0,0,864.000,1.15
1524023,523850,980057,14,4875,864,0,0,864.000,1.15
1524023,1293131,1299600,58,4875,864,0,0,864.000,1.15
1524023,1293131,1246537,13,5125,864,0,0,864.000,1.15
1524023,621375,93554,46,11708,864,0,0,864.000,1.15
1524023,621375,1336683,27,11227,864,0,0,864.000,1.15
1524023,140690,1350330,300,4875,864,0,0,864.000,1.15
1524023,140690,871956,10,5184,864,0,0,864.000,1.15
1524023,614282,823949,632,5000,864,0,0,864.000,1.15
1524023,614282,795272,13,4792,864,0,0,864.000,1.15
1524023,267907,316398,660,4808,864,0,0,864.000,1.15
1524023,267907,626145,12,4750,864,0,0,864.000,1.15
1524023,731334,1389449,243,5042,864,0,0,864.000,1.15
1524023,731334,1387193,21,4958,864,0,0,864.000,1.15
1524023,937841,917323,148,11500,864,0,0,864.000,1.15
1524023,937841,240264,35,11434,864,0,0,864.000,1.15
1526339,448427,496021,722,4893,864,0,0,864.000,2.31
1526339,448427,368613,11,4667,864,0,0,864.000,2.31
1526339,1097471,1513873,1246,11625,864,0,0,864.000,2.31
1526339,1097471,1429788,34,11268,864,0,0,864.000,2.31
1526339,942602,1371449,261,4750,864,0,0,864.000,2.31
1526339,942602,1159069,10,4834,864,0,0,864.000,2.31
1526339,482164,139018,280,5393,864,0,0,864.000,2.31
1526339,482164,1320976,18,5166,864,0,0,864.000,2.31
1526339,742787,981643,220,5083,864,0,0,864.000,2.31
1526339,742787,69363,11,4791,864,0,0,864.000,2.31
1526339,1246571,1378120,1547,4833,864,0,0,864.000,2.31
1526339,1246571,1007860,11,4750,864,0,0,864.000,2.31
1526339,1011584,34452,116,11476,864,0,0,864.000,2.31
1526339,1011584,301719,28,11458,864,0,0,864.000,2.31
1526339,1309737,110840,14,11583,864,0,0,864.000,2.31
1526339,1309737,377267,20,11393,864,0,0,864.000,2.31
1526339,1367346,1064953,310,4834,864,0,0,864.000,2.31
1526339,1367346,636502,9,4792,864,0,0,864.000,2.31
1526339,912429,1436085,583,4917,864,0,0,864.000,2.31
1526339,912429,1203774,12,4917,864,0,0,864.000,2.31
1527313,FAILED,FAILED,FAILED,FAILED,FAILED,FAILED,FAILED,FAILED,FAILED
1527629,1376066,760776,26,6500,963,0,0,963.000,1.50
1527629,1376066,1512444,24,6959,975,0,0,975.000,1.50
1527629,42548,1305297,83,5541,975,0,0,975.000,1.50
1527629,42548,199579,12,5667,981,0,0,981.000,1.50
1527629,1186358,1009609,183,5125,951,0,0,951.000,1.50
1527629,1186358,1226599,6,5583,975,0,0,975.000,1.50
1527629,829174,191282,4,5458,975,0,0,975.000,1.50
1527629,829174,369504,9,5518,975,0,0,975.000,1.50
1527629,11132,137850,466,5250,969,0,0,969.000,1.50
1527629,11132,302412,23,5500,957,0,0,957.000,1.50
1527629,547783,309193,1790,12476,963,0,0,963.000,1.50
1527629,547783,1506699,24,12458,951,0,0,951.000,1.50
1527629,337638,1500913,313,5500,981,0,0,981.000,1.50
1527629,1027591,1378434,4,5417,975,0,0,975.000,1.50
1527629,337638,384158,6,5583,975,0,0,975.000,1.50
1527629,1027591,52679,5,5292,963,0,0,963.000,1.50
1527629,824148,871814,530,5750,975,0,0,975.000,1.50
1527629,824148,1221495,12,5875,963,0,0,963.000,1.50
1527629,1342852,698188,9,5292,957,0,0,957.000,1.50
1527629,1342852,835534,14,5583,969,0,0,969.000,1.50
1530779,984506,121702,107,5042,948,0,0,948.000,0.80
1530779,984506,972167,12,4917,948,0,0,948.000,0.80
1530779,1327380,1414784,38,12250,948,0,0,948.000,0.80
1530779,1327380,96430,29,11934,948,0,0,948.000,0.80
1530779,1361276,366024,424,4833,948,0,0,948.000,0.80
1530779,1361276,803015,18,5017,948,0,0,948.000,0.80
1530779,737467,1227970,272,5042,948,0,0,948.000,0.80
1530779,737467,1485627,10,4833,948,0,0,948.000,0.80
1530779,977847,479523,33,5250,948,0,0,948.000,0.80
1530779,977847,660777,13,5333,948,0,0,948.000,0.80
1530779,855146,804704,101,5375,948,0,0,948.000,0.80
1530779,855146,276020,19,5125,948,0,0,948.000,0.80
1530779,832911,603466,5,12268,948,0,0,948.000,0.80
1530779,832911,200649,25,12292,948,0,0,948.000,0.80
1530779,1513293,847246,77,4750,948,0,0,948.000,0.80
1530779,1513293,499009,17,5000,948,0,0,948.000,0.80
1530779,985393,613532,405,4917,948,0,0,948.000,0.80
1530779,985393,82958,15,4809,948,0,0,948.000,0.80
1530779,963711,613463,241,5142,948,0,0,948.000,0.80
1530779,1492529,934722,11,4917,948,0,0,948.000,0.80
1537721,FAILED,FAILED,FAILED,FAILED,FAILED,FAILED,FAILED,FAILED,FAILED
1541209,FAILED,FAILED,FAILED,FAILED,FAILED,FAILED,FAILED,FAILED,FAILED
1542071,871418,996798,121,4958,927,0,0,927.000,0.78
1542071,871418,136798,13,4975,927,0,0,927.000,0.78
1542071,672619,778457,89,12018,927,0,0,927.000,0.78
1542071,672619,1212399,31,11916,927,0,0,927.000,0.78
1542071,366275,882569,51,11935,927,0,0,927.000,0.78
1542071,366275,1474212,34,12125,927,0,0,927.000,0.78
1542071,1368203,1172572,240,4875,927,0,0,927.000,0.78
1542071,1368203,364827,6,5042,927,0,0,927.000,0.78
1542071,1468791,389153,17,4833,927,0,0,927.000,0.78
1542071,1468791,720986,8,5208,927,0,0,927.000,0.78
1542071,128134,747968,513,5000,927,0,0,927.000,0.78
1542071,128134,930444,11,5209,927,0,0,927.000,0.78
1542071,272607,1158921,84,5209,927,0,0,927.000,0.78
1542071,272607,404996,17,5042,927,0,0,927.000,0.78
1542071,627995,542347,105,4917,927,0,0,927.000,0.78
1542071,533480,1220501,9,5018,927,0,0,927.000,0.78
1542071,627995,134390,2,5227,927,0,0,927.000,0.78
1542071,533480,420709,10,5208,927,0,0,927.000,0.78
1542071,638676,1445387,496,5125,927,0,0,927.000,0.78
1542071,638676,346840,18,4850,927,0,0,927.000,0.78
1542841,FAILED,FAILED,FAILED,FAILED,FAILED,FAILED,FAILED,FAILED,FAILED
1542991,175927,142499,219,5059,885,0,0,885.000,0.94
1542991,175927,530850,18,5042,885,0,0,885.000,0.94
1542991,205755,547776,113,4833,885,0,0,885.000,0.94
1542991,205755,1353488,19,5041,885,0,0,885.000,0.94
1542991,1008642,222964,189,4750,885,0,0,885.000,0.94
1542991,1008642,1518615,11,4767,885,0,0,885.000,0.94
1542991,966482,751748,599,5041,885,0,0,885.000,0.94
1542991,966482,293073,12,5000,885,0,0,885.000,0.94
1542991,1445181,1133747,136,5000,885,0,0,885.000,0.94
1542991,1445181,217492,13,4667,885,0,0,885.000,0.94
1542991,150483,883101,505,4792,885,0,0,885.000,0.94
1542991,150483,1096571,6,4875,885,0,0,885.000,0.94
1542991,898689,1321953,297,11708,885,0,0,885.000,0.94
1542991,910449,1152500,7,4976,885,0,0,885.000,0.94
1542991,910449,668191,15,4833,885,0,0,885.000,0.94
1542991,898689,747963,7,11517,885,0,0,885.000,0.94
1542991,861741,1229905,85,4750,885,0,0,885.000,0.94
1542991,861741,655300,15,4916,885,0,0,885.000,0.94
1542991,253116,1161948,168,4834,885,0,0,885.000,0.94
1542991,253116,89646,12,5042,885,0,0,885.000,0.94
1544659,139806,179479,357,4833,906,0,0,906.000,0.73
1544659,139806,1474757,16,4892,906,0,0,906.000,0.73
1544659,990062,398848,213,5042,906,0,0,906.000,0.73
1544659,990062,495438,14,4875,906,0,0,906.000,0.73
1544659,883584,1468141,168,4833,906,0,0,906.000,0.73
1544659,1336204,1145634,6,4792,906,0,0,906.000,0.73
1544659,883584,1395013,8,4750,906,0,0,906.000,0.73
1544659,1336204,1296849,1,4958,906,0,0,906.000,0.73
1544659,855079,1398779,141,4833,906,0,0,906.000,0.73
1544659,855079,897401,8,4833,906,0,0,906.000,0.73
1544659,614395,766149,29,4892,906,0,0,906.000,0.73
1544659,614395,53054,10,5000,906,0,0,906.000,0.73
1544659,658286,232835,450,4833,906,0,0,906.000,0.73
1544659,658286,1449547,13,5059,906,0,0,906.000,0.73
1544659,784071,515856,156,11791,906,0,0,906.000,0.73
1544659,591408,507991,22,5166,906,0,0,906.000,0.73
1544659,784071,469907,12,11517,906,0,0,906.000,0.73
1544659,591408,1479306,4,4975,906,0,0,906.000,0.73
1544659,1354666,1048571,149,5000,906,0,0,906.000,0.73
1544659,1354666,1498278,16,4958,906,0,0,906.000,0.73
1546361,FAILED,FAILED,FAILED,FAILED,FAILED,FAILED,FAILED,FAILED,FAILED
1548983,868194,1352548,69,6184,906,0,0,906.000,0.76
1548983,868194,113883,16,5750,906,0,0,906.000,0.76
1548983,293356,228895,161,4767,906,0,0,906.000,0.76
1548983,293356,865980,10,4916,906,0,0,906.000,0.76
1548983,514348,1062469,52,4708,906,0,0,906.000,0.76
1548983,514348,1079675,16,5000,906,0,0,906.000,0.76
1548983,682299,667063,213,11683,906,0,0,906.000,0.76
1548983,682299,1198902,34,11625,906,0,0,906.000,0.76
1548983,456279,609552,137,5167,906,0,0,906.000,0.76
1548983,456279,1392538,16,5042,906,0,0,906.000,0.76
1548983,1314765,1298831,181,4893,906,0,0,906.000,0.76
1548983,1314765,1138122,12,5083,906,0,0,906.000,0.76
1548983,342800,794913,133,11434,906,0,0,906.000,0.76
1548983,342800,14316,28,11917,906,0,0,906.000,0.76
1548983,1361698,1092422,22,4875,906,0,0,906.000,0.76
1548983,1361698,247031,7,5059,906,0,0,906.000,0.76
1548983,1145240,521890,278,4875,906,0,0,906.000,0.76
1548983,1145240,620558,22,5125,906,0,0,906.000,0.76
1548983,1111203,1048535,456,4875,906,0,0,906.000,0.76
1548983,1111203,961172,12,4917,906,0,0,906.000,0.76
1549087,326159,1527873,72,6208,864,0,0,864.000,1.18
1549087,326159,764056,12,5083,864,0,0,864.000,1.18
1549087,1248948,138060,227,4726,864,0,0,864.000,1.18
1549087,1248948,1491600,21,4959,864,0,0,864.000,1.18
1549087,718755,1004484,623,4917,864,0,0,864.000,1.18
1549087,718755,574226,8,4750,864,0,0,864.000,1.18
1549087,54991,736188,82,4750,864,0,0,864.000,1.18
1549087,54991,139165,15,4750,864,0,0,864.000,1.18
1549087,863737,398785,582,4833,864,0,0,864.000,1.18
1549087,863737,543325,6,4935,864,0,0,864.000,1.18
1549087,960750,1251123,81,4916,864,0,0,864.000,1.18
1549087,960750,1069055,14,4808,864,0,0,864.000,1.18
1549087,911372,828872,376,11183,864,0,0,864.000,1.18
1549087,562844,1311709,28,4708,864,0,0,864.000,1.18
1549087,911372,351086,5,11375,864,0,0,864.000,1.18
1549087,562844,254596,6,4875,864,0,0,864.000,1.18
1549087,1098962,744766,423,5000,864,0,0,864.000,1.18
1549087,1098962,1114203,12,4750,864,0,0,864.000,1.18
1549087,420604,1475187,169,4750,864,0,0,864.000,1.18
1549087,420604,911985,10,4917,864,0,0,864.000,1.18
1551793,FAILED,FAILED,FAILED,FAILED,FAILED,FAILED,FAILED,FAILED,FAILED
1552843,269957,1455809,404,11892,927,0,0,927.000,2.44
1552843,269957,687573,31,11833,927,0,0,927.000,2.44
1552843,787053,1431156,46,11768,927,0,0,927.000,2.44
1552843,787053,692613,19,12250,927,0,0,927.000,2.44
1552843,497532,843774,460,5017,927,0,0,927.000,2.44
1552843,497532,611565,18,5292,927,0,0,927.000,2.44
1552843,751364,1185759,624,4959,927,0,0,927.000,2.44
1552843,751364,462499,6,5250,927,0,0,927.000,2.44
1552843,236503,1475483,600,4791,927,0,0,927.000,2.44
1552843,236503,361505,14,5000,927,0,0,927.000,2.44
1552843,598662,1110947,518,5000,927,0,0,927.000,2.44
1552843,598662,219755,12,4833,927,0,0,927.000,2.44
1552843,570238,1326065,1038,4934,927,0,0,927.000,2.44
1552843,570238,143981,10,5084,927,0,0,927.000,2.44
1552843,28681,854179,1326,4792,927,0,0,927.000,2.44
1552843,28681,521809,16,4917,927,0,0,927.000,2.44
1552843,729642,553212,531,4750,927,0,0,927.000,2.44
1552843,729642,1451634,16,4792,927,0,0,927.000,2.44
1552843,714407,296538,471,11834,927,0,0,927.000,2.44
1552843,714407,554140,30,11959,927,0,0,927.000,2.44
1553927,999694,192829,57,5125,885,0,0,885.000,1.89
1553927,999694,349551,14,5084,885,0,0,885.000,1.89
1553927,558500,803909,218,4875,885,0,0,885.000,1.89
1553927,558500,912221,12,4750,885,0,0,885.000,1.89
1553927,1371578,1408398,580,4916,885,0,0,885.000,1.89
1553927,1371578,163073,17,4958,885,0,0,885.000,1.89
1553927,165369,887062,563,4851,885,0,0,885.000,1.89
1553927,165369,353567,10,4750,885,0,0,885.000,1.89
1553927,998282,243206,1013,5041,885,0,0,885.000,1.89
1553927,998282,1229597,10,5018,885,0,0,885.000,1.89
1553927,237394,1203376,90,4916,885,0,0,885.000,1.89
1553927,237394,817389,9,4958,885,0,0,885.000,1.89
1553927,378403,1547030,374,4833,885,0,0,885.000,1.89
1553927,378403,1173487,8,4958,885,0,0,885.000,1.89
1553927,711839,779410,138,5166,885,0,0,885.000,1.89
1553927,711839,1026131,13,4917,885,0,0,885.000,1.89
1553927,1466174,84006,1313,5042,885,0,0,885.000,1.89
1553927,1466174,880232,12,5018,885,0,0,885.000,1.89
1553927,837793,817217,150,4750,885,0,0,885.000,1.89
1553927,837793,340089,14,4916,885,0,0,885.000,1.89
1558283,490130,1503251,532,4958,906,0,0,906.000,1.18
1558283,490130,959145,14,5042,906,0,0,906.000,1.18
1558283,905992,869289,94,4875,906,0,0,906.000,1.18
1558283,905992,1225639,18,5000,906,0,0,906.000,1.18
1558283,1262869,1284455,693,5183,906,0,0,906.000,1.18
1558283,1262869,828253,12,5042,906,0,0,906.000,1.18
1558283,203726,532984,108,4875,906,0,0,906.000,1.18
1558283,203726,1268662,10,4958,906,0,0,906.000,1.18
1558283,955086,347900,331,4893,906,0,0,906.000,1.18
1558283,955086,556100,10,4833,906,0,0,906.000,1.18
1558283,82610,263825,125,4959,906,0,0,906.000,1.18
1558283,82610,785928,10,4851,906,0,0,906.000,1.18
1558283,1084985,983156,265,4917,906,0,0,906.000,1.18
1558283,1084985,21130,14,4792,906,0,0,906.000,1.18
1558283,116217,1384656,307,4917,906,0,0,906.000,1.18
1558283,116217,409364,11,5225,906,0,0,906.000,1.18
1558283,1245639,514640,237,4917,906,0,0,906.000,1.18
1558283,1245639,624991,12,4917,906,0,0,906.000,1.18
1558283,1438517,638759,333,11834,906,0,0,906.000,1.18
1558283,1438517,972535,44,12059,906,0,0,906.000,1.18
1558877,1175630,1415462,75,6976,966,0,0,966.000,0.66
1558877,1175630,90307,11,6958,948,0,0,948.000,0.66
1558877,531913,1324336,28,5166,936,0,0,936.000,0.66
1558877,531913,740347,11,5542,948,0,0,948.000,0.66
1558877,1404845,1436798,10,5333,948,0,0,948.000,0.66
1558877,1404845,854292,8,5333,936,0,0,936.000,0.66
1558877,694622,592885,27,5250,942,0,0,942.000,0.66
1558877,694622,703295,16,5458,954,0,0,954.000,0.66
1558877,679519,1285297,472,5333,936,0,0,936.000,0.66
1558877,679519,1121119,17,5375,954,0,0,954.000,0.66
1558877,673336,1530864,188,12268,948,0,0,948.000,0.66
1558877,673336,1547018,20,12542,966,0,0,966.000,0.66
1558877,11054,507552,128,5333,936,0,0,936.000,0.66
1558877,11054,881371,18,5500,954,0,0,954.000,0.66
1558877,683104,574182,214,5100,930,0,0,930.000,0.66
1558877,683104,1198513,9,5292,942,0,0,942.000,0.66
1558877,63055,831609,93,5333,942,0,0,942.000,0.66
1558877,63055,338292,17,5642,954,0,0,954.000,0.66
1558877,27666,1154565,11,5292,966,0,0,966.000,0.66
1558877,27666,280088,16,5583,948,0,0,948.000,0.66
1561529,FAILED,FAILED,FAILED,FAILED,FAILED,FAILED,FAILED,FAILED,FAILED
1561753,FAILED,FAILED,FAILED,FAILED,FAILED,FAILED,FAILED,FAILED,FAILED
1562647,1159197,970342,10,5875,885,0,0,885.000,1.14
1562647,1159197,687432,8,4875,885,0,0,885.000,1.14
1562647,1014910,1029890,596,4792,885,0,0,885.000,1.14
1562647,1014910,916327,13,4875,885,0,0,885.000,1.14
1562647,674289,319477,234,4833,885,0,0,885.000,1.14
1562647,674289,402218,11,5042,885,0,0,885.000,1.14
1562647,797188,1382197,108,5000,885,0,0,885.000,1.14
1562647,797188,337686,10,4792,885,0,0,885.000,1.14
1562647,1350441,740536,865,4833,885,0,0,885.000,1.14
1562647,1350441,804068,16,4958,885,0,0,885.000,1.14
1562647,906754,1020292,141,4875,885,0,0,885.000,1.14
1562647,906754,314808,17,4875,885,0,0,885.000,1.14
1562647,97970,1118518,244,4958,885,0,0,885.000,1.14
1562647,97970,170473,14,4917,885,0,0,885.000,1.14
1562647,762719,1255727,231,4792,885,0,0,885.000,1.14
1562647,762719,1160135,15,4917,885,0,0,885.000,1.14
1562647,982569,1128577,212,4875,885,0,0,885.000,1.14
1562647,982569,106556,22,5000,885,0,0,885.000,1.14
1562647,409716,1331612,28,4792,885,0,0,885.000,1.14
1562647,409716,15509,16,4725,885,0,0,885.000,1.14
1562707,524450,436455,134,5083,906,0,0,906.000,0.70
1562707,524450,1240202,12,4792,906,0,0,906.000,0.70
1562707,448211,774397,48,4750,906,0,0,906.000,0.70
1562707,448211,108694,12,4958,906,0,0,906.000,0.70
1562707,426970,200481,207,4958,906,0,0,906.000,0.70
1562707,426970,783493,19,5167,906,0,0,906.000,0.70
1562707,650054,1324363,85,5042,906,0,0,906.000,0.70
1562707,22045,1189467,7,5125,906,0,0,906.000,0.70
1562707,650054,507460,6,5166,906,0,0,906.000,0.70
1562707,22045,220291,36,18375,906,0,0,906.000,0.70
1562707,405491,325477,140,11542,906,0,0,906.000,0.70
1562707,405491,1551785,27,11935,906,0,0,906.000,0.70
1562707,1354041,1398592,390,5209,906,0,0,906.000,0.70
1562707,1354041,551980,17,5041,906,0,0,906.000,0.70
1562707,475883,1355542,243,5416,906,0,0,906.000,0.70
1562707,475883,646627,12,4917,906,0,0,906.000,0.70
1562707,77949,1131053,154,4958,906,0,0,906.000,0.70
1562707,77949,723078,17,5084,906,0,0,906.000,0.70
1562707,509582,1222694,90,5017,906,0,0,906.000,0.70
1562707,509582,771440,13,4958,906,0,0,906.000,0.70
1563461,1210248,442561,226,5434,978,0,0,978.000,1.39
1563461,1210248,841336,10,5209,984,0,0,984.000,1.39
1563461,1065897,1516081,270,5500,990,0,0,990.000,1.39
1563461,1065897,1336118,11,5393,984,0,0,984.000,1.39
1563461,632678,194295,258,5333,984,0,0,984.000,1.39
1563461,632678,1421546,18,5725,978,0,0,978.000,1.39
1563461,1119461,1241823,667,5250,984,0,0,984.000,1.39
1563461,1119461,6039,16,5584,996,0,0,996.000,1.39
1563461,479667,888551,391,5209,978,0,0,978.000,1.39
1563461,479667,694839,12,5292,978,0,0,978.000,1.39
1563461,313617,1451715,40,5208,972,0,0,972.000,1.39
1563461,313617,1093963,16,5375,966,0,0,966.000,1.39
1563461,1413771,545780,44,5375,990,0,0,990.000,1.39
1563461,1413771,412318,19,5268,990,0,0,990.000,1.39
1563461,1048287,1552862,63,5208,984,0,0,984.000,1.39
1563461,1048287,835646,14,5208,972,0,0,972.000,1.39
1563461,371166,743838,654,5602,996,0,0,996.000,1.39
1563461,371166,249225,8,5375,984,0,0,984.000,1.39
1563461,890172,1421886,333,5292,996,0,0,996.000,1.39
1563461,890172,54724,11,5291,972,0,0,972.000,1.39
1566793,FAILED,FAILED,FAILED,FAILED,FAILED,FAILED,FAILED,FAILED,FAILED
1566823,1235486,259960,1173,4875,906,0,0,906.000,1.84
1566823,1235486,1558633,8,4684,906,0,0,906.000,1.84
1566823,490625,187476,2,4893,906,0,0,906.000,1.84
1566823,490625,70797,11,4750,906,0,0,906.000,1.84
1566823,1294250,648412,59,4750,906,0,0,906.000,1.84
1566823,1294250,598038,12,4834,906,0,0,906.000,1.84
1566823,873632,73519,296,4792,906,0,0,906.000,1.84
1566823,873632,441484,13,5000,906,0,0,906.000,1.84
1566823,186255,675667,33,4976,906,0,0,906.000,1.84
1566823,186255,1372530,16,5000,906,0,0,906.000,1.84
1566823,1560940,948979,188,4792,906,0,0,906.000,1.84
1566823,1560940,249974,9,4917,906,0,0,906.000,1.84
1566823,1116140,184902,148,4792,906,0,0,906.000,1.84
1566823,1116140,349368,16,4810,906,0,0,906.000,1.84
1566823,1212996,846726,749,4750,906,0,0,906.000,1.84
1566823,1212996,1123048,11,4750,906,0,0,906.000,1.84
1566823,168906,313270,1571,5000,906,0,0,906.000,1.84
1566823,168906,1220455,18,5250,906,0,0,906.000,1.84
1566823,1555260,199584,145,4833,906,0,0,906.000,1.84
1566823,1555260,794963,21,5042,906,0,0,906.000,1.84
1567171,394213,666929,121,11726,927,0,0,927.000,0.87
1567171,394213,614774,22,11791,927,0,0,927.000,0.87
1567171,957259,957364,449,5143,927,0,0,927.000,0.87
1567171,957259,918408,15,4958,927,0,0,927.000,0.87
1567171,526203,1092310,231,4791,927,0,0,927.000,0.87
1567171,58824,1203457,2,11667,927,0,0,927.000,0.87
1567171,526203,1065195,11,5225,927,0,0,927.000,0.87
1567171,58824,1306783,9,11725,927,0,0,927.000,0.87
1567171,98057,293793,15,5000,927,0,0,927.000,0.87
1567171,98057,1455165,11,5083,927,0,0,927.000,0.87
1567171,400589,93650,173,4916,927,0,0,927.000,0.87
1567171,400589,1013552,13,5041,927,0,0,927.000,0.87
1567171,391305,1306007,30,4935,927,0,0,927.000,0.87
1567171,391305,1274383,9,4791,927,0,0,927.000,0.87
1567171,1376859,1182069,270,5000,927,0,0,927.000,0.87
1567171,1376859,1238913,17,4875,927,0,0,927.000,0.87
1567171,1479004,68707,95,5084,927,0,0,927.000,0.87
1567171,1479004,246522,14,5000,927,0,0,927.000,0.87
1567171,613688,1180465,575,4726,927,0,0,927.000,0.87
1567171,613688,558041,16,5000,927,0,0,927.000,0.87
1568519,1381350,545195,384,11875,927,0,0,927.000,1.05
1568519,1381350,1059686,30,12058,927,0,0,927.000,1.05
1568519,423644,570366,262,5125,927,0,0,927.000,1.05
1568519,423644,359842,8,4768,927,0,0,927.000,1.05
1568519,971300,896651,110,4833,927,0,0,927.000,1.05
1568519,971300,749447,10,4875,927,0,0,927.000,1.05
1568519,1165832,1219249,9,4727,927,0,0,927.000,1.05
1568519,1165832,336442,9,4875,927,0,0,927.000,1.05
1568519,129188,48542,161,5125,927,0,0,927.000,1.05
1568519,129188,1448825,10,5042,927,0,0,927.000,1.05
1568519,1251459,44017,271,4893,927,0,0,927.000,1.05
1568519,1251459,639406,8,5000,927,0,0,927.000,1.05
1568519,867510,621163,686,4893,927,0,0,927.000,1.05
1568519,867510,673272,10,5125,927,0,0,927.000,1.05
1568519,269721,24512,39,12166,927,0,0,927.000,1.05
1568519,269721,157369,25,12267,927,0,0,927.000,1.05
1568519,386935,906369,205,4833,927,0,0,927.000,1.05
1568519,386935,959717,19,5291,927,0,0,927.000,1.05
1568519,1086301,905416,10,4792,927,0,0,927.000,1.05
1568519,1086301,1466839,14,5225,927,0,0,927.000,1.05
1569817,FAILED,FAILED,FAILED,FAILED,FAILED,FAILED,FAILED,FAILED,FAILED
1571287,5184,1420212,27,6208,969,0,0,969.000,0.92
1571287,5184,590764,20,6291,969,0,0,969.000,0.92
1571287,783914,131866,407,12000,969,0,0,969.000,0.92
1571287,914515,195569,26,5000,969,0,0,969.000,0.92
1571287,783914,1118763,4,12060,969,0,0,969.000,0.92
1571287,914515,88061,10,5417,969,0,0,969.000,0.92
1571287,929677,34296,16,4792,969,0,0,969.000,0.92
1571287,929677,118808,9,4875,969,0,0,969.000,0.92
1571287,1342884,416185,195,4958,969,0,0,969.000,0.92
1571287,200558,307569,3,4833,969,0,0,969.000,0.92
1571287,1342884,923706,9,5042,969,0,0,969.000,0.92
1571287,200558,346067,1,5000,969,0,0,969.000,0.92
1571287,1080669,120222,418,31827,969,0,0,969.000,0.92
1571287,1080669,1334722,50,12375,969,0,0,969.000,0.92
1571287,1484855,414327,477,5083,969,0,0,969.000,0.92
1571287,1484855,785940,12,5417,969,0,0,969.000,0.92
1571287,1368324,1077845,158,5167,969,0,0,969.000,0.92
1571287,1368324,1474421,12,5226,969,0,0,969.000,0.92
1571287,509215,1540732,404,25435,969,0,0,969.000,0.92
1571287,509215,780198,10,4916,969,0,0,969.000,0.92
1573303,140211,18392,43,4875,822,0,0,822.000,0.67
1573303,140211,269870,10,4667,822,0,0,822.000,0.67
1573303,1507309,988607,150,4750,822,0,0,822.000,0.67
1573303,1507309,1074663,3,4750,822,0,0,822.000,0.67
1573303,418732,544230,91,4875,822,0,0,822.000,0.67
1573303,418732,1185763,14,4852,822,0,0,822.000,0.67
1573303,1307174,1309646,33,4792,822,0,0,822.000,0.67
1573303,1307174,530820,18,4666,822,0,0,822.000,0.67
1573303,1220969,584806,106,4916,822,0,0,822.000,0.67
1573303,1220969,485342,13,5059,822,0,0,822.000,0.67
1573303,340987,350796,759,11393,822,0,0,822.000,0.67
1573303,340987,373954,31,10917,822,0,0,822.000,0.67
1573303,1014153,1456409,157,4792,822,0,0,822.000,0.67
1573303,1199805,1117885,9,4792,822,0,0,822.000,0.67
1573303,1014153,1015948,4,4708,822,0,0,822.000,0.67
1573303,1199805,733304,8,4792,822,0,0,822.000,0.67
1573303,186498,994229,53,10958,822,0,0,822.000,0.67
1573303,186498,1553774,19,10834,822,0,0,822.000,0.67
1573303,952749,483437,37,10792,822,0,0,822.000,0.67
1573303,1195067,255237,15,4750,822,0,0,822.000,0.67
1573577,FAILED,FAILED,FAILED,FAILED,FAILED,FAILED,FAILED,FAILED,FAILED
1575547,1395537,1504875,447,4792,864,0,0,864.000,1.30
1575547,1395537,584710,13,4875,864,0,0,864.000,1.30
1575547,774898,80309,860,4917,864,0,0,864.000,1.30
1575547,908778,476327,16,11250,864,0,0,864.000,1.30
1575547,774898,1343798,5,4958,864,0,0,864.000,1.30
1575547,908778,1379593,40,11768,864,0,0,864.000,1.30
1575547,230773,1424309,146,4875,864,0,0,864.000,1.30
1575547,230773,550929,13,4834,864,0,0,864.000,1.30
1575547,401426,707010,825,4792,864,0,0,864.000,1.30
1575547,401426,1517406,9,5041,864,0,0,864.000,1.30
1575547,1540996,1186402,199,11433,864,0,0,864.000,1.30
1575547,1540996,1126368,33,11125,864,0,0,864.000,1.30
1575547,1517649,1480714,134,4875,864,0,0,864.000,1.30
1575547,1517649,1420302,11,4875,864,0,0,864.000,1.30
1575547,1119578,324490,156,4750,864,0,0,864.000,1.30
1575547,914427,1115223,8,4917,864,0,0,864.000,1.30
1575547,1119578,1152368,3,4667,864,0,0,864.000,1.30
1575547,914427,937387,9,4750,864,0,0,864.000,1.30
1575547,266689,438624,240,4875,864,0,0,864.000,1.30
1575547,266689,937893,16,4833,864,0,0,864.000,1.30
1575869,439582,373035,376,12291,897,0,0,897.000,1.41
1575869,439582,883523,21,12000,873,0,0,873.000,1.41
1575869,1483110,376658,380,5166,897,0,0,897.000,1.41
1575869,1483110,1067950,12,5458,867,0,0,867.000,1.41
1575869,345716,1510213,293,12291,891,0,0,891.000,1.41
1575869,345716,959370,24,12392,891,0,0,891.000,1.41
1575869,776494,1019968,132,5292,891,0,0,891.000,1.41
1575869,776494,362257,11,5142,873,0,0,873.000,1.41
1575869,762374,998074,49,5166,873,0,0,873.000,1.41
1575869,762374,795677,11,5041,873,0,0,873.000,1.41
1575869,731423,779476,257,5226,885,0,0,885.000,1.41
1575869,731423,1567885,13,5167,867,0,0,867.000,1.41
1575869,992750,492610,459,5166,891,0,0,891.000,1.41
1575869,992750,719747,12,5375,861,0,0,861.000,1.41
1575869,1266196,935388,221,5125,879,0,0,879.000,1.41
1575869,1266196,1483015,15,5459,885,0,0,885.000,1.41
1575869,1394532,1207390,424,5250,897,0,0,897.000,1.41
1575869,1394532,1152451,8,5333,885,0,0,885.000,1.41
1575869,1343887,724,452,5084,885,0,0,885.000,1.41
1575869,1343887,1463356,13,5292,885,0,0,885.000,1.41
1576889,FAILED,FAILED,FAILED,FAILED,FAILED,FAILED,FAILED,FAILED,FAILED
1583833,FAILED,FAILED,FAILED,FAILED,FAILED,FAILED,FAILED,FAILED,FAILED
1585657,FAILED,FAILED,FAILED,FAILED,FAILED,FAILED,FAILED,FAILED,FAILED
1589633,FAILED,FAILED,FAILED,FAILED,FAILED,FAILED,FAILED,FAILED,FAILED
1590739,1107871,767201,487,4875,864,0,0,864.000,1.24
1590739,1107871,349468,14,4709,864,0,0,864.000,1.24
1590739,1222525,62711,75,5000,864,0,0,864.000,1.24
1590739,1222525,952491,11,4792,864,0,0,864.000,1.24
1590739,1256074,34810,310,11292,864,0,0,864.000,1.24
1590739,1256074,285453,38,11667,864,0,0,864.000,1.24
1590739,388660,381894,90,4934,864,0,0,864.000,1.24
1590739,388660,1260943,16,4958,864,0,0,864.000,1.24
1590739,1348677,458292,7,4709,864,0,0,864.000,1.24
1590739,1348677,997557,15,4875,864,0,0,864.000,1.24
1590739,548543,91284,57,4643,864,0,0,864.000,1.24
1590739,548543,512666,13,4834,864,0,0,864.000,1.24
1590739,209643,511739,163,5083,864,0,0,864.000,1.24
1590739,209643,865189,17,5000,864,0,0,864.000,1.24
1590739,141472,1188790,668,4959,864,0,0,864.000,1.24
1590739,141472,447221,9,5018,864,0,0,864.000,1.24
1590739,344660,1054970,782,4875,864,0,0,864.000,1.24
1590739,344660,640055,14,4750,864,0,0,864.000,1.24
1590739,1182549,880085,410,4875,864,0,0,864.000,1.24
1590739,1182549,300876,14,4958,864,0,0,864.000,1.24
1593149,1439563,893218,146,5375,924,0,0,924.000,1.22
1593149,1439563,602464,10,5333,912,0,0,912.000,1.22
1593149,161393,935503,545,5375,918,0,0,918.000,1.22
1593149,161393,546060,8,5375,894,0,0,894.000,1.22
1593149,1278962,545822,208,5125,888,0,0,888.000,1.22
1593149,1278962,397749,11,5226,906,0,0,906.000,1.22
1593149,969598,725334,132,5083,894,0,0,894.000,1.22
1593149,969598,141585,16,5166,906,0,0,906.000,1.22
1593149,203193,1140022,18,5084,900,0,0,900.000,1.22
1593149,203193,792863,10,5375,882,0,0,882.000,1.22
1593149,1433904,1585093,99,5084,894,0,0,894.000,1.22
1593149,1433904,1193993,10,5334,912,0,0,912.000,1.22
1593149,137221,607114,187,5334,912,0,0,912.000,1.22
1593149,137221,881229,16,5458,918,0,0,918.000,1.22
1593149,1553080,1070518,258,5017,888,0,0,888.000,1.22
1593149,1553080,1126698,13,5417,906,0,0,906.000,1.22
1593149,631830,1460166,109,12309,906,0,0,906.000,1.22
1593149,631830,271603,37,12583,906,0,0,906.000,1.22
1593149,51714,52999,700,5500,930,0,0,930.000,1.22
1593149,51714,810316,15,5459,912,0,0,912.000,1.22
1593703,1230690,676705,257,4750,843,0,0,843.000,0.89
1593703,1230690,1037843,10,4875,843,0,0,843.000,0.89
1593703,389632,162479,200,4834,843,0,0,843.000,0.89
1593703,389632,899303,15,4768,843,0,0,843.000,0.89
1593703,1076987,150915,373,4917,843,0,0,843.000,0.89
1593703,1076987,1054231,10,5208,843,0,0,843.000,0.89
1593703,821181,1557629,169,4750,843,0,0,843.000,0.89
1593703,821181,805983,11,4792,843,0,0,843.000,0.89
1593703,140629,541714,49,4875,843,0,0,843.000,0.89
1593703,140629,1424090,17,4791,843,0,0,843.000,0.89
1593703,502038,1554757,411,5000,843,0,0,843.000,0.89
1593703,502038,346996,18,4916,843,0,0,843.000,0.89
1593703,891410,1576271,13,4708,843,0,0,843.000,0.89
1593703,891410,7748,20,4791,843,0,0,843.000,0.89
1593703,925201,153111,187,4934,843,0,0,843.000,0.89
1593703,925201,1442618,12,4875,843,0,0,843.000,0.89
1593703,843100,451833,146,4643,843,0,0,843.000,0.89
1593703,843100,498670,12,4791,843,0,0,843.000,0.89
1593703,789380,499830,117,4792,843,0,0,843.000,0.89
1593703,789380,1530164,15,4875,843,0,0,843.000,0.89
1597381,256335,1304329,139,5375,975,0,0,975.000,1.07
1597381,256335,374804,20,5643,957,0,0,957.000,1.07
1597381,874552,945927,573,5458,981,0,0,981.000,1.07
1597381,874552,1290256,9,5667,987,0,0,987.000,1.07
1597381,1332832,314262,20,12167,957,0,0,957.000,1.07
1597381,1332832,458763,41,12435,981,0,0,981.000,1.07
1597381,890855,1579179,295,5375,987,0,0,987.000,1.07
1597381,890855,1233028,6,5685,969,0,0,969.000,1.07
1597381,464068,656989,284,5208,963,0,0,963.000,1.07
1597381,464068,1183815,6,5541,969,0,0,969.000,1.07
1597381,126665,518781,45,5392,969,0,0,969.000,1.07
1597381,126665,659228,11,5500,975,0,0,975.000,1.07
1597381,52843,738697,209,5333,975,0,0,975.000,1.07
1597381,52843,251995,10,5333,963,0,0,963.000,1.07
1597381,1167035,1163181,365,5083,945,0,0,945.000,1.07
1597381,1167035,1526511,16,5208,963,0,0,963.000,1.07
1597381,1207078,101432,162,5542,975,0,0,975.000,1.07
1597381,1207078,1052599,14,5583,975,0,0,975.000,1.07
1597381,1516860,698198,172,5542,963,0,0,963.000,1.07
1597381,1516860,1055317,16,5291,963,0,0,963.000,1.07
1598273,FAILED,FAILED,FAILED,FAILED,FAILED,FAILED,FAILED,FAILED,FAILED
1600531,115972,419600,57,6167,843,0,0,843.000,1.74
1600531,115972,876290,19,6208,843,0,0,843.000,1.74
1600531,198497,1336023,314,4875,843,0,0,843.000,1.74
1600531,198497,1163968,19,4958,843,0,0,843.000,1.74
1600531,1199167,1006095,1395,4625,843,0,0,843.000,1.74
1600531,1199167,632920,9,4875,843,0,0,843.000,1.74
1600531,998307,677467,290,4708,843,0,0,843.000,1.74
1600531,998307,80890,12,4833,843,0,0,843.000,1.74
1600531,369395,149440,63,4958,843,0,0,843.000,1.74
1600531,369395,1091616,11,4667,843,0,0,843.000,1.74
1600531,765109,631374,456,4625,843,0,0,843.000,1.74
1600531,765109,29584,8,4750,843,0,0,843.000,1.74
1600531,1297884,1540902,298,4708,843,0,0,843.000,1.74
1600531,1297884,1075733,20,4708,843,0,0,843.000,1.74
1600531,1322472,161629,544,4791,843,0,0,843.000,1.74
1600531,1322472,1522914,9,4584,843,0,0,843.000,1.74
1600531,195699,1262982,357,5084,843,0,0,843.000,1.74
1600531,195699,1522673,14,5000,843,0,0,843.000,1.74
1600531,1503058,109347,281,4708,843,0,0,843.000,1.74
1600531,1503058,1419789,5,4792,843,0,0,843.000,1.74
1600957,834178,1343286,35,6542,921,0,0,921.000,1.32
1600957,834178,80140,15,5833,939,0,0,939.000,1.32
1600957,604915,418983,224,5833,927,0,0,927.000,1.32
1600957,604915,515726,17,5625,927,0,0,927.000,1.32
1600957,452150,1566913,181,5333,939,0,0,939.000,1.32
1600957,452150,1051915,13,5459,933,0,0,933.000,1.32
1600957,1312405,640507,2,5334,927,0,0,927.000,1.32
1600957,1312405,323050,18,5459,915,0,0,915.000,1.32
1600957,811758,499369,529,12667,927,0,0,927.000,1.32
1600957,811758,1316816,39,12667,933,0,0,933.000,1.32
1600957,164134,583272,801,5125,915,0,0,915.000,1.32
1600957,164134,694482,13,5417,933,0,0,933.000,1.32
1600957,1171715,1561284,154,5167,921,0,0,921.000,1.32
1600957,1171715,867275,13,5583,933,0,0,933.000,1.32
1600957,408892,1153583,429,5250,909,0,0,909.000,1.32
1600957,408892,934081,15,5518,927,0,0,927.000,1.32
1600957,138376,338381,21,5709,927,0,0,927.000,1.32
1600957,138376,833589,11,5875,933,0,0,933.000,1.32
1600957,1448662,1153247,612,5500,927,0,0,927.000,1.32
1600957,1448662,87590,12,5166,933,0,0,933.000,1.32
1601399,1241997,1177181,543,5000,927,0,0,927.000,1.14
1601399,1001497,191794,1,5083,927,0,0,927.000,1.14
1601399,1241997,818580,12,4975,927,0,0,927.000,1.14
1601399,1001497,861608,1,5183,927,0,0,927.000,1.14
1601399,695359,282093,294,4791,927,0,0,927.000,1.14
1601399,695359,965324,10,5017,927,0,0,927.000,1.14
1601399,1369152,1273093,154,12227,927,0,0,927.000,1.14
1601399,1369152,717729,27,12208,927,0,0,927.000,1.14
1601399,234314,417106,271,4834,927,0,0,927.000,1.14
1601399,234314,1095001,12,5000,927,0,0,927.000,1.14
1601399,187914,196901,31,4833,927,0,0,927.000,1.14
1601399,187914,1313984,9,4834,927,0,0,927.000,1.14
1601399,1306468,1103843,88,4791,927,0,0,927.000,1.14
1601399,1306468,1359253,11,5208,927,0,0,927.000,1.14
1601399,765024,268146,771,4958,927,0,0,927.000,1.14
1601399,765024,621035,14,5184,927,0,0,927.000,1.14
1601399,846782,981463,443,4834,927,0,0,927.000,1.14
1601399,846782,1170165,20,4917,927,0,0,927.000,1.14
1601399,1326057,332835,1,4916,927,0,0,927.000,1.14
1601399,1326057,489205,18,4850,927,0,0,927.000,1.14
1601731,855421,288986,42,5833,843,0,0,843.000,0.67
1601731,855421,1352530,14,5792,843,0,0,843.000,0.67
1601731,571356,1504127,45,4833,843,0,0,843.000,0.67
1601731,571356,1332991,13,4709,843,0,0,843.000,0.67
1601731,210468,457293,621,4666,843,0,0,843.000,0.67
1601731,210468,959572,11,4792,843,0,0,843.000,0.67
1601731,835406,1179472,256,4708,843,0,0,843.000,0.67
1601731,835406,754718,19,4708,843,0,0,843.000,0.67
1601731,1007312,427629,70,4625,843,0,0,843.000,0.67
1601731,1007312,564373,17,4750,843,0,0,843.000,0.67
1601731,388848,319927,115,4667,843,0,0,843.000,0.67
1601731,388848,1468800,20,4767,843,0,0,843.000,0.67
1601731,31836,208989,67,4875,843,0,0,843.000,0.67
1601731,31836,1194005,14,4893,843,0,0,843.000,0.67
1601731,976715,1210630,72,4708,843,0,0,843.000,0.67
1601731,976715,492211,17,4792,843,0,0,843.000,0.67
1601731,1400969,908535,95,4667,843,0,0,843.000,0.67
1601731,47610,1323443,2,4833,843,0,0,843.000,0.67
1601731,1400969,765803,5,4875,843,0,0,843.000,0.67
1601731,47610,990093,1,4834,843,0,0,843.000,0.67
1609249,FAILED,FAILED,FAILED,FAILED,FAILED,FAILED,FAILED,FAILED,FAILED
1610107,1400580,1555371,180,4875,885,0,0,885.000,1.22
1610107,1400580,1205470,10,4791,885,0,0,885.000,1.22
1610107,120084,912623,1,4833,885,0,0,885.000,1.22
1610107,120084,1264869,7,4726,885,0,0,885.000,1.22
1610107,860801,1314933,748,4643,885,0,0,885.000,1.22
1610107,860801,298719,19,4750,885,0,0,885.000,1.22
1610107,385404,926722,94,4767,885,0,0,885.000,1.22
1610107,385404,1211498,13,4958,885,0,0,885.000,1.22
1610107,418546,1208688,1020,4851,885,0,0,885.000,1.22
1610107,418546,1222881,13,4917,885,0,0,885.000,1.22
1610107,1027547,508862,291,5083,885,0,0,885.000,1.22
1610107,1027547,708147,13,5333,885,0,0,885.000,1.22
1610107,745642,1396259,155,11791,885,0,0,885.000,1.22
1610107,745642,1263133,36,11434,885,0,0,885.000,1.22
1610107,1311417,1148044,72,4852,885,0,0,885.000,1.22
1610107,1311417,371663,7,5000,885,0,0,885.000,1.22
1610107,1582913,1148710,128,11667,885,0,0,885.000,1.22
1610107,1582913,651085,37,11475,885,0,0,885.000,1.22
1610107,1202227,85048,56,4852,885,0,0,885.000,1.22
1610107,1202227,1544718,17,5000,885,0,0,885.000,1.22
1610471,655213,214694,240,4958,864,0,0,864.000,1.72
1610471,655213,918588,10,4934,864,0,0,864.000,1.72
1610471,1053196,1059137,105,4833,864,0,0,864.000,1.72
1610471,1053196,1303009,10,4833,864,0,0,864.000,1.72
1610471,819651,530708,259,4833,864,0,0,864.000,1.72
1610471,819651,711526,11,5042,864,0,0,864.000,1.72
1610471,1543421,852712,598,11433,864,0,0,864.000,1.72
1610471,1543421,812452,29,11250,864,0,0,864.000,1.72
1610471,1608426,851154,168,4834,864,0,0,864.000,1.72
1610471,1608426,1230539,12,4875,864,0,0,864.000,1.72
1610471,922934,931258,41,4708,864,0,0,864.000,1.72
1610471,922934,64989,4,5166,864,0,0,864.000,1.72
1610471,850599,1140322,974,4916,864,0,0,864.000,1.72
1610471,850599,849757,17,4935,864,0,0,864.000,1.72
1610471,521004,94784,868,4916,864,0,0,864.000,1.72
1610471,521004,244813,19,4791,864,0,0,864.000,1.72
1610471,1464512,132101,511,4893,864,0,0,864.000,1.72
1610471,1464512,707799,15,5041,864,0,0,864.000,1.72
1610471,666157,641029,146,5000,864,0,0,864.000,1.72
1610471,666157,1546639,5,5208,864,0,0,864.000,1.72
1614289,FAILED,FAILED,FAILED,FAILED,FAILED,FAILED,FAILED,FAILED,FAILED
1619699,756145,955265,1368,4958,927,0,0,927.000,2.43
1619699,756145,471426,9,4893,927,0,0,927.000,2.43
1619699,1262423,94718,820,4833,927,0,0,927.000,2.43
1619699,1262423,1067815,19,5083,927,0,0,927.000,2.43
1619699,552304,1125875,285,4959,927,0,0,927.000,2.43
1619699,552304,1526160,4,4708,927,0,0,927.000,2.43
1619699,609297,1548682,1178,5250,927,0,0,927.000,2.43
1619699,609297,169337,15,5167,927,0,0,927.000,2.43
1619699,1305484,527632,141,4875,927,0,0,927.000,2.43
1619699,565636,255531,6,4792,927,0,0,927.000,2.43
1619699,1305484,614509,5,5000,927,0,0,927.000,2.43
1619699,565636,1498854,1,5017,927,0,0,927.000,2.43
1619699,831612,981195,166,5417,927,0,0,927.000,2.43
1619699,831612,1447721,14,5000,927,0,0,927.000,2.43
1619699,1554284,391215,367,12434,927,0,0,927.000,2.43
1619699,1554284,726746,38,11792,927,0,0,927.000,2.43
1619699,43893,61030,413,5000,927,0,0,927.000,2.43
1619699,43893,318619,9,5209,927,0,0,927.000,2.43
1619699,612348,947570,769,4958,927,0,0,927.000,2.43
1619699,612348,1567999,10,5083,927,0,0,927.000,2.43
1622209,FAILED,FAILED,FAILED,FAILED,FAILED,FAILED,FAILED,FAILED,FAILED
1624321,FAILED,FAILED,FAILED,FAILED,FAILED,FAILED,FAILED,FAILED,FAILED
1625329,FAILED,FAILED,FAILED,FAILED,FAILED,FAILED,FAILED,FAILED,FAILED
1626109,382425,66054,295,5000,831,0,0,831.000,0.83
1626109,382425,847810,15,5000,843,0,0,843.000,0.83
1626109,216060,1347876,121,5042,831,0,0,831.000,0.83
1626109,732577,1155382,14,4875,831,0,0,831.000,0.83
1626109,216060,33268,2,5125,843,0,0,843.000,0.83
1626109,732577,1282763,7,5041,849,0,0,849.000,0.83
1626109,797941,1119055,65,5083,849,0,0,849.000,0.83
1626109,797941,479834,18,5459,861,0,0,861.000,0.83
1626109,171964,1149630,105,4893,831,0,0,831.000,0.83
1626109,171964,1461802,12,4958,825,0,0,825.000,0.83
1626109,227803,1581666,97,5125,861,0,0,861.000,0.83
1626109,227803,492448,20,5542,837,0,0,837.000,0.83
1626109,829583,669481,284,11083,831,0,0,831.000,0.83
1626109,829583,164487,35,11393,837,0,0,837.000,0.83
1626109,1558422,1548135,555,5458,855,0,0,855.000,0.83
1626109,1558422,1237269,11,5600,849,0,0,849.000,0.83
1626109,1489955,1408127,43,5000,843,0,0,843.000,0.83
1626109,1489955,1023149,18,5375,849,0,0,849.000,0.83
1626109,808346,1414388,176,5292,825,0,0,825.000,0.83
1626109,808346,638434,12,5583,849,0,0,849.000,0.83
1626431,315014,488234,128,4708,822,0,0,822.000,1.08
1626431,315014,724933,16,4708,822,0,0,822.000,1.08
1626431,1301370,789835,451,4667,822,0,0,822.000,1.08
1626431,1301370,930335,14,4833,822,0,0,822.000,1.08
1626431,1539940,1335131,455,10725,822,0,0,822.000,1.08
1626431,1539940,530930,34,10959,822,0,0,822.000,1.08
1626431,1156817,467629,73,4917,822,0,0,822.000,1.08
1626431,1156817,1605647,10,4833,822,0,0,822.000,1.08
1626431,1563719,1101769,183,5000,822,0,0,822.000,1.08
1626431,1563719,1365317,19,5208,822,0,0,822.000,1.08
1626431,610251,61718,52,4750,822,0,0,822.000,1.08
1626431,610251,898542,13,4916,822,0,0,822.000,1.08
1626431,274384,603244,193,4975,822,0,0,822.000,1.08
1626431,274384,1130283,13,4792,822,0,0,822.000,1.08
1626431,836275,790241,237,10642,822,0,0,822.000,1.08
1626431,836275,708114,24,10917,822,0,0,822.000,1.08
1626431,1575979,762318,579,4834,822,0,0,822.000,1.08
1626431,1575979,1228026,15,4792,822,0,0,822.000,1.08
1626431,347371,723676,109,4625,822,0,0,822.000,1.08
1626431,347371,1022140,8,4667,822,0,0,822.000,1.08
1626701,1327361,262408,259,12334,918,0,0,918.000,0.84
1626701,1327361,1296219,25,11917,894,0,0,894.000,0.84
1626701,993362,1522475,133,4958,888,0,0,888.000,0.84
1626701,993362,273420,11,5208,900,0,0,900.000,0.84
1626701,885600,402550,309,5208,912,0,0,912.000,0.84
1626701,885600,1241407,14,5459,924,0,0,924.000,0.84
1626701,824985,41254,168,5125,906,0,0,906.000,0.84
1626701,824985,1548996,13,5083,906,0,0,906.000,0.84
1626701,405504,110307,27,4892,882,0,0,882.000,0.84
1626701,432303,570907,2,5100,900,0,0,900.000,0.84
1626701,405504,699172,13,5083,888,0,0,888.000,0.84
1626701,432303,568226,1,5209,906,0,0,906.000,0.84
1626701,1577237,888827,572,5167,918,0,0,918.000,0.84
1626701,1577237,670782,16,5334,918,0,0,918.000,0.84
1626701,384085,412116,152,5100,900,0,0,900.000,0.84
1626701,384085,1489465,10,5083,912,0,0,912.000,0.84
1626701,429940,734470,73,5143,918,0,0,918.000,0.84
1626701,429940,938856,19,5250,882,0,0,882.000,0.84
1626701,460112,952271,97,11666,894,0,0,894.000,0.84
1626701,460112,219768,21,11767,900,0,0,900.000,0.84
1630927,421665,1457382,93,4916,864,0,0,864.000,1.25
1630927,421665,398390,13,5018,864,0,0,864.000,1.25
1630927,463123,291321,129,4750,864,0,0,864.000,1.25
1630927,463123,121056,17,4917,864,0,0,864.000,1.25
1630927,937462,949259,548,5000,864,0,0,864.000,1.25
1630927,937462,1263485,18,4959,864,0,0,864.000,1.25
1630927,318887,2831,4,4708,864,0,0,864.000,1.25
1630927,318887,1492020,11,4875,864,0,0,864.000,1.25
1630927,372722,609775,618,4667,864,0,0,864.000,1.25
1630927,372722,231174,14,4791,864,0,0,864.000,1.25
1630927,1113230,1561293,485,4750,864,0,0,864.000,1.25
1630927,1113230,746327,11,4833,864,0,0,864.000,1.25
1630927,38252,537323,3,4916,864,0,0,864.000,1.25
1630927,38252,56354,20,4875,864,0,0,864.000,1.25
1630927,1285557,1402688,203,4708,864,0,0,864.000,1.25
1630927,1285557,1062917,13,4958,864,0,0,864.000,1.25
1630927,1627922,1148250,190,4625,864,0,0,864.000,1.25
1630927,1627922,409124,20,4791,864,0,0,864.000,1.25
1630927,1055446,745303,952,4709,864,0,0,864.000,1.25
1630927,1055446,1139607,17,4750,864,0,0,864.000,1.25
1632571,1501669,583782,42,5810,906,0,0,906.000,1.18
1632571,1501669,742257,8,5042,906,0,0,906.000,1.18
1632571,237291,279893,523,4916,906,0,0,906.000,1.18
1632571,237291,1088481,12,5042,906,0,0,906.000,1.18
1632571,615777,76293,373,4958,906,0,0,906.000,1.18
1632571,302030,1302602,4,5042,906,0,0,906.000,1.18
1632571,615777,138634,13,5583,906,0,0,906.000,1.18
1632571,302030,514185,2,4833,906,0,0,906.000,1.18
1632571,194690,825169,270,4917,906,0,0,906.000,1.18
1632571,194690,1532487,20,4875,906,0,0,906.000,1.18
1632571,227464,818731,208,4834,906,0,0,906.000,1.18
1632571,227464,1489305,14,5102,906,0,0,906.000,1.18
1632571,974948,1423481,59,4750,906,0,0,906.000,1.18
1632571,974948,1588532,13,5000,906,0,0,906.000,1.18
1632571,1396080,428913,5,5208,906,0,0,906.000,1.18
1632571,1396080,1526743,15,4809,906,0,0,906.000,1.18
1632571,1193152,904495,1088,4791,906,0,0,906.000,1.18
1632571,1193152,161207,10,5226,906,0,0,906.000,1.18
1632571,1398868,904120,248,4792,906,0,0,906.000,1.18
1632571,1398868,1477594,10,4959,906,0,0,906.000,1.18
1634141,289362,1483828,393,5459,963,0,0,963.000,1.36
1634141,289362,1352298,16,5417,975,0,0,975.000,1.36
1634141,849423,1349506,336,5250,975,0,0,975.000,1.36
1634141,849423,1234352,15,5542,975,0,0,975.000,1.36
1634141,144668,79582,864,5477,981,0,0,981.000,1.36
1634141,144668,319492,8,5500,969,0,0,969.000,1.36
1634141,644424,483937,472,5334,969,0,0,969.000,1.36
1634141,644424,800632,12,5666,981,0,0,981.000,1.36
1634141,1515270,83750,150,5166,957,0,0,957.000,1.36
1634141,1515270,308671,14,5667,981,0,0,981.000,1.36
1634141,531272,176135,88,5333,969,0,0,969.000,1.36
1634141,531272,1029537,13,5542,981,0,0,981.000,1.36
1634141,90227,944619,96,5292,963,0,0,963.000,1.36
1634141,90227,1216750,11,5292,975,0,0,975.000,1.36
1634141,400631,74073,244,5500,981,0,0,981.000,1.36
1634141,400631,679525,13,5250,957,0,0,957.000,1.36
1634141,179741,1399934,262,5334,963,0,0,963.000,1.36
1634141,1142365,62874,8,5125,963,0,0,963.000,1.36
1634141,179741,962002,1,5500,969,0,0,969.000,1.36
1634141,1142365,1328689,10,5292,969,0,0,969.000,1.36
1636049,FAILED,FAILED,FAILED,FAILED,FAILED,FAILED,FAILED,FAILED,FAILED
1637371,953009,381947,293,5125,990,0,0,990.000,1.18
1637371,953009,1075952,8,5000,990,0,0,990.000,1.18
1637371,63560,558451,399,5292,990,0,0,990.000,1.18
1637371,63560,694455,20,5292,990,0,0,990.000,1.18
1637371,6123,1082933,634,5084,990,0,0,990.000,1.18
1637371,6123,682063,17,5184,990,0,0,990.000,1.18
1637371,291186,1245,211,5227,990,0,0,990.000,1.18
1637371,291186,1475369,13,5334,990,0,0,990.000,1.18
1637371,306694,1326562,249,4875,990,0,0,990.000,1.18
1637371,1411650,128119,13,12892,990,0,0,990.000,1.18
1637371,306694,751500,2,5250,990,0,0,990.000,1.18
1637371,1411650,858129,39,13208,990,0,0,990.000,1.18
1637371,463664,300593,152,4875,990,0,0,990.000,1.18
1637371,463664,838113,13,5125,990,0,0,990.000,1.18
1637371,152078,1250211,100,5476,990,0,0,990.000,1.18
1637371,152078,1553981,10,5333,990,0,0,990.000,1.18
1637371,159773,1620195,133,5041,990,0,0,990.000,1.18
1637371,159773,53454,10,5000,990,0,0,990.000,1.18
1637371,575660,1250653,177,4958,990,0,0,990.000,1.18
1637371,575660,18616,21,5166,990,0,0,990.000,1.18
1639789,1502842,662685,246,5292,888,0,0,888.000,0.46
1639789,1502842,791039,14,5125,900,0,0,900.000,0.46
1639789,630435,1577807,108,5334,912,0,0,912.000,0.46
1639789,630435,1276286,10,5583,912,0,0,912.000,0.46
1639789,1420904,1548686,139,5208,912,0,0,912.000,0.46
1639789,1420904,256517,9,5625,924,0,0,924.000,0.46
1639789,385084,854372,30,5334,906,0,0,906.000,0.46
1639789,385084,596112,9,5559,906,0,0,906.000,0.46
1639789,1150248,387277,30,5041,882,0,0,882.000,0.46
1639789,1484631,158170,7,5625,900,0,0,900.000,0.46
1639789,1150248,467585,2,5458,906,0,0,906.000,0.46
1639789,1484631,1219600,8,5541,906,0,0,906.000,0.46
1639789,1102146,168762,146,5375,918,0,0,918.000,0.46
1639789,1102146,1582707,15,5334,906,0,0,906.000,0.46
1639789,73352,908566,64,5334,900,0,0,900.000,0.46
1639789,73352,777144,12,5351,912,0,0,912.000,0.46
1639789,45409,786795,34,5083,906,0,0,906.000,0.46
1639789,45409,404563,12,5333,924,0,0,924.000,0.46
1639789,1051578,1422359,78,5208,894,0,0,894.000,0.46
1639789,1051578,399078,15,5458,906,0,0,906.000,0.46
1640609,FAILED,FAILED,FAILED,FAILED,FAILED,FAILED,FAILED,FAILED,FAILED
1640633,FAILED,FAILED,FAILED,FAILED,FAILED,FAILED,FAILED,FAILED,FAILED
1641089,FAILED,FAILED,FAILED,FAILED,FAILED,FAILED,FAILED,FAILED,FAILED
1641659,202872,24553,178,4917,885,0,0,885.000,1.21
1641659,202872,84220,13,4750,885,0,0,885.000,1.21
1641659,434105,119278,919,4667,885,0,0,885.000,1.21
1641659,434105,93630,15,4792,885,0,0,885.000,1.21
1641659,1580744,77018,45,4916,885,0,0,885.000,1.21
1641659,1580744,1295821,15,4833,885,0,0,885.000,1.21
1641659,1007290,1234326,365,4833,885,0,0,885.000,1.21
1641659,1007290,294148,15,4725,885,0,0,885.000,1.21
1641659,434908,787598,239,4792,885,0,0,885.000,1.21
1641659,434908,1420846,14,5041,885,0,0,885.000,1.21
1641659,989887,520374,249,4833,885,0,0,885.000,1.21
1641659,989887,1395652,16,5042,885,0,0,885.000,1.21
1641659,56905,345772,131,4833,885,0,0,885.000,1.21
1641659,56905,377350,12,4709,885,0,0,885.000,1.21
1641659,824952,167582,469,4934,885,0,0,885.000,1.21
1641659,824952,1593833,11,4959,885,0,0,885.000,1.21
1641659,1415306,1270933,298,4851,885,0,0,885.000,1.21
1641659,1415306,1425405,10,5041,885,0,0,885.000,1.21
1641659,1638106,128586,78,4958,885,0,0,885.000,1.21
1641659,1638106,1426150,17,4934,885,0,0,885.000,1.21
1641863,584718,224558,1211,4959,843,0,0,843.000,1.17
1641863,584718,711867,15,4602,843,0,0,843.000,1.17
1641863,36918,824310,197,4727,843,0,0,843.000,1.17
1641863,36918,1283034,11,4959,843,0,0,843.000,1.17
1641863,907179,1538296,331,4791,843,0,0,843.000,1.17
1641863,907179,763657,16,5167,843,0,0,843.000,1.17
1641863,537080,1055522,8,4666,843,0,0,843.000,1.17
1641863,537080,739836,10,4708,843,0,0,843.000,1.17
1641863,1443968,1236692,694,4708,843,0,0,843.000,1.17
1641863,1443968,1182788,11,4934,843,0,0,843.000,1.17
1641863,1106989,302587,53,4893,843,0,0,843.000,1.17
1641863,1106989,701092,4,4916,843,0,0,843.000,1.17
1641863,1168303,1008482,12,4750,843,0,0,843.000,1.17
1641863,1168303,233445,4,4875,843,0,0,843.000,1.17
1641863,130114,341773,182,4708,843,0,0,843.000,1.17
1641863,130114,1226977,14,5125,843,0,0,843.000,1.17
1641863,1275125,479195,120,5083,843,0,0,843.000,1.17
1641863,1275125,1471059,15,5250,843,0,0,843.000,1.17
1641863,663891,1403758,136,4875,843,0,0,843.000,1.17
1641863,663891,154911,15,4851,843,0,0,843.000,1.17
1642517,180432,807286,43,6458,858,0,0,858.000,0.86
1642517,180432,661149,14,6625,870,0,0,870.000,0.86
1642517,492733,1078979,43,5375,870,0,0,870.000,0.86
1642517,492733,863072,16,5708,882,0,0,882.000,0.86
1642517,988660,1486654,156,4958,852,0,0,852.000,0.86
1642517,988660,644342,8,5333,882,0,0,882.000,0.86
1642517,628892,959978,48,11708,870,0,0,870.000,0.86
1642517,628892,1412246,25,11642,864,0,0,864.000,0.86
1642517,968964,661118,77,5125,876,0,0,876.000,0.86
1642517,986208,534658,10,5250,888,0,0,888.000,0.86
1642517,968964,1164799,3,5375,864,0,0,864.000,0.86
1642517,986208,1217936,16,5583,870,0,0,870.000,0.86
1642517,1601817,820758,432,5250,870,0,0,870.000,0.86
1642517,1601817,131359,11,4875,840,0,0,840.000,0.86
1642517,371931,354017,8,5167,858,0,0,858.000,0.86
1642517,371931,1491223,16,5267,858,0,0,858.000,0.86
1642517,590444,1459084,554,5000,864,0,0,864.000,0.86
1642517,590444,1022766,7,5291,876,0,0,876.000,0.86
1642517,1177240,199754,326,5125,876,0,0,876.000,0.86
1642517,1177240,13027,10,5726,894,0,0,894.000,0.86
1643959,627521,1326946,154,5250,885,0,0,885.000,1.53
1643959,627521,1189317,15,4916,885,0,0,885.000,1.53
1643959,194140,1500410,1135,4792,885,0,0,885.000,1.53
1643959,194140,1624268,16,5292,885,0,0,885.000,1.53
1643959,514118,257175,186,4852,885,0,0,885.000,1.53
1643959,514118,129175,13,5084,885,0,0,885.000,1.53
1643959,1031110,839529,15,11167,885,0,0,885.000,1.53
1643959,1031110,292509,40,11000,885,0,0,885.000,1.53
1643959,1185299,1089961,867,4667,885,0,0,885.000,1.53
1643959,1185299,197744,16,5709,885,0,0,885.000,1.53
1643959,1312721,341546,182,4834,885,0,0,885.000,1.53
1643959,1312721,808326,15,5042,885,0,0,885.000,1.53
1643959,1403799,1371955,413,4916,885,0,0,885.000,1.53
1643959,1403799,192350,13,5000,885,0,0,885.000,1.53
1643959,472917,1057335,2,11125,885,0,0,885.000,1.53
1643959,472917,262033,36,11000,885,0,0,885.000,1.53
1643959,1412038,1023873,416,4833,885,0,0,885.000,1.53
1643959,1412038,579398,8,4958,885,0,0,885.000,1.53
1643959,859175,498286,499,11350,885,0,0,885.000,1.53
1643959,859175,979311,17,11292,885,0,0,885.000,1.53
1645543,1588042,1640393,663,4685,906,0,0,906.000,0.78
1645543,1588042,404425,12,4750,906,0,0,906.000,0.78
1645543,1055781,1453740,301,5041,906,0,0,906.000,0.78
1645543,1055781,1467462,16,5084,906,0,0,906.000,0.78
1645543,1257269,803819,39,5042,906,0,0,906.000,0.78
1645543,1257269,789741,15,4916,906,0,0,906.000,0.78
1645543,516911,1621410,192,4708,906,0,0,906.000,0.78
1645543,516911,482836,16,4833,906,0,0,906.000,0.78
1645543,1600887,100849,131,5042,906,0,0,906.000,0.78
1645543,1600887,1283132,8,5000,906,0,0,906.000,0.78
1645543,1245592,609509,471,4833,906,0,0,906.000,0.78
1645543,789761,177376,8,11875,906,0,0,906.000,0.78
1645543,1245592,308212,10,4958,906,0,0,906.000,0.78
1645543,789761,442089,42,11708,906,0,0,906.000,0.78
1645543,217993,1551860,146,4709,906,0,0,906.000,0.78
1645543,217993,996981,19,4917,906,0,0,906.000,0.78
1645543,1587043,1130622,15,5042,906,0,0,906.000,0.78
1645543,1587043,262661,15,4959,906,0,0,906.000,0.78
1645543,242460,223329,14,4916,906,0,0,906.000,0.78
1645543,242460,521646,19,5042,906,0,0,906.000,0.78
1650167,1422814,294371,496,4875,927,0,0,927.000,1.50
1650167,1422814,1087093,11,5042,927,0,0,927.000,1.50
1650167,444350,147042,268,4833,927,0,0,927.000,1.50
1650167,444350,508176,7,4959,927,0,0,927.000,1.50
1650167,1182690,496039,139,5083,927,0,0,927.000,1.50
1650167,1182690,1099738,12,5208,927,0,0,927.000,1.50
1650167,909843,790221,354,4875,927,0,0,927.000,1.50
1650167,909843,822532,12,4975,927,0,0,927.000,1.50
1650167,1403950,194946,1016,4917,927,0,0,927.000,1.50
1650167,1403950,1623745,14,4810,927,0,0,927.000,1.50
1650167,616081,534290,245,4791,927,0,0,927.000,1.50
1650167,616081,385009,18,5042,927,0,0,927.000,1.50
1650167,1033319,273178,343,5250,927,0,0,927.000,1.50
1650167,1033319,738912,16,5434,927,0,0,927.000,1.50
1650167,365687,1021354,57,4791,927,0,0,927.000,1.50
1650167,365687,1596947,11,4875,927,0,0,927.000,1.50
1650167,892603,1430098,350,4958,927,0,0,927.000,1.50
1650167,892603,412167,13,4875,927,0,0,927.000,1.50
1650167,1391498,628609,307,5000,927,0,0,927.000,1.50
1650167,1391498,1394130,10,5143,927,0,0,927.000,1.50
1650743,668443,821238,42,5893,843,0,0,843.000,0.57
1650743,668443,717453,7,5209,843,0,0,843.000,0.57
1650743,136559,934978,140,4666,843,0,0,843.000,0.57
1650743,136559,1436742,9,4792,843,0,0,843.000,0.57
1650743,562049,1181401,136,4750,843,0,0,843.000,0.57
1650743,562049,1409461,7,4667,843,0,0,843.000,0.57
1650743,1281600,455438,170,4666,843,0,0,843.000,0.57
1650743,1281600,496635,10,4791,843,0,0,843.000,0.57
1650743,889550,551158,135,4792,843,0,0,843.000,0.57
1650743,889550,351917,15,4750,843,0,0,843.000,0.57
1650743,1526174,942712,210,4875,843,0,0,843.000,0.57
1650743,1526174,1445793,10,4893,843,0,0,843.000,0.57
1650743,164225,287992,266,4934,843,0,0,843.000,0.57
1650743,164225,1516822,18,4875,843,0,0,843.000,0.57
1650743,351879,583557,79,12642,843,0,0,843.000,0.57
1650743,996879,1608527,5,4875,843,0,0,843.000,0.57
1650743,996879,257489,14,4958,843,0,0,843.000,0.57
1650743,351879,253809,7,11375,843,0,0,843.000,0.57
1650743,832019,881515,24,5041,843,0,0,843.000,0.57
1650743,832019,1410827,16,4750,843,0,0,843.000,0.57
1652377,FAILED,FAILED,FAILED,FAILED,FAILED,FAILED,FAILED,FAILED,FAILED
1653181,240106,1017722,653,5250,921,0,0,921.000,2.08
1653181,240106,738737,13,5333,927,0,0,927.000,2.08
1653181,1564578,655148,281,5185,915,0,0,915.000,2.08
1653181,1564578,950461,8,5625,915,0,0,915.000,2.08
1653181,85943,1205991,58,5209,915,0,0,915.000,2.08
1653181,85943,1580590,19,5292,921,0,0,921.000,2.08
1653181,221588,1030090,39,5250,921,0,0,921.000,2.08
1653181,221588,454755,18,5351,921,0,0,921.000,2.08
1653181,599450,730673,2109,5250,921,0,0,921.000,2.08
1653181,599450,1600944,19,5375,927,0,0,927.000,2.08
1653181,30251,1308746,420,5142,927,0,0,927.000,2.08
1653181,30251,210348,10,5458,933,0,0,933.000,2.08
1653181,89817,1448698,14,5208,921,0,0,921.000,2.08
1653181,89817,445282,11,5375,951,0,0,951.000,2.08
1653181,285043,114702,161,5476,945,0,0,945.000,2.08
1653181,285043,1635561,14,5375,933,0,0,933.000,2.08
1653181,726884,910211,738,5209,939,0,0,939.000,2.08
1653181,726884,245360,20,5601,939,0,0,939.000,2.08
1653181,500753,1172011,289,5375,927,0,0,927.000,2.08
1653181,500753,63226,14,5375,939,0,0,939.000,2.08
1653689,FAILED,FAILED,FAILED,FAILED,FAILED,FAILED,FAILED,FAILED,FAILED
1654111,1222003,1473090,177,4917,885,0,0,885.000,1.50
1654111,1222003,518597,17,4791,885,0,0,885.000,1.50
1654111,738340,1078215,326,5041,885,0,0,885.000,1.50
1654111,738340,1178996,12,4768,885,0,0,885.000,1.50
1654111,903559,382097,1,5309,885,0,0,885.000,1.50
1654111,903559,1292227,18,5166,885,0,0,885.000,1.50
1654111,551335,1112815,580,4833,885,0,0,885.000,1.50
1654111,551335,1024475,18,5042,885,0,0,885.000,1.50
1654111,534145,617413,143,4833,885,0,0,885.000,1.50
1654111,534145,665195,16,5041,885,0,0,885.000,1.50
1654111,646434,936193,303,4875,885,0,0,885.000,1.50
1654111,646434,723233,14,4958,885,0,0,885.000,1.50
1654111,1333651,1155594,960,4833,885,0,0,885.000,1.50
1654111,1333651,139631,11,4709,885,0,0,885.000,1.50
1654111,80852,1287464,380,4850,885,0,0,885.000,1.50
1654111,80852,631642,17,4709,885,0,0,885.000,1.50
1654111,356469,263877,827,4750,885,0,0,885.000,1.50
1654111,356469,1250277,16,4833,885,0,0,885.000,1.50
1654111,827966,1108522,19,5125,885,0,0,885.000,1.50
1654111,827966,439782,15,4959,885,0,0,885.000,1.50
1654663,1637981,1129357,290,4791,906,0,0,906.000,1.26
1654663,1637981,523545,12,4708,906,0,0,906.000,1.26
1654663,849740,963301,1167,4768,906,0,0,906.000,1.26
1654663,849740,1427863,8,4875,906,0,0,906.000,1.26
1654663,819454,1115828,242,4959,906,0,0,906.000,1.26
1654663,313093,237203,12,4934,906,0,0,906.000,1.26
1654663,819454,881751,1,5101,906,0,0,906.000,1.26
1654663,313093,1560985,12,5167,906,0,0,906.000,1.26
1654663,229341,1357102,85,5083,906,0,0,906.000,1.26
1654663,229341,177307,10,4792,906,0,0,906.000,1.26
1654663,704630,622694,758,4792,906,0,0,906.000,1.26
1654663,704630,1524782,14,4833,906,0,0,906.000,1.26
1654663,1652508,397923,125,4833,906,0,0,906.000,1.26
1654663,1652508,709416,12,4875,906,0,0,906.000,1.26
1654663,1265638,820075,328,5292,906,0,0,906.000,1.26
1654663,1265638,747650,18,5083,906,0,0,906.000,1.26
1654663,147155,878641,43,4833,906,0,0,906.000,1.26
1654663,147155,1530764,8,5000,906,0,0,906.000,1.26
1654663,847083,582645,45,4975,906,0,0,906.000,1.26
1654663,847083,1600808,12,4916,906,0,0,906.000,1.26
1655947,1343308,861926,270,4935,843,0,0,843.000,0.96
1655947,1343308,875072,14,4834,843,0,0,843.000,0.96
1655947,1591707,1123735,121,4959,843,0,0,843.000,0.96
1655947,1591707,643401,17,5042,843,0,0,843.000,0.96
1655947,987126,1236990,317,4709,843,0,0,843.000,0.96
1655947,987126,1516428,10,4809,843,0,0,843.000,0.96
1655947,383000,413108,221,4709,843,0,0,843.000,0.96
1655947,383000,441713,13,4708,843,0,0,843.000,0.96
1655947,1316397,134310,442,4625,843,0,0,843.000,0.96
1655947,1316397,244502,13,5042,843,0,0,843.000,0.96
1655947,1118552,201695,13,5000,843,0,0,843.000,0.96
1655947,1118552,1455651,16,4792,843,0,0,843.000,0.96
1655947,218569,1550837,168,4792,843,0,0,843.000,0.96
1655947,218569,169705,14,4875,843,0,0,843.000,0.96
1655947,639819,231416,201,4851,843,0,0,843.000,0.96
1655947,639819,426869,15,4792,843,0,0,843.000,0.96
1655947,207680,132531,683,4792,843,0,0,843.000,0.96
1655947,207680,287748,21,4708,843,0,0,843.000,0.96
1655947,710957,1355426,100,4625,843,0,0,843.000,0.96
1655947,710957,87055,18,4708,843,0,0,843.000,0.96
1657939,1519440,842486,198,4625,864,0,0,864.000,0.62
1657939,1519440,178506,13,4750,864,0,0,864.000,0.62
1657939,43737,426329,39,5125,864,0,0,864.000,0.62
1657939,43737,652659,15,4833,864,0,0,864.000,0.62
1657939,1248802,100436,763,4851,864,0,0,864.000,0.62
1657939,1248802,1127361,12,4708,864,0,0,864.000,0.62
1657939,1208330,1378665,80,4708,864,0,0,864.000,0.62
1657939,1208330,610412,14,4708,864,0,0,864.000,0.62
1657939,944107,448664,201,4750,864,0,0,864.000,0.62
1657939,109769,1257820,6,4792,864,0,0,864.000,0.62
1657939,944107,1252156,6,5125,864,0,0,864.000,0.62
1657939,109769,970032,4,4667,864,0,0,864.000,0.62
1657939,656291,172724,40,4684,864,0,0,864.000,0.62
1657939,656291,814917,18,4833,864,0,0,864.000,0.62
1657939,20401,16758,33,4750,864,0,0,864.000,0.62
1657939,20401,1219472,16,5042,864,0,0,864.000,0.62
1657939,1230370,1425026,1,13042,864,0,0,864.000,0.62
1657939,1230370,296446,31,11476,864,0,0,864.000,0.62
1657939,977658,1282897,51,4917,864,0,0,864.000,0.62
1657939,977658,850326,17,5166,864,0,0,864.000,0.62
1658309,194118,614599,57,6375,948,0,0,948.000,0.78
1658309,194118,615056,9,6250,918,0,0,918.000,0.78
1658309,898927,55048,401,5334,954,0,0,954.000,0.78
1658309,898927,814879,19,5434,936,0,0,936.000,0.78
1658309,886209,1091253,386,5541,960,0,0,960.000,0.78
1658309,886209,424249,16,5601,948,0,0,948.000,0.78
1658309,392709,300546,71,5125,948,0,0,948.000,0.78
1658309,21833,97583,2,5309,948,0,0,948.000,0.78
1658309,392709,848276,8,5184,930,0,0,930.000,0.78
1658309,21833,49442,7,5375,942,0,0,942.000,0.78
1658309,434116,316741,178,5250,954,0,0,954.000,0.78
1658309,130082,790366,6,5208,942,0,0,942.000,0.78
1658309,434116,1293921,4,5333,948,0,0,948.000,0.78
1658309,130082,1213409,5,5542,960,0,0,960.000,0.78
1658309,898285,1244966,326,5458,936,0,0,936.000,0.78
1658309,898285,683602,15,5851,954,0,0,954.000,0.78
1658309,595270,1262952,228,5083,930,0,0,930.000,0.78
1658309,595270,295322,14,5041,930,0,0,930.000,0.78
1658309,1037327,1016129,74,5375,978,0,0,978.000,0.78
1658309,1037327,1629299,19,5375,954,0,0,954.000,0.78
1660889,FAILED,FAILED,FAILED,FAILED,FAILED,FAILED,FAILED,FAILED,FAILED
1665173,319577,1137052,468,5209,927,0,0,927.000,1.43
1665173,319577,856177,8,5542,939,0,0,939.000,1.43
1665173,925319,141765,403,5333,927,0,0,927.000,1.43
1665173,925319,1342333,9,5250,915,0,0,915.000,1.43
1665173,1470560,124508,283,5184,921,0,0,921.000,1.43
1665173,1470560,70999,15,5709,945,0,0,945.000,1.43
1665173,1214265,1023344,146,5459,939,0,0,939.000,1.43
1665173,1214265,307638,13,5267,927,0,0,927.000,1.43
1665173,1177594,1621430,473,5250,921,0,0,921.000,1.43
1665173,1177594,74850,8,5708,939,0,0,939.000,1.43
1665173,1454458,804082,431,5208,921,0,0,921.000,1.43
1665173,1454458,799446,14,5584,915,0,0,915.000,1.43
1665173,638783,1408757,20,5250,927,0,0,927.000,1.43
1665173,638783,457306,18,5375,933,0,0,933.000,1.43
1665173,1021700,955855,680,5416,921,0,0,921.000,1.43
1665173,1021700,722849,19,5667,927,0,0,927.000,1.43
1665173,22157,493807,72,5417,933,0,0,933.000,1.43
1665173,22157,1210796,9,5602,927,0,0,927.000,1.43
1665173,1195676,994137,220,5042,909,0,0,909.000,1.43
1665173,1195676,1267653,13,5393,927,0,0,927.000,1.43
1667473,FAILED,FAILED,FAILED,FAILED,FAILED,FAILED,FAILED,FAILED,FAILED
1667663,1217961,408705,66,6333,864,0,0,864.000,0.98
1667663,1217961,632942,21,5833,864,0,0,864.000,0.98
1667663,1401727,437424,59,4834,864,0,0,864.000,0.98
1667663,1401727,314493,19,4875,864,0,0,864.000,0.98
1667663,889787,1423358,294,5208,864,0,0,864.000,0.98
1667663,889787,1459476,18,4750,864,0,0,864.000,0.98
1667663,463623,208357,209,11392,864,0,0,864.000,0.98
1667663,463623,1646785,27,11084,864,0,0,864.000,0.98
1667663,952792,1567477,440,4750,864,0,0,864.000,0.98
1667663,952792,575246,13,4750,864,0,0,864.000,0.98
1667663,1248791,1334985,41,4727,864,0,0,864.000,0.98
1667663,1248791,38073,13,4959,864,0,0,864.000,0.98
1667663,5837,1008522,46,4792,864,0,0,864.000,0.98
1667663,5837,1289963,15,4875,864,0,0,864.000,0.98
1667663,1610775,1639845,602,4792,864,0,0,864.000,0.98
1667663,1610775,927590,11,4810,864,0,0,864.000,0.98
1667663,151742,1637720,515,4708,864,0,0,864.000,0.98
1667663,151742,213909,17,4833,864,0,0,864.000,0.98
1667663,599008,1237518,216,4666,864,0,0,864.000,0.98
1667663,599008,434940,20,5000,864,0,0,864.000,0.98
1668299,1663044,636745,100,6208,906,0,0,906.000,1.32
1668299,1663044,1174357,19,6083,906,0,0,906.000,1.32
1668299,590231,12573,68,4917,906,0,0,906.000,1.32
1668299,590231,1202138,22,5125,906,0,0,906.000,1.32
1668299,94125,1243947,156,5060,906,0,0,906.000,1.32
1668299,94125,11749,12,4833,906,0,0,906.000,1.32
1668299,794829,1493004,255,5000,906,0,0,906.000,1.32
1668299,794829,717405,21,4933,906,0,0,906.000,1.32
1668299,600476,907972,537,5000,906,0,0,906.000,1.32
1668299,600476,806350,12,5000,906,0,0,906.000,1.32
1668299,1518582,1302278,308,5000,906,0,0,906.000,1.32
1668299,1518582,488797,9,5000,906,0,0,906.000,1.32
1668299,1094296,811123,422,5041,906,0,0,906.000,1.32
1668299,1094296,453798,6,5042,906,0,0,906.000,1.32
1668299,807654,1171466,112,4934,906,0,0,906.000,1.32
1668299,807654,1327442,11,5084,906,0,0,906.000,1.32
1668299,1658600,467706,394,5209,906,0,0,906.000,1.32
1668299,1658600,99882,12,5083,906,0,0,906.000,1.32
1668299,1201753,454468,598,4810,906,0,0,906.000,1.32
1668299,1201753,44809,8,4959,906,0,0,906.000,1.32
1668379,1050770,655404,592,5102,906,0,0,906.000,1.25
1668379,1050770,1472324,12,4958,906,0,0,906.000,1.25
1668379,810284,772918,663,4833,906,0,0,906.000,1.25
1668379,810284,266218,13,5000,906,0,0,906.000,1.25
1668379,904337,1496634,182,4875,906,0,0,906.000,1.25
1668379,904337,845458,13,4917,906,0,0,906.000,1.25
1668379,17060,1580910,136,5042,906,0,0,906.000,1.25
1668379,17060,586827,16,5042,906,0,0,906.000,1.25
1668379,43771,1163153,651,4750,906,0,0,906.000,1.25
1668379,43771,707056,18,4834,906,0,0,906.000,1.25
1668379,1612089,1213357,47,4917,906,0,0,906.000,1.25
1668379,1612089,1533549,18,5458,906,0,0,906.000,1.25
1668379,453086,862275,233,4916,906,0,0,906.000,1.25
1668379,453086,612934,15,5083,906,0,0,906.000,1.25
1668379,860273,561174,337,4875,906,0,0,906.000,1.25
1668379,860273,150708,12,4875,906,0,0,906.000,1.25
1668379,254320,623423,128,4792,906,0,0,906.000,1.25
1668379,254320,856040,14,5517,906,0,0,906.000,1.25
1668379,507528,1191806,218,5059,906,0,0,906.000,1.25
1668379,507528,658584,16,4875,906,0,0,906.000,1.25
1668983,125248,877377,56,6334,948,0,0,948.000,0.52
1668983,248851,1137192,4,6584,948,0,0,948.000,0.52
1668983,125248,1438076,11,6417,948,0,0,948.000,0.52
1668983,248851,1074053,7,6875,948,0,0,948.000,0.52
1668983,538945,1273001,344,4875,948,0,0,948.000,0.52
1668983,1514764,1432069,12,12125,948,0,0,948.000,0.52
1668983,538945,391013,2,5208,948,0,0,948.000,0.52
1668983,1514764,122899,31,11893,948,0,0,948.000,0.52
1668983,1522687,1274129,17,5125,948,0,0,948.000,0.52
1668983,1522687,1601,9,4958,948,0,0,948.000,0.52
1668983,1552014,1584095,21,4875,948,0,0,948.000,0.52
1668983,1552014,331856,12,5000,948,0,0,948.000,0.52
1668983,438155,348004,133,4959,948,0,0,948.000,0.52
1668983,438155,241381,21,5042,948,0,0,948.000,0.52
1668983,417510,785031,171,5000,948,0,0,948.000,0.52
1668983,417510,587215,16,5083,948,0,0,948.000,0.52
1668983,302990,1368237,284,5375,948,0,0,948.000,0.52
1668983,302990,1103382,14,5267,948,0,0,948.000,0.52
1668983,942409,1200144,185,5250,948,0,0,948.000,0.52
1668983,942409,1080363,12,5166,948,0,0,948.000,0.52
1669541,1601218,855830,368,12643,951,0,0,951.000,0.88
1669541,176529,1223221,2,5559,975,0,0,975.000,0.88
1669541,176529,691984,10,5833,957,0,0,957.000,0.88
1669541,1601218,818936,13,12833,969,0,0,969.000,0.88
1669541,975603,949951,305,5416,969,0,0,969.000,0.88
1669541,975603,736571,18,5333,975,0,0,975.000,0.88
1669541,755911,1517969,27,5667,969,0,0,969.000,0.88
1669541,755911,1071394,21,5125,951,0,0,951.000,0.88
1669541,614787,1171898,324,5292,957,0,0,957.000,0.88
1669541,614787,1519593,6,5625,975,0,0,975.000,0.88
1669541,580126,295809,153,5500,957,0,0,957.000,0.88
1669541,580126,728384,12,5500,945,0,0,945.000,0.88
1669541,759833,688046,27,5351,963,0,0,963.000,0.88
1669541,759833,16117,21,5667,969,0,0,969.000,0.88
1669541,890573,697179,517,5375,957,0,0,957.000,0.88
1669541,890573,1091404,13,5684,969,0,0,969.000,0.88
1669541,1669461,1313508,153,12601,957,0,0,957.000,0.88
1669541,1669461,1431812,38,12917,969,0,0,969.000,0.88
1669541,561560,1601017,48,5125,951,0,0,951.000,0.88
1669541,259814,538335,10,5475,981,0,0,981.000,0.88
1671311,1178765,761630,108,4708,801,0,0,801.000,1.68
1671311,1178765,1584421,20,4833,801,0,0,801.000,1.68
1671311,606616,775142,76,4643,801,0,0,801.000,1.68
1671311,606616,773497,9,4792,801,0,0,801.000,1.68
1671311,1428192,311363,84,11101,801,0,0,801.000,1.68
1671311,1459015,1167302,10,5000,801,0,0,801.000,1.68
1671311,1459015,1410603,18,5166,801,0,0,801.000,1.68
1671311,1428192,120576,6,10916,801,0,0,801.000,1.68
1671311,1042997,1536757,516,4625,801,0,0,801.000,1.68
1671311,1042997,156753,12,4542,801,0,0,801.000,1.68
1671311,1138710,407541,485,4808,801,0,0,801.000,1.68
1671311,1138710,1130750,12,4708,801,0,0,801.000,1.68
1671311,836170,623339,1408,4625,801,0,0,801.000,1.68
1671311,836170,149911,15,4792,801,0,0,801.000,1.68
1671311,354849,486212,995,4792,801,0,0,801.000,1.68
1671311,354849,1429112,10,5000,801,0,0,801.000,1.68
1671311,895912,326771,100,4750,801,0,0,801.000,1.68
1671311,895912,1385579,12,4833,801,0,0,801.000,1.68
1671311,829287,962135,616,4500,801,0,0,801.000,1.68
1671311,829287,1503079,12,4750,801,0,0,801.000,1.68
1676879,840866,1623295,75,4750,864,0,0,864.000,1.02
1676879,840866,1100643,12,4792,864,0,0,864.000,1.02
1676879,844799,138901,103,4851,864,0,0,864.000,1.02
1676879,844799,736882,20,5500,864,0,0,864.000,1.02
1676879,1111651,850474,757,4792,864,0,0,864.000,1.02
1676879,1111651,1589554,13,4792,864,0,0,864.000,1.02
1676879,174556,1280811,152,4725,864,0,0,864.000,1.02
1676879,174556,912117,4,4833,864,0,0,864.000,1.02
1676879,1378573,1321637,270,4750,864,0,0,864.000,1.02
1676879,1378573,395656,17,4666,864,0,0,864.000,1.02
1676879,1036204,87644,340,4834,864,0,0,864.000,1.02
1676879,1036204,1112245,11,4792,864,0,0,864.000,1.02
1676879,761945,116556,512,4875,864,0,0,864.000,1.02
1676879,761945,562460,23,5042,864,0,0,864.000,1.02
1676879,1596370,740893,71,4833,864,0,0,864.000,1.02
1676879,1596370,1630113,21,4750,864,0,0,864.000,1.02
1676879,1315135,1081022,280,4708,864,0,0,864.000,1.02
1676879,1315135,1261488,22,5000,864,0,0,864.000,1.02
1676879,60015,1229552,58,4810,864,0,0,864.000,1.02
1676879,60015,179510,13,4791,864,0,0,864.000,1.02
1680407,145542,965348,30,5833,843,0,0,843.000,1.44
1680407,145542,670849,18,6042,843,0,0,843.000,1.44
1680407,367218,64778,56,6083,843,0,0,843.000,1.44
1680407,367218,583046,18,6209,843,0,0,843.000,1.44
1680407,1523107,872102,426,4750,843,0,0,843.000,1.44
1680407,1523107,826521,6,4750,843,0,0,843.000,1.44
1680407,1613042,643794,1112,4708,843,0,0,843.000,1.44
1680407,1613042,931223,7,5417,843,0,0,843.000,1.44
1680407,237106,1187719,148,4709,843,0,0,843.000,1.44
1680407,237106,207411,10,4917,843,0,0,843.000,1.44
1680407,577279,1318676,436,4958,843,0,0,843.000,1.44
1680407,577279,718925,12,5000,843,0,0,843.000,1.44
1680407,139156,1358985,143,11250,843,0,0,843.000,1.44
1680407,139156,147443,83,28435,843,0,0,843.000,1.44
1680407,1538742,759344,322,4916,843,0,0,843.000,1.44
1680407,1538742,686965,16,4917,843,0,0,843.000,1.44
1680407,509428,965902,367,4708,843,0,0,843.000,1.44
1680407,509428,334598,8,4667,843,0,0,843.000,1.44
1680407,1188262,498587,72,4875,843,0,0,843.000,1.44
1680407,1188262,459734,15,5042,843,0,0,843.000,1.44
1687757,716443,1637919,539,5250,906,0,0,906.000,1.32
1687757,716443,1588558,16,5500,906,0,0,906.000,1.32
1687757,513917,1001360,132,5375,936,0,0,936.000,1.32
1687757,513917,103353,17,5208,888,0,0,888.000,1.32
1687757,742849,343879,226,5292,894,0,0,894.000,1.32
1687757,742849,268721,15,5541,918,0,0,918.000,1.32
1687757,693765,1663575,426,5625,912,0,0,912.000,1.32
1687757,693765,1629019,17,5584,924,0,0,924.000,1.32
1687757,1312478,738013,1109,5058,888,0,0,888.000,1.32
1687757,1312478,1519732,18,5291,918,0,0,918.000,1.32
1687757,1335367,795693,52,5541,924,0,0,924.000,1.32
1687757,1335367,1245038,13,5435,906,0,0,906.000,1.32
1687757,517553,1070856,306,12125,900,0,0,900.000,1.32
1687757,391295,670236,16,5183,912,0,0,912.000,1.32
1687757,517553,117241,9,12392,930,0,0,930.000,1.32
1687757,391295,534538,4,5542,894,0,0,894.000,1.32
1687757,57464,524273,113,5250,906,0,0,906.000,1.32
1687757,57464,1398906,16,5625,918,0,0,918.000,1.32
1687757,1244672,475801,247,12125,912,0,0,912.000,1.32
1687757,1244672,35752,35,12517,924,0,0,924.000,1.32
1689713,FAILED,FAILED,FAILED,FAILED,FAILED,FAILED,FAILED,FAILED,FAILED
1690153,FAILED,FAILED,FAILED,FAILED,FAILED,FAILED,FAILED,FAILED,FAILED
1691119,1422733,636275,247,5000,927,0,0,927.000,0.78
1691119,1422733,1625774,23,4875,927,0,0,927.000,0.78
1691119,188077,559529,118,4917,927,0,0,927.000,0.78
1691119,408327,73062,15,4809,927,0,0,927.000,0.78
1691119,188077,1004671,3,5060,927,0,0,927.000,0.78
1691119,408327,373182,12,5042,927,0,0,927.000,0.78
1691119,161177,1064517,37,4958,927,0,0,927.000,0.78
1691119,161177,1469776,9,5167,927,0,0,927.000,0.78
1691119,1286452,1631106,462,4833,927,0,0,927.000,0.78
1691119,1286452,638311,8,4916,927,0,0,927.000,0.78
1691119,940051,1184305,179,5250,927,0,0,927.000,0.78
1691119,940051,560260,10,5208,927,0,0,927.000,0.78
1691119,1492258,12216,152,4791,927,0,0,927.000,0.78
1691119,1492258,330066,10,4917,927,0,0,927.000,0.78
1691119,171921,841857,329,4726,927,0,0,927.000,0.78
1691119,171921,688087,10,4708,927,0,0,927.000,0.78
1691119,538091,1292841,20,4875,927,0,0,927.000,0.78
1691119,538091,553461,13,4875,927,0,0,927.000,0.78
1691119,1068199,158776,148,5042,927,0,0,927.000,0.78
1691119,1068199,505049,19,5041,927,0,0,927.000,0.78
1695233,FAILED,FAILED,FAILED,FAILED,FAILED,FAILED,FAILED,FAILED,FAILED
1696333,1406888,1416132,63,5267,915,0,0,915.000,1.12
1696333,1406888,1282267,14,5500,897,0,0,897.000,1.12
1696333,153613,603159,470,5084,921,0,0,921.000,1.12
1696333,153613,1556572,19,5185,909,0,0,909.000,1.12
1696333,1153980,731324,40,5375,933,0,0,933.000,1.12
1696333,1153980,481582,9,5291,921,0,0,921.000,1.12
1696333,193208,418725,7,5167,915,0,0,915.000,1.12
1696333,193208,1598353,19,5600,927,0,0,927.000,1.12
1696333,1547915,1132082,102,5708,921,0,0,921.000,1.12
1696333,1547915,1132583,7,5291,927,0,0,927.000,1.12
1696333,92664,585299,187,5375,933,0,0,933.000,1.12
1696333,92664,123536,12,5500,933,0,0,933.000,1.12
1696333,1349239,1329487,392,12350,927,0,0,927.000,1.12
1696333,1349239,634365,17,12292,933,0,0,933.000,1.12
1696333,919055,699546,132,5166,927,0,0,927.000,1.12
1696333,919055,1259529,12,5458,927,0,0,927.000,1.12
1696333,1614346,1505941,573,5435,945,0,0,945.000,1.12
1696333,1614346,466600,11,5625,933,0,0,933.000,1.12
1696333,153719,1429343,411,5167,927,0,0,927.000,1.12
1696333,153719,286272,9,5433,945,0,0,945.000,1.12
1697719,1158707,161529,78,6334,948,0,0,948.000,0.69
1697719,1158707,223294,18,6101,948,0,0,948.000,0.69
1697719,590083,1588780,129,12583,948,0,0,948.000,0.69
1697719,929792,1105330,19,5000,948,0,0,948.000,0.69
1697719,929792,1078351,22,5250,948,0,0,948.000,0.69
1697719,590083,1410607,8,12559,948,0,0,948.000,0.69
1697719,822443,263631,34,4959,948,0,0,948.000,0.69
1697719,822443,1304874,16,5250,948,0,0,948.000,0.69
1697719,224075,521128,133,12558,948,0,0,948.000,0.69
1697719,224075,641623,42,12458,948,0,0,948.000,0.69
1697719,1443008,1428583,249,5143,948,0,0,948.000,0.69
1697719,1443008,537017,9,5125,948,0,0,948.000,0.69
1697719,449900,817308,319,4958,948,0,0,948.000,0.69
1697719,449900,628425,15,5042,948,0,0,948.000,0.69
1697719,1055989,1257147,257,5000,948,0,0,948.000,0.69
1697719,1055989,910098,13,5042,948,0,0,948.000,0.69
1697719,1393753,1296177,150,5042,948,0,0,948.000,0.69
1697719,1393753,317664,16,4792,948,0,0,948.000,0.69
1697719,1490122,93635,44,4933,948,0,0,948.000,0.69
1697719,1490122,901059,22,4792,948,0,0,948.000,0.69
1697989,76677,1017138,179,5334,966,0,0,966.000,0.63
1697989,76677,641164,15,5459,942,0,0,942.000,0.63
1697989,117652,951626,14,5125,942,0,0,942.000,0.63
1697989,117652,960430,10,5310,966,0,0,966.000,0.63
1697989,863384,861634,117,5167,948,0,0,948.000,0.63
1697989,863384,849774,13,5500,960,0,0,960.000,0.63
1697989,1540301,1662654,385,5458,948,0,0,948.000,0.63
1697989,1540301,992733,13,5334,948,0,0,948.000,0.63
1697989,863384,1517904,55,5208,942,0,0,942.000,0.63
1697989,863384,922112,15,5417,948,0,0,948.000,0.63
1697989,1362919,558703,19,5625,966,0,0,966.000,0.63
1697989,1362919,510153,8,5916,960,0,0,960.000,0.63
1697989,400694,117479,1,12583,966,0,0,966.000,0.63
1697989,400694,767217,23,12809,960,0,0,960.000,0.63
1697989,448958,1230654,267,5291,936,0,0,936.000,0.63
1697989,448958,736586,23,5375,930,0,0,930.000,0.63
1697989,672190,434699,8,5208,942,0,0,942.000,0.63
1697989,672190,1612272,11,5375,960,0,0,960.000,0.63
1697989,424039,409371,270,5416,966,0,0,966.000,0.63
1697989,424039,917344,18,5375,948,0,0,948.000,0.63
1698607,391064,1047057,251,4935,906,0,0,906.000,1.35
1698607,391064,139657,10,5084,906,0,0,906.000,1.35
1698607,121082,1573256,267,4833,906,0,0,906.000,1.35
1698607,121082,78521,14,4791,906,0,0,906.000,1.35
1698607,151371,345585,52,5000,906,0,0,906.000,1.35
1698607,151371,1571616,8,4917,906,0,0,906.000,1.35
1698607,1533509,1217116,137,4916,906,0,0,906.000,1.35
1698607,1533509,253917,11,4917,906,0,0,906.000,1.35
1698607,93473,1467104,131,4750,906,0,0,906.000,1.35
1698607,93473,1612565,13,4893,906,0,0,906.000,1.35
1698607,630784,207200,308,4833,906,0,0,906.000,1.35
1698607,630784,222774,21,5292,906,0,0,906.000,1.35
1698607,1566040,1415819,196,4875,906,0,0,906.000,1.35
1698607,1566040,1323287,18,4833,906,0,0,906.000,1.35
1698607,843649,338342,277,4959,906,0,0,906.000,1.35
1698607,843649,1100500,14,5000,906,0,0,906.000,1.35
1698607,435012,1063951,33,4917,906,0,0,906.000,1.35
1698607,435012,60909,17,4976,906,0,0,906.000,1.35
1698607,1106798,917140,1513,4892,906,0,0,906.000,1.35
1698607,1106798,1389537,13,4875,906,0,0,906.000,1.35
1699301,896412,266229,268,5560,1011,0,0,1011.000,1.10
1699301,896412,1668922,9,5500,987,0,0,987.000,1.10
1699301,1241852,281372,97,5583,1005,0,0,1005.000,1.10
1699301,1241852,576788,18,5625,1005,0,0,1005.000,1.10
1699301,1366081,285558,475,5250,1011,0,0,1011.000,1.10
1699301,1366081,1022465,17,5375,999,0,0,999.000,1.10
1699301,237970,1592478,86,5476,1005,0,0,1005.000,1.10
1699301,237970,1636353,18,5583,1005,0,0,1005.000,1.10
1699301,237969,1514051,283,5476,993,0,0,993.000,1.10
1699301,237969,1653809,15,5625,1017,0,0,1017.000,1.10
1699301,1201501,1097908,7,5166,1005,0,0,1005.000,1.10
1699301,1201501,1027623,19,5375,1017,0,0,1017.000,1.10
1699301,1552310,1091073,1,5500,1017,0,0,1017.000,1.10
1699301,1552310,1135795,23,5666,1035,0,0,1035.000,1.10
1699301,672833,747502,430,5542,1017,0,0,1017.000,1.10
1699301,672833,1035101,11,5310,999,0,0,999.000,1.10
1699301,342903,2961,616,5458,1011,0,0,1011.000,1.10
1699301,342903,725564,14,5458,999,0,0,999.000,1.10
1699301,1455981,191954,159,5584,1029,0,0,1029.000,1.10
1699301,1455981,240157,14,5417,1023,0,0,1023.000,1.10
1699783,137959,174772,126,4935,948,0,0,948.000,0.94
1699783,137959,204330,11,5000,948,0,0,948.000,0.94
1699783,798788,694927,422,4810,948,0,0,948.000,0.94
1699783,798788,1093021,16,4959,948,0,0,948.000,0.94
1699783,1261708,44448,524,5250,948,0,0,948.000,0.94
1699783,1261708,137258,13,5042,948,0,0,948.000,0.94
1699783,434044,925944,312,12101,948,0,0,948.000,0.94
1699783,434044,99951,26,11875,948,0,0,948.000,0.94
1699783,763920,1652629,309,5101,948,0,0,948.000,0.94
1699783,763920,826008,14,5000,948,0,0,948.000,0.94
1699783,1615052,1294441,132,4959,948,0,0,948.000,0.94
1699783,1615052,705087,20,4833,948,0,0,948.000,0.94
1699783,1049375,248494,137,5125,948,0,0,948.000,0.94
1699783,1049375,1514135,13,5125,948,0,0,948.000,0.94
1699783,877192,1041212,114,12042,948,0,0,948.000,0.94
1699783,551208,679356,10,4875,948,0,0,948.000,0.94
1699783,551208,289493,16,4850,948,0,0,948.000,0.94
1699783,877192,1538832,5,11934,948,0,0,948.000,0.94
1699783,862221,58612,108,5000,948,0,0,948.000,0.94
1699783,862221,1289283,15,5166,948,0,0,948.000,0.94
1699787,983868,456813,389,4917,969,0,0,969.000,1.85
1699787,983868,243677,10,5268,969,0,0,969.000,1.85
1699787,706294,401622,290,4958,969,0,0,969.000,1.85
1699787,706294,438994,9,5084,969,0,0,969.000,1.85
1699787,1538796,161507,61,4875,969,0,0,969.000,1.85
1699787,1538796,955806,13,5250,969,0,0,969.000,1.85
1699787,189727,947701,343,5000,969,0,0,969.000,1.85
1699787,189727,1211738,8,5000,969,0,0,969.000,1.85
1699787,1213234,1063384,228,4834,969,0,0,969.000,1.85
1699787,1213234,126102,18,4917,969,0,0,969.000,1.85
1699787,725805,647267,1148,5000,969,0,0,969.000,1.85
1699787,725805,624464,11,5250,969,0,0,969.000,1.85
1699787,116148,121022,353,4958,969,0,0,969.000,1.85
1699787,116148,1446988,12,4958,969,0,0,969.000,1.85
1699787,1499092,904660,790,4959,969,0,0,969.000,1.85
1699787,1499092,622813,11,5042,969,0,0,969.000,1.85
1699787,147157,1020688,86,4875,969,0,0,969.000,1.85
1699787,147157,1505991,11,5042,969,0,0,969.000,1.85
1699787,106416,869921,582,4959,969,0,0,969.000,1.85
1699787,106416,7212,10,5060,969,0,0,969.000,1.85
1700849,FAILED,FAILED,FAILED,FAILED,FAILED,FAILED,FAILED,FAILED,FAILED
1704041,FAILED,FAILED,FAILED,FAILED,FAILED,FAILED,FAILED,FAILED,FAILED
1704377,FAILED,FAILED,FAILED,FAILED,FAILED,FAILED,FAILED,FAILED,FAILED
1704559,1062695,746906,73,4708,822,0,0,822.000,0.85
1704559,1062695,21386,13,4792,822,0,0,822.000,0.85
1704559,1523654,1104373,18,4791,822,0,0,822.000,0.85
1704559,1523654,201192,12,5125,822,0,0,822.000,0.85
1704559,493781,1352224,262,4666,822,0,0,822.000,0.85
1704559,493781,681817,16,4727,822,0,0,822.000,0.85
1704559,5221,381649,103,5042,822,0,0,822.000,0.85
1704559,5221,655930,15,4708,822,0,0,822.000,0.85
1704559,186302,1286265,252,4833,822,0,0,822.000,0.85
1704559,186302,171119,21,4600,822,0,0,822.000,0.85
1704559,450884,1407935,156,11000,822,0,0,822.000,0.85
1704559,450884,1052021,38,10851,822,0,0,822.000,0.85
1704559,104479,722481,337,4809,822,0,0,822.000,0.85
1704559,104479,1678252,21,4834,822,0,0,822.000,0.85
1704559,604105,424276,229,4792,822,0,0,822.000,0.85
1704559,604105,1677426,12,4667,822,0,0,822.000,0.85
1704559,1200025,268121,233,4708,822,0,0,822.000,0.85
1704559,1200025,351802,9,4833,822,0,0,822.000,0.85
1704559,42118,1169970,204,10875,822,0,0,822.000,0.85
1704559,42118,307864,34,10851,822,0,0,822.000,0.85
1704727,303799,1145682,765,5042,822,0,0,822.000,1.31
1704727,303799,681363,19,4709,822,0,0,822.000,1.31
1704727,380028,350015,52,4833,822,0,0,822.000,1.31
1704727,380028,237110,12,4709,822,0,0,822.000,1.31
1704727,845499,1644854,100,4792,822,0,0,822.000,1.31
1704727,845499,1410437,16,4959,822,0,0,822.000,1.31
1704727,1180247,753848,36,4875,822,0,0,822.000,1.31
1704727,1180247,1610720,12,4685,822,0,0,822.000,1.31
1704727,486251,477018,196,4583,822,0,0,822.000,1.31
1704727,1531751,170735,5,4667,822,0,0,822.000,1.31
1704727,486251,986052,7,4708,822,0,0,822.000,1.31
1704727,1531751,112776,3,4791,822,0,0,822.000,1.31
1704727,1132494,1300528,439,4750,822,0,0,822.000,1.31
1704727,1132494,828619,9,4808,822,0,0,822.000,1.31
1704727,1420474,1382389,104,4642,822,0,0,822.000,1.31
1704727,1420474,949695,7,4708,822,0,0,822.000,1.31
1704727,83330,110200,957,4750,822,0,0,822.000,1.31
1704727,83330,487730,19,5166,822,0,0,822.000,1.31
1704727,381224,88489,615,4708,822,0,0,822.000,1.31
1704727,381224,484967,12,4792,822,0,0,822.000,1.31
1706087,709532,1573270,85,5893,822,0,0,822.000,2.18
1706087,709532,1557691,11,4875,822,0,0,822.000,2.18
1706087,345665,113639,64,4791,822,0,0,822.000,2.18
1706087,345665,1544417,12,4834,822,0,0,822.000,2.18
1706087,1476839,1589909,1391,4792,822,0,0,822.000,2.18
1706087,1476839,452262,15,5059,822,0,0,822.000,2.18
1706087,1106476,1135532,53,4667,822,0,0,822.000,2.18
1706087,1106476,179804,13,4792,822,0,0,822.000,2.18
1706087,206217,142916,967,4625,822,0,0,822.000,2.18
1706087,206217,749122,8,4726,822,0,0,822.000,2.18
1706087,303113,1015175,566,4933,822,0,0,822.000,2.18
1706087,303113,931020,14,4875,822,0,0,822.000,2.18
1706087,1559059,562052,283,4917,822,0,0,822.000,2.18
1706087,1559059,998801,14,4667,822,0,0,822.000,2.18
1706087,525866,1093575,131,4791,822,0,0,822.000,2.18
1706087,525866,341104,13,4708,822,0,0,822.000,2.18
1706087,80906,1212551,1568,11477,822,0,0,822.000,2.18
1706087,80906,998422,44,13167,822,0,0,822.000,2.18
1706087,1516318,265947,264,4875,822,0,0,822.000,2.18
1706087,1516318,791934,7,4934,822,0,0,822.000,2.18
1709143,233778,1322290,146,4935,843,0,0,843.000,1.51
1709143,233778,196710,20,4792,843,0,0,843.000,1.51
1709143,626734,1179069,444,4875,843,0,0,843.000,1.51
1709143,626734,785731,7,4708,843,0,0,843.000,1.51
1709143,1319936,425934,311,4708,843,0,0,843.000,1.51
1709143,1319936,1219231,7,4958,843,0,0,843.000,1.51
1709143,358497,1425629,147,4709,843,0,0,843.000,1.51
1709143,358497,748502,11,5000,843,0,0,843.000,1.51
1709143,357858,1138853,832,4833,843,0,0,843.000,1.51
1709143,357858,197368,13,4792,843,0,0,843.000,1.51
1709143,573803,523807,557,4875,843,0,0,843.000,1.51
1709143,573803,1258754,15,5208,843,0,0,843.000,1.51
1709143,984097,187347,151,4667,843,0,0,843.000,1.51
1709143,984097,1379771,7,4725,843,0,0,843.000,1.51
1709143,1276125,49536,453,4666,843,0,0,843.000,1.51
1709143,1276125,1694942,14,4666,843,0,0,843.000,1.51
1709143,522114,421972,462,4875,843,0,0,843.000,1.51
1709143,522114,47814,13,4917,843,0,0,843.000,1.51
1709143,1560046,888178,199,4667,843,0,0,843.000,1.51
1709143,1560046,345041,17,4750,843,0,0,843.000,1.51
1709161,FAILED,FAILED,FAILED,FAILED,FAILED,FAILED,FAILED,FAILED,FAILED
1713223,666799,873186,46,4892,822,0,0,822.000,0.65
1713223,666799,1182723,16,4750,822,0,0,822.000,0.65
1713223,412136,598368,70,4916,822,0,0,822.000,0.65
1713223,412136,1345146,8,4935,822,0,0,822.000,0.65
1713223,1338245,216981,335,4541,822,0,0,822.000,0.65
1713223,1338245,995926,14,4625,822,0,0,822.000,0.65
1713223,622317,1630374,75,4725,822,0,0,822.000,0.65
1713223,622317,440390,7,4625,822,0,0,822.000,0.65
1713223,359535,214813,510,11060,822,0,0,822.000,0.65
1713223,359535,1614726,43,10750,822,0,0,822.000,0.65
1713223,1418069,113410,27,5083,822,0,0,822.000,0.65
1713223,1418069,1002675,19,4933,822,0,0,822.000,0.65
1713223,431081,558016,86,10935,822,0,0,822.000,0.65
1713223,431081,449303,44,11084,822,0,0,822.000,0.65
1713223,114774,337548,29,4833,822,0,0,822.000,0.65
1713223,114774,1100506,14,5000,822,0,0,822.000,0.65
1713223,1494828,690315,71,4666,822,0,0,822.000,0.65
1713223,1494828,175757,12,4834,822,0,0,822.000,0.65
1713223,110215,1498781,51,4709,822,0,0,822.000,0.65
1713223,110215,1642272,12,4750,822,0,0,822.000,0.65
1715783,1697663,275873,463,4792,864,0,0,864.000,0.61
1715783,1697663,83013,21,4750,864,0,0,864.000,0.61
1715783,637276,956787,77,4791,864,0,0,864.000,0.61
1715783,637276,465900,15,4833,864,0,0,864.000,0.61
1715783,654408,1408602,63,4975,864,0,0,864.000,0.61
1715783,654408,14758,19,4792,864,0,0,864.000,0.61
1715783,5311,238870,273,4917,864,0,0,864.000,0.61
1715783,5311,13579,13,4834,864,0,0,864.000,0.61
1715783,307435,1478364,54,4666,864,0,0,864.000,0.61
1715783,307435,1316114,13,4833,864,0,0,864.000,0.61
1715783,1402163,1695889,1,5000,864,0,0,864.000,0.61
1715783,1704973,198835,6,4791,864,0,0,864.000,0.61
1715783,1402163,1154682,9,4792,864,0,0,864.000,0.61
1715783,1704973,949351,1,4833,864,0,0,864.000,0.61
1715783,1557573,282713,116,11209,864,0,0,864.000,0.61
1715783,1557573,244985,27,11583,864,0,0,864.000,0.61
1715783,1589598,1094524,110,4875,864,0,0,864.000,0.61
1715783,1589598,1448889,8,4708,864,0,0,864.000,0.61
1715783,814635,385172,214,5166,864,0,0,864.000,0.61
1715783,814635,915210,8,4792,864,0,0,864.000,0.61
1719493,1702850,660852,310,5208,936,0,0,936.000,0.91
1719493,1340579,1204184,8,5459,948,0,0,948.000,0.91
1719493,1702850,1649338,5,5291,936,0,0,936.000,0.91
1719493,1340579,684793,16,5417,960,0,0,960.000,0.91
1719493,1175623,982563,776,5209,936,0,0,936.000,0.91
1719493,1175623,1242500,17,5767,960,0,0,960.000,0.91
1719493,650805,1332607,77,5250,960,0,0,960.000,0.91
1719493,650805,1013210,16,5434,954,0,0,954.000,0.91
1719493,827902,1053912,101,5459,936,0,0,936.000,0.91
1719493,827902,266406,16,5458,954,0,0,954.000,0.91
1719493,1354126,580418,12,12500,936,0,0,936.000,0.91
1719493,1354126,241794,33,12810,966,0,0,966.000,0.91
1719493,1503238,1410233,23,5375,954,0,0,954.000,0.91
1719493,1503238,345701,16,5458,936,0,0,936.000,0.91
1719493,1590640,1255601,381,5352,954,0,0,954.000,0.91
1719493,1590640,219754,15,5459,948,0,0,948.000,0.91
1719493,1111035,132354,278,12125,948,0,0,948.000,0.91
1719493,1111035,419638,34,12142,960,0,0,960.000,0.91
1719493,187152,206802,21,5333,930,0,0,930.000,0.91
1719493,187152,1145461,15,5542,948,0,0,948.000,0.91
1720211,633905,1631742,43,5958,927,0,0,927.000,1.29
1720211,633905,1598822,23,6334,927,0,0,927.000,1.29
1720211,636360,88797,120,5416,927,0,0,927.000,1.29
1720211,636360,783413,8,4958,927,0,0,927.000,1.29
1720211,1072673,1346576,987,4833,927,0,0,927.000,1.29
1720211,1072673,362436,12,4875,927,0,0,927.000,1.29
1720211,903309,1296630,4,4834,927,0,0,927.000,1.29
1720211,903309,370547,19,4833,927,0,0,927.000,1.29
1720211,234716,711040,850,4875,927,0,0,927.000,1.29
1720211,234716,480054,10,5125,927,0,0,927.000,1.29
1720211,1063889,1043806,83,5083,927,0,0,927.000,1.29
1720211,1063889,561648,15,4934,927,0,0,927.000,1.29
1720211,429761,365983,984,4750,927,0,0,927.000,1.29
1720211,429761,567351,13,4917,927,0,0,927.000,1.29
1720211,649159,771659,32,5125,927,0,0,927.000,1.29
1720211,649159,246153,8,4768,927,0,0,927.000,1.29
1720211,555082,1359076,192,4958,927,0,0,927.000,1.29
1720211,555082,879994,18,4935,927,0,0,927.000,1.29
1720211,979259,1097998,2,4810,927,0,0,927.000,1.29
1720211,979259,4946,15,4791,927,0,0,927.000,1.29
1720361,FAILED,FAILED,FAILED,FAILED,FAILED,FAILED,FAILED,FAILED,FAILED
1721149,1046943,965631,256,5458,885,0,0,885.000,1.27
1721149,1046943,1092571,12,5500,897,0,0,897.000,1.27
1721149,1397766,673437,792,5459,891,0,0,891.000,1.27
1721149,1397766,1572619,15,5625,891,0,0,891.000,1.27
1721149,414196,1500270,631,5250,891,0,0,891.000,1.27
1721149,414196,1669076,10,5458,897,0,0,897.000,1.27
1721149,187142,479614,7,5375,885,0,0,885.000,1.27
1721149,187142,194081,16,5334,891,0,0,891.000,1.27
1721149,1300403,574417,200,11350,873,0,0,873.000,1.27
1721149,1300403,1662740,35,11708,879,0,0,879.000,1.27
1721149,77232,922566,219,5125,873,0,0,873.000,1.27
1721149,77232,865555,23,5750,891,0,0,891.000,1.27
1721149,419006,1369282,256,5268,873,0,0,873.000,1.27
1721149,419006,1176606,9,5209,873,0,0,873.000,1.27
1721149,1277376,1638607,455,5208,879,0,0,879.000,1.27
1721149,1277376,1180922,17,5500,903,0,0,903.000,1.27
1721149,1549982,76595,1,5375,915,0,0,915.000,1.27
1721149,1549982,689428,21,5267,891,0,0,891.000,1.27
1721149,853454,125842,64,5083,885,0,0,885.000,1.27
1721149,853454,815033,11,5268,885,0,0,885.000,1.27
1721453,651489,1489973,321,5250,900,0,0,900.000,0.76
1721453,651489,1374338,9,5125,900,0,0,900.000,0.76
1721453,1712476,57177,122,5167,900,0,0,900.000,0.76
1721453,1712476,1586145,14,5333,918,0,0,918.000,0.76
1721453,1316541,277343,221,5291,894,0,0,894.000,0.76
1721453,1316541,1337520,14,5542,894,0,0,894.000,0.76
1721453,412408,1218947,1,5310,900,0,0,900.000,0.76
1721453,412408,1326617,15,5500,894,0,0,894.000,0.76
1721453,1035892,1670512,485,11834,888,0,0,888.000,0.76
1721453,1035892,1579984,33,12226,906,0,0,906.000,0.76
1721453,1508109,757847,115,5416,912,0,0,912.000,0.76
1721453,191801,1627236,6,12208,906,0,0,906.000,0.76
1721453,1508109,534214,15,5375,912,0,0,912.000,0.76
1721453,191801,1700584,26,12101,900,0,0,900.000,0.76
1721453,885154,1292014,46,5042,900,0,0,900.000,0.76
1721453,885154,741121,19,5458,894,0,0,894.000,0.76
1721453,49166,350181,78,5416,906,0,0,906.000,0.76
1721453,49166,1007001,19,5792,924,0,0,924.000,0.76
1721453,798859,92543,183,5292,906,0,0,906.000,0.76
1721453,798859,647305,11,5375,912,0,0,912.000,0.76
1721693,634444,468653,58,6250,882,0,0,882.000,0.40
1721693,634444,801224,15,6750,882,0,0,882.000,0.40
1721693,87243,896208,83,5625,924,0,0,924.000,0.40
1721693,87243,861385,13,5458,924,0,0,924.000,0.40
1721693,8316,1486185,209,5375,924,0,0,924.000,0.40
1721693,8316,558185,11,5167,894,0,0,894.000,0.40
1721693,1290471,1462606,65,5250,918,0,0,918.000,0.40
1721693,1290471,1103560,16,5709,912,0,0,912.000,0.40
1721693,496492,1711171,54,5167,918,0,0,918.000,0.40
1721693,496492,1550538,18,5417,912,0,0,912.000,0.40
1721693,923012,436707,4,5083,906,0,0,906.000,0.40
1721693,1683410,1213975,6,5417,906,0,0,906.000,0.40
1721693,923012,1562111,6,5417,918,0,0,918.000,0.40
1721693,562038,1327380,6,5083,888,0,0,888.000,0.40
1721693,1683410,1473086,1,5750,918,0,0,918.000,0.40
1721693,562038,1415261,10,5517,900,0,0,900.000,0.40
1721693,583751,630751,37,5459,918,0,0,918.000,0.40
1721693,583751,869958,13,5560,912,0,0,912.000,0.40
1721693,697789,748560,146,5309,936,0,0,936.000,0.40
1721693,697789,646922,10,5542,912,0,0,912.000,0.40
1722187,1171590,127192,196,5292,885,0,0,885.000,1.06
1722187,1171590,1667543,11,5125,885,0,0,885.000,1.06
1722187,1387630,213131,17,12041,885,0,0,885.000,1.06
1722187,1387630,270578,25,11683,885,0,0,885.000,1.06
1722187,574316,1524923,177,11375,885,0,0,885.000,1.06
1722187,574316,654620,24,11625,885,0,0,885.000,1.06
1722187,373000,996460,886,4917,885,0,0,885.000,1.06
1722187,373000,723208,11,4708,885,0,0,885.000,1.06
1722187,881918,684947,156,5208,885,0,0,885.000,1.06
1722187,881918,564731,17,5083,885,0,0,885.000,1.06
1722187,462767,815074,50,11625,885,0,0,885.000,1.06
1722187,462767,863295,24,11726,885,0,0,885.000,1.06
1722187,1650759,1322413,576,4750,885,0,0,885.000,1.06
1722187,1650759,733803,16,4750,885,0,0,885.000,1.06
1722187,1145736,698931,256,5458,885,0,0,885.000,1.06
1722187,1145736,592569,14,5042,885,0,0,885.000,1.06
1722187,1520220,25862,14,4935,885,0,0,885.000,1.06
1722187,1520220,1222855,23,4875,885,0,0,885.000,1.06
1722187,163112,1340355,269,5227,885,0,0,885.000,1.06
1722187,163112,1130737,12,4875,885,0,0,885.000,1.06
1722937,FAILED,FAILED,FAILED,FAILED,FAILED,FAILED,FAILED,FAILED,FAILED
1723801,FAILED,FAILED,FAILED,FAILED,FAILED,FAILED,FAILED,FAILED,FAILED
1724059,275866,455873,142,4791,906,0,0,906.000,0.73
1724059,275866,1141508,19,4833,906,0,0,906.000,0.73
1724059,298323,1075701,42,4791,906,0,0,906.000,0.73
1724059,298323,318894,19,5208,906,0,0,906.000,0.73
1724059,858918,333056,88,4791,906,0,0,906.000,0.73
1724059,858918,32817,16,4958,906,0,0,906.000,0.73
1724059,413450,234790,59,5101,906,0,0,906.000,0.73
1724059,413450,198142,7,5209,906,0,0,906.000,0.73
1724059,631162,6723,363,4916,906,0,0,906.000,0.73
1724059,631162,1604387,14,5083,906,0,0,906.000,0.73
1724059,236579,904791,337,4958,906,0,0,906.000,0.73
1724059,1576113,1691651,1,4833,906,0,0,906.000,0.73
1724059,236579,49010,10,4958,906,0,0,906.000,0.73
1724059,1576113,20397,1,4917,906,0,0,906.000,0.73
1724059,199381,1034250,16,5208,906,0,0,906.000,0.73
1724059,199381,1160936,15,4791,906,0,0,906.000,0.73
1724059,1626525,429124,169,4875,906,0,0,906.000,0.73
1724059,1626525,14969,11,4917,906,0,0,906.000,0.73
1724059,1014048,1136263,430,11916,906,0,0,906.000,0.73
1724059,1014048,1537621,35,11851,906,0,0,906.000,0.73
1724399,170478,357024,283,4792,927,0,0,927.000,1.14
1724399,170478,1301582,8,4792,927,0,0,927.000,1.14
1724399,679653,370037,161,4833,927,0,0,927.000,1.14
1724399,679653,1484686,12,4875,927,0,0,927.000,1.14
1724399,84495,1692996,278,5000,927,0,0,927.000,1.14
1724399,84495,761540,6,5000,927,0,0,927.000,1.14
1724399,1614813,969084,351,5000,927,0,0,927.000,1.14
1724399,1614813,750114,19,4916,927,0,0,927.000,1.14
1724399,1230735,1258215,68,5125,927,0,0,927.000,1.14
1724399,1230735,175200,9,4916,927,0,0,927.000,1.14
1724399,20922,72368,77,5083,927,0,0,927.000,1.14
1724399,20922,565248,15,5083,927,0,0,927.000,1.14
1724399,500441,493554,391,5125,927,0,0,927.000,1.14
1724399,500441,1264917,14,5000,927,0,0,927.000,1.14
1724399,1617588,33357,498,5167,927,0,0,927.000,1.14
1724399,1617588,1329106,18,4916,927,0,0,927.000,1.14
1724399,547680,1077351,153,4958,927,0,0,927.000,1.14
1724399,547680,413957,12,4875,927,0,0,927.000,1.14
1724399,1599337,719652,347,5125,927,0,0,927.000,1.14
1724399,1599337,321593,16,4959,927,0,0,927.000,1.14
1726201,FAILED,FAILED,FAILED,FAILED,FAILED,FAILED,FAILED,FAILED,FAILED
1727137,FAILED,FAILED,FAILED,FAILED,FAILED,FAILED,FAILED,FAILED,FAILED
1729253,1194370,1623935,296,5352,954,0,0,954.000,1.62
1729253,1194370,1057160,15,5459,948,0,0,948.000,1.62
1729253,141735,375388,41,5250,960,0,0,960.000,1.62
1729253,141735,359429,17,5725,960,0,0,960.000,1.62
1729253,384094,613392,482,12458,954,0,0,954.000,1.62
1729253,384094,1236401,28,12102,954,0,0,954.000,1.62
1729253,1612889,66912,584,5250,954,0,0,954.000,1.62
1729253,1612889,439150,11,5459,954,0,0,954.000,1.62
1729253,765083,1727741,476,5166,936,0,0,936.000,1.62
1729253,765083,371084,16,5583,966,0,0,966.000,1.62
1729253,643649,611710,34,5083,930,0,0,930.000,1.62
1729253,643649,183,17,5333,948,0,0,948.000,1.62
1729253,1041981,1173328,1030,5541,948,0,0,948.000,1.62
1729253,1041981,483363,13,5625,954,0,0,954.000,1.62
1729253,1172990,838807,188,5083,936,0,0,936.000,1.62
1729253,1172990,284703,15,5643,966,0,0,966.000,1.62
1729253,1172990,62558,380,5250,936,0,0,936.000,1.62
1729253,1172990,994135,15,5518,942,0,0,942.000,1.62
1729253,289602,1181135,620,12434,948,0,0,948.000,1.62
1729253,289602,436817,17,12083,936,0,0,936.000,1.62
1730431,1078142,712606,324,4833,864,0,0,864.000,0.66
1730431,1078142,1581796,15,4917,864,0,0,864.000,0.66
1730431,1386625,1530051,85,5041,864,0,0,864.000,0.66
1730431,1386625,1481394,11,4709,864,0,0,864.000,0.66
1730431,1007792,630766,103,4791,864,0,0,864.000,0.66
1730431,1007792,1620458,19,4625,864,0,0,864.000,0.66
1730431,51899,757148,378,11475,864,0,0,864.000,0.66
1730431,51899,1058503,32,11375,864,0,0,864.000,0.66
1730431,1466978,698838,105,4709,864,0,0,864.000,0.66
1730431,1466978,1684279,16,4792,864,0,0,864.000,0.66
1730431,1028199,702491,82,4625,864,0,0,864.000,0.66
1730431,1028199,407980,11,4792,864,0,0,864.000,0.66
1730431,1049724,554118,38,5209,864,0,0,864.000,0.66
1730431,1049724,944664,14,4750,864,0,0,864.000,0.66
1730431,1169142,115936,137,4709,864,0,0,864.000,0.66
1730431,1169142,953225,19,4934,864,0,0,864.000,0.66
1730431,623368,287927,358,4667,864,0,0,864.000,0.66
1730431,623368,770288,23,4933,864,0,0,864.000,0.66
1730431,716446,1241589,9,4892,864,0,0,864.000,0.66
1730431,716446,274604,5,4833,864,0,0,864.000,0.66
1733297,FAILED,FAILED,FAILED,FAILED,FAILED,FAILED,FAILED,FAILED,FAILED
1733651,1349537,557414,98,5975,864,0,0,864.000,0.77
1733651,1349537,1343805,13,5125,864,0,0,864.000,0.77
1733651,637901,1351392,232,4917,864,0,0,864.000,0.77
1733651,637901,1316351,17,5143,864,0,0,864.000,0.77
1733651,803834,336285,159,4851,864,0,0,864.000,0.77
1733651,803834,1148562,10,4916,864,0,0,864.000,0.77
1733651,803834,857176,249,4875,864,0,0,864.000,0.77
1733651,803834,399299,16,4917,864,0,0,864.000,0.77
1733651,1250525,1297997,66,5042,864,0,0,864.000,0.77
1733651,1250525,798806,13,4917,864,0,0,864.000,0.77
1733651,1555494,471503,239,5083,864,0,0,864.000,0.77
1733651,1555494,1121687,21,5017,864,0,0,864.000,0.77
1733651,728809,219146,284,5000,864,0,0,864.000,0.77
1733651,728809,1308031,11,5060,864,0,0,864.000,0.77
1733651,12041,41545,46,4875,864,0,0,864.000,0.77
1733651,12041,580160,10,4917,864,0,0,864.000,0.77
1733651,921919,978060,390,4958,864,0,0,864.000,0.77
1733651,921919,365017,11,4750,864,0,0,864.000,0.77
1733651,1648437,710616,3,5042,864,0,0,864.000,0.77
1733651,1648437,1175423,13,4934,864,0,0,864.000,0.77
1734973,239279,1218851,61,6708,933,0,0,933.000,1.07
1734973,239279,737223,16,6393,921,0,0,921.000,1.07
1734973,1452038,479204,473,12768,915,0,0,915.000,1.07
1734973,1452038,276867,32,12041,915,0,0,915.000,1.07
1734973,1129806,965789,473,5375,939,0,0,939.000,1.07
1734973,1129806,217163,11,5417,933,0,0,933.000,1.07
1734973,338385,860896,15,5292,921,0,0,921.000,1.07
1734973,338385,444513,15,5310,909,0,0,909.000,1.07
1734973,1647006,1423631,55,5725,921,0,0,921.000,1.07
1734973,1647006,388190,12,5417,915,0,0,915.000,1.07
1734973,1420510,743420,139,5250,927,0,0,927.000,1.07
1734973,1420510,48987,16,5435,933,0,0,933.000,1.07
1734973,439088,1166124,3,5435,933,0,0,933.000,1.07
1734973,439088,1447683,15,5209,933,0,0,933.000,1.07
1734973,1086730,1364057,257,12517,915,0,0,915.000,1.07
1734973,1086730,689779,42,12375,921,0,0,921.000,1.07
1734973,616762,1516191,637,5185,945,0,0,945.000,1.07
1734973,616762,222270,19,5250,921,0,0,921.000,1.07
1734973,879779,290503,233,5291,963,0,0,963.000,1.07
1734973,879779,538320,10,5292,939,0,0,939.000,1.07
1735001,FAILED,FAILED,FAILED,FAILED,FAILED,FAILED,FAILED,FAILED,FAILED
1737403,1244118,266201,484,4851,885,0,0,885.000,1.56
1737403,1244118,632212,14,4917,885,0,0,885.000,1.56
1737403,10524,1536993,567,4833,885,0,0,885.000,1.56
1737403,10524,1168286,9,5208,885,0,0,885.000,1.56
1737403,1165492,879733,62,4833,885,0,0,885.000,1.56
1737403,1165492,226146,13,4875,885,0,0,885.000,1.56
1737403,742649,1473180,797,4875,885,0,0,885.000,1.56
1737403,742649,148035,9,4709,885,0,0,885.000,1.56
1737403,1601511,701239,206,4768,885,0,0,885.000,1.56
1737403,1601511,1063810,17,5042,885,0,0,885.000,1.56
1737403,1640663,398732,213,5084,885,0,0,885.000,1.56
1737403,1640663,106081,7,4958,885,0,0,885.000,1.56
1737403,1496289,1585299,78,4708,885,0,0,885.000,1.56
1737403,1496289,1222652,15,4792,885,0,0,885.000,1.56
1737403,1228115,1359915,200,4834,885,0,0,885.000,1.56
1737403,1228115,337121,14,4875,885,0,0,885.000,1.56
1737403,333475,327242,1081,4792,885,0,0,885.000,1.56
1737403,333475,388701,20,4791,885,0,0,885.000,1.56
1737403,1515113,1307205,255,4875,885,0,0,885.000,1.56
1737403,1515113,1714553,12,4833,885,0,0,885.000,1.56
1739303,513030,1598443,453,4792,843,0,0,843.000,1.33
1739303,513030,279817,12,5125,843,0,0,843.000,1.33
1739303,889641,54455,284,5083,843,0,0,843.000,1.33
1739303,889641,277795,10,5000,843,0,0,843.000,1.33
1739303,1034728,720087,350,4768,843,0,0,843.000,1.33
1739303,1034728,78102,11,4833,843,0,0,843.000,1.33
1739303,1359736,1665373,122,4875,843,0,0,843.000,1.33
1739303,326112,266214,2,4750,843,0,0,843.000,1.33
1739303,1359736,111298,8,4750,843,0,0,843.000,1.33
1739303,326112,679802,1,4709,843,0,0,843.000,1.33
1739303,984294,65500,345,4935,843,0,0,843.000,1.33
1739303,984294,481351,12,5042,843,0,0,843.000,1.33
1739303,1727641,1049890,776,4875,843,0,0,843.000,1.33
1739303,1727641,1396923,14,4917,843,0,0,843.000,1.33
1739303,222263,697503,40,4958,843,0,0,843.000,1.33
1739303,222263,1247836,17,4934,843,0,0,843.000,1.33
1739303,711974,780239,1008,4791,843,0,0,843.000,1.33
1739303,711974,1160821,11,4750,843,0,0,843.000,1.33
1739303,1361202,845081,409,4935,843,0,0,843.000,1.33
1739303,1361202,170396,17,4834,843,0,0,843.000,1.33
1740811,1122868,1320643,183,4917,822,0,0,822.000,0.77
1740811,1122868,450017,14,4667,822,0,0,822.000,0.77
1740811,1532242,27889,46,4750,822,0,0,822.000,0.77
1740811,1532242,1511477,13,4833,822,0,0,822.000,0.77
1740811,1001808,977627,98,4851,822,0,0,822.000,0.77
1740811,1001808,1021190,16,4791,822,0,0,822.000,0.77
1740811,1406323,946456,35,4792,822,0,0,822.000,0.77
1740811,1406323,1324991,13,5125,822,0,0,822.000,0.77
1740811,1738338,828293,159,4916,822,0,0,822.000,0.77
1740811,1738338,442962,12,4709,822,0,0,822.000,0.77
1740811,203131,1716228,87,4917,822,0,0,822.000,0.77
1740811,203131,102128,16,4708,822,0,0,822.000,0.77
1740811,947061,1337980,81,4750,822,0,0,822.000,0.77
1740811,947061,886274,10,4917,822,0,0,822.000,0.77
1740811,951710,315038,570,4685,822,0,0,822.000,0.77
1740811,951710,157723,17,5042,822,0,0,822.000,0.77
1740811,1041673,971516,81,4708,822,0,0,822.000,0.77
1740811,1041673,1099684,14,4917,822,0,0,822.000,0.77
1740811,453151,187273,340,4833,822,0,0,822.000,0.77
1740811,453151,1470285,14,4850,822,0,0,822.000,0.77
1741013,66494,702975,476,5167,921,0,0,921.000,0.96
1741013,66494,16920,18,5250,915,0,0,915.000,0.96
1741013,1207461,892650,61,5185,909,0,0,909.000,0.96
1741013,1207461,383935,10,5333,933,0,0,933.000,0.96
1741013,1256381,883548,668,5333,939,0,0,939.000,0.96
1741013,1256381,1423181,15,5458,921,0,0,921.000,0.96
1741013,178677,736664,333,5166,933,0,0,933.000,0.96
1741013,178677,1616311,13,6125,927,0,0,927.000,0.96
1741013,49662,1310285,22,5250,933,0,0,933.000,0.96
1741013,49662,1313804,15,5583,915,0,0,915.000,0.96
1741013,358872,693188,483,5666,927,0,0,927.000,0.96
1741013,358872,366145,17,5559,927,0,0,927.000,0.96
1741013,935046,447350,44,12208,915,0,0,915.000,0.96
1741013,1090357,155664,39,5351,945,0,0,945.000,0.96
1741013,935046,1450168,2,11851,909,0,0,909.000,0.96
1741013,1090357,346,11,5334,945,0,0,945.000,0.96
1741013,1238436,1005678,232,5226,915,0,0,915.000,0.96
1741013,1238436,1092721,12,5375,927,0,0,927.000,0.96
1741013,676824,364597,51,5375,927,0,0,927.000,0.96
1741013,676824,808708,12,5392,921,0,0,921.000,0.96
1743127,63928,1558693,323,4917,864,0,0,864.000,0.65
1743127,63928,1533897,12,4726,864,0,0,864.000,0.65
1743127,736517,227660,12,4875,864,0,0,864.000,0.65
1743127,736517,232092,15,4791,864,0,0,864.000,0.65
1743127,354733,812104,67,4684,864,0,0,864.000,0.65
1743127,963266,685311,5,5125,864,0,0,864.000,0.65
1743127,354733,189650,11,4875,864,0,0,864.000,0.65
1743127,963266,359334,6,4917,864,0,0,864.000,0.65
1743127,990335,1533114,189,4666,864,0,0,864.000,0.65
1743127,990335,757409,17,4667,864,0,0,864.000,0.65
1743127,603157,1145106,130,4792,864,0,0,864.000,0.65
1743127,1474617,307253,1,4833,864,0,0,864.000,0.65
1743127,603157,11152,6,5018,864,0,0,864.000,0.65
1743127,1474617,1441784,2,4810,864,0,0,864.000,0.65
1743127,798096,1146354,142,4750,864,0,0,864.000,0.65
1743127,798096,1606111,12,4833,864,0,0,864.000,0.65
1743127,610794,223822,520,4809,864,0,0,864.000,0.65
1743127,610794,583112,16,4916,864,0,0,864.000,0.65
1743127,103647,1256915,85,4810,864,0,0,864.000,0.65
1743127,103647,584066,16,4791,864,0,0,864.000,0.65
1746211,133257,91632,108,4750,864,0,0,864.000,1.34
1746211,133257,21920,20,4792,864,0,0,864.000,1.34
1746211,1091650,619925,35,4791,864,0,0,864.000,1.34
1746211,1091650,854619,12,5042,864,0,0,864.000,1.34
1746211,583936,799602,375,4916,864,0,0,864.000,1.34
1746211,583936,1648591,12,4708,864,0,0,864.000,1.34
1746211,890521,71262,793,4667,864,0,0,864.000,1.34
1746211,890521,856571,14,4750,864,0,0,864.000,1.34
1746211,137120,412481,480,4875,864,0,0,864.000,1.34
1746211,137120,194080,10,4958,864,0,0,864.000,1.34
1746211,352239,744782,113,4875,864,0,0,864.000,1.34
1746211,352239,829767,15,4810,864,0,0,864.000,1.34
1746211,593088,1110887,129,4875,864,0,0,864.000,1.34
1746211,593088,1655198,10,4892,864,0,0,864.000,1.34
1746211,422918,506522,136,4725,864,0,0,864.000,1.34
1746211,422918,1633964,9,5000,864,0,0,864.000,1.34
1746211,1202859,111835,994,4791,864,0,0,864.000,1.34
1746211,1202859,142503,6,4750,864,0,0,864.000,1.34
1746211,1114223,897912,1,11209,864,0,0,864.000,1.34
1746211,1114223,1326933,23,11518,864,0,0,864.000,1.34
1746449,FAILED,FAILED,FAILED,FAILED,FAILED,FAILED,FAILED,FAILED,FAILED
1746911,1231446,445693,282,5083,906,0,0,906.000,0.82
1746911,1231446,1463333,14,4875,906,0,0,906.000,0.82
1746911,1713733,966458,19,4917,906,0,0,906.000,0.82
1746911,1713733,1070886,13,5225,906,0,0,906.000,0.82
1746911,1536948,423742,163,5041,906,0,0,906.000,0.82
1746911,1536948,332138,13,5167,906,0,0,906.000,0.82
1746911,440104,255243,197,5000,906,0,0,906.000,0.82
1746911,440104,271375,12,4834,906,0,0,906.000,0.82
1746911,1649669,726374,34,4892,906,0,0,906.000,0.82
1746911,1649669,1645505,22,4834,906,0,0,906.000,0.82
1746911,817101,150526,364,5292,906,0,0,906.000,0.82
1746911,817101,251359,10,5000,906,0,0,906.000,0.82
1746911,1666097,502579,132,5167,906,0,0,906.000,0.82
1746911,1666097,40507,11,5084,906,0,0,906.000,0.82
1746911,1358439,945942,236,5084,906,0,0,906.000,0.82
1746911,1358439,986381,14,5059,906,0,0,906.000,0.82
1746911,92229,463103,58,4834,906,0,0,906.000,0.82
1746911,92229,850038,21,5209,906,0,0,906.000,0.82
1746911,326871,157007,275,11642,906,0,0,906.000,0.82
1746911,326871,1188114,31,11709,906,0,0,906.000,0.82
1747231,1127153,1725357,360,4834,843,0,0,843.000,1.24
1747231,1127153,1238621,17,4709,843,0,0,843.000,1.24
1747231,989521,814278,585,4833,843,0,0,843.000,1.24
1747231,989521,424364,7,4917,843,0,0,843.000,1.24
1747231,71697,57749,44,4935,843,0,0,843.000,1.24
1747231,71697,1474219,21,4625,843,0,0,843.000,1.24
1747231,1018277,1097678,144,4726,843,0,0,843.000,1.24
1747231,1018277,1673497,15,4917,843,0,0,843.000,1.24
1747231,1018719,319271,490,4684,843,0,0,843.000,1.24
1747231,1018719,833923,10,4791,843,0,0,843.000,1.24
1747231,191775,369492,295,4684,843,0,0,843.000,1.24
1747231,191775,874469,16,4708,843,0,0,843.000,1.24
1747231,914532,141918,21,4750,843,0,0,843.000,1.24
1747231,914532,1299022,22,4708,843,0,0,843.000,1.24
1747231,1551617,596142,1141,5000,843,0,0,843.000,1.24
1747231,1551617,1266991,13,4875,843,0,0,843.000,1.24
1747231,740953,1213911,95,5041,843,0,0,843.000,1.24
1747231,740953,36433,12,5250,843,0,0,843.000,1.24
1747231,1010898,998359,2,4625,843,0,0,843.000,1.24
1747231,1010898,118416,9,4709,843,0,0,843.000,1.24
1747987,582109,281385,54,6042,864,0,0,864.000,1.42
1747987,582109,601225,13,6143,864,0,0,864.000,1.42
1747987,1704042,457279,3,6393,864,0,0,864.000,1.42
1747987,1704042,1055771,18,6250,864,0,0,864.000,1.42
1747987,1385233,480914,601,4975,864,0,0,864.000,1.42
1747987,1385233,1098419,17,5375,864,0,0,864.000,1.42
1747987,727916,468346,563,4792,864,0,0,864.000,1.42
1747987,727916,1516884,20,4875,864,0,0,864.000,1.42
1747987,1529768,380797,1522,5000,864,0,0,864.000,1.42
1747987,1529768,1435898,14,4976,864,0,0,864.000,1.42
1747987,595012,342638,282,4666,864,0,0,864.000,1.42
1747987,595012,351499,13,4791,864,0,0,864.000,1.42
1747987,526611,1022845,23,4851,864,0,0,864.000,1.42
1747987,526611,973255,13,4833,864,0,0,864.000,1.42
1747987,887264,894222,56,4791,864,0,0,864.000,1.42
1747987,887264,1100033,8,4808,864,0,0,864.000,1.42
1747987,1308812,296592,325,5083,864,0,0,864.000,1.42
1747987,1308812,1173647,11,4935,864,0,0,864.000,1.42
1747987,315112,917437,90,4709,864,0,0,864.000,1.42
1747987,315112,638340,8,4834,864,0,0,864.000,1.42
1748743,801091,683967,343,4875,885,0,0,885.000,0.80
1748743,801091,8979,15,4791,885,0,0,885.000,0.80
1748743,789663,535690,52,4875,885,0,0,885.000,0.80
1748743,789663,1055168,20,5041,885,0,0,885.000,0.80
1748743,1116204,1616138,22,4792,885,0,0,885.000,0.80
1748743,1116204,367208,16,4893,885,0,0,885.000,0.80
1748743,1728029,1491240,20,5041,885,0,0,885.000,0.80
1748743,1728029,1213765,16,4791,885,0,0,885.000,0.80
1748743,1470017,334752,107,4750,885,0,0,885.000,0.80
1748743,1470017,717450,9,4852,885,0,0,885.000,0.80
1748743,1274300,776416,171,5000,885,0,0,885.000,0.80
1748743,1274300,1424779,17,5059,885,0,0,885.000,0.80
1748743,1474241,545390,227,4935,885,0,0,885.000,0.80
1748743,1474241,63870,14,5125,885,0,0,885.000,0.80
1748743,591652,898858,359,5083,885,0,0,885.000,0.80
1748743,591652,228012,16,5042,885,0,0,885.000,0.80
1748743,600967,1167145,469,4916,885,0,0,885.000,0.80
1748743,600967,1541784,17,5250,885,0,0,885.000,0.80
1748743,1229180,878842,240,4768,885,0,0,885.000,0.80
1748743,1229180,1604299,12,4959,885,0,0,885.000,0.80
1749499,1163960,1344170,825,4917,948,0,0,948.000,0.80
1749499,1163960,395271,18,4834,948,0,0,948.000,0.80
1749499,242003,361063,99,4958,948,0,0,948.000,0.80
1749499,242003,578913,11,4833,948,0,0,948.000,0.80
1749499,1650061,1112524,78,4834,948,0,0,948.000,0.80
1749499,686004,1690172,8,4875,948,0,0,948.000,0.80
1749499,1650061,367621,12,4851,948,0,0,948.000,0.80
1749499,686004,1412612,8,5017,948,0,0,948.000,0.80
1749499,1436489,1292068,68,4916,948,0,0,948.000,0.80
1749499,1436489,417686,16,5000,948,0,0,948.000,0.80
1749499,1621941,722969,59,4833,948,0,0,948.000,0.80
1749499,1621941,1010063,16,5167,948,0,0,948.000,0.80
1749499,1631336,55874,167,4917,948,0,0,948.000,0.80
1749499,1631336,197055,19,5083,948,0,0,948.000,0.80
1749499,911956,621999,439,4917,948,0,0,948.000,0.80
1749499,911956,43140,14,5083,948,0,0,948.000,0.80
1749499,685744,1414166,153,4917,948,0,0,948.000,0.80
1749499,685744,1175757,8,5018,948,0,0,948.000,0.80
1749499,382128,1439241,127,4916,948,0,0,948.000,0.80
1749499,382128,1397231,16,5083,948,0,0,948.000,0.80
1750267,96896,181201,198,12059,948,0,0,948.000,0.63
1750267,96896,1710402,30,12250,948,0,0,948.000,0.63
1750267,892987,716510,103,4917,948,0,0,948.000,0.63
1750267,892987,33859,8,5184,948,0,0,948.000,0.63
1750267,1359518,792278,222,4917,948,0,0,948.000,0.63
1750267,1359518,996013,13,5166,948,0,0,948.000,0.63
1750267,812157,239214,123,4792,948,0,0,948.000,0.63
1750267,812157,1339505,10,4792,948,0,0,948.000,0.63
1750267,1302113,1562394,49,4917,948,0,0,948.000,0.63
1750267,1302113,1581916,13,5060,948,0,0,948.000,0.63
1750267,902400,351024,16,4833,948,0,0,948.000,0.63
1750267,902400,305183,9,5083,948,0,0,948.000,0.63
1750267,365901,1587146,385,4852,948,0,0,948.000,0.63
1750267,365901,686047,18,4958,948,0,0,948.000,0.63
1750267,1072640,559710,31,4875,948,0,0,948.000,0.63
1750267,1072640,1584248,10,4875,948,0,0,948.000,0.63
1750267,1699091,1525945,112,5208,948,0,0,948.000,0.63
1750267,1699091,1744977,20,4976,948,0,0,948.000,0.63
1750267,591671,1211382,65,5042,948,0,0,948.000,0.63
1750267,591671,1690907,19,5125,948,0,0,948.000,0.63
1753289,FAILED,FAILED,FAILED,FAILED,FAILED,FAILED,FAILED,FAILED,FAILED
1755263,451759,568061,165,4666,822,0,0,822.000,0.66
1755263,451759,1367396,14,5000,822,0,0,822.000,0.66
1755263,1656436,672618,74,4708,822,0,0,822.000,0.66
1755263,1138472,768630,13,4667,822,0,0,822.000,0.66
1755263,1656436,1225001,1,4958,822,0,0,822.000,0.66
1755263,1138472,1052782,14,4792,822,0,0,822.000,0.66
1755263,1153415,1372965,297,4917,822,0,0,822.000,0.66
1755263,1153415,1159078,17,4959,822,0,0,822.000,0.66
1755263,1078310,298174,110,4875,822,0,0,822.000,0.66
1755263,1078310,1499828,15,5083,822,0,0,822.000,0.66
1755263,1308957,387308,387,5250,822,0,0,822.000,0.66
1755263,1308957,1545884,17,5166,822,0,0,822.000,0.66
1755263,1018246,503223,12,4560,822,0,0,822.000,0.66
1755263,1073525,497128,7,4935,822,0,0,822.000,0.66
1755263,1018246,1686744,7,4917,822,0,0,822.000,0.66
1755263,1073525,408635,4,4917,822,0,0,822.000,0.66
1755263,183377,1616046,340,4959,822,0,0,822.000,0.66
1755263,183377,275243,14,5042,822,0,0,822.000,0.66
1755263,539532,97964,188,4625,822,0,0,822.000,0.66
1755263,1568490,830927,13,11167,822,0,0,822.000,0.66
1761989,144750,888535,848,5083,948,0,0,948.000,1.41
1761989,144750,1437015,12,5291,948,0,0,948.000,1.41
1761989,1087825,1073775,243,5291,936,0,0,936.000,1.41
1761989,1087825,14910,19,5834,936,0,0,936.000,1.41
1761989,718459,1147568,44,5310,942,0,0,942.000,1.41
1761989,718459,1693951,12,5375,978,0,0,978.000,1.41
1761989,1452909,866069,284,5167,954,0,0,954.000,1.41
1761989,1452909,233475,6,5291,948,0,0,948.000,1.41
1761989,1317471,1712860,450,5625,930,0,0,930.000,1.41
1761989,1317471,594532,10,5267,936,0,0,936.000,1.41
1761989,250810,199136,265,5333,954,0,0,954.000,1.41
1761989,250810,542148,17,5542,954,0,0,954.000,1.41
1761989,1266958,1270050,165,5167,942,0,0,942.000,1.41
1761989,1266958,1620858,12,5208,960,0,0,960.000,1.41
1761989,560939,364359,576,5250,966,0,0,966.000,1.41
1761989,560939,402826,7,5250,948,0,0,948.000,1.41
1761989,1598730,509270,73,5250,942,0,0,942.000,1.41
1761989,1598730,1689259,15,5375,954,0,0,954.000,1.41
1761989,508086,1563194,285,5375,948,0,0,948.000,1.41
1761989,508086,1065333,19,5458,942,0,0,942.000,1.41
1762931,508685,1161237,130,5209,927,0,0,927.000,0.69
1762931,508685,1425543,13,5041,927,0,0,927.000,0.69
1762931,560816,728545,345,12250,927,0,0,927.000,0.69
1762931,560816,1632496,49,12434,927,0,0,927.000,0.69
1762931,1004347,173806,336,5042,927,0,0,927.000,0.69
1762931,1004347,903758,8,4917,927,0,0,927.000,0.69
1762931,735117,1122160,49,4933,927,0,0,927.000,0.69
1762931,735117,377594,15,5041,927,0,0,927.000,0.69
1762931,1634979,609944,11,5000,927,0,0,927.000,0.69
1762931,1634979,1453298,18,5417,927,0,0,927.000,0.69
1762931,1182555,1073956,62,4875,927,0,0,927.000,0.69
1762931,1182555,805635,13,5208,927,0,0,927.000,0.69
1762931,1137537,232793,48,4875,927,0,0,927.000,0.69
1762931,1137537,323657,22,5183,927,0,0,927.000,0.69
1762931,1514982,11079,57,5000,927,0,0,927.000,0.69
1762931,1514982,1087133,15,4917,927,0,0,927.000,0.69
1762931,831810,1703069,24,5060,927,0,0,927.000,0.69
1762931,831810,133820,19,4958,927,0,0,927.000,0.69
1762931,1328185,1356123,494,4833,927,0,0,927.000,0.69
1762931,1328185,899019,17,4917,927,0,0,927.000,0.69
1763701,1440820,782021,245,5477,984,0,0,984.000,0.47
1763701,1440820,378583,11,5459,990,0,0,990.000,0.47
1763701,620820,878959,6,5666,990,0,0,990.000,0.47
1763701,209,441866,2,5292,996,0,0,996.000,0.47
1763701,620820,1591828,9,5666,990,0,0,990.000,0.47
1763701,209,1108736,1,5250,984,0,0,984.000,0.47
1763701,258892,770966,183,5792,1002,0,0,1002.000,0.47
1763701,258892,656351,15,5750,996,0,0,996.000,0.47
1763701,1014604,1229846,73,5375,990,0,0,990.000,0.47
1763701,1014604,21945,20,5584,990,0,0,990.000,0.47
1763701,413664,199053,379,5375,990,0,0,990.000,0.47
1763701,413664,1166565,11,5333,996,0,0,996.000,0.47
1763701,274211,1311473,177,5334,978,0,0,978.000,0.47
1763701,274211,50106,14,5809,984,0,0,984.000,0.47
1763701,390320,544967,4,5351,990,0,0,990.000,0.47
1763701,1603126,1525297,1,5559,1002,0,0,1002.000,0.47
1763701,390320,1290619,17,5417,996,0,0,996.000,0.47
1763701,1603126,609790,1,5375,996,0,0,996.000,0.47
1763701,951846,1176888,74,5517,978,0,0,978.000,0.47
1763701,951846,1095938,18,5292,990,0,0,990.000,0.47
1768229,256911,403843,601,5333,1002,0,0,1002.000,1.69
1768229,256911,68317,15,5477,990,0,0,990.000,1.69
1768229,1080925,635350,807,5459,996,0,0,996.000,1.69
1768229,1080925,1134695,22,6143,996,0,0,996.000,1.69
1768229,173537,1357194,35,5416,990,0,0,990.000,1.69
1768229,173537,967087,14,5500,996,0,0,996.000,1.69
1768229,1186847,1506404,153,5208,990,0,0,990.000,1.69
1768229,1186847,1318180,20,5541,1002,0,0,1002.000,1.69
1768229,641673,1223431,621,5435,978,0,0,978.000,1.69
1768229,641673,1364660,9,5458,984,0,0,984.000,1.69
1768229,1058715,1259659,731,5250,990,0,0,990.000,1.69
1768229,1058715,933443,8,5310,984,0,0,984.000,1.69
1768229,916572,761967,86,5375,972,0,0,972.000,1.69
1768229,916572,154738,9,5750,996,0,0,996.000,1.69
1768229,579469,1039158,285,5333,1002,0,0,1002.000,1.69
1768229,579469,1735220,8,5500,978,0,0,978.000,1.69
1768229,1037982,523177,73,5333,996,0,0,996.000,1.69
1768229,1037982,1000736,16,5434,978,0,0,978.000,1.69
1768229,1449374,368294,257,5291,984,0,0,984.000,1.69
1768229,1449374,1304010,16,5416,978,0,0,978.000,1.69
1768951,100990,1098982,52,6309,990,0,0,990.000,0.42
1768951,873566,132148,7,5958,990,0,0,990.000,0.42
1768951,100990,341616,8,6500,990,0,0,990.000,0.42
1768951,873566,1686064,7,6375,990,0,0,990.000,0.42
1768951,931978,1145511,96,4917,990,0,0,990.000,0.42
1768951,931978,543388,17,5083,990,0,0,990.000,0.42
1768951,782977,1071131,68,4875,990,0,0,990.000,0.42
1768951,782977,1135634,23,5000,990,0,0,990.000,0.42
1768951,439139,239179,177,4893,990,0,0,990.000,0.42
1768951,439139,1625047,16,5375,990,0,0,990.000,0.42
1768951,590145,333004,69,5017,990,0,0,990.000,0.42
1768951,590145,1535652,19,5292,990,0,0,990.000,0.42
1768951,1094130,1735752,30,4916,990,0,0,990.000,0.42
1768951,1094130,828216,15,5125,990,0,0,990.000,0.42
1768951,234014,402163,251,12500,990,0,0,990.000,0.42
1768951,234014,1210838,44,12309,990,0,0,990.000,0.42
1768951,1195210,245269,110,5059,990,0,0,990.000,0.42
1768951,1585546,205883,4,4851,990,0,0,990.000,0.42
1768951,1195210,727228,1,5000,990,0,0,990.000,0.42
1768951,1109595,1511052,1,5083,990,0,0,990.000,0.42
1776193,FAILED,FAILED,FAILED,FAILED,FAILED,FAILED,FAILED,FAILED,FAILED
1776673,FAILED,FAILED,FAILED,FAILED,FAILED,FAILED,FAILED,FAILED,FAILED
1777289,FAILED,FAILED,FAILED,FAILED,FAILED,FAILED,FAILED,FAILED,FAILED
1778003,877907,267257,28,4792,864,0,0,864.000,0.80
1778003,877907,112044,15,5125,864,0,0,864.000,0.80
1778003,248009,1072746,180,4958,864,0,0,864.000,0.80
1778003,248009,1070178,8,5042,864,0,0,864.000,0.80
1778003,1587442,20223,288,4750,864,0,0,864.000,0.80
1778003,1587442,1464671,11,4708,864,0,0,864.000,0.80
1778003,106443,1126362,262,4958,864,0,0,864.000,0.80
1778003,106443,1442698,12,5000,864,0,0,864.000,0.80
1778003,1298868,1367766,31,4708,864,0,0,864.000,0.80
1778003,1298868,1457042,13,4917,864,0,0,864.000,0.80
1778003,594030,196704,331,4809,864,0,0,864.000,0.80
1778003,594030,1048883,58,20333,864,0,0,864.000,0.80
1778003,1106870,1037430,22,4850,864,0,0,864.000,0.80
1778003,1106870,713547,12,5042,864,0,0,864.000,0.80
1778003,491638,290618,17,11291,864,0,0,864.000,0.80
1778003,491638,1467034,12,11083,864,0,0,864.000,0.80
1778003,1362979,438993,336,5000,864,0,0,864.000,0.80
1778003,1362979,298576,21,4958,864,0,0,864.000,0.80
1778003,1734955,541729,294,4875,864,0,0,864.000,0.80
1778003,1734955,1134206,14,4767,864,0,0,864.000,0.80
1779017,FAILED,FAILED,FAILED,FAILED,FAILED,FAILED,FAILED,FAILED,FAILED
1779161,FAILED,FAILED,FAILED,FAILED,FAILED,FAILED,FAILED,FAILED,FAILED
1780067,1500099,603345,194,4917,885,0,0,885.000,0.53
1780067,1500099,1563585,14,5208,885,0,0,885.000,0.53
1780067,602099,1074808,20,5017,885,0,0,885.000,0.53
1780067,602099,621413,5,4709,885,0,0,885.000,0.53
1780067,1582561,565134,36,5000,885,0,0,885.000,0.53
1780067,1582561,1766630,9,4958,885,0,0,885.000,0.53
1780067,1460385,114252,57,4916,885,0,0,885.000,0.53
1780067,1460385,1565585,17,5084,885,0,0,885.000,0.53
1780067,976595,898402,16,4834,885,0,0,885.000,0.53
1780067,976595,1145637,9,4767,885,0,0,885.000,0.53
1780067,319510,1278271,115,4958,885,0,0,885.000,0.53
1780067,319510,708699,16,5125,885,0,0,885.000,0.53
1780067,436371,871312,185,4750,885,0,0,885.000,0.53
1780067,436371,131722,18,5000,885,0,0,885.000,0.53
1780067,729989,620315,128,4917,885,0,0,885.000,0.53
1780067,729989,1679981,12,5000,885,0,0,885.000,0.53
1780067,1113379,405635,263,5000,885,0,0,885.000,0.53
1780067,1113379,791073,12,4934,885,0,0,885.000,0.53
1780067,1343514,845517,210,5000,885,0,0,885.000,0.53
1780067,1343514,1563947,18,5083,885,0,0,885.000,0.53
1780817,FAILED,FAILED,FAILED,FAILED,FAILED,FAILED,FAILED,FAILED,FAILED
1783069,1683690,1548111,353,5417,939,0,0,939.000,1.30
1783069,1683690,675238,11,5542,927,0,0,927.000,1.30
1783069,760946,1112252,331,5350,927,0,0,927.000,1.30
1783069,760946,197347,9,5375,927,0,0,927.000,1.30
1783069,1074902,883348,298,5208,921,0,0,921.000,1.30
1783069,1143544,471288,1,5417,927,0,0,927.000,1.30
1783069,1074902,936173,13,5292,927,0,0,927.000,1.30
1783069,1143544,1229059,1,5667,933,0,0,933.000,1.30
1783069,1336593,714942,380,5375,921,0,0,921.000,1.30
1783069,1336593,330124,17,5333,921,0,0,921.000,1.30
1783069,1315196,1482697,6,5352,951,0,0,951.000,1.30
1783069,1315196,670778,22,5667,933,0,0,933.000,1.30
1783069,708146,585879,598,5291,933,0,0,933.000,1.30
1783069,708146,732673,11,5250,927,0,0,927.000,1.30
1783069,1097144,600443,444,5435,909,0,0,909.000,1.30
1783069,1097144,386097,14,5583,921,0,0,921.000,1.30
1783069,958354,1491082,481,5250,921,0,0,921.000,1.30
1783069,958354,525980,12,5708,945,0,0,945.000,1.30
1783069,1231218,234903,71,5333,933,0,0,933.000,1.30
1783069,1231218,964963,9,5417,921,0,0,921.000,1.30
1785869,461381,19399,34,6541,858,0,0,858.000,0.57
1785869,461381,493223,15,6768,888,0,0,888.000,0.57
1785869,791725,710215,23,6458,882,0,0,882.000,0.57
1785869,791725,1036227,15,6458,870,0,0,870.000,0.57
1785869,634324,1178405,217,5184,858,0,0,858.000,0.57
1785869,634324,448090,14,5542,876,0,0,876.000,0.57
1785869,942272,295096,24,5333,852,0,0,852.000,0.57
1785869,942272,367537,15,5292,846,0,0,846.000,0.57
1785869,34026,667822,84,5125,876,0,0,876.000,0.57
1785869,34026,621131,15,5125,846,0,0,846.000,0.57
1785869,1336272,882965,70,5250,858,0,0,858.000,0.57
1785869,1336272,1266396,12,5459,876,0,0,876.000,0.57
1785869,1577013,1138720,292,5250,864,0,0,864.000,0.57
1785869,1577013,78827,7,5208,858,0,0,858.000,0.57
1785869,1559989,1305942,31,5167,876,0,0,876.000,0.57
1785869,1559989,27741,9,5459,870,0,0,870.000,0.57
1785869,778816,483735,532,5375,864,0,0,864.000,0.57
1785869,778816,1361434,8,5459,858,0,0,858.000,0.57
1785869,1018821,697919,33,11291,846,0,0,846.000,0.57
1785869,232507,784488,3,5250,846,0,0,846.000,0.57
1786333,1112094,435040,20,6500,909,0,0,909.000,0.97
1786333,1112094,1282281,20,7125,951,0,0,951.000,0.97
1786333,315638,1448833,287,12833,939,0,0,939.000,0.97
1786333,875342,428634,18,12935,945,0,0,945.000,0.97
1786333,315638,828560,5,12559,915,0,0,915.000,0.97
1786333,875342,849266,32,12583,927,0,0,927.000,0.97
1786333,583079,740374,115,5792,945,0,0,945.000,0.97
1786333,583079,407659,9,5500,915,0,0,915.000,0.97
1786333,477180,965607,297,5708,927,0,0,927.000,0.97
1786333,1699011,1295951,12,5458,933,0,0,933.000,0.97
1786333,477180,581147,6,5416,927,0,0,927.000,0.97
1786333,1699011,451196,12,5500,933,0,0,933.000,0.97
1786333,1783628,282301,729,5375,933,0,0,933.000,0.97
1786333,1783628,254207,27,5875,927,0,0,927.000,0.97
1786333,1146157,896490,86,5458,933,0,0,933.000,0.97
1786333,1146157,139234,14,5625,933,0,0,933.000,0.97
1786333,1333537,928393,352,5333,945,0,0,945.000,0.97
1786333,1333537,855364,13,5291,909,0,0,909.000,0.97
1786333,94473,15231,148,5333,933,0,0,933.000,0.97
1786333,94473,410743,15,5392,903,0,0,903.000,0.97
1790539,86163,935369,207,4750,885,0,0,885.000,0.75
1790539,1764755,1532620,10,4959,885,0,0,885.000,0.75
1790539,86163,672716,1,5084,885,0,0,885.000,0.75
1790539,1764755,1448374,7,4809,885,0,0,885.000,0.75
1790539,1518392,1591604,89,4791,885,0,0,885.000,0.75
1790539,1518392,1621901,13,5042,885,0,0,885.000,0.75
1790539,868445,1213066,133,4958,885,0,0,885.000,0.75
1790539,868445,1206286,15,4875,885,0,0,885.000,0.75
1790539,621236,492350,331,4833,885,0,0,885.000,0.75
1790539,621236,1615070,12,4959,885,0,0,885.000,0.75
1790539,896847,1714898,429,4792,885,0,0,885.000,0.75
1790539,896847,1333963,18,4893,885,0,0,885.000,0.75
1790539,453456,1561066,36,4917,885,0,0,885.000,0.75
1790539,453456,1083637,13,4958,885,0,0,885.000,0.75
1790539,862879,1496836,209,11583,885,0,0,885.000,0.75
1790539,862879,1082628,35,11433,885,0,0,885.000,0.75
1790539,376683,1329629,149,4792,885,0,0,885.000,0.75
1790539,376683,1103788,15,4875,885,0,0,885.000,0.75
1790539,424734,615239,137,4850,885,0,0,885.000,0.75
1790539,424734,107202,11,4916,885,0,0,885.000,0.75
1791277,245469,639284,57,6559,948,0,0,948.000,1.32
1791277,245469,361199,27,7459,936,0,0,936.000,1.32
1791277,1360399,1041016,168,5500,948,0,0,948.000,1.32
1791277,1360399,1237502,13,5208,948,0,0,948.000,1.32
1791277,1717245,526525,382,5268,936,0,0,936.000,1.32
1791277,1717245,744981,22,5459,966,0,0,966.000,1.32
1791277,393346,1579093,796,5333,936,0,0,936.000,1.32
1791277,393346,1240857,17,5100,924,0,0,924.000,1.32
1791277,882793,1421036,312,5625,960,0,0,960.000,1.32
1791277,882793,312888,14,5458,942,0,0,942.000,1.32
1791277,1355,528375,208,5167,954,0,0,954.000,1.32
1791277,1355,257265,7,5517,960,0,0,960.000,1.32
1791277,1272262,1710636,177,5333,960,0,0,960.000,1.32
1791277,1272262,950072,10,5375,954,0,0,954.000,1.32
1791277,187967,1063036,648,5334,948,0,0,948.000,1.32
1791277,187967,128262,8,5458,954,0,0,954.000,1.32
1791277,555745,551705,345,5417,954,0,0,954.000,1.32
1791277,555745,1384408,15,5291,936,0,0,936.000,1.32
1791277,959930,1378338,89,5602,948,0,0,948.000,1.32
1791277,1029246,291632,3,5268,936,0,0,936.000,1.32
1792477,1618415,1762287,226,5708,951,0,0,951.000,0.65
1792477,1618415,129921,17,5750,975,0,0,975.000,0.65
1792477,1373539,1730129,177,5333,957,0,0,957.000,0.65
1792477,1373539,335550,13,5375,969,0,0,969.000,0.65
1792477,1020861,282966,194,5142,951,0,0,951.000,0.65
1792477,1020861,1731398,11,5334,957,0,0,957.000,0.65
1792477,1418475,572210,112,5310,957,0,0,957.000,0.65
1792477,965447,1105169,1,5518,963,0,0,963.000,0.65
1792477,1418475,993538,7,5542,981,0,0,981.000,0.65
1792477,965447,397781,1,5584,969,0,0,969.000,0.65
1792477,929288,996406,106,5476,969,0,0,969.000,0.65
1792477,929288,620072,10,5625,981,0,0,981.000,0.65
1792477,478664,1189696,51,5625,969,0,0,969.000,0.65
1792477,478664,932790,14,5684,951,0,0,951.000,0.65
1792477,10706,1409781,61,5291,963,0,0,963.000,0.65
1792477,10706,136269,16,5268,957,0,0,957.000,0.65
1792477,99751,127655,153,5666,969,0,0,969.000,0.65
1792477,99751,1261326,14,5518,975,0,0,975.000,0.65
1792477,68458,1424752,306,5375,963,0,0,963.000,0.65
1792477,68458,1610141,20,5542,957,0,0,957.000,0.65
1795141,1111936,362023,219,5184,927,0,0,927.000,2.15
1795141,1111936,651115,12,5459,933,0,0,933.000,2.15
1795141,1723631,879109,192,5375,939,0,0,939.000,2.15
1795141,1723631,569660,9,5351,927,0,0,927.000,2.15
1795141,1559033,556488,1581,5250,933,0,0,933.000,2.15
1795141,1559033,825104,16,5435,939,0,0,939.000,2.15
1795141,50783,281904,136,5125,927,0,0,927.000,2.15
1795141,50783,786517,20,5292,927,0,0,927.000,2.15
1795141,1518997,959058,1458,5227,951,0,0,951.000,2.15
1795141,1518997,1269267,8,5250,921,0,0,921.000,2.15
1795141,1482731,1771226,582,5250,927,0,0,927.000,2.15
1795141,1482731,1189025,15,5375,933,0,0,933.000,2.15
1795141,1295479,1645997,336,5125,915,0,0,915.000,2.15
1795141,1295479,1407171,11,5375,915,0,0,915.000,2.15
1795141,559271,1715893,216,5250,921,0,0,921.000,2.15
1795141,559271,514241,15,5500,927,0,0,927.000,2.15
1795141,1417945,1655586,249,5642,945,0,0,945.000,2.15
1795141,1417945,1593923,18,5542,945,0,0,945.000,2.15
1795141,1354815,1315860,113,5208,915,0,0,915.000,2.15
1795141,1354815,940427,10,5542,933,0,0,933.000,2.15
1798963,1158385,888750,296,5167,927,0,0,927.000,1.53
1798963,1158385,1300614,14,4875,927,0,0,927.000,1.53
1798963,600704,1207488,391,4875,927,0,0,927.000,1.53
1798963,600704,855872,15,5167,927,0,0,927.000,1.53
1798963,1207497,1054938,4,5084,927,0,0,927.000,1.53
1798963,1207497,1320675,11,5083,927,0,0,927.000,1.53
1798963,1678890,1151213,162,4833,927,0,0,927.000,1.53
1798963,1678890,377923,16,5042,927,0,0,927.000,1.53
1798963,1097338,1198036,140,5125,927,0,0,927.000,1.53
1798963,1097338,201291,12,4975,927,0,0,927.000,1.53
1798963,587504,1677961,199,12375,927,0,0,927.000,1.53
1798963,587504,334591,40,11959,927,0,0,927.000,1.53
1798963,1128782,415049,1766,12250,927,0,0,927.000,1.53
1798963,1128782,1083120,25,12684,927,0,0,927.000,1.53
1798963,634822,1296143,357,5268,927,0,0,927.000,1.53
1798963,634822,548085,22,4834,927,0,0,927.000,1.53
1798963,1748922,169964,324,4916,927,0,0,927.000,1.53
1798963,1748922,305964,14,5018,927,0,0,927.000,1.53
1798963,1020244,1759549,40,5000,927,0,0,927.000,1.53
1798963,1425814,587703,2,4916,927,0,0,927.000,1.53
1799731,21867,1584511,36,5667,927,0,0,927.000,0.90
1799731,21867,1788932,16,6125,927,0,0,927.000,0.90
1799731,183689,113597,802,4834,927,0,0,927.000,0.90
1799731,183689,292660,12,5083,927,0,0,927.000,0.90
1799731,1461298,67310,5,11916,927,0,0,927.000,0.90
1799731,1461298,41414,38,11768,927,0,0,927.000,0.90
1799731,1674423,1067637,56,5000,927,0,0,927.000,0.90
1799731,1674423,882291,20,4792,927,0,0,927.000,0.90
1799731,1557478,1705388,140,5042,927,0,0,927.000,0.90
1799731,1557478,1127107,14,5083,927,0,0,927.000,0.90
1799731,104168,532954,183,4750,927,0,0,927.000,0.90
1799731,104168,451405,16,4875,927,0,0,927.000,0.90
1799731,465551,921280,386,4875,927,0,0,927.000,0.90
1799731,465551,779901,13,4834,927,0,0,927.000,0.90
1799731,1109064,1273673,52,4791,927,0,0,927.000,0.90
1799731,1109064,1376781,12,4875,927,0,0,927.000,0.90
1799731,9207,278035,316,4750,927,0,0,927.000,0.90
1799731,9207,129721,12,4833,927,0,0,927.000,0.90
1799731,1425373,683348,177,4833,927,0,0,927.000,0.90
1799731,1425373,1762549,17,4958,927,0,0,927.000,0.90
1802189,798223,1714654,588,5333,1020,0,0,1020.000,0.86
1802189,798223,376021,15,5667,1026,0,0,1026.000,0.86
1802189,1143306,965036,51,5750,1062,0,0,1062.000,0.86
1802189,1143306,1501273,18,5350,1032,0,0,1032.000,0.86
1802189,555288,1728193,393,5375,1008,0,0,1008.000,0.86
1802189,555288,1259212,13,5875,1032,0,0,1032.000,0.86
1802189,1030933,1079446,244,5417,1026,0,0,1026.000,0.86
1802189,1030933,845988,13,5583,1008,0,0,1008.000,0.86
1802189,1366350,1019724,30,5583,1038,0,0,1038.000,0.86
1802189,1366350,1555612,14,6018,1020,0,0,1020.000,0.86
1802189,256373,254522,36,5584,1014,0,0,1014.000,0.86
1802189,256373,1755605,20,5667,1020,0,0,1020.000,0.86
1802189,1683684,1366108,359,5209,1014,0,0,1014.000,0.86
1802189,1683684,760701,11,5477,1026,0,0,1026.000,0.86
1802189,1725877,1159731,91,5417,1038,0,0,1038.000,0.86
1802189,1099883,1492892,11,13333,1020,0,0,1020.000,0.86
1802189,1725877,1795684,3,5375,1032,0,0,1032.000,0.86
1802189,1099883,375817,31,13310,1026,0,0,1026.000,0.86
1802189,22979,217103,95,5600,1044,0,0,1044.000,0.86
1802189,22979,1484983,16,5750,1038,0,0,1038.000,0.86
1802393,FAILED,FAILED,FAILED,FAILED,FAILED,FAILED,FAILED,FAILED,FAILED
1806263,589179,677611,194,5041,948,0,0,948.000,0.78
1806263,589179,1067789,14,5125,948,0,0,948.000,0.78
1806263,171517,19621,236,4833,948,0,0,948.000,0.78
1806263,171517,1667431,19,5125,948,0,0,948.000,0.78
1806263,1281633,15629,328,12000,948,0,0,948.000,0.78
1806263,1281633,198795,37,12017,948,0,0,948.000,0.78
1806263,1252328,876920,4,4834,948,0,0,948.000,0.78
1806263,1252328,1031233,15,5000,948,0,0,948.000,0.78
1806263,1111453,1447666,424,5125,948,0,0,948.000,0.78
1806263,1111453,1722549,13,5017,948,0,0,948.000,0.78
1806263,498894,1307294,13,4959,948,0,0,948.000,0.78
1806263,498894,1238626,22,5167,948,0,0,948.000,0.78
1806263,1083834,323188,260,4791,948,0,0,948.000,0.78
1806263,1083834,54560,15,4833,948,0,0,948.000,0.78
1806263,721109,336607,110,4851,948,0,0,948.000,0.78
1806263,721109,523992,20,4958,948,0,0,948.000,0.78
1806263,1234751,1059279,284,5042,948,0,0,948.000,0.78
1806263,432711,115764,13,5042,948,0,0,948.000,0.78
1806263,1234751,1462535,5,4875,948,0,0,948.000,0.78
1806263,432711,1797447,12,4834,948,0,0,948.000,0.78
1808243,1755411,46416,534,4833,948,0,0,948.000,0.67
1808243,1755411,1168153,5,4958,948,0,0,948.000,0.67
1808243,1339981,1720881,180,4917,948,0,0,948.000,0.67
1808243,1339981,802448,19,5143,948,0,0,948.000,0.67
1808243,885018,1189562,155,4893,948,0,0,948.000,0.67
1808243,885018,1332557,11,5000,948,0,0,948.000,0.67
1808243,1517615,1275157,188,4917,948,0,0,948.000,0.67
1808243,1517615,1372955,14,4958,948,0,0,948.000,0.67
1808243,1691036,944079,41,5310,948,0,0,948.000,0.67
1808243,1691036,975063,13,5042,948,0,0,948.000,0.67
1808243,837162,1300816,87,4916,948,0,0,948.000,0.67
1808243,837162,1533707,11,5084,948,0,0,948.000,0.67
1808243,292289,124017,138,4916,948,0,0,948.000,0.67
1808243,1386616,275903,2,4916,948,0,0,948.000,0.67
1808243,292289,599683,15,4958,948,0,0,948.000,0.67
1808243,1386616,1020950,1,5041,948,0,0,948.000,0.67
1808243,408792,1353342,44,4917,948,0,0,948.000,0.67
1808243,408792,659397,20,5042,948,0,0,948.000,0.67
1808243,874347,865768,306,4916,948,0,0,948.000,0.67
1808243,874347,702825,17,5000,948,0,0,948.000,0.67
1809167,790136,1735640,559,5000,885,0,0,885.000,2.10
1809167,790136,1281708,10,4959,885,0,0,885.000,2.10
1809167,1160601,1379282,335,5375,885,0,0,885.000,2.10
1809167,1160601,1420037,10,5185,885,0,0,885.000,2.10
1809167,1040067,1400576,841,5018,885,0,0,885.000,2.10
1809167,1040067,1187855,16,4834,885,0,0,885.000,2.10
1809167,746760,398837,155,5434,885,0,0,885.000,2.10
1809167,746760,925297,11,5167,885,0,0,885.000,2.10
1809167,1377144,1149147,374,4875,885,0,0,885.000,2.10
1809167,1377144,1623402,13,5018,885,0,0,885.000,2.10
1809167,1170774,236,610,4833,885,0,0,885.000,2.10
1809167,1170774,627885,22,5184,885,0,0,885.000,2.10
1809167,1512472,1661522,162,4750,885,0,0,885.000,2.10
1809167,1512472,92994,9,4892,885,0,0,885.000,2.10
1809167,1605760,403978,1682,5167,885,0,0,885.000,2.10
1809167,1605760,1717340,22,5250,885,0,0,885.000,2.10
1809167,38181,638569,151,5333,885,0,0,885.000,2.10
1809167,38181,61242,14,5041,885,0,0,885.000,2.10
1809167,1396102,950015,506,4792,885,0,0,885.000,2.10
1809167,1396102,192250,8,4916,885,0,0,885.000,2.10
1810607,1580897,851224,328,4917,864,0,0,864.000,0.69
1810607,1580897,1396974,13,5000,864,0,0,864.000,0.69
1810607,1150014,1722547,103,5000,864,0,0,864.000,0.69
1810607,1150014,882759,13,4976,864,0,0,864.000,0.69
1810607,255474,1339629,15,4750,864,0,0,864.000,0.69
1810607,255474,793944,16,4875,864,0,0,864.000,0.69
1810607,891191,1099175,161,5125,864,0,0,864.000,0.69
1810607,891191,282775,19,4792,864,0,0,864.000,0.69
1810607,1053308,1001534,27,5000,864,0,0,864.000,0.69
1810607,1053308,1626380,18,5125,864,0,0,864.000,0.69
1810607,716677,1129034,503,4750,864,0,0,864.000,0.69
1810607,716677,550023,15,4875,864,0,0,864.000,0.69
1810607,1763515,1177573,149,4875,864,0,0,864.000,0.69
1810607,1763515,1620559,15,5018,864,0,0,864.000,0.69
1810607,192854,782934,208,5042,864,0,0,864.000,0.69
1810607,192854,1324635,13,4834,864,0,0,864.000,0.69
1810607,1025834,13495,14,4834,864,0,0,864.000,0.69
1810607,1025834,910393,4,4768,864,0,0,864.000,0.69
1810607,1284978,702543,41,4833,864,0,0,864.000,0.69
1810607,1284978,713647,13,5017,864,0,0,864.000,0.69
1811413,325384,656033,525,5416,984,0,0,984.000,1.54
1811413,325384,1801986,7,5542,996,0,0,996.000,1.54
1811413,1809787,91192,494,5292,990,0,0,990.000,1.54
1811413,1809787,1720057,19,5334,990,0,0,990.000,1.54
1811413,171911,1490714,155,5458,984,0,0,984.000,1.54
1811413,171911,523544,25,5667,996,0,0,996.000,1.54
1811413,269288,612611,74,5541,990,0,0,990.000,1.54
1811413,269288,1332256,17,5792,984,0,0,984.000,1.54
1811413,1556762,219917,727,5166,978,0,0,978.000,1.54
1811413,1556762,1471262,15,5459,996,0,0,996.000,1.54
1811413,333434,1794841,136,5208,978,0,0,978.000,1.54
1811413,333434,1454971,12,5435,996,0,0,996.000,1.54
1811413,373011,617902,358,5375,990,0,0,990.000,1.54
1811413,373011,1479296,8,5709,1002,0,0,1002.000,1.54
1811413,902611,1257220,468,5309,966,0,0,966.000,1.54
1811413,902611,1173956,11,5334,972,0,0,972.000,1.54
1811413,1431708,1775772,131,5417,990,0,0,990.000,1.54
1811413,1431708,555163,13,5310,972,0,0,972.000,1.54
1811413,1523717,1373029,694,5500,984,0,0,984.000,1.54
1811413,1523717,1079465,13,5268,972,0,0,972.000,1.54
1813991,131665,1751360,533,4934,948,0,0,948.000,1.05
1813991,131665,247697,16,5292,948,0,0,948.000,1.05
1813991,914453,231682,213,4875,948,0,0,948.000,1.05
1813991,914453,1504848,12,5167,948,0,0,948.000,1.05
1813991,282513,1220392,192,5125,948,0,0,948.000,1.05
1813991,282513,1605993,10,5166,948,0,0,948.000,1.05
1813991,1189352,1434141,259,5000,948,0,0,948.000,1.05
1813991,1189352,1518777,14,5018,948,0,0,948.000,1.05
1813991,1607366,118895,376,12310,948,0,0,948.000,1.05
1813991,330962,875454,30,5083,948,0,0,948.000,1.05
1813991,1607366,447160,3,12458,948,0,0,948.000,1.05
1813991,330962,336205,7,4958,948,0,0,948.000,1.05
1813991,1514080,764708,74,4917,948,0,0,948.000,1.05
1813991,1514080,285942,24,5375,948,0,0,948.000,1.05
1813991,1255170,239609,110,4958,948,0,0,948.000,1.05
1813991,1255170,117160,11,5125,948,0,0,948.000,1.05
1813991,1732595,1455260,589,4958,948,0,0,948.000,1.05
1813991,1732595,1342595,14,5000,948,0,0,948.000,1.05
1813991,989966,469527,74,5059,948,0,0,948.000,1.05
1813991,989966,979344,17,5084,948,0,0,948.000,1.05
1817611,1245031,120965,205,4792,906,0,0,906.000,1.04
1817611,1245031,1612242,20,4792,906,0,0,906.000,1.04
1817611,1042215,765346,212,5042,906,0,0,906.000,1.04
1817611,1042215,991864,12,4958,906,0,0,906.000,1.04
1817611,149888,21951,99,5209,906,0,0,906.000,1.04
1817611,149888,508051,18,5209,906,0,0,906.000,1.04
1817611,1139941,933583,1265,5184,906,0,0,906.000,1.04
1817611,1139941,1015846,19,5000,906,0,0,906.000,1.04
1817611,231343,1114049,20,4958,906,0,0,906.000,1.04
1817611,231343,1047019,15,4833,906,0,0,906.000,1.04
1817611,1370699,1699974,472,5000,906,0,0,906.000,1.04
1817611,1370699,439279,18,5167,906,0,0,906.000,1.04
1817611,317223,17967,118,4892,906,0,0,906.000,1.04
1817611,317223,1043762,11,4792,906,0,0,906.000,1.04
1817611,930543,654061,283,4917,906,0,0,906.000,1.04
1817611,930543,1233503,14,5185,906,0,0,906.000,1.04
1817611,678395,1443852,28,4792,906,0,0,906.000,1.04
1817611,678395,230284,14,5042,906,0,0,906.000,1.04
1817611,1717934,1266034,86,4916,906,0,0,906.000,1.04
1817611,1717934,1171221,10,4875,906,0,0,906.000,1.04
1818533,93465,1810193,664,13976,1032,0,0,1032.000,0.65
1818533,250316,773318,37,5375,1038,0,0,1038.000,0.65
1818533,93465,1080814,4,14667,1050,0,0,1050.000,0.65
1818533,250316,683459,10,5750,1044,0,0,1044.000,0.65
1818533,740964,384934,208,13792,1038,0,0,1038.000,0.65
1818533,740964,869555,37,13101,1008,0,0,1008.000,0.65
1818533,1668412,304400,79,5458,1032,0,0,1032.000,0.65
1818533,1668412,341063,15,5601,1032,0,0,1032.000,0.65
1818533,1220733,1742253,99,5291,1020,0,0,1020.000,0.65
1818533,330997,1277408,2,5583,1032,0,0,1032.000,0.65
1818533,1220733,335585,12,5750,1038,0,0,1038.000,0.65
1818533,330997,805644,1,5708,1020,0,0,1020.000,0.65
1818533,783558,585819,104,5666,1032,0,0,1032.000,0.65
1818533,783558,1723449,19,5958,1044,0,0,1044.000,0.65
1818533,1332044,1107450,139,5643,1044,0,0,1044.000,0.65
1818533,1332044,362063,19,5584,1026,0,0,1026.000,0.65
1818533,626904,1788637,81,5584,1026,0,0,1026.000,0.65
1818533,1311304,1448920,6,5334,1026,0,0,1026.000,0.65
1818533,626904,794464,2,5416,1038,0,0,1038.000,0.65
1818533,1311304,159262,10,5416,1032,0,0,1032.000,0.65
1820557,1163971,932553,91,7042,987,0,0,987.000,1.05
1820557,1163971,1102174,21,6750,975,0,0,975.000,1.05
1820557,9786,80372,78,5250,969,0,0,969.000,1.05
1820557,9786,126678,14,5708,975,0,0,975.000,1.05
1820557,95381,1154289,29,5434,969,0,0,969.000,1.05
1820557,95381,1480152,16,5500,987,0,0,987.000,1.05
1820557,1488567,600248,53,5292,945,0,0,945.000,1.05
1820557,1488567,1061686,14,5768,975,0,0,975.000,1.05
1820557,1451983,910539,218,5500,945,0,0,945.000,1.05
1820557,1451983,698094,10,5393,957,0,0,957.000,1.05
1820557,1477619,1672935,80,12916,975,0,0,975.000,1.05
1820557,1477619,1267098,52,12683,981,0,0,981.000,1.05
1820557,766244,149495,577,5476,975,0,0,975.000,1.05
1820557,766244,658403,11,5708,969,0,0,969.000,1.05
1820557,1272761,1007311,543,5250,963,0,0,963.000,1.05
1820557,1272761,1524857,17,5500,969,0,0,969.000,1.05
1820557,543306,1171850,58,5292,975,0,0,975.000,1.05
1820557,543306,1175624,16,5310,951,0,0,951.000,1.05
1820557,823454,166077,596,5292,981,0,0,981.000,1.05
1820557,823454,1589429,13,5334,969,0,0,969.000,1.05
1822181,335768,1125432,684,5500,1017,0,0,1017.000,1.24
1822181,335768,499820,20,5625,999,0,0,999.000,1.24
1822181,1776469,438509,364,5851,1023,0,0,1023.000,1.24
1822181,1776469,264797,15,5500,1011,0,0,1011.000,1.24
1822181,596211,742824,206,12892,1011,0,0,1011.000,1.24
1822181,596211,1227333,28,13625,1023,0,0,1023.000,1.24
1822181,326837,1291199,45,6000,1011,0,0,1011.000,1.24
1822181,326837,1409019,17,5875,1017,0,0,1017.000,1.24
1822181,1818185,60015,121,5476,1005,0,0,1005.000,1.24
1822181,1818185,1748175,7,5834,1017,0,0,1017.000,1.24
1822181,410219,546703,57,5226,987,0,0,987.000,1.24
1822181,410219,1175397,13,5625,1005,0,0,1005.000,1.24
1822181,854542,216647,191,5433,1029,0,0,1029.000,1.24
1822181,854542,234264,10,5667,1017,0,0,1017.000,1.24
1822181,963222,586769,710,5458,1041,0,0,1041.000,1.24
1822181,963222,1640628,15,5541,1029,0,0,1029.000,1.24
1822181,835114,1757328,230,5601,1005,0,0,1005.000,1.24
1822181,835114,907788,16,5625,1011,0,0,1011.000,1.24
1822181,446789,1342278,367,5750,1011,0,0,1011.000,1.24
1822181,446789,19840,19,5518,1029,0,0,1029.000,1.24
1822391,274012,828724,162,5084,948,0,0,948.000,0.71
1822391,274012,1468773,12,5042,948,0,0,948.000,0.71
1822391,1633696,1818254,54,5000,948,0,0,948.000,0.71
1822391,1633696,1466888,16,5208,948,0,0,948.000,0.71
1822391,637428,775554,336,5083,948,0,0,948.000,0.71
1822391,637428,1078833,20,4792,948,0,0,948.000,0.71
1822391,1117188,1216637,20,5309,948,0,0,948.000,0.71
1822391,1117188,1628392,16,4917,948,0,0,948.000,0.71
1822391,520522,1689459,324,5208,948,0,0,948.000,0.71
1822391,520522,140680,13,5208,948,0,0,948.000,0.71
1822391,611696,138885,291,5000,948,0,0,948.000,0.71
1822391,611696,678950,11,4916,948,0,0,948.000,0.71
1822391,1101209,809666,92,5083,948,0,0,948.000,0.71
1822391,1101209,875643,18,4875,948,0,0,948.000,0.71
1822391,1725576,857247,31,4958,948,0,0,948.000,0.71
1822391,1725576,600411,14,4875,948,0,0,948.000,0.71
1822391,249745,819948,362,4958,948,0,0,948.000,0.71
1822391,249745,1273584,13,4935,948,0,0,948.000,0.71
1822391,1462313,132897,75,5000,948,0,0,948.000,0.71
1822391,151309,572351,13,4917,948,0,0,948.000,0.71
1823579,1022371,597487,262,5083,948,0,0,948.000,0.80
1823579,1022371,578607,20,5042,948,0,0,948.000,0.80
1823579,1435966,1678433,673,5000,948,0,0,948.000,0.80
1823579,1435966,564084,16,5102,948,0,0,948.000,0.80
1823579,1398045,1430122,49,4875,948,0,0,948.000,0.80
1823579,1398045,1635066,14,4959,948,0,0,948.000,0.80
1823579,1508547,1310316,16,5101,948,0,0,948.000,0.80
1823579,1508547,915923,11,4833,948,0,0,948.000,0.80
1823579,1194853,1127807,21,4958,948,0,0,948.000,0.80
1823579,1194853,727991,9,4917,948,0,0,948.000,0.80
1823579,826304,315988,49,12601,948,0,0,948.000,0.80
1823579,826304,538116,26,11958,948,0,0,948.000,0.80
1823579,1603319,1817831,143,12060,948,0,0,948.000,0.80
1823579,1603319,319435,36,12209,948,0,0,948.000,0.80
1823579,472673,42142,173,4833,948,0,0,948.000,0.80
1823579,472673,921790,16,4977,948,0,0,948.000,0.80
1823579,973593,1252694,151,4875,948,0,0,948.000,0.80
1823579,973593,556358,12,4916,948,0,0,948.000,0.80
1823579,710352,1107121,125,5041,948,0,0,948.000,0.80
1823579,710352,462220,15,5042,948,0,0,948.000,0.80
1824269,597009,1516304,198,5334,942,0,0,942.000,0.96
1824269,597009,1667619,25,5725,960,0,0,960.000,0.96
1824269,1382970,812532,143,5209,918,0,0,918.000,0.96
1824269,1382970,314828,15,5351,942,0,0,942.000,0.96
1824269,1078811,1008028,209,5208,936,0,0,936.000,0.96
1824269,1078811,1428154,14,5583,960,0,0,960.000,0.96
1824269,834069,1645006,547,5167,936,0,0,936.000,0.96
1824269,834069,296634,13,5392,936,0,0,936.000,0.96
1824269,1418081,1446733,60,5250,960,0,0,960.000,0.96
1824269,1418081,693032,13,5166,948,0,0,948.000,0.96
1824269,1324984,1075740,117,5417,972,0,0,972.000,0.96
1824269,1324984,154615,10,5542,942,0,0,942.000,0.96
1824269,1714759,1611804,116,5125,948,0,0,948.000,0.96
1824269,1714759,1630536,11,5542,948,0,0,948.000,0.96
1824269,1703031,372669,516,5333,942,0,0,942.000,0.96
1824269,1703031,816088,16,5458,948,0,0,948.000,0.96
1824269,1039946,1543536,76,5083,924,0,0,924.000,0.96
1824269,1039946,1186685,15,5291,948,0,0,948.000,0.96
1824269,1581121,1444361,167,5250,960,0,0,960.000,0.96
1824269,1581121,1344411,21,5292,936,0,0,936.000,0.96
1824281,FAILED,FAILED,FAILED,FAILED,FAILED,FAILED,FAILED,FAILED,FAILED
1824523,949900,245939,52,6084,927,0,0,927.000,0.62
1824523,949900,726726,19,6209,927,0,0,927.000,0.62
1824523,409591,555798,246,4875,927,0,0,927.000,0.62
1824523,409591,90634,17,5042,927,0,0,927.000,0.62
1824523,1383638,889994,11,4917,927,0,0,927.000,0.62
1824523,1383638,1164354,17,5017,927,0,0,927.000,0.62
1824523,1049467,344337,186,4917,927,0,0,927.000,0.62
1824523,1049467,93838,9,4958,927,0,0,927.000,0.62
1824523,1782127,888946,63,5084,927,0,0,927.000,0.62
1824523,1782127,91522,15,5041,927,0,0,927.000,0.62
1824523,912573,1821504,334,5000,927,0,0,927.000,0.62
1824523,912573,1281369,13,5250,927,0,0,927.000,0.62
1824523,230174,6749,5,4833,927,0,0,927.000,0.62
1824523,230174,1314359,14,4976,927,0,0,927.000,0.62
1824523,59582,251853,58,4917,927,0,0,927.000,0.62
1824523,59582,68686,16,5167,927,0,0,927.000,0.62
1824523,829902,1763580,237,4833,927,0,0,927.000,0.62
1824523,829902,1793026,15,5083,927,0,0,927.000,0.62
1824523,1388111,38147,240,4893,927,0,0,927.000,0.62
1824523,1388111,561798,14,4916,927,0,0,927.000,0.62
1825679,1041754,851762,309,5042,927,0,0,927.000,1.91
1825679,1041754,806537,9,4958,927,0,0,927.000,1.91
1825679,1419273,1048232,206,5000,927,0,0,927.000,1.91
1825679,1419273,999794,12,5083,927,0,0,927.000,1.91
1825679,1269920,560777,841,4958,927,0,0,927.000,1.91
1825679,1269920,395185,17,4958,927,0,0,927.000,1.91
1825679,317296,727560,753,4875,927,0,0,927.000,1.91
1825679,317296,1582344,11,4833,927,0,0,927.000,1.91
1825679,739645,613574,574,5143,927,0,0,927.000,1.91
1825679,739645,1641123,18,5250,927,0,0,927.000,1.91
1825679,76330,1423793,1146,4834,927,0,0,927.000,1.91
1825679,76330,1784140,12,5000,927,0,0,927.000,1.91
1825679,472438,335279,373,4977,927,0,0,927.000,1.91
1825679,472438,692689,20,4792,927,0,0,927.000,1.91
1825679,432517,72005,44,4792,927,0,0,927.000,1.91
1825679,432517,1015933,15,4875,927,0,0,927.000,1.91
1825679,641708,1290042,173,5250,927,0,0,927.000,1.91
1825679,641708,921557,18,5167,927,0,0,927.000,1.91
1825679,1222334,1727941,155,4875,927,0,0,927.000,1.91
1825679,1222334,606028,9,4976,927,0,0,927.000,1.91
1827863,696454,1092849,102,4875,885,0,0,885.000,2.04
1827863,696454,532952,19,5042,885,0,0,885.000,2.04
1827863,1175557,1686015,1068,4875,885,0,0,885.000,2.04
1827863,1175557,723191,17,5250,885,0,0,885.000,2.04
1827863,1325159,1640335,410,4833,885,0,0,885.000,2.04
1827863,1325159,876595,11,4833,885,0,0,885.000,2.04
1827863,377359,869101,98,4875,885,0,0,885.000,2.04
1827863,377359,502961,17,5183,885,0,0,885.000,2.04
1827863,1002346,1130836,936,4750,885,0,0,885.000,2.04
1827863,1002346,645120,10,4809,885,0,0,885.000,2.04
1827863,931957,1128880,281,5000,885,0,0,885.000,2.04
1827863,931957,569966,16,4916,885,0,0,885.000,2.04
1827863,1300737,1270639,284,4792,885,0,0,885.000,2.04
1827863,1300737,110023,16,5042,885,0,0,885.000,2.04
1827863,268306,1466629,752,4875,885,0,0,885.000,2.04
1827863,268306,1680227,13,5125,885,0,0,885.000,2.04
1827863,854669,897670,1272,4959,885,0,0,885.000,2.04
1827863,854669,1782677,7,4958,885,0,0,885.000,2.04
1827863,1238627,1270448,34,4792,885,0,0,885.000,2.04
1827863,1238627,1082344,12,4833,885,0,0,885.000,2.04
1828789,576050,1560785,26,6959,1026,0,0,1026.000,0.85
1828789,576050,171668,21,7500,1056,0,0,1056.000,0.85
1828789,1254650,283881,31,6727,1038,0,0,1038.000,0.85
1828789,1254650,1094254,21,5750,1032,0,0,1032.000,0.85
1828789,1534170,1452129,257,13183,1026,0,0,1026.000,0.85
1828789,1534170,1140860,35,13417,1038,0,0,1038.000,0.85
1828789,1498617,1766761,8,5292,1020,0,0,1020.000,0.85
1828789,1498617,171740,14,5916,1020,0,0,1020.000,0.85
1828789,1794216,451148,387,5375,1020,0,0,1020.000,0.85
1828789,1265045,1107877,7,5375,1026,0,0,1026.000,0.85
1828789,1794216,817307,11,5625,1044,0,0,1044.000,0.85
1828789,1265045,1828656,5,5560,1026,0,0,1026.000,0.85
1828789,1303502,1243397,269,5476,1032,0,0,1032.000,0.85
1828789,1303502,411626,15,5375,1020,0,0,1020.000,0.85
1828789,1224017,93699,116,5417,1026,0,0,1026.000,0.85
1828789,1224017,1428830,13,5708,1026,0,0,1026.000,0.85
1828789,1005083,95842,59,5250,1020,0,0,1020.000,0.85
1828789,1005083,475334,16,5542,1020,0,0,1020.000,0.85
1828789,627021,1057008,795,13351,1038,0,0,1038.000,0.85
1828789,627021,1612225,27,13375,1032,0,0,1032.000,0.85
1829203,118390,139437,165,4833,927,0,0,927.000,0.90
1829203,118390,490228,8,4792,927,0,0,927.000,0.90
1829203,1798952,591590,395,4917,927,0,0,927.000,0.90
1829203,1798952,1449626,7,5209,927,0,0,927.000,0.90
1829203,654686,557382,239,5084,927,0,0,927.000,0.90
1829203,654686,1107509,13,4834,927,0,0,927.000,0.90
1829203,901694,243563,140,5000,927,0,0,927.000,0.90
1829203,901694,255551,13,5083,927,0,0,927.000,0.90
1829203,566973,303489,473,4893,927,0,0,927.000,0.90
1829203,566973,1052282,13,5000,927,0,0,927.000,0.90
1829203,195458,1418030,216,4750,927,0,0,927.000,0.90
1829203,195458,1528409,6,5017,927,0,0,927.000,0.90
1829203,1254807,130803,98,5042,927,0,0,927.000,0.90
1829203,1254807,612287,14,4916,927,0,0,927.000,0.90
1829203,427563,1690787,33,4893,927,0,0,927.000,0.90
1829203,427563,694402,19,5125,927,0,0,927.000,0.90
1829203,242198,501690,17,5041,927,0,0,927.000,0.90
1829203,242198,872925,22,4750,927,0,0,927.000,0.90
1829203,1449064,1037621,225,5042,927,0,0,927.000,0.90
1829203,1449064,613435,13,4934,927,0,0,927.000,0.90
1830637,168157,1801639,41,6976,1044,0,0,1044.000,0.96
1830637,168157,1053126,17,5792,1038,0,0,1038.000,0.96
1830637,1014944,1586539,181,5500,1038,0,0,1038.000,0.96
1830637,1014944,1635520,10,5684,1014,0,0,1014.000,0.96
1830637,1408936,362094,266,5417,1032,0,0,1032.000,0.96
1830637,1408936,68639,14,5375,1038,0,0,1038.000,0.96
1830637,1198059,1526891,336,5667,1032,0,0,1032.000,0.96
1830637,1198059,60111,15,5625,1026,0,0,1026.000,0.96
1830637,1181254,1141427,87,5417,1032,0,0,1032.000,0.96
1830637,1181254,915894,10,5560,1026,0,0,1026.000,0.96
1830637,341493,761311,323,5625,1032,0,0,1032.000,0.96
1830637,341493,934987,17,5625,1050,0,0,1050.000,0.96
1830637,1055855,1777571,110,5208,1014,0,0,1014.000,0.96
1830637,1055855,1828514,9,5500,1050,0,0,1050.000,0.96
1830637,67111,1604382,401,5333,1026,0,0,1026.000,0.96
1830637,67111,1770758,23,5393,1020,0,0,1020.000,0.96
1830637,298459,1370171,160,5250,1020,0,0,1020.000,0.96
1830637,298459,1787306,17,5558,1044,0,0,1044.000,0.96
1830637,863831,150965,109,5500,1032,0,0,1032.000,0.96
1830637,863831,1027001,24,5750,1044,0,0,1044.000,0.96
1831211,952560,1770659,125,5875,927,0,0,927.000,0.50
1831211,952560,177291,23,5166,927,0,0,927.000,0.50
1831211,1187596,1608909,216,4875,927,0,0,927.000,0.50
1831211,1187596,77761,13,5100,927,0,0,927.000,0.50
1831211,943933,96623,221,5000,927,0,0,927.000,0.50
1831211,943933,1581345,11,4917,927,0,0,927.000,0.50
1831211,622753,1301816,272,5102,927,0,0,927.000,0.50
1831211,622753,1347435,24,5084,927,0,0,927.000,0.50
1831211,1008066,622900,71,5017,927,0,0,927.000,0.50
1831211,1008066,857671,12,5042,927,0,0,927.000,0.50
1831211,1699406,1228800,79,4875,927,0,0,927.000,0.50
1831211,337316,49606,2,5166,927,0,0,927.000,0.50
1831211,1699406,210746,15,5083,927,0,0,927.000,0.50
1831211,337316,1446877,23,5083,927,0,0,927.000,0.50
1831211,732293,1220150,14,4917,927,0,0,927.000,0.50
1831211,732293,903023,14,4892,927,0,0,927.000,0.50
1831211,829215,1223845,48,5000,927,0,0,927.000,0.50
1831211,829215,394468,18,5042,927,0,0,927.000,0.50
1831211,1424526,1582318,36,5102,927,0,0,927.000,0.50
1831211,1424526,1298471,14,5250,927,0,0,927.000,0.50
1837399,1246086,732304,185,5084,843,0,0,843.000,0.73
1837399,1246086,1596858,14,5083,843,0,0,843.000,0.73
1837399,173417,313091,267,4708,843,0,0,843.000,0.73
1837399,173417,415192,9,4792,843,0,0,843.000,0.73
1837399,141129,1537196,92,4708,843,0,0,843.000,0.73
1837399,141129,1325246,12,5183,843,0,0,843.000,0.73
1837399,587511,429062,10,11142,843,0,0,843.000,0.73
1837399,587511,1119276,18,11250,843,0,0,843.000,0.73
1837399,159448,508688,133,4750,843,0,0,843.000,0.73
1837399,159448,321447,18,5250,843,0,0,843.000,0.73
1837399,1233172,1229773,244,4600,843,0,0,843.000,0.73
1837399,1233172,1736732,8,4833,843,0,0,843.000,0.73
1837399,29345,1203948,143,11167,843,0,0,843.000,0.73
1837399,29345,513406,30,10892,843,0,0,843.000,0.73
1837399,1626846,987053,389,4833,843,0,0,843.000,0.73
1837399,1626846,677015,14,5083,843,0,0,843.000,0.73
1837399,1281924,1233262,12,4583,843,0,0,843.000,0.73
1837399,1281924,1386652,18,4792,843,0,0,843.000,0.73
1837399,243864,1804585,121,4875,843,0,0,843.000,0.73
1837399,243864,876724,16,5101,843,0,0,843.000,0.73
