prime,A,x0,trials,cycles,mul_count,inv_count,branch_count,opcount_m3,batch_time_ms
1001629,943451,765449,52216,166,66,0,0,66.000,456.42
1001629,106265,866787,31750,333,66,0,0,66.000,456.42
1001629,357723,277123,32208,333,66,0,0,66.000,456.42
1001629,907898,997084,66056,250,66,0,0,66.000,456.42
1001629,522221,195688,109173,333,66,0,0,66.000,456.42
1001629,477411,350277,6752,333,66,0,0,66.000,456.42
1001629,739036,578096,33770,333,66,0,0,66.000,456.42
1001629,194285,762029,1275,167,66,0,0,66.000,456.42
1001629,34439,496697,2357,167,66,0,0,66.000,456.42
1001629,40546,432897,1717,208,66,0,0,66.000,456.42
1001629,270525,620163,10880,166,66,0,0,66.000,456.42
1001629,963658,554984,4520,166,66,0,0,66.000,456.42
1001629,853415,44993,22077,167,66,0,0,66.000,456.42
1001629,175195,773573,1473,167,66,0,0,66.000,456.42
1001629,305660,297108,14959,250,66,0,0,66.000,456.42
1001629,966756,530042,4968,166,66,0,0,66.000,456.42
1001629,357331,386830,13039,208,66,0,0,66.000,456.42
1001629,930951,35747,2990,208,66,0,0,66.000,456.42
1001629,693980,766952,17597,208,66,0,0,66.000,456.42
1001629,19868,256399,21090,209,66,0,0,66.000,456.42
1003109,426376,995622,48856,250,66,0,0,66.000,261.96
1003109,905331,971974,5945,250,66,0,0,66.000,261.96
1003109,378813,817708,32133,209,66,0,0,66.000,261.96
1003109,678375,310182,804,208,66,0,0,66.000,261.96
1003109,465203,924381,5759,250,66,0,0,66.000,261.96
1003109,48708,220646,232,250,66,0,0,66.000,261.96
1003109,92062,93695,7920,250,66,0,0,66.000,261.96
1003109,482149,475091,2684,167,66,0,0,66.000,261.96
1003109,792610,144904,8984,209,66,0,0,66.000,261.96
1003109,921800,929268,5862,250,66,0,0,66.000,261.96
1003109,367328,491283,2894,250,66,0,0,66.000,261.96
1003109,8999,679631,5066,250,66,0,0,66.000,261.96
1003109,755896,252401,387,208,66,0,0,66.000,261.96
1003109,983828,313993,30958,250,66,0,0,66.000,261.96
1003109,74883,962220,8534,250,66,0,0,66.000,261.96
1003109,324528,912278,3416,250,66,0,0,66.000,261.96
1003109,387820,865244,2452,209,66,0,0,66.000,261.96
1003109,425015,208285,12379,375,66,0,0,66.000,261.96
1003109,713988,199942,41014,375,66,0,0,66.000,261.96
1003109,286367,195020,646,208,66,0,0,66.000,261.96
1006769,581449,76264,1337,166,66,0,0,66.000,49.09
1006769,671110,397576,1344,209,66,0,0,66.000,49.09
1006769,315469,936830,1849,166,66,0,0,66.000,49.09
1006769,181654,702871,85,292,66,0,0,66.000,49.09
1006769,878940,751104,3387,291,66,0,0,66.000,49.09
1006769,77169,271385,3653,208,66,0,0,66.000,49.09
1006769,704661,301109,1202,167,66,0,0,66.000,49.09
1006769,956030,323805,586,167,66,0,0,66.000,49.09
1006769,373675,932836,1193,167,66,0,0,66.000,49.09
1006769,2754,507610,8350,209,66,0,0,66.000,49.09
1006769,549057,946220,680,208,66,0,0,66.000,49.09
1006769,401210,844698,987,208,66,0,0,66.000,49.09
1006769,870384,66765,7764,209,66,0,0,66.000,49.09
1006769,83297,379726,2954,208,66,0,0,66.000,49.09
1006769,785078,662844,2478,166,66,0,0,66.000,49.09
1006769,140641,73059,2734,166,66,0,0,66.000,49.09
1006769,50739,396553,832,208,66,0,0,66.000,49.09
1006769,375517,10190,17489,167,66,0,0,66.000,49.09
1006769,264796,921237,249,166,66,0,0,66.000,49.09
1006769,404425,436819,2480,167,66,0,0,66.000,49.09
1006883,876725,32320,211,209,66,0,0,66.000,75.73
1006883,504347,729478,3114,208,66,0,0,66.000,75.73
1006883,627247,424988,565,167,66,0,0,66.000,75.73
1006883,340413,276849,13770,375,66,0,0,66.000,75.73
1006883,644184,6726,2807,166,66,0,0,66.000,75.73
1006883,666001,537474,1212,208,66,0,0,66.000,75.73
1006883,748178,766193,5900,209,66,0,0,66.000,75.73
1006883,436164,432270,2697,209,66,0,0,66.000,75.73
1006883,366002,403979,680,208,66,0,0,66.000,75.73
1006883,314234,548670,1191,167,66,0,0,66.000,75.73
1006883,538608,436116,8564,208,66,0,0,66.000,75.73
1006883,113819,701472,7843,167,66,0,0,66.000,75.73
1006883,409429,514115,10175,208,66,0,0,66.000,75.73
1006883,207389,521224,364,208,66,0,0,66.000,75.73
1006883,561603,9013,10683,209,66,0,0,66.000,75.73
1006883,423782,479165,1253,167,66,0,0,66.000,75.73
1006883,897742,426162,1651,208,66,0,0,66.000,75.73
1006883,176105,805056,372,208,66,0,0,66.000,75.73
1006883,936882,856743,624,209,66,0,0,66.000,75.73
1006883,861624,534096,3627,166,66,0,0,66.000,75.73
1009159,927635,509793,18898,209,66,0,0,66.000,206.16
1009159,872718,566454,516,208,66,0,0,66.000,206.16
1009159,323938,8751,16338,208,66,0,0,66.000,206.16
1009159,429524,37216,8828,208,66,0,0,66.000,206.16
1009159,130739,895489,815,417,66,0,0,66.000,206.16
1009159,199124,467131,7335,209,66,0,0,66.000,206.16
1009159,906557,558224,1777,250,66,0,0,66.000,206.16
1009159,104152,312830,229,208,66,0,0,66.000,206.16
1009159,415646,118946,7552,208,66,0,0,66.000,206.16
1009159,503219,110306,12903,225,66,0,0,66.000,206.16
1009159,34299,128878,1476,208,66,0,0,66.000,206.16
1009159,915690,401879,12931,208,66,0,0,66.000,206.16
1009159,615379,200518,13805,166,66,0,0,66.000,206.16
1009159,987658,943367,1347,209,66,0,0,66.000,206.16
1009159,32216,70242,23490,166,66,0,0,66.000,206.16
1009159,880039,859864,5388,375,66,0,0,66.000,206.16
1009159,87477,246737,2306,208,66,0,0,66.000,206.16
1009159,1006148,481210,2225,250,66,0,0,66.000,206.16
1009159,254743,717119,18427,209,66,0,0,66.000,206.16
1009159,391228,700686,15767,209,66,0,0,66.000,206.16
1009193,922493,135715,15120,250,66,0,0,66.000,150.60
1009193,990687,978916,13888,250,66,0,0,66.000,150.60
1009193,252234,601279,14088,291,66,0,0,66.000,150.60
1009193,966967,654084,6771,250,66,0,0,66.000,150.60
1009193,579124,577050,10889,250,66,0,0,66.000,150.60
1009193,225244,819636,191,250,66,0,0,66.000,150.60
1009193,654590,854967,10598,250,66,0,0,66.000,150.60
1009193,804084,867552,1143,250,66,0,0,66.000,150.60
1009193,425024,349179,6193,208,66,0,0,66.000,150.60
1009193,716534,895652,4298,291,66,0,0,66.000,150.60
1009193,270867,680358,2818,250,66,0,0,66.000,150.60
1009193,908495,838178,311,250,66,0,0,66.000,150.60
1009193,508798,185630,2725,417,66,0,0,66.000,150.60
1009193,59650,282668,1087,208,66,0,0,66.000,150.60
1009193,913756,134801,2256,208,66,0,0,66.000,150.60
1009193,709781,244619,9857,250,66,0,0,66.000,150.60
1009193,504055,506207,2691,250,66,0,0,66.000,150.60
1009193,209520,935813,3433,250,66,0,0,66.000,150.60
1009193,298641,806486,14178,250,66,0,0,66.000,150.60
1009193,17047,72610,4080,208,66,0,0,66.000,150.60
1012481,834904,898265,6562,459,66,0,0,66.000,226.08
1012481,643528,920608,15908,209,66,0,0,66.000,226.08
1012481,755550,502120,3454,208,66,0,0,66.000,226.08
1012481,944104,107279,2447,292,66,0,0,66.000,226.08
1012481,226146,853890,5988,250,66,0,0,66.000,226.08
1012481,858338,550726,6167,208,66,0,0,66.000,226.08
1012481,361529,300210,9073,208,66,0,0,66.000,226.08
1012481,703812,218727,7718,250,66,0,0,66.000,226.08
1012481,9964,396520,3217,250,66,0,0,66.000,226.08
1012481,905426,922697,17589,417,66,0,0,66.000,226.08
1012481,931789,29538,11450,209,66,0,0,66.000,226.08
1012481,827885,71430,16158,208,66,0,0,66.000,226.08
1012481,121769,526158,8080,208,66,0,0,66.000,226.08
1012481,681081,96634,9129,208,66,0,0,66.000,226.08
1012481,1002397,596111,15619,250,66,0,0,66.000,226.08
1012481,146716,727618,10421,250,66,0,0,66.000,226.08
1012481,939171,275862,14528,250,66,0,0,66.000,226.08
1012481,792827,952404,4597,250,66,0,0,66.000,226.08
1012481,302737,131705,18555,250,66,0,0,66.000,226.08
1012481,943627,592460,10711,291,66,0,0,66.000,226.08
1016497,645707,40579,3895,166,66,0,0,66.000,98.12
1016497,71962,806681,20785,167,66,0,0,66.000,98.12
1016497,23676,112071,6453,208,66,0,0,66.000,98.12
1016497,329840,877570,5732,209,66,0,0,66.000,98.12
1016497,162577,892686,16889,209,66,0,0,66.000,98.12
1016497,875871,583233,984,208,66,0,0,66.000,98.12
1016497,212890,102476,764,167,66,0,0,66.000,98.12
1016497,824374,187085,700,375,66,0,0,66.000,98.12
1016497,629713,630339,553,208,66,0,0,66.000,98.12
1016497,13371,886536,4990,167,66,0,0,66.000,98.12
1016497,65557,956041,125,208,66,0,0,66.000,98.12
1016497,752287,969222,6339,334,66,0,0,66.000,98.12
1016497,365828,955710,1346,167,66,0,0,66.000,98.12
1016497,886046,958999,1456,208,66,0,0,66.000,98.12
1016497,110082,940484,8461,375,66,0,0,66.000,98.12
1016497,368184,253062,4438,250,66,0,0,66.000,98.12
1016497,757170,167689,6519,250,66,0,0,66.000,98.12
1016497,83039,255061,2615,167,66,0,0,66.000,98.12
1016497,511983,344172,76,209,66,0,0,66.000,98.12
1016497,221805,112567,9670,166,66,0,0,66.000,98.12
1019357,678851,944732,1956,209,66,0,0,66.000,170.58
1019357,891579,425292,564,166,66,0,0,66.000,170.58
1019357,319395,80376,2319,209,66,0,0,66.000,170.58
1019357,368658,1000585,7797,208,66,0,0,66.000,170.58
1019357,878000,321623,5647,166,66,0,0,66.000,170.58
1019357,140006,442436,7348,208,66,0,0,66.000,170.58
1019357,479819,5145,8127,167,66,0,0,66.000,170.58
1019357,601136,52303,2094,209,66,0,0,66.000,170.58
1019357,836288,570201,11443,167,66,0,0,66.000,170.58
1019357,303347,640597,4976,208,66,0,0,66.000,170.58
1019357,149579,192511,8127,208,66,0,0,66.000,170.58
1019357,832193,258190,758,167,66,0,0,66.000,170.58
1019357,635683,52416,3393,250,66,0,0,66.000,170.58
1019357,239842,514158,3529,208,66,0,0,66.000,170.58
1019357,125135,643577,5000,208,66,0,0,66.000,170.58
1019357,182633,276752,33516,209,66,0,0,66.000,170.58
1019357,575756,433170,15753,167,66,0,0,66.000,170.58
1019357,314091,42835,18310,417,66,0,0,66.000,170.58
1019357,1003912,1007085,14989,167,66,0,0,66.000,170.58
1019357,415850,962613,9292,500,66,0,0,66.000,170.58
1020683,736514,124910,8429,167,66,0,0,66.000,78.61
1020683,349759,215441,7689,167,66,0,0,66.000,78.61
1020683,977923,205976,4759,208,66,0,0,66.000,78.61
1020683,418985,639245,388,167,66,0,0,66.000,78.61
1020683,175148,265649,1654,209,66,0,0,66.000,78.61
1020683,41869,940941,3217,208,66,0,0,66.000,78.61
1020683,178080,397683,2436,208,66,0,0,66.000,78.61
1020683,305380,61296,7012,208,66,0,0,66.000,78.61
1020683,828691,74700,8620,166,66,0,0,66.000,78.61
1020683,466149,267518,1519,166,66,0,0,66.000,78.61
1020683,495244,386223,11355,166,66,0,0,66.000,78.61
1020683,170086,921301,81,208,66,0,0,66.000,78.61
1020683,591572,143493,2310,166,66,0,0,66.000,78.61
1020683,469093,688584,1039,208,66,0,0,66.000,78.61
1020683,19641,52591,2997,209,66,0,0,66.000,78.61
1020683,16817,357153,5741,167,66,0,0,66.000,78.61
1020683,104655,401108,1879,167,66,0,0,66.000,78.61
1020683,383245,924266,10889,166,66,0,0,66.000,78.61
1020683,669365,652912,259,167,66,0,0,66.000,78.61
1020683,986992,858395,3445,166,66,0,0,66.000,78.61
1021429,138178,733488,5633,167,66,0,0,66.000,304.98
1021429,397157,908558,251,209,66,0,0,66.000,304.98
1021429,495279,25419,10648,209,66,0,0,66.000,304.98
1021429,967804,651895,59708,167,66,0,0,66.000,304.98
1021429,394714,520631,2911,208,66,0,0,66.000,304.98
1021429,533649,896153,6218,208,66,0,0,66.000,304.98
1021429,200718,969140,2493,167,66,0,0,66.000,304.98
1021429,543942,398176,25882,209,66,0,0,66.000,304.98
1021429,978736,441073,20048,208,66,0,0,66.000,304.98
1021429,639240,987970,14922,208,66,0,0,66.000,304.98
1021429,105584,176324,1929,208,66,0,0,66.000,304.98
1021429,889015,253410,5512,209,66,0,0,66.000,304.98
1021429,56894,682488,9175,167,66,0,0,66.000,304.98
1021429,977513,998396,38538,209,66,0,0,66.000,304.98
1021429,640852,791592,25677,208,66,0,0,66.000,304.98
1021429,650630,194610,11828,208,66,0,0,66.000,304.98
1021429,23716,894486,26482,208,66,0,0,66.000,304.98
1021429,207044,765505,20291,208,66,0,0,66.000,304.98
1021429,930983,54449,6583,375,66,0,0,66.000,304.98
1021429,46663,318064,5775,208,66,0,0,66.000,304.98
1021907,392770,243925,52039,250,66,0,0,66.000,702.70
1021907,765601,895442,10343,500,66,0,0,66.000,702.70
1021907,401349,245182,27973,250,66,0,0,66.000,702.70
1021907,186395,423470,39849,250,66,0,0,66.000,702.70
1021907,658626,280096,1911,250,66,0,0,66.000,702.70
1021907,887103,974567,34595,291,66,0,0,66.000,702.70
1021907,701935,520274,56304,209,66,0,0,66.000,702.70
1021907,31615,357175,31719,250,66,0,0,66.000,702.70
1021907,286378,144628,36957,292,66,0,0,66.000,702.70
1021907,964799,616923,72460,250,66,0,0,66.000,702.70
1021907,603319,664402,37465,208,66,0,0,66.000,702.70
1021907,530393,201179,975,292,66,0,0,66.000,702.70
1021907,217148,518646,19727,250,66,0,0,66.000,702.70
1021907,385802,941567,12443,292,66,0,0,66.000,702.70
1021907,472138,892650,9492,292,66,0,0,66.000,702.70
1021907,358887,606107,25648,208,66,0,0,66.000,702.70
1021907,640514,337702,54480,250,66,0,0,66.000,702.70
1021907,674502,160189,9138,417,66,0,0,66.000,702.70
1021907,892607,242987,18046,291,66,0,0,66.000,702.70
1021907,987854,709693,16678,250,66,0,0,66.000,702.70
1022611,485854,768679,25128,250,66,0,0,66.000,139.20
1022611,64870,506402,13985,166,66,0,0,66.000,139.20
1022611,989446,911907,2726,209,66,0,0,66.000,139.20
1022611,550722,674113,12367,208,66,0,0,66.000,139.20
1022611,437624,574319,1933,209,66,0,0,66.000,139.20
1022611,289852,372654,8175,167,66,0,0,66.000,139.20
1022611,1020434,348428,1630,166,66,0,0,66.000,139.20
1022611,251838,965290,4904,208,66,0,0,66.000,139.20
1022611,494989,550303,501,167,66,0,0,66.000,139.20
1022611,997347,863343,12192,167,66,0,0,66.000,139.20
1022611,393781,59165,27960,167,66,0,0,66.000,139.20
1022611,48891,199147,3602,167,66,0,0,66.000,139.20
1022611,792893,113940,5419,208,66,0,0,66.000,139.20
1022611,42832,82796,5106,209,66,0,0,66.000,139.20
1022611,671881,485102,750,208,66,0,0,66.000,139.20
1022611,494415,614712,9227,209,66,0,0,66.000,139.20
1022611,264669,541257,6631,208,66,0,0,66.000,139.20
1022611,86465,800783,5756,209,66,0,0,66.000,139.20
1022611,912651,732838,1569,166,66,0,0,66.000,139.20
1022611,885453,417287,1792,167,66,0,0,66.000,139.20
1023313,1007728,169158,20251,209,66,0,0,66.000,104.22
1023313,255495,934121,8724,416,66,0,0,66.000,104.22
1023313,810854,994524,2680,250,66,0,0,66.000,104.22
1023313,1011735,916850,3970,250,66,0,0,66.000,104.22
1023313,708466,458243,3365,250,66,0,0,66.000,104.22
1023313,537012,187086,2357,209,66,0,0,66.000,104.22
1023313,584493,484766,3843,209,66,0,0,66.000,104.22
1023313,110963,252600,6373,209,66,0,0,66.000,104.22
1023313,109001,247160,3647,250,66,0,0,66.000,104.22
1023313,754918,33331,1579,208,66,0,0,66.000,104.22
1023313,332479,583906,6743,250,66,0,0,66.000,104.22
1023313,245121,368959,517,458,66,0,0,66.000,104.22
1023313,611826,599668,6442,333,66,0,0,66.000,104.22
1023313,1000658,47306,217,250,66,0,0,66.000,104.22
1023313,877789,121251,818,250,66,0,0,66.000,104.22
1023313,286352,519331,3825,250,66,0,0,66.000,104.22
1023313,695544,863643,571,292,66,0,0,66.000,104.22
1023313,287089,551015,15336,208,66,0,0,66.000,104.22
1023313,368054,242280,1094,500,66,0,0,66.000,104.22
1023313,638841,397592,2289,208,66,0,0,66.000,104.22
1024379,713233,91329,1395,208,66,0,0,66.000,135.31
1024379,803512,308402,4511,209,66,0,0,66.000,135.31
1024379,366341,595394,8819,375,66,0,0,66.000,135.31
1024379,299943,388317,520,417,66,0,0,66.000,135.31
1024379,846706,608282,1268,208,66,0,0,66.000,135.31
1024379,326563,993411,16236,209,66,0,0,66.000,135.31
1024379,11876,49953,5140,208,66,0,0,66.000,135.31
1024379,76965,769406,546,208,66,0,0,66.000,135.31
1024379,482762,592685,25356,250,66,0,0,66.000,135.31
1024379,982303,389849,11761,209,66,0,0,66.000,135.31
1024379,713233,713950,4556,208,66,0,0,66.000,135.31
1024379,666099,246607,2269,208,66,0,0,66.000,135.31
1024379,927873,578529,4452,250,66,0,0,66.000,135.31
1024379,875867,961717,734,250,66,0,0,66.000,135.31
1024379,51270,772943,2378,375,66,0,0,66.000,135.31
1024379,731790,960211,5249,208,66,0,0,66.000,135.31
1024379,25333,311648,12729,208,66,0,0,66.000,135.31
1024379,710909,524535,4393,208,66,0,0,66.000,135.31
1024379,748490,1023431,17221,209,66,0,0,66.000,135.31
1024379,434248,872773,199,250,66,0,0,66.000,135.31
1026761,42608,554357,2944,334,66,0,0,66.000,374.44
1026761,765759,1003024,1535,208,66,0,0,66.000,374.44
1026761,994820,556550,32034,208,66,0,0,66.000,374.44
1026761,490547,155981,36623,375,66,0,0,66.000,374.44
1026761,160259,921587,1781,208,66,0,0,66.000,374.44
1026761,671384,405576,39032,209,66,0,0,66.000,374.44
1026761,673916,6842,12413,208,66,0,0,66.000,374.44
1026761,595083,973913,2428,250,66,0,0,66.000,374.44
1026761,989089,613160,20020,250,66,0,0,66.000,374.44
1026761,673135,190264,43928,208,66,0,0,66.000,374.44
1026761,237845,622047,7658,209,66,0,0,66.000,374.44
1026761,65791,140619,12504,209,66,0,0,66.000,374.44
1026761,875705,556601,3003,417,66,0,0,66.000,374.44
1026761,877356,190277,23478,208,66,0,0,66.000,374.44
1026761,574881,203215,16689,250,66,0,0,66.000,374.44
1026761,693296,287827,1975,208,66,0,0,66.000,374.44
1026761,372036,233177,56519,250,66,0,0,66.000,374.44
1026761,4113,116156,16229,166,66,0,0,66.000,374.44
1026761,22279,462433,20540,167,66,0,0,66.000,374.44
1026761,953382,995935,17689,208,66,0,0,66.000,374.44
1027853,318284,118455,1012,250,66,0,0,66.000,453.72
1027853,872863,805566,13136,250,66,0,0,66.000,453.72
1027853,88281,773515,94509,250,66,0,0,66.000,453.72
1027853,172325,754422,10475,458,66,0,0,66.000,453.72
1027853,1027201,242719,16944,250,66,0,0,66.000,453.72
1027853,778885,33844,29460,166,66,0,0,66.000,453.72
1027853,380990,146362,47762,209,66,0,0,66.000,453.72
1027853,1000975,960916,783,208,66,0,0,66.000,453.72
1027853,779815,185508,7988,208,66,0,0,66.000,453.72
1027853,997060,976772,22784,500,66,0,0,66.000,453.72
1027853,778041,753884,26604,209,66,0,0,66.000,453.72
1027853,454681,278892,522,208,66,0,0,66.000,453.72
1027853,29468,955633,25,208,66,0,0,66.000,453.72
1027853,860593,962235,21665,291,66,0,0,66.000,453.72
1027853,407226,46447,8309,167,66,0,0,66.000,453.72
1027853,540152,591504,25460,208,66,0,0,66.000,453.72
1027853,750833,762964,10861,250,66,0,0,66.000,453.72
1027853,1027201,325453,8375,250,66,0,0,66.000,453.72
1027853,641149,383034,26854,250,66,0,0,66.000,453.72
1027853,752277,957377,19153,208,66,0,0,66.000,453.72
1028597,854428,455995,656,208,66,0,0,66.000,232.96
1028597,178677,836231,5059,209,66,0,0,66.000,232.96
1028597,92129,231391,7255,334,66,0,0,66.000,232.96
1028597,86048,167600,21712,167,66,0,0,66.000,232.96
1028597,700742,133661,6337,208,66,0,0,66.000,232.96
1028597,490142,566183,16061,166,66,0,0,66.000,232.96
1028597,425316,684362,9217,209,66,0,0,66.000,232.96
1028597,555770,532294,6299,167,66,0,0,66.000,232.96
1028597,371455,607712,8331,166,66,0,0,66.000,232.96
1028597,317708,553869,2630,208,66,0,0,66.000,232.96
1028597,812028,548381,32267,226,66,0,0,66.000,232.96
1028597,630927,101179,5136,166,66,0,0,66.000,232.96
1028597,560342,949436,14534,167,66,0,0,66.000,232.96
1028597,648433,856677,29070,167,66,0,0,66.000,232.96
1028597,212697,391134,31686,208,66,0,0,66.000,232.96
1028597,624456,933914,23179,167,66,0,0,66.000,232.96
1028597,319156,112359,22518,167,66,0,0,66.000,232.96
1028597,553576,585270,20788,167,66,0,0,66.000,232.96
1028597,946499,629821,29847,167,66,0,0,66.000,232.96
1028597,2864,420986,2831,166,66,0,0,66.000,232.96
1028843,668967,911916,557,250,66,0,0,66.000,133.21
1028843,719934,500693,3079,208,66,0,0,66.000,133.21
1028843,25798,132622,10190,167,66,0,0,66.000,133.21
1028843,429825,533250,3159,375,66,0,0,66.000,133.21
1028843,927065,548375,1384,334,66,0,0,66.000,133.21
1028843,368236,765396,17329,167,66,0,0,66.000,133.21
1028843,892487,384794,8756,208,66,0,0,66.000,133.21
1028843,469646,1004673,1998,167,66,0,0,66.000,133.21
1028843,134357,421165,7025,209,66,0,0,66.000,133.21
1028843,36145,411007,8398,250,66,0,0,66.000,133.21
1028843,799526,266421,2284,208,66,0,0,66.000,133.21
1028843,512488,888952,2878,167,66,0,0,66.000,133.21
1028843,835904,67594,6341,209,66,0,0,66.000,133.21
1028843,683105,586365,4398,208,66,0,0,66.000,133.21
1028843,47628,626824,8884,208,66,0,0,66.000,133.21
1028843,528169,631892,11816,208,66,0,0,66.000,133.21
1028843,362128,118084,4538,208,66,0,0,66.000,133.21
1028843,1299,800053,11517,166,66,0,0,66.000,133.21
1028843,225875,53013,3377,208,66,0,0,66.000,133.21
1028843,463402,1021200,14170,208,66,0,0,66.000,133.21
1033007,373651,366973,1056,208,66,0,0,66.000,64.71
1033007,140114,243442,2894,208,66,0,0,66.000,64.71
1033007,750540,923381,101,208,66,0,0,66.000,64.71
1033007,23508,624010,424,250,66,0,0,66.000,64.71
1033007,82708,381142,1170,209,66,0,0,66.000,64.71
1033007,539700,453958,1515,291,66,0,0,66.000,64.71
1033007,633564,175366,1229,250,66,0,0,66.000,64.71
1033007,454879,153080,11831,417,66,0,0,66.000,64.71
1033007,988325,457502,4519,250,66,0,0,66.000,64.71
1033007,54622,667460,668,208,66,0,0,66.000,64.71
1033007,31730,351490,4942,208,66,0,0,66.000,64.71
1033007,604277,144880,548,250,66,0,0,66.000,64.71
1033007,738195,649184,854,208,66,0,0,66.000,64.71
1033007,849420,705518,12293,250,66,0,0,66.000,64.71
1033007,401399,796540,1020,208,66,0,0,66.000,64.71
1033007,587047,151671,1571,209,66,0,0,66.000,64.71
1033007,173983,762665,1687,250,66,0,0,66.000,64.71
1033007,641776,842413,6418,375,66,0,0,66.000,64.71
1033007,17653,204512,1194,375,66,0,0,66.000,64.71
1033007,172251,197226,3594,208,66,0,0,66.000,64.71
1033421,989364,255724,1710,208,66,0,0,66.000,42.64
1033421,288003,803630,3133,167,66,0,0,66.000,42.64
1033421,374662,326055,3400,166,66,0,0,66.000,42.64
1033421,391985,1013445,743,333,66,0,0,66.000,42.64
1033421,342775,433490,1639,167,66,0,0,66.000,42.64
1033421,112792,349651,236,166,66,0,0,66.000,42.64
1033421,243476,222764,8075,209,66,0,0,66.000,42.64
1033421,997550,419521,700,167,66,0,0,66.000,42.64
1033421,428688,598150,2732,333,66,0,0,66.000,42.64
1033421,937040,378457,244,209,66,0,0,66.000,42.64
1033421,660640,670201,4767,167,66,0,0,66.000,42.64
1033421,288745,24323,2762,167,66,0,0,66.000,42.64
1033421,451086,446467,2602,125,66,0,0,66.000,42.64
1033421,599959,359229,235,209,66,0,0,66.000,42.64
1033421,467000,457610,1747,167,66,0,0,66.000,42.64
1033421,408234,454736,5788,167,66,0,0,66.000,42.64
1033421,639910,257489,878,209,66,0,0,66.000,42.64
1033421,876597,482340,174,167,66,0,0,66.000,42.64
1033421,272119,54475,1920,167,66,0,0,66.000,42.64
1033421,940388,519929,2923,167,66,0,0,66.000,42.64
1033663,143136,282602,18804,333,66,0,0,66.000,151.00
1033663,635810,280372,6438,167,66,0,0,66.000,151.00
1033663,59248,25760,25237,166,66,0,0,66.000,151.00
1033663,808250,242883,246,166,66,0,0,66.000,151.00
1033663,681097,799491,20920,167,66,0,0,66.000,151.00
1033663,327631,251790,11146,166,66,0,0,66.000,151.00
1033663,479176,801381,10034,166,66,0,0,66.000,151.00
1033663,646009,712922,1229,208,66,0,0,66.000,151.00
1033663,284157,833299,1815,208,66,0,0,66.000,151.00
1033663,394909,879102,14866,167,66,0,0,66.000,151.00
1033663,949600,119496,4052,167,66,0,0,66.000,151.00
1033663,899516,854556,9905,167,66,0,0,66.000,151.00
1033663,654190,370936,1621,166,66,0,0,66.000,151.00
1033663,649797,261475,2207,167,66,0,0,66.000,151.00
1033663,215392,597149,19,167,66,0,0,66.000,151.00
1033663,930810,782641,2717,167,66,0,0,66.000,151.00
1033663,512116,161501,6681,334,66,0,0,66.000,151.00
1033663,402088,683702,14275,167,66,0,0,66.000,151.00
1033663,947606,257709,7925,167,66,0,0,66.000,151.00
1033663,401217,692991,15249,208,66,0,0,66.000,151.00
1035649,1017823,601103,8119,208,66,0,0,66.000,400.34
1035649,938066,445272,6022,250,66,0,0,66.000,400.34
1035649,401354,532537,4534,166,66,0,0,66.000,400.34
1035649,717018,441108,49165,167,66,0,0,66.000,400.34
1035649,411100,311837,19101,209,66,0,0,66.000,400.34
1035649,145913,988279,19882,167,66,0,0,66.000,400.34
1035649,1019523,32076,1866,208,66,0,0,66.000,400.34
1035649,71861,193183,14591,208,66,0,0,66.000,400.34
1035649,610655,448845,24982,167,66,0,0,66.000,400.34
1035649,814584,446749,5845,209,66,0,0,66.000,400.34
1035649,296704,374197,157,167,66,0,0,66.000,400.34
1035649,199805,113684,1403,208,66,0,0,66.000,400.34
1035649,213306,700389,14835,167,66,0,0,66.000,400.34
1035649,478340,622272,30042,166,66,0,0,66.000,400.34
1035649,495093,310746,31612,167,66,0,0,66.000,400.34
1035649,423952,255671,38869,208,66,0,0,66.000,400.34
1035649,520001,1017509,24179,250,66,0,0,66.000,400.34
1035649,642913,875349,13593,208,66,0,0,66.000,400.34
1035649,491977,17245,89246,208,66,0,0,66.000,400.34
1035649,545562,953496,19422,166,66,0,0,66.000,400.34
1036271,591917,271611,2526,208,66,0,0,66.000,250.36
1036271,820338,18151,11362,167,66,0,0,66.000,250.36
1036271,534079,286738,11483,208,66,0,0,66.000,250.36
1036271,45021,895523,508,209,66,0,0,66.000,250.36
1036271,147285,144275,56681,167,66,0,0,66.000,250.36
1036271,364472,702159,33866,167,66,0,0,66.000,250.36
1036271,858509,337045,2055,167,66,0,0,66.000,250.36
1036271,532748,570026,15173,167,66,0,0,66.000,250.36
1036271,19686,647095,35437,167,66,0,0,66.000,250.36
1036271,206455,716388,27409,167,66,0,0,66.000,250.36
1036271,142891,509541,21571,209,66,0,0,66.000,250.36
1036271,295326,766009,1631,167,66,0,0,66.000,250.36
1036271,187641,546612,4550,209,66,0,0,66.000,250.36
1036271,807207,403304,7235,166,66,0,0,66.000,250.36
1036271,714842,704984,1347,333,66,0,0,66.000,250.36
1036271,446024,924980,9380,208,66,0,0,66.000,250.36
1036271,435874,443795,22910,167,66,0,0,66.000,250.36
1036271,19903,748320,9083,167,66,0,0,66.000,250.36
1036271,185404,946025,18047,208,66,0,0,66.000,250.36
1036271,276955,515104,8851,208,66,0,0,66.000,250.36
1037303,42505,274207,688,208,66,0,0,66.000,125.05
1037303,909799,164379,10205,250,66,0,0,66.000,125.05
1037303,80365,404520,16224,167,66,0,0,66.000,125.05
1037303,465703,193073,3072,166,66,0,0,66.000,125.05
1037303,734699,326371,574,208,66,0,0,66.000,125.05
1037303,100024,301247,2533,167,66,0,0,66.000,125.05
1037303,299180,165153,601,208,66,0,0,66.000,125.05
1037303,207999,158843,1369,250,66,0,0,66.000,125.05
1037303,144047,382650,8142,167,66,0,0,66.000,125.05
1037303,758732,873911,9893,250,66,0,0,66.000,125.05
1037303,790044,436419,363,250,66,0,0,66.000,125.05
1037303,204413,447760,1470,250,66,0,0,66.000,125.05
1037303,414826,278063,588,209,66,0,0,66.000,125.05
1037303,695577,522115,10070,209,66,0,0,66.000,125.05
1037303,904467,745286,8625,250,66,0,0,66.000,125.05
1037303,947681,394316,15030,209,66,0,0,66.000,125.05
1037303,370729,418747,12763,209,66,0,0,66.000,125.05
1037303,856240,152403,8460,167,66,0,0,66.000,125.05
1037303,678084,328739,9439,208,66,0,0,66.000,125.05
1037303,112673,908409,1586,167,66,0,0,66.000,125.05
1039033,186919,533075,2479,250,66,0,0,66.000,299.89
1039033,204584,752896,4179,250,66,0,0,66.000,299.89
1039033,275000,804,21970,208,66,0,0,66.000,299.89
1039033,671257,298163,15526,208,66,0,0,66.000,299.89
1039033,791097,550951,4842,250,66,0,0,66.000,299.89
1039033,1022246,725866,4496,250,66,0,0,66.000,299.89
1039033,377578,887979,6889,166,66,0,0,66.000,299.89
1039033,706738,589964,8065,250,66,0,0,66.000,299.89
1039033,539529,270024,18168,208,66,0,0,66.000,299.89
1039033,232767,594323,63509,208,66,0,0,66.000,299.89
1039033,278988,20822,17429,500,66,0,0,66.000,299.89
1039033,595068,414367,19667,208,66,0,0,66.000,299.89
1039033,527748,931964,141,208,66,0,0,66.000,299.89
1039033,73194,467730,5856,334,66,0,0,66.000,299.89
1039033,794413,428733,6246,167,66,0,0,66.000,299.89
1039033,48128,801075,21999,209,66,0,0,66.000,299.89
1039033,253458,186331,22163,209,66,0,0,66.000,299.89
1039033,495934,336207,17660,209,66,0,0,66.000,299.89
1039033,126229,126354,3750,250,66,0,0,66.000,299.89
1039033,576504,241437,9935,250,66,0,0,66.000,299.89
1040159,927991,160997,2538,208,66,0,0,66.000,98.59
1040159,441531,74936,3025,208,66,0,0,66.000,98.59
1040159,397720,977945,2699,167,66,0,0,66.000,98.59
1040159,1021576,705399,13985,166,66,0,0,66.000,98.59
1040159,185970,493195,2210,167,66,0,0,66.000,98.59
1040159,261986,582101,13509,208,66,0,0,66.000,98.59
1040159,440751,609923,5070,167,66,0,0,66.000,98.59
1040159,555174,891726,803,167,66,0,0,66.000,98.59
1040159,471549,858623,10492,166,66,0,0,66.000,98.59
1040159,202816,56130,4861,167,66,0,0,66.000,98.59
1040159,70259,292645,4991,208,66,0,0,66.000,98.59
1040159,325134,162797,6055,209,66,0,0,66.000,98.59
1040159,643764,46814,9616,208,66,0,0,66.000,98.59
1040159,252492,960203,9742,166,66,0,0,66.000,98.59
1040159,296567,118247,4238,208,66,0,0,66.000,98.59
1040159,1015350,499487,1572,167,66,0,0,66.000,98.59
1040159,946179,269761,17076,167,66,0,0,66.000,98.59
1040159,555761,36507,1401,291,66,0,0,66.000,98.59
1040159,73356,82068,439,166,66,0,0,66.000,98.59
1040159,539981,754763,4304,208,66,0,0,66.000,98.59
1043839,707100,898775,32218,209,66,0,0,66.000,229.83
1043839,138700,884190,6723,208,66,0,0,66.000,229.83
1043839,45103,1010267,8424,208,66,0,0,66.000,229.83
1043839,503338,724158,2842,209,66,0,0,66.000,229.83
1043839,337119,1028708,19449,250,66,0,0,66.000,229.83
1043839,21684,44316,14825,208,66,0,0,66.000,229.83
1043839,357196,807661,25474,208,66,0,0,66.000,229.83
1043839,702867,437119,5198,167,66,0,0,66.000,229.83
1043839,210461,196228,10303,375,66,0,0,66.000,229.83
1043839,420115,820935,217,209,66,0,0,66.000,229.83
1043839,508189,159101,7903,208,66,0,0,66.000,229.83
1043839,60667,1015430,389,167,66,0,0,66.000,229.83
1043839,510280,769617,24027,209,66,0,0,66.000,229.83
1043839,980420,791048,5667,208,66,0,0,66.000,229.83
1043839,374330,363263,10832,208,66,0,0,66.000,229.83
1043839,498310,587768,11525,208,66,0,0,66.000,229.83
1043839,937460,285576,11856,208,66,0,0,66.000,229.83
1043839,292046,845326,11684,208,66,0,0,66.000,229.83
1043839,634304,572833,6308,375,66,0,0,66.000,229.83
1043839,791765,346126,8184,167,66,0,0,66.000,229.83
1046413,32056,906945,5991,209,66,0,0,66.000,404.25
1046413,670017,783731,10650,250,66,0,0,66.000,404.25
1046413,857769,174449,8025,209,66,0,0,66.000,404.25
1046413,117541,750345,25628,167,66,0,0,66.000,404.25
1046413,891815,328271,3862,250,66,0,0,66.000,404.25
1046413,654938,764697,18173,375,66,0,0,66.000,404.25
1046413,672351,291424,24631,208,66,0,0,66.000,404.25
1046413,276476,798235,3375,208,66,0,0,66.000,404.25
1046413,809566,4794,14793,208,66,0,0,66.000,404.25
1046413,483600,10857,68155,208,66,0,0,66.000,404.25
1046413,248068,770682,40257,208,66,0,0,66.000,404.25
1046413,225620,746534,17053,167,66,0,0,66.000,404.25
1046413,903360,558925,25345,167,66,0,0,66.000,404.25
1046413,333244,948796,2150,209,66,0,0,66.000,404.25
1046413,57000,712501,1424,167,66,0,0,66.000,404.25
1046413,152608,136695,9597,375,66,0,0,66.000,404.25
1046413,1030735,120058,22376,209,66,0,0,66.000,404.25
1046413,765938,946732,12879,208,66,0,0,66.000,404.25
1046413,226707,186329,60392,208,66,0,0,66.000,404.25
1046413,878082,224718,24240,208,66,0,0,66.000,404.25
1047229,677856,522527,10664,209,66,0,0,66.000,126.64
1047229,1045224,216468,11001,250,66,0,0,66.000,126.64
1047229,77413,372420,3479,208,66,0,0,66.000,126.64
1047229,344526,703954,11731,250,66,0,0,66.000,126.64
1047229,726206,340690,5912,250,66,0,0,66.000,126.64
1047229,743262,526720,10303,225,66,0,0,66.000,126.64
1047229,894200,750680,11419,291,66,0,0,66.000,126.64
1047229,299611,865273,7104,208,66,0,0,66.000,126.64
1047229,868464,266427,4996,250,66,0,0,66.000,126.64
1047229,824280,197534,3249,250,66,0,0,66.000,126.64
1047229,156058,101192,3951,250,66,0,0,66.000,126.64
1047229,593408,535138,15611,416,66,0,0,66.000,126.64
1047229,592134,1031968,549,292,66,0,0,66.000,126.64
1047229,66979,770947,30,209,66,0,0,66.000,126.64
1047229,540847,450112,114,417,66,0,0,66.000,126.64
1047229,886534,257334,6168,250,66,0,0,66.000,126.64
1047229,821345,1902,2079,250,66,0,0,66.000,126.64
1047229,124291,905638,316,250,66,0,0,66.000,126.64
1047229,414861,331741,1222,209,66,0,0,66.000,126.64
1047229,667038,970751,1913,250,66,0,0,66.000,126.64
1053259,188179,269105,2454,208,66,0,0,66.000,158.96
1053259,742703,97302,5525,167,66,0,0,66.000,158.96
1053259,128602,752349,20240,209,66,0,0,66.000,158.96
1053259,514483,292498,5831,166,66,0,0,66.000,158.96
1053259,403474,470108,1595,209,66,0,0,66.000,158.96
1053259,323099,685960,26394,208,66,0,0,66.000,158.96
1053259,625494,413431,30514,208,66,0,0,66.000,158.96
1053259,616089,352522,5131,208,66,0,0,66.000,158.96
1053259,158323,307052,2583,167,66,0,0,66.000,158.96
1053259,355508,928716,16927,333,66,0,0,66.000,158.96
1053259,235941,915162,1764,167,66,0,0,66.000,158.96
1053259,982939,828178,11394,166,66,0,0,66.000,158.96
1053259,896775,480518,8485,167,66,0,0,66.000,158.96
1053259,356191,776465,15013,292,66,0,0,66.000,158.96
1053259,772844,487644,1293,166,66,0,0,66.000,158.96
1053259,925008,815641,9142,167,66,0,0,66.000,158.96
1053259,959548,605991,7664,208,66,0,0,66.000,158.96
1053259,44845,223552,106,167,66,0,0,66.000,158.96
1053259,997193,1021274,10256,209,66,0,0,66.000,158.96
1053259,53983,271973,16081,167,66,0,0,66.000,158.96
1054483,931741,281645,18965,167,66,0,0,66.000,400.86
1054483,588140,428218,61413,209,66,0,0,66.000,400.86
1054483,162375,484990,18395,167,66,0,0,66.000,400.86
1054483,167358,234866,12650,333,66,0,0,66.000,400.86
1054483,694422,417472,47474,166,66,0,0,66.000,400.86
1054483,602327,779677,2546,208,66,0,0,66.000,400.86
1054483,132835,282190,6474,167,66,0,0,66.000,400.86
1054483,36135,283114,70284,333,66,0,0,66.000,400.86
1054483,375620,684739,25379,292,66,0,0,66.000,400.86
1054483,166176,850875,49434,250,66,0,0,66.000,400.86
1054483,399352,615721,18275,209,66,0,0,66.000,400.86
1054483,532896,538759,10168,208,66,0,0,66.000,400.86
1054483,848570,468490,7899,208,66,0,0,66.000,400.86
1054483,601747,370499,19962,166,66,0,0,66.000,400.86
1054483,984561,1053,37264,167,66,0,0,66.000,400.86
1054483,974029,222077,10445,167,66,0,0,66.000,400.86
1054483,115530,1001038,19774,167,66,0,0,66.000,400.86
1054483,897990,785393,35840,208,66,0,0,66.000,400.86
1054483,170983,744768,7187,208,66,0,0,66.000,400.86
1054483,637370,847467,12106,166,66,0,0,66.000,400.86
1054853,962113,605097,4659,166,66,0,0,66.000,58.16
1054853,700679,302533,728,166,66,0,0,66.000,58.16
1054853,25407,406238,1984,142,66,0,0,66.000,58.16
1054853,31940,377167,1599,167,66,0,0,66.000,58.16
1054853,880234,910571,3040,125,66,0,0,66.000,58.16
1054853,313664,266685,3040,166,66,0,0,66.000,58.16
1054853,685847,975386,357,167,66,0,0,66.000,58.16
1054853,95305,72645,7420,209,66,0,0,66.000,58.16
1054853,15287,97353,2839,166,66,0,0,66.000,58.16
1054853,886629,474392,2156,167,66,0,0,66.000,58.16
1054853,325591,65013,4514,209,66,0,0,66.000,58.16
1054853,349470,822615,337,167,66,0,0,66.000,58.16
1054853,918420,674779,7502,167,66,0,0,66.000,58.16
1054853,279023,842060,8071,208,66,0,0,66.000,58.16
1054853,612442,56794,4240,209,66,0,0,66.000,58.16
1054853,41171,322566,1988,167,66,0,0,66.000,58.16
1054853,24513,188298,2164,167,66,0,0,66.000,58.16
1054853,664868,821736,528,166,66,0,0,66.000,58.16
1054853,775830,973869,3683,167,66,0,0,66.000,58.16
1054853,700484,303181,9700,167,66,0,0,66.000,58.16
1055143,19214,412980,1821,167,66,0,0,66.000,72.12
1055143,454067,381729,3593,167,66,0,0,66.000,72.12
1055143,1052277,935003,3440,208,66,0,0,66.000,72.12
1055143,520585,704198,76,166,66,0,0,66.000,72.12
1055143,245389,214790,1298,167,66,0,0,66.000,72.12
1055143,833427,766101,3834,208,66,0,0,66.000,72.12
1055143,822990,792660,7964,209,66,0,0,66.000,72.12
1055143,467634,426380,38,166,66,0,0,66.000,72.12
1055143,25891,197170,4740,209,66,0,0,66.000,72.12
1055143,468794,297999,2895,209,66,0,0,66.000,72.12
1055143,483728,745215,1051,208,66,0,0,66.000,72.12
1055143,782673,209643,6124,167,66,0,0,66.000,72.12
1055143,475934,58643,10602,166,66,0,0,66.000,72.12
1055143,910822,47950,39,167,66,0,0,66.000,72.12
1055143,311112,680526,5130,208,66,0,0,66.000,72.12
1055143,218955,964641,11583,167,66,0,0,66.000,72.12
1055143,33138,460316,5541,208,66,0,0,66.000,72.12
1055143,886205,188436,1833,167,66,0,0,66.000,72.12
1055143,454177,851062,2377,209,66,0,0,66.000,72.12
1055143,246110,842482,11885,166,66,0,0,66.000,72.12
1055531,219198,760526,254,208,66,0,0,66.000,74.06
1055531,779143,752537,2935,166,66,0,0,66.000,74.06
1055531,143490,268334,13569,125,66,0,0,66.000,74.06
1055531,94368,99141,207,333,66,0,0,66.000,74.06
1055531,65204,17826,529,208,66,0,0,66.000,74.06
1055531,794474,1053329,4942,166,66,0,0,66.000,74.06
1055531,289898,72879,8158,208,66,0,0,66.000,74.06
1055531,1000700,70965,3614,208,66,0,0,66.000,74.06
1055531,608537,319154,14852,167,66,0,0,66.000,74.06
1055531,242641,658254,105,209,66,0,0,66.000,74.06
1055531,388393,287616,1856,209,66,0,0,66.000,74.06
1055531,382546,386494,3846,208,66,0,0,66.000,74.06
1055531,639488,535369,810,209,66,0,0,66.000,74.06
1055531,371745,429766,11278,167,66,0,0,66.000,74.06
1055531,140171,958772,7353,125,66,0,0,66.000,74.06
1055531,734577,810026,2729,208,66,0,0,66.000,74.06
1055531,419581,280452,7465,166,66,0,0,66.000,74.06
1055531,266909,1001236,1246,208,66,0,0,66.000,74.06
1055531,740215,105211,6095,333,66,0,0,66.000,74.06
1055531,207484,927438,151,208,66,0,0,66.000,74.06
1056089,773385,656592,2295,208,66,0,0,66.000,92.03
1056089,915752,58435,1777,209,66,0,0,66.000,92.03
1056089,861966,528372,164,166,66,0,0,66.000,92.03
1056089,445814,258822,3950,334,66,0,0,66.000,92.03
1056089,772435,841487,19712,166,66,0,0,66.000,92.03
1056089,604857,359679,11094,208,66,0,0,66.000,92.03
1056089,692285,611703,6794,167,66,0,0,66.000,92.03
1056089,652933,683038,2946,167,66,0,0,66.000,92.03
1056089,656805,596053,7853,167,66,0,0,66.000,92.03
1056089,686609,118009,1337,167,66,0,0,66.000,92.03
1056089,118228,944254,7941,226,66,0,0,66.000,92.03
1056089,880243,844717,1648,167,66,0,0,66.000,92.03
1056089,593920,969444,5240,334,66,0,0,66.000,92.03
1056089,501480,127409,6404,167,66,0,0,66.000,92.03
1056089,985696,653602,2006,166,66,0,0,66.000,92.03
1056089,500221,351498,1862,166,66,0,0,66.000,92.03
1056089,422690,516173,1375,167,66,0,0,66.000,92.03
1056089,704859,1041248,5169,167,66,0,0,66.000,92.03
1056089,612564,335628,6206,167,66,0,0,66.000,92.03
1056089,232631,999392,7399,166,66,0,0,66.000,92.03
1058077,67810,995734,5355,167,66,0,0,66.000,102.03
1058077,961064,661531,4181,333,66,0,0,66.000,102.03
1058077,438377,957277,5002,208,66,0,0,66.000,102.03
1058077,514137,695143,6259,209,66,0,0,66.000,102.03
1058077,443792,187039,3194,208,66,0,0,66.000,102.03
1058077,314476,944055,1685,208,66,0,0,66.000,102.03
1058077,689078,244259,12517,208,66,0,0,66.000,102.03
1058077,368450,462820,1814,209,66,0,0,66.000,102.03
1058077,832148,1053339,213,208,66,0,0,66.000,102.03
1058077,702546,463754,1192,208,66,0,0,66.000,102.03
1058077,518189,928077,4304,167,66,0,0,66.000,102.03
1058077,935002,902040,1026,167,66,0,0,66.000,102.03
1058077,108817,858535,18480,166,66,0,0,66.000,102.03
1058077,508422,298844,6316,167,66,0,0,66.000,102.03
1058077,929710,704606,1747,208,66,0,0,66.000,102.03
1058077,192786,471467,10464,209,66,0,0,66.000,102.03
1058077,493852,480837,1167,208,66,0,0,66.000,102.03
1058077,763050,299506,30721,167,66,0,0,66.000,102.03
1058077,781961,981457,7150,167,66,0,0,66.000,102.03
1058077,913593,678152,5928,167,66,0,0,66.000,102.03
1058153,799218,1052172,801,208,66,0,0,66.000,103.73
1058153,816538,69444,4102,209,66,0,0,66.000,103.73
1058153,1017096,577499,5949,209,66,0,0,66.000,103.73
1058153,1029027,156853,15850,166,66,0,0,66.000,103.73
1058153,712860,352269,5198,167,66,0,0,66.000,103.73
1058153,756137,520883,15366,166,66,0,0,66.000,103.73
1058153,537466,680176,1156,208,66,0,0,66.000,103.73
1058153,526751,811087,2304,208,66,0,0,66.000,103.73
1058153,180432,934380,6673,209,66,0,0,66.000,103.73
1058153,503739,271420,8107,167,66,0,0,66.000,103.73
1058153,375070,124893,10445,208,66,0,0,66.000,103.73
1058153,246719,13184,86,166,66,0,0,66.000,103.73
1058153,569930,547909,1807,208,66,0,0,66.000,103.73
1058153,607100,617777,7105,167,66,0,0,66.000,103.73
1058153,1024297,30466,12013,208,66,0,0,66.000,103.73
1058153,471337,83381,3600,166,66,0,0,66.000,103.73
1058153,693923,435471,3444,167,66,0,0,66.000,103.73
1058153,269554,106086,1860,167,66,0,0,66.000,103.73
1058153,862516,205693,2103,208,66,0,0,66.000,103.73
1058153,1017274,86073,9676,167,66,0,0,66.000,103.73
1061969,284874,654039,285,166,66,0,0,66.000,282.19
1061969,164948,303742,4990,166,66,0,0,66.000,282.19
1061969,156581,3061,22605,292,66,0,0,66.000,282.19
1061969,737373,556661,560,209,66,0,0,66.000,282.19
1061969,627,946642,14509,167,66,0,0,66.000,282.19
1061969,667320,246330,34163,166,66,0,0,66.000,282.19
1061969,368817,791886,72404,208,66,0,0,66.000,282.19
1061969,831988,731524,17087,208,66,0,0,66.000,282.19
1061969,221915,312653,1099,208,66,0,0,66.000,282.19
1061969,92382,47033,15856,166,66,0,0,66.000,282.19
1061969,867327,668192,1698,167,66,0,0,66.000,282.19
1061969,408467,354706,2088,166,66,0,0,66.000,282.19
1061969,367452,898255,11694,166,66,0,0,66.000,282.19
1061969,917855,435026,10056,166,66,0,0,66.000,282.19
1061969,132836,637898,7087,225,66,0,0,66.000,282.19
1061969,618235,102963,29442,333,66,0,0,66.000,282.19
1061969,528394,100439,49531,167,66,0,0,66.000,282.19
1061969,36468,498825,13951,208,66,0,0,66.000,282.19
1061969,116826,638140,14108,166,66,0,0,66.000,282.19
1061969,216392,210861,3256,167,66,0,0,66.000,282.19
1066313,376559,62092,3098,208,66,0,0,66.000,51.24
1066313,1024468,249593,96,167,66,0,0,66.000,51.24
1066313,830992,342676,3640,209,66,0,0,66.000,51.24
1066313,185017,1056787,5060,209,66,0,0,66.000,51.24
1066313,808641,301321,3213,167,66,0,0,66.000,51.24
1066313,283230,233512,5998,167,66,0,0,66.000,51.24
1066313,75280,85916,5241,166,66,0,0,66.000,51.24
1066313,60577,534249,551,167,66,0,0,66.000,51.24
1066313,300998,371417,1480,167,66,0,0,66.000,51.24
1066313,958813,658748,4458,166,66,0,0,66.000,51.24
1066313,932129,596610,7690,167,66,0,0,66.000,51.24
1066313,286169,304781,4,166,66,0,0,66.000,51.24
1066313,1024238,955235,5899,209,66,0,0,66.000,51.24
1066313,264129,395542,2711,209,66,0,0,66.000,51.24
1066313,87197,517181,4329,209,66,0,0,66.000,51.24
1066313,364994,671506,1832,208,66,0,0,66.000,51.24
1066313,88424,218813,161,166,66,0,0,66.000,51.24
1066313,689572,89190,6598,208,66,0,0,66.000,51.24
1066313,1043831,1010904,1863,167,66,0,0,66.000,51.24
1066313,938919,615270,2819,167,66,0,0,66.000,51.24
1066811,234825,41779,57582,166,66,0,0,66.000,298.48
1066811,1049550,416298,6169,167,66,0,0,66.000,298.48
1066811,1048359,12359,9517,208,66,0,0,66.000,298.48
1066811,176510,603491,3650,166,66,0,0,66.000,298.48
1066811,444441,398340,49433,333,66,0,0,66.000,298.48
1066811,155262,635873,1370,167,66,0,0,66.000,298.48
1066811,237384,153077,4020,167,66,0,0,66.000,298.48
1066811,105035,112280,11879,209,66,0,0,66.000,298.48
1066811,434649,411164,2247,166,66,0,0,66.000,298.48
1066811,157307,483107,14524,208,66,0,0,66.000,298.48
1066811,277847,527844,1210,166,66,0,0,66.000,298.48
1066811,729932,906024,3392,166,66,0,0,66.000,298.48
1066811,256395,908440,1343,209,66,0,0,66.000,298.48
1066811,441728,45568,18044,209,66,0,0,66.000,298.48
1066811,778207,887124,15027,209,66,0,0,66.000,298.48
1066811,838321,62012,1285,167,66,0,0,66.000,298.48
1066811,258319,459236,21162,334,66,0,0,66.000,298.48
1066811,88172,513967,76758,208,66,0,0,66.000,298.48
1066811,831751,851973,9533,167,66,0,0,66.000,298.48
1066811,911549,887053,28508,208,66,0,0,66.000,298.48
1067387,583719,487422,6043,166,66,0,0,66.000,83.87
1067387,734017,583137,3016,166,66,0,0,66.000,83.87
1067387,608486,613497,7687,333,66,0,0,66.000,83.87
1067387,584298,839873,14800,209,66,0,0,66.000,83.87
1067387,782580,1064527,5802,208,66,0,0,66.000,83.87
1067387,895986,107140,8728,208,66,0,0,66.000,83.87
1067387,121552,521791,1362,208,66,0,0,66.000,83.87
1067387,228103,243656,626,167,66,0,0,66.000,83.87
1067387,932154,250477,14613,167,66,0,0,66.000,83.87
1067387,48277,109327,5436,167,66,0,0,66.000,83.87
1067387,977259,499065,1600,209,66,0,0,66.000,83.87
1067387,234300,1007507,5815,167,66,0,0,66.000,83.87
1067387,864697,853004,1349,208,66,0,0,66.000,83.87
1067387,512947,226973,6283,333,66,0,0,66.000,83.87
1067387,848567,1065063,15439,167,66,0,0,66.000,83.87
1067387,894722,69038,3746,166,66,0,0,66.000,83.87
1067387,1024851,252771,1368,167,66,0,0,66.000,83.87
1067387,308595,388441,4962,166,66,0,0,66.000,83.87
1067387,374147,113012,13,166,66,0,0,66.000,83.87
1067387,151364,578548,3785,167,66,0,0,66.000,83.87
1068107,304470,484122,4296,167,66,0,0,66.000,70.11
1068107,222822,506575,858,166,66,0,0,66.000,70.11
1068107,1026693,511936,10469,208,66,0,0,66.000,70.11
1068107,11166,597395,218,166,66,0,0,66.000,70.11
1068107,698552,955374,1865,166,66,0,0,66.000,70.11
1068107,1059205,456619,932,208,66,0,0,66.000,70.11
1068107,819565,343528,5067,225,66,0,0,66.000,70.11
1068107,211325,242899,970,208,66,0,0,66.000,70.11
1068107,572466,803705,11712,209,66,0,0,66.000,70.11
1068107,955162,323613,19626,166,66,0,0,66.000,70.11
1068107,1827,581459,2843,208,66,0,0,66.000,70.11
1068107,1046979,322564,3035,209,66,0,0,66.000,70.11
1068107,949506,558981,3039,167,66,0,0,66.000,70.11
1068107,4531,427003,238,208,66,0,0,66.000,70.11
1068107,335235,318976,255,333,66,0,0,66.000,70.11
1068107,754035,62151,1279,167,66,0,0,66.000,70.11
1068107,185733,236112,5084,166,66,0,0,66.000,70.11
1068107,689297,40689,2359,167,66,0,0,66.000,70.11
1068107,607984,3820,5567,167,66,0,0,66.000,70.11
1068107,345879,564752,2381,166,66,0,0,66.000,70.11
1074901,530603,419069,2010,167,66,0,0,66.000,64.09
1074901,198041,594346,463,208,66,0,0,66.000,64.09
1074901,631668,802441,5488,209,66,0,0,66.000,64.09
1074901,626936,853138,1798,333,66,0,0,66.000,64.09
1074901,580777,329722,1267,166,66,0,0,66.000,64.09
1074901,772697,595262,4710,225,66,0,0,66.000,64.09
1074901,646548,955501,613,208,66,0,0,66.000,64.09
1074901,923791,822386,7844,375,66,0,0,66.000,64.09
1074901,632400,629766,640,208,66,0,0,66.000,64.09
1074901,1046679,923822,1768,208,66,0,0,66.000,64.09
1074901,941747,97971,2303,166,66,0,0,66.000,64.09
1074901,431396,334271,2266,208,66,0,0,66.000,64.09
1074901,412223,635973,349,208,66,0,0,66.000,64.09
1074901,625094,986475,719,208,66,0,0,66.000,64.09
1074901,303744,784654,5983,167,66,0,0,66.000,64.09
1074901,539516,824668,16891,167,66,0,0,66.000,64.09
1074901,477408,773595,2996,334,66,0,0,66.000,64.09
1074901,143351,203660,5591,167,66,0,0,66.000,64.09
1074901,1020358,731326,6574,333,66,0,0,66.000,64.09
1074901,448536,965877,719,167,66,0,0,66.000,64.09
1074991,150505,531515,2804,292,66,0,0,66.000,79.31
1074991,565426,239469,5440,209,66,0,0,66.000,79.31
1074991,339990,919471,12852,208,66,0,0,66.000,79.31
1074991,521818,439503,2856,208,66,0,0,66.000,79.31
1074991,513278,573122,1455,208,66,0,0,66.000,79.31
1074991,548874,110530,1636,166,66,0,0,66.000,79.31
1074991,355302,194688,2503,166,66,0,0,66.000,79.31
1074991,809969,731427,18286,209,66,0,0,66.000,79.31
1074991,83996,496473,1456,209,66,0,0,66.000,79.31
1074991,193072,80690,13660,208,66,0,0,66.000,79.31
1074991,956316,431309,6175,166,66,0,0,66.000,79.31
1074991,147974,798017,7131,334,66,0,0,66.000,79.31
1074991,514713,383817,1015,208,66,0,0,66.000,79.31
1074991,839067,695855,7431,209,66,0,0,66.000,79.31
1074991,733486,1000762,4802,167,66,0,0,66.000,79.31
1074991,174119,853937,874,208,66,0,0,66.000,79.31
1074991,650408,781433,1825,208,66,0,0,66.000,79.31
1074991,470113,853080,7,166,66,0,0,66.000,79.31
1074991,58237,902061,320,209,66,0,0,66.000,79.31
1074991,286383,257564,5291,209,66,0,0,66.000,79.31
1076717,931051,175304,555,166,66,0,0,66.000,251.50
1076717,968036,203622,42568,208,66,0,0,66.000,251.50
1076717,159384,231595,17647,167,66,0,0,66.000,251.50
1076717,371494,792039,10120,208,66,0,0,66.000,251.50
1076717,483,944213,2932,208,66,0,0,66.000,251.50
1076717,258076,238750,9261,166,66,0,0,66.000,251.50
1076717,923823,984554,15399,209,66,0,0,66.000,251.50
1076717,795646,782334,6308,208,66,0,0,66.000,251.50
1076717,563670,607563,24714,208,66,0,0,66.000,251.50
1076717,139672,171050,8764,208,66,0,0,66.000,251.50
1076717,59029,287551,994,208,66,0,0,66.000,251.50
1076717,240684,100985,44258,167,66,0,0,66.000,251.50
1076717,599728,926514,22778,209,66,0,0,66.000,251.50
1076717,119218,59058,12531,209,66,0,0,66.000,251.50
1076717,416805,63255,1584,167,66,0,0,66.000,251.50
1076717,580523,821813,3958,166,66,0,0,66.000,251.50
1076717,292618,469622,1198,167,66,0,0,66.000,251.50
1076717,569998,981503,35110,209,66,0,0,66.000,251.50
1076717,777109,1001657,13474,166,66,0,0,66.000,251.50
1076717,743154,920808,301,167,66,0,0,66.000,251.50
1079821,175090,29234,7732,292,66,0,0,66.000,78.26
1079821,1033603,35365,1047,167,66,0,0,66.000,78.26
1079821,625505,805725,1160,166,66,0,0,66.000,78.26
1079821,49357,737598,626,167,66,0,0,66.000,78.26
1079821,294270,353966,2631,208,66,0,0,66.000,78.26
1079821,847756,273393,3606,208,66,0,0,66.000,78.26
1079821,261008,15694,3034,167,66,0,0,66.000,78.26
1079821,286494,406350,21565,209,66,0,0,66.000,78.26
1079821,65543,308352,2756,208,66,0,0,66.000,78.26
1079821,542325,534131,385,167,66,0,0,66.000,78.26
1079821,371691,973344,9864,208,66,0,0,66.000,78.26
1079821,765143,72486,4947,209,66,0,0,66.000,78.26
1079821,879408,749332,3027,208,66,0,0,66.000,78.26
1079821,93443,867700,18757,333,66,0,0,66.000,78.26
1079821,756687,252745,16,167,66,0,0,66.000,78.26
1079821,298470,677385,5691,166,66,0,0,66.000,78.26
1079821,203288,1053799,2376,167,66,0,0,66.000,78.26
1079821,439918,386100,881,208,66,0,0,66.000,78.26
1079821,912282,272477,1293,208,66,0,0,66.000,78.26
1079821,53754,865949,4666,208,66,0,0,66.000,78.26
1080433,898212,719877,205,208,66,0,0,66.000,66.44
1080433,118423,318154,3022,167,66,0,0,66.000,66.44
1080433,550990,896542,6552,209,66,0,0,66.000,66.44
1080433,254332,444095,6482,291,66,0,0,66.000,66.44
1080433,502711,966635,2767,167,66,0,0,66.000,66.44
1080433,553100,1045708,7338,167,66,0,0,66.000,66.44
1080433,589830,240291,2628,166,66,0,0,66.000,66.44
1080433,764396,661997,8302,209,66,0,0,66.000,66.44
1080433,1006127,702813,1393,208,66,0,0,66.000,66.44
1080433,69687,28764,164,209,66,0,0,66.000,66.44
1080433,998544,457390,3764,166,66,0,0,66.000,66.44
1080433,845430,703036,1193,167,66,0,0,66.000,66.44
1080433,314900,666230,2201,167,66,0,0,66.000,66.44
1080433,315040,50214,4015,208,66,0,0,66.000,66.44
1080433,999444,289075,689,167,66,0,0,66.000,66.44
1080433,430081,921700,3632,167,66,0,0,66.000,66.44
1080433,247152,950073,5385,208,66,0,0,66.000,66.44
1080433,602574,906577,6926,208,66,0,0,66.000,66.44
1080433,239109,753357,13361,166,66,0,0,66.000,66.44
1080433,971222,832265,3020,208,66,0,0,66.000,66.44
1082603,586859,810613,11080,167,66,0,0,66.000,152.94
1082603,982507,891623,5508,208,66,0,0,66.000,152.94
1082603,695301,482602,1061,209,66,0,0,66.000,152.94
1082603,627920,399253,16460,208,66,0,0,66.000,152.94
1082603,152348,859831,7369,208,66,0,0,66.000,152.94
1082603,705799,627179,8932,208,66,0,0,66.000,152.94
1082603,188766,367335,6890,167,66,0,0,66.000,152.94
1082603,796965,138305,17490,167,66,0,0,66.000,152.94
1082603,533924,993127,5177,208,66,0,0,66.000,152.94
1082603,459234,532209,3984,208,66,0,0,66.000,152.94
1082603,213036,199038,3321,166,66,0,0,66.000,152.94
1082603,974936,1019079,13642,166,66,0,0,66.000,152.94
1082603,850485,457532,9499,208,66,0,0,66.000,152.94
1082603,527432,659461,12190,167,66,0,0,66.000,152.94
1082603,924579,722376,3959,208,66,0,0,66.000,152.94
1082603,162929,277280,9449,208,66,0,0,66.000,152.94
1082603,495744,1017393,4503,166,66,0,0,66.000,152.94
1082603,660082,798467,3024,167,66,0,0,66.000,152.94
1082603,733771,173364,3080,167,66,0,0,66.000,152.94
1082603,523186,679724,19547,208,66,0,0,66.000,152.94
1084793,737331,537181,16582,167,66,0,0,66.000,273.29
1084793,208793,805053,9910,167,66,0,0,66.000,273.29
1084793,10904,973062,88186,167,66,0,0,66.000,273.29
1084793,869028,341511,6923,166,66,0,0,66.000,273.29
1084793,486424,720254,1088,208,66,0,0,66.000,273.29
1084793,939492,847062,4153,167,66,0,0,66.000,273.29
1084793,870472,181423,8432,166,66,0,0,66.000,273.29
1084793,480815,433409,31011,167,66,0,0,66.000,273.29
1084793,710320,231594,1288,166,66,0,0,66.000,273.29
1084793,951140,1005373,39980,167,66,0,0,66.000,273.29
1084793,892494,1012987,13549,500,66,0,0,66.000,273.29
1084793,890997,971245,12111,166,66,0,0,66.000,273.29
1084793,451946,285991,5850,333,66,0,0,66.000,273.29
1084793,56243,249936,2515,167,66,0,0,66.000,273.29
1084793,805865,201030,13528,166,66,0,0,66.000,273.29
1084793,262671,362949,12045,333,66,0,0,66.000,273.29
1084793,703954,674495,13374,166,66,0,0,66.000,273.29
1084793,1012969,534594,22095,167,66,0,0,66.000,273.29
1084793,841939,793480,7515,166,66,0,0,66.000,273.29
1084793,277920,488617,7159,208,66,0,0,66.000,273.29
1086809,27491,85833,48450,208,66,0,0,66.000,283.55
1086809,600033,770277,18264,208,66,0,0,66.000,283.55
1086809,549606,829031,31039,208,66,0,0,66.000,283.55
1086809,176656,861909,2035,208,66,0,0,66.000,283.55
1086809,420543,1030244,1313,208,66,0,0,66.000,283.55
1086809,329116,922015,15680,166,66,0,0,66.000,283.55
1086809,757566,352719,30999,208,66,0,0,66.000,283.55
1086809,668199,720640,3456,167,66,0,0,66.000,283.55
1086809,36951,627199,6350,208,66,0,0,66.000,283.55
1086809,390114,978111,1640,208,66,0,0,66.000,283.55
1086809,453295,848419,31314,292,66,0,0,66.000,283.55
1086809,288108,984290,20728,209,66,0,0,66.000,283.55
1086809,802799,498255,13280,208,66,0,0,66.000,283.55
1086809,1035865,810835,26090,167,66,0,0,66.000,283.55
1086809,213240,798383,4110,167,66,0,0,66.000,283.55
1086809,740043,1085697,42088,333,66,0,0,66.000,283.55
1086809,993254,452285,5246,209,66,0,0,66.000,283.55
1086809,340407,819951,5522,167,66,0,0,66.000,283.55
1086809,1075741,388187,41189,208,66,0,0,66.000,283.55
1086809,136662,443140,35197,208,66,0,0,66.000,283.55
1088309,495152,520734,11117,167,66,0,0,66.000,66.13
1088309,773373,952528,766,209,66,0,0,66.000,66.13
1088309,552789,601652,1158,208,66,0,0,66.000,66.13
1088309,578822,254455,6494,167,66,0,0,66.000,66.13
1088309,485295,382898,997,209,66,0,0,66.000,66.13
1088309,960135,814340,1858,167,66,0,0,66.000,66.13
1088309,37996,1013966,313,167,66,0,0,66.000,66.13
1088309,114262,507602,920,209,66,0,0,66.000,66.13
1088309,775905,68647,8363,167,66,0,0,66.000,66.13
1088309,891830,562236,7172,208,66,0,0,66.000,66.13
1088309,255327,607917,3913,209,66,0,0,66.000,66.13
1088309,295916,710644,1125,208,66,0,0,66.000,66.13
1088309,320041,813959,8305,209,66,0,0,66.000,66.13
1088309,162991,898310,1136,167,66,0,0,66.000,66.13
1088309,14788,360980,522,209,66,0,0,66.000,66.13
1088309,1038937,875442,4581,166,66,0,0,66.000,66.13
1088309,983881,877650,784,208,66,0,0,66.000,66.13
1088309,206440,761122,12185,334,66,0,0,66.000,66.13
1088309,37996,445558,5188,166,66,0,0,66.000,66.13
1088309,444867,498448,2216,209,66,0,0,66.000,66.13
1089469,783141,206913,870,167,66,0,0,66.000,72.16
1089469,935122,141321,2693,209,66,0,0,66.000,72.16
1089469,544493,482161,5919,208,66,0,0,66.000,72.16
1089469,314545,18905,6544,167,66,0,0,66.000,72.16
1089469,633640,942240,3005,166,66,0,0,66.000,72.16
1089469,589467,765021,4617,208,66,0,0,66.000,72.16
1089469,648522,174151,21589,208,66,0,0,66.000,72.16
1089469,980187,412690,1223,208,66,0,0,66.000,72.16
1089469,436418,329234,1506,333,66,0,0,66.000,72.16
1089469,617752,184794,589,208,66,0,0,66.000,72.16
1089469,60073,1049005,8473,209,66,0,0,66.000,72.16
1089469,733732,285167,928,167,66,0,0,66.000,72.16
1089469,707393,997824,2377,167,66,0,0,66.000,72.16
1089469,936040,646515,1879,166,66,0,0,66.000,72.16
1089469,250661,262482,4267,167,66,0,0,66.000,72.16
1089469,629401,76858,8391,334,66,0,0,66.000,72.16
1089469,844662,105862,1890,292,66,0,0,66.000,72.16
1089469,55527,788934,1183,167,66,0,0,66.000,72.16
1089469,124529,91644,3317,167,66,0,0,66.000,72.16
1089469,768784,139174,1410,167,66,0,0,66.000,72.16
1092269,177913,122446,11141,208,66,0,0,66.000,211.98
1092269,2533,81787,23999,166,66,0,0,66.000,211.98
1092269,761442,704627,9315,209,66,0,0,66.000,211.98
1092269,220668,105004,180,333,66,0,0,66.000,211.98
1092269,514212,304143,1486,333,66,0,0,66.000,211.98
1092269,762213,929992,63055,209,66,0,0,66.000,211.98
1092269,655838,84682,859,167,66,0,0,66.000,211.98
1092269,298578,765383,7740,292,66,0,0,66.000,211.98
1092269,684184,409021,3313,167,66,0,0,66.000,211.98
1092269,782073,403536,453,209,66,0,0,66.000,211.98
1092269,199635,941973,10672,167,66,0,0,66.000,211.98
1092269,283271,16752,14651,167,66,0,0,66.000,211.98
1092269,445368,293478,49163,292,66,0,0,66.000,211.98
1092269,58158,125914,12276,167,66,0,0,66.000,211.98
1092269,808222,1003837,1984,167,66,0,0,66.000,211.98
1092269,223484,243722,3283,167,66,0,0,66.000,211.98
1092269,840424,514247,10354,334,66,0,0,66.000,211.98
1092269,226696,1052298,16116,167,66,0,0,66.000,211.98
1092269,834163,13306,18140,167,66,0,0,66.000,211.98
1092269,100490,266633,8851,167,66,0,0,66.000,211.98
1093109,1090508,423742,14727,166,66,0,0,66.000,241.81
1093109,852162,417981,714,167,66,0,0,66.000,241.81
1093109,997702,432510,8853,208,66,0,0,66.000,241.81
1093109,58576,1060770,30553,209,66,0,0,66.000,241.81
1093109,186309,1082365,1324,166,66,0,0,66.000,241.81
1093109,594722,982861,16538,209,66,0,0,66.000,241.81
1093109,259302,948913,6010,208,66,0,0,66.000,241.81
1093109,1068126,279814,17279,167,66,0,0,66.000,241.81
1093109,41232,317337,34793,209,66,0,0,66.000,241.81
1093109,1047536,251308,17889,166,66,0,0,66.000,241.81
1093109,6733,473344,2846,167,66,0,0,66.000,241.81
1093109,906672,809301,6485,167,66,0,0,66.000,241.81
1093109,391358,659451,9440,166,66,0,0,66.000,241.81
1093109,929483,553238,74776,167,66,0,0,66.000,241.81
1093109,136221,913990,7456,166,66,0,0,66.000,241.81
1093109,1039178,159146,9272,166,66,0,0,66.000,241.81
1093109,121909,429074,11184,291,66,0,0,66.000,241.81
1093109,45843,118991,42652,208,66,0,0,66.000,241.81
1093109,267712,359440,8668,166,66,0,0,66.000,241.81
1093109,1055313,585802,2540,166,66,0,0,66.000,241.81
1094183,784692,247960,3207,209,66,0,0,66.000,110.36
1094183,269128,786322,374,167,66,0,0,66.000,110.36
1094183,246150,203370,4060,208,66,0,0,66.000,110.36
1094183,306021,947522,3552,167,66,0,0,66.000,110.36
1094183,721132,1036856,2713,208,66,0,0,66.000,110.36
1094183,390323,310572,241,208,66,0,0,66.000,110.36
1094183,468073,614227,8744,167,66,0,0,66.000,110.36
1094183,338293,293995,890,166,66,0,0,66.000,110.36
1094183,850928,873843,973,167,66,0,0,66.000,110.36
1094183,28124,351244,6591,208,66,0,0,66.000,110.36
1094183,252763,155089,12785,208,66,0,0,66.000,110.36
1094183,914110,1041911,5823,166,66,0,0,66.000,110.36
1094183,540312,387056,8516,208,66,0,0,66.000,110.36
1094183,154037,156309,19160,166,66,0,0,66.000,110.36
1094183,154205,117675,15812,333,66,0,0,66.000,110.36
1094183,637549,31702,4817,167,66,0,0,66.000,110.36
1094183,138134,642960,3806,166,66,0,0,66.000,110.36
1094183,409528,1082048,13000,167,66,0,0,66.000,110.36
1094183,245973,713939,2616,167,66,0,0,66.000,110.36
1094183,295442,54899,4645,208,66,0,0,66.000,110.36
1095071,1010779,900719,1803,167,66,0,0,66.000,90.18
1095071,964022,752327,9936,334,66,0,0,66.000,90.18
1095071,475333,775368,1166,167,66,0,0,66.000,90.18
1095071,217622,694921,1051,167,66,0,0,66.000,90.18
1095071,965337,134864,29,167,66,0,0,66.000,90.18
1095071,537980,753602,497,209,66,0,0,66.000,90.18
1095071,616888,1090738,5172,167,66,0,0,66.000,90.18
1095071,884814,414675,917,208,66,0,0,66.000,90.18
1095071,1069446,77403,4029,208,66,0,0,66.000,90.18
1095071,330165,664962,20420,167,66,0,0,66.000,90.18
1095071,222303,744114,4558,166,66,0,0,66.000,90.18
1095071,640023,412424,4520,167,66,0,0,66.000,90.18
1095071,1008456,889551,2410,208,66,0,0,66.000,90.18
1095071,826594,1070540,2457,183,66,0,0,66.000,90.18
1095071,99644,562401,10231,291,66,0,0,66.000,90.18
1095071,426023,776835,6648,208,66,0,0,66.000,90.18
1095071,421742,77814,4472,333,66,0,0,66.000,90.18
1095071,767751,684510,18962,334,66,0,0,66.000,90.18
1095071,15714,356275,5382,209,66,0,0,66.000,90.18
1095071,131221,929839,3223,167,66,0,0,66.000,90.18
1099717,908116,671482,32543,333,66,0,0,66.000,254.56
1099717,141679,169881,10096,167,66,0,0,66.000,254.56
1099717,490007,427646,50471,167,66,0,0,66.000,254.56
1099717,409347,985805,17470,209,66,0,0,66.000,254.56
1099717,83102,142121,1536,375,66,0,0,66.000,254.56
1099717,633122,673697,8502,208,66,0,0,66.000,254.56
1099717,706484,373513,23882,209,66,0,0,66.000,254.56
1099717,836889,311815,1751,208,66,0,0,66.000,254.56
1099717,81447,1023256,9305,209,66,0,0,66.000,254.56
1099717,824470,905962,8072,208,66,0,0,66.000,254.56
1099717,1033995,855410,7571,333,66,0,0,66.000,254.56
1099717,1040505,398032,8307,166,66,0,0,66.000,254.56
1099717,321088,238715,10741,208,66,0,0,66.000,254.56
1099717,301677,428884,7808,209,66,0,0,66.000,254.56
1099717,36708,603945,5057,208,66,0,0,66.000,254.56
1099717,427455,358023,10785,208,66,0,0,66.000,254.56
1099717,684980,783458,19838,208,66,0,0,66.000,254.56
1099717,1068210,296893,2745,166,66,0,0,66.000,254.56
1099717,390338,1042417,38249,208,66,0,0,66.000,254.56
1099717,426519,1065595,3,185,66,0,0,66.000,254.56
1100977,886361,327015,4492,208,66,0,0,66.000,173.81
1100977,1055303,993247,28905,167,66,0,0,66.000,173.81
1100977,728982,932102,21698,167,66,0,0,66.000,173.81
1100977,1021234,354038,24044,167,66,0,0,66.000,173.81
1100977,553379,695435,6235,167,66,0,0,66.000,173.81
1100977,424339,976447,6357,208,66,0,0,66.000,173.81
1100977,21455,469880,8269,292,66,0,0,66.000,173.81
1100977,665901,102199,1676,209,66,0,0,66.000,173.81
1100977,159413,95139,15191,208,66,0,0,66.000,173.81
1100977,191266,640664,5619,208,66,0,0,66.000,173.81
1100977,897369,1010859,9336,209,66,0,0,66.000,173.81
1100977,588908,411129,4775,167,66,0,0,66.000,173.81
1100977,466403,600166,10873,166,66,0,0,66.000,173.81
1100977,80484,891246,12223,167,66,0,0,66.000,173.81
1100977,562494,49235,22467,167,66,0,0,66.000,173.81
1100977,594667,907297,21236,167,66,0,0,66.000,173.81
1100977,838140,1001827,8749,208,66,0,0,66.000,173.81
1100977,1078424,642859,2422,166,66,0,0,66.000,173.81
1100977,79156,325789,9462,208,66,0,0,66.000,173.81
1100977,688355,149146,5454,208,66,0,0,66.000,173.81
1102823,964890,553443,15467,167,66,0,0,66.000,148.48
1102823,638915,980274,8749,166,66,0,0,66.000,148.48
1102823,601796,1052632,2090,166,66,0,0,66.000,148.48
1102823,1086108,928143,8870,209,66,0,0,66.000,148.48
1102823,236298,673295,4485,209,66,0,0,66.000,148.48
1102823,615114,854022,28504,167,66,0,0,66.000,148.48
1102823,589133,910117,13461,167,66,0,0,66.000,148.48
1102823,640000,1011799,2469,167,66,0,0,66.000,148.48
1102823,146779,229778,1313,167,66,0,0,66.000,148.48
1102823,343103,698128,24,208,66,0,0,66.000,148.48
1102823,621686,903981,4057,209,66,0,0,66.000,148.48
1102823,1077828,936152,717,208,66,0,0,66.000,148.48
1102823,194415,281667,3669,208,66,0,0,66.000,148.48
1102823,957176,484605,3404,208,66,0,0,66.000,148.48
1102823,917851,716294,18277,208,66,0,0,66.000,148.48
1102823,798755,997440,7121,166,66,0,0,66.000,148.48
1102823,239434,230674,13401,208,66,0,0,66.000,148.48
1102823,122403,378121,14385,167,66,0,0,66.000,148.48
1102823,494233,388098,15949,166,66,0,0,66.000,148.48
1102823,989028,129940,8966,167,66,0,0,66.000,148.48
1104427,580345,447762,726,209,66,0,0,66.000,94.09
1104427,272679,491733,2653,166,66,0,0,66.000,94.09
1104427,675785,61865,15336,209,66,0,0,66.000,94.09
1104427,884422,189403,4061,166,66,0,0,66.000,94.09
1104427,1009861,172540,2477,166,66,0,0,66.000,94.09
1104427,950177,623423,9419,167,66,0,0,66.000,94.09
1104427,938284,397991,1551,166,66,0,0,66.000,94.09
1104427,69086,433718,3081,209,66,0,0,66.000,94.09
1104427,335765,703082,15877,167,66,0,0,66.000,94.09
1104427,262142,747037,5591,167,66,0,0,66.000,94.09
1104427,1099082,158560,5086,142,66,0,0,66.000,94.09
1104427,988287,6613,242,166,66,0,0,66.000,94.09
1104427,180975,639567,4080,167,66,0,0,66.000,94.09
1104427,788024,48488,12354,375,66,0,0,66.000,94.09
1104427,608912,369600,9369,209,66,0,0,66.000,94.09
1104427,450711,578683,7653,167,66,0,0,66.000,94.09
1104427,1057619,828945,1308,208,66,0,0,66.000,94.09
1104427,339702,214445,583,333,66,0,0,66.000,94.09
1104427,1087027,395071,4740,208,66,0,0,66.000,94.09
1104427,979456,48354,3022,167,66,0,0,66.000,94.09
1104589,744018,1086059,97,166,66,0,0,66.000,29.44
1104589,80666,416339,395,166,66,0,0,66.000,29.44
1104589,369971,504967,296,167,66,0,0,66.000,29.44
1104589,356826,137827,77,167,66,0,0,66.000,29.44
1104589,1030176,575692,323,209,66,0,0,66.000,29.44
1104589,227517,862028,946,166,66,0,0,66.000,29.44
1104589,521653,261344,32,334,66,0,0,66.000,29.44
1104589,878734,1034473,3620,167,66,0,0,66.000,29.44
1104589,331777,313712,123,209,66,0,0,66.000,29.44
1104589,290116,585417,8795,208,66,0,0,66.000,29.44
1104589,309141,895624,940,291,66,0,0,66.000,29.44
1104589,926079,1041687,780,209,66,0,0,66.000,29.44
1104589,457009,929370,3331,167,66,0,0,66.000,29.44
1104589,995720,75753,1860,167,66,0,0,66.000,29.44
1104589,665783,725705,4061,167,66,0,0,66.000,29.44
1104589,372555,579544,328,209,66,0,0,66.000,29.44
1104589,854556,573745,2397,334,66,0,0,66.000,29.44
1104589,528093,549198,3278,167,66,0,0,66.000,29.44
1104589,976761,221405,938,208,66,0,0,66.000,29.44
1104589,888433,189675,1652,167,66,0,0,66.000,29.44
1104941,895190,748552,1211,208,66,0,0,66.000,43.21
1104941,1095613,280356,763,208,66,0,0,66.000,43.21
1104941,637195,303496,423,208,66,0,0,66.000,43.21
1104941,57848,347823,474,292,66,0,0,66.000,43.21
1104941,135517,959316,26154,167,66,0,0,66.000,43.21
1104941,399729,469937,511,166,66,0,0,66.000,43.21
1104941,557626,156248,736,167,66,0,0,66.000,43.21
1104941,649435,499742,2989,166,66,0,0,66.000,43.21
1104941,106247,177983,4408,208,66,0,0,66.000,43.21
1104941,563348,697156,1109,333,66,0,0,66.000,43.21
1104941,709884,1084337,2833,208,66,0,0,66.000,43.21
1104941,231635,447395,410,208,66,0,0,66.000,43.21
1104941,539068,637364,1075,292,66,0,0,66.000,43.21
1104941,471315,945295,5107,208,66,0,0,66.000,43.21
1104941,204881,690458,281,167,66,0,0,66.000,43.21
1104941,555363,58473,959,292,66,0,0,66.000,43.21
1104941,760634,570996,2610,166,66,0,0,66.000,43.21
1104941,966821,256816,1380,166,66,0,0,66.000,43.21
1104941,291801,443933,2186,166,66,0,0,66.000,43.21
1104941,1059160,94070,1140,208,66,0,0,66.000,43.21
1108693,1095264,1049335,3523,208,66,0,0,66.000,212.56
1108693,28890,840900,8981,166,66,0,0,66.000,212.56
1108693,474446,1104821,16409,208,66,0,0,66.000,212.56
1108693,359586,1077850,2096,167,66,0,0,66.000,212.56
1108693,308082,168442,5982,167,66,0,0,66.000,212.56
1108693,304803,563012,8866,334,66,0,0,66.000,212.56
1108693,418543,59218,14582,167,66,0,0,66.000,212.56
1108693,1005576,540442,7451,167,66,0,0,66.000,212.56
1108693,668437,72760,30331,166,66,0,0,66.000,212.56
1108693,32651,426766,1568,209,66,0,0,66.000,212.56
1108693,397199,199915,26152,208,66,0,0,66.000,212.56
1108693,652896,504103,7843,166,66,0,0,66.000,212.56
1108693,495051,519548,8390,209,66,0,0,66.000,212.56
1108693,246884,146838,15208,208,66,0,0,66.000,212.56
1108693,653994,628639,37359,166,66,0,0,66.000,212.56
1108693,761926,67692,2540,209,66,0,0,66.000,212.56
1108693,935639,257165,2947,208,66,0,0,66.000,212.56
1108693,432848,964048,11719,208,66,0,0,66.000,212.56
1108693,451380,55175,16839,166,66,0,0,66.000,212.56
1108693,364417,745868,527,167,66,0,0,66.000,212.56
1111547,12750,730659,2535,166,66,0,0,66.000,200.04
1111547,248869,726113,21362,167,66,0,0,66.000,200.04
1111547,226998,1021226,21286,166,66,0,0,66.000,200.04
1111547,409154,142655,2521,167,66,0,0,66.000,200.04
1111547,1047429,1643,7073,209,66,0,0,66.000,200.04
1111547,835403,1005507,3146,208,66,0,0,66.000,200.04
1111547,403426,755700,5161,208,66,0,0,66.000,200.04
1111547,20928,1096224,2053,167,66,0,0,66.000,200.04
1111547,286632,475358,19349,166,66,0,0,66.000,200.04
1111547,868982,854800,6249,166,66,0,0,66.000,200.04
1111547,670227,961550,107,167,66,0,0,66.000,200.04
1111547,864994,540578,459,167,66,0,0,66.000,200.04
1111547,725536,67957,3838,208,66,0,0,66.000,200.04
1111547,88905,454662,3849,208,66,0,0,66.000,200.04
1111547,589036,713148,516,209,66,0,0,66.000,200.04
1111547,755295,654572,30532,208,66,0,0,66.000,200.04
1111547,770673,541616,31167,292,66,0,0,66.000,200.04
1111547,601987,803742,31862,209,66,0,0,66.000,200.04
1111547,265615,1032348,280,167,66,0,0,66.000,200.04
1111547,207823,129962,34373,167,66,0,0,66.000,200.04
1116911,1017360,208514,721,166,66,0,0,66.000,79.63
1116911,881297,771691,780,166,66,0,0,66.000,79.63
1116911,660212,393502,5703,292,66,0,0,66.000,79.63
1116911,908246,151266,1574,166,66,0,0,66.000,79.63
1116911,344046,1012758,1511,167,66,0,0,66.000,79.63
1116911,484628,845635,101,209,66,0,0,66.000,79.63
1116911,54409,373211,90,185,66,0,0,66.000,79.63
1116911,954462,129635,5079,208,66,0,0,66.000,79.63
1116911,824699,790869,36,209,66,0,0,66.000,79.63
1116911,1046479,262836,3653,167,66,0,0,66.000,79.63
1116911,917684,735735,3109,167,66,0,0,66.000,79.63
1116911,769832,1009196,4867,208,66,0,0,66.000,79.63
1116911,696821,917645,2188,166,66,0,0,66.000,79.63
1116911,812392,625688,969,208,66,0,0,66.000,79.63
1116911,1041733,1029175,17142,167,66,0,0,66.000,79.63
1116911,632855,180043,5052,292,66,0,0,66.000,79.63
1116911,6592,556706,3123,333,66,0,0,66.000,79.63
1116911,569693,178365,9993,167,66,0,0,66.000,79.63
1116911,116605,127384,22252,333,66,0,0,66.000,79.63
1116911,910508,695535,4396,166,66,0,0,66.000,79.63
1117591,490181,59126,8490,208,66,0,0,66.000,68.76
1117591,746230,133466,6232,166,66,0,0,66.000,68.76
1117591,15528,39522,756,334,66,0,0,66.000,68.76
1117591,563863,20475,2418,208,66,0,0,66.000,68.76
1117591,883616,873391,19812,208,66,0,0,66.000,68.76
1117591,809242,1023961,1698,208,66,0,0,66.000,68.76
1117591,561162,134042,5506,208,66,0,0,66.000,68.76
1117591,880197,1055359,1125,167,66,0,0,66.000,68.76
1117591,67993,25143,3170,208,66,0,0,66.000,68.76
1117591,595535,612406,2740,167,66,0,0,66.000,68.76
1117591,540282,133826,1167,167,66,0,0,66.000,68.76
1117591,922508,1001051,7803,167,66,0,0,66.000,68.76
1117591,385680,775954,1816,167,66,0,0,66.000,68.76
1117591,569178,411071,4602,333,66,0,0,66.000,68.76
1117591,869861,1113079,1083,167,66,0,0,66.000,68.76
1117591,1117303,266786,1427,167,66,0,0,66.000,68.76
1117591,200250,797257,3761,167,66,0,0,66.000,68.76
1117591,426396,690358,843,167,66,0,0,66.000,68.76
1117591,381314,837899,1017,166,66,0,0,66.000,68.76
1117591,750437,94027,2964,209,66,0,0,66.000,68.76
1118041,932362,706642,1309,167,66,0,0,66.000,332.80
1118041,354345,171496,5316,208,66,0,0,66.000,332.80
1118041,541200,931251,49922,167,66,0,0,66.000,332.80
1118041,405426,301374,5577,167,66,0,0,66.000,332.80
1118041,145082,315675,26403,167,66,0,0,66.000,332.80
1118041,982211,356881,1585,208,66,0,0,66.000,332.80
1118041,752875,594149,18268,208,66,0,0,66.000,332.80
1118041,157151,705849,16724,333,66,0,0,66.000,332.80
1118041,1039421,46676,4097,166,66,0,0,66.000,332.80
1118041,730480,94498,14516,333,66,0,0,66.000,332.80
1118041,204262,289833,31128,208,66,0,0,66.000,332.80
1118041,200281,723588,18265,167,66,0,0,66.000,332.80
1118041,730225,35179,11595,208,66,0,0,66.000,332.80
1118041,429256,65490,8047,209,66,0,0,66.000,332.80
1118041,646228,854676,8142,333,66,0,0,66.000,332.80
1118041,204262,411647,39672,166,66,0,0,66.000,332.80
1118041,917649,437522,14893,209,66,0,0,66.000,332.80
1118041,408413,329778,2997,166,66,0,0,66.000,332.80
1118041,468429,84885,5753,334,66,0,0,66.000,332.80
1118041,1095594,1011080,89619,167,66,0,0,66.000,332.80
1121179,986261,419669,11728,167,66,0,0,66.000,125.04
1121179,573138,775915,9444,209,66,0,0,66.000,125.04
1121179,103452,719214,854,208,66,0,0,66.000,125.04
1121179,672267,149676,4423,209,66,0,0,66.000,125.04
1121179,964647,314433,9985,166,66,0,0,66.000,125.04
1121179,797637,1074809,4768,167,66,0,0,66.000,125.04
1121179,652134,512432,1207,166,66,0,0,66.000,125.04
1121179,320456,242226,16046,167,66,0,0,66.000,125.04
1121179,645045,19289,1490,167,66,0,0,66.000,125.04
1121179,565138,688298,8057,333,66,0,0,66.000,125.04
1121179,54902,816752,2727,166,66,0,0,66.000,125.04
1121179,99859,965128,5549,167,66,0,0,66.000,125.04
1121179,266196,630716,9216,166,66,0,0,66.000,125.04
1121179,1034317,720111,5078,209,66,0,0,66.000,125.04
1121179,743417,692992,8928,375,66,0,0,66.000,125.04
1121179,39680,672553,22025,166,66,0,0,66.000,125.04
1121179,992585,660701,7115,250,66,0,0,66.000,125.04
1121179,624032,340424,1633,166,66,0,0,66.000,125.04
1121179,968545,814785,5753,209,66,0,0,66.000,125.04
1121179,492079,231021,378,208,66,0,0,66.000,125.04
1121369,367843,378481,6438,166,66,0,0,66.000,203.02
1121369,557230,631628,22538,166,66,0,0,66.000,203.02
1121369,825091,899863,6253,208,66,0,0,66.000,203.02
1121369,447692,418352,24663,167,66,0,0,66.000,203.02
1121369,221090,475135,22721,166,66,0,0,66.000,203.02
1121369,843900,1033322,547,208,66,0,0,66.000,203.02
1121369,632481,668035,19646,209,66,0,0,66.000,203.02
1121369,1091431,640262,12934,208,66,0,0,66.000,203.02
1121369,827395,242599,20458,167,66,0,0,66.000,203.02
1121369,331718,813678,29213,209,66,0,0,66.000,203.02
1121369,174612,962981,4299,166,66,0,0,66.000,203.02
1121369,982082,205606,4356,167,66,0,0,66.000,203.02
1121369,666124,663248,845,125,66,0,0,66.000,203.02
1121369,997418,457456,402,167,66,0,0,66.000,203.02
1121369,35204,339179,35704,209,66,0,0,66.000,203.02
1121369,33247,641164,14264,208,66,0,0,66.000,203.02
1121369,787147,933792,1556,209,66,0,0,66.000,203.02
1121369,1081051,313604,1039,167,66,0,0,66.000,203.02
1121369,1051945,1063581,20070,209,66,0,0,66.000,203.02
1121369,795386,297734,5175,166,66,0,0,66.000,203.02
1124239,176041,483475,10416,208,66,0,0,66.000,198.15
1124239,1004375,1027856,41658,166,66,0,0,66.000,198.15
1124239,19507,508547,9999,166,66,0,0,66.000,198.15
1124239,356419,183214,10510,167,66,0,0,66.000,198.15
1124239,731273,993539,12626,166,66,0,0,66.000,198.15
1124239,507868,864341,1364,208,66,0,0,66.000,198.15
1124239,167582,886419,5983,208,66,0,0,66.000,198.15
1124239,892554,646863,13462,208,66,0,0,66.000,198.15
1124239,562116,1084723,9,209,66,0,0,66.000,198.15
1124239,747629,429985,45911,208,66,0,0,66.000,198.15
1124239,556038,969930,4180,292,66,0,0,66.000,198.15
1124239,1079284,886020,2853,208,66,0,0,66.000,198.15
1124239,1049780,175137,8771,375,66,0,0,66.000,198.15
1124239,220838,52983,5335,167,66,0,0,66.000,198.15
1124239,841336,902196,1438,208,66,0,0,66.000,198.15
1124239,336145,500604,2776,167,66,0,0,66.000,198.15
1124239,82596,350825,27856,225,66,0,0,66.000,198.15
1124239,476774,704411,3226,167,66,0,0,66.000,198.15
1124239,699297,417766,860,333,66,0,0,66.000,198.15
1124239,147710,659483,5666,167,66,0,0,66.000,198.15
1125433,402953,742694,8205,167,66,0,0,66.000,386.61
1125433,427461,313318,9212,167,66,0,0,66.000,386.61
1125433,666660,355572,11251,166,66,0,0,66.000,386.61
1125433,1092008,907330,23115,166,66,0,0,66.000,386.61
1125433,375640,965798,4331,167,66,0,0,66.000,386.61
1125433,185496,380355,51234,208,66,0,0,66.000,386.61
1125433,953845,39970,17121,167,66,0,0,66.000,386.61
1125433,608297,806516,9304,166,66,0,0,66.000,386.61
1125433,842010,559384,50914,209,66,0,0,66.000,386.61
1125433,395116,531505,8274,208,66,0,0,66.000,386.61
1125433,127424,977405,37828,208,66,0,0,66.000,386.61
1125433,376640,236088,31906,167,66,0,0,66.000,386.61
1125433,395727,876225,50515,208,66,0,0,66.000,386.61
1125433,131917,687765,25291,209,66,0,0,66.000,386.61
1125433,556534,365003,44281,209,66,0,0,66.000,386.61
1125433,1017786,344984,5829,208,66,0,0,66.000,386.61
1125433,857925,617089,4947,167,66,0,0,66.000,386.61
1125433,821052,677775,25656,167,66,0,0,66.000,386.61
1125433,932323,997921,1186,166,66,0,0,66.000,386.61
1125433,655426,966528,24062,291,66,0,0,66.000,386.61
1127641,185498,441492,7401,208,66,0,0,66.000,281.29
1127641,827799,383087,57422,333,66,0,0,66.000,281.29
1127641,500564,33121,550,208,66,0,0,66.000,281.29
1127641,845666,344589,21191,167,66,0,0,66.000,281.29
1127641,587964,290473,13746,167,66,0,0,66.000,281.29
1127641,261745,190396,27814,166,66,0,0,66.000,281.29
1127641,645107,887933,5175,208,66,0,0,66.000,281.29
1127641,1090463,1052696,906,166,66,0,0,66.000,281.29
1127641,134191,893633,28505,292,66,0,0,66.000,281.29
1127641,1087794,547088,8878,375,66,0,0,66.000,281.29
1127641,728671,675376,11511,167,66,0,0,66.000,281.29
1127641,846433,170317,8201,167,66,0,0,66.000,281.29
1127641,1031294,42415,3533,166,66,0,0,66.000,281.29
1127641,1122095,424130,6891,167,66,0,0,66.000,281.29
1127641,618596,390827,54012,167,66,0,0,66.000,281.29
1127641,999558,799479,3125,209,66,0,0,66.000,281.29
1127641,667959,668051,14178,208,66,0,0,66.000,281.29
1127641,283583,472244,17094,208,66,0,0,66.000,281.29
1127641,991733,465343,25939,167,66,0,0,66.000,281.29
1127641,469254,1103452,423,209,66,0,0,66.000,281.29
1130117,1109386,39716,412,167,66,0,0,66.000,25.05
1130117,809032,430241,858,166,66,0,0,66.000,25.05
1130117,1023640,1065335,1126,208,66,0,0,66.000,25.05
1130117,362563,545475,1950,208,66,0,0,66.000,25.05
1130117,999296,49267,1462,167,66,0,0,66.000,25.05
1130117,657116,339689,2367,208,66,0,0,66.000,25.05
1130117,668256,169312,1087,334,66,0,0,66.000,25.05
1130117,280247,860763,665,167,66,0,0,66.000,25.05
1130117,578235,744212,1963,167,66,0,0,66.000,25.05
1130117,869674,837192,1874,167,66,0,0,66.000,25.05
1130117,681557,760626,1104,333,66,0,0,66.000,25.05
1130117,627992,1043300,3196,167,66,0,0,66.000,25.05
1130117,1066909,1076535,1331,167,66,0,0,66.000,25.05
1130117,706698,428190,198,208,66,0,0,66.000,25.05
1130117,1087900,1048278,919,166,66,0,0,66.000,25.05
1130117,355905,881027,569,208,66,0,0,66.000,25.05
1130117,7107,926038,813,209,66,0,0,66.000,25.05
1130117,19314,944857,2251,167,66,0,0,66.000,25.05
1130117,462109,27617,2270,209,66,0,0,66.000,25.05
1130117,240872,439718,2130,208,66,0,0,66.000,25.05
1131239,168474,484739,1075,208,66,0,0,66.000,59.65
1131239,415861,606563,8752,209,66,0,0,66.000,59.65
1131239,462193,991006,1264,166,66,0,0,66.000,59.65
1131239,24843,72697,16015,167,66,0,0,66.000,59.65
1131239,901388,1029167,4688,167,66,0,0,66.000,59.65
1131239,978886,772123,4555,208,66,0,0,66.000,59.65
1131239,872629,74372,1244,208,66,0,0,66.000,59.65
1131239,977498,810105,6383,167,66,0,0,66.000,59.65
1131239,610297,401543,5462,166,66,0,0,66.000,59.65
1131239,783290,851328,2637,167,66,0,0,66.000,59.65
1131239,899553,937013,195,209,66,0,0,66.000,59.65
1131239,445754,986255,4961,209,66,0,0,66.000,59.65
1131239,312930,845146,1107,167,66,0,0,66.000,59.65
1131239,521168,361503,316,167,66,0,0,66.000,59.65
1131239,731479,84426,5388,334,66,0,0,66.000,59.65
1131239,649163,293757,1427,208,66,0,0,66.000,59.65
1131239,372227,964290,506,208,66,0,0,66.000,59.65
1131239,284989,475988,333,167,66,0,0,66.000,59.65
1131239,548693,447506,107,208,66,0,0,66.000,59.65
1131239,888692,138065,313,208,66,0,0,66.000,59.65
1132991,259473,830393,9597,208,66,0,0,66.000,159.41
1132991,194991,65843,15473,375,66,0,0,66.000,159.41
1132991,265484,159618,4584,208,66,0,0,66.000,159.41
1132991,351886,100062,8564,167,66,0,0,66.000,159.41
1132991,629387,962618,6676,208,66,0,0,66.000,159.41
1132991,330660,851280,4369,209,66,0,0,66.000,159.41
1132991,693632,1077913,30732,375,66,0,0,66.000,159.41
1132991,291772,1026967,12145,208,66,0,0,66.000,159.41
1132991,729120,330661,12872,167,66,0,0,66.000,159.41
1132991,685892,352768,2246,167,66,0,0,66.000,159.41
1132991,13395,280974,2822,208,66,0,0,66.000,159.41
1132991,645523,277421,4319,208,66,0,0,66.000,159.41
1132991,630842,997525,443,166,66,0,0,66.000,159.41
1132991,809353,75002,13253,208,66,0,0,66.000,159.41
1132991,192724,537494,3471,166,66,0,0,66.000,159.41
1132991,847975,986596,5915,166,66,0,0,66.000,159.41
1132991,552627,603479,26832,167,66,0,0,66.000,159.41
1132991,1076964,566966,5479,167,66,0,0,66.000,159.41
1132991,964838,1057371,3906,208,66,0,0,66.000,159.41
1132991,771439,539805,1502,209,66,0,0,66.000,159.41
1133159,871524,1070420,7484,208,66,0,0,66.000,172.82
1133159,938317,712897,11772,334,66,0,0,66.000,172.82
1133159,807859,1109058,10,333,66,0,0,66.000,172.82
1133159,34343,235142,14252,167,66,0,0,66.000,172.82
1133159,279616,233564,1157,334,66,0,0,66.000,172.82
1133159,549964,950143,7247,334,66,0,0,66.000,172.82
1133159,287034,851933,87,209,66,0,0,66.000,172.82
1133159,302758,147697,990,125,66,0,0,66.000,172.82
1133159,647165,843465,14322,167,66,0,0,66.000,172.82
1133159,129574,65717,51043,292,66,0,0,66.000,172.82
1133159,1002980,1103391,115,208,66,0,0,66.000,172.82
1133159,595534,151674,14820,208,66,0,0,66.000,172.82
1133159,307538,497783,5474,167,66,0,0,66.000,172.82
1133159,398726,511418,7868,167,66,0,0,66.000,172.82
1133159,1062814,88449,35540,167,66,0,0,66.000,172.82
1133159,74799,358927,2369,209,66,0,0,66.000,172.82
1133159,600865,154100,4012,208,66,0,0,66.000,172.82
1133159,148708,408728,3472,209,66,0,0,66.000,172.82
1133159,1128251,968367,2282,166,66,0,0,66.000,172.82
1133159,912636,1023527,2172,167,66,0,0,66.000,172.82
1134961,172393,777110,7185,167,66,0,0,66.000,245.47
1134961,303222,829437,32499,167,66,0,0,66.000,245.47
1134961,839689,795976,2083,208,66,0,0,66.000,245.47
1134961,1053815,862175,1136,292,66,0,0,66.000,245.47
1134961,451364,333241,17356,208,66,0,0,66.000,245.47
1134961,968258,920695,1300,209,66,0,0,66.000,245.47
1134961,998925,981837,9387,208,66,0,0,66.000,245.47
1134961,809305,1032453,10708,167,66,0,0,66.000,245.47
1134961,115345,65327,35436,166,66,0,0,66.000,245.47
1134961,1010822,893755,11047,417,66,0,0,66.000,245.47
1134961,415996,329105,20423,167,66,0,0,66.000,245.47
1134961,159780,812517,30420,208,66,0,0,66.000,245.47
1134961,413911,916495,5921,166,66,0,0,66.000,245.47
1134961,40711,892107,24121,333,66,0,0,66.000,245.47
1134961,282783,189878,1427,166,66,0,0,66.000,245.47
1134961,175139,282583,1919,167,66,0,0,66.000,245.47
1134961,118455,19060,1570,167,66,0,0,66.000,245.47
1134961,698310,823779,36614,209,66,0,0,66.000,245.47
1134961,975146,971108,1159,167,66,0,0,66.000,245.47
1134961,373149,626635,11094,208,66,0,0,66.000,245.47
1139623,619897,429290,7010,167,66,0,0,66.000,115.91
1139623,370286,577242,12335,167,66,0,0,66.000,115.91
1139623,769531,948799,2339,166,66,0,0,66.000,115.91
1139623,789434,209374,9167,208,66,0,0,66.000,115.91
1139623,785398,915211,3436,208,66,0,0,66.000,115.91
1139623,464734,1121561,1504,375,66,0,0,66.000,115.91
1139623,361923,677063,370,208,66,0,0,66.000,115.91
1139623,312338,818047,668,333,66,0,0,66.000,115.91
1139623,422848,1107496,12273,167,66,0,0,66.000,115.91
1139623,763429,434218,98,334,66,0,0,66.000,115.91
1139623,131467,297721,105,208,66,0,0,66.000,115.91
1139623,242219,41001,14992,208,66,0,0,66.000,115.91
1139623,244086,1124081,7352,166,66,0,0,66.000,115.91
1139623,426454,875474,19033,208,66,0,0,66.000,115.91
1139623,426454,874375,6964,167,66,0,0,66.000,115.91
1139623,886923,712909,11640,166,66,0,0,66.000,115.91
1139623,205935,657323,265,208,66,0,0,66.000,115.91
1139623,1123010,1082715,2728,208,66,0,0,66.000,115.91
1139623,965399,662921,7858,208,66,0,0,66.000,115.91
1139623,628184,929882,8138,208,66,0,0,66.000,115.91
1141417,902945,355195,982,208,66,0,0,66.000,244.96
1141417,1028129,737007,48244,334,66,0,0,66.000,244.96
1141417,449004,77182,19957,166,66,0,0,66.000,244.96
1141417,160364,642863,1652,167,66,0,0,66.000,244.96
1141417,515961,1096374,2676,166,66,0,0,66.000,244.96
1141417,65288,95160,8653,208,66,0,0,66.000,244.96
1141417,906394,729663,70804,209,66,0,0,66.000,244.96
1141417,292314,326751,21189,167,66,0,0,66.000,244.96
1141417,31283,1116627,12242,167,66,0,0,66.000,244.96
1141417,951403,47099,15430,167,66,0,0,66.000,244.96
1141417,583408,527464,16509,209,66,0,0,66.000,244.96
1141417,653669,354647,50648,208,66,0,0,66.000,244.96
1141417,963493,785457,4307,166,66,0,0,66.000,244.96
1141417,769714,1024147,4813,167,66,0,0,66.000,244.96
1141417,322131,904022,944,166,66,0,0,66.000,244.96
1141417,1076129,746179,649,292,66,0,0,66.000,244.96
1141417,784199,220259,4919,209,66,0,0,66.000,244.96
1141417,943200,793977,3626,208,66,0,0,66.000,244.96
1141417,622744,402221,20803,292,66,0,0,66.000,244.96
1141417,1131038,840370,8159,167,66,0,0,66.000,244.96
1141853,1097116,1110127,1488,208,66,0,0,66.000,237.56
1141853,620212,526310,16839,167,66,0,0,66.000,237.56
1141853,393485,482846,12657,125,66,0,0,66.000,237.56
1141853,522735,295365,2078,166,66,0,0,66.000,237.56
1141853,957974,812299,1812,167,66,0,0,66.000,237.56
1141853,82435,762127,67613,167,66,0,0,66.000,237.56
1141853,291926,887940,2822,167,66,0,0,66.000,237.56
1141853,337268,57658,6196,167,66,0,0,66.000,237.56
1141853,561971,581595,20218,208,66,0,0,66.000,237.56
1141853,1127210,363567,3005,167,66,0,0,66.000,237.56
1141853,348891,250803,1470,167,66,0,0,66.000,237.56
1141853,12240,1089759,36902,209,66,0,0,66.000,237.56
1141853,1045054,82712,29047,167,66,0,0,66.000,237.56
1141853,674855,705234,14251,167,66,0,0,66.000,237.56
1141853,755040,286263,2356,167,66,0,0,66.000,237.56
1141853,1085833,264713,11828,167,66,0,0,66.000,237.56
1141853,783809,866919,5252,208,66,0,0,66.000,237.56
1141853,631683,219501,14422,209,66,0,0,66.000,237.56
1141853,1075635,289386,8249,167,66,0,0,66.000,237.56
1141853,257676,956399,388,208,66,0,0,66.000,237.56
1148261,32780,741440,9744,209,66,0,0,66.000,98.99
1148261,521267,729793,2225,167,66,0,0,66.000,98.99
1148261,843782,199988,18988,292,66,0,0,66.000,98.99
1148261,1086849,187108,1196,208,66,0,0,66.000,98.99
1148261,1074818,417374,573,167,66,0,0,66.000,98.99
1148261,517128,1052622,24461,208,66,0,0,66.000,98.99
1148261,481261,788285,1506,209,66,0,0,66.000,98.99
1148261,176106,868599,3712,208,66,0,0,66.000,98.99
1148261,1061330,414691,3701,291,66,0,0,66.000,98.99
1148261,382339,348758,55,208,66,0,0,66.000,98.99
1148261,695581,410125,65,167,66,0,0,66.000,98.99
1148261,527093,1097200,2315,208,66,0,0,66.000,98.99
1148261,681548,3629,2101,209,66,0,0,66.000,98.99
1148261,393082,250903,12984,167,66,0,0,66.000,98.99
1148261,327203,470913,4361,209,66,0,0,66.000,98.99
1148261,531162,768317,11565,167,66,0,0,66.000,98.99
1148261,204422,975669,6048,208,66,0,0,66.000,98.99
1148261,847909,994218,10328,166,66,0,0,66.000,98.99
1148261,74468,998695,11127,167,66,0,0,66.000,98.99
1148261,439943,847157,34,209,66,0,0,66.000,98.99
1154233,107009,994740,372,166,66,0,0,66.000,139.13
1154233,11438,1099169,1254,209,66,0,0,66.000,139.13
1154233,855659,167316,3062,209,66,0,0,66.000,139.13
1154233,537455,634815,23946,167,66,0,0,66.000,139.13
1154233,359636,525918,365,208,66,0,0,66.000,139.13
1154233,694229,255179,1004,209,66,0,0,66.000,139.13
1154233,891073,696480,144,209,66,0,0,66.000,139.13
1154233,420832,365593,1470,167,66,0,0,66.000,139.13
1154233,19985,1038625,13400,167,66,0,0,66.000,139.13
1154233,516683,161095,31259,209,66,0,0,66.000,139.13
1154233,192545,1117588,3217,209,66,0,0,66.000,139.13
1154233,872534,661386,24771,166,66,0,0,66.000,139.13
1154233,737008,274963,4075,167,66,0,0,66.000,139.13
1154233,999601,1084683,1036,167,66,0,0,66.000,139.13
1154233,605027,520745,19016,166,66,0,0,66.000,139.13
1154233,725023,771340,6121,166,66,0,0,66.000,139.13
1154233,747581,900582,6548,167,66,0,0,66.000,139.13
1154233,838050,58394,6948,208,66,0,0,66.000,139.13
1154233,870011,939209,3981,167,66,0,0,66.000,139.13
1154233,1085835,136108,272,208,66,0,0,66.000,139.13
1157063,783810,766329,22103,208,66,0,0,66.000,203.35
1157063,341867,488103,56235,167,66,0,0,66.000,203.35
1157063,957366,817833,4522,208,66,0,0,66.000,203.35
1157063,48539,135839,11921,209,66,0,0,66.000,203.35
1157063,332521,768236,350,208,66,0,0,66.000,203.35
1157063,124046,134244,45354,167,66,0,0,66.000,203.35
1157063,949164,900242,2192,167,66,0,0,66.000,203.35
1157063,940153,448883,39446,166,66,0,0,66.000,203.35
1157063,811728,781594,14249,166,66,0,0,66.000,203.35
1157063,687715,314561,2270,208,66,0,0,66.000,203.35
1157063,968161,806172,1967,208,66,0,0,66.000,203.35
1157063,1093113,1152826,4363,292,66,0,0,66.000,203.35
1157063,1097429,800144,11359,166,66,0,0,66.000,203.35
1157063,57894,262046,888,167,66,0,0,66.000,203.35
1157063,1149879,401187,13270,167,66,0,0,66.000,203.35
1157063,454680,203825,8689,167,66,0,0,66.000,203.35
1157063,626847,141571,7339,166,66,0,0,66.000,203.35
1157063,759534,392006,2844,167,66,0,0,66.000,203.35
1157063,474062,133334,4,209,66,0,0,66.000,203.35
1157063,756453,471716,3863,209,66,0,0,66.000,203.35
1157851,1056179,99405,3016,208,66,0,0,66.000,180.86
1157851,442699,328803,8720,166,66,0,0,66.000,180.86
1157851,759526,1073630,11428,292,66,0,0,66.000,180.86
1157851,488013,971051,3288,166,66,0,0,66.000,180.86
1157851,860124,227090,17441,167,66,0,0,66.000,180.86
1157851,180521,520612,40993,292,66,0,0,66.000,180.86
1157851,706535,1122084,5427,166,66,0,0,66.000,180.86
1157851,750578,561602,18127,333,66,0,0,66.000,180.86
1157851,1036734,110372,3497,209,66,0,0,66.000,180.86
1157851,30238,915524,19425,334,66,0,0,66.000,180.86
1157851,506709,388727,15147,167,66,0,0,66.000,180.86
1157851,233344,934352,766,166,66,0,0,66.000,180.86
1157851,986964,87188,19849,167,66,0,0,66.000,180.86
1157851,241805,200357,9027,208,66,0,0,66.000,180.86
1157851,81119,164520,1078,167,66,0,0,66.000,180.86
1157851,55475,347416,10171,209,66,0,0,66.000,180.86
1157851,149263,131433,9848,166,66,0,0,66.000,180.86
1157851,593233,1129944,3895,167,66,0,0,66.000,180.86
1157851,668243,235258,12074,333,66,0,0,66.000,180.86
1157851,248396,1056710,3848,333,66,0,0,66.000,180.86
1158247,11815,213339,9596,167,66,0,0,66.000,131.31
1158247,922031,437330,2533,209,66,0,0,66.000,131.31
1158247,220104,932067,5053,167,66,0,0,66.000,131.31
1158247,95281,570570,4372,166,66,0,0,66.000,131.31
1158247,869584,718168,7543,209,66,0,0,66.000,131.31
1158247,537753,349008,21800,209,66,0,0,66.000,131.31
1158247,842683,144480,686,208,66,0,0,66.000,131.31
1158247,651347,964005,4924,209,66,0,0,66.000,131.31
1158247,1065561,105611,3610,208,66,0,0,66.000,131.31
1158247,235187,345420,20983,166,66,0,0,66.000,131.31
1158247,504415,260031,11595,208,66,0,0,66.000,131.31
1158247,445619,306551,193,209,66,0,0,66.000,131.31
1158247,355688,937536,32871,167,66,0,0,66.000,131.31
1158247,789001,202605,3963,208,66,0,0,66.000,131.31
1158247,615993,897085,3633,208,66,0,0,66.000,131.31
1158247,475433,637094,1935,167,66,0,0,66.000,131.31
1158247,639586,467328,3612,208,66,0,0,66.000,131.31
1158247,487036,57865,3290,291,66,0,0,66.000,131.31
1158247,645530,1025519,2930,166,66,0,0,66.000,131.31
1158247,536203,497677,1875,167,66,0,0,66.000,131.31
1158401,56333,190720,22417,166,66,0,0,66.000,375.55
1158401,454810,215488,19763,166,66,0,0,66.000,375.55
1158401,812962,113485,82143,208,66,0,0,66.000,375.55
1158401,210813,1012818,4466,208,66,0,0,66.000,375.55
1158401,180202,51601,6874,166,66,0,0,66.000,375.55
1158401,625012,796980,15042,167,66,0,0,66.000,375.55
1158401,1090728,57338,3764,292,66,0,0,66.000,375.55
1158401,1151023,1035102,23441,166,66,0,0,66.000,375.55
1158401,33998,677576,4728,167,66,0,0,66.000,375.55
1158401,33998,304360,41668,208,66,0,0,66.000,375.55
1158401,602285,991200,34204,166,66,0,0,66.000,375.55
1158401,970247,75437,8033,167,66,0,0,66.000,375.55
1158401,842944,121011,13639,166,66,0,0,66.000,375.55
1158401,516705,718561,30936,208,66,0,0,66.000,375.55
1158401,688489,101974,22428,208,66,0,0,66.000,375.55
1158401,654339,733856,20732,208,66,0,0,66.000,375.55
1158401,842557,360016,39478,166,66,0,0,66.000,375.55
1158401,1012185,352464,3603,167,66,0,0,66.000,375.55
1158401,122491,134576,8878,250,66,0,0,66.000,375.55
1158401,372680,753444,69,167,66,0,0,66.000,375.55
1161217,776861,101223,2243,209,66,0,0,66.000,172.87
1161217,989726,182462,6105,209,66,0,0,66.000,172.87
1161217,1009239,586130,20516,209,66,0,0,66.000,172.87
1161217,423139,84825,1717,208,66,0,0,66.000,172.87
1161217,1031247,29345,1170,167,66,0,0,66.000,172.87
1161217,224289,549711,11213,208,66,0,0,66.000,172.87
1161217,116431,318612,3054,209,66,0,0,66.000,172.87
1161217,653032,804341,8183,167,66,0,0,66.000,172.87
1161217,266826,509397,20970,166,66,0,0,66.000,172.87
1161217,62120,747881,6074,166,66,0,0,66.000,172.87
1161217,987419,354250,3942,333,66,0,0,66.000,172.87
1161217,26888,625727,12363,166,66,0,0,66.000,172.87
1161217,914546,184630,4299,209,66,0,0,66.000,172.87
1161217,333209,814344,10092,167,66,0,0,66.000,172.87
1161217,792298,839799,43135,334,66,0,0,66.000,172.87
1161217,652941,805099,793,166,66,0,0,66.000,172.87
1161217,423139,1070925,7267,208,66,0,0,66.000,172.87
1161217,786761,26564,18949,334,66,0,0,66.000,172.87
1161217,164156,327880,3289,167,66,0,0,66.000,172.87
1161217,350699,535882,2843,208,66,0,0,66.000,172.87
1163119,41449,714329,1776,167,66,0,0,66.000,143.15
1163119,650300,691959,12889,333,66,0,0,66.000,143.15
1163119,631250,954819,1155,167,66,0,0,66.000,143.15
1163119,1147238,813589,5842,333,66,0,0,66.000,143.15
1163119,197550,612534,11409,208,66,0,0,66.000,143.15
1163119,932551,817273,8465,208,66,0,0,66.000,143.15
1163119,959688,644262,11818,167,66,0,0,66.000,143.15
1163119,521985,417025,289,208,66,0,0,66.000,143.15
1163119,368908,871650,5660,333,66,0,0,66.000,143.15
1163119,450293,217155,10182,208,66,0,0,66.000,143.15
1163119,130883,1096737,2163,125,66,0,0,66.000,143.15
1163119,870780,462966,27944,291,66,0,0,66.000,143.15
1163119,858584,180376,1789,167,66,0,0,66.000,143.15
1163119,100364,351326,4051,167,66,0,0,66.000,143.15
1163119,1061008,106096,9573,167,66,0,0,66.000,143.15
1163119,672200,295011,6507,167,66,0,0,66.000,143.15
1163119,561458,402016,4232,166,66,0,0,66.000,143.15
1163119,395525,1041839,22145,167,66,0,0,66.000,143.15
1163119,218090,781559,7127,167,66,0,0,66.000,143.15
1163119,431606,505286,14956,167,66,0,0,66.000,143.15
1167013,984331,71771,21608,167,66,0,0,66.000,280.70
1167013,786675,992178,13112,209,66,0,0,66.000,280.70
1167013,1023971,872725,13078,167,66,0,0,66.000,280.70
1167013,834516,1108939,55432,209,66,0,0,66.000,280.70
1167013,660755,648117,25245,208,66,0,0,66.000,280.70
1167013,818477,64338,754,167,66,0,0,66.000,280.70
1167013,558723,552071,10997,208,66,0,0,66.000,280.70
1167013,350351,40449,383,208,66,0,0,66.000,280.70
1167013,266998,600126,1900,209,66,0,0,66.000,280.70
1167013,181455,752747,11254,166,66,0,0,66.000,280.70
1167013,685616,233649,6939,167,66,0,0,66.000,280.70
1167013,801437,178849,8365,167,66,0,0,66.000,280.70
1167013,345244,865009,14679,166,66,0,0,66.000,280.70
1167013,954674,68394,37022,166,66,0,0,66.000,280.70
1167013,584108,452005,13215,167,66,0,0,66.000,280.70
1167013,361996,1116801,33623,167,66,0,0,66.000,280.70
1167013,241793,704011,15672,167,66,0,0,66.000,280.70
1167013,1084208,51589,14330,208,66,0,0,66.000,280.70
1167013,675425,331250,13983,166,66,0,0,66.000,280.70
1167013,584612,394322,22361,167,66,0,0,66.000,280.70
1169023,597637,460992,24852,167,66,0,0,66.000,192.13
1169023,710623,383740,4902,166,66,0,0,66.000,192.13
1169023,646018,79491,47005,167,66,0,0,66.000,192.13
1169023,663822,234946,8164,166,66,0,0,66.000,192.13
1169023,1069016,408779,14992,167,66,0,0,66.000,192.13
1169023,347213,1105111,5188,166,66,0,0,66.000,192.13
1169023,763492,267252,5539,166,66,0,0,66.000,192.13
1169023,264175,425872,10592,334,66,0,0,66.000,192.13
1169023,995537,122590,8804,208,66,0,0,66.000,192.13
1169023,583087,116349,3385,208,66,0,0,66.000,192.13
1169023,359461,221595,572,167,66,0,0,66.000,192.13
1169023,1089000,925570,19514,167,66,0,0,66.000,192.13
1169023,642364,268028,1547,333,66,0,0,66.000,192.13
1169023,551935,680107,4580,167,66,0,0,66.000,192.13
1169023,971901,236644,364,334,66,0,0,66.000,192.13
1169023,1035267,1052348,12450,209,66,0,0,66.000,192.13
1169023,104940,392726,7507,334,66,0,0,66.000,192.13
1169023,335972,450126,17908,208,66,0,0,66.000,192.13
1169023,870997,336497,14640,167,66,0,0,66.000,192.13
1169023,937990,946839,3018,166,66,0,0,66.000,192.13
1170461,731357,704821,2401,166,66,0,0,66.000,59.70
1170461,389408,626800,1318,208,66,0,0,66.000,59.70
1170461,938078,215015,774,166,66,0,0,66.000,59.70
1170461,139880,1142340,2307,208,66,0,0,66.000,59.70
1170461,463942,960001,2682,166,66,0,0,66.000,59.70
1170461,1148083,146848,14749,166,66,0,0,66.000,59.70
1170461,1148982,612350,8698,209,66,0,0,66.000,59.70
1170461,259082,522460,6829,167,66,0,0,66.000,59.70
1170461,247904,1102959,1575,333,66,0,0,66.000,59.70
1170461,533424,20068,33,208,66,0,0,66.000,59.70
1170461,6058,1024460,1677,167,66,0,0,66.000,59.70
1170461,713100,818233,2939,209,66,0,0,66.000,59.70
1170461,980374,1116534,2842,209,66,0,0,66.000,59.70
1170461,664071,644150,487,166,66,0,0,66.000,59.70
1170461,248225,94581,35,167,66,0,0,66.000,59.70
1170461,642952,1161495,3501,167,66,0,0,66.000,59.70
1170461,569127,616523,2827,209,66,0,0,66.000,59.70
1170461,191588,640251,1429,166,66,0,0,66.000,59.70
1170461,1068025,342843,4384,167,66,0,0,66.000,59.70
1170461,706519,904089,6256,167,66,0,0,66.000,59.70
1170751,39774,662570,14448,167,66,0,0,66.000,186.37
1170751,831466,60234,5739,209,66,0,0,66.000,186.37
1170751,589450,503096,12267,208,66,0,0,66.000,186.37
1170751,1061577,301999,862,208,66,0,0,66.000,186.37
1170751,986133,968977,2833,167,66,0,0,66.000,186.37
1170751,612433,906727,2652,333,66,0,0,66.000,186.37
1170751,464104,853650,2531,209,66,0,0,66.000,186.37
1170751,942859,683000,4247,208,66,0,0,66.000,186.37
1170751,83649,800419,5228,208,66,0,0,66.000,186.37
1170751,432753,948604,16077,167,66,0,0,66.000,186.37
1170751,872521,905125,2519,208,66,0,0,66.000,186.37
1170751,257944,157116,4191,208,66,0,0,66.000,186.37
1170751,64513,468777,36873,167,66,0,0,66.000,186.37
1170751,180918,636296,1004,208,66,0,0,66.000,186.37
1170751,360774,712919,21330,167,66,0,0,66.000,186.37
1170751,1103344,731458,21327,167,66,0,0,66.000,186.37
1170751,381522,49787,18028,166,66,0,0,66.000,186.37
1170751,256411,815467,21697,167,66,0,0,66.000,186.37
1170751,805050,577916,1282,208,66,0,0,66.000,186.37
1170751,832036,1013069,8583,166,66,0,0,66.000,186.37
1172491,528786,787159,2229,167,66,0,0,66.000,100.62
1172491,1087306,70581,212,208,66,0,0,66.000,100.62
1172491,680635,972451,3314,209,66,0,0,66.000,100.62
1172491,661360,205504,4230,209,66,0,0,66.000,100.62
1172491,280096,832828,25412,208,66,0,0,66.000,100.62
1172491,712069,475285,2349,167,66,0,0,66.000,100.62
1172491,475489,780186,2615,167,66,0,0,66.000,100.62
1172491,140796,354733,2397,209,66,0,0,66.000,100.62
1172491,966541,69519,1758,166,66,0,0,66.000,100.62
1172491,83500,505379,4332,208,66,0,0,66.000,100.62
1172491,676107,259149,9780,208,66,0,0,66.000,100.62
1172491,120757,22359,2657,333,66,0,0,66.000,100.62
1172491,186492,64880,308,166,66,0,0,66.000,100.62
1172491,562518,672461,7883,167,66,0,0,66.000,100.62
1172491,368553,690087,1084,459,66,0,0,66.000,100.62
1172491,300891,866840,24930,166,66,0,0,66.000,100.62
1172491,1111803,700368,5761,208,66,0,0,66.000,100.62
1172491,321637,336999,4949,208,66,0,0,66.000,100.62
1172491,916073,653557,196,167,66,0,0,66.000,100.62
1172491,535934,235661,591,208,66,0,0,66.000,100.62
1177667,413554,325531,31642,167,66,0,0,66.000,196.79
1177667,129240,630332,5853,333,66,0,0,66.000,196.79
1177667,872019,609012,356,209,66,0,0,66.000,196.79
1177667,223811,833828,747,209,66,0,0,66.000,196.79
1177667,87529,752200,8678,375,66,0,0,66.000,196.79
1177667,163899,751481,10012,209,66,0,0,66.000,196.79
1177667,437925,124878,21790,167,66,0,0,66.000,196.79
1177667,307687,720093,11797,167,66,0,0,66.000,196.79
1177667,928131,743992,638,166,66,0,0,66.000,196.79
1177667,818749,507718,11063,167,66,0,0,66.000,196.79
1177667,341066,378904,1296,208,66,0,0,66.000,196.79
1177667,984312,469476,19347,208,66,0,0,66.000,196.79
1177667,915268,203488,7074,208,66,0,0,66.000,196.79
1177667,312226,442284,12671,333,66,0,0,66.000,196.79
1177667,983683,8314,8302,167,66,0,0,66.000,196.79
1177667,551681,337836,4379,375,66,0,0,66.000,196.79
1177667,750515,421341,16859,166,66,0,0,66.000,196.79
1177667,107612,943109,4180,166,66,0,0,66.000,196.79
1177667,498663,506520,40857,209,66,0,0,66.000,196.79
1177667,828866,182548,1763,208,66,0,0,66.000,196.79
1179047,120589,1040870,5412,166,66,0,0,66.000,138.07
1179047,459692,571656,2021,209,66,0,0,66.000,138.07
1179047,85698,987138,6632,167,66,0,0,66.000,138.07
1179047,504753,610963,41743,167,66,0,0,66.000,138.07
1179047,753447,991752,2527,167,66,0,0,66.000,138.07
1179047,1148432,694010,18521,167,66,0,0,66.000,138.07
1179047,44670,603696,15536,333,66,0,0,66.000,138.07
1179047,581277,823452,558,167,66,0,0,66.000,138.07
1179047,405318,1023636,6044,209,66,0,0,66.000,138.07
1179047,955857,247341,7160,167,66,0,0,66.000,138.07
1179047,788690,20610,3958,208,66,0,0,66.000,138.07
1179047,1132319,285440,3910,167,66,0,0,66.000,138.07
1179047,1005761,66193,4352,166,66,0,0,66.000,138.07
1179047,1171838,254941,6899,166,66,0,0,66.000,138.07
1179047,351320,698570,610,209,66,0,0,66.000,138.07
1179047,1075598,663595,5014,209,66,0,0,66.000,138.07
1179047,1090416,1008558,10994,208,66,0,0,66.000,138.07
1179047,771572,865856,5756,208,66,0,0,66.000,138.07
1179047,196798,666,7265,166,66,0,0,66.000,138.07
1179047,691254,1162642,26,167,66,0,0,66.000,138.07
1179251,102075,508307,3918,167,66,0,0,66.000,95.59
1179251,753574,935797,1640,167,66,0,0,66.000,95.59
1179251,609812,46441,14053,208,66,0,0,66.000,95.59
1179251,151653,1027627,1976,209,66,0,0,66.000,95.59
1179251,8757,749625,448,208,66,0,0,66.000,95.59
1179251,847590,593920,919,334,66,0,0,66.000,95.59
1179251,278392,51702,5423,225,66,0,0,66.000,95.59
1179251,1054317,1065467,2837,167,66,0,0,66.000,95.59
1179251,713045,209486,18016,166,66,0,0,66.000,95.59
1179251,1009343,720715,5530,209,66,0,0,66.000,95.59
1179251,205181,43334,6230,209,66,0,0,66.000,95.59
1179251,695902,627295,20519,208,66,0,0,66.000,95.59
1179251,644379,918992,17221,166,66,0,0,66.000,95.59
1179251,505996,1007271,2744,167,66,0,0,66.000,95.59
1179251,904067,1119464,6073,167,66,0,0,66.000,95.59
1179251,74033,763272,2013,167,66,0,0,66.000,95.59
1179251,390574,333149,1290,166,66,0,0,66.000,95.59
1179251,215426,403388,68,166,66,0,0,66.000,95.59
1179251,955878,368387,14,167,66,0,0,66.000,95.59
1179251,905328,1129044,3788,333,66,0,0,66.000,95.59
1182463,359513,66817,236,334,66,0,0,66.000,203.25
1182463,715138,96921,5517,167,66,0,0,66.000,203.25
1182463,626989,688137,6614,167,66,0,0,66.000,203.25
1182463,276487,1176481,17023,208,66,0,0,66.000,203.25
1182463,1086031,21743,15328,208,66,0,0,66.000,203.25
1182463,1073327,378864,27775,167,66,0,0,66.000,203.25
1182463,1004406,815340,5278,209,66,0,0,66.000,203.25
1182463,982129,262237,12964,167,66,0,0,66.000,203.25
1182463,1050929,850744,1613,167,66,0,0,66.000,203.25
1182463,355917,82135,979,166,66,0,0,66.000,203.25
1182463,279828,832939,14288,167,66,0,0,66.000,203.25
1182463,661117,1001630,5909,167,66,0,0,66.000,203.25
1182463,310900,391120,35568,166,66,0,0,66.000,203.25
1182463,155712,1130094,3196,167,66,0,0,66.000,203.25
1182463,299854,385576,8955,209,66,0,0,66.000,203.25
1182463,582971,348587,30985,167,66,0,0,66.000,203.25
1182463,460798,1090441,4441,208,66,0,0,66.000,203.25
1182463,97149,1181645,11941,334,66,0,0,66.000,203.25
1182463,952758,433115,10339,167,66,0,0,66.000,203.25
1182463,269378,795102,9348,208,66,0,0,66.000,203.25
1185181,484414,105290,3362,208,66,0,0,66.000,231.09
1185181,228293,1058717,11711,167,66,0,0,66.000,231.09
1185181,836247,648743,1752,209,66,0,0,66.000,231.09
1185181,734781,647319,1257,166,66,0,0,66.000,231.09
1185181,917378,207516,10267,208,66,0,0,66.000,231.09
1185181,947482,959766,5479,167,66,0,0,66.000,231.09
1185181,289651,321280,13916,208,66,0,0,66.000,231.09
1185181,865291,445632,10765,375,66,0,0,66.000,231.09
1185181,720157,784159,7974,166,66,0,0,66.000,231.09
1185181,751889,480316,4272,209,66,0,0,66.000,231.09
1185181,98687,17496,21446,167,66,0,0,66.000,231.09
1185181,507243,485458,41714,166,66,0,0,66.000,231.09
1185181,458951,782227,14144,166,66,0,0,66.000,231.09
1185181,386573,653879,533,167,66,0,0,66.000,231.09
1185181,187984,741587,6066,209,66,0,0,66.000,231.09
1185181,643380,275821,43658,167,66,0,0,66.000,231.09
1185181,235418,160436,11009,167,66,0,0,66.000,231.09
1185181,377415,486313,12658,167,66,0,0,66.000,231.09
1185181,1118600,383956,10708,208,66,0,0,66.000,231.09
1185181,439181,1075823,17447,167,66,0,0,66.000,231.09
1188553,1165503,95130,1961,167,66,0,0,66.000,182.40
1188553,1115901,596729,2816,209,66,0,0,66.000,182.40
1188553,997070,495127,952,209,66,0,0,66.000,182.40
1188553,321312,1041716,21883,333,66,0,0,66.000,182.40
1188553,576476,574495,4526,166,66,0,0,66.000,182.40
1188553,434996,1140522,18703,167,66,0,0,66.000,182.40
1188553,281107,730054,2179,166,66,0,0,66.000,182.40
1188553,731658,405080,3784,209,66,0,0,66.000,182.40
1188553,856515,38360,1444,209,66,0,0,66.000,182.40
1188553,447271,502685,1224,209,66,0,0,66.000,182.40
1188553,161465,796234,4582,208,66,0,0,66.000,182.40
1188553,47555,393441,39927,333,66,0,0,66.000,182.40
1188553,487822,500031,2527,208,66,0,0,66.000,182.40
1188553,494928,581626,4764,167,66,0,0,66.000,182.40
1188553,582217,241841,20930,334,66,0,0,66.000,182.40
1188553,919616,126786,8493,125,66,0,0,66.000,182.40
1188553,552447,1010441,27280,375,66,0,0,66.000,182.40
1188553,1151631,418178,3871,208,66,0,0,66.000,182.40
1188553,1095174,3212,21926,334,66,0,0,66.000,182.40
1188553,418739,209204,2296,167,66,0,0,66.000,182.40
1189021,648325,890023,814,166,66,0,0,66.000,68.11
1189021,906854,369635,8727,334,66,0,0,66.000,68.11
1189021,1072523,256793,2372,208,66,0,0,66.000,68.11
1189021,1088743,722408,4150,167,66,0,0,66.000,68.11
1189021,403641,464119,2776,166,66,0,0,66.000,68.11
1189021,1119001,1060749,2609,209,66,0,0,66.000,68.11
1189021,942178,546372,2538,209,66,0,0,66.000,68.11
1189021,352858,287609,3395,167,66,0,0,66.000,68.11
1189021,1089815,120086,11555,209,66,0,0,66.000,68.11
1189021,236436,698509,1714,333,66,0,0,66.000,68.11
1189021,988445,1150772,3504,167,66,0,0,66.000,68.11
1189021,142447,475372,8701,209,66,0,0,66.000,68.11
1189021,514570,162304,5409,333,66,0,0,66.000,68.11
1189021,469882,486345,1104,167,66,0,0,66.000,68.11
1189021,735007,982457,3420,167,66,0,0,66.000,68.11
1189021,685642,182635,2512,292,66,0,0,66.000,68.11
1189021,693435,1178307,1908,167,66,0,0,66.000,68.11
1189021,19713,916000,1898,167,66,0,0,66.000,68.11
1189021,1142307,1138000,3382,209,66,0,0,66.000,68.11
1189021,1048474,694248,6738,208,66,0,0,66.000,68.11
1190929,1181307,1127791,1944,291,66,0,0,66.000,368.13
1190929,262243,157143,9165,167,66,0,0,66.000,368.13
1190929,534631,79709,73399,166,66,0,0,66.000,368.13
1190929,179714,718680,3647,209,66,0,0,66.000,368.13
1190929,736059,1172271,808,208,66,0,0,66.000,368.13
1190929,696470,1143662,10876,375,66,0,0,66.000,368.13
1190929,1189653,1165216,52660,209,66,0,0,66.000,368.13
1190929,998963,673307,7595,166,66,0,0,66.000,368.13
1190929,238494,140615,9830,208,66,0,0,66.000,368.13
1190929,886379,237777,6905,167,66,0,0,66.000,368.13
1190929,214169,1143142,24422,167,66,0,0,66.000,368.13
1190929,313636,559462,40862,209,66,0,0,66.000,368.13
1190929,1157039,589737,6495,209,66,0,0,66.000,368.13
1190929,671093,1079296,2030,208,66,0,0,66.000,368.13
1190929,597643,841854,14730,167,66,0,0,66.000,368.13
1190929,998963,450812,4182,209,66,0,0,66.000,368.13
1190929,302255,816454,34146,208,66,0,0,66.000,368.13
1190929,1140952,191253,84970,208,66,0,0,66.000,368.13
1190929,582215,957999,23810,166,66,0,0,66.000,368.13
1190929,914939,54030,20711,208,66,0,0,66.000,368.13
1192651,364075,266293,3415,208,66,0,0,66.000,85.34
1192651,917063,500298,7092,166,66,0,0,66.000,85.34
1192651,71324,667702,13861,167,66,0,0,66.000,85.34
1192651,38422,1004041,865,167,66,0,0,66.000,85.34
1192651,1065494,731057,4466,167,66,0,0,66.000,85.34
1192651,1075709,167752,1919,167,66,0,0,66.000,85.34
1192651,952302,1033242,1959,291,66,0,0,66.000,85.34
1192651,486815,414788,1373,166,66,0,0,66.000,85.34
1192651,446612,659554,1821,167,66,0,0,66.000,85.34
1192651,644645,514935,12594,209,66,0,0,66.000,85.34
1192651,1106974,1184150,7199,167,66,0,0,66.000,85.34
1192651,149219,989903,1686,167,66,0,0,66.000,85.34
1192651,110817,411410,4915,166,66,0,0,66.000,85.34
1192651,606500,116129,832,333,66,0,0,66.000,85.34
1192651,1158113,713139,5166,167,66,0,0,66.000,85.34
1192651,944805,1114245,13698,166,66,0,0,66.000,85.34
1192651,892340,726122,6528,167,66,0,0,66.000,85.34
1192651,672179,939596,9415,167,66,0,0,66.000,85.34
1192651,181892,37737,876,167,66,0,0,66.000,85.34
1192651,679217,355532,2137,208,66,0,0,66.000,85.34
1192967,734512,550973,1822,167,66,0,0,66.000,74.19
1192967,1021318,806916,5157,167,66,0,0,66.000,74.19
1192967,296696,765572,562,208,66,0,0,66.000,74.19
1192967,320780,804897,4089,167,66,0,0,66.000,74.19
1192967,167397,55785,3536,208,66,0,0,66.000,74.19
1192967,878346,765324,5471,334,66,0,0,66.000,74.19
1192967,729720,195197,2762,208,66,0,0,66.000,74.19
1192967,974023,456198,6041,209,66,0,0,66.000,74.19
1192967,784776,1164427,4876,208,66,0,0,66.000,74.19
1192967,221666,130099,4279,167,66,0,0,66.000,74.19
1192967,383684,377942,12406,208,66,0,0,66.000,74.19
1192967,450688,775604,4389,167,66,0,0,66.000,74.19
1192967,112528,496580,510,167,66,0,0,66.000,74.19
1192967,750916,276703,3706,167,66,0,0,66.000,74.19
1192967,399592,1016944,4027,167,66,0,0,66.000,74.19
1192967,667504,1018085,6927,209,66,0,0,66.000,74.19
1192967,165066,673407,4972,208,66,0,0,66.000,74.19
1192967,897590,382810,15,167,66,0,0,66.000,74.19
1192967,175470,999243,6382,167,66,0,0,66.000,74.19
1192967,73266,333901,2185,167,66,0,0,66.000,74.19
1193431,688081,98088,3762,208,66,0,0,66.000,155.96
1193431,1154585,406559,8246,167,66,0,0,66.000,155.96
1193431,655223,916288,2184,208,66,0,0,66.000,155.96
1193431,351782,397470,5715,209,66,0,0,66.000,155.96
1193431,329365,1117336,19648,167,66,0,0,66.000,155.96
1193431,354203,35251,928,209,66,0,0,66.000,155.96
1193431,270342,1006816,2125,208,66,0,0,66.000,155.96
1193431,697345,696702,409,167,66,0,0,66.000,155.96
1193431,475056,590257,2977,166,66,0,0,66.000,155.96
1193431,1009569,338501,272,209,66,0,0,66.000,155.96
1193431,505748,892858,8336,167,66,0,0,66.000,155.96
1193431,560292,235469,14655,209,66,0,0,66.000,155.96
1193431,1135209,489008,8946,166,66,0,0,66.000,155.96
1193431,1009431,1192574,49798,333,66,0,0,66.000,155.96
1193431,79622,506115,15319,167,66,0,0,66.000,155.96
1193431,173325,527950,2558,292,66,0,0,66.000,155.96
1193431,232950,881028,18610,208,66,0,0,66.000,155.96
1193431,109339,435501,11804,166,66,0,0,66.000,155.96
1193431,1026129,670806,12460,125,66,0,0,66.000,155.96
1193431,505060,619395,5209,209,66,0,0,66.000,155.96
1193483,771592,1161559,10347,208,66,0,0,66.000,111.88
1193483,350246,219104,2905,209,66,0,0,66.000,111.88
1193483,449048,106623,356,208,66,0,0,66.000,111.88
1193483,156290,397159,3847,292,66,0,0,66.000,111.88
1193483,88596,642411,6015,167,66,0,0,66.000,111.88
1193483,320162,39374,1780,333,66,0,0,66.000,111.88
1193483,405578,300335,3189,209,66,0,0,66.000,111.88
1193483,286937,1181711,8559,208,66,0,0,66.000,111.88
1193483,810436,12960,7504,167,66,0,0,66.000,111.88
1193483,693519,179125,3206,167,66,0,0,66.000,111.88
1193483,979778,362175,1254,209,66,0,0,66.000,111.88
1193483,1111772,918728,5472,209,66,0,0,66.000,111.88
1193483,545261,946619,4312,208,66,0,0,66.000,111.88
1193483,252883,728721,9516,208,66,0,0,66.000,111.88
1193483,381506,1149720,24696,166,66,0,0,66.000,111.88
1193483,366680,210827,2144,208,66,0,0,66.000,111.88
1193483,63376,1036904,2011,167,66,0,0,66.000,111.88
1193483,135838,751729,266,166,66,0,0,66.000,111.88
1193483,991291,589606,22182,375,66,0,0,66.000,111.88
1193483,883410,206194,5516,167,66,0,0,66.000,111.88
1195039,798844,988435,17221,208,66,0,0,66.000,72.22
1195039,433058,64925,7197,167,66,0,0,66.000,72.22
1195039,119412,83731,5157,208,66,0,0,66.000,72.22
1195039,433058,271777,759,208,66,0,0,66.000,72.22
1195039,41568,211560,5172,167,66,0,0,66.000,72.22
1195039,1066269,1182065,2326,208,66,0,0,66.000,72.22
1195039,340344,1136453,7340,208,66,0,0,66.000,72.22
1195039,604646,814615,3897,208,66,0,0,66.000,72.22
1195039,1179371,341680,6609,167,66,0,0,66.000,72.22
1195039,619863,1095639,946,292,66,0,0,66.000,72.22
1195039,12069,993458,4789,333,66,0,0,66.000,72.22
1195039,472021,178741,1446,166,66,0,0,66.000,72.22
1195039,863831,1149532,649,167,66,0,0,66.000,72.22
1195039,542851,308455,4631,167,66,0,0,66.000,72.22
1195039,784673,1128080,6240,209,66,0,0,66.000,72.22
1195039,15574,752670,2357,167,66,0,0,66.000,72.22
1195039,1038318,13365,170,209,66,0,0,66.000,72.22
1195039,1162932,490620,4993,208,66,0,0,66.000,72.22
1195039,613977,728166,6,167,66,0,0,66.000,72.22
1195039,435628,711970,613,167,66,0,0,66.000,72.22
1195459,506265,781670,10129,208,66,0,0,66.000,192.09
1195459,359650,813400,906,166,66,0,0,66.000,192.09
1195459,967995,774851,45190,209,66,0,0,66.000,192.09
1195459,793741,442990,1824,292,66,0,0,66.000,192.09
1195459,843113,953360,1033,208,66,0,0,66.000,192.09
1195459,698684,329770,12711,333,66,0,0,66.000,192.09
1195459,1185941,421602,13621,208,66,0,0,66.000,192.09
1195459,986913,972188,12210,208,66,0,0,66.000,192.09
1195459,1069994,556411,1022,166,66,0,0,66.000,192.09
1195459,809208,440727,14694,166,66,0,0,66.000,192.09
1195459,865907,722299,554,209,66,0,0,66.000,192.09
1195459,615370,245813,13478,208,66,0,0,66.000,192.09
1195459,981074,1108346,283,208,66,0,0,66.000,192.09
1195459,13295,287146,1014,208,66,0,0,66.000,192.09
1195459,702426,1128913,6196,208,66,0,0,66.000,192.09
1195459,970245,146780,16690,208,66,0,0,66.000,192.09
1195459,224836,585293,11227,167,66,0,0,66.000,192.09
1195459,949382,244901,751,167,66,0,0,66.000,192.09
1195459,712989,695391,11055,209,66,0,0,66.000,192.09
1195459,975819,353129,43707,166,66,0,0,66.000,192.09
1195721,48374,228733,12979,209,66,0,0,66.000,135.21
1195721,1036755,35419,4706,167,66,0,0,66.000,135.21
1195721,1045526,784679,2224,166,66,0,0,66.000,135.21
1195721,280563,490378,18055,167,66,0,0,66.000,135.21
1195721,498369,188119,13588,209,66,0,0,66.000,135.21
1195721,157786,383038,7818,167,66,0,0,66.000,135.21
1195721,1092094,764844,23775,166,66,0,0,66.000,135.21
1195721,8532,863490,1877,208,66,0,0,66.000,135.21
1195721,60368,942307,3403,208,66,0,0,66.000,135.21
1195721,1023977,1101698,34388,167,66,0,0,66.000,135.21
1195721,972716,549801,5702,209,66,0,0,66.000,135.21
1195721,165737,179596,567,209,66,0,0,66.000,135.21
1195721,1158458,817069,863,167,66,0,0,66.000,135.21
1195721,282674,330514,8940,166,66,0,0,66.000,135.21
1195721,871656,681990,397,208,66,0,0,66.000,135.21
1195721,282056,607420,2278,208,66,0,0,66.000,135.21
1195721,675089,232179,2879,167,66,0,0,66.000,135.21
1195721,979933,252123,5833,209,66,0,0,66.000,135.21
1195721,946246,241805,171,333,66,0,0,66.000,135.21
1195721,995030,531955,7719,209,66,0,0,66.000,135.21
1195741,400016,699178,4006,292,66,0,0,66.000,44.43
1195741,1153423,1174361,6944,208,66,0,0,66.000,44.43
1195741,746818,623920,2969,209,66,0,0,66.000,44.43
1195741,770846,567859,434,208,66,0,0,66.000,44.43
1195741,1094288,217655,3158,167,66,0,0,66.000,44.43
1195741,163079,793411,305,166,66,0,0,66.000,44.43
1195741,491326,89508,842,291,66,0,0,66.000,44.43
1195741,257696,1039283,1013,167,66,0,0,66.000,44.43
1195741,1028972,64399,2731,209,66,0,0,66.000,44.43
1195741,1170803,1097142,4662,292,66,0,0,66.000,44.43
1195741,924042,858478,45,208,66,0,0,66.000,44.43
1195741,1126423,313938,2110,166,66,0,0,66.000,44.43
1195741,734155,237804,5006,208,66,0,0,66.000,44.43
1195741,378114,882939,1601,208,66,0,0,66.000,44.43
1195741,435323,67513,463,208,66,0,0,66.000,44.43
1195741,388488,812278,5301,208,66,0,0,66.000,44.43
1195741,1050837,798402,2129,208,66,0,0,66.000,44.43
1195741,44983,963049,904,167,66,0,0,66.000,44.43
1195741,983920,370539,1884,208,66,0,0,66.000,44.43
1195741,324814,770695,920,166,66,0,0,66.000,44.43
1201843,1167155,1080446,4368,208,66,0,0,66.000,237.06
1201843,436518,684119,7096,208,66,0,0,66.000,237.06
1201843,1118834,86683,33888,209,66,0,0,66.000,237.06
1201843,584053,1016260,294,167,66,0,0,66.000,237.06
1201843,632045,517502,17857,166,66,0,0,66.000,237.06
1201843,1101463,1135419,2454,166,66,0,0,66.000,237.06
1201843,693848,1083483,36576,167,66,0,0,66.000,237.06
1201843,88080,1064942,6120,166,66,0,0,66.000,237.06
1201843,135133,150910,7372,167,66,0,0,66.000,237.06
1201843,463032,838420,14280,166,66,0,0,66.000,237.06
1201843,686646,547804,12502,208,66,0,0,66.000,237.06
1201843,491737,1089187,16251,167,66,0,0,66.000,237.06
1201843,79010,704140,3245,208,66,0,0,66.000,237.06
1201843,67432,713398,21463,166,66,0,0,66.000,237.06
1201843,689330,98474,23827,209,66,0,0,66.000,237.06
1201843,436847,828081,10284,208,66,0,0,66.000,237.06
1201843,1038246,696223,317,292,66,0,0,66.000,237.06
1201843,88080,507942,16048,167,66,0,0,66.000,237.06
1201843,444727,226639,28662,209,66,0,0,66.000,237.06
1201843,716371,991192,10034,208,66,0,0,66.000,237.06
1204711,387219,1171389,1503,208,66,0,0,66.000,104.53
1204711,1019556,1121351,247,166,66,0,0,66.000,104.53
1204711,575962,648490,18440,375,66,0,0,66.000,104.53
1204711,231161,815195,6286,167,66,0,0,66.000,104.53
1204711,277314,238011,596,167,66,0,0,66.000,104.53
1204711,506045,292560,3085,167,66,0,0,66.000,104.53
1204711,1166181,556146,1753,208,66,0,0,66.000,104.53
1204711,1035246,351544,1136,208,66,0,0,66.000,104.53
1204711,743004,620601,20955,167,66,0,0,66.000,104.53
1204711,47611,747669,9451,208,66,0,0,66.000,104.53
1204711,743004,877726,11019,166,66,0,0,66.000,104.53
1204711,867216,769207,1375,334,66,0,0,66.000,104.53
1204711,679750,953567,2787,209,66,0,0,66.000,104.53
1204711,254570,839063,5787,208,66,0,0,66.000,104.53
1204711,277656,376349,1082,167,66,0,0,66.000,104.53
1204711,131169,799949,1616,166,66,0,0,66.000,104.53
1204711,255661,794704,14758,208,66,0,0,66.000,104.53
1204711,1056099,1167603,12877,375,66,0,0,66.000,104.53
1204711,937289,303813,281,167,66,0,0,66.000,104.53
1204711,856775,618011,707,125,66,0,0,66.000,104.53
1207043,910986,552504,6449,167,66,0,0,66.000,150.16
1207043,83206,1163524,3616,167,66,0,0,66.000,150.16
1207043,459359,304213,667,167,66,0,0,66.000,150.16
1207043,818161,629564,11334,166,66,0,0,66.000,150.16
1207043,368951,72120,13009,167,66,0,0,66.000,150.16
1207043,254076,359480,3677,167,66,0,0,66.000,150.16
1207043,805476,236224,11851,166,66,0,0,66.000,150.16
1207043,269123,99613,1750,167,66,0,0,66.000,150.16
1207043,1016115,670806,6364,208,66,0,0,66.000,150.16
1207043,1193744,193191,8248,166,66,0,0,66.000,150.16
1207043,369691,682539,636,167,66,0,0,66.000,150.16
1207043,893022,916615,23269,209,66,0,0,66.000,150.16
1207043,416566,246968,9832,291,66,0,0,66.000,150.16
1207043,968667,859848,984,167,66,0,0,66.000,150.16
1207043,202273,90818,1206,167,66,0,0,66.000,150.16
1207043,860084,865335,10007,334,66,0,0,66.000,150.16
1207043,1118268,227311,19639,208,66,0,0,66.000,150.16
1207043,1081976,693778,2132,208,66,0,0,66.000,150.16
1207043,356454,305463,10736,208,66,0,0,66.000,150.16
1207043,84475,1079716,25340,167,66,0,0,66.000,150.16
1210597,583648,679190,3536,209,66,0,0,66.000,157.16
1210597,738769,408925,23020,167,66,0,0,66.000,157.16
1210597,517680,766834,9222,167,66,0,0,66.000,157.16
1210597,1117364,704383,14019,167,66,0,0,66.000,157.16
1210597,984410,905526,11994,208,66,0,0,66.000,157.16
1210597,694106,361580,15597,333,66,0,0,66.000,157.16
1210597,59629,403930,19251,208,66,0,0,66.000,157.16
1210597,438502,1181183,4351,209,66,0,0,66.000,157.16
1210597,85340,1095059,2709,208,66,0,0,66.000,157.16
1210597,67803,118408,2882,125,66,0,0,66.000,157.16
1210597,1098404,708258,2297,209,66,0,0,66.000,157.16
1210597,224775,674687,15020,208,66,0,0,66.000,157.16
1210597,766308,324541,3328,208,66,0,0,66.000,157.16
1210597,82535,1189982,4620,208,66,0,0,66.000,157.16
1210597,317030,916312,1500,166,66,0,0,66.000,157.16
1210597,562713,703801,2650,167,66,0,0,66.000,157.16
1210597,1178734,656341,3935,167,66,0,0,66.000,157.16
1210597,1176780,441596,2742,166,66,0,0,66.000,157.16
1210597,683181,882931,29794,333,66,0,0,66.000,157.16
1210597,372736,274061,617,167,66,0,0,66.000,157.16
1213063,1190510,263037,60578,208,66,0,0,66.000,175.34
1213063,355985,713867,7257,209,66,0,0,66.000,175.34
1213063,89476,897823,17690,208,66,0,0,66.000,175.34
1213063,513830,333877,9336,167,66,0,0,66.000,175.34
1213063,304655,623428,8770,208,66,0,0,66.000,175.34
1213063,502066,961038,2685,167,66,0,0,66.000,175.34
1213063,112061,907324,390,167,66,0,0,66.000,175.34
1213063,849286,38319,10555,166,66,0,0,66.000,175.34
1213063,61452,301845,7545,166,66,0,0,66.000,175.34
1213063,829604,1205492,12053,167,66,0,0,66.000,175.34
1213063,1017299,1141266,8630,208,66,0,0,66.000,175.34
1213063,296666,1073387,16827,208,66,0,0,66.000,175.34
1213063,136284,441002,1987,209,66,0,0,66.000,175.34
1213063,110526,1199996,6518,167,66,0,0,66.000,175.34
1213063,483623,846421,8735,167,66,0,0,66.000,175.34
1213063,538674,868106,5042,167,66,0,0,66.000,175.34
1213063,331808,350966,1179,167,66,0,0,66.000,175.34
1213063,593416,1029324,4187,208,66,0,0,66.000,175.34
1213063,23120,1081131,14934,167,66,0,0,66.000,175.34
1213063,824708,136487,1828,208,66,0,0,66.000,175.34
1214957,855539,907820,51,209,66,0,0,66.000,381.42
1214957,1165145,1019712,23683,208,66,0,0,66.000,381.42
1214957,521472,755280,50287,208,66,0,0,66.000,381.42
1214957,364135,1115701,33948,167,66,0,0,66.000,381.42
1214957,835075,546580,49397,334,66,0,0,66.000,381.42
1214957,1058111,898359,93313,333,66,0,0,66.000,381.42
1214957,840786,131137,10759,167,66,0,0,66.000,381.42
1214957,123936,1002700,4380,208,66,0,0,66.000,381.42
1214957,419713,213239,2740,208,66,0,0,66.000,381.42
1214957,968467,710140,15645,167,66,0,0,66.000,381.42
1214957,210481,795951,11531,166,66,0,0,66.000,381.42
1214957,493972,1107000,22090,208,66,0,0,66.000,381.42
1214957,113400,1184425,7439,166,66,0,0,66.000,381.42
1214957,1136023,325378,4717,167,66,0,0,66.000,381.42
1214957,844281,551563,8350,166,66,0,0,66.000,381.42
1214957,447278,812089,37087,209,66,0,0,66.000,381.42
1214957,756919,37206,12468,209,66,0,0,66.000,381.42
1214957,694363,225345,8401,208,66,0,0,66.000,381.42
1214957,162020,147129,21182,166,66,0,0,66.000,381.42
1214957,440852,523027,23699,167,66,0,0,66.000,381.42
1216591,805852,17889,6195,167,66,0,0,66.000,58.84
1216591,137838,246508,1700,250,66,0,0,66.000,58.84
1216591,468154,577367,1297,208,66,0,0,66.000,58.84
1216591,853840,218791,4944,167,66,0,0,66.000,58.84
1216591,898998,170668,1203,208,66,0,0,66.000,58.84
1216591,949390,119272,605,166,66,0,0,66.000,58.84
1216591,747328,98938,5485,209,66,0,0,66.000,58.84
1216591,319791,948417,786,167,66,0,0,66.000,58.84
1216591,950905,1078308,3310,167,66,0,0,66.000,58.84
1216591,49104,262096,4371,167,66,0,0,66.000,58.84
1216591,985044,207384,182,208,66,0,0,66.000,58.84
1216591,470385,343107,2488,166,66,0,0,66.000,58.84
1216591,275774,226773,2815,167,66,0,0,66.000,58.84
1216591,1171500,751371,584,167,66,0,0,66.000,58.84
1216591,157328,508409,6135,166,66,0,0,66.000,58.84
1216591,864696,856816,2063,208,66,0,0,66.000,58.84
1216591,841304,968432,54,166,66,0,0,66.000,58.84
1216591,1090314,847808,14750,167,66,0,0,66.000,58.84
1216591,433400,499066,6791,292,66,0,0,66.000,58.84
1216591,804984,722701,727,167,66,0,0,66.000,58.84
1220623,742139,1049671,1320,167,66,0,0,66.000,107.84
1220623,312924,82849,12971,167,66,0,0,66.000,107.84
1220623,223052,704272,1177,208,66,0,0,66.000,107.84
1220623,241933,1136804,2856,333,66,0,0,66.000,107.84
1220623,336145,508003,298,167,66,0,0,66.000,107.84
1220623,27087,33361,7166,167,66,0,0,66.000,107.84
1220623,967178,298861,3899,292,66,0,0,66.000,107.84
1220623,863587,511208,6495,166,66,0,0,66.000,107.84
1220623,450769,857267,719,334,66,0,0,66.000,107.84
1220623,106711,166925,18460,167,66,0,0,66.000,107.84
1220623,750336,598290,1709,167,66,0,0,66.000,107.84
1220623,651420,1029935,6322,208,66,0,0,66.000,107.84
1220623,756662,1025265,17196,208,66,0,0,66.000,107.84
1220623,675767,1178981,6636,209,66,0,0,66.000,107.84
1220623,490862,8129,2456,209,66,0,0,66.000,107.84
1220623,1061210,1047443,12532,208,66,0,0,66.000,107.84
1220623,156634,515041,16363,167,66,0,0,66.000,107.84
1220623,1042773,447793,5970,166,66,0,0,66.000,107.84
1220623,705339,614613,6535,208,66,0,0,66.000,107.84
1220623,1091868,527397,4239,208,66,0,0,66.000,107.84
1221391,731401,1132665,28120,166,66,0,0,66.000,211.13
1221391,588606,88110,8148,166,66,0,0,66.000,211.13
1221391,141698,542131,1168,333,66,0,0,66.000,211.13
1221391,1104505,96340,22438,166,66,0,0,66.000,211.13
1221391,97407,1187983,7641,209,66,0,0,66.000,211.13
1221391,105938,27623,11509,166,66,0,0,66.000,211.13
1221391,539018,954556,10653,208,66,0,0,66.000,211.13
1221391,403627,636339,3066,183,66,0,0,66.000,211.13
1221391,319960,75330,5541,208,66,0,0,66.000,211.13
1221391,912658,325413,3795,125,66,0,0,66.000,211.13
1221391,44484,371312,12173,167,66,0,0,66.000,211.13
1221391,851718,1103246,23790,167,66,0,0,66.000,211.13
1221391,21776,585302,24733,167,66,0,0,66.000,211.13
1221391,714574,314270,11845,291,66,0,0,66.000,211.13
1221391,932294,1039971,7874,167,66,0,0,66.000,211.13
1221391,868241,305312,5067,167,66,0,0,66.000,211.13
1221391,599971,498749,173,166,66,0,0,66.000,211.13
1221391,788092,226022,3219,167,66,0,0,66.000,211.13
1221391,1096293,526531,41038,167,66,0,0,66.000,211.13
1221391,532000,214307,5141,166,66,0,0,66.000,211.13
1223863,800909,406365,1178,208,66,0,0,66.000,198.66
1223863,187433,518151,504,208,66,0,0,66.000,198.66
1223863,948986,141895,16702,334,66,0,0,66.000,198.66
1223863,613139,1199978,23971,208,66,0,0,66.000,198.66
1223863,27755,186342,1706,208,66,0,0,66.000,198.66
1223863,52413,160498,19660,208,66,0,0,66.000,198.66
1223863,105568,1103849,7886,166,66,0,0,66.000,198.66
1223863,741561,775798,8121,167,66,0,0,66.000,198.66
1223863,801838,1105905,8093,291,66,0,0,66.000,198.66
1223863,73601,733632,3618,208,66,0,0,66.000,198.66
1223863,587100,1102025,11129,208,66,0,0,66.000,198.66
1223863,32595,614139,38935,167,66,0,0,66.000,198.66
1223863,548730,777545,10562,208,66,0,0,66.000,198.66
1223863,721440,130149,5108,166,66,0,0,66.000,198.66
1223863,681658,909075,16292,208,66,0,0,66.000,198.66
1223863,854169,714811,4545,167,66,0,0,66.000,198.66
1223863,168797,838344,8188,208,66,0,0,66.000,198.66
1223863,424564,1222523,22541,166,66,0,0,66.000,198.66
1223863,492127,20211,15458,209,66,0,0,66.000,198.66
1223863,1056151,869629,5279,166,66,0,0,66.000,198.66
1224637,853276,1161951,13212,166,66,0,0,66.000,367.24
1224637,874669,28674,17306,167,66,0,0,66.000,367.24
1224637,1191335,259446,24872,208,66,0,0,66.000,367.24
1224637,493655,491885,26861,208,66,0,0,66.000,367.24
1224637,481848,1174684,37291,167,66,0,0,66.000,367.24
1224637,530005,503250,7651,292,66,0,0,66.000,367.24
1224637,1108304,918619,12956,167,66,0,0,66.000,367.24
1224637,356303,207337,1264,166,66,0,0,66.000,367.24
1224637,1201415,1121067,10011,208,66,0,0,66.000,367.24
1224637,112444,575374,48080,166,66,0,0,66.000,367.24
1224637,935394,433407,76581,209,66,0,0,66.000,367.24
1224637,982120,856303,36560,167,66,0,0,66.000,367.24
1224637,286468,736433,14244,208,66,0,0,66.000,367.24
1224637,1150175,1065328,10019,167,66,0,0,66.000,367.24
1224637,182271,490117,39314,208,66,0,0,66.000,367.24
1224637,152901,711136,25702,166,66,0,0,66.000,367.24
1224637,1215596,148846,18438,209,66,0,0,66.000,367.24
1224637,420142,333656,11899,167,66,0,0,66.000,367.24
1224637,1144595,1057433,1346,208,66,0,0,66.000,367.24
1224637,805350,523286,19655,209,66,0,0,66.000,367.24
1225621,599485,487848,17660,166,66,0,0,66.000,334.89
1225621,589356,730993,30301,208,66,0,0,66.000,334.89
1225621,373004,693897,41842,167,66,0,0,66.000,334.89
1225621,368556,1063470,13681,208,66,0,0,66.000,334.89
1225621,564314,244783,3441,250,66,0,0,66.000,334.89
1225621,115682,164260,44121,375,66,0,0,66.000,334.89
1225621,1183464,419819,11001,334,66,0,0,66.000,334.89
1225621,922179,709982,15226,209,66,0,0,66.000,334.89
1225621,124452,1225338,37191,208,66,0,0,66.000,334.89
1225621,118948,1014249,16814,167,66,0,0,66.000,334.89
1225621,1043500,884290,4421,208,66,0,0,66.000,334.89
1225621,91610,1045605,22453,167,66,0,0,66.000,334.89
1225621,1036752,602578,26241,209,66,0,0,66.000,334.89
1225621,1204352,952772,3751,167,66,0,0,66.000,334.89
1225621,201019,394038,11668,167,66,0,0,66.000,334.89
1225621,202877,194755,21706,375,66,0,0,66.000,334.89
1225621,662873,179049,7348,167,66,0,0,66.000,334.89
1225621,332982,498741,2886,167,66,0,0,66.000,334.89
1225621,296179,650961,5986,208,66,0,0,66.000,334.89
1225621,753158,716818,16114,209,66,0,0,66.000,334.89
1225927,1092760,103170,8690,167,66,0,0,66.000,223.76
1225927,644440,263433,43091,167,66,0,0,66.000,223.76
1225927,1128937,920499,17622,209,66,0,0,66.000,223.76
1225927,197979,240139,37786,167,66,0,0,66.000,223.76
1225927,97841,785860,18643,209,66,0,0,66.000,223.76
1225927,79007,57006,5205,166,66,0,0,66.000,223.76
1225927,981838,144910,18162,208,66,0,0,66.000,223.76
1225927,25828,786666,7070,167,66,0,0,66.000,223.76
1225927,261154,1006794,4133,167,66,0,0,66.000,223.76
1225927,139442,69357,4600,333,66,0,0,66.000,223.76
1225927,1174729,1133184,19700,208,66,0,0,66.000,223.76
1225927,1113194,1210526,9822,166,66,0,0,66.000,223.76
1225927,962725,401484,16670,166,66,0,0,66.000,223.76
1225927,103606,512607,19572,167,66,0,0,66.000,223.76
1225927,803121,930599,6004,208,66,0,0,66.000,223.76
1225927,59056,425307,16823,208,66,0,0,66.000,223.76
1225927,656043,278975,3427,167,66,0,0,66.000,223.76
1225927,608216,1063122,4957,166,66,0,0,66.000,223.76
1225927,713458,451867,12254,166,66,0,0,66.000,223.76
1225927,510063,571165,2599,208,66,0,0,66.000,223.76
1227881,699500,1143455,2571,166,66,0,0,66.000,36.82
1227881,1003778,91056,957,292,66,0,0,66.000,36.82
1227881,552587,698705,99,166,66,0,0,66.000,36.82
1227881,98855,376744,8601,167,66,0,0,66.000,36.82
1227881,931122,867134,861,166,66,0,0,66.000,36.82
1227881,13664,766197,1647,166,66,0,0,66.000,36.82
1227881,1011213,1061515,563,167,66,0,0,66.000,36.82
1227881,503355,156427,8367,208,66,0,0,66.000,36.82
1227881,427684,1123917,4689,167,66,0,0,66.000,36.82
1227881,853144,472101,4623,167,66,0,0,66.000,36.82
1227881,400524,284171,265,208,66,0,0,66.000,36.82
1227881,1185206,1072076,199,167,66,0,0,66.000,36.82
1227881,70452,451409,1343,166,66,0,0,66.000,36.82
1227881,704660,99704,4944,166,66,0,0,66.000,36.82
1227881,1133688,901433,1260,166,66,0,0,66.000,36.82
1227881,700190,716869,797,167,66,0,0,66.000,36.82
1227881,180970,734161,865,291,66,0,0,66.000,36.82
1227881,1003166,1105238,593,167,66,0,0,66.000,36.82
1227881,931901,142209,1369,208,66,0,0,66.000,36.82
1227881,564274,1143378,1662,167,66,0,0,66.000,36.82
1232461,376481,855034,4110,209,66,0,0,66.000,348.26
1232461,441359,22412,9488,333,66,0,0,66.000,348.26
1232461,943517,840468,6306,167,66,0,0,66.000,348.26
1232461,137370,1018404,4965,167,66,0,0,66.000,348.26
1232461,606756,819870,10592,208,66,0,0,66.000,348.26
1232461,937423,1156319,1146,209,66,0,0,66.000,348.26
1232461,1125445,449529,6042,333,66,0,0,66.000,348.26
1232461,676604,1200125,9022,166,66,0,0,66.000,348.26
1232461,781416,570159,20360,167,66,0,0,66.000,348.26
1232461,358117,370486,4316,167,66,0,0,66.000,348.26
1232461,488971,1151088,31506,166,66,0,0,66.000,348.26
1232461,871303,903361,28692,167,66,0,0,66.000,348.26
1232461,130303,448672,3839,167,66,0,0,66.000,348.26
1232461,357973,1154629,57757,166,66,0,0,66.000,348.26
1232461,789674,1115712,20858,209,66,0,0,66.000,348.26
1232461,105482,1103936,51277,167,66,0,0,66.000,348.26
1232461,1032645,876641,6575,209,66,0,0,66.000,348.26
1232461,1097722,415421,10275,167,66,0,0,66.000,348.26
1232461,585401,1144506,82668,166,66,0,0,66.000,348.26
1232461,537127,1130248,16499,167,66,0,0,66.000,348.26
1233301,998582,1078934,299,208,66,0,0,66.000,309.24
1233301,286135,83429,40467,208,66,0,0,66.000,309.24
1233301,53937,658409,2107,208,66,0,0,66.000,309.24
1233301,761573,22410,791,292,66,0,0,66.000,309.24
1233301,900846,319004,26059,167,66,0,0,66.000,309.24
1233301,412675,178405,11096,167,66,0,0,66.000,309.24
1233301,597050,674299,25632,208,66,0,0,66.000,309.24
1233301,533594,395699,17294,166,66,0,0,66.000,309.24
1233301,995823,705803,4045,167,66,0,0,66.000,309.24
1233301,1087032,1215412,18900,225,66,0,0,66.000,309.24
1233301,303560,1027403,51790,209,66,0,0,66.000,309.24
1233301,343655,482338,13812,166,66,0,0,66.000,309.24
1233301,505148,723720,7052,292,66,0,0,66.000,309.24
1233301,952917,986990,3129,292,66,0,0,66.000,309.24
1233301,969771,893389,44913,167,66,0,0,66.000,309.24
1233301,1137277,357435,12407,166,66,0,0,66.000,309.24
1233301,402220,760460,36344,167,66,0,0,66.000,309.24
1233301,445369,714174,27540,166,66,0,0,66.000,309.24
1233301,53340,1020444,24529,209,66,0,0,66.000,309.24
1233301,243535,571202,28450,208,66,0,0,66.000,309.24
1233539,1110506,347086,4486,167,66,0,0,66.000,84.31
1233539,403830,839504,5625,208,66,0,0,66.000,84.31
1233539,138528,1048020,32,166,66,0,0,66.000,84.31
1233539,539206,607614,12793,208,66,0,0,66.000,84.31
1233539,1170469,945271,5995,167,66,0,0,66.000,84.31
1233539,353234,231616,3218,292,66,0,0,66.000,84.31
1233539,342663,87552,9604,167,66,0,0,66.000,84.31
1233539,1173965,732729,10472,333,66,0,0,66.000,84.31
1233539,87258,1047989,25458,166,66,0,0,66.000,84.31
1233539,750499,977647,2287,167,66,0,0,66.000,84.31
1233539,428733,337511,3833,208,66,0,0,66.000,84.31
1233539,529759,518254,3017,166,66,0,0,66.000,84.31
1233539,215406,27943,8420,209,66,0,0,66.000,84.31
1233539,627334,771105,1713,208,66,0,0,66.000,84.31
1233539,775802,926648,460,208,66,0,0,66.000,84.31
1233539,24389,1069876,268,292,66,0,0,66.000,84.31
1233539,768108,745661,5933,209,66,0,0,66.000,84.31
1233539,390823,102452,4794,208,66,0,0,66.000,84.31
1233539,81201,556757,1537,166,66,0,0,66.000,84.31
1233539,596651,667697,173,167,66,0,0,66.000,84.31
1234721,460126,443102,26529,333,66,0,0,66.000,457.20
1234721,901785,452881,103427,166,66,0,0,66.000,457.20
1234721,702976,283556,12783,208,66,0,0,66.000,457.20
1234721,57792,1085683,6712,166,66,0,0,66.000,457.20
1234721,502156,173692,9837,209,66,0,0,66.000,457.20
1234721,267865,459846,2866,209,66,0,0,66.000,457.20
1234721,32810,561092,10178,208,66,0,0,66.000,457.20
1234721,93799,1080652,6095,167,66,0,0,66.000,457.20
1234721,752067,397535,32987,167,66,0,0,66.000,457.20
1234721,1181760,411680,92939,167,66,0,0,66.000,457.20
1234721,1021376,508712,25960,167,66,0,0,66.000,457.20
1234721,261012,934810,5074,167,66,0,0,66.000,457.20
1234721,826943,604576,41627,167,66,0,0,66.000,457.20
1234721,302956,80688,3612,167,66,0,0,66.000,457.20
1234721,218420,865153,946,208,66,0,0,66.000,457.20
1234721,431147,60896,19168,167,66,0,0,66.000,457.20
1234721,988174,388837,30923,167,66,0,0,66.000,457.20
1234721,1179849,604161,12374,209,66,0,0,66.000,457.20
1234721,476666,336808,29304,167,66,0,0,66.000,457.20
1234721,450250,718456,7427,167,66,0,0,66.000,457.20
1238893,192647,344143,97,208,66,0,0,66.000,221.70
1238893,974827,585759,4684,208,66,0,0,66.000,221.70
1238893,1160818,660418,1127,167,66,0,0,66.000,221.70
1238893,934179,42816,124,375,66,0,0,66.000,221.70
1238893,1140956,115687,3387,208,66,0,0,66.000,221.70
1238893,741838,446767,23446,209,66,0,0,66.000,221.70
1238893,647157,304695,41430,208,66,0,0,66.000,221.70
1238893,1071914,141399,7753,208,66,0,0,66.000,221.70
1238893,986413,542413,8893,250,66,0,0,66.000,221.70
1238893,708869,650431,55371,167,66,0,0,66.000,221.70
1238893,1199432,52112,2870,208,66,0,0,66.000,221.70
1238893,799095,806582,4217,208,66,0,0,66.000,221.70
1238893,187367,1121352,184,167,66,0,0,66.000,221.70
1238893,243884,63896,2299,208,66,0,0,66.000,221.70
1238893,876681,452705,5862,208,66,0,0,66.000,221.70
1238893,646640,532256,12420,250,66,0,0,66.000,221.70
1238893,1217594,606401,9963,209,66,0,0,66.000,221.70
1238893,1007486,164784,2281,167,66,0,0,66.000,221.70
1238893,116902,370030,16688,208,66,0,0,66.000,221.70
1238893,855902,888748,31022,208,66,0,0,66.000,221.70
1240991,423119,909077,4183,167,66,0,0,66.000,139.80
1240991,639414,1184174,2079,333,66,0,0,66.000,139.80
1240991,93179,882655,10404,166,66,0,0,66.000,139.80
1240991,822927,338691,4638,167,66,0,0,66.000,139.80
1240991,13287,1170142,5563,167,66,0,0,66.000,139.80
1240991,730372,210634,21036,208,66,0,0,66.000,139.80
1240991,916907,1077810,4752,292,66,0,0,66.000,139.80
1240991,312385,643083,6388,167,66,0,0,66.000,139.80
1240991,791416,210448,2846,209,66,0,0,66.000,139.80
1240991,1049688,540253,3996,208,66,0,0,66.000,139.80
1240991,105066,468947,18308,167,66,0,0,66.000,139.80
1240991,1230050,833572,446,208,66,0,0,66.000,139.80
1240991,880982,916103,5365,167,66,0,0,66.000,139.80
1240991,367013,912660,718,166,66,0,0,66.000,139.80
1240991,39908,239342,6436,167,66,0,0,66.000,139.80
1240991,550870,359055,27393,167,66,0,0,66.000,139.80
1240991,139148,647125,7864,292,66,0,0,66.000,139.80
1240991,1216610,721402,1196,167,66,0,0,66.000,139.80
1240991,513215,963265,12674,166,66,0,0,66.000,139.80
1240991,1024300,247011,18580,167,66,0,0,66.000,139.80
1244083,711636,1122630,22736,167,66,0,0,66.000,127.53
1244083,1000647,567645,11275,208,66,0,0,66.000,127.53
1244083,355922,302496,1865,167,66,0,0,66.000,127.53
1244083,945138,1069539,6010,208,66,0,0,66.000,127.53
1244083,698067,530026,7088,166,66,0,0,66.000,127.53
1244083,537531,424092,2642,166,66,0,0,66.000,127.53
1244083,800920,280759,5000,167,66,0,0,66.000,127.53
1244083,952364,691606,3782,166,66,0,0,66.000,127.53
1244083,873916,893605,6772,167,66,0,0,66.000,127.53
1244083,646973,341366,9997,209,66,0,0,66.000,127.53
1244083,282030,249715,1090,166,66,0,0,66.000,127.53
1244083,31306,860013,15904,333,66,0,0,66.000,127.53
1244083,633867,857378,6566,166,66,0,0,66.000,127.53
1244083,276051,1130489,4235,209,66,0,0,66.000,127.53
1244083,650664,201914,9554,208,66,0,0,66.000,127.53
1244083,1063015,376615,5748,166,66,0,0,66.000,127.53
1244083,670225,842122,1678,166,66,0,0,66.000,127.53
1244083,1072094,766514,4465,208,66,0,0,66.000,127.53
1244083,223629,344399,15702,208,66,0,0,66.000,127.53
1244083,1207786,623968,11913,167,66,0,0,66.000,127.53
1244437,748058,1045707,5612,208,66,0,0,66.000,67.54
1244437,255263,523232,3802,167,66,0,0,66.000,67.54
1244437,639588,230800,895,209,66,0,0,66.000,67.54
1244437,296778,1091035,1684,167,66,0,0,66.000,67.54
1244437,266906,839665,2711,209,66,0,0,66.000,67.54
1244437,1004829,444502,4893,166,66,0,0,66.000,67.54
1244437,1009029,156367,137,167,66,0,0,66.000,67.54
1244437,204656,1013653,2734,375,66,0,0,66.000,67.54
1244437,623291,764939,1283,125,66,0,0,66.000,67.54
1244437,619566,1078598,1090,208,66,0,0,66.000,67.54
1244437,952139,830233,122,167,66,0,0,66.000,67.54
1244437,903617,788145,4067,208,66,0,0,66.000,67.54
1244437,1102243,668319,1060,333,66,0,0,66.000,67.54
1244437,66106,684190,2878,209,66,0,0,66.000,67.54
1244437,488674,946633,11393,209,66,0,0,66.000,67.54
1244437,849851,417071,4733,167,66,0,0,66.000,67.54
1244437,119495,191955,2568,208,66,0,0,66.000,67.54
1244437,1032416,725989,4739,167,66,0,0,66.000,67.54
1244437,22506,537752,15434,167,66,0,0,66.000,67.54
1244437,1030518,1053026,2995,167,66,0,0,66.000,67.54
1244567,299176,1104429,1862,375,66,0,0,66.000,255.13
1244567,347677,421302,10423,166,66,0,0,66.000,255.13
1244567,1181231,150654,12458,167,66,0,0,66.000,255.13
1244567,1219314,360053,5066,208,66,0,0,66.000,255.13
1244567,498171,215899,10855,250,66,0,0,66.000,255.13
1244567,200198,925923,895,167,66,0,0,66.000,255.13
1244567,424053,882376,50127,167,66,0,0,66.000,255.13
1244567,693305,533435,18192,209,66,0,0,66.000,255.13
1244567,1117904,318554,10035,167,66,0,0,66.000,255.13
1244567,23906,912640,13713,292,66,0,0,66.000,255.13
1244567,912120,831398,7006,208,66,0,0,66.000,255.13
1244567,265188,546679,10597,333,66,0,0,66.000,255.13
1244567,712778,89090,26118,166,66,0,0,66.000,255.13
1244567,535828,594200,44701,291,66,0,0,66.000,255.13
1244567,430198,1057780,9567,167,66,0,0,66.000,255.13
1244567,333430,656954,13095,167,66,0,0,66.000,255.13
1244567,842572,1010878,8839,167,66,0,0,66.000,255.13
1244567,693305,883265,8983,208,66,0,0,66.000,255.13
1244567,213359,773501,3153,209,66,0,0,66.000,255.13
1244567,579872,1200975,25961,209,66,0,0,66.000,255.13
1247243,1122079,476350,3710,167,66,0,0,66.000,269.89
1247243,935132,840951,50177,167,66,0,0,66.000,269.89
1247243,585403,55915,3517,167,66,0,0,66.000,269.89
1247243,112054,261821,30612,166,66,0,0,66.000,269.89
1247243,815672,1156107,23560,208,66,0,0,66.000,269.89
1247243,999681,376493,13092,333,66,0,0,66.000,269.89
1247243,1004874,423257,9338,208,66,0,0,66.000,269.89
1247243,942659,939439,8863,333,66,0,0,66.000,269.89
1247243,837409,1018064,30817,167,66,0,0,66.000,269.89
1247243,70223,909351,29193,184,66,0,0,66.000,269.89
1247243,791160,565657,13999,334,66,0,0,66.000,269.89
1247243,763200,671195,3472,166,66,0,0,66.000,269.89
1247243,1122452,423985,1714,167,66,0,0,66.000,269.89
1247243,1226267,940525,1578,143,66,0,0,66.000,269.89
1247243,1223786,980527,17194,208,66,0,0,66.000,269.89
1247243,544016,435670,5240,208,66,0,0,66.000,269.89
1247243,8781,1033352,722,208,66,0,0,66.000,269.89
1247243,624395,587346,27004,167,66,0,0,66.000,269.89
1247243,1080194,1117979,3476,167,66,0,0,66.000,269.89
1247243,412993,656914,22684,166,66,0,0,66.000,269.89
1252079,115662,471232,1307,167,66,0,0,66.000,109.61
1252079,773007,302550,5028,208,66,0,0,66.000,109.61
1252079,169275,749209,11138,209,66,0,0,66.000,109.61
1252079,983613,972735,7959,167,66,0,0,66.000,109.61
1252079,629494,984180,3746,166,66,0,0,66.000,109.61
1252079,1188285,837864,4222,208,66,0,0,66.000,109.61
1252079,116158,123897,2033,208,66,0,0,66.000,109.61
1252079,869118,331498,21810,209,66,0,0,66.000,109.61
1252079,1040308,852349,620,208,66,0,0,66.000,109.61
1252079,1069563,467205,6964,208,66,0,0,66.000,109.61
1252079,20367,467572,11240,209,66,0,0,66.000,109.61
1252079,997069,351082,195,167,66,0,0,66.000,109.61
1252079,763278,94636,7254,167,66,0,0,66.000,109.61
1252079,615291,713360,23476,167,66,0,0,66.000,109.61
1252079,1052169,583487,17316,208,66,0,0,66.000,109.61
1252079,1130646,65453,2419,167,66,0,0,66.000,109.61
1252079,605884,856377,6675,334,66,0,0,66.000,109.61
1252079,1022415,519802,6344,167,66,0,0,66.000,109.61
1252079,712166,1016270,4030,166,66,0,0,66.000,109.61
1252079,384122,85032,1897,209,66,0,0,66.000,109.61
1252267,1190836,431148,11358,209,66,0,0,66.000,109.43
1252267,275998,678339,218,167,66,0,0,66.000,109.43
1252267,863604,794336,680,166,66,0,0,66.000,109.43
1252267,794451,815,213,209,66,0,0,66.000,109.43
1252267,939725,562690,2428,208,66,0,0,66.000,109.43
1252267,246975,808953,7498,334,66,0,0,66.000,109.43
1252267,909004,1246255,2135,167,66,0,0,66.000,109.43
1252267,923394,449198,9635,208,66,0,0,66.000,109.43
1252267,608840,653586,802,208,66,0,0,66.000,109.43
1252267,1026503,1228375,10344,166,66,0,0,66.000,109.43
1252267,760702,1245884,3308,208,66,0,0,66.000,109.43
1252267,1181366,444459,11765,209,66,0,0,66.000,109.43
1252267,863939,1189710,1395,166,66,0,0,66.000,109.43
1252267,146597,1022165,333,166,66,0,0,66.000,109.43
1252267,645492,446793,204,167,66,0,0,66.000,109.43
1252267,741776,228766,5967,167,66,0,0,66.000,109.43
1252267,506702,462445,4665,167,66,0,0,66.000,109.43
1252267,1163216,1050306,15511,166,66,0,0,66.000,109.43
1252267,514870,451345,23067,167,66,0,0,66.000,109.43
1252267,827112,1185217,7716,208,66,0,0,66.000,109.43
1252819,935668,993966,1807,166,66,0,0,66.000,95.07
1252819,260920,768037,4142,209,66,0,0,66.000,95.07
1252819,499753,664892,5797,167,66,0,0,66.000,95.07
1252819,719699,852876,5983,208,66,0,0,66.000,95.07
1252819,383937,346622,5598,166,66,0,0,66.000,95.07
1252819,569127,938812,7129,291,66,0,0,66.000,95.07
1252819,1168805,354718,20198,208,66,0,0,66.000,95.07
1252819,555870,71694,924,167,66,0,0,66.000,95.07
1252819,1058351,1205497,317,167,66,0,0,66.000,95.07
1252819,4970,621750,6825,167,66,0,0,66.000,95.07
1252819,600865,583667,10026,333,66,0,0,66.000,95.07
1252819,911057,539002,3182,167,66,0,0,66.000,95.07
1252819,314518,245048,4099,292,66,0,0,66.000,95.07
1252819,1091620,554577,718,167,66,0,0,66.000,95.07
1252819,144581,881407,526,167,66,0,0,66.000,95.07
1252819,395759,128631,12356,166,66,0,0,66.000,95.07
1252819,1174761,214551,282,167,66,0,0,66.000,95.07
1252819,1055893,818683,11807,167,66,0,0,66.000,95.07
1252819,201449,220451,1668,208,66,0,0,66.000,95.07
1252819,278614,256774,11790,167,66,0,0,66.000,95.07
1253479,887743,797431,719,333,66,0,0,66.000,136.62
1253479,1033706,1000862,2516,167,66,0,0,66.000,136.62
1253479,335308,519902,3534,250,66,0,0,66.000,136.62
1253479,188867,3362,40580,167,66,0,0,66.000,136.62
1253479,270293,1223988,1720,166,66,0,0,66.000,136.62
1253479,327749,780370,150,167,66,0,0,66.000,136.62
1253479,925730,756464,2854,208,66,0,0,66.000,136.62
1253479,109254,921926,8852,208,66,0,0,66.000,136.62
1253479,847224,835223,279,208,66,0,0,66.000,136.62
1253479,1011267,880156,2351,209,66,0,0,66.000,136.62
1253479,338085,1121541,6761,166,66,0,0,66.000,136.62
1253479,452129,814577,8362,166,66,0,0,66.000,136.62
1253479,1054402,1068565,16681,166,66,0,0,66.000,136.62
1253479,255595,287111,4153,208,66,0,0,66.000,136.62
1253479,1199361,524903,6012,167,66,0,0,66.000,136.62
1253479,406143,1016155,6302,166,66,0,0,66.000,136.62
1253479,359683,519837,2359,167,66,0,0,66.000,136.62
1253479,122529,1111614,4760,166,66,0,0,66.000,136.62
1253479,48405,414862,13899,209,66,0,0,66.000,136.62
1253479,288853,514380,11797,375,66,0,0,66.000,136.62
1253701,244848,207293,1617,167,66,0,0,66.000,74.50
1253701,882839,435583,5388,208,66,0,0,66.000,74.50
1253701,456477,1202244,637,208,66,0,0,66.000,74.50
1253701,908415,564918,19515,208,66,0,0,66.000,74.50
1253701,144189,851240,1860,167,66,0,0,66.000,74.50
1253701,1037746,1236328,9460,167,66,0,0,66.000,74.50
1253701,1219778,944409,917,334,66,0,0,66.000,74.50
1253701,303477,977509,6754,167,66,0,0,66.000,74.50
1253701,981692,398320,986,208,66,0,0,66.000,74.50
1253701,235901,1005382,2945,167,66,0,0,66.000,74.50
1253701,342088,48038,4170,167,66,0,0,66.000,74.50
1253701,364789,340985,4309,208,66,0,0,66.000,74.50
1253701,612729,544090,367,208,66,0,0,66.000,74.50
1253701,855602,1110165,3976,167,66,0,0,66.000,74.50
1253701,195081,583466,1115,209,66,0,0,66.000,74.50
1253701,111961,654062,1697,167,66,0,0,66.000,74.50
1253701,213273,392623,3628,166,66,0,0,66.000,74.50
1253701,16980,919755,8896,209,66,0,0,66.000,74.50
1253701,1047256,134344,2817,167,66,0,0,66.000,74.50
1253701,66693,413893,2350,167,66,0,0,66.000,74.50
1254131,244698,535072,1471,166,66,0,0,66.000,118.11
1254131,598417,484766,2069,209,66,0,0,66.000,118.11
1254131,564374,1022131,9493,208,66,0,0,66.000,118.11
1254131,26215,610556,11092,167,66,0,0,66.000,118.11
1254131,1126522,980652,13898,209,66,0,0,66.000,118.11
1254131,602898,656516,623,166,66,0,0,66.000,118.11
1254131,806574,1034718,2420,208,66,0,0,66.000,118.11
1254131,73959,401997,5826,167,66,0,0,66.000,118.11
1254131,894014,180521,5818,167,66,0,0,66.000,118.11
1254131,557189,121989,5011,167,66,0,0,66.000,118.11
1254131,991674,108172,2273,208,66,0,0,66.000,118.11
1254131,731361,674185,2689,208,66,0,0,66.000,118.11
1254131,1025068,458812,9948,209,66,0,0,66.000,118.11
1254131,583236,177471,2492,208,66,0,0,66.000,118.11
1254131,1134033,873045,3451,166,66,0,0,66.000,118.11
1254131,582472,958252,2782,166,66,0,0,66.000,118.11
1254131,1080506,656473,1133,209,66,0,0,66.000,118.11
1254131,869851,964553,22847,209,66,0,0,66.000,118.11
1254131,204207,815029,20209,333,66,0,0,66.000,118.11
1254131,885828,329480,1998,167,66,0,0,66.000,118.11
1254793,697943,439483,2953,167,66,0,0,66.000,196.64
1254793,460089,508393,39332,208,66,0,0,66.000,196.64
1254793,43312,443801,577,209,66,0,0,66.000,196.64
1254793,188703,1119840,5472,167,66,0,0,66.000,196.64
1254793,1116294,279969,9717,208,66,0,0,66.000,196.64
1254793,1005758,157058,9451,167,66,0,0,66.000,196.64
1254793,295274,662310,11097,334,66,0,0,66.000,196.64
1254793,348127,962846,32426,209,66,0,0,66.000,196.64
1254793,724706,215761,2927,167,66,0,0,66.000,196.64
1254793,23987,672407,50122,208,66,0,0,66.000,196.64
1254793,313160,655736,2912,167,66,0,0,66.000,196.64
1254793,21450,536679,4064,209,66,0,0,66.000,196.64
1254793,1005020,334941,1333,208,66,0,0,66.000,196.64
1254793,22745,178806,4907,375,66,0,0,66.000,196.64
1254793,1196616,125590,9198,167,66,0,0,66.000,196.64
1254793,721652,1194474,4534,333,66,0,0,66.000,196.64
1254793,1192443,1249825,1154,167,66,0,0,66.000,196.64
1254793,448716,339061,10772,167,66,0,0,66.000,196.64
1254793,819115,770343,4328,209,66,0,0,66.000,196.64
1254793,714569,1112658,9261,209,66,0,0,66.000,196.64
1255063,48288,640735,22940,167,66,0,0,66.000,152.96
1255063,680029,773207,2307,167,66,0,0,66.000,152.96
1255063,626883,33105,3783,166,66,0,0,66.000,152.96
1255063,701827,964078,12616,166,66,0,0,66.000,152.96
1255063,548475,262344,7376,167,66,0,0,66.000,152.96
1255063,161323,1129593,52,208,66,0,0,66.000,152.96
1255063,962998,662486,34570,208,66,0,0,66.000,152.96
1255063,31301,964051,1805,166,66,0,0,66.000,152.96
1255063,129560,357457,12040,166,66,0,0,66.000,152.96
1255063,156065,556711,3079,167,66,0,0,66.000,152.96
1255063,156630,485148,1952,333,66,0,0,66.000,152.96
1255063,1019674,1099621,19970,208,66,0,0,66.000,152.96
1255063,371964,1001027,2480,166,66,0,0,66.000,152.96
1255063,470926,503284,4213,208,66,0,0,66.000,152.96
1255063,1115357,134848,3686,167,66,0,0,66.000,152.96
1255063,609930,101813,15151,167,66,0,0,66.000,152.96
1255063,122953,365779,7450,166,66,0,0,66.000,152.96
1255063,844231,413662,6238,167,66,0,0,66.000,152.96
1255063,672801,48904,2592,167,66,0,0,66.000,152.96
1255063,1153959,272614,5816,208,66,0,0,66.000,152.96
1257071,1063115,1210661,13111,209,66,0,0,66.000,203.04
1257071,200961,1181909,28339,167,66,0,0,66.000,203.04
1257071,497085,23922,817,167,66,0,0,66.000,203.04
1257071,130481,917480,4360,167,66,0,0,66.000,203.04
1257071,1161914,388264,2509,208,66,0,0,66.000,203.04
1257071,108176,1182946,12876,166,66,0,0,66.000,203.04
1257071,421228,588312,20452,292,66,0,0,66.000,203.04
1257071,908820,523840,21694,166,66,0,0,66.000,203.04
1257071,810557,763000,6825,166,66,0,0,66.000,203.04
1257071,606961,942189,6712,291,66,0,0,66.000,203.04
1257071,723969,992662,17536,166,66,0,0,66.000,203.04
1257071,713418,728424,34304,209,66,0,0,66.000,203.04
1257071,132901,1026805,6822,208,66,0,0,66.000,203.04
1257071,403315,318362,3181,166,66,0,0,66.000,203.04
1257071,90465,1188392,10190,209,66,0,0,66.000,203.04
1257071,634925,1205568,9513,166,66,0,0,66.000,203.04
1257071,1061242,382895,2310,209,66,0,0,66.000,203.04
1257071,201847,733140,8781,209,66,0,0,66.000,203.04
1257071,48342,1084741,26273,167,66,0,0,66.000,203.04
1257071,1145667,275188,32066,209,66,0,0,66.000,203.04
1261763,43240,1256836,1057,208,66,0,0,66.000,112.32
1261763,292728,813198,6924,375,66,0,0,66.000,112.32
1261763,503676,282137,5331,208,66,0,0,66.000,112.32
1261763,822234,956297,4682,208,66,0,0,66.000,112.32
1261763,76219,843686,6192,167,66,0,0,66.000,112.32
1261763,620147,677450,1692,208,66,0,0,66.000,112.32
1261763,729714,1233882,15165,209,66,0,0,66.000,112.32
1261763,1238411,586612,326,209,66,0,0,66.000,112.32
1261763,99712,895098,8144,208,66,0,0,66.000,112.32
1261763,976810,1023557,2647,334,66,0,0,66.000,112.32
1261763,915599,1248124,217,167,66,0,0,66.000,112.32
1261763,1242640,1242140,4393,167,66,0,0,66.000,112.32
1261763,812526,998903,4508,208,66,0,0,66.000,112.32
1261763,881595,330012,11260,209,66,0,0,66.000,112.32
1261763,913247,859052,3748,166,66,0,0,66.000,112.32
1261763,1238803,526219,26189,166,66,0,0,66.000,112.32
1261763,239521,356924,21,208,66,0,0,66.000,112.32
1261763,488951,242167,846,208,66,0,0,66.000,112.32
1261763,202792,1002318,2271,208,66,0,0,66.000,112.32
1261763,381422,874456,11099,250,66,0,0,66.000,112.32
1262713,1197340,669215,3593,208,66,0,0,66.000,59.61
1262713,408309,681747,1813,167,66,0,0,66.000,59.61
1262713,214679,555562,4775,208,66,0,0,66.000,59.61
1262713,726254,647373,1391,167,66,0,0,66.000,59.61
1262713,806033,791836,3657,167,66,0,0,66.000,59.61
1262713,85500,612392,3676,208,66,0,0,66.000,59.61
1262713,950403,589168,3916,167,66,0,0,66.000,59.61
1262713,770268,1227765,4359,167,66,0,0,66.000,59.61
1262713,567476,396666,2536,166,66,0,0,66.000,59.61
1262713,714969,801657,1643,334,66,0,0,66.000,59.61
1262713,513667,817472,2563,209,66,0,0,66.000,59.61
1262713,715615,652372,3764,333,66,0,0,66.000,59.61
1262713,759782,248592,3003,166,66,0,0,66.000,59.61
1262713,1048180,1145589,1318,167,66,0,0,66.000,59.61
1262713,747665,554644,5511,166,66,0,0,66.000,59.61
1262713,526826,202972,6464,333,66,0,0,66.000,59.61
1262713,1176676,490363,6222,167,66,0,0,66.000,59.61
1262713,797186,1233970,1442,167,66,0,0,66.000,59.61
1262713,231587,396933,95,209,66,0,0,66.000,59.61
1262713,425240,1049253,4948,209,66,0,0,66.000,59.61
1268357,1044654,316646,2430,209,66,0,0,66.000,146.19
1268357,561684,384559,9265,167,66,0,0,66.000,146.19
1268357,363166,201538,6168,167,66,0,0,66.000,146.19
1268357,1002168,312833,4873,166,66,0,0,66.000,146.19
1268357,480332,836160,1166,209,66,0,0,66.000,146.19
1268357,567682,163416,4131,167,66,0,0,66.000,146.19
1268357,161,190946,17235,209,66,0,0,66.000,146.19
1268357,644880,880992,16849,167,66,0,0,66.000,146.19
1268357,67999,1157239,19969,208,66,0,0,66.000,146.19
1268357,568200,487124,1696,208,66,0,0,66.000,146.19
1268357,429655,643210,19026,166,66,0,0,66.000,146.19
1268357,1254550,883105,11121,167,66,0,0,66.000,146.19
1268357,81700,114093,18010,208,66,0,0,66.000,146.19
1268357,994398,226777,3554,167,66,0,0,66.000,146.19
1268357,519949,126058,2965,167,66,0,0,66.000,146.19
1268357,228962,938313,4898,167,66,0,0,66.000,146.19
1268357,43431,690354,3050,166,66,0,0,66.000,146.19
1268357,151911,569145,1386,167,66,0,0,66.000,146.19
1268357,193708,1197772,8622,209,66,0,0,66.000,146.19
1268357,1252044,716972,3191,167,66,0,0,66.000,146.19
1270433,23505,246617,4022,208,66,0,0,66.000,180.04
1270433,1025090,286555,10722,208,66,0,0,66.000,180.04
1270433,299718,647738,28768,208,66,0,0,66.000,180.04
1270433,84352,63233,10273,208,66,0,0,66.000,180.04
1270433,144989,363896,3827,167,66,0,0,66.000,180.04
1270433,653670,1226280,7092,208,66,0,0,66.000,180.04
1270433,286447,443295,21471,209,66,0,0,66.000,180.04
1270433,1159047,1054495,31904,167,66,0,0,66.000,180.04
1270433,928204,1204200,940,167,66,0,0,66.000,180.04
1270433,80461,889608,6907,167,66,0,0,66.000,180.04
1270433,687332,1096807,19449,292,66,0,0,66.000,180.04
1270433,464471,151084,2064,166,66,0,0,66.000,180.04
1270433,917223,28770,20696,208,66,0,0,66.000,180.04
1270433,538398,219961,2232,333,66,0,0,66.000,180.04
1270433,280028,961159,2619,209,66,0,0,66.000,180.04
1270433,681401,1059655,1119,166,66,0,0,66.000,180.04
1270433,182102,1150434,11686,166,66,0,0,66.000,180.04
1270433,79767,577537,15465,333,66,0,0,66.000,180.04
1270433,1249470,783112,1645,167,66,0,0,66.000,180.04
1270433,190882,292507,4383,208,66,0,0,66.000,180.04
1272283,368857,521057,912,167,66,0,0,66.000,168.78
1272283,1202143,50208,3100,167,66,0,0,66.000,168.78
1272283,72412,796442,53966,208,66,0,0,66.000,168.78
1272283,869119,64995,9753,208,66,0,0,66.000,168.78
1272283,654296,495011,2114,334,66,0,0,66.000,168.78
1272283,787388,827240,7716,167,66,0,0,66.000,168.78
1272283,737382,950622,813,166,66,0,0,66.000,168.78
1272283,814367,432217,19125,208,66,0,0,66.000,168.78
1272283,527348,1242655,364,167,66,0,0,66.000,168.78
1272283,239115,411537,4649,208,66,0,0,66.000,168.78
1272283,842354,1208153,4527,208,66,0,0,66.000,168.78
1272283,1181973,491434,9816,167,66,0,0,66.000,168.78
1272283,1110776,1085259,6575,209,66,0,0,66.000,168.78
1272283,742049,644617,10946,166,66,0,0,66.000,168.78
1272283,56350,1039003,4796,333,66,0,0,66.000,168.78
1272283,750950,984886,1955,167,66,0,0,66.000,168.78
1272283,587558,259883,3738,166,66,0,0,66.000,168.78
1272283,243650,1270888,14807,166,66,0,0,66.000,168.78
1272283,1047271,88199,22247,208,66,0,0,66.000,168.78
1272283,1233649,307580,3002,167,66,0,0,66.000,168.78
1273099,1171791,404867,19199,167,66,0,0,66.000,257.49
1273099,716183,1166990,7683,208,66,0,0,66.000,257.49
1273099,1268457,405721,7637,208,66,0,0,66.000,257.49
1273099,504151,171439,16881,167,66,0,0,66.000,257.49
1273099,679496,1239237,5133,208,66,0,0,66.000,257.49
1273099,470360,1229430,3316,250,66,0,0,66.000,257.49
1273099,185954,1101441,8265,334,66,0,0,66.000,257.49
1273099,1241186,1221972,32263,208,66,0,0,66.000,257.49
1273099,867590,234524,9061,167,66,0,0,66.000,257.49
1273099,441522,145796,370,167,66,0,0,66.000,257.49
1273099,1247393,824552,1904,166,66,0,0,66.000,257.49
1273099,693457,562709,18309,208,66,0,0,66.000,257.49
1273099,979176,451750,13001,375,66,0,0,66.000,257.49
1273099,897425,161215,2818,208,66,0,0,66.000,257.49
1273099,347095,172645,4660,209,66,0,0,66.000,257.49
1273099,1112239,1144365,9682,208,66,0,0,66.000,257.49
1273099,751728,1086153,8876,167,66,0,0,66.000,257.49
1273099,648798,803157,59122,208,66,0,0,66.000,257.49
1273099,7477,1206666,1956,167,66,0,0,66.000,257.49
1273099,1132944,1114864,15576,209,66,0,0,66.000,257.49
1275893,86335,118584,5161,208,66,0,0,66.000,126.85
1275893,958626,1016387,3603,333,66,0,0,66.000,126.85
1275893,64742,146961,88,208,66,0,0,66.000,126.85
1275893,354341,963399,3289,209,66,0,0,66.000,126.85
1275893,1117379,82159,11807,208,66,0,0,66.000,126.85
1275893,980280,680518,23649,334,66,0,0,66.000,126.85
1275893,349293,81928,5633,208,66,0,0,66.000,126.85
1275893,569247,408501,319,167,66,0,0,66.000,126.85
1275893,979369,575299,18243,208,66,0,0,66.000,126.85
1275893,24658,254928,2274,208,66,0,0,66.000,126.85
1275893,516660,279592,377,167,66,0,0,66.000,126.85
1275893,180201,466750,1944,208,66,0,0,66.000,126.85
1275893,829884,609663,6053,208,66,0,0,66.000,126.85
1275893,979900,707389,7794,208,66,0,0,66.000,126.85
1275893,739714,1248525,3232,209,66,0,0,66.000,126.85
1275893,823277,348197,3113,167,66,0,0,66.000,126.85
1275893,570663,565626,11012,208,66,0,0,66.000,126.85
1275893,1034028,708863,12784,167,66,0,0,66.000,126.85
1275893,1174937,376940,10594,167,66,0,0,66.000,126.85
1275893,1151431,264593,775,208,66,0,0,66.000,126.85
1276169,506928,721090,6196,167,66,0,0,66.000,110.95
1276169,219603,577215,139,166,66,0,0,66.000,110.95
1276169,496557,836295,18388,167,66,0,0,66.000,110.95
1276169,1065795,1019838,10224,333,66,0,0,66.000,110.95
1276169,830620,785431,2090,208,66,0,0,66.000,110.95
1276169,138828,554941,3617,166,66,0,0,66.000,110.95
1276169,534973,786351,19322,167,66,0,0,66.000,110.95
1276169,955237,905173,655,166,66,0,0,66.000,110.95
1276169,280624,1153305,8550,166,66,0,0,66.000,110.95
1276169,1205854,151783,890,166,66,0,0,66.000,110.95
1276169,1102091,254963,1294,167,66,0,0,66.000,110.95
1276169,328653,358630,1701,167,66,0,0,66.000,110.95
1276169,999772,659695,6107,209,66,0,0,66.000,110.95
1276169,454483,1013887,1838,167,66,0,0,66.000,110.95
1276169,905735,855248,3461,208,66,0,0,66.000,110.95
1276169,1188767,944087,2164,291,66,0,0,66.000,110.95
1276169,932748,1183399,3059,167,66,0,0,66.000,110.95
1276169,302674,350544,31592,209,66,0,0,66.000,110.95
1276169,882251,933517,4654,142,66,0,0,66.000,110.95
1276169,1012409,760223,547,166,66,0,0,66.000,110.95
1277993,851527,146171,1871,334,66,0,0,66.000,50.80
1277993,915449,1064079,5887,167,66,0,0,66.000,50.80
1277993,666032,304823,220,167,66,0,0,66.000,50.80
1277993,127124,241135,376,167,66,0,0,66.000,50.80
1277993,1079440,417056,323,208,66,0,0,66.000,50.80
1277993,198390,621204,1915,166,66,0,0,66.000,50.80
1277993,1022070,678728,229,208,66,0,0,66.000,50.80
1277993,162007,222251,6486,333,66,0,0,66.000,50.80
1277993,710893,516127,747,167,66,0,0,66.000,50.80
1277993,60794,625765,1483,167,66,0,0,66.000,50.80
1277993,212845,395738,4743,167,66,0,0,66.000,50.80
1277993,487440,859267,4555,166,66,0,0,66.000,50.80
1277993,177787,581623,3338,167,66,0,0,66.000,50.80
1277993,881214,1273626,1557,208,66,0,0,66.000,50.80
1277993,579941,752612,8178,167,66,0,0,66.000,50.80
1277993,190463,89541,1070,209,66,0,0,66.000,50.80
1277993,250329,290789,3431,208,66,0,0,66.000,50.80
1277993,3526,799089,310,166,66,0,0,66.000,50.80
1277993,1030983,184243,6080,208,66,0,0,66.000,50.80
1277993,1236921,492567,1526,208,66,0,0,66.000,50.80
1278899,349311,899795,2979,209,66,0,0,66.000,122.14
1278899,677021,139553,1841,166,66,0,0,66.000,122.14
1278899,754565,929224,3805,208,66,0,0,66.000,122.14
1278899,182654,4074,9174,167,66,0,0,66.000,122.14
1278899,129209,1039817,5814,167,66,0,0,66.000,122.14
1278899,646911,300512,6947,208,66,0,0,66.000,122.14
1278899,325850,651132,7080,166,66,0,0,66.000,122.14
1278899,736572,600279,3550,333,66,0,0,66.000,122.14
1278899,532130,340139,12355,167,66,0,0,66.000,122.14
1278899,655044,1168385,3104,208,66,0,0,66.000,122.14
1278899,457806,596226,522,167,66,0,0,66.000,122.14
1278899,1123595,1136455,6421,166,66,0,0,66.000,122.14
1278899,690070,817744,16252,166,66,0,0,66.000,122.14
1278899,1178255,550339,2344,166,66,0,0,66.000,122.14
1278899,152989,97944,484,208,66,0,0,66.000,122.14
1278899,812261,977457,9458,167,66,0,0,66.000,122.14
1278899,443872,477087,10678,167,66,0,0,66.000,122.14
1278899,546141,742848,1427,167,66,0,0,66.000,122.14
1278899,972934,804178,10112,209,66,0,0,66.000,122.14
1278899,413273,1024941,14959,209,66,0,0,66.000,122.14
1279921,989612,677056,878,209,66,0,0,66.000,122.77
1279921,1110104,98762,5184,208,66,0,0,66.000,122.77
1279921,936967,775334,5743,208,66,0,0,66.000,122.77
1279921,822647,1105657,2459,250,66,0,0,66.000,122.77
1279921,904713,820201,30518,166,66,0,0,66.000,122.77
1279921,1250313,363277,149,208,66,0,0,66.000,122.77
1279921,183293,329735,65,208,66,0,0,66.000,122.77
1279921,554620,1007106,635,333,66,0,0,66.000,122.77
1279921,449565,642987,6000,166,66,0,0,66.000,122.77
1279921,1248157,697724,1130,167,66,0,0,66.000,122.77
1279921,643264,922619,209,166,66,0,0,66.000,122.77
1279921,726771,677387,12334,167,66,0,0,66.000,122.77
1279921,1034330,1194371,10330,209,66,0,0,66.000,122.77
1279921,460244,497948,1666,333,66,0,0,66.000,122.77
1279921,1004487,1062633,7069,167,66,0,0,66.000,122.77
1279921,629305,375806,6940,208,66,0,0,66.000,122.77
1279921,86392,144043,10412,167,66,0,0,66.000,122.77
1279921,378144,109208,6254,208,66,0,0,66.000,122.77
1279921,189064,813869,5874,208,66,0,0,66.000,122.77
1279921,997252,680049,13965,167,66,0,0,66.000,122.77
1280159,751394,1247764,5304,208,66,0,0,66.000,190.35
1280159,979537,1245390,8642,167,66,0,0,66.000,190.35
1280159,173971,239172,27773,166,66,0,0,66.000,190.35
1280159,482001,1023888,10636,167,66,0,0,66.000,190.35
1280159,95155,294065,30052,208,66,0,0,66.000,190.35
1280159,1011867,1259293,4450,208,66,0,0,66.000,190.35
1280159,48580,290527,10345,292,66,0,0,66.000,190.35
1280159,426333,572944,1011,167,66,0,0,66.000,190.35
1280159,57948,356161,2407,167,66,0,0,66.000,190.35
1280159,170408,475630,51109,209,66,0,0,66.000,190.35
1280159,3087,1160537,19046,166,66,0,0,66.000,190.35
1280159,480221,832509,3526,167,66,0,0,66.000,190.35
1280159,966853,605059,4891,167,66,0,0,66.000,190.35
1280159,336314,267039,14702,167,66,0,0,66.000,190.35
1280159,1025013,199627,7753,167,66,0,0,66.000,190.35
1280159,1043924,162630,9637,208,66,0,0,66.000,190.35
1280159,1208733,366842,2725,166,66,0,0,66.000,190.35
1280159,281231,729835,3946,209,66,0,0,66.000,190.35
1280159,278858,841370,7582,167,66,0,0,66.000,190.35
1280159,73436,891284,25294,208,66,0,0,66.000,190.35
1280519,505653,898661,5353,208,66,0,0,66.000,236.96
1280519,1154058,146270,10915,208,66,0,0,66.000,236.96
1280519,661949,307523,15724,208,66,0,0,66.000,236.96
1280519,1107080,318932,6396,167,66,0,0,66.000,236.96
1280519,457503,330496,21524,167,66,0,0,66.000,236.96
1280519,668856,1143836,16605,208,66,0,0,66.000,236.96
1280519,293707,703100,2641,209,66,0,0,66.000,236.96
1280519,487061,272639,43416,208,66,0,0,66.000,236.96
1280519,360879,738382,15035,166,66,0,0,66.000,236.96
1280519,791435,304716,23085,208,66,0,0,66.000,236.96
1280519,933338,1160156,4355,167,66,0,0,66.000,236.96
1280519,482193,700089,10106,208,66,0,0,66.000,236.96
1280519,67119,533361,17620,208,66,0,0,66.000,236.96
1280519,1113471,1125716,17792,167,66,0,0,66.000,236.96
1280519,339107,174598,16774,166,66,0,0,66.000,236.96
1280519,455337,1082921,22810,167,66,0,0,66.000,236.96
1280519,1149496,927352,3157,209,66,0,0,66.000,236.96
1280519,342538,1035567,11743,209,66,0,0,66.000,236.96
1280519,776645,824587,18039,166,66,0,0,66.000,236.96
1280519,691297,1243080,10227,166,66,0,0,66.000,236.96
1282213,1078474,256363,42990,167,66,0,0,66.000,332.77
1282213,1165755,976174,86194,167,66,0,0,66.000,332.77
1282213,171296,1086780,23635,166,66,0,0,66.000,332.77
1282213,758374,637149,5014,208,66,0,0,66.000,332.77
1282213,941873,972931,757,208,66,0,0,66.000,332.77
1282213,1052078,942252,239,208,66,0,0,66.000,332.77
1282213,584395,241964,11882,166,66,0,0,66.000,332.77
1282213,948063,1010395,7433,167,66,0,0,66.000,332.77
1282213,446810,138066,16968,209,66,0,0,66.000,332.77
1282213,1059413,1133676,16756,167,66,0,0,66.000,332.77
1282213,150691,1185107,9869,167,66,0,0,66.000,332.77
1282213,562596,586617,1923,209,66,0,0,66.000,332.77
1282213,777844,6479,18384,208,66,0,0,66.000,332.77
1282213,570857,410240,9017,333,66,0,0,66.000,332.77
1282213,1021115,81810,5170,167,66,0,0,66.000,332.77
1282213,726954,1241355,3118,209,66,0,0,66.000,332.77
1282213,161301,240659,14041,167,66,0,0,66.000,332.77
1282213,786383,564326,65776,209,66,0,0,66.000,332.77
1282213,1192452,71562,18874,209,66,0,0,66.000,332.77
1282213,69454,386718,10753,167,66,0,0,66.000,332.77
1284917,1091602,221901,16631,166,66,0,0,66.000,179.32
1284917,826241,232196,15456,167,66,0,0,66.000,179.32
1284917,750041,82445,47038,167,66,0,0,66.000,179.32
1284917,1234699,37571,14817,166,66,0,0,66.000,179.32
1284917,885917,653773,2803,166,66,0,0,66.000,179.32
1284917,690327,269022,6194,166,66,0,0,66.000,179.32
1284917,492462,1172009,8355,167,66,0,0,66.000,179.32
1284917,751294,434017,32876,167,66,0,0,66.000,179.32
1284917,864923,1160408,14593,292,66,0,0,66.000,179.32
1284917,147230,736536,5083,208,66,0,0,66.000,179.32
1284917,819342,433529,134,166,66,0,0,66.000,179.32
1284917,1227381,349063,1319,208,66,0,0,66.000,179.32
1284917,254228,569825,2961,167,66,0,0,66.000,179.32
1284917,1137667,1033528,4536,333,66,0,0,66.000,179.32
1284917,512582,509086,31,167,66,0,0,66.000,179.32
1284917,1089383,612288,28759,167,66,0,0,66.000,179.32
1284917,122714,1061726,865,208,66,0,0,66.000,179.32
1284917,1055638,84820,3806,208,66,0,0,66.000,179.32
1284917,1167462,810173,1497,167,66,0,0,66.000,179.32
1284917,627111,1149563,3028,167,66,0,0,66.000,179.32
1285877,1279053,494505,7535,208,66,0,0,66.000,122.98
1285877,540223,752903,2667,166,66,0,0,66.000,122.98
1285877,991613,335003,306,208,66,0,0,66.000,122.98
1285877,243384,809361,17515,209,66,0,0,66.000,122.98
1285877,1188976,1059012,8328,250,66,0,0,66.000,122.98
1285877,1213417,1083088,10727,208,66,0,0,66.000,122.98
1285877,617939,126995,4307,167,66,0,0,66.000,122.98
1285877,126282,362532,7894,167,66,0,0,66.000,122.98
1285877,583223,75528,736,208,66,0,0,66.000,122.98
1285877,654221,155234,3698,209,66,0,0,66.000,122.98
1285877,960265,899172,12234,209,66,0,0,66.000,122.98
1285877,866150,1127510,10194,208,66,0,0,66.000,122.98
1285877,628637,652537,7148,167,66,0,0,66.000,122.98
1285877,1081169,235085,4989,250,66,0,0,66.000,122.98
1285877,487216,1223717,292,167,66,0,0,66.000,122.98
1285877,764429,1228054,14491,208,66,0,0,66.000,122.98
1285877,1026625,562899,193,166,66,0,0,66.000,122.98
1285877,332169,502527,2942,208,66,0,0,66.000,122.98
1285877,759889,109619,7716,208,66,0,0,66.000,122.98
1285877,508446,783339,2727,167,66,0,0,66.000,122.98
1285943,482496,980313,31981,209,66,0,0,66.000,282.68
1285943,857075,591556,7866,209,66,0,0,66.000,282.68
1285943,31685,750025,10380,166,66,0,0,66.000,282.68
1285943,165894,998541,6699,166,66,0,0,66.000,282.68
1285943,1079777,912582,8497,167,66,0,0,66.000,282.68
1285943,1058974,758910,20279,334,66,0,0,66.000,282.68
1285943,651142,594933,2344,209,66,0,0,66.000,282.68
1285943,741068,175474,9957,167,66,0,0,66.000,282.68
1285943,907423,1133163,198,209,66,0,0,66.000,282.68
1285943,1037772,1170718,114275,167,66,0,0,66.000,282.68
1285943,1232686,22257,4930,209,66,0,0,66.000,282.68
1285943,639618,1010927,6661,167,66,0,0,66.000,282.68
1285943,778890,275021,13573,166,66,0,0,66.000,282.68
1285943,249129,194610,5825,208,66,0,0,66.000,282.68
1285943,872457,416418,8535,166,66,0,0,66.000,282.68
1285943,870898,1080400,729,209,66,0,0,66.000,282.68
1285943,1173855,19800,22602,167,66,0,0,66.000,282.68
1285943,1006150,119133,15022,167,66,0,0,66.000,282.68
1285943,253342,185566,14682,167,66,0,0,66.000,282.68
1285943,654160,304189,19872,292,66,0,0,66.000,282.68
1286099,1118434,956218,15424,209,66,0,0,66.000,218.82
1286099,664276,459438,10917,209,66,0,0,66.000,218.82
1286099,573212,158473,7129,166,66,0,0,66.000,218.82
1286099,559202,652258,9058,334,66,0,0,66.000,218.82
1286099,270471,65035,25013,167,66,0,0,66.000,218.82
1286099,1093171,603518,6644,166,66,0,0,66.000,218.82
1286099,56378,157404,34,167,66,0,0,66.000,218.82
1286099,1270494,1124093,10484,333,66,0,0,66.000,218.82
1286099,701276,520141,29382,209,66,0,0,66.000,218.82
1286099,48162,241306,12514,209,66,0,0,66.000,218.82
1286099,272299,967745,13121,167,66,0,0,66.000,218.82
1286099,434020,966964,2252,333,66,0,0,66.000,218.82
1286099,192489,955751,35395,208,66,0,0,66.000,218.82
1286099,965007,595813,2592,167,66,0,0,66.000,218.82
1286099,140373,202424,5806,166,66,0,0,66.000,218.82
1286099,530051,832364,2537,167,66,0,0,66.000,218.82
1286099,865129,127670,17389,167,66,0,0,66.000,218.82
1286099,348237,1148035,6072,183,66,0,0,66.000,218.82
1286099,936505,414758,76,167,66,0,0,66.000,218.82
1286099,409551,1134501,31043,208,66,0,0,66.000,218.82
1290811,216007,152845,6649,208,66,0,0,66.000,144.06
1290811,1255065,377075,1798,167,66,0,0,66.000,144.06
1290811,1850,849670,16677,167,66,0,0,66.000,144.06
1290811,294274,569632,1851,333,66,0,0,66.000,144.06
1290811,599172,946253,3946,166,66,0,0,66.000,144.06
1290811,823569,295963,4612,209,66,0,0,66.000,144.06
1290811,534861,326113,46797,167,66,0,0,66.000,144.06
1290811,738093,768329,3193,209,66,0,0,66.000,144.06
1290811,1082868,523201,7968,166,66,0,0,66.000,144.06
1290811,1170400,929103,13719,167,66,0,0,66.000,144.06
1290811,429359,669504,925,167,66,0,0,66.000,144.06
1290811,907662,167090,814,208,66,0,0,66.000,144.06
1290811,359927,1228507,1365,166,66,0,0,66.000,144.06
1290811,961122,1124394,2659,166,66,0,0,66.000,144.06
1290811,211462,307057,5788,209,66,0,0,66.000,144.06
1290811,438341,1053536,16194,375,66,0,0,66.000,144.06
1290811,307044,218385,896,167,66,0,0,66.000,144.06
1290811,6474,524185,2689,292,66,0,0,66.000,144.06
1290811,324995,1158504,29989,167,66,0,0,66.000,144.06
1290811,952032,67332,2487,209,66,0,0,66.000,144.06
1292099,377660,1001790,787,167,66,0,0,66.000,134.92
1292099,999247,1047177,4057,208,66,0,0,66.000,134.92
1292099,454444,197266,613,166,66,0,0,66.000,134.92
1292099,674454,535225,1142,167,66,0,0,66.000,134.92
1292099,61812,386111,13973,167,66,0,0,66.000,134.92
1292099,1157311,728674,32303,167,66,0,0,66.000,134.92
1292099,475,635403,1738,208,66,0,0,66.000,134.92
1292099,1253265,1276792,1593,167,66,0,0,66.000,134.92
1292099,1025314,729577,4260,167,66,0,0,66.000,134.92
1292099,749024,984258,5209,208,66,0,0,66.000,134.92
1292099,455568,81774,3316,208,66,0,0,66.000,134.92
1292099,1072278,882356,7814,375,66,0,0,66.000,134.92
1292099,1112127,1080047,4704,208,66,0,0,66.000,134.92
1292099,707250,451865,94,208,66,0,0,66.000,134.92
1292099,845291,671898,19822,209,66,0,0,66.000,134.92
1292099,34102,1179880,1112,208,66,0,0,66.000,134.92
1292099,223360,385258,8342,167,66,0,0,66.000,134.92
1292099,434435,864951,23027,208,66,0,0,66.000,134.92
1292099,867958,687885,2999,208,66,0,0,66.000,134.92
1292099,332199,80700,2124,208,66,0,0,66.000,134.92
1292857,922418,973377,7283,166,66,0,0,66.000,90.79
1292857,1177528,746093,11048,208,66,0,0,66.000,90.79
1292857,1138475,151299,5905,208,66,0,0,66.000,90.79
1292857,853258,544767,6197,167,66,0,0,66.000,90.79
1292857,570961,478810,7296,167,66,0,0,66.000,90.79
1292857,1232703,786278,6576,291,66,0,0,66.000,90.79
1292857,1145189,182214,9784,208,66,0,0,66.000,90.79
1292857,446884,270616,1153,166,66,0,0,66.000,90.79
1292857,846393,259412,7078,166,66,0,0,66.000,90.79
1292857,477985,1106566,862,209,66,0,0,66.000,90.79
1292857,586681,1201168,9768,167,66,0,0,66.000,90.79
1292857,859221,551288,1441,292,66,0,0,66.000,90.79
1292857,780597,479942,951,167,66,0,0,66.000,90.79
1292857,828698,1176320,7227,167,66,0,0,66.000,90.79
1292857,139483,956075,2604,208,66,0,0,66.000,90.79
1292857,506414,732324,613,209,66,0,0,66.000,90.79
1292857,1141844,976945,4535,209,66,0,0,66.000,90.79
1292857,782968,1126591,9079,166,66,0,0,66.000,90.79
1292857,721896,1201446,6526,208,66,0,0,66.000,90.79
1292857,589907,1074404,2711,208,66,0,0,66.000,90.79
1292953,825412,274397,801,167,66,0,0,66.000,67.26
1292953,1175115,1171156,10437,375,66,0,0,66.000,67.26
1292953,877441,665371,17775,208,66,0,0,66.000,67.26
1292953,1097862,604078,3443,208,66,0,0,66.000,67.26
1292953,513306,429070,2804,209,66,0,0,66.000,67.26
1292953,759142,1064736,2287,208,66,0,0,66.000,67.26
1292953,675497,30398,2338,166,66,0,0,66.000,67.26
1292953,1078844,771177,611,334,66,0,0,66.000,67.26
1292953,863340,985219,12795,208,66,0,0,66.000,67.26
1292953,590023,786025,2988,166,66,0,0,66.000,67.26
1292953,312683,730166,1002,166,66,0,0,66.000,67.26
1292953,668844,445438,2230,375,66,0,0,66.000,67.26
1292953,1191222,1166223,1764,208,66,0,0,66.000,67.26
1292953,613885,1132160,297,167,66,0,0,66.000,67.26
1292953,57360,79990,1198,167,66,0,0,66.000,67.26
1292953,406147,1281215,27,333,66,0,0,66.000,67.26
1292953,1125331,49452,2470,208,66,0,0,66.000,67.26
1292953,268890,542370,727,209,66,0,0,66.000,67.26
1292953,620919,1084376,1070,208,66,0,0,66.000,67.26
1292953,296006,471048,5558,208,66,0,0,66.000,67.26
1293821,983445,199635,10259,167,66,0,0,66.000,169.32
1293821,172069,755070,9489,209,66,0,0,66.000,169.32
1293821,124857,1285746,9846,167,66,0,0,66.000,169.32
1293821,1241742,404730,4893,209,66,0,0,66.000,169.32
1293821,631631,353200,11712,209,66,0,0,66.000,169.32
1293821,122054,565664,53406,333,66,0,0,66.000,169.32
1293821,644616,1267539,1327,166,66,0,0,66.000,169.32
1293821,267221,1263402,11301,208,66,0,0,66.000,169.32
1293821,944985,1196388,561,166,66,0,0,66.000,169.32
1293821,1255182,1143726,7611,167,66,0,0,66.000,169.32
1293821,1171299,713496,3341,167,66,0,0,66.000,169.32
1293821,968714,1282550,1962,333,66,0,0,66.000,169.32
1293821,308068,175109,583,166,66,0,0,66.000,169.32
1293821,645042,1284940,1374,167,66,0,0,66.000,169.32
1293821,67227,234933,5783,167,66,0,0,66.000,169.32
1293821,748447,1268480,15430,166,66,0,0,66.000,169.32
1293821,1117861,915156,2942,167,66,0,0,66.000,169.32
1293821,801794,861208,19256,208,66,0,0,66.000,169.32
1293821,1077353,483097,3428,166,66,0,0,66.000,169.32
1293821,987692,681901,8600,208,66,0,0,66.000,169.32
1295747,295777,1244833,19425,292,66,0,0,66.000,200.51
1295747,546720,183006,805,209,66,0,0,66.000,200.51
1295747,866337,64119,1202,167,66,0,0,66.000,200.51
1295747,574037,894761,4924,167,66,0,0,66.000,200.51
1295747,424536,406018,3298,166,66,0,0,66.000,200.51
1295747,966253,649557,2305,167,66,0,0,66.000,200.51
1295747,44443,402928,3435,167,66,0,0,66.000,200.51
1295747,665480,930826,14263,208,66,0,0,66.000,200.51
1295747,1187841,336774,3221,167,66,0,0,66.000,200.51
1295747,794967,1247866,1784,208,66,0,0,66.000,200.51
1295747,689983,369062,6874,291,66,0,0,66.000,200.51
1295747,969765,528877,2855,208,66,0,0,66.000,200.51
1295747,768394,565900,3519,208,66,0,0,66.000,200.51
1295747,1018322,475062,85061,209,66,0,0,66.000,200.51
1295747,958057,1103038,1724,209,66,0,0,66.000,200.51
1295747,176129,876809,12456,208,66,0,0,66.000,200.51
1295747,356165,1162611,32646,166,66,0,0,66.000,200.51
1295747,680068,804107,26898,167,66,0,0,66.000,200.51
1295747,426782,663088,6553,208,66,0,0,66.000,200.51
1295747,366877,1134407,38127,208,66,0,0,66.000,200.51
1299841,44525,480575,12082,208,66,0,0,66.000,300.13
1299841,310137,471803,36185,166,66,0,0,66.000,300.13
1299841,414129,126676,4775,125,66,0,0,66.000,300.13
1299841,453934,1060570,12556,167,66,0,0,66.000,300.13
1299841,1020613,26357,32374,166,66,0,0,66.000,300.13
1299841,1141134,86692,20532,167,66,0,0,66.000,300.13
1299841,658930,823117,8746,209,66,0,0,66.000,300.13
1299841,1272814,528328,30569,208,66,0,0,66.000,300.13
1299841,1184605,993229,22836,375,66,0,0,66.000,300.13
1299841,626935,1077403,1009,209,66,0,0,66.000,300.13
1299841,1206066,35982,4272,167,66,0,0,66.000,300.13
1299841,586758,69005,32464,167,66,0,0,66.000,300.13
1299841,378003,1100650,24791,167,66,0,0,66.000,300.13
1299841,579133,1022744,46819,167,66,0,0,66.000,300.13
1299841,614843,1042671,7657,167,66,0,0,66.000,300.13
1299841,549801,465899,7500,166,66,0,0,66.000,300.13
1299841,300406,229495,25823,208,66,0,0,66.000,300.13
1299841,728776,778085,3647,167,66,0,0,66.000,300.13
1299841,796138,539419,1455,333,66,0,0,66.000,300.13
1299841,688001,1165247,458,208,66,0,0,66.000,300.13
1300307,350146,986966,645,208,66,0,0,66.000,161.40
1300307,524432,133081,7304,333,66,0,0,66.000,161.40
1300307,701904,543520,714,209,66,0,0,66.000,161.40
1300307,593949,1214552,1801,208,66,0,0,66.000,161.40
1300307,736644,253996,5586,166,66,0,0,66.000,161.40
1300307,91543,272192,425,167,66,0,0,66.000,161.40
1300307,747983,553529,13597,209,66,0,0,66.000,161.40
1300307,237169,868419,13310,208,66,0,0,66.000,161.40
1300307,874088,557765,5256,375,66,0,0,66.000,161.40
1300307,814556,855332,1305,166,66,0,0,66.000,161.40
1300307,61345,529111,17086,333,66,0,0,66.000,161.40
1300307,1252274,838139,3740,167,66,0,0,66.000,161.40
1300307,30589,899243,14529,375,66,0,0,66.000,161.40
1300307,925813,876956,3540,166,66,0,0,66.000,161.40
1300307,1035742,570687,18415,166,66,0,0,66.000,161.40
1300307,668200,641173,10914,167,66,0,0,66.000,161.40
1300307,863928,232722,17856,209,66,0,0,66.000,161.40
1300307,992659,975156,1409,208,66,0,0,66.000,161.40
1300307,428043,37146,21946,375,66,0,0,66.000,161.40
1300307,1276998,1121566,7598,208,66,0,0,66.000,161.40
1305643,328116,1106525,3281,166,66,0,0,66.000,139.29
1305643,54358,306055,3536,167,66,0,0,66.000,139.29
1305643,847446,1303224,1231,167,66,0,0,66.000,139.29
1305643,617561,501425,506,208,66,0,0,66.000,139.29
1305643,300743,77413,1745,208,66,0,0,66.000,139.29
1305643,145330,150636,3671,167,66,0,0,66.000,139.29
1305643,1220649,1209524,26989,208,66,0,0,66.000,139.29
1305643,989517,1069365,3646,208,66,0,0,66.000,139.29
1305643,816152,707052,14214,208,66,0,0,66.000,139.29
1305643,1213681,526152,10940,375,66,0,0,66.000,139.29
1305643,459527,1194066,13835,208,66,0,0,66.000,139.29
1305643,940415,1199554,3479,250,66,0,0,66.000,139.29
1305643,933461,806701,15019,208,66,0,0,66.000,139.29
1305643,810715,148977,2120,166,66,0,0,66.000,139.29
1305643,69579,68240,17676,208,66,0,0,66.000,139.29
1305643,114028,31798,1064,167,66,0,0,66.000,139.29
1305643,874283,717045,3488,166,66,0,0,66.000,139.29
1305643,1119110,961048,3810,208,66,0,0,66.000,139.29
1305643,933022,892928,4086,208,66,0,0,66.000,139.29
1305643,162907,348661,11418,166,66,0,0,66.000,139.29
1307437,131507,764511,1101,167,66,0,0,66.000,408.89
1307437,490245,1083221,34197,333,66,0,0,66.000,408.89
1307437,354472,163393,4495,208,66,0,0,66.000,408.89
1307437,955958,281455,14654,208,66,0,0,66.000,408.89
1307437,697959,615062,12643,209,66,0,0,66.000,408.89
1307437,799551,120577,56940,208,66,0,0,66.000,408.89
1307437,277252,1028901,7742,208,66,0,0,66.000,408.89
1307437,1083470,378970,12720,167,66,0,0,66.000,408.89
1307437,166385,809805,17119,333,66,0,0,66.000,408.89
1307437,1023802,589967,794,208,66,0,0,66.000,408.89
1307437,33009,61862,907,208,66,0,0,66.000,408.89
1307437,563188,17036,8305,167,66,0,0,66.000,408.89
1307437,1095092,966622,22469,209,66,0,0,66.000,408.89
1307437,225159,406765,12200,166,66,0,0,66.000,408.89
1307437,827784,80994,19230,208,66,0,0,66.000,408.89
1307437,750708,942277,82489,333,66,0,0,66.000,408.89
1307437,103447,267223,34502,208,66,0,0,66.000,408.89
1307437,567905,1193865,14318,291,66,0,0,66.000,408.89
1307437,1154309,785513,53345,334,66,0,0,66.000,408.89
1307437,1077386,681742,25370,166,66,0,0,66.000,408.89
1308343,438668,857841,727,166,66,0,0,66.000,100.89
1308343,591331,1196335,2543,167,66,0,0,66.000,100.89
1308343,654782,307539,17062,208,66,0,0,66.000,100.89
1308343,482971,138384,4837,167,66,0,0,66.000,100.89
1308343,888453,875154,12033,167,66,0,0,66.000,100.89
1308343,1075177,1115521,14021,166,66,0,0,66.000,100.89
1308343,1290307,263143,6,167,66,0,0,66.000,100.89
1308343,793325,841489,9071,166,66,0,0,66.000,100.89
1308343,388995,810119,6090,208,66,0,0,66.000,100.89
1308343,114945,860131,9012,167,66,0,0,66.000,100.89
1308343,1116263,578812,1049,208,66,0,0,66.000,100.89
1308343,682834,663810,7300,209,66,0,0,66.000,100.89
1308343,1119942,883368,634,209,66,0,0,66.000,100.89
1308343,1039734,1198613,5958,166,66,0,0,66.000,100.89
1308343,969443,1090921,782,209,66,0,0,66.000,100.89
1308343,334122,612011,3105,167,66,0,0,66.000,100.89
1308343,295090,333154,1189,166,66,0,0,66.000,100.89
1308343,927888,932660,14183,167,66,0,0,66.000,100.89
1308343,468762,1306783,6758,166,66,0,0,66.000,100.89
1308343,192665,942847,1496,208,66,0,0,66.000,100.89
1308491,17719,105482,8104,334,66,0,0,66.000,185.28
1308491,1231993,899684,35773,208,66,0,0,66.000,185.28
1308491,499628,342646,13084,208,66,0,0,66.000,185.28
1308491,1144523,80618,6559,167,66,0,0,66.000,185.28
1308491,1045665,1260239,9105,333,66,0,0,66.000,185.28
1308491,308543,600486,801,166,66,0,0,66.000,185.28
1308491,105400,1178165,110,167,66,0,0,66.000,185.28
1308491,1262992,604807,3051,208,66,0,0,66.000,185.28
1308491,1251235,503872,13976,292,66,0,0,66.000,185.28
1308491,29714,199440,12913,167,66,0,0,66.000,185.28
1308491,1017617,519992,25702,166,66,0,0,66.000,185.28
1308491,1241936,814287,6611,167,66,0,0,66.000,185.28
1308491,1304248,107254,36976,208,66,0,0,66.000,185.28
1308491,938567,374245,625,208,66,0,0,66.000,185.28
1308491,67834,976858,2071,166,66,0,0,66.000,185.28
1308491,1206769,112281,15610,291,66,0,0,66.000,185.28
1308491,1251545,720946,7935,208,66,0,0,66.000,185.28
1308491,948247,759770,589,167,66,0,0,66.000,185.28
1308491,951229,217624,29902,209,66,0,0,66.000,185.28
1308491,1066074,83082,4467,292,66,0,0,66.000,185.28
1310759,943951,949820,9178,333,66,0,0,66.000,170.55
1310759,975341,1205627,4832,208,66,0,0,66.000,170.55
1310759,1310717,890251,13778,292,66,0,0,66.000,170.55
1310759,855439,1159995,8211,167,66,0,0,66.000,170.55
1310759,748373,268683,19346,166,66,0,0,66.000,170.55
1310759,343553,642681,26789,416,66,0,0,66.000,170.55
1310759,988901,192692,5373,167,66,0,0,66.000,170.55
1310759,725160,1204187,17085,167,66,0,0,66.000,170.55
1310759,669694,247054,3280,292,66,0,0,66.000,170.55
1310759,788499,914953,461,167,66,0,0,66.000,170.55
1310759,99290,913028,9325,209,66,0,0,66.000,170.55
1310759,485026,871857,1082,167,66,0,0,66.000,170.55
1310759,475839,447254,12129,167,66,0,0,66.000,170.55
1310759,315977,41758,23876,209,66,0,0,66.000,170.55
1310759,316336,839273,2368,167,66,0,0,66.000,170.55
1310759,1235709,714708,14995,166,66,0,0,66.000,170.55
1310759,1115762,810997,1188,167,66,0,0,66.000,170.55
1310759,996692,622888,9266,166,66,0,0,66.000,170.55
1310759,1301466,121560,9508,167,66,0,0,66.000,170.55
1310759,1276710,1166957,8011,167,66,0,0,66.000,170.55
1311367,177646,420325,3723,167,66,0,0,66.000,199.61
1311367,428225,274764,22156,167,66,0,0,66.000,199.61
1311367,736183,116784,8646,208,66,0,0,66.000,199.61
1311367,49963,1055095,3038,208,66,0,0,66.000,199.61
1311367,279828,233963,13305,208,66,0,0,66.000,199.61
1311367,1074526,650913,15748,166,66,0,0,66.000,199.61
1311367,984700,28673,5072,166,66,0,0,66.000,199.61
1311367,112604,366758,2316,166,66,0,0,66.000,199.61
1311367,1020,360269,24654,209,66,0,0,66.000,199.61
1311367,17673,901056,21909,208,66,0,0,66.000,199.61
1311367,1243548,1220610,36592,208,66,0,0,66.000,199.61
1311367,1251813,1162358,8335,209,66,0,0,66.000,199.61
1311367,502461,93970,1151,167,66,0,0,66.000,199.61
1311367,870451,1016049,7300,167,66,0,0,66.000,199.61
1311367,1212406,988039,2269,167,66,0,0,66.000,199.61
1311367,946111,491626,277,208,66,0,0,66.000,199.61
1311367,390336,891225,13238,375,66,0,0,66.000,199.61
1311367,536350,1159589,15151,208,66,0,0,66.000,199.61
1311367,266191,690056,6405,125,66,0,0,66.000,199.61
1311367,264873,374894,4650,167,66,0,0,66.000,199.61
1315591,1312430,13288,2337,166,66,0,0,66.000,187.47
1315591,681339,454506,213,208,66,0,0,66.000,187.47
1315591,280252,209273,3157,185,66,0,0,66.000,187.47
1315591,507288,823247,3905,208,66,0,0,66.000,187.47
1315591,827797,944766,21653,166,66,0,0,66.000,187.47
1315591,787638,31996,17761,208,66,0,0,66.000,187.47
1315591,967747,1176859,1797,167,66,0,0,66.000,187.47
1315591,1296473,911602,45393,208,66,0,0,66.000,187.47
1315591,1270833,263658,10626,167,66,0,0,66.000,187.47
1315591,1201636,1108717,6585,166,66,0,0,66.000,187.47
1315591,978813,898666,5536,167,66,0,0,66.000,187.47
1315591,1274496,602835,2929,208,66,0,0,66.000,187.47
1315591,97091,997391,1412,209,66,0,0,66.000,187.47
1315591,99742,686143,5483,166,66,0,0,66.000,187.47
1315591,1013306,883770,179,208,66,0,0,66.000,187.47
1315591,425269,390435,23462,167,66,0,0,66.000,187.47
1315591,342601,842804,6790,167,66,0,0,66.000,187.47
1315591,399875,93161,1792,208,66,0,0,66.000,187.47
1315591,337007,827957,6184,167,66,0,0,66.000,187.47
1315591,1187214,1201201,39158,209,66,0,0,66.000,187.47
1317683,169735,1308094,13505,125,66,0,0,66.000,135.19
1317683,175582,278523,780,208,66,0,0,66.000,135.19
1317683,178632,438699,7602,167,66,0,0,66.000,135.19
1317683,681280,616099,4679,291,66,0,0,66.000,135.19
1317683,146243,959860,4646,184,66,0,0,66.000,135.19
1317683,154466,261043,25708,208,66,0,0,66.000,135.19
1317683,871662,20692,10911,167,66,0,0,66.000,135.19
1317683,967785,320866,10025,167,66,0,0,66.000,135.19
1317683,715259,191826,4732,208,66,0,0,66.000,135.19
1317683,631394,330348,1563,208,66,0,0,66.000,135.19
1317683,1288813,41861,46333,208,66,0,0,66.000,135.19
1317683,667033,663112,3948,208,66,0,0,66.000,135.19
1317683,414089,354551,2260,333,66,0,0,66.000,135.19
1317683,831316,1230793,5004,291,66,0,0,66.000,135.19
1317683,1017622,628931,2778,208,66,0,0,66.000,135.19
1317683,195853,122870,3378,208,66,0,0,66.000,135.19
1317683,909995,1307132,441,166,66,0,0,66.000,135.19
1317683,110189,1262513,1111,208,66,0,0,66.000,135.19
1317683,1129649,193161,21988,209,66,0,0,66.000,135.19
1317683,721130,120913,1305,209,66,0,0,66.000,135.19
1318729,1132905,748651,2216,208,66,0,0,66.000,93.46
1318729,874838,1296418,138,167,66,0,0,66.000,93.46
1318729,120525,1040414,18213,166,66,0,0,66.000,93.46
1318729,262314,1239906,6091,167,66,0,0,66.000,93.46
1318729,348748,859962,460,167,66,0,0,66.000,93.46
1318729,1169328,955929,7764,334,66,0,0,66.000,93.46
1318729,1275627,480029,18354,167,66,0,0,66.000,93.46
1318729,194726,1203148,721,167,66,0,0,66.000,93.46
1318729,974040,1042905,7507,208,66,0,0,66.000,93.46
1318729,137497,64270,838,208,66,0,0,66.000,93.46
1318729,1180874,334306,9658,166,66,0,0,66.000,93.46
1318729,882793,25873,1894,167,66,0,0,66.000,93.46
1318729,970112,212604,998,166,66,0,0,66.000,93.46
1318729,677728,678939,5215,167,66,0,0,66.000,93.46
1318729,641952,888914,264,167,66,0,0,66.000,93.46
1318729,1257105,809577,6817,167,66,0,0,66.000,93.46
1318729,946737,25830,714,208,66,0,0,66.000,93.46
1318729,633720,183515,3862,333,66,0,0,66.000,93.46
1318729,110822,1243123,1599,167,66,0,0,66.000,93.46
1318729,565910,1262808,8106,167,66,0,0,66.000,93.46
1322021,429053,919828,15157,166,66,0,0,66.000,349.33
1322021,152704,409060,6859,167,66,0,0,66.000,349.33
1322021,16898,1269549,19884,208,66,0,0,66.000,349.33
1322021,1204282,115686,4209,167,66,0,0,66.000,349.33
1322021,500288,730345,15560,209,66,0,0,66.000,349.33
1322021,744062,877955,17253,167,66,0,0,66.000,349.33
1322021,933600,1239095,18888,250,66,0,0,66.000,349.33
1322021,1011429,359092,6012,167,66,0,0,66.000,349.33
1322021,1052359,1233843,34618,208,66,0,0,66.000,349.33
1322021,1046671,421824,20968,208,66,0,0,66.000,349.33
1322021,107190,1106174,13887,167,66,0,0,66.000,349.33
1322021,720355,267672,30257,208,66,0,0,66.000,349.33
1322021,1313017,913009,64020,167,66,0,0,66.000,349.33
1322021,935027,362453,20963,166,66,0,0,66.000,349.33
1322021,1314045,811396,2570,166,66,0,0,66.000,349.33
1322021,1307496,754506,7389,209,66,0,0,66.000,349.33
1322021,660522,98540,19901,208,66,0,0,66.000,349.33
1322021,1184502,89271,6349,166,66,0,0,66.000,349.33
1322021,1182729,491969,26381,250,66,0,0,66.000,349.33
1322021,888158,540778,4889,375,66,0,0,66.000,349.33
1322389,224944,84558,25092,209,66,0,0,66.000,401.07
1322389,641871,1133451,5192,209,66,0,0,66.000,401.07
1322389,563765,978589,25631,166,66,0,0,66.000,401.07
1322389,64837,455258,19293,167,66,0,0,66.000,401.07
1322389,1155175,826481,16861,250,66,0,0,66.000,401.07
1322389,196926,511098,4398,167,66,0,0,66.000,401.07
1322389,745059,275277,22880,208,66,0,0,66.000,401.07
1322389,1148256,978717,7205,209,66,0,0,66.000,401.07
1322389,1264625,852622,20763,166,66,0,0,66.000,401.07
1322389,575773,716865,44586,167,66,0,0,66.000,401.07
1322389,1131273,624036,40558,208,66,0,0,66.000,401.07
1322389,1133149,1282365,58596,166,66,0,0,66.000,401.07
1322389,303404,225325,31565,208,66,0,0,66.000,401.07
1322389,366439,594293,2009,167,66,0,0,66.000,401.07
1322389,670298,486795,12919,167,66,0,0,66.000,401.07
1322389,812198,303277,107888,209,66,0,0,66.000,401.07
1322389,59158,773631,23018,208,66,0,0,66.000,401.07
1322389,362609,153304,16423,166,66,0,0,66.000,401.07
1322389,1118653,475032,13959,209,66,0,0,66.000,401.07
1322389,247785,702737,7779,167,66,0,0,66.000,401.07
1326307,907205,1134712,8985,208,66,0,0,66.000,198.29
1326307,216400,630504,8507,333,66,0,0,66.000,198.29
1326307,1237103,547584,13231,166,66,0,0,66.000,198.29
1326307,1186282,1255284,47205,166,66,0,0,66.000,198.29
1326307,834377,1065525,37368,166,66,0,0,66.000,198.29
1326307,1054158,350059,5148,292,66,0,0,66.000,198.29
1326307,292126,93108,2012,167,66,0,0,66.000,198.29
1326307,81246,659892,2430,167,66,0,0,66.000,198.29
1326307,720094,846573,1448,208,66,0,0,66.000,198.29
1326307,1044898,1100966,2716,167,66,0,0,66.000,198.29
1326307,116987,97037,6403,209,66,0,0,66.000,198.29
1326307,109903,1131333,4758,167,66,0,0,66.000,198.29
1326307,1185591,260308,20054,166,66,0,0,66.000,198.29
1326307,430827,952694,13864,167,66,0,0,66.000,198.29
1326307,55434,643899,7169,209,66,0,0,66.000,198.29
1326307,360383,115349,5177,167,66,0,0,66.000,198.29
1326307,7322,493820,2971,166,66,0,0,66.000,198.29
1326307,545683,176083,1451,167,66,0,0,66.000,198.29
1326307,839001,855990,5091,208,66,0,0,66.000,198.29
1326307,1101131,1227882,31849,167,66,0,0,66.000,198.29
1327369,1321987,28108,349,167,66,0,0,66.000,45.56
1327369,79796,1101987,1360,166,66,0,0,66.000,45.56
1327369,87842,538955,2401,208,66,0,0,66.000,45.56
1327369,1308228,848807,593,167,66,0,0,66.000,45.56
1327369,172567,1183164,2810,167,66,0,0,66.000,45.56
1327369,617307,941415,7126,208,66,0,0,66.000,45.56
1327369,58308,944213,2387,166,66,0,0,66.000,45.56
1327369,803095,1097637,3945,292,66,0,0,66.000,45.56
1327369,497505,510625,2429,209,66,0,0,66.000,45.56
1327369,715353,1030243,7569,167,66,0,0,66.000,45.56
1327369,398237,299178,1311,209,66,0,0,66.000,45.56
1327369,1143542,1043847,131,166,66,0,0,66.000,45.56
1327369,872271,366371,1876,167,66,0,0,66.000,45.56
1327369,341279,906219,2565,167,66,0,0,66.000,45.56
1327369,612319,1024718,4361,334,66,0,0,66.000,45.56
1327369,444400,284221,1860,167,66,0,0,66.000,45.56
1327369,1208117,720779,672,184,66,0,0,66.000,45.56
1327369,536482,977165,2522,166,66,0,0,66.000,45.56
1327369,615581,236802,1450,166,66,0,0,66.000,45.56
1327369,158194,440374,5141,167,66,0,0,66.000,45.56
1328179,296361,222683,11019,167,66,0,0,66.000,114.80
1328179,1270209,651235,1013,208,66,0,0,66.000,114.80
1328179,1104462,525781,1529,208,66,0,0,66.000,114.80
1328179,38328,641982,2057,166,66,0,0,66.000,114.80
1328179,330975,533243,6702,333,66,0,0,66.000,114.80
1328179,722653,1009998,587,167,66,0,0,66.000,114.80
1328179,679117,560269,11088,208,66,0,0,66.000,114.80
1328179,1280677,1103189,290,208,66,0,0,66.000,114.80
1328179,28724,1189709,15313,208,66,0,0,66.000,114.80
1328179,942109,116222,3557,208,66,0,0,66.000,114.80
1328179,1162450,331352,6109,208,66,0,0,66.000,114.80
1328179,438751,341695,7908,167,66,0,0,66.000,114.80
1328179,666013,405936,897,333,66,0,0,66.000,114.80
1328179,416045,520737,3545,167,66,0,0,66.000,114.80
1328179,5435,903328,11268,208,66,0,0,66.000,114.80
1328179,866937,456124,7774,292,66,0,0,66.000,114.80
1328179,1102000,137930,15829,208,66,0,0,66.000,114.80
1328179,261434,1246387,5554,334,66,0,0,66.000,114.80
1328179,459196,530773,9738,208,66,0,0,66.000,114.80
1328179,359416,209673,2017,208,66,0,0,66.000,114.80
1328563,1226671,162545,5572,167,66,0,0,66.000,283.43
1328563,396368,455946,16727,167,66,0,0,66.000,283.43
1328563,445900,1293368,10743,208,66,0,0,66.000,283.43
1328563,187789,388485,9739,208,66,0,0,66.000,283.43
1328563,892005,356137,1320,208,66,0,0,66.000,283.43
1328563,1047414,179461,8958,167,66,0,0,66.000,283.43
1328563,874788,317867,4753,167,66,0,0,66.000,283.43
1328563,431660,1000677,14050,167,66,0,0,66.000,283.43
1328563,1270350,931025,5188,334,66,0,0,66.000,283.43
1328563,588673,784193,5896,167,66,0,0,66.000,283.43
1328563,990056,294401,35554,167,66,0,0,66.000,283.43
1328563,586034,379276,18585,209,66,0,0,66.000,283.43
1328563,24583,1266578,9650,375,66,0,0,66.000,283.43
1328563,267850,1276736,45577,167,66,0,0,66.000,283.43
1328563,461244,554230,6803,166,66,0,0,66.000,283.43
1328563,305042,242683,24620,292,66,0,0,66.000,283.43
1328563,175398,498126,28501,167,66,0,0,66.000,283.43
1328563,215114,25954,32204,166,66,0,0,66.000,283.43
1328563,726426,390100,20784,167,66,0,0,66.000,283.43
1328563,1136173,141948,6432,292,66,0,0,66.000,283.43
1330253,86164,798458,13670,167,66,0,0,66.000,255.09
1330253,721949,154816,11996,209,66,0,0,66.000,255.09
1330253,510871,251983,29099,333,66,0,0,66.000,255.09
1330253,911490,1291989,6485,209,66,0,0,66.000,255.09
1330253,135887,834580,826,208,66,0,0,66.000,255.09
1330253,118832,1153799,28500,167,66,0,0,66.000,255.09
1330253,463630,796603,8174,166,66,0,0,66.000,255.09
1330253,162085,823809,8801,167,66,0,0,66.000,255.09
1330253,567708,495300,8869,208,66,0,0,66.000,255.09
1330253,701568,619024,54422,166,66,0,0,66.000,255.09
1330253,573893,651508,12018,209,66,0,0,66.000,255.09
1330253,1074542,1269258,742,208,66,0,0,66.000,255.09
1330253,1088639,485844,28275,167,66,0,0,66.000,255.09
1330253,1051167,1264489,1518,250,66,0,0,66.000,255.09
1330253,1041014,272593,4711,166,66,0,0,66.000,255.09
1330253,31230,104465,5458,166,66,0,0,66.000,255.09
1330253,318112,670450,3330,209,66,0,0,66.000,255.09
1330253,972909,607715,8070,209,66,0,0,66.000,255.09
1330253,209875,945506,6297,208,66,0,0,66.000,255.09
1330253,377888,625245,19240,209,66,0,0,66.000,255.09
1330519,1027061,622864,1603,334,66,0,0,66.000,93.93
1330519,1099807,1155433,1371,209,66,0,0,66.000,93.93
1330519,428337,1235240,1575,208,66,0,0,66.000,93.93
1330519,801420,1111302,87,208,66,0,0,66.000,93.93
1330519,1165766,587170,18473,209,66,0,0,66.000,93.93
1330519,953763,522996,11220,166,66,0,0,66.000,93.93
1330519,1050562,1213219,10306,208,66,0,0,66.000,93.93
1330519,192946,1129330,4346,167,66,0,0,66.000,93.93
1330519,574162,495310,1619,209,66,0,0,66.000,93.93
1330519,908365,911095,7088,209,66,0,0,66.000,93.93
1330519,66724,638604,5410,209,66,0,0,66.000,93.93
1330519,348384,772298,4638,334,66,0,0,66.000,93.93
1330519,812558,856693,1353,208,66,0,0,66.000,93.93
1330519,569774,286550,579,208,66,0,0,66.000,93.93
1330519,961053,1230030,1333,208,66,0,0,66.000,93.93
1330519,142582,830414,3501,208,66,0,0,66.000,93.93
1330519,684136,897088,11779,208,66,0,0,66.000,93.93
1330519,492125,513121,1238,167,66,0,0,66.000,93.93
1330519,76080,472320,3263,167,66,0,0,66.000,93.93
1330519,1246902,1052468,4876,334,66,0,0,66.000,93.93
1333273,760698,354470,25134,209,66,0,0,66.000,191.20
1333273,1003649,964156,41619,166,66,0,0,66.000,191.20
1333273,903116,734535,2044,167,66,0,0,66.000,191.20
1333273,55829,303556,11761,334,66,0,0,66.000,191.20
1333273,749040,839866,9288,167,66,0,0,66.000,191.20
1333273,737838,548567,5219,208,66,0,0,66.000,191.20
1333273,596494,149722,5915,167,66,0,0,66.000,191.20
1333273,376481,899106,9561,334,66,0,0,66.000,191.20
1333273,738720,173190,14250,291,66,0,0,66.000,191.20
1333273,78526,1072772,6540,334,66,0,0,66.000,191.20
1333273,1229685,225138,3442,209,66,0,0,66.000,191.20
1333273,642066,889464,2210,167,66,0,0,66.000,191.20
1333273,142905,412076,26064,208,66,0,0,66.000,191.20
1333273,1040051,389213,1421,291,66,0,0,66.000,191.20
1333273,1273320,916153,9694,208,66,0,0,66.000,191.20
1333273,998247,1141550,24514,333,66,0,0,66.000,191.20
1333273,807330,596755,27604,166,66,0,0,66.000,191.20
1333273,808960,293652,4729,208,66,0,0,66.000,191.20
1333273,1085179,604456,5052,208,66,0,0,66.000,191.20
1333273,492679,699478,5977,208,66,0,0,66.000,191.20
1334233,1134437,1175585,3514,166,66,0,0,66.000,203.15
1334233,1111435,364949,41170,208,66,0,0,66.000,203.15
1334233,727080,495344,8876,167,66,0,0,66.000,203.15
1334233,160604,559667,5147,167,66,0,0,66.000,203.15
1334233,1240460,1212844,51014,167,66,0,0,66.000,203.15
1334233,831371,799059,9956,208,66,0,0,66.000,203.15
1334233,222770,478708,10919,167,66,0,0,66.000,203.15
1334233,285576,462600,6594,167,66,0,0,66.000,203.15
1334233,162129,1278162,1747,209,66,0,0,66.000,203.15
1334233,1106632,1037465,21432,208,66,0,0,66.000,203.15
1334233,305594,736271,142,166,66,0,0,66.000,203.15
1334233,111316,1300102,16541,167,66,0,0,66.000,203.15
1334233,571185,1143902,1958,208,66,0,0,66.000,203.15
1334233,1280336,604550,1319,166,66,0,0,66.000,203.15
1334233,173421,15757,6402,208,66,0,0,66.000,203.15
1334233,1272036,392781,84,209,66,0,0,66.000,203.15
1334233,143095,1151820,4403,208,66,0,0,66.000,203.15
1334233,340696,108142,20652,334,66,0,0,66.000,203.15
1334233,605802,748560,90,167,66,0,0,66.000,203.15
1334233,62658,464149,7106,208,66,0,0,66.000,203.15
1334401,22187,542151,4067,208,66,0,0,66.000,232.81
1334401,919411,119608,9496,166,66,0,0,66.000,232.81
1334401,970407,230600,16716,208,66,0,0,66.000,232.81
1334401,878164,1241457,11548,208,66,0,0,66.000,232.81
1334401,243427,383950,16925,375,66,0,0,66.000,232.81
1334401,573401,327563,15195,208,66,0,0,66.000,232.81
1334401,1108835,447954,3153,208,66,0,0,66.000,232.81
1334401,1131257,887443,33218,209,66,0,0,66.000,232.81
1334401,1052694,1045895,493,167,66,0,0,66.000,232.81
1334401,1249942,370566,9527,334,66,0,0,66.000,232.81
1334401,110020,615832,5791,125,66,0,0,66.000,232.81
1334401,549117,347291,21893,167,66,0,0,66.000,232.81
1334401,1170454,910907,787,208,66,0,0,66.000,232.81
1334401,244252,601758,3625,167,66,0,0,66.000,232.81
1334401,395985,1131488,3405,209,66,0,0,66.000,232.81
1334401,727585,699952,9690,167,66,0,0,66.000,232.81
1334401,1098714,1322770,29528,208,66,0,0,66.000,232.81
1334401,1248706,1222004,16305,416,66,0,0,66.000,232.81
1334401,832729,937842,25492,167,66,0,0,66.000,232.81
1334401,254226,696567,13636,208,66,0,0,66.000,232.81
1335343,273217,1209080,27491,209,66,0,0,66.000,214.07
1335343,107082,102896,8823,209,66,0,0,66.000,214.07
1335343,219827,334729,6675,208,66,0,0,66.000,214.07
1335343,1204532,1045906,1136,334,66,0,0,66.000,214.07
1335343,568886,210719,22931,208,66,0,0,66.000,214.07
1335343,18581,120892,5220,225,66,0,0,66.000,214.07
1335343,1098066,50906,3966,209,66,0,0,66.000,214.07
1335343,1227841,756034,17356,167,66,0,0,66.000,214.07
1335343,927648,916456,33413,333,66,0,0,66.000,214.07
1335343,1330037,533357,29628,167,66,0,0,66.000,214.07
1335343,1197459,1148539,4843,167,66,0,0,66.000,214.07
1335343,744359,230798,5759,166,66,0,0,66.000,214.07
1335343,541333,841567,3104,167,66,0,0,66.000,214.07
1335343,23730,257514,29,375,66,0,0,66.000,214.07
1335343,293501,382017,12392,166,66,0,0,66.000,214.07
1335343,107024,1013287,2999,167,66,0,0,66.000,214.07
1335343,498043,1196855,692,208,66,0,0,66.000,214.07
1335343,1153308,1242241,11166,208,66,0,0,66.000,214.07
1335343,367665,1025481,7538,208,66,0,0,66.000,214.07
1335343,586776,933800,27722,209,66,0,0,66.000,214.07
1336463,1200288,30555,3617,167,66,0,0,66.000,228.18
1336463,139318,599283,16189,167,66,0,0,66.000,228.18
1336463,877681,792028,15053,167,66,0,0,66.000,228.18
1336463,117841,418892,455,167,66,0,0,66.000,228.18
1336463,289895,146498,1237,167,66,0,0,66.000,228.18
1336463,573163,789434,26116,166,66,0,0,66.000,228.18
1336463,1003616,182992,3320,209,66,0,0,66.000,228.18
1336463,940420,886666,1695,167,66,0,0,66.000,228.18
1336463,1034592,292881,6332,209,66,0,0,66.000,228.18
1336463,1036073,925156,40169,208,66,0,0,66.000,228.18
1336463,71796,399370,1592,334,66,0,0,66.000,228.18
1336463,684143,392810,12503,166,66,0,0,66.000,228.18
1336463,1114590,516930,19432,167,66,0,0,66.000,228.18
1336463,289895,506265,27981,208,66,0,0,66.000,228.18
1336463,950281,247986,25723,209,66,0,0,66.000,228.18
1336463,786207,1028648,19995,166,66,0,0,66.000,228.18
1336463,110232,511551,10608,167,66,0,0,66.000,228.18
1336463,192862,374415,3876,334,66,0,0,66.000,228.18
1336463,491634,951742,8873,167,66,0,0,66.000,228.18
1336463,24321,3766,9346,142,66,0,0,66.000,228.18
1336901,1242108,58509,14262,209,66,0,0,66.000,218.03
1336901,591676,848060,6700,167,66,0,0,66.000,218.03
1336901,901710,952623,16475,208,66,0,0,66.000,218.03
1336901,755560,940260,10129,209,66,0,0,66.000,218.03
1336901,1082246,786618,23199,208,66,0,0,66.000,218.03
1336901,387588,606451,7757,166,66,0,0,66.000,218.03
1336901,308532,748546,16239,167,66,0,0,66.000,218.03
1336901,337756,366106,8149,292,66,0,0,66.000,218.03
1336901,575554,431488,383,166,66,0,0,66.000,218.03
1336901,808619,713547,12086,166,66,0,0,66.000,218.03
1336901,209061,1194598,17274,208,66,0,0,66.000,218.03
1336901,352745,954371,1910,167,66,0,0,66.000,218.03
1336901,120628,620700,41589,167,66,0,0,66.000,218.03
1336901,1292904,682828,2151,167,66,0,0,66.000,218.03
1336901,497388,1090244,33183,292,66,0,0,66.000,218.03
1336901,1176430,139934,4527,167,66,0,0,66.000,218.03
1336901,1274020,195354,10209,166,66,0,0,66.000,218.03
1336901,1146502,241780,14577,167,66,0,0,66.000,218.03
1336901,1270320,563812,563,209,66,0,0,66.000,218.03
1336901,1266116,72618,11779,166,66,0,0,66.000,218.03
1338377,3675,412357,33377,166,66,0,0,66.000,158.33
1338377,1130932,524503,19688,208,66,0,0,66.000,158.33
1338377,470734,651134,16916,333,66,0,0,66.000,158.33
1338377,340004,1122499,8227,167,66,0,0,66.000,158.33
1338377,985239,1200354,2947,167,66,0,0,66.000,158.33
1338377,784326,1127246,6484,333,66,0,0,66.000,158.33
1338377,162057,1094186,1561,166,66,0,0,66.000,158.33
1338377,81060,841533,16488,209,66,0,0,66.000,158.33
1338377,964327,400142,22614,209,66,0,0,66.000,158.33
1338377,88069,1257926,1091,208,66,0,0,66.000,158.33
1338377,875787,1024548,8881,208,66,0,0,66.000,158.33
1338377,1184977,70270,7691,167,66,0,0,66.000,158.33
1338377,1154674,117499,11619,166,66,0,0,66.000,158.33
1338377,1319356,1176598,16212,208,66,0,0,66.000,158.33
1338377,553760,236376,158,166,66,0,0,66.000,158.33
1338377,987513,677217,2894,208,66,0,0,66.000,158.33
1338377,506295,896162,3709,166,66,0,0,66.000,158.33
1338377,941878,355032,1061,167,66,0,0,66.000,158.33
1338377,17737,597133,632,209,66,0,0,66.000,158.33
1338377,1325526,334773,1987,208,66,0,0,66.000,158.33
1338653,1185282,58873,7931,208,66,0,0,66.000,599.69
1338653,7444,670210,61364,167,66,0,0,66.000,599.69
1338653,226414,324039,26994,167,66,0,0,66.000,599.69
1338653,432064,1265199,1745,166,66,0,0,66.000,599.69
1338653,545456,1267374,36965,209,66,0,0,66.000,599.69
1338653,306209,131375,43795,167,66,0,0,66.000,599.69
1338653,925418,922559,3212,208,66,0,0,66.000,599.69
1338653,603846,694809,42755,167,66,0,0,66.000,599.69
1338653,1283133,463287,66147,208,66,0,0,66.000,599.69
1338653,53673,508233,16120,209,66,0,0,66.000,599.69
1338653,565995,1148243,32919,167,66,0,0,66.000,599.69
1338653,978687,9708,72722,208,66,0,0,66.000,599.69
1338653,339020,939127,19889,209,66,0,0,66.000,599.69
1338653,927941,621986,16498,209,66,0,0,66.000,599.69
1338653,848299,650448,51064,167,66,0,0,66.000,599.69
1338653,637174,770497,8302,167,66,0,0,66.000,599.69
1338653,688731,805187,43337,166,66,0,0,66.000,599.69
1338653,933721,1224097,3283,375,66,0,0,66.000,599.69
1338653,657881,461130,19684,417,66,0,0,66.000,599.69
1338653,638276,154777,51432,166,66,0,0,66.000,599.69
1341701,133479,81413,11035,167,66,0,0,66.000,165.54
1341701,1156665,1040687,9754,208,66,0,0,66.000,165.54
1341701,851427,1334992,41395,167,66,0,0,66.000,165.54
1341701,1097345,86517,2439,209,66,0,0,66.000,165.54
1341701,1226537,1116768,7802,208,66,0,0,66.000,165.54
1341701,431960,742742,12427,209,66,0,0,66.000,165.54
1341701,779755,672246,12082,167,66,0,0,66.000,165.54
1341701,286840,188706,6350,167,66,0,0,66.000,165.54
1341701,1211733,607547,6169,208,66,0,0,66.000,165.54
1341701,801547,1269175,2301,209,66,0,0,66.000,165.54
1341701,335183,848966,7661,167,66,0,0,66.000,165.54
1341701,610976,760939,15684,333,66,0,0,66.000,165.54
1341701,647124,440072,77,167,66,0,0,66.000,165.54
1341701,321491,150021,6649,167,66,0,0,66.000,165.54
1341701,1168520,633542,1027,166,66,0,0,66.000,165.54
1341701,651148,781577,19415,166,66,0,0,66.000,165.54
1341701,1245050,33937,5514,167,66,0,0,66.000,165.54
1341701,243788,457236,13938,167,66,0,0,66.000,165.54
1341701,1211733,1087635,2514,292,66,0,0,66.000,165.54
1341701,330329,678548,20225,209,66,0,0,66.000,165.54
1341841,706437,187226,11356,209,66,0,0,66.000,86.78
1341841,908245,375841,7789,166,66,0,0,66.000,86.78
1341841,1098988,525487,469,166,66,0,0,66.000,86.78
1341841,1204335,1331014,7209,208,66,0,0,66.000,86.78
1341841,957305,74793,3813,166,66,0,0,66.000,86.78
1341841,811417,1329484,14439,167,66,0,0,66.000,86.78
1341841,789401,441250,6782,167,66,0,0,66.000,86.78
1341841,1213600,1264299,7710,375,66,0,0,66.000,86.78
1341841,988880,1281795,1632,166,66,0,0,66.000,86.78
1341841,1179037,632653,5043,208,66,0,0,66.000,86.78
1341841,894148,97481,6284,208,66,0,0,66.000,86.78
1341841,807021,433202,8373,166,66,0,0,66.000,86.78
1341841,568969,340888,5734,166,66,0,0,66.000,86.78
1341841,441918,235613,1450,209,66,0,0,66.000,86.78
1341841,225775,1283359,3408,167,66,0,0,66.000,86.78
1341841,768674,1186242,6701,166,66,0,0,66.000,86.78
1341841,9053,1290891,1081,167,66,0,0,66.000,86.78
1341841,1219728,328690,5954,208,66,0,0,66.000,86.78
1341841,1286447,185119,676,208,66,0,0,66.000,86.78
1341841,1190921,491687,967,166,66,0,0,66.000,86.78
1341863,1200870,484314,7174,209,66,0,0,66.000,188.79
1341863,768595,515692,6751,208,66,0,0,66.000,188.79
1341863,382494,300684,8301,166,66,0,0,66.000,188.79
1341863,157640,1120853,4228,167,66,0,0,66.000,188.79
1341863,616438,121236,4886,208,66,0,0,66.000,188.79
1341863,1109596,496953,27987,167,66,0,0,66.000,188.79
1341863,1037056,56155,23273,167,66,0,0,66.000,188.79
1341863,193690,302075,117,209,66,0,0,66.000,188.79
1341863,552933,667741,11382,208,66,0,0,66.000,188.79
1341863,857270,949587,6829,166,66,0,0,66.000,188.79
1341863,678984,724559,6288,166,66,0,0,66.000,188.79
1341863,331191,789203,113,166,66,0,0,66.000,188.79
1341863,555965,466899,12449,167,66,0,0,66.000,188.79
1341863,1213953,94576,5390,167,66,0,0,66.000,188.79
1341863,702992,1187384,7493,167,66,0,0,66.000,188.79
1341863,1199545,527027,5456,167,66,0,0,66.000,188.79
1341863,1030646,355779,33506,208,66,0,0,66.000,188.79
1341863,868963,1129712,36505,167,66,0,0,66.000,188.79
1341863,326687,1334532,4967,208,66,0,0,66.000,188.79
1341863,302702,1026836,910,208,66,0,0,66.000,188.79
1344829,351438,799771,5378,209,66,0,0,66.000,261.82
1344829,69461,767808,7242,208,66,0,0,66.000,261.82
1344829,94203,316233,11586,208,66,0,0,66.000,261.82
1344829,169553,2962,418,167,66,0,0,66.000,261.82
1344829,1144329,118846,5491,167,66,0,0,66.000,261.82
1344829,1096398,75209,11231,208,66,0,0,66.000,261.82
1344829,1026268,535921,39895,166,66,0,0,66.000,261.82
1344829,230415,546307,6647,333,66,0,0,66.000,261.82
1344829,654300,1274842,308,166,66,0,0,66.000,261.82
1344829,958929,782988,24767,208,66,0,0,66.000,261.82
1344829,403819,717170,30431,167,66,0,0,66.000,261.82
1344829,305425,520024,24391,167,66,0,0,66.000,261.82
1344829,1142853,1187849,6503,167,66,0,0,66.000,261.82
1344829,291187,628889,5374,167,66,0,0,66.000,261.82
1344829,184522,377653,5069,167,66,0,0,66.000,261.82
1344829,276875,90506,23014,208,66,0,0,66.000,261.82
1344829,1104560,102943,22913,209,66,0,0,66.000,261.82
1344829,1164128,248940,15844,167,66,0,0,66.000,261.82
1344829,383822,680163,8897,209,66,0,0,66.000,261.82
1344829,1232310,431756,17792,208,66,0,0,66.000,261.82
1350257,82064,34287,5355,167,66,0,0,66.000,71.94
1350257,392446,1276645,74,167,66,0,0,66.000,71.94
1350257,318687,646565,3694,167,66,0,0,66.000,71.94
1350257,915907,1071421,368,208,66,0,0,66.000,71.94
1350257,65213,1323358,693,166,66,0,0,66.000,71.94
1350257,3652,552367,1515,166,66,0,0,66.000,71.94
1350257,280835,181500,5724,208,66,0,0,66.000,71.94
1350257,780369,582305,15409,166,66,0,0,66.000,71.94
1350257,108809,828546,617,334,66,0,0,66.000,71.94
1350257,634831,625587,18026,208,66,0,0,66.000,71.94
1350257,1217267,446891,2791,333,66,0,0,66.000,71.94
1350257,125144,552861,2142,208,66,0,0,66.000,71.94
1350257,463819,525457,1271,167,66,0,0,66.000,71.94
1350257,353567,872939,3035,208,66,0,0,66.000,71.94
1350257,520448,1088025,3448,167,66,0,0,66.000,71.94
1350257,1089468,978279,9375,209,66,0,0,66.000,71.94
1350257,300958,1208552,7144,208,66,0,0,66.000,71.94
1350257,751615,623857,196,167,66,0,0,66.000,71.94
1350257,1217267,1192332,1660,167,66,0,0,66.000,71.94
1350257,759048,189382,8153,209,66,0,0,66.000,71.94
1350911,1249010,22970,3027,166,66,0,0,66.000,177.22
1350911,694901,606462,7256,167,66,0,0,66.000,177.22
1350911,112774,275151,6455,167,66,0,0,66.000,177.22
1350911,547948,194547,1683,208,66,0,0,66.000,177.22
1350911,80007,723272,9518,209,66,0,0,66.000,177.22
1350911,238366,71352,4521,167,66,0,0,66.000,177.22
1350911,819507,484071,14503,208,66,0,0,66.000,177.22
1350911,1068863,380305,6374,209,66,0,0,66.000,177.22
1350911,187168,564342,6018,208,66,0,0,66.000,177.22
1350911,568563,1070454,28800,166,66,0,0,66.000,177.22
1350911,981388,1145777,17462,166,66,0,0,66.000,177.22
1350911,422453,591519,7775,166,66,0,0,66.000,177.22
1350911,503571,777762,2436,166,66,0,0,66.000,177.22
1350911,1231529,1340232,24195,167,66,0,0,66.000,177.22
1350911,1060437,1193413,3733,166,66,0,0,66.000,177.22
1350911,378705,1283306,6398,250,66,0,0,66.000,177.22
1350911,60084,1318136,30441,166,66,0,0,66.000,177.22
1350911,875677,695384,10181,333,66,0,0,66.000,177.22
1350911,589273,1240951,17850,208,66,0,0,66.000,177.22
1350911,225511,288093,2510,166,66,0,0,66.000,177.22
1352203,443546,979753,2603,167,66,0,0,66.000,87.97
1352203,575331,254863,1092,209,66,0,0,66.000,87.97
1352203,395535,856120,4007,208,66,0,0,66.000,87.97
1352203,160793,321937,4312,208,66,0,0,66.000,87.97
1352203,636218,75865,8394,167,66,0,0,66.000,87.97
1352203,992991,1235737,20148,333,66,0,0,66.000,87.97
1352203,43895,222331,9873,166,66,0,0,66.000,87.97
1352203,922568,761715,10845,208,66,0,0,66.000,87.97
1352203,1007963,291933,3730,167,66,0,0,66.000,87.97
1352203,417021,112091,1798,209,66,0,0,66.000,87.97
1352203,716488,800699,3091,333,66,0,0,66.000,87.97
1352203,1083590,804125,4166,166,66,0,0,66.000,87.97
1352203,607293,190409,4166,167,66,0,0,66.000,87.97
1352203,500075,1294119,2177,167,66,0,0,66.000,87.97
1352203,639975,1218894,1979,167,66,0,0,66.000,87.97
1352203,884617,968812,1760,208,66,0,0,66.000,87.97
1352203,1090100,342837,451,208,66,0,0,66.000,87.97
1352203,1028107,115421,5244,208,66,0,0,66.000,87.97
1352203,257786,91090,5792,334,66,0,0,66.000,87.97
1352203,449812,1235656,287,208,66,0,0,66.000,87.97
1355983,1235759,1350531,9007,208,66,0,0,66.000,113.27
1355983,372072,1259305,5991,209,66,0,0,66.000,113.27
1355983,641186,804852,4501,167,66,0,0,66.000,113.27
1355983,1073596,697593,8313,167,66,0,0,66.000,113.27
1355983,411539,433375,9456,208,66,0,0,66.000,113.27
1355983,440194,506378,1453,208,66,0,0,66.000,113.27
1355983,938957,274711,1579,166,66,0,0,66.000,113.27
1355983,990438,1116226,649,167,66,0,0,66.000,113.27
1355983,1269965,1352350,5345,167,66,0,0,66.000,113.27
1355983,727975,254034,8235,375,66,0,0,66.000,113.27
1355983,481934,467495,10109,167,66,0,0,66.000,113.27
1355983,825796,161858,5540,167,66,0,0,66.000,113.27
1355983,228201,1029034,9359,167,66,0,0,66.000,113.27
1355983,31343,344641,84,167,66,0,0,66.000,113.27
1355983,1343365,1289404,3358,250,66,0,0,66.000,113.27
1355983,814126,914784,8763,208,66,0,0,66.000,113.27
1355983,783764,315055,188,208,66,0,0,66.000,113.27
1355983,1078882,169547,12452,208,66,0,0,66.000,113.27
1355983,404915,704011,5086,167,66,0,0,66.000,113.27
1355983,1103701,532185,9717,208,66,0,0,66.000,113.27
1361593,870337,1289424,28969,167,66,0,0,66.000,192.94
1361593,1135401,613163,2070,166,66,0,0,66.000,192.94
1361593,1309339,637985,3047,208,66,0,0,66.000,192.94
1361593,52254,1083419,15267,184,66,0,0,66.000,192.94
1361593,819173,777483,4456,209,66,0,0,66.000,192.94
1361593,854088,668037,12091,167,66,0,0,66.000,192.94
1361593,1316630,352077,24814,167,66,0,0,66.000,192.94
1361593,134798,414419,15098,291,66,0,0,66.000,192.94
1361593,1030261,780710,9543,209,66,0,0,66.000,192.94
1361593,206514,1281795,952,209,66,0,0,66.000,192.94
1361593,493252,120869,449,209,66,0,0,66.000,192.94
1361593,89902,349186,2581,167,66,0,0,66.000,192.94
1361593,1191506,663422,21254,167,66,0,0,66.000,192.94
1361593,1036997,61570,5026,291,66,0,0,66.000,192.94
1361593,253274,844294,12612,333,66,0,0,66.000,192.94
1361593,219564,867270,9030,208,66,0,0,66.000,192.94
1361593,370882,778914,10506,208,66,0,0,66.000,192.94
1361593,1311474,255776,2049,208,66,0,0,66.000,192.94
1361593,1074183,1128814,37252,166,66,0,0,66.000,192.94
1361593,935961,1157964,14433,167,66,0,0,66.000,192.94
1364323,199531,302851,2069,208,66,0,0,66.000,96.53
1364323,486047,1077351,8720,208,66,0,0,66.000,96.53
1364323,436064,616494,5924,208,66,0,0,66.000,96.53
1364323,51179,838740,5904,208,66,0,0,66.000,96.53
1364323,1257126,489524,2089,250,66,0,0,66.000,96.53
1364323,932433,573856,6409,209,66,0,0,66.000,96.53
1364323,505211,258802,2875,208,66,0,0,66.000,96.53
1364323,864416,228459,259,333,66,0,0,66.000,96.53
1364323,1167428,1065570,5877,167,66,0,0,66.000,96.53
1364323,540107,417625,4513,209,66,0,0,66.000,96.53
1364323,1039420,1341206,9263,250,66,0,0,66.000,96.53
1364323,1097167,829049,6187,208,66,0,0,66.000,96.53
1364323,883835,403812,2406,166,66,0,0,66.000,96.53
1364323,568479,701943,8863,208,66,0,0,66.000,96.53
1364323,138461,485863,2028,333,66,0,0,66.000,96.53
1364323,564481,832005,3871,209,66,0,0,66.000,96.53
1364323,1094834,713489,3547,167,66,0,0,66.000,96.53
1364323,553521,382945,11436,209,66,0,0,66.000,96.53
1364323,1332124,647020,325,208,66,0,0,66.000,96.53
1364323,1270589,399620,6411,375,66,0,0,66.000,96.53
1366031,567573,146009,11134,167,66,0,0,66.000,150.05
1366031,154588,376105,12109,208,66,0,0,66.000,150.05
1366031,268797,743109,7537,167,66,0,0,66.000,150.05
1366031,707386,415575,12651,166,66,0,0,66.000,150.05
1366031,487996,80464,6812,209,66,0,0,66.000,150.05
1366031,426879,168417,2187,209,66,0,0,66.000,150.05
1366031,760527,698042,8871,167,66,0,0,66.000,150.05
1366031,259302,1299304,7972,166,66,0,0,66.000,150.05
1366031,1115722,161391,26397,208,66,0,0,66.000,150.05
1366031,110873,649590,3772,167,66,0,0,66.000,150.05
1366031,806613,955722,8336,167,66,0,0,66.000,150.05
1366031,622243,309516,26534,166,66,0,0,66.000,150.05
1366031,830009,123176,358,166,66,0,0,66.000,150.05
1366031,252746,237986,4035,167,66,0,0,66.000,150.05
1366031,341928,1342933,22461,166,66,0,0,66.000,150.05
1366031,532717,408766,5084,166,66,0,0,66.000,150.05
1366031,293775,373992,2796,208,66,0,0,66.000,150.05
1366031,149228,1010114,1355,167,66,0,0,66.000,150.05
1366031,1351577,1183273,1655,166,66,0,0,66.000,150.05
1366031,1248051,198406,4584,166,66,0,0,66.000,150.05
1366543,984308,673325,19188,167,66,0,0,66.000,183.61
1366543,959568,401538,619,209,66,0,0,66.000,183.61
1366543,399330,847516,740,209,66,0,0,66.000,183.61
1366543,913491,857193,4709,209,66,0,0,66.000,183.61
1366543,316913,1318177,99,166,66,0,0,66.000,183.61
1366543,1312421,577437,9989,209,66,0,0,66.000,183.61
1366543,165949,1248132,1935,291,66,0,0,66.000,183.61
1366543,1342759,194079,3933,292,66,0,0,66.000,183.61
1366543,1295810,1264261,57372,166,66,0,0,66.000,183.61
1366543,888685,1259318,2347,167,66,0,0,66.000,183.61
1366543,417731,325702,24338,167,66,0,0,66.000,183.61
1366543,732268,467453,5965,167,66,0,0,66.000,183.61
1366543,1334397,566021,1941,292,66,0,0,66.000,183.61
1366543,659640,1161073,9394,167,66,0,0,66.000,183.61
1366543,435845,786186,2777,166,66,0,0,66.000,183.61
1366543,1337243,1266966,16011,292,66,0,0,66.000,183.61
1366543,492945,1053455,14034,167,66,0,0,66.000,183.61
1366543,918399,292369,49971,166,66,0,0,66.000,183.61
1366543,1190041,72893,19977,167,66,0,0,66.000,183.61
1366543,430294,564230,847,167,66,0,0,66.000,183.61
1369733,1057652,1272617,12443,166,66,0,0,66.000,232.21
1369733,955623,1034190,557,167,66,0,0,66.000,232.21
1369733,792724,362003,27429,208,66,0,0,66.000,232.21
1369733,840965,156721,6692,375,66,0,0,66.000,232.21
1369733,179793,570074,53565,209,66,0,0,66.000,232.21
1369733,505615,379103,5972,167,66,0,0,66.000,232.21
1369733,725883,1274633,4393,250,66,0,0,66.000,232.21
1369733,511095,1274746,9359,208,66,0,0,66.000,232.21
1369733,405996,78617,2309,209,66,0,0,66.000,232.21
1369733,17906,1033695,5511,333,66,0,0,66.000,232.21
1369733,1187455,972382,9192,208,66,0,0,66.000,232.21
1369733,267308,206747,17911,166,66,0,0,66.000,232.21
1369733,900938,340693,19638,166,66,0,0,66.000,232.21
1369733,1312610,89443,10686,334,66,0,0,66.000,232.21
1369733,409480,1171128,1413,209,66,0,0,66.000,232.21
1369733,1102861,1021507,10818,208,66,0,0,66.000,232.21
1369733,1061071,186357,1356,333,66,0,0,66.000,232.21
1369733,864118,533720,25003,209,66,0,0,66.000,232.21
1369733,900938,606291,22794,166,66,0,0,66.000,232.21
1369733,531136,831162,654,208,66,0,0,66.000,232.21
1370459,954637,1035747,10846,167,66,0,0,66.000,193.78
1370459,877017,476053,6190,166,66,0,0,66.000,193.78
1370459,819463,699525,3516,208,66,0,0,66.000,193.78
1370459,995644,309675,7160,208,66,0,0,66.000,193.78
1370459,984493,1286889,21761,167,66,0,0,66.000,193.78
1370459,823239,773143,19908,209,66,0,0,66.000,193.78
1370459,320600,153432,2795,208,66,0,0,66.000,193.78
1370459,618886,802892,10180,166,66,0,0,66.000,193.78
1370459,1147137,74998,7210,209,66,0,0,66.000,193.78
1370459,650139,944140,8767,167,66,0,0,66.000,193.78
1370459,1257578,352270,28791,208,66,0,0,66.000,193.78
1370459,617741,149964,850,208,66,0,0,66.000,193.78
1370459,314118,184796,4614,208,66,0,0,66.000,193.78
1370459,1056689,949911,7411,209,66,0,0,66.000,193.78
1370459,4774,1194544,21195,167,66,0,0,66.000,193.78
1370459,304705,1193050,4137,208,66,0,0,66.000,193.78
1370459,629913,535548,3626,208,66,0,0,66.000,193.78
1370459,534160,1222201,133,208,66,0,0,66.000,193.78
1370459,1048429,525956,8245,209,66,0,0,66.000,193.78
1370459,443336,985121,28132,375,66,0,0,66.000,193.78
1371031,667267,712200,6229,208,66,0,0,66.000,277.98
1371031,334659,1175970,569,208,66,0,0,66.000,277.98
1371031,339030,1317029,5037,208,66,0,0,66.000,277.98
1371031,645452,261843,7900,375,66,0,0,66.000,277.98
1371031,927547,79466,308,209,66,0,0,66.000,277.98
1371031,597904,679377,3594,167,66,0,0,66.000,277.98
1371031,1202051,1045585,9772,166,66,0,0,66.000,277.98
1371031,1221232,67237,13113,167,66,0,0,66.000,277.98
1371031,762705,918203,3561,166,66,0,0,66.000,277.98
1371031,743712,516815,51844,208,66,0,0,66.000,277.98
1371031,836462,702191,20861,208,66,0,0,66.000,277.98
1371031,607194,481319,11022,208,66,0,0,66.000,277.98
1371031,822617,169897,14719,227,66,0,0,66.000,277.98
1371031,8308,723351,20955,209,66,0,0,66.000,277.98
1371031,732991,13280,5722,208,66,0,0,66.000,277.98
1371031,767497,1043785,4119,208,66,0,0,66.000,277.98
1371031,742907,295011,17995,208,66,0,0,66.000,277.98
1371031,730040,195661,16743,167,66,0,0,66.000,277.98
1371031,367757,226342,44072,208,66,0,0,66.000,277.98
1371031,618827,1016975,29214,166,66,0,0,66.000,277.98
1374953,431672,801425,1057,209,66,0,0,66.000,60.54
1374953,445926,159663,127,166,66,0,0,66.000,60.54
1374953,1226384,110843,849,167,66,0,0,66.000,60.54
1374953,56365,63524,453,167,66,0,0,66.000,60.54
1374953,943281,1157562,4757,333,66,0,0,66.000,60.54
1374953,1202975,445964,4575,209,66,0,0,66.000,60.54
1374953,1064274,1052295,1081,166,66,0,0,66.000,60.54
1374953,1198255,672970,9,208,66,0,0,66.000,60.54
1374953,98791,1199209,76,208,66,0,0,66.000,60.54
1374953,1009182,64376,3494,208,66,0,0,66.000,60.54
1374953,1157576,819905,5129,208,66,0,0,66.000,60.54
1374953,865180,598279,3355,209,66,0,0,66.000,60.54
1374953,499839,776716,16613,209,66,0,0,66.000,60.54
1374953,1321144,879307,2928,209,66,0,0,66.000,60.54
1374953,747673,982880,1910,208,66,0,0,66.000,60.54
1374953,1182866,684971,12849,208,66,0,0,66.000,60.54
1374953,348950,177357,166,167,66,0,0,66.000,60.54
1374953,430059,1154536,1912,209,66,0,0,66.000,60.54
1374953,727142,256728,1605,333,66,0,0,66.000,60.54
1374953,523818,139800,2679,167,66,0,0,66.000,60.54
1376009,656868,257890,3533,208,66,0,0,66.000,54.70
1376009,1222742,809032,2472,167,66,0,0,66.000,54.70
1376009,1087900,264829,2183,208,66,0,0,66.000,54.70
1376009,1334453,387921,894,209,66,0,0,66.000,54.70
1376009,279393,20186,3023,208,66,0,0,66.000,54.70
1376009,556964,111552,3951,250,66,0,0,66.000,54.70
1376009,298465,623927,1,167,66,0,0,66.000,54.70
1376009,578477,1295416,2522,209,66,0,0,66.000,54.70
1376009,644345,330628,441,208,66,0,0,66.000,54.70
1376009,439774,1355582,7909,208,66,0,0,66.000,54.70
1376009,185467,438905,8647,208,66,0,0,66.000,54.70
1376009,1030412,193308,6716,334,66,0,0,66.000,54.70
1376009,220850,56219,64,333,66,0,0,66.000,54.70
1376009,1244619,1220934,1023,250,66,0,0,66.000,54.70
1376009,374503,265432,2007,208,66,0,0,66.000,54.70
1376009,677061,105231,1282,167,66,0,0,66.000,54.70
1376009,419626,828324,1427,208,66,0,0,66.000,54.70
1376009,590236,876766,341,208,66,0,0,66.000,54.70
1376009,234942,515945,3812,208,66,0,0,66.000,54.70
1376009,270295,1076231,4589,167,66,0,0,66.000,54.70
1376449,1135928,566177,6260,167,66,0,0,66.000,72.99
1376449,639411,170377,4516,209,66,0,0,66.000,72.99
1376449,701174,127909,4757,209,66,0,0,66.000,72.99
1376449,1091811,513749,2037,208,66,0,0,66.000,72.99
1376449,1081245,502296,14450,209,66,0,0,66.000,72.99
1376449,1173636,1242264,4716,167,66,0,0,66.000,72.99
1376449,996662,831902,5769,167,66,0,0,66.000,72.99
1376449,599017,698294,11488,208,66,0,0,66.000,72.99
1376449,990089,639218,5621,208,66,0,0,66.000,72.99
1376449,340137,343687,1651,209,66,0,0,66.000,72.99
1376449,895020,253811,483,167,66,0,0,66.000,72.99
1376449,160224,1354989,3265,208,66,0,0,66.000,72.99
1376449,1210997,1047354,2457,292,66,0,0,66.000,72.99
1376449,661364,601921,4808,208,66,0,0,66.000,72.99
1376449,858042,193407,3741,167,66,0,0,66.000,72.99
1376449,786455,98885,8168,208,66,0,0,66.000,72.99
1376449,871808,140481,1921,167,66,0,0,66.000,72.99
1376449,1222351,629765,3292,208,66,0,0,66.000,72.99
1376449,222936,848413,1671,167,66,0,0,66.000,72.99
1376449,1331347,716653,3029,208,66,0,0,66.000,72.99
1379291,1129542,636237,20908,209,66,0,0,66.000,224.23
1379291,1155782,242745,6707,209,66,0,0,66.000,224.23
1379291,331833,861640,3409,166,66,0,0,66.000,224.23
1379291,459174,1084255,945,208,66,0,0,66.000,224.23
1379291,60503,956807,9085,292,66,0,0,66.000,224.23
1379291,689360,38225,13113,208,66,0,0,66.000,224.23
1379291,674816,1006013,8189,208,66,0,0,66.000,224.23
1379291,213766,446236,15421,166,66,0,0,66.000,224.23
1379291,1348270,876265,5531,167,66,0,0,66.000,224.23
1379291,1259111,692316,32753,208,66,0,0,66.000,224.23
1379291,64010,365095,13084,167,66,0,0,66.000,224.23
1379291,428782,434394,4579,208,66,0,0,66.000,224.23
1379291,608651,1004698,46331,209,66,0,0,66.000,224.23
1379291,894852,1316775,1543,167,66,0,0,66.000,224.23
1379291,485791,775891,17056,167,66,0,0,66.000,224.23
1379291,270349,658666,13947,166,66,0,0,66.000,224.23
1379291,639034,1050074,2828,166,66,0,0,66.000,224.23
1379291,738019,1241254,4463,208,66,0,0,66.000,224.23
1379291,463431,375022,20540,167,66,0,0,66.000,224.23
1379291,221243,1296835,12361,166,66,0,0,66.000,224.23
1387961,1261166,565891,1249,167,66,0,0,66.000,247.60
1387961,369930,601495,18405,167,66,0,0,66.000,247.60
1387961,432580,813149,2933,208,66,0,0,66.000,247.60
1387961,685862,686092,1553,333,66,0,0,66.000,247.60
1387961,77983,1365093,13833,167,66,0,0,66.000,247.60
1387961,717059,393172,8972,209,66,0,0,66.000,247.60
1387961,606187,1066309,20802,167,66,0,0,66.000,247.60
1387961,1211819,593539,54955,167,66,0,0,66.000,247.60
1387961,775937,1272622,13408,167,66,0,0,66.000,247.60
1387961,1251090,364977,13720,166,66,0,0,66.000,247.60
1387961,166605,494197,17138,166,66,0,0,66.000,247.60
1387961,1363314,1183688,1310,167,66,0,0,66.000,247.60
1387961,1338661,1119460,7045,208,66,0,0,66.000,247.60
1387961,653234,175893,18065,208,66,0,0,66.000,247.60
1387961,1296411,632893,887,375,66,0,0,66.000,247.60
1387961,832148,1305371,223,167,66,0,0,66.000,247.60
1387961,99788,477780,8537,208,66,0,0,66.000,247.60
1387961,501624,259779,1985,167,66,0,0,66.000,247.60
1387961,82177,713468,55184,208,66,0,0,66.000,247.60
1387961,669791,1379647,19936,167,66,0,0,66.000,247.60
1388381,161006,156737,5198,375,66,0,0,66.000,241.38
1388381,772329,311549,33025,208,66,0,0,66.000,241.38
1388381,679488,668003,23627,208,66,0,0,66.000,241.38
1388381,737249,589320,26456,208,66,0,0,66.000,241.38
1388381,853999,548405,3414,209,66,0,0,66.000,241.38
1388381,365796,1063426,1985,208,66,0,0,66.000,241.38
1388381,242373,1150135,1733,209,66,0,0,66.000,241.38
1388381,1246592,972554,21074,167,66,0,0,66.000,241.38
1388381,617268,1231987,6206,167,66,0,0,66.000,241.38
1388381,656736,628339,4865,166,66,0,0,66.000,241.38
1388381,962830,557542,6500,208,66,0,0,66.000,241.38
1388381,1261925,502210,14165,209,66,0,0,66.000,241.38
1388381,773391,915763,37244,208,66,0,0,66.000,241.38
1388381,594007,1151066,9444,208,66,0,0,66.000,241.38
1388381,972842,628231,1838,208,66,0,0,66.000,241.38
1388381,1210957,1183693,8252,167,66,0,0,66.000,241.38
1388381,490945,911960,11190,166,66,0,0,66.000,241.38
1388381,1279316,72895,19123,208,66,0,0,66.000,241.38
1388381,958398,1246858,206,208,66,0,0,66.000,241.38
1388381,19194,1112531,12425,209,66,0,0,66.000,241.38
1388887,145625,166958,746,167,66,0,0,66.000,205.35
1388887,577838,173545,4368,208,66,0,0,66.000,205.35
1388887,217837,1353306,5306,167,66,0,0,66.000,205.35
1388887,1076885,769286,5917,209,66,0,0,66.000,205.35
1388887,397795,1147500,16250,458,66,0,0,66.000,205.35
1388887,883086,784607,20322,208,66,0,0,66.000,205.35
1388887,700193,1269931,12181,167,66,0,0,66.000,205.35
1388887,1074876,437330,37707,167,66,0,0,66.000,205.35
1388887,298943,583943,1106,333,66,0,0,66.000,205.35
1388887,363771,122834,7696,166,66,0,0,66.000,205.35
1388887,864154,1352108,1093,334,66,0,0,66.000,205.35
1388887,863375,1259902,11230,208,66,0,0,66.000,205.35
1388887,68366,496745,3835,208,66,0,0,66.000,205.35
1388887,764045,1124674,1355,209,66,0,0,66.000,205.35
1388887,357865,422956,3424,209,66,0,0,66.000,205.35
1388887,896668,759969,44876,208,66,0,0,66.000,205.35
1388887,719840,1226894,7836,208,66,0,0,66.000,205.35
1388887,1018032,909113,6114,209,66,0,0,66.000,205.35
1388887,460468,1088248,15802,209,66,0,0,66.000,205.35
1388887,1370991,843146,7068,208,66,0,0,66.000,205.35
1395551,1373600,303581,95385,166,66,0,0,66.000,308.01
1395551,432050,636601,14430,167,66,0,0,66.000,308.01
1395551,1296913,176269,201,208,66,0,0,66.000,308.01
1395551,375576,1045111,22573,333,66,0,0,66.000,308.01
1395551,225302,261224,21119,208,66,0,0,66.000,308.01
1395551,267896,788280,14082,167,66,0,0,66.000,308.01
1395551,524850,41553,34079,167,66,0,0,66.000,308.01
1395551,939616,552472,3462,209,66,0,0,66.000,308.01
1395551,279718,874398,20873,166,66,0,0,66.000,308.01
1395551,267077,1026136,1997,208,66,0,0,66.000,308.01
1395551,1154944,583530,534,208,66,0,0,66.000,308.01
1395551,123483,855195,13384,208,66,0,0,66.000,308.01
1395551,527710,816897,21570,166,66,0,0,66.000,308.01
1395551,1205515,155017,426,208,66,0,0,66.000,308.01
1395551,1187673,720929,6849,375,66,0,0,66.000,308.01
1395551,1383765,1229786,2526,167,66,0,0,66.000,308.01
1395551,895245,1035035,250,208,66,0,0,66.000,308.01
1395551,325733,1264024,291,208,66,0,0,66.000,308.01
1395551,775821,787641,1086,208,66,0,0,66.000,308.01
1395551,566151,762555,25852,333,66,0,0,66.000,308.01
1396427,1335697,1300243,5009,208,66,0,0,66.000,189.03
1396427,456338,73861,32220,209,66,0,0,66.000,189.03
1396427,73278,257402,11812,208,66,0,0,66.000,189.03
1396427,763991,916196,5942,166,66,0,0,66.000,189.03
1396427,996560,1031233,1804,209,66,0,0,66.000,189.03
1396427,418212,1186831,7728,208,66,0,0,66.000,189.03
1396427,668106,656760,34694,166,66,0,0,66.000,189.03
1396427,1309595,149139,23311,208,66,0,0,66.000,189.03
1396427,449452,127318,1578,166,66,0,0,66.000,189.03
1396427,679874,467964,6208,166,66,0,0,66.000,189.03
1396427,1185520,663093,7819,208,66,0,0,66.000,189.03
1396427,732064,357321,3456,208,66,0,0,66.000,189.03
1396427,598045,580915,8319,209,66,0,0,66.000,189.03
1396427,75799,571616,1648,208,66,0,0,66.000,189.03
1396427,57031,501730,19419,167,66,0,0,66.000,189.03
1396427,419491,490970,12805,167,66,0,0,66.000,189.03
1396427,1149414,127714,6173,209,66,0,0,66.000,189.03
1396427,1342770,482419,1933,208,66,0,0,66.000,189.03
1396427,612128,584715,490,209,66,0,0,66.000,189.03
1396427,350005,884447,5523,250,66,0,0,66.000,189.03
1396547,1336460,43438,10725,166,66,0,0,66.000,109.04
1396547,927968,1201372,1136,209,66,0,0,66.000,109.04
1396547,275554,579696,9946,208,66,0,0,66.000,109.04
1396547,1384105,1115873,2559,166,66,0,0,66.000,109.04
1396547,882744,111113,2203,208,66,0,0,66.000,109.04
1396547,449170,228311,1947,209,66,0,0,66.000,109.04
1396547,106699,619217,6894,166,66,0,0,66.000,109.04
1396547,686721,540266,17796,166,66,0,0,66.000,109.04
1396547,346444,197615,17577,209,66,0,0,66.000,109.04
1396547,326562,1202853,15116,166,66,0,0,66.000,109.04
1396547,820254,281542,4391,208,66,0,0,66.000,109.04
1396547,627921,1078718,3504,167,66,0,0,66.000,109.04
1396547,1106968,927024,10662,166,66,0,0,66.000,109.04
1396547,1032065,1259095,354,208,66,0,0,66.000,109.04
1396547,713165,333468,1636,167,66,0,0,66.000,109.04
1396547,240661,230260,1589,167,66,0,0,66.000,109.04
1396547,980966,999361,2878,166,66,0,0,66.000,109.04
1396547,712149,1097865,14675,208,66,0,0,66.000,109.04
1396547,888493,747046,8281,208,66,0,0,66.000,109.04
1396547,189397,748248,3355,291,66,0,0,66.000,109.04
1398127,1089321,493054,23463,208,66,0,0,66.000,298.85
1398127,697710,552511,8038,208,66,0,0,66.000,298.85
1398127,1229922,1112905,14783,167,66,0,0,66.000,298.85
1398127,483214,985287,2147,167,66,0,0,66.000,298.85
1398127,422083,619450,12870,209,66,0,0,66.000,298.85
1398127,566282,1167839,8809,166,66,0,0,66.000,298.85
1398127,1260542,245944,3643,208,66,0,0,66.000,298.85
1398127,1109224,753245,23820,166,66,0,0,66.000,298.85
1398127,1249316,60156,90,167,66,0,0,66.000,298.85
1398127,1004518,1317732,68734,166,66,0,0,66.000,298.85
1398127,1295409,510690,15881,167,66,0,0,66.000,298.85
1398127,602418,46507,4996,167,66,0,0,66.000,298.85
1398127,376289,275817,15007,209,66,0,0,66.000,298.85
1398127,38677,438112,22423,167,66,0,0,66.000,298.85
1398127,1344949,1244803,18284,334,66,0,0,66.000,298.85
1398127,386701,113872,24511,166,66,0,0,66.000,298.85
1398127,1353331,1184548,21347,167,66,0,0,66.000,298.85
1398127,1138722,1291243,4845,166,66,0,0,66.000,298.85
1398127,140437,831687,15389,167,66,0,0,66.000,298.85
1398127,1027587,736688,50801,208,66,0,0,66.000,298.85
1398619,572785,1068589,149,167,66,0,0,66.000,135.90
1398619,1071410,811055,8262,208,66,0,0,66.000,135.90
1398619,1312566,437508,1527,209,66,0,0,66.000,135.90
1398619,420803,844145,5828,375,66,0,0,66.000,135.90
1398619,711910,780516,4591,167,66,0,0,66.000,135.90
1398619,873002,56806,901,208,66,0,0,66.000,135.90
1398619,730262,947709,11122,209,66,0,0,66.000,135.90
1398619,572673,1074882,17811,167,66,0,0,66.000,135.90
1398619,606293,537245,1838,417,66,0,0,66.000,135.90
1398619,658584,569794,36697,166,66,0,0,66.000,135.90
1398619,175527,743068,13019,167,66,0,0,66.000,135.90
1398619,395124,549494,8286,167,66,0,0,66.000,135.90
1398619,453348,976612,1257,167,66,0,0,66.000,135.90
1398619,1385086,594131,17163,209,66,0,0,66.000,135.90
1398619,278861,944,473,167,66,0,0,66.000,135.90
1398619,1075870,1145916,230,208,66,0,0,66.000,135.90
1398619,479570,604359,5089,167,66,0,0,66.000,135.90
1398619,697034,126166,1372,333,66,0,0,66.000,135.90
1398619,284677,1146149,4713,166,66,0,0,66.000,135.90
1398619,286748,71064,4419,208,66,0,0,66.000,135.90
1399609,763596,1075619,12150,166,66,0,0,66.000,99.19
1399609,368017,237278,4612,167,66,0,0,66.000,99.19
1399609,783262,600190,4879,167,66,0,0,66.000,99.19
1399609,1350718,75680,4549,166,66,0,0,66.000,99.19
1399609,623293,352954,17682,333,66,0,0,66.000,99.19
1399609,1144729,279957,376,375,66,0,0,66.000,99.19
1399609,590829,779128,9486,333,66,0,0,66.000,99.19
1399609,1182977,643384,3613,167,66,0,0,66.000,99.19
1399609,913848,829638,2908,208,66,0,0,66.000,99.19
1399609,1025055,847798,3834,166,66,0,0,66.000,99.19
1399609,1344616,512247,77,166,66,0,0,66.000,99.19
1399609,1327807,564498,1107,167,66,0,0,66.000,99.19
1399609,809208,884586,15058,167,66,0,0,66.000,99.19
1399609,57887,282979,2774,167,66,0,0,66.000,99.19
1399609,57893,1316707,4573,167,66,0,0,66.000,99.19
1399609,76511,1143883,6072,167,66,0,0,66.000,99.19
1399609,112903,148610,623,167,66,0,0,66.000,99.19
1399609,1066819,1396856,6805,166,66,0,0,66.000,99.19
1399609,9433,406200,3583,167,66,0,0,66.000,99.19
1399609,418038,251980,7962,167,66,0,0,66.000,99.19
1403641,1390456,1387,25745,208,66,0,0,66.000,534.44
1403641,455361,161782,19558,208,66,0,0,66.000,534.44
1403641,1062907,430248,27754,334,66,0,0,66.000,534.44
1403641,1236369,123632,25956,208,66,0,0,66.000,534.44
1403641,1333850,516884,34663,208,66,0,0,66.000,534.44
1403641,1258628,130432,25577,166,66,0,0,66.000,534.44
1403641,846571,697190,88879,208,66,0,0,66.000,534.44
1403641,1155018,197215,4779,208,66,0,0,66.000,534.44
1403641,1195719,700473,6034,208,66,0,0,66.000,534.44
1403641,373224,368390,26104,208,66,0,0,66.000,534.44
1403641,1255159,113708,1938,209,66,0,0,66.000,534.44
1403641,1084907,755088,8008,208,66,0,0,66.000,534.44
1403641,10911,1207665,11975,167,66,0,0,66.000,534.44
1403641,1189716,1184776,49292,250,66,0,0,66.000,534.44
1403641,581730,908545,9471,166,66,0,0,66.000,534.44
1403641,928054,35764,24,209,66,0,0,66.000,534.44
1403641,885479,716025,93403,209,66,0,0,66.000,534.44
1403641,1363494,1247100,33650,209,66,0,0,66.000,534.44
1403641,1067153,1074370,23155,208,66,0,0,66.000,534.44
1403641,1036181,1171400,22914,208,66,0,0,66.000,534.44
1405363,378955,1059622,7492,208,66,0,0,66.000,94.26
1405363,395227,882676,9168,166,66,0,0,66.000,94.26
1405363,998364,968748,3323,208,66,0,0,66.000,94.26
1405363,462106,312573,5883,209,66,0,0,66.000,94.26
1405363,1313576,1285540,3434,167,66,0,0,66.000,94.26
1405363,15264,203064,4262,167,66,0,0,66.000,94.26
1405363,461729,807837,4201,167,66,0,0,66.000,94.26
1405363,263382,653450,7339,166,66,0,0,66.000,94.26
1405363,860796,552178,2028,167,66,0,0,66.000,94.26
1405363,1228028,1283667,4271,208,66,0,0,66.000,94.26
1405363,1170670,112579,468,209,66,0,0,66.000,94.26
1405363,876722,103388,3523,208,66,0,0,66.000,94.26
1405363,906951,532127,225,292,66,0,0,66.000,94.26
1405363,1388711,84023,2406,209,66,0,0,66.000,94.26
1405363,1341249,1040488,4090,166,66,0,0,66.000,94.26
1405363,1042461,909895,13929,167,66,0,0,66.000,94.26
1405363,214083,456993,990,166,66,0,0,66.000,94.26
1405363,1298755,1167337,10171,208,66,0,0,66.000,94.26
1405363,379821,624878,368,166,66,0,0,66.000,94.26
1405363,377695,760846,12965,167,66,0,0,66.000,94.26
1407247,236433,65054,4704,417,66,0,0,66.000,325.10
1407247,97711,546361,22471,208,66,0,0,66.000,325.10
1407247,1110107,79780,17335,208,66,0,0,66.000,325.10
1407247,668259,540781,2680,166,66,0,0,66.000,325.10
1407247,1108658,378579,768,375,66,0,0,66.000,325.10
1407247,899577,887392,23007,250,66,0,0,66.000,325.10
1407247,1087569,425829,40738,375,66,0,0,66.000,325.10
1407247,802975,1297998,1469,208,66,0,0,66.000,325.10
1407247,6992,1063874,18901,209,66,0,0,66.000,325.10
1407247,1096136,948287,6239,250,66,0,0,66.000,325.10
1407247,158343,53251,20461,208,66,0,0,66.000,325.10
1407247,1235141,75810,33518,209,66,0,0,66.000,325.10
1407247,390474,237519,6368,209,66,0,0,66.000,325.10
1407247,1088854,511185,31325,208,66,0,0,66.000,325.10
1407247,144838,399707,48738,208,66,0,0,66.000,325.10
1407247,1364826,104220,11982,250,66,0,0,66.000,325.10
1407247,1190483,890247,7815,166,66,0,0,66.000,325.10
1407247,783545,854365,12665,167,66,0,0,66.000,325.10
1407247,1344911,147373,2511,226,66,0,0,66.000,325.10
1407247,419387,667037,10479,417,66,0,0,66.000,325.10
1407667,349364,1403724,15104,167,66,0,0,66.000,241.88
1407667,805925,990054,1095,167,66,0,0,66.000,241.88
1407667,398974,1035742,3492,167,66,0,0,66.000,241.88
1407667,1147392,974279,1931,209,66,0,0,66.000,241.88
1407667,1278300,846121,21198,375,66,0,0,66.000,241.88
1407667,717206,625201,24400,208,66,0,0,66.000,241.88
1407667,585935,848518,28036,208,66,0,0,66.000,241.88
1407667,230289,875688,4932,209,66,0,0,66.000,241.88
1407667,526698,321498,46796,208,66,0,0,66.000,241.88
1407667,760432,78724,5462,166,66,0,0,66.000,241.88
1407667,1283934,363804,1477,208,66,0,0,66.000,241.88
1407667,388788,1369265,6307,167,66,0,0,66.000,241.88
1407667,714240,779976,13974,208,66,0,0,66.000,241.88
1407667,1369229,672820,6515,167,66,0,0,66.000,241.88
1407667,1229948,280489,31746,167,66,0,0,66.000,241.88
1407667,1129372,274020,12784,291,66,0,0,66.000,241.88
1407667,942044,332916,22979,167,66,0,0,66.000,241.88
1407667,720382,962999,10541,167,66,0,0,66.000,241.88
1407667,899580,137555,921,209,66,0,0,66.000,241.88
1407667,264620,220545,8321,167,66,0,0,66.000,241.88
1408601,1011394,636395,4192,250,66,0,0,66.000,101.08
1408601,647454,288441,4248,250,66,0,0,66.000,101.08
1408601,411983,132504,5214,208,66,0,0,66.000,101.08
1408601,658794,84155,6159,167,66,0,0,66.000,101.08
1408601,938689,343914,4483,208,66,0,0,66.000,101.08
1408601,1211853,425776,517,208,66,0,0,66.000,101.08
1408601,995992,589468,15159,208,66,0,0,66.000,101.08
1408601,1344682,1147751,1368,334,66,0,0,66.000,101.08
1408601,583303,387300,3752,208,66,0,0,66.000,101.08
1408601,1082561,282030,2604,250,66,0,0,66.000,101.08
1408601,151286,655964,1637,208,66,0,0,66.000,101.08
1408601,826358,843531,2777,209,66,0,0,66.000,101.08
1408601,346367,1404508,6305,208,66,0,0,66.000,101.08
1408601,120452,1311695,3968,167,66,0,0,66.000,101.08
1408601,267973,449784,2739,167,66,0,0,66.000,101.08
1408601,713174,251287,3402,208,66,0,0,66.000,101.08
1408601,301905,1080135,17233,209,66,0,0,66.000,101.08
1408601,310695,703857,10358,208,66,0,0,66.000,101.08
1408601,955636,648805,3539,208,66,0,0,66.000,101.08
1408601,696278,506820,4059,375,66,0,0,66.000,101.08
1409237,1388160,1016398,15782,166,66,0,0,66.000,174.94
1409237,1030481,788071,361,250,66,0,0,66.000,174.94
1409237,277050,89778,1656,167,66,0,0,66.000,174.94
1409237,601924,310723,710,209,66,0,0,66.000,174.94
1409237,319399,1010365,26289,167,66,0,0,66.000,174.94
1409237,924738,201535,3100,208,66,0,0,66.000,174.94
1409237,583129,457745,10922,209,66,0,0,66.000,174.94
1409237,1048662,416509,4178,208,66,0,0,66.000,174.94
1409237,1062400,305429,1914,167,66,0,0,66.000,174.94
1409237,8429,168518,11961,209,66,0,0,66.000,174.94
1409237,317346,361973,2356,250,66,0,0,66.000,174.94
1409237,226520,191642,5151,292,66,0,0,66.000,174.94
1409237,663704,872479,19966,208,66,0,0,66.000,174.94
1409237,560281,785794,25610,167,66,0,0,66.000,174.94
1409237,159419,588190,11420,209,66,0,0,66.000,174.94
1409237,1277887,244388,1928,209,66,0,0,66.000,174.94
1409237,1323404,88120,1988,167,66,0,0,66.000,174.94
1409237,450734,62170,11975,209,66,0,0,66.000,174.94
1409237,695443,772078,1087,250,66,0,0,66.000,174.94
1409237,1113190,788452,24937,208,66,0,0,66.000,174.94
1410809,162808,853918,4079,208,66,0,0,66.000,77.99
1410809,773189,1074296,3004,167,66,0,0,66.000,77.99
1410809,845347,504724,2740,167,66,0,0,66.000,77.99
1410809,380036,1058405,252,166,66,0,0,66.000,77.99
1410809,668170,1071208,4118,167,66,0,0,66.000,77.99
1410809,572815,73593,20068,125,66,0,0,66.000,77.99
1410809,624384,1361400,1261,333,66,0,0,66.000,77.99
1410809,1052529,643418,1384,166,66,0,0,66.000,77.99
1410809,204196,1289097,4365,166,66,0,0,66.000,77.99
1410809,133344,971251,3126,167,66,0,0,66.000,77.99
1410809,1112845,289415,2250,167,66,0,0,66.000,77.99
1410809,752474,39838,2983,167,66,0,0,66.000,77.99
1410809,1112845,1288649,23574,167,66,0,0,66.000,77.99
1410809,254356,1020394,4654,208,66,0,0,66.000,77.99
1410809,904930,544788,2941,333,66,0,0,66.000,77.99
1410809,85022,559517,893,333,66,0,0,66.000,77.99
1410809,790364,498788,1696,166,66,0,0,66.000,77.99
1410809,98207,629866,3674,166,66,0,0,66.000,77.99
1410809,1177157,391960,1531,208,66,0,0,66.000,77.99
1410809,1384903,175661,3408,185,66,0,0,66.000,77.99
1410823,1167649,1285968,96,167,66,0,0,66.000,163.91
1410823,108679,1080342,678,167,66,0,0,66.000,163.91
1410823,969955,240083,4729,333,66,0,0,66.000,163.91
1410823,1391603,191741,8402,166,66,0,0,66.000,163.91
1410823,606052,995104,29871,209,66,0,0,66.000,163.91
1410823,68102,899348,12164,167,66,0,0,66.000,163.91
1410823,1129013,1345773,319,167,66,0,0,66.000,163.91
1410823,1040681,1304377,878,166,66,0,0,66.000,163.91
1410823,679957,249587,22520,208,66,0,0,66.000,163.91
1410823,655938,181639,16097,166,66,0,0,66.000,163.91
1410823,924333,1218378,6563,209,66,0,0,66.000,163.91
1410823,103559,351014,6488,209,66,0,0,66.000,163.91
1410823,972453,332864,9596,167,66,0,0,66.000,163.91
1410823,1201012,1381287,19821,166,66,0,0,66.000,163.91
1410823,853887,702777,3538,167,66,0,0,66.000,163.91
1410823,454380,710988,13467,208,66,0,0,66.000,163.91
1410823,1379399,798345,4306,166,66,0,0,66.000,163.91
1410823,1011695,1208793,325,167,66,0,0,66.000,163.91
1410823,1202741,592771,7650,167,66,0,0,66.000,163.91
1410823,411269,592455,21510,167,66,0,0,66.000,163.91
1411777,368893,1161540,39038,166,66,0,0,66.000,479.60
1411777,55766,1082437,30157,208,66,0,0,66.000,479.60
1411777,939365,807240,70326,167,66,0,0,66.000,479.60
1411777,849399,1279403,2547,208,66,0,0,66.000,479.60
1411777,748494,589423,1069,167,66,0,0,66.000,479.60
1411777,1388023,633632,113138,167,66,0,0,66.000,479.60
1411777,8799,1205017,2421,209,66,0,0,66.000,479.60
1411777,1388634,185192,3818,167,66,0,0,66.000,479.60
1411777,154278,1310314,16891,208,66,0,0,66.000,479.60
1411777,35894,671563,15598,208,66,0,0,66.000,479.60
1411777,1405948,759857,22836,166,66,0,0,66.000,479.60
1411777,1048805,949766,12810,208,66,0,0,66.000,479.60
1411777,1186395,1207024,5135,167,66,0,0,66.000,479.60
1411777,450148,1346655,2783,208,66,0,0,66.000,479.60
1411777,1296111,1319929,2706,209,66,0,0,66.000,479.60
1411777,1388373,814253,4623,167,66,0,0,66.000,479.60
1411777,593492,1162522,77890,166,66,0,0,66.000,479.60
1411777,133974,458706,7393,167,66,0,0,66.000,479.60
1411777,43983,89205,54592,209,66,0,0,66.000,479.60
1411777,1031902,556457,9454,167,66,0,0,66.000,479.60
1412689,1009364,1044068,2754,334,66,0,0,66.000,192.56
1412689,289650,855042,2385,166,66,0,0,66.000,192.56
1412689,609633,1115994,2458,167,66,0,0,66.000,192.56
1412689,12819,310115,7996,167,66,0,0,66.000,192.56
1412689,531622,855564,17768,375,66,0,0,66.000,192.56
1412689,1221085,972287,27463,208,66,0,0,66.000,192.56
1412689,1290296,488522,1230,166,66,0,0,66.000,192.56
1412689,1169473,1269153,16442,208,66,0,0,66.000,192.56
1412689,968964,1363479,8322,208,66,0,0,66.000,192.56
1412689,466766,351705,593,167,66,0,0,66.000,192.56
1412689,211271,12522,21731,166,66,0,0,66.000,192.56
1412689,936507,478260,7624,166,66,0,0,66.000,192.56
1412689,1085722,582711,24734,208,66,0,0,66.000,192.56
1412689,85189,509909,27679,167,66,0,0,66.000,192.56
1412689,982355,871465,998,209,66,0,0,66.000,192.56
1412689,1399306,1174174,4044,166,66,0,0,66.000,192.56
1412689,240636,309373,17362,167,66,0,0,66.000,192.56
1412689,649355,612607,2209,333,66,0,0,66.000,192.56
1412689,613994,828833,1605,167,66,0,0,66.000,192.56
1412689,518288,1152257,9380,250,66,0,0,66.000,192.56
1413103,303906,657176,9843,166,66,0,0,66.000,109.65
1413103,1385432,645273,5489,208,66,0,0,66.000,109.65
1413103,155599,969099,7273,166,66,0,0,66.000,109.65
1413103,1303904,560858,9466,208,66,0,0,66.000,109.65
1413103,327301,215157,3093,167,66,0,0,66.000,109.65
1413103,1036730,1259681,13711,208,66,0,0,66.000,109.65
1413103,104137,26584,545,125,66,0,0,66.000,109.65
1413103,417817,40705,3885,166,66,0,0,66.000,109.65
1413103,1197498,216884,1471,167,66,0,0,66.000,109.65
1413103,185174,853191,7048,167,66,0,0,66.000,109.65
1413103,764875,725211,6716,208,66,0,0,66.000,109.65
1413103,170824,633399,6924,167,66,0,0,66.000,109.65
1413103,407446,851206,2408,208,66,0,0,66.000,109.65
1413103,1412428,1063484,353,167,66,0,0,66.000,109.65
1413103,142112,243894,540,333,66,0,0,66.000,109.65
1413103,1232652,1320300,17219,208,66,0,0,66.000,109.65
1413103,1262572,176422,273,167,66,0,0,66.000,109.65
1413103,1380198,732200,6362,166,66,0,0,66.000,109.65
1413103,9765,1091572,2792,208,66,0,0,66.000,109.65
1413103,600217,1084380,13057,167,66,0,0,66.000,109.65
1414067,726610,722678,7554,333,66,0,0,66.000,115.63
1414067,228109,335545,4013,208,66,0,0,66.000,115.63
1414067,1163408,129134,9030,208,66,0,0,66.000,115.63
1414067,268297,1199782,965,208,66,0,0,66.000,115.63
1414067,296150,125468,2778,209,66,0,0,66.000,115.63
1414067,62447,109156,2654,209,66,0,0,66.000,115.63
1414067,205038,1035535,4149,166,66,0,0,66.000,115.63
1414067,86297,518557,1769,167,66,0,0,66.000,115.63
1414067,1303260,49237,2194,333,66,0,0,66.000,115.63
1414067,844163,686697,17517,208,66,0,0,66.000,115.63
1414067,832030,1264531,3020,208,66,0,0,66.000,115.63
1414067,160731,683148,473,209,66,0,0,66.000,115.63
1414067,509105,296309,1676,166,66,0,0,66.000,115.63
1414067,1199560,643626,9039,167,66,0,0,66.000,115.63
1414067,1056297,96791,21407,167,66,0,0,66.000,115.63
1414067,411021,69247,5015,166,66,0,0,66.000,115.63
1414067,1156348,736473,985,333,66,0,0,66.000,115.63
1414067,232524,1032712,1340,167,66,0,0,66.000,115.63
1414067,498485,95121,1644,208,66,0,0,66.000,115.63
1414067,667588,1311432,21641,208,66,0,0,66.000,115.63
1416043,209017,1048665,262,167,66,0,0,66.000,206.16
1416043,1352659,1211507,25833,167,66,0,0,66.000,206.16
1416043,779374,867832,18865,375,66,0,0,66.000,206.16
1416043,717232,334115,377,334,66,0,0,66.000,206.16
1416043,661625,1179113,6141,208,66,0,0,66.000,206.16
1416043,244972,952113,19837,209,66,0,0,66.000,206.16
1416043,795455,927675,5291,208,66,0,0,66.000,206.16
1416043,145224,1300760,21571,333,66,0,0,66.000,206.16
1416043,247305,540335,3274,209,66,0,0,66.000,206.16
1416043,281334,130478,3489,167,66,0,0,66.000,206.16
1416043,1020271,732255,21076,208,66,0,0,66.000,206.16
1416043,676164,560998,19644,208,66,0,0,66.000,206.16
1416043,188772,886929,7259,209,66,0,0,66.000,206.16
1416043,166975,863337,8417,208,66,0,0,66.000,206.16
1416043,726918,1258562,17846,209,66,0,0,66.000,206.16
1416043,809151,1244234,7681,208,66,0,0,66.000,206.16
1416043,2847,174215,12651,167,66,0,0,66.000,206.16
1416043,350762,286125,2568,167,66,0,0,66.000,206.16
1416043,160100,1235549,11736,167,66,0,0,66.000,206.16
1416043,307516,1096223,2137,209,66,0,0,66.000,206.16
1416211,1181882,544622,21447,166,66,0,0,66.000,277.08
1416211,147709,647252,32801,143,66,0,0,66.000,277.08
1416211,972773,151414,16248,333,66,0,0,66.000,277.08
1416211,398905,673681,31385,166,66,0,0,66.000,277.08
1416211,320933,275923,18231,208,66,0,0,66.000,277.08
1416211,531757,1129304,13526,208,66,0,0,66.000,277.08
1416211,1222865,737088,17044,208,66,0,0,66.000,277.08
1416211,1281349,234662,22006,209,66,0,0,66.000,277.08
1416211,1122207,1001594,19090,208,66,0,0,66.000,277.08
1416211,240218,246188,27830,166,66,0,0,66.000,277.08
1416211,386943,881567,20127,167,66,0,0,66.000,277.08
1416211,692527,1334423,4321,167,66,0,0,66.000,277.08
1416211,485676,886575,17133,167,66,0,0,66.000,277.08
1416211,322132,362239,2774,292,66,0,0,66.000,277.08
1416211,604191,1212465,20354,166,66,0,0,66.000,277.08
1416211,694298,89930,2534,209,66,0,0,66.000,277.08
1416211,746133,1262511,793,167,66,0,0,66.000,277.08
1416211,1108288,225075,4678,166,66,0,0,66.000,277.08
1416211,784545,1080582,30277,334,66,0,0,66.000,277.08
1416211,585985,880064,4333,166,66,0,0,66.000,277.08
1417883,1333470,1153097,8560,167,66,0,0,66.000,176.47
1417883,383485,74140,14563,208,66,0,0,66.000,176.47
1417883,224200,663022,2818,208,66,0,0,66.000,176.47
1417883,491359,1061392,22024,166,66,0,0,66.000,176.47
1417883,1082096,510780,1375,167,66,0,0,66.000,176.47
1417883,398123,1394692,16165,167,66,0,0,66.000,176.47
1417883,1082960,670078,7329,167,66,0,0,66.000,176.47
1417883,904039,1408258,82,208,66,0,0,66.000,176.47
1417883,1174941,514582,42419,208,66,0,0,66.000,176.47
1417883,23168,1235064,29283,167,66,0,0,66.000,176.47
1417883,410745,586174,3468,167,66,0,0,66.000,176.47
1417883,424706,794501,280,208,66,0,0,66.000,176.47
1417883,1066856,1282304,2401,167,66,0,0,66.000,176.47
1417883,738760,739645,4409,208,66,0,0,66.000,176.47
1417883,749823,952347,7295,167,66,0,0,66.000,176.47
1417883,933830,1149831,6250,208,66,0,0,66.000,176.47
1417883,471048,650855,3646,208,66,0,0,66.000,176.47
1417883,199307,699505,10391,167,66,0,0,66.000,176.47
1417883,10565,23883,3859,208,66,0,0,66.000,176.47
1417883,1156943,752343,28406,167,66,0,0,66.000,176.47
1420357,622117,811663,20978,209,66,0,0,66.000,460.07
1420357,859577,153555,36631,167,66,0,0,66.000,460.07
1420357,473241,909191,49586,167,66,0,0,66.000,460.07
1420357,646822,86709,1667,208,66,0,0,66.000,460.07
1420357,426514,298817,51780,166,66,0,0,66.000,460.07
1420357,1265991,774897,8130,166,66,0,0,66.000,460.07
1420357,198794,294234,57255,167,66,0,0,66.000,460.07
1420357,562840,527704,32426,167,66,0,0,66.000,460.07
1420357,1330545,800151,26363,208,66,0,0,66.000,460.07
1420357,1286899,947046,12922,166,66,0,0,66.000,460.07
1420357,398196,429670,53141,209,66,0,0,66.000,460.07
1420357,1177611,807360,32622,167,66,0,0,66.000,460.07
1420357,1299955,809037,20001,167,66,0,0,66.000,460.07
1420357,186603,392999,6311,166,66,0,0,66.000,460.07
1420357,813189,1319648,14920,167,66,0,0,66.000,460.07
1420357,679174,236825,1377,208,66,0,0,66.000,460.07
1420357,486620,589469,24479,292,66,0,0,66.000,460.07
1420357,802910,177540,36748,166,66,0,0,66.000,460.07
1420357,280013,1225565,38855,167,66,0,0,66.000,460.07
1420357,795255,137694,157,167,66,0,0,66.000,460.07
1421543,485944,447914,11053,209,66,0,0,66.000,299.00
1421543,642588,1400080,4954,208,66,0,0,66.000,299.00
1421543,1309395,828830,2949,208,66,0,0,66.000,299.00
1421543,10946,1400142,16687,166,66,0,0,66.000,299.00
1421543,819376,1693,19516,167,66,0,0,66.000,299.00
1421543,1117459,748457,2878,167,66,0,0,66.000,299.00
1421543,197362,1094911,6956,167,66,0,0,66.000,299.00
1421543,1190225,1100888,8242,167,66,0,0,66.000,299.00
1421543,1268500,274308,76240,333,66,0,0,66.000,299.00
1421543,1168243,729034,15431,208,66,0,0,66.000,299.00
1421543,761844,738218,92052,208,66,0,0,66.000,299.00
1421543,1254977,501184,5034,166,66,0,0,66.000,299.00
1421543,1160627,1209772,6071,167,66,0,0,66.000,299.00
1421543,446783,482091,9880,167,66,0,0,66.000,299.00
1421543,217193,902541,6093,334,66,0,0,66.000,299.00
1421543,221424,874571,27692,209,66,0,0,66.000,299.00
1421543,1163469,326172,7800,208,66,0,0,66.000,299.00
1421543,304084,1030704,18308,167,66,0,0,66.000,299.00
1421543,1144819,932438,43605,167,66,0,0,66.000,299.00
1421543,435699,703791,23374,208,66,0,0,66.000,299.00
1421911,145730,1243695,1907,166,66,0,0,66.000,201.55
1421911,128748,469727,14625,167,66,0,0,66.000,201.55
1421911,664844,312507,11945,167,66,0,0,66.000,201.55
1421911,999820,819190,41939,167,66,0,0,66.000,201.55
1421911,659589,701794,8233,209,66,0,0,66.000,201.55
1421911,1030274,793259,24667,167,66,0,0,66.000,201.55
1421911,369383,535443,1196,375,66,0,0,66.000,201.55
1421911,179327,669598,37914,167,66,0,0,66.000,201.55
1421911,313446,1410848,3584,167,66,0,0,66.000,201.55
1421911,1126907,1058453,5427,208,66,0,0,66.000,201.55
1421911,678901,1223870,23030,166,66,0,0,66.000,201.55
1421911,1041194,1196040,962,333,66,0,0,66.000,201.55
1421911,835928,506068,23051,166,66,0,0,66.000,201.55
1421911,948528,453457,2186,208,66,0,0,66.000,201.55
1421911,145730,948108,9765,167,66,0,0,66.000,201.55
1421911,571047,164858,2036,209,66,0,0,66.000,201.55
1421911,1314404,546590,13989,167,66,0,0,66.000,201.55
1421911,1004826,483650,3852,167,66,0,0,66.000,201.55
1421911,7154,620940,138,208,66,0,0,66.000,201.55
1421911,985315,1044524,6860,208,66,0,0,66.000,201.55
1422749,604831,1199593,16950,208,66,0,0,66.000,813.55
1422749,311221,1335129,28600,167,66,0,0,66.000,813.55
1422749,675479,989343,180372,333,66,0,0,66.000,813.55
1422749,1041439,34990,3455,167,66,0,0,66.000,813.55
1422749,1380658,270114,53162,208,66,0,0,66.000,813.55
1422749,588029,592357,22564,166,66,0,0,66.000,813.55
1422749,945335,183806,2953,167,66,0,0,66.000,813.55
1422749,1216015,883008,40393,167,66,0,0,66.000,813.55
1422749,1282593,1238501,12440,166,66,0,0,66.000,813.55
1422749,1340119,324128,46229,167,66,0,0,66.000,813.55
1422749,508558,418174,94335,167,66,0,0,66.000,813.55
1422749,673969,141775,15155,167,66,0,0,66.000,813.55
1422749,528189,237460,50903,208,66,0,0,66.000,813.55
1422749,1047824,1389133,23696,166,66,0,0,66.000,813.55
1422749,249696,324275,62093,167,66,0,0,66.000,813.55
1422749,1023996,505342,54955,167,66,0,0,66.000,813.55
1422749,845530,1321593,14584,250,66,0,0,66.000,813.55
1422749,837525,909455,94390,167,66,0,0,66.000,813.55
1422749,862273,843678,1214,167,66,0,0,66.000,813.55
1422749,335932,302409,84925,167,66,0,0,66.000,813.55
1423237,1045024,944248,4284,167,66,0,0,66.000,167.50
1423237,1249719,190885,6055,208,66,0,0,66.000,167.50
1423237,996290,1057157,3644,333,66,0,0,66.000,167.50
1423237,369074,429902,18905,209,66,0,0,66.000,167.50
1423237,596774,706882,5377,166,66,0,0,66.000,167.50
1423237,458507,1315843,19737,208,66,0,0,66.000,167.50
1423237,273163,1038507,20365,208,66,0,0,66.000,167.50
1423237,1246781,496310,13513,209,66,0,0,66.000,167.50
1423237,373477,1260243,2040,250,66,0,0,66.000,167.50
1423237,1025783,856787,4302,167,66,0,0,66.000,167.50
1423237,1413338,525723,3387,209,66,0,0,66.000,167.50
1423237,1192597,472959,6098,167,66,0,0,66.000,167.50
1423237,310444,128334,9487,208,66,0,0,66.000,167.50
1423237,1056868,535359,952,166,66,0,0,66.000,167.50
1423237,1270369,1245788,8531,375,66,0,0,66.000,167.50
1423237,700548,455220,7813,334,66,0,0,66.000,167.50
1423237,571164,142901,15149,208,66,0,0,66.000,167.50
1423237,411437,1297721,24605,167,66,0,0,66.000,167.50
1423237,536594,722897,5859,167,66,0,0,66.000,167.50
1423237,217589,185227,2498,208,66,0,0,66.000,167.50
1423691,459630,1406394,3908,292,66,0,0,66.000,144.50
1423691,726842,773487,4044,209,66,0,0,66.000,144.50
1423691,714184,1262030,18134,166,66,0,0,66.000,144.50
1423691,782984,541270,27283,208,66,0,0,66.000,144.50
1423691,197625,489643,2517,208,66,0,0,66.000,144.50
1423691,181322,481644,14224,166,66,0,0,66.000,144.50
1423691,1391546,530323,2216,209,66,0,0,66.000,144.50
1423691,1389310,1235865,24759,333,66,0,0,66.000,144.50
1423691,1423118,25584,6918,167,66,0,0,66.000,144.50
1423691,1314513,1354093,16679,167,66,0,0,66.000,144.50
1423691,233305,634953,602,208,66,0,0,66.000,144.50
1423691,1032735,68221,13129,209,66,0,0,66.000,144.50
1423691,70272,266726,5433,208,66,0,0,66.000,144.50
1423691,448844,1279763,10355,208,66,0,0,66.000,144.50
1423691,804361,558249,10290,166,66,0,0,66.000,144.50
1423691,53834,547606,2886,167,66,0,0,66.000,144.50
1423691,31065,1253346,7989,209,66,0,0,66.000,144.50
1423691,94148,226765,4724,167,66,0,0,66.000,144.50
1423691,1128377,1029260,4517,208,66,0,0,66.000,144.50
1423691,300500,1389490,963,208,66,0,0,66.000,144.50
1428521,528118,351407,1517,208,66,0,0,66.000,630.74
1428521,85197,577372,5433,208,66,0,0,66.000,630.74
1428521,43796,904,14430,166,66,0,0,66.000,630.74
1428521,1250518,758296,222977,208,66,0,0,66.000,630.74
1428521,1221519,1021969,4085,292,66,0,0,66.000,630.74
1428521,180496,1091045,98482,334,66,0,0,66.000,630.74
1428521,1235269,640343,33627,166,66,0,0,66.000,630.74
1428521,146171,1297246,33770,208,66,0,0,66.000,630.74
1428521,934458,1387656,4999,209,66,0,0,66.000,630.74
1428521,1062456,449211,1421,292,66,0,0,66.000,630.74
1428521,286921,1301525,48174,166,66,0,0,66.000,630.74
1428521,1036001,1253733,45204,167,66,0,0,66.000,630.74
1428521,45595,1407635,6798,167,66,0,0,66.000,630.74
1428521,76851,735191,23088,167,66,0,0,66.000,630.74
1428521,529278,804379,137979,167,66,0,0,66.000,630.74
1428521,1054443,10954,1377,167,66,0,0,66.000,630.74
1428521,147432,699055,28299,167,66,0,0,66.000,630.74
1428521,1031798,357252,15105,208,66,0,0,66.000,630.74
1428521,501744,103521,12299,166,66,0,0,66.000,630.74
1428521,926989,1131003,21634,209,66,0,0,66.000,630.74
1428703,1017640,635229,25199,208,66,0,0,66.000,217.03
1428703,596682,1275036,4904,167,66,0,0,66.000,217.03
1428703,698091,574263,4974,167,66,0,0,66.000,217.03
1428703,1808,1331597,28891,208,66,0,0,66.000,217.03
1428703,1189063,113144,15418,166,66,0,0,66.000,217.03
1428703,308658,865649,17442,291,66,0,0,66.000,217.03
1428703,783027,245274,7435,208,66,0,0,66.000,217.03
1428703,494514,843296,2565,292,66,0,0,66.000,217.03
1428703,154853,542064,16460,166,66,0,0,66.000,217.03
1428703,1396376,375381,21139,208,66,0,0,66.000,217.03
1428703,46308,1272861,29471,208,66,0,0,66.000,217.03
1428703,286428,80873,45891,167,66,0,0,66.000,217.03
1428703,533579,843421,2784,167,66,0,0,66.000,217.03
1428703,1188082,318105,1811,166,66,0,0,66.000,217.03
1428703,332009,187861,19043,166,66,0,0,66.000,217.03
1428703,1120045,1162458,6807,208,66,0,0,66.000,217.03
1428703,111653,1220348,1702,166,66,0,0,66.000,217.03
1428703,341133,82529,30122,208,66,0,0,66.000,217.03
1428703,372492,171870,1796,167,66,0,0,66.000,217.03
1428703,525014,1371084,5702,291,66,0,0,66.000,217.03
1429063,988837,793008,49888,208,66,0,0,66.000,289.58
1429063,917740,993572,14913,166,66,0,0,66.000,289.58
1429063,63988,1298777,26787,208,66,0,0,66.000,289.58
1429063,411903,159732,4615,208,66,0,0,66.000,289.58
1429063,931536,82221,16209,167,66,0,0,66.000,289.58
1429063,707522,778197,13941,167,66,0,0,66.000,289.58
1429063,421884,1182104,7846,208,66,0,0,66.000,289.58
1429063,382780,223303,1714,208,66,0,0,66.000,289.58
1429063,435453,114240,29349,208,66,0,0,66.000,289.58
1429063,672467,344118,550,208,66,0,0,66.000,289.58
1429063,409572,910087,10953,166,66,0,0,66.000,289.58
1429063,1125033,74916,11529,167,66,0,0,66.000,289.58
1429063,917570,775821,8953,209,66,0,0,66.000,289.58
1429063,1058944,1334555,5631,166,66,0,0,66.000,289.58
1429063,661257,27185,9384,166,66,0,0,66.000,289.58
1429063,180788,441698,23509,209,66,0,0,66.000,289.58
1429063,1368373,39596,36211,167,66,0,0,66.000,289.58
1429063,103502,440961,28633,167,66,0,0,66.000,289.58
1429063,606961,661676,1072,166,66,0,0,66.000,289.58
1429063,174049,1127508,12847,167,66,0,0,66.000,289.58
1429369,412908,560303,6517,209,66,0,0,66.000,344.34
1429369,477714,284767,8362,333,66,0,0,66.000,344.34
1429369,1313995,802306,11294,167,66,0,0,66.000,344.34
1429369,729097,1024199,16927,167,66,0,0,66.000,344.34
1429369,463295,1216494,5837,167,66,0,0,66.000,344.34
1429369,1068245,506415,17395,166,66,0,0,66.000,344.34
1429369,273222,1138660,10046,209,66,0,0,66.000,344.34
1429369,80741,661977,4241,167,66,0,0,66.000,344.34
1429369,1098625,682437,27868,166,66,0,0,66.000,344.34
1429369,511452,1152119,47408,333,66,0,0,66.000,344.34
1429369,1279459,109253,17209,208,66,0,0,66.000,344.34
1429369,504143,721734,24582,208,66,0,0,66.000,344.34
1429369,991749,162369,33411,292,66,0,0,66.000,344.34
1429369,92339,1382820,12226,209,66,0,0,66.000,344.34
1429369,1165361,588075,2752,167,66,0,0,66.000,344.34
1429369,219553,452310,13499,209,66,0,0,66.000,344.34
1429369,461213,401536,5304,167,66,0,0,66.000,344.34
1429369,1418724,1217718,4753,226,66,0,0,66.000,344.34
1429369,1219926,494088,35633,208,66,0,0,66.000,344.34
1429369,713593,210457,55990,167,66,0,0,66.000,344.34
1429721,768245,85310,32774,208,66,0,0,66.000,254.49
1429721,902079,1404007,48887,167,66,0,0,66.000,254.49
1429721,417935,93583,55412,209,66,0,0,66.000,254.49
1429721,123282,508492,16023,208,66,0,0,66.000,254.49
1429721,758820,57620,23170,167,66,0,0,66.000,254.49
1429721,352692,1125029,9048,167,66,0,0,66.000,254.49
1429721,1278936,787211,21194,167,66,0,0,66.000,254.49
1429721,764262,981300,34065,167,66,0,0,66.000,254.49
1429721,30084,1386252,681,166,66,0,0,66.000,254.49
1429721,801559,302489,12584,167,66,0,0,66.000,254.49
1429721,414650,571823,6164,209,66,0,0,66.000,254.49
1429721,23723,1326150,5948,167,66,0,0,66.000,254.49
1429721,649802,276413,7747,208,66,0,0,66.000,254.49
1429721,1040238,838513,4726,167,66,0,0,66.000,254.49
1429721,1310401,34532,2603,167,66,0,0,66.000,254.49
1429721,1148700,530829,7930,208,66,0,0,66.000,254.49
1429721,577929,664026,506,166,66,0,0,66.000,254.49
1429721,872264,809218,5186,167,66,0,0,66.000,254.49
1429721,125508,908955,745,167,66,0,0,66.000,254.49
1429721,1185848,109044,19999,166,66,0,0,66.000,254.49
1431191,316251,1221045,6337,208,66,0,0,66.000,352.63
1431191,632089,106696,87667,166,66,0,0,66.000,352.63
1431191,667998,963071,18932,167,66,0,0,66.000,352.63
1431191,253662,1130159,11551,333,66,0,0,66.000,352.63
1431191,168650,1225579,9331,167,66,0,0,66.000,352.63
1431191,448030,1336577,16767,334,66,0,0,66.000,352.63
1431191,1354728,520437,7939,209,66,0,0,66.000,352.63
1431191,630863,1241005,21017,209,66,0,0,66.000,352.63
1431191,1173784,528079,1722,166,66,0,0,66.000,352.63
1431191,1351889,872043,30280,167,66,0,0,66.000,352.63
1431191,887472,1341354,2506,167,66,0,0,66.000,352.63
1431191,613736,1125290,42828,167,66,0,0,66.000,352.63
1431191,717685,145471,16826,166,66,0,0,66.000,352.63
1431191,1173784,721255,22304,250,66,0,0,66.000,352.63
1431191,32282,561006,12701,167,66,0,0,66.000,352.63
1431191,170996,1422725,20455,208,66,0,0,66.000,352.63
1431191,635865,549086,2219,166,66,0,0,66.000,352.63
1431191,1349421,1421166,9279,209,66,0,0,66.000,352.63
1431191,963680,1273186,19550,208,66,0,0,66.000,352.63
1431191,185519,146754,20283,375,66,0,0,66.000,352.63
1431317,1409532,1065699,1917,292,66,0,0,66.000,163.98
1431317,514093,997318,2988,208,66,0,0,66.000,163.98
1431317,250715,59375,4596,209,66,0,0,66.000,163.98
1431317,1281097,670452,2281,208,66,0,0,66.000,163.98
1431317,792594,23770,33161,167,66,0,0,66.000,163.98
1431317,963199,1326209,5453,334,66,0,0,66.000,163.98
1431317,324425,392732,4241,209,66,0,0,66.000,163.98
1431317,1424999,650672,2622,208,66,0,0,66.000,163.98
1431317,1019781,670320,12187,167,66,0,0,66.000,163.98
1431317,42628,708005,37435,166,66,0,0,66.000,163.98
1431317,25506,860838,2428,166,66,0,0,66.000,163.98
1431317,273259,1390,17057,167,66,0,0,66.000,163.98
1431317,325751,374013,5330,208,66,0,0,66.000,163.98
1431317,246824,1320742,6488,208,66,0,0,66.000,163.98
1431317,1407014,1122319,6908,209,66,0,0,66.000,163.98
1431317,1174420,1048226,3570,167,66,0,0,66.000,163.98
1431317,422509,688232,13616,209,66,0,0,66.000,163.98
1431317,619445,355782,10156,209,66,0,0,66.000,163.98
1431317,619734,737090,11767,167,66,0,0,66.000,163.98
1431317,1305258,1022863,29477,167,66,0,0,66.000,163.98
1438253,1404494,802922,4290,208,66,0,0,66.000,227.56
1438253,1293656,1376812,9145,208,66,0,0,66.000,227.56
1438253,1141706,331895,3057,167,66,0,0,66.000,227.56
1438253,1242148,584238,25920,208,66,0,0,66.000,227.56
1438253,815015,166885,15062,209,66,0,0,66.000,227.56
1438253,1336573,406391,27378,167,66,0,0,66.000,227.56
1438253,441256,341535,21517,333,66,0,0,66.000,227.56
1438253,632889,470163,2904,167,66,0,0,66.000,227.56
1438253,591110,688452,3790,209,66,0,0,66.000,227.56
1438253,1032180,868567,14078,208,66,0,0,66.000,227.56
1438253,1021299,420681,20499,250,66,0,0,66.000,227.56
1438253,319771,65413,2449,166,66,0,0,66.000,227.56
1438253,987827,1091162,44768,167,66,0,0,66.000,227.56
1438253,134059,1427960,5086,167,66,0,0,66.000,227.56
1438253,101680,480389,6312,375,66,0,0,66.000,227.56
1438253,1246881,910246,5554,208,66,0,0,66.000,227.56
1438253,178295,599852,104,167,66,0,0,66.000,227.56
1438253,110700,865079,132,209,66,0,0,66.000,227.56
1438253,722602,306859,2588,208,66,0,0,66.000,227.56
1438253,1008994,1062885,18108,250,66,0,0,66.000,227.56
1441523,384151,880960,9456,292,66,0,0,66.000,253.94
1441523,1065780,274615,135857,167,66,0,0,66.000,253.94
1441523,168301,548723,3286,166,66,0,0,66.000,253.94
1441523,556436,1195041,1081,208,66,0,0,66.000,253.94
1441523,467342,135167,4666,167,66,0,0,66.000,253.94
1441523,692206,609018,24485,209,66,0,0,66.000,253.94
1441523,765035,1052052,3359,166,66,0,0,66.000,253.94
1441523,347500,641859,7248,167,66,0,0,66.000,253.94
1441523,1227161,541201,682,209,66,0,0,66.000,253.94
1441523,815448,718034,1747,166,66,0,0,66.000,253.94
1441523,1093605,1237638,30990,167,66,0,0,66.000,253.94
1441523,833017,679639,32848,209,66,0,0,66.000,253.94
1441523,468988,913178,15194,167,66,0,0,66.000,253.94
1441523,32704,951328,318,208,66,0,0,66.000,253.94
1441523,60429,376335,7071,166,66,0,0,66.000,253.94
1441523,1113445,1400330,19936,292,66,0,0,66.000,253.94
1441523,479815,26787,5952,209,66,0,0,66.000,253.94
1441523,972745,674596,2535,167,66,0,0,66.000,253.94
1441523,728997,1314418,2369,167,66,0,0,66.000,253.94
1441523,676518,492180,8799,167,66,0,0,66.000,253.94
1441591,196460,515810,7194,166,66,0,0,66.000,219.56
1441591,235352,1392613,13186,208,66,0,0,66.000,219.56
1441591,1206576,160474,13907,167,66,0,0,66.000,219.56
1441591,1204390,953159,29892,209,66,0,0,66.000,219.56
1441591,980273,556181,4802,208,66,0,0,66.000,219.56
1441591,59105,292381,5749,208,66,0,0,66.000,219.56
1441591,1077197,1198094,851,167,66,0,0,66.000,219.56
1441591,498273,147890,42269,167,66,0,0,66.000,219.56
1441591,1147299,341807,6252,166,66,0,0,66.000,219.56
1441591,1238131,656065,11464,167,66,0,0,66.000,219.56
1441591,1242659,175250,6846,417,66,0,0,66.000,219.56
1441591,837474,525432,23535,167,66,0,0,66.000,219.56
1441591,448359,1044758,23742,167,66,0,0,66.000,219.56
1441591,818067,925884,2848,167,66,0,0,66.000,219.56
1441591,1238741,769239,34284,166,66,0,0,66.000,219.56
1441591,1071153,437563,12893,208,66,0,0,66.000,219.56
1441591,686383,950470,3093,167,66,0,0,66.000,219.56
1441591,148297,729862,8573,292,66,0,0,66.000,219.56
1441591,1299386,955038,10570,167,66,0,0,66.000,219.56
1441591,16135,581462,1534,166,66,0,0,66.000,219.56
1446169,254737,417027,4517,208,66,0,0,66.000,551.02
1446169,1189281,464376,9048,209,66,0,0,66.000,551.02
1446169,1235409,968438,4916,166,66,0,0,66.000,551.02
1446169,682741,95036,16619,166,66,0,0,66.000,551.02
1446169,768849,1359640,8126,167,66,0,0,66.000,551.02
1446169,262696,1336488,48088,209,66,0,0,66.000,551.02
1446169,1420231,406358,21147,209,66,0,0,66.000,551.02
1446169,1048972,1336239,59989,166,66,0,0,66.000,551.02
1446169,206530,76824,15548,167,66,0,0,66.000,551.02
1446169,1088225,269541,2756,208,66,0,0,66.000,551.02
1446169,673879,1090964,6645,166,66,0,0,66.000,551.02
1446169,551071,1102304,92917,208,66,0,0,66.000,551.02
1446169,724117,1005472,39160,166,66,0,0,66.000,551.02
1446169,1136767,1280093,104612,167,66,0,0,66.000,551.02
1446169,763341,493193,48605,167,66,0,0,66.000,551.02
1446169,205807,584739,28263,167,66,0,0,66.000,551.02
1446169,1038679,1358858,6576,291,66,0,0,66.000,551.02
1446169,1181415,592266,58827,208,66,0,0,66.000,551.02
1446169,664512,1203876,1270,208,66,0,0,66.000,551.02
1446169,678619,1002193,28575,208,66,0,0,66.000,551.02
1447217,731754,639284,7254,167,66,0,0,66.000,182.96
1447217,843874,1104659,946,166,66,0,0,66.000,182.96
1447217,405477,304499,10612,209,66,0,0,66.000,182.96
1447217,100019,574625,11763,167,66,0,0,66.000,182.96
1447217,403974,753009,43476,167,66,0,0,66.000,182.96
1447217,1203264,1190522,5552,208,66,0,0,66.000,182.96
1447217,1358623,834459,2886,209,66,0,0,66.000,182.96
1447217,273002,895477,3134,167,66,0,0,66.000,182.96
1447217,155324,946912,2866,209,66,0,0,66.000,182.96
1447217,971588,665872,32262,166,66,0,0,66.000,182.96
1447217,213522,871167,1404,208,66,0,0,66.000,182.96
1447217,1290656,1428227,25004,208,66,0,0,66.000,182.96
1447217,374408,1098601,10760,167,66,0,0,66.000,182.96
1447217,1071518,606267,18013,208,66,0,0,66.000,182.96
1447217,908693,128628,25375,208,66,0,0,66.000,182.96
1447217,1324562,287742,2093,167,66,0,0,66.000,182.96
1447217,64469,1307288,6562,208,66,0,0,66.000,182.96
1447217,1177232,1336743,5801,166,66,0,0,66.000,182.96
1447217,150607,685663,641,167,66,0,0,66.000,182.96
1447217,452350,1263281,2624,167,66,0,0,66.000,182.96
1448309,564019,722604,569,208,66,0,0,66.000,116.89
1448309,1146805,279668,708,208,66,0,0,66.000,116.89
1448309,1129671,2583,1414,208,66,0,0,66.000,116.89
1448309,655576,1362232,4060,209,66,0,0,66.000,116.89
1448309,1295279,1369065,6768,208,66,0,0,66.000,116.89
1448309,49137,1081570,12315,250,66,0,0,66.000,116.89
1448309,921816,816536,6261,167,66,0,0,66.000,116.89
1448309,570671,328142,1217,250,66,0,0,66.000,116.89
1448309,286347,967365,7625,166,66,0,0,66.000,116.89
1448309,1256846,1016040,8192,208,66,0,0,66.000,116.89
1448309,1412270,474738,5993,416,66,0,0,66.000,116.89
1448309,841168,487406,6435,208,66,0,0,66.000,116.89
1448309,1120485,284033,483,208,66,0,0,66.000,116.89
1448309,233317,1139217,9854,208,66,0,0,66.000,116.89
1448309,1426455,1036378,12844,209,66,0,0,66.000,116.89
1448309,669517,423158,5340,208,66,0,0,66.000,116.89
1448309,1291180,524050,3440,209,66,0,0,66.000,116.89
1448309,137697,1191573,11123,250,66,0,0,66.000,116.89
1448309,1295265,1059113,9440,209,66,0,0,66.000,116.89
1448309,212342,1185975,2198,209,66,0,0,66.000,116.89
1451059,369749,952879,630,167,66,0,0,66.000,279.29
1451059,553193,1369821,2405,208,66,0,0,66.000,279.29
1451059,1249102,297444,4017,209,66,0,0,66.000,279.29
1451059,76217,1216856,2528,208,66,0,0,66.000,279.29
1451059,1374840,52667,2382,208,66,0,0,66.000,279.29
1451059,877661,917063,49445,209,66,0,0,66.000,279.29
1451059,1091839,904064,26385,209,66,0,0,66.000,279.29
1451059,933578,1027953,27706,208,66,0,0,66.000,279.29
1451059,1203297,374648,14953,209,66,0,0,66.000,279.29
1451059,196180,372160,9825,333,66,0,0,66.000,279.29
1451059,519987,77925,16475,167,66,0,0,66.000,279.29
1451059,700245,640368,538,209,66,0,0,66.000,279.29
1451059,92696,1306778,8627,208,66,0,0,66.000,279.29
1451059,32629,872919,7495,250,66,0,0,66.000,279.29
1451059,1034681,142925,31471,208,66,0,0,66.000,279.29
1451059,370690,149227,27352,167,66,0,0,66.000,279.29
1451059,416181,99788,18418,167,66,0,0,66.000,279.29
1451059,760560,1038895,15700,166,66,0,0,66.000,279.29
1451059,1144773,707892,4415,208,66,0,0,66.000,279.29
1451059,262761,558074,8975,167,66,0,0,66.000,279.29
1453489,1111954,1076278,22137,208,66,0,0,66.000,426.18
1453489,319751,36587,1160,167,66,0,0,66.000,426.18
1453489,1312648,1017511,10629,333,66,0,0,66.000,426.18
1453489,217181,607237,24791,208,66,0,0,66.000,426.18
1453489,166643,35627,12170,292,66,0,0,66.000,426.18
1453489,1235268,932103,5543,208,66,0,0,66.000,426.18
1453489,1270165,348015,7582,208,66,0,0,66.000,426.18
1453489,504039,383277,58755,166,66,0,0,66.000,426.18
1453489,218221,759213,23370,166,66,0,0,66.000,426.18
1453489,186118,1367513,109227,208,66,0,0,66.000,426.18
1453489,1241776,35330,3686,167,66,0,0,66.000,426.18
1453489,1110054,221520,17144,208,66,0,0,66.000,426.18
1453489,402821,949345,68159,209,66,0,0,66.000,426.18
1453489,1136071,268921,8548,250,66,0,0,66.000,426.18
1453489,801563,961827,17729,209,66,0,0,66.000,426.18
1453489,764426,558207,19959,167,66,0,0,66.000,426.18
1453489,205492,383776,13043,208,66,0,0,66.000,426.18
1453489,1027330,309294,3457,208,66,0,0,66.000,426.18
1453489,1225849,926209,17523,166,66,0,0,66.000,426.18
1453489,100086,124726,3032,167,66,0,0,66.000,426.18
1455653,542798,1027562,95676,166,66,0,0,66.000,429.60
1455653,1042545,1035877,24861,167,66,0,0,66.000,429.60
1455653,794806,418758,227,292,66,0,0,66.000,429.60
1455653,1401615,120176,2872,208,66,0,0,66.000,429.60
1455653,98914,1178560,12354,167,66,0,0,66.000,429.60
1455653,1042674,629584,20052,166,66,0,0,66.000,429.60
1455653,882177,420558,800,167,66,0,0,66.000,429.60
1455653,1187816,69056,27657,209,66,0,0,66.000,429.60
1455653,977146,1080000,35995,333,66,0,0,66.000,429.60
1455653,789898,744271,9796,167,66,0,0,66.000,429.60
1455653,378510,379956,35015,209,66,0,0,66.000,429.60
1455653,227323,59591,1237,208,66,0,0,66.000,429.60
1455653,1115259,75224,26793,334,66,0,0,66.000,429.60
1455653,1127251,17226,22706,167,66,0,0,66.000,429.60
1455653,1308873,618527,74206,167,66,0,0,66.000,429.60
1455653,947644,3318,12428,167,66,0,0,66.000,429.60
1455653,1385533,1013166,612,167,66,0,0,66.000,429.60
1455653,361745,786642,14682,167,66,0,0,66.000,429.60
1455653,789898,410847,5010,166,66,0,0,66.000,429.60
1455653,927986,823440,62721,209,66,0,0,66.000,429.60
1455959,501764,572095,38782,167,66,0,0,66.000,313.59
1455959,142864,1386055,1402,166,66,0,0,66.000,313.59
1455959,1206748,82139,4434,209,66,0,0,66.000,313.59
1455959,938926,1061393,13120,208,66,0,0,66.000,313.59
1455959,786486,486914,41760,166,66,0,0,66.000,313.59
1455959,403063,425865,22608,333,66,0,0,66.000,313.59
1455959,190337,1134713,1432,416,66,0,0,66.000,313.59
1455959,1439641,372143,17563,167,66,0,0,66.000,313.59
1455959,1443283,241143,8401,333,66,0,0,66.000,313.59
1455959,494560,481016,25953,167,66,0,0,66.000,313.59
1455959,378091,71540,2828,167,66,0,0,66.000,313.59
1455959,687426,776833,25204,334,66,0,0,66.000,313.59
1455959,53434,527596,3344,209,66,0,0,66.000,313.59
1455959,1005855,772525,26162,167,66,0,0,66.000,313.59
1455959,278231,512385,48878,333,66,0,0,66.000,313.59
1455959,1189341,1240505,715,208,66,0,0,66.000,313.59
1455959,1054219,244320,29772,166,66,0,0,66.000,313.59
1455959,238737,977599,9638,209,66,0,0,66.000,313.59
1455959,675438,1373122,3560,208,66,0,0,66.000,313.59
1455959,117856,1447112,28657,167,66,0,0,66.000,313.59
1456229,982435,1066485,1582,167,66,0,0,66.000,132.45
1456229,279871,744229,1967,333,66,0,0,66.000,132.45
1456229,690145,1092934,9886,167,66,0,0,66.000,132.45
1456229,865560,424984,10922,333,66,0,0,66.000,132.45
1456229,406270,451262,2655,167,66,0,0,66.000,132.45
1456229,1303192,475207,22651,166,66,0,0,66.000,132.45
1456229,227839,1102769,2121,167,66,0,0,66.000,132.45
1456229,1424131,798510,1567,166,66,0,0,66.000,132.45
1456229,849846,718918,6240,167,66,0,0,66.000,132.45
1456229,292256,965858,5587,208,66,0,0,66.000,132.45
1456229,517006,526425,10179,208,66,0,0,66.000,132.45
1456229,1196613,220023,4776,166,66,0,0,66.000,132.45
1456229,789246,1137040,7957,208,66,0,0,66.000,132.45
1456229,1108863,1455880,4820,167,66,0,0,66.000,132.45
1456229,289328,934840,4512,208,66,0,0,66.000,132.45
1456229,636314,1313070,1169,209,66,0,0,66.000,132.45
1456229,258237,377261,6050,208,66,0,0,66.000,132.45
1456229,90850,1210036,40491,166,66,0,0,66.000,132.45
1456229,897991,799204,4483,166,66,0,0,66.000,132.45
1456229,1131606,725241,3765,166,66,0,0,66.000,132.45
1457503,1333546,886261,28953,166,66,0,0,66.000,177.89
1457503,1224966,496594,7445,208,66,0,0,66.000,177.89
1457503,98626,359665,28,209,66,0,0,66.000,177.89
1457503,1210698,95006,909,166,66,0,0,66.000,177.89
1457503,84130,272580,95,292,66,0,0,66.000,177.89
1457503,239474,376395,2083,167,66,0,0,66.000,177.89
1457503,53887,474661,5668,167,66,0,0,66.000,177.89
1457503,1383077,1332787,2272,209,66,0,0,66.000,177.89
1457503,787930,1268073,5891,208,66,0,0,66.000,177.89
1457503,806953,783463,17833,209,66,0,0,66.000,177.89
1457503,417154,883682,227,208,66,0,0,66.000,177.89
1457503,1286248,972537,144,166,66,0,0,66.000,177.89
1457503,1154164,1415415,23391,208,66,0,0,66.000,177.89
1457503,149566,759112,27412,209,66,0,0,66.000,177.89
1457503,817675,627725,16968,167,66,0,0,66.000,177.89
1457503,1393523,411214,12600,166,66,0,0,66.000,177.89
1457503,157141,1310430,8777,208,66,0,0,66.000,177.89
1457503,78464,1421379,3503,209,66,0,0,66.000,177.89
1457503,1097033,687660,18120,167,66,0,0,66.000,177.89
1457503,457359,1272890,17673,208,66,0,0,66.000,177.89
1459589,762397,230011,21558,208,66,0,0,66.000,178.48
1459589,923787,1252802,5339,167,66,0,0,66.000,178.48
1459589,534158,953157,677,334,66,0,0,66.000,178.48
1459589,1161045,328815,11829,208,66,0,0,66.000,178.48
1459589,496678,180889,1130,167,66,0,0,66.000,178.48
1459589,1280057,371852,19100,167,66,0,0,66.000,178.48
1459589,1325099,918220,8144,250,66,0,0,66.000,178.48
1459589,1139349,666393,4989,208,66,0,0,66.000,178.48
1459589,820335,449566,35318,209,66,0,0,66.000,178.48
1459589,1149254,1383133,1388,209,66,0,0,66.000,178.48
1459589,44928,623835,12989,167,66,0,0,66.000,178.48
1459589,1073348,714558,4768,166,66,0,0,66.000,178.48
1459589,357352,1158651,12348,167,66,0,0,66.000,178.48
1459589,330377,383892,69,208,66,0,0,66.000,178.48
1459589,684477,909213,8607,208,66,0,0,66.000,178.48
1459589,162718,618169,13064,167,66,0,0,66.000,178.48
1459589,1378399,439124,11810,167,66,0,0,66.000,178.48
1459589,57966,793715,1309,167,66,0,0,66.000,178.48
1459589,1107786,1056179,4992,166,66,0,0,66.000,178.48
1459589,421593,532400,976,167,66,0,0,66.000,178.48
1461821,182591,760045,37044,208,66,0,0,66.000,243.52
1461821,1422484,95625,1688,292,66,0,0,66.000,243.52
1461821,1349025,347402,10535,166,66,0,0,66.000,243.52
1461821,40570,286969,1137,166,66,0,0,66.000,243.52
1461821,181749,782277,18861,209,66,0,0,66.000,243.52
1461821,1170586,1221632,6357,209,66,0,0,66.000,243.52
1461821,1130524,1215269,3428,166,66,0,0,66.000,243.52
1461821,207823,1406327,31800,125,66,0,0,66.000,243.52
1461821,1308017,433362,10635,208,66,0,0,66.000,243.52
1461821,147744,762008,1334,167,66,0,0,66.000,243.52
1461821,528952,433733,82366,167,66,0,0,66.000,243.52
1461821,474531,1091842,465,208,66,0,0,66.000,243.52
1461821,509172,849784,31779,208,66,0,0,66.000,243.52
1461821,696282,912875,1829,208,66,0,0,66.000,243.52
1461821,1219867,1182647,5031,166,66,0,0,66.000,243.52
1461821,903797,1061468,13483,167,66,0,0,66.000,243.52
1461821,1197744,1418928,33854,333,66,0,0,66.000,243.52
1461821,590095,956357,3080,167,66,0,0,66.000,243.52
1461821,372239,466078,5359,208,66,0,0,66.000,243.52
1461821,587600,1056690,11612,167,66,0,0,66.000,243.52
1462169,1381280,1023137,27662,167,66,0,0,66.000,177.07
1462169,935973,452113,2146,208,66,0,0,66.000,177.07
1462169,494888,434557,18594,167,66,0,0,66.000,177.07
1462169,554938,864740,14133,208,66,0,0,66.000,177.07
1462169,290620,329223,36258,209,66,0,0,66.000,177.07
1462169,936334,245676,4576,166,66,0,0,66.000,177.07
1462169,1225049,1342350,3053,208,66,0,0,66.000,177.07
1462169,736451,124313,6617,166,66,0,0,66.000,177.07
1462169,625978,136138,18234,208,66,0,0,66.000,177.07
1462169,378371,263301,592,167,66,0,0,66.000,177.07
1462169,579463,1362603,8235,166,66,0,0,66.000,177.07
1462169,436435,375659,4408,208,66,0,0,66.000,177.07
1462169,374274,919227,610,167,66,0,0,66.000,177.07
1462169,735954,1237696,1215,166,66,0,0,66.000,177.07
1462169,25938,1160830,6896,167,66,0,0,66.000,177.07
1462169,1245245,660373,5711,209,66,0,0,66.000,177.07
1462169,534002,402092,524,209,66,0,0,66.000,177.07
1462169,1204703,1224777,9797,167,66,0,0,66.000,177.07
1462169,225625,501448,13340,208,66,0,0,66.000,177.07
1462169,854989,170355,51454,167,66,0,0,66.000,177.07
1466057,361856,81555,4290,292,66,0,0,66.000,225.51
1466057,583158,83837,29210,292,66,0,0,66.000,225.51
1466057,266034,1177757,4974,208,66,0,0,66.000,225.51
1466057,1050103,111818,20522,167,66,0,0,66.000,225.51
1466057,476561,710407,15400,167,66,0,0,66.000,225.51
1466057,1312470,714799,22787,166,66,0,0,66.000,225.51
1466057,102611,902272,1144,167,66,0,0,66.000,225.51
1466057,728469,357422,3995,166,66,0,0,66.000,225.51
1466057,523551,747495,3013,209,66,0,0,66.000,225.51
1466057,437413,115276,18986,209,66,0,0,66.000,225.51
1466057,887932,529829,36296,209,66,0,0,66.000,225.51
1466057,1270506,779652,20980,208,66,0,0,66.000,225.51
1466057,818978,8611,17041,167,66,0,0,66.000,225.51
1466057,543397,198943,13346,167,66,0,0,66.000,225.51
1466057,398716,1378026,6745,167,66,0,0,66.000,225.51
1466057,812889,249355,10584,209,66,0,0,66.000,225.51
1466057,189691,171888,3789,167,66,0,0,66.000,225.51
1466057,493418,1152299,6839,209,66,0,0,66.000,225.51
1466057,59476,1224404,10037,167,66,0,0,66.000,225.51
1466057,1114945,196950,14781,166,66,0,0,66.000,225.51
1466191,22500,575621,1320,167,66,0,0,66.000,244.24
1466191,374877,1023989,15656,375,66,0,0,66.000,244.24
1466191,635240,829292,22813,167,66,0,0,66.000,244.24
1466191,338414,237151,21561,209,66,0,0,66.000,244.24
1466191,1236613,1248787,6559,209,66,0,0,66.000,244.24
1466191,296494,960452,19925,208,66,0,0,66.000,244.24
1466191,50348,990567,6262,167,66,0,0,66.000,244.24
1466191,553410,899744,7586,208,66,0,0,66.000,244.24
1466191,288507,312099,21111,166,66,0,0,66.000,244.24
1466191,318574,360320,17466,209,66,0,0,66.000,244.24
1466191,339037,807907,2481,208,66,0,0,66.000,244.24
1466191,254994,271954,21288,167,66,0,0,66.000,244.24
1466191,1200460,1131442,19402,250,66,0,0,66.000,244.24
1466191,624191,422066,1702,209,66,0,0,66.000,244.24
1466191,1415843,834425,17016,334,66,0,0,66.000,244.24
1466191,907005,1446696,11674,167,66,0,0,66.000,244.24
1466191,144147,41407,464,209,66,0,0,66.000,244.24
1466191,7775,680201,9661,209,66,0,0,66.000,244.24
1466191,659527,247663,8145,208,66,0,0,66.000,244.24
1466191,1384033,215431,11207,208,66,0,0,66.000,244.24
1470817,1047029,584550,27473,208,66,0,0,66.000,444.37
1470817,52822,516471,3778,333,66,0,0,66.000,444.37
1470817,657728,544597,45425,167,66,0,0,66.000,444.37
1470817,1133182,1073560,56290,167,66,0,0,66.000,444.37
1470817,1319880,1280426,689,208,66,0,0,66.000,444.37
1470817,619897,663079,28790,334,66,0,0,66.000,444.37
1470817,424836,346444,6559,167,66,0,0,66.000,444.37
1470817,501148,436959,2448,167,66,0,0,66.000,444.37
1470817,213466,350902,2361,167,66,0,0,66.000,444.37
1470817,339866,1364965,49909,209,66,0,0,66.000,444.37
1470817,224736,169779,4724,166,66,0,0,66.000,444.37
1470817,648099,258900,59912,209,66,0,0,66.000,444.37
1470817,247925,421951,187,334,66,0,0,66.000,444.37
1470817,567669,804141,76959,167,66,0,0,66.000,444.37
1470817,313029,947250,8652,166,66,0,0,66.000,444.37
1470817,437206,419073,11797,208,66,0,0,66.000,444.37
1470817,218717,225085,2950,208,66,0,0,66.000,444.37
1470817,1356299,1287548,14015,209,66,0,0,66.000,444.37
1470817,1097188,496368,78983,208,66,0,0,66.000,444.37
1470817,205597,243176,9555,167,66,0,0,66.000,444.37
1474843,1017796,233259,5405,208,66,0,0,66.000,100.92
1474843,1297864,1289581,2660,209,66,0,0,66.000,100.92
1474843,1135995,809363,1455,167,66,0,0,66.000,100.92
1474843,38796,1337673,6418,167,66,0,0,66.000,100.92
1474843,221973,1264709,2445,334,66,0,0,66.000,100.92
1474843,1320537,656439,2155,208,66,0,0,66.000,100.92
1474843,72265,314792,1745,208,66,0,0,66.000,100.92
1474843,895533,998525,7684,167,66,0,0,66.000,100.92
1474843,927036,977477,15123,208,66,0,0,66.000,100.92
1474843,252046,229679,161,209,66,0,0,66.000,100.92
1474843,635286,1091674,1146,209,66,0,0,66.000,100.92
1474843,938798,386429,9544,208,66,0,0,66.000,100.92
1474843,166097,383011,9814,208,66,0,0,66.000,100.92
1474843,121493,677953,12855,167,66,0,0,66.000,100.92
1474843,1207119,47147,2579,208,66,0,0,66.000,100.92
1474843,119994,939899,7559,208,66,0,0,66.000,100.92
1474843,852144,275110,262,208,66,0,0,66.000,100.92
1474843,155349,1079762,7117,167,66,0,0,66.000,100.92
1474843,182169,815471,485,333,66,0,0,66.000,100.92
1474843,1236163,598103,5094,208,66,0,0,66.000,100.92
1474981,213345,518587,1692,208,66,0,0,66.000,128.70
1474981,172646,48448,8839,208,66,0,0,66.000,128.70
1474981,697566,603990,6691,209,66,0,0,66.000,128.70
1474981,825523,1039509,607,208,66,0,0,66.000,128.70
1474981,909368,1041755,1108,208,66,0,0,66.000,128.70
1474981,910803,107127,2495,208,66,0,0,66.000,128.70
1474981,245882,290289,7518,208,66,0,0,66.000,128.70
1474981,985049,598165,1525,208,66,0,0,66.000,128.70
1474981,297919,1176846,2113,167,66,0,0,66.000,128.70
1474981,1068033,430353,3705,166,66,0,0,66.000,128.70
1474981,757134,1351432,1243,209,66,0,0,66.000,128.70
1474981,1274447,205328,10460,208,66,0,0,66.000,128.70
1474981,1394770,1064761,2420,167,66,0,0,66.000,128.70
1474981,131689,1213812,13349,209,66,0,0,66.000,128.70
1474981,1095269,1043394,5843,166,66,0,0,66.000,128.70
1474981,1104527,1092879,6481,208,66,0,0,66.000,128.70
1474981,1160792,96019,20625,208,66,0,0,66.000,128.70
1474981,1004548,1010727,389,209,66,0,0,66.000,128.70
1474981,1286145,1165725,1763,166,66,0,0,66.000,128.70
1474981,633622,1103871,30451,208,66,0,0,66.000,128.70
1480433,992167,1039813,30381,209,66,0,0,66.000,294.02
1480433,148754,544712,13903,166,66,0,0,66.000,294.02
1480433,1101446,38159,9025,167,66,0,0,66.000,294.02
1480433,1436169,538377,8340,166,66,0,0,66.000,294.02
1480433,366152,1215269,1143,375,66,0,0,66.000,294.02
1480433,528761,530901,10945,208,66,0,0,66.000,294.02
1480433,775999,1059183,31950,208,66,0,0,66.000,294.02
1480433,900960,1169006,16895,334,66,0,0,66.000,294.02
1480433,462050,633305,12412,208,66,0,0,66.000,294.02
1480433,165121,1020379,27104,167,66,0,0,66.000,294.02
1480433,957590,618730,7625,167,66,0,0,66.000,294.02
1480433,1137440,1176682,8114,167,66,0,0,66.000,294.02
1480433,601563,461869,24512,208,66,0,0,66.000,294.02
1480433,1381718,525030,3355,209,66,0,0,66.000,294.02
1480433,632709,165926,13891,208,66,0,0,66.000,294.02
1480433,397781,59921,7810,208,66,0,0,66.000,294.02
1480433,728529,350554,20797,167,66,0,0,66.000,294.02
1480433,624339,926799,3002,167,66,0,0,66.000,294.02
1480433,1154508,531892,37064,250,66,0,0,66.000,294.02
1480433,434575,907657,4521,208,66,0,0,66.000,294.02
1480663,1297145,962736,7967,167,66,0,0,66.000,117.32
1480663,913097,149363,2807,167,66,0,0,66.000,117.32
1480663,96601,306904,10676,209,66,0,0,66.000,117.32
1480663,931832,162808,8188,208,66,0,0,66.000,117.32
1480663,562516,244803,8929,208,66,0,0,66.000,117.32
1480663,131593,1293487,10951,167,66,0,0,66.000,117.32
1480663,109146,325913,15777,167,66,0,0,66.000,117.32
1480663,1004894,752990,1925,166,66,0,0,66.000,117.32
1480663,15576,549971,5789,208,66,0,0,66.000,117.32
1480663,1345435,616763,80,334,66,0,0,66.000,117.32
1480663,282363,731082,5673,167,66,0,0,66.000,117.32
1480663,1267518,376904,1082,166,66,0,0,66.000,117.32
1480663,1018428,1444950,4488,209,66,0,0,66.000,117.32
1480663,278880,898898,11742,333,66,0,0,66.000,117.32
1480663,898014,1216550,1227,167,66,0,0,66.000,117.32
1480663,1127852,1298916,12410,208,66,0,0,66.000,117.32
1480663,654432,796946,13403,209,66,0,0,66.000,117.32
1480663,1268876,607346,1398,167,66,0,0,66.000,117.32
1480663,1415951,761360,2685,167,66,0,0,66.000,117.32
1480663,471667,37474,4069,333,66,0,0,66.000,117.32
1481033,1050602,458590,4313,208,66,0,0,66.000,314.90
1481033,343231,632700,57545,167,66,0,0,66.000,314.90
1481033,1457107,891515,7862,375,66,0,0,66.000,314.90
1481033,1316431,988401,40772,208,66,0,0,66.000,314.90
1481033,65199,652685,39124,166,66,0,0,66.000,314.90
1481033,1289738,874631,12434,167,66,0,0,66.000,314.90
1481033,595034,885084,239,167,66,0,0,66.000,314.90
1481033,1013765,1336912,545,167,66,0,0,66.000,314.90
1481033,801755,1141484,26340,209,66,0,0,66.000,314.90
1481033,1133592,477944,13511,166,66,0,0,66.000,314.90
1481033,209205,352449,10871,209,66,0,0,66.000,314.90
1481033,983778,1367709,6976,208,66,0,0,66.000,314.90
1481033,1221109,1135045,8628,167,66,0,0,66.000,314.90
1481033,1266947,155400,9805,166,66,0,0,66.000,314.90
1481033,398817,957744,42757,125,66,0,0,66.000,314.90
1481033,999822,1375620,4840,167,66,0,0,66.000,314.90
1481033,1357332,460209,8558,167,66,0,0,66.000,314.90
1481033,924019,1383419,26276,167,66,0,0,66.000,314.90
1481033,75962,766078,6680,166,66,0,0,66.000,314.90
1481033,1402377,266604,30622,167,66,0,0,66.000,314.90
1482337,73152,860367,393,167,66,0,0,66.000,273.05
1482337,778799,950734,14430,208,66,0,0,66.000,273.05
1482337,150166,461276,8595,167,66,0,0,66.000,273.05
1482337,916845,166532,765,333,66,0,0,66.000,273.05
1482337,800308,1131115,2493,208,66,0,0,66.000,273.05
1482337,252528,285912,9203,167,66,0,0,66.000,273.05
1482337,1123374,606104,93462,167,66,0,0,66.000,273.05
1482337,1231478,416857,18529,209,66,0,0,66.000,273.05
1482337,818955,384120,66054,166,66,0,0,66.000,273.05
1482337,22930,1226560,9124,291,66,0,0,66.000,273.05
1482337,880045,83970,56848,334,66,0,0,66.000,273.05
1482337,328477,695851,15739,167,66,0,0,66.000,273.05
1482337,883909,1394150,2123,208,66,0,0,66.000,273.05
1482337,778799,507747,10844,166,66,0,0,66.000,273.05
1482337,74024,1210486,13788,167,66,0,0,66.000,273.05
1482337,493103,1337872,4794,166,66,0,0,66.000,273.05
1482337,723554,1081051,8505,208,66,0,0,66.000,273.05
1482337,303141,703418,14994,167,66,0,0,66.000,273.05
1482337,99061,727677,7377,166,66,0,0,66.000,273.05
1482337,729014,379328,4844,167,66,0,0,66.000,273.05
1484837,228756,490432,42597,166,66,0,0,66.000,222.14
1484837,1075072,919191,15458,209,66,0,0,66.000,222.14
1484837,947641,203623,14749,209,66,0,0,66.000,222.14
1484837,366902,196514,5700,167,66,0,0,66.000,222.14
1484837,611940,705527,3587,167,66,0,0,66.000,222.14
1484837,1264289,296508,12433,185,66,0,0,66.000,222.14
1484837,207642,78543,7074,209,66,0,0,66.000,222.14
1484837,70424,1084735,11527,167,66,0,0,66.000,222.14
1484837,193023,857615,3745,167,66,0,0,66.000,222.14
1484837,1064979,121331,4246,166,66,0,0,66.000,222.14
1484837,90798,1002276,10610,209,66,0,0,66.000,222.14
1484837,1164177,22359,4142,208,66,0,0,66.000,222.14
1484837,113068,1108908,9060,166,66,0,0,66.000,222.14
1484837,981285,675121,2182,167,66,0,0,66.000,222.14
1484837,1066231,413468,15428,208,66,0,0,66.000,222.14
1484837,973308,1410156,12237,209,66,0,0,66.000,222.14
1484837,961757,758162,20008,166,66,0,0,66.000,222.14
1484837,996023,832399,6538,333,66,0,0,66.000,222.14
1484837,250519,281506,30465,209,66,0,0,66.000,222.14
1484837,1288890,1475935,5162,208,66,0,0,66.000,222.14
1485199,1067987,1207198,8820,166,66,0,0,66.000,161.34
1485199,1002415,217004,23512,208,66,0,0,66.000,161.34
1485199,304006,1086596,3699,167,66,0,0,66.000,161.34
1485199,1211806,468149,1042,166,66,0,0,66.000,161.34
1485199,344847,774714,4921,209,66,0,0,66.000,161.34
1485199,551367,592463,2866,209,66,0,0,66.000,161.34
1485199,293714,659255,780,208,66,0,0,66.000,161.34
1485199,1377018,31318,10871,209,66,0,0,66.000,161.34
1485199,1374254,435376,3031,209,66,0,0,66.000,161.34
1485199,286644,771793,11688,166,66,0,0,66.000,161.34
1485199,20681,1080478,7405,166,66,0,0,66.000,161.34
1485199,137581,172833,2991,209,66,0,0,66.000,161.34
1485199,1362862,302877,13590,167,66,0,0,66.000,161.34
1485199,921721,253401,4817,167,66,0,0,66.000,161.34
1485199,1280186,776687,4225,375,66,0,0,66.000,161.34
1485199,580970,437150,6209,375,66,0,0,66.000,161.34
1485199,274929,338722,22465,334,66,0,0,66.000,161.34
1485199,1328958,1095890,19412,167,66,0,0,66.000,161.34
1485199,197096,932895,10898,166,66,0,0,66.000,161.34
1485199,697536,162755,6799,208,66,0,0,66.000,161.34
1486847,1374172,439456,17739,167,66,0,0,66.000,127.34
1486847,483198,240674,19879,166,66,0,0,66.000,127.34
1486847,856027,1013575,1577,208,66,0,0,66.000,127.34
1486847,650729,1012611,8673,208,66,0,0,66.000,127.34
1486847,627857,409102,4198,167,66,0,0,66.000,127.34
1486847,796482,1320280,20977,166,66,0,0,66.000,127.34
1486847,965461,125862,13,167,66,0,0,66.000,127.34
1486847,1118160,119890,5627,167,66,0,0,66.000,127.34
1486847,772891,965173,9699,167,66,0,0,66.000,127.34
1486847,123946,904640,6983,167,66,0,0,66.000,127.34
1486847,1097162,1042841,3907,250,66,0,0,66.000,127.34
1486847,1421976,412665,1174,167,66,0,0,66.000,127.34
1486847,926302,505273,6765,166,66,0,0,66.000,127.34
1486847,1161512,531617,904,226,66,0,0,66.000,127.34
1486847,970060,171394,8290,208,66,0,0,66.000,127.34
1486847,194051,368600,2478,166,66,0,0,66.000,127.34
1486847,389411,334865,7496,208,66,0,0,66.000,127.34
1486847,832012,337368,5636,167,66,0,0,66.000,127.34
1486847,310868,61613,53,208,66,0,0,66.000,127.34
1486847,871350,843877,8804,334,66,0,0,66.000,127.34
1487711,815382,27735,6507,167,66,0,0,66.000,257.47
1487711,1332037,1375343,6274,208,66,0,0,66.000,257.47
1487711,168949,473543,722,166,66,0,0,66.000,257.47
1487711,1121846,1423006,4934,167,66,0,0,66.000,257.47
1487711,1323617,255770,12967,208,66,0,0,66.000,257.47
1487711,781567,227400,10691,209,66,0,0,66.000,257.47
1487711,1306260,1188081,27306,166,66,0,0,66.000,257.47
1487711,803691,116404,7190,208,66,0,0,66.000,257.47
1487711,1446557,1459126,14233,208,66,0,0,66.000,257.47
1487711,490933,66312,673,167,66,0,0,66.000,257.47
1487711,180180,569395,19609,208,66,0,0,66.000,257.47
1487711,1128177,141534,20404,208,66,0,0,66.000,257.47
1487711,803704,59009,14098,375,66,0,0,66.000,257.47
1487711,1425750,913690,349,334,66,0,0,66.000,257.47
1487711,575809,696274,32617,333,66,0,0,66.000,257.47
1487711,759227,1023690,25542,208,66,0,0,66.000,257.47
1487711,348615,433097,7934,167,66,0,0,66.000,257.47
1487711,717765,1285245,11288,208,66,0,0,66.000,257.47
1487711,610167,766002,47066,167,66,0,0,66.000,257.47
1487711,1393930,674528,5129,167,66,0,0,66.000,257.47
1489051,583185,340736,871,166,66,0,0,66.000,95.08
1489051,1392493,383446,1962,166,66,0,0,66.000,95.08
1489051,291125,1167107,15864,166,66,0,0,66.000,95.08
1489051,1407790,1372355,470,208,66,0,0,66.000,95.08
1489051,800155,414845,8343,167,66,0,0,66.000,95.08
1489051,611339,979540,5885,208,66,0,0,66.000,95.08
1489051,573432,1230703,2876,209,66,0,0,66.000,95.08
1489051,365600,1105997,160,166,66,0,0,66.000,95.08
1489051,1185478,489655,3090,167,66,0,0,66.000,95.08
1489051,524512,1371876,5854,292,66,0,0,66.000,95.08
1489051,1259660,671781,15478,167,66,0,0,66.000,95.08
1489051,826425,1457008,8521,209,66,0,0,66.000,95.08
1489051,902300,1231569,2550,209,66,0,0,66.000,95.08
1489051,1381355,1390856,2,209,66,0,0,66.000,95.08
1489051,360392,1373818,5813,167,66,0,0,66.000,95.08
1489051,1334658,306715,4316,166,66,0,0,66.000,95.08
1489051,509236,1258045,1599,167,66,0,0,66.000,95.08
1489051,530918,756465,7127,167,66,0,0,66.000,95.08
1489051,414272,756261,15597,208,66,0,0,66.000,95.08
1489051,437706,1032299,6641,208,66,0,0,66.000,95.08
1491013,222569,811452,3409,209,66,0,0,66.000,77.74
1491013,1347986,986360,5951,208,66,0,0,66.000,77.74
1491013,717198,1327054,268,208,66,0,0,66.000,77.74
1491013,891987,1133594,7454,209,66,0,0,66.000,77.74
1491013,904786,1083770,2176,375,66,0,0,66.000,77.74
1491013,1127105,1280103,10747,250,66,0,0,66.000,77.74
1491013,35639,1115738,664,166,66,0,0,66.000,77.74
1491013,1427516,1425870,2151,209,66,0,0,66.000,77.74
1491013,846884,407941,2779,208,66,0,0,66.000,77.74
1491013,1139092,1408161,3643,250,66,0,0,66.000,77.74
1491013,452833,1414599,4735,208,66,0,0,66.000,77.74
1491013,361753,1274473,2156,209,66,0,0,66.000,77.74
1491013,887509,1254957,12932,209,66,0,0,66.000,77.74
1491013,566781,241110,1790,208,66,0,0,66.000,77.74
1491013,395752,54508,262,208,66,0,0,66.000,77.74
1491013,853788,1038151,10482,208,66,0,0,66.000,77.74
1491013,1085585,932554,4689,250,66,0,0,66.000,77.74
1491013,1470647,555917,1043,209,66,0,0,66.000,77.74
1491013,928819,652949,2425,167,66,0,0,66.000,77.74
1491013,814936,1412374,1785,375,66,0,0,66.000,77.74
1491977,842859,220868,3073,167,66,0,0,66.000,138.68
1491977,1017890,896726,13869,209,66,0,0,66.000,138.68
1491977,1292564,1007642,4671,208,66,0,0,66.000,138.68
1491977,160140,318543,4847,208,66,0,0,66.000,138.68
1491977,1371302,972184,4020,375,66,0,0,66.000,138.68
1491977,483895,654017,4945,209,66,0,0,66.000,138.68
1491977,1358025,1070662,6426,250,66,0,0,66.000,138.68
1491977,27912,301647,8302,166,66,0,0,66.000,138.68
1491977,534681,1231576,5904,208,66,0,0,66.000,138.68
1491977,1198371,401269,3952,208,66,0,0,66.000,138.68
1491977,428366,425433,527,250,66,0,0,66.000,138.68
1491977,252473,1021173,3916,184,66,0,0,66.000,138.68
1491977,1431062,179066,10916,208,66,0,0,66.000,138.68
1491977,1455222,65579,423,208,66,0,0,66.000,138.68
1491977,856605,980095,25959,209,66,0,0,66.000,138.68
1491977,86293,759375,5964,209,66,0,0,66.000,138.68
1491977,118070,1424039,19224,167,66,0,0,66.000,138.68
1491977,402022,116675,2878,209,66,0,0,66.000,138.68
1491977,378162,24036,3444,208,66,0,0,66.000,138.68
1491977,240783,590006,6962,209,66,0,0,66.000,138.68
1492063,612339,1109372,13339,208,66,0,0,66.000,265.97
1492063,195076,95956,21030,209,66,0,0,66.000,265.97
1492063,44055,812078,548,209,66,0,0,66.000,265.97
1492063,560944,1214819,7394,250,66,0,0,66.000,265.97
1492063,584281,776615,20264,208,66,0,0,66.000,265.97
1492063,481248,226150,45008,209,66,0,0,66.000,265.97
1492063,207869,713815,2662,209,66,0,0,66.000,265.97
1492063,607562,2721,2083,208,66,0,0,66.000,265.97
1492063,732084,223514,14152,167,66,0,0,66.000,265.97
1492063,462198,642814,17037,167,66,0,0,66.000,265.97
1492063,677978,1254626,27379,208,66,0,0,66.000,265.97
1492063,231461,1457928,3072,209,66,0,0,66.000,265.97
1492063,66572,670851,13117,166,66,0,0,66.000,265.97
1492063,1052338,343579,712,208,66,0,0,66.000,265.97
1492063,775459,1196519,32935,208,66,0,0,66.000,265.97
1492063,69121,1232531,23104,208,66,0,0,66.000,265.97
1492063,1227817,810199,2182,208,66,0,0,66.000,265.97
1492063,535122,662523,11443,167,66,0,0,66.000,265.97
1492063,659848,1243774,3831,250,66,0,0,66.000,265.97
1492063,549891,1381362,3438,167,66,0,0,66.000,265.97
1493099,626931,196783,23471,208,66,0,0,66.000,221.23
1493099,1381647,1367115,19264,167,66,0,0,66.000,221.23
1493099,420058,574908,3657,208,66,0,0,66.000,221.23
1493099,551925,350465,409,208,66,0,0,66.000,221.23
1493099,1462847,1074122,12637,166,66,0,0,66.000,221.23
1493099,1073041,930541,18599,208,66,0,0,66.000,221.23
1493099,906891,123778,53582,167,66,0,0,66.000,221.23
1493099,1280073,451563,5369,209,66,0,0,66.000,221.23
1493099,1279021,1365274,18199,166,66,0,0,66.000,221.23
1493099,3148,816605,7341,333,66,0,0,66.000,221.23
1493099,880323,1139253,2537,208,66,0,0,66.000,221.23
1493099,1367737,587772,6163,250,66,0,0,66.000,221.23
1493099,1413712,1048545,17672,209,66,0,0,66.000,221.23
1493099,413369,798513,2815,208,66,0,0,66.000,221.23
1493099,5427,714089,14687,209,66,0,0,66.000,221.23
1493099,1406843,1349769,5542,208,66,0,0,66.000,221.23
1493099,838992,1173369,268,209,66,0,0,66.000,221.23
1493099,413228,1395028,3881,208,66,0,0,66.000,221.23
1493099,403038,511813,15696,208,66,0,0,66.000,221.23
1493099,352281,1369198,841,166,66,0,0,66.000,221.23
1493749,311602,332093,6304,208,66,0,0,66.000,327.14
1493749,1303394,501461,19397,250,66,0,0,66.000,327.14
1493749,1081925,536529,17619,209,66,0,0,66.000,327.14
1493749,1485073,400568,7802,208,66,0,0,66.000,327.14
1493749,532673,1016380,5121,209,66,0,0,66.000,327.14
1493749,964083,1338216,1580,291,66,0,0,66.000,327.14
1493749,99173,1013306,31076,208,66,0,0,66.000,327.14
1493749,633384,292555,208,208,66,0,0,66.000,327.14
1493749,21273,618448,32602,209,66,0,0,66.000,327.14
1493749,732617,909575,93066,209,66,0,0,66.000,327.14
1493749,1246400,1126222,1259,167,66,0,0,66.000,327.14
1493749,1153411,641666,25620,250,66,0,0,66.000,327.14
1493749,524143,1245629,8427,375,66,0,0,66.000,327.14
1493749,1329624,1338805,15071,208,66,0,0,66.000,327.14
1493749,942780,548944,4811,209,66,0,0,66.000,327.14
1493749,1427384,60452,2471,209,66,0,0,66.000,327.14
1493749,728982,233612,2677,208,66,0,0,66.000,327.14
1493749,412172,685640,1951,167,66,0,0,66.000,327.14
1493749,108389,1218968,26920,209,66,0,0,66.000,327.14
1493749,1476189,1183164,21521,250,66,0,0,66.000,327.14
1495463,1277513,1424608,26404,166,66,0,0,66.000,186.29
1495463,940702,1089,12971,209,66,0,0,66.000,186.29
1495463,511129,1446716,13768,208,66,0,0,66.000,186.29
1495463,582222,930752,21147,208,66,0,0,66.000,186.29
1495463,1212871,852902,3900,166,66,0,0,66.000,186.29
1495463,913848,635878,6879,209,66,0,0,66.000,186.29
1495463,348937,532524,35109,166,66,0,0,66.000,186.29
1495463,761954,446245,2866,167,66,0,0,66.000,186.29
1495463,258585,1204931,10560,167,66,0,0,66.000,186.29
1495463,1362435,1322041,16595,209,66,0,0,66.000,186.29
1495463,693405,933737,4752,334,66,0,0,66.000,186.29
1495463,1485307,1284674,3593,167,66,0,0,66.000,186.29
1495463,1067349,1368674,3918,167,66,0,0,66.000,186.29
1495463,709758,1154636,2594,292,66,0,0,66.000,186.29
1495463,9413,736710,68,167,66,0,0,66.000,186.29
1495463,1232461,404914,6785,167,66,0,0,66.000,186.29
1495463,319667,918482,17915,167,66,0,0,66.000,186.29
1495463,421582,818567,6987,166,66,0,0,66.000,186.29
1495463,529790,510768,4039,167,66,0,0,66.000,186.29
1495463,483109,638769,13640,208,66,0,0,66.000,186.29
1495777,1196530,719126,58405,208,66,0,0,66.000,480.41
1495777,270160,1097315,107777,166,66,0,0,66.000,480.41
1495777,510204,522,20686,167,66,0,0,66.000,480.41
1495777,1302063,63509,13247,250,66,0,0,66.000,480.41
1495777,1074213,1372093,15166,250,66,0,0,66.000,480.41
1495777,1041875,1241979,1736,208,66,0,0,66.000,480.41
1495777,855159,149466,8939,167,66,0,0,66.000,480.41
1495777,121123,1166336,18111,208,66,0,0,66.000,480.41
1495777,525202,349946,20025,209,66,0,0,66.000,480.41
1495777,1093485,9849,19259,208,66,0,0,66.000,480.41
1495777,132179,1138290,8735,375,66,0,0,66.000,480.41
1495777,471686,753859,40050,208,66,0,0,66.000,480.41
1495777,946579,881566,10217,208,66,0,0,66.000,480.41
1495777,349343,522164,35010,375,66,0,0,66.000,480.41
1495777,286763,1170748,4193,250,66,0,0,66.000,480.41
1495777,954334,946698,23735,209,66,0,0,66.000,480.41
1495777,195843,13174,45981,209,66,0,0,66.000,480.41
1495777,18782,978897,11691,333,66,0,0,66.000,480.41
1495777,856459,844437,4956,208,66,0,0,66.000,480.41
1495777,1018305,487412,2906,209,66,0,0,66.000,480.41
1496779,975319,516058,1672,208,66,0,0,66.000,175.05
1496779,360068,656008,4392,334,66,0,0,66.000,175.05
1496779,1333050,902622,1848,416,66,0,0,66.000,175.05
1496779,1457176,1224109,45327,209,66,0,0,66.000,175.05
1496779,229093,602969,1749,167,66,0,0,66.000,175.05
1496779,1462293,101561,5598,166,66,0,0,66.000,175.05
1496779,1397730,1310401,7058,209,66,0,0,66.000,175.05
1496779,210889,1343612,5872,167,66,0,0,66.000,175.05
1496779,310357,1220195,9460,208,66,0,0,66.000,175.05
1496779,351971,970593,18408,167,66,0,0,66.000,175.05
1496779,229223,435510,17249,209,66,0,0,66.000,175.05
1496779,184344,251199,10425,208,66,0,0,66.000,175.05
1496779,1383848,920743,1329,167,66,0,0,66.000,175.05
1496779,823994,1097326,2983,209,66,0,0,66.000,175.05
1496779,1351035,1255440,2598,209,66,0,0,66.000,175.05
1496779,639754,232996,7733,208,66,0,0,66.000,175.05
1496779,1330309,377196,5702,167,66,0,0,66.000,175.05
1496779,614923,1389211,4364,166,66,0,0,66.000,175.05
1496779,1289992,1346411,21812,208,66,0,0,66.000,175.05
1496779,1397367,1388272,10654,209,66,0,0,66.000,175.05
1498829,1425841,961568,815,208,66,0,0,66.000,92.21
1498829,695584,38185,4194,208,66,0,0,66.000,92.21
1498829,1093314,697745,1727,167,66,0,0,66.000,92.21
1498829,1413266,1202254,1210,209,66,0,0,66.000,92.21
1498829,1125328,907419,3546,208,66,0,0,66.000,92.21
1498829,514265,763506,7029,208,66,0,0,66.000,92.21
1498829,1269305,1158428,13976,167,66,0,0,66.000,92.21
1498829,644903,779506,2521,250,66,0,0,66.000,92.21
1498829,948008,427463,544,167,66,0,0,66.000,92.21
1498829,1207308,131937,3363,167,66,0,0,66.000,92.21
1498829,936737,280850,131,208,66,0,0,66.000,92.21
1498829,351162,55989,14714,166,66,0,0,66.000,92.21
1498829,1349127,1277851,6456,209,66,0,0,66.000,92.21
1498829,521488,450216,1262,375,66,0,0,66.000,92.21
1498829,967615,1284974,8926,208,66,0,0,66.000,92.21
1498829,72988,427857,3759,208,66,0,0,66.000,92.21
1498829,651004,414781,2924,208,66,0,0,66.000,92.21
1498829,1238391,1236886,2888,167,66,0,0,66.000,92.21
1498829,1091298,55710,10622,208,66,0,0,66.000,92.21
1498829,378116,1492471,3764,209,66,0,0,66.000,92.21
1499321,1362623,847728,26427,208,66,0,0,66.000,170.14
1499321,64838,789668,482,209,66,0,0,66.000,170.14
1499321,654918,1373841,3140,208,66,0,0,66.000,170.14
1499321,389025,503077,8623,208,66,0,0,66.000,170.14
1499321,815569,100062,24999,166,66,0,0,66.000,170.14
1499321,664449,1039196,1224,167,66,0,0,66.000,170.14
1499321,567226,335046,9327,208,66,0,0,66.000,170.14
1499321,1072847,350895,11193,208,66,0,0,66.000,170.14
1499321,538632,1458220,1617,209,66,0,0,66.000,170.14
1499321,826215,1200310,791,208,66,0,0,66.000,170.14
1499321,1065994,936817,9932,375,66,0,0,66.000,170.14
1499321,1216910,428359,141,209,66,0,0,66.000,170.14
1499321,732203,399283,2506,208,66,0,0,66.000,170.14
1499321,149414,449410,1686,208,66,0,0,66.000,170.14
1499321,1073134,1095350,9758,208,66,0,0,66.000,170.14
1499321,1248310,392658,1517,375,66,0,0,66.000,170.14
1499321,1059374,948500,759,166,66,0,0,66.000,170.14
1499321,426811,1433895,5796,208,66,0,0,66.000,170.14
1499321,366241,316225,43476,167,66,0,0,66.000,170.14
1499321,183580,819097,7683,167,66,0,0,66.000,170.14
1499933,355605,280450,1675,208,66,0,0,66.000,106.82
1499933,886176,714365,33,375,66,0,0,66.000,106.82
1499933,32170,281382,9028,208,66,0,0,66.000,106.82
1499933,64561,104360,2763,208,66,0,0,66.000,106.82
1499933,791371,11238,2210,250,66,0,0,66.000,106.82
1499933,183113,1189281,1095,375,66,0,0,66.000,106.82
1499933,1100852,438881,28,208,66,0,0,66.000,106.82
1499933,915640,437242,2332,208,66,0,0,66.000,106.82
1499933,988318,1372797,1193,208,66,0,0,66.000,106.82
1499933,76248,1118088,6771,208,66,0,0,66.000,106.82
1499933,550342,46332,10395,250,66,0,0,66.000,106.82
1499933,1321848,1271446,553,250,66,0,0,66.000,106.82
1499933,225701,571825,9870,209,66,0,0,66.000,106.82
1499933,506237,579261,4548,167,66,0,0,66.000,106.82
1499933,1167328,904230,4736,166,66,0,0,66.000,106.82
1499933,918213,1359676,32352,208,66,0,0,66.000,106.82
1499933,1498119,287268,2690,208,66,0,0,66.000,106.82
1499933,76940,654344,6396,333,66,0,0,66.000,106.82
1499933,485881,1253327,2452,208,66,0,0,66.000,106.82
1499933,1481680,789078,2308,209,66,0,0,66.000,106.82
1506551,1292310,1208213,3841,208,66,0,0,66.000,255.40
1506551,419741,755275,1622,166,66,0,0,66.000,255.40
1506551,542427,1031292,13790,166,66,0,0,66.000,255.40
1506551,1155355,127398,1896,167,66,0,0,66.000,255.40
1506551,445261,1441256,31513,333,66,0,0,66.000,255.40
1506551,697913,731081,33688,209,66,0,0,66.000,255.40
1506551,1048563,1368731,1937,166,66,0,0,66.000,255.40
1506551,998733,1492665,2232,209,66,0,0,66.000,255.40
1506551,571103,193859,23361,208,66,0,0,66.000,255.40
1506551,384466,263697,1956,209,66,0,0,66.000,255.40
1506551,113826,830647,72231,167,66,0,0,66.000,255.40
1506551,337379,1479687,3682,166,66,0,0,66.000,255.40
1506551,1210398,63003,592,167,66,0,0,66.000,255.40
1506551,179875,1073905,18512,167,66,0,0,66.000,255.40
1506551,13786,933702,7913,166,66,0,0,66.000,255.40
1506551,1109293,482475,11897,167,66,0,0,66.000,255.40
1506551,196155,1242225,4361,208,66,0,0,66.000,255.40
1506551,440187,725930,24958,167,66,0,0,66.000,255.40
1506551,342044,539030,14939,167,66,0,0,66.000,255.40
1506551,1218443,816343,858,209,66,0,0,66.000,255.40
1507837,463952,355715,880,250,66,0,0,66.000,151.52
1507837,657148,1117200,15797,209,66,0,0,66.000,151.52
1507837,1080797,1118538,7042,167,66,0,0,66.000,151.52
1507837,970702,1264286,6361,208,66,0,0,66.000,151.52
1507837,961482,1235212,5891,208,66,0,0,66.000,151.52
1507837,1262683,118862,4486,208,66,0,0,66.000,151.52
1507837,1331176,856119,5881,208,66,0,0,66.000,151.52
1507837,805739,1392152,1529,208,66,0,0,66.000,151.52
1507837,82190,1133197,6991,166,66,0,0,66.000,151.52
1507837,644740,614917,471,250,66,0,0,66.000,151.52
1507837,1211503,1344471,1775,250,66,0,0,66.000,151.52
1507837,333122,300688,14699,167,66,0,0,66.000,151.52
1507837,249321,770255,4121,166,66,0,0,66.000,151.52
1507837,650250,217391,383,167,66,0,0,66.000,151.52
1507837,1022399,311455,21405,208,66,0,0,66.000,151.52
1507837,895329,1413077,1719,208,66,0,0,66.000,151.52
1507837,613981,177940,10926,167,66,0,0,66.000,151.52
1507837,956407,1217103,4559,208,66,0,0,66.000,151.52
1507837,165707,31644,17266,209,66,0,0,66.000,151.52
1507837,433912,1461868,23374,208,66,0,0,66.000,151.52
1508719,418594,840578,11567,208,66,0,0,66.000,352.85
1508719,438722,1120127,73756,209,66,0,0,66.000,352.85
1508719,1466527,296375,6694,209,66,0,0,66.000,352.85
1508719,326674,1088530,8583,167,66,0,0,66.000,352.85
1508719,1343261,1164412,60385,208,66,0,0,66.000,352.85
1508719,893863,1064312,10466,208,66,0,0,66.000,352.85
1508719,242146,850681,22680,375,66,0,0,66.000,352.85
1508719,157799,1412021,17818,209,66,0,0,66.000,352.85
1508719,1032750,1340765,6273,166,66,0,0,66.000,352.85
1508719,998322,921697,1567,167,66,0,0,66.000,352.85
1508719,29390,69387,3200,351,66,0,0,66.000,352.85
1508719,939376,1390246,2556,250,66,0,0,66.000,352.85
1508719,1071076,70254,10070,208,66,0,0,66.000,352.85
1508719,907727,1177512,8989,167,66,0,0,66.000,352.85
1508719,1265516,486209,3787,208,66,0,0,66.000,352.85
1508719,1164209,181986,12432,209,66,0,0,66.000,352.85
1508719,48135,670217,60435,333,66,0,0,66.000,352.85
1508719,214874,1175056,45114,333,66,0,0,66.000,352.85
1508719,705029,1428844,1152,167,66,0,0,66.000,352.85
1508719,1128569,1497096,8857,209,66,0,0,66.000,352.85
1508977,855378,835551,2284,208,66,0,0,66.000,131.37
1508977,1336745,228635,1995,166,66,0,0,66.000,131.37
1508977,1084738,1335030,371,167,66,0,0,66.000,131.37
1508977,636126,1363848,1564,208,66,0,0,66.000,131.37
1508977,885078,891494,2481,166,66,0,0,66.000,131.37
1508977,1403231,1219064,20501,167,66,0,0,66.000,131.37
1508977,879131,400502,17841,167,66,0,0,66.000,131.37
1508977,980889,1214545,12581,209,66,0,0,66.000,131.37
1508977,18266,912796,13307,208,66,0,0,66.000,131.37
1508977,150070,500282,546,167,66,0,0,66.000,131.37
1508977,1041760,123432,15625,167,66,0,0,66.000,131.37
1508977,1157242,1136299,7144,167,66,0,0,66.000,131.37
1508977,649928,1474212,19472,208,66,0,0,66.000,131.37
1508977,1091306,603316,4490,208,66,0,0,66.000,131.37
1508977,1093080,1370634,4014,208,66,0,0,66.000,131.37
1508977,1167768,331689,18968,333,66,0,0,66.000,131.37
1508977,1374726,1217332,7444,167,66,0,0,66.000,131.37
1508977,859921,797223,7651,167,66,0,0,66.000,131.37
1508977,145955,815612,3111,167,66,0,0,66.000,131.37
1508977,65333,1137374,342,209,66,0,0,66.000,131.37
1512299,987912,130801,13765,250,66,0,0,66.000,128.57
1512299,914765,609191,1197,250,66,0,0,66.000,128.57
1512299,1471887,1261336,2756,208,66,0,0,66.000,128.57
1512299,358763,1180461,8789,209,66,0,0,66.000,128.57
1512299,542479,114927,1144,167,66,0,0,66.000,128.57
1512299,1347084,155509,17573,250,66,0,0,66.000,128.57
1512299,902699,1145847,6955,208,66,0,0,66.000,128.57
1512299,371,696990,6539,167,66,0,0,66.000,128.57
1512299,245780,1184323,1434,167,66,0,0,66.000,128.57
1512299,1186601,885838,5643,209,66,0,0,66.000,128.57
1512299,1364715,1445453,223,209,66,0,0,66.000,128.57
1512299,1460365,918478,6952,209,66,0,0,66.000,128.57
1512299,164396,927769,1163,208,66,0,0,66.000,128.57
1512299,596227,1078030,2358,167,66,0,0,66.000,128.57
1512299,1110333,1033670,9137,209,66,0,0,66.000,128.57
1512299,1077282,222461,20632,208,66,0,0,66.000,128.57
1512299,628205,1415517,8725,167,66,0,0,66.000,128.57
1512299,674874,641507,4546,375,66,0,0,66.000,128.57
1512299,1329140,1207441,6824,250,66,0,0,66.000,128.57
1512299,487751,792960,2598,208,66,0,0,66.000,128.57
1513511,154419,526603,7836,268,66,0,0,66.000,159.73
1513511,215471,449376,1189,167,66,0,0,66.000,159.73
1513511,712243,1139974,8897,209,66,0,0,66.000,159.73
1513511,57897,122343,21055,167,66,0,0,66.000,159.73
1513511,559437,606721,13515,375,66,0,0,66.000,159.73
1513511,13515,390601,2009,208,66,0,0,66.000,159.73
1513511,1138256,1385452,11702,208,66,0,0,66.000,159.73
1513511,1086868,1360217,1318,208,66,0,0,66.000,159.73
1513511,803734,1054808,720,250,66,0,0,66.000,159.73
1513511,405562,1161967,15624,167,66,0,0,66.000,159.73
1513511,1261593,1435223,17443,250,66,0,0,66.000,159.73
1513511,485903,91380,2319,208,66,0,0,66.000,159.73
1513511,533668,1132934,2974,208,66,0,0,66.000,159.73
1513511,540538,132397,5727,250,66,0,0,66.000,159.73
1513511,710734,365498,10093,250,66,0,0,66.000,159.73
1513511,516998,269362,2442,209,66,0,0,66.000,159.73
1513511,702462,1337141,1229,209,66,0,0,66.000,159.73
1513511,1264876,268806,13316,208,66,0,0,66.000,159.73
1513511,1284364,177312,8782,209,66,0,0,66.000,159.73
1513511,1174486,1097524,6546,227,66,0,0,66.000,159.73
1514027,309721,886062,8773,208,66,0,0,66.000,347.35
1514027,1011140,887236,55269,208,66,0,0,66.000,347.35
1514027,809118,1089004,30211,208,66,0,0,66.000,347.35
1514027,1507794,885347,14594,334,66,0,0,66.000,347.35
1514027,562856,434713,25866,208,66,0,0,66.000,347.35
1514027,235920,71372,19040,208,66,0,0,66.000,347.35
1514027,1305103,686337,1502,208,66,0,0,66.000,347.35
1514027,303260,720933,56195,167,66,0,0,66.000,347.35
1514027,25084,355345,15847,166,66,0,0,66.000,347.35
1514027,997534,466539,10266,167,66,0,0,66.000,347.35
1514027,1161554,1067788,3121,208,66,0,0,66.000,347.35
1514027,276034,850434,3148,166,66,0,0,66.000,347.35
1514027,1296424,349874,2667,208,66,0,0,66.000,347.35
1514027,1152350,112280,17192,208,66,0,0,66.000,347.35
1514027,1451693,1108759,18861,208,66,0,0,66.000,347.35
1514027,1284849,1013,24905,209,66,0,0,66.000,347.35
1514027,401731,1042533,20500,167,66,0,0,66.000,347.35
1514027,1400378,112963,12045,167,66,0,0,66.000,347.35
1514027,1031432,622945,18123,167,66,0,0,66.000,347.35
1514027,695339,1147709,7615,167,66,0,0,66.000,347.35
1514099,1455501,1408820,7327,167,66,0,0,66.000,271.41
1514099,1280885,1386880,30477,166,66,0,0,66.000,271.41
1514099,1229519,682188,34841,167,66,0,0,66.000,271.41
1514099,258881,466857,13301,208,66,0,0,66.000,271.41
1514099,917666,1192989,28994,167,66,0,0,66.000,271.41
1514099,1038904,849982,6756,167,66,0,0,66.000,271.41
1514099,548925,821143,3940,333,66,0,0,66.000,271.41
1514099,842965,540447,1274,209,66,0,0,66.000,271.41
1514099,759770,996978,507,375,66,0,0,66.000,271.41
1514099,634138,868054,505,333,66,0,0,66.000,271.41
1514099,471850,1396522,203,166,66,0,0,66.000,271.41
1514099,1199653,1274730,45723,334,66,0,0,66.000,271.41
1514099,635370,927867,20988,334,66,0,0,66.000,271.41
1514099,214214,671060,13220,166,66,0,0,66.000,271.41
1514099,225180,1116741,14810,167,66,0,0,66.000,271.41
1514099,955077,752356,21363,167,66,0,0,66.000,271.41
1514099,85160,1173086,18893,208,66,0,0,66.000,271.41
1514099,664882,990486,3098,416,66,0,0,66.000,271.41
1514099,582311,1241191,13373,209,66,0,0,66.000,271.41
1514099,1047507,118593,16260,250,66,0,0,66.000,271.41
1514399,885178,530584,3507,166,66,0,0,66.000,113.04
1514399,733295,1216367,33444,167,66,0,0,66.000,113.04
1514399,999742,518409,8104,208,66,0,0,66.000,113.04
1514399,932403,500827,20949,209,66,0,0,66.000,113.04
1514399,1282580,724396,2485,166,66,0,0,66.000,113.04
1514399,297545,1508064,3144,166,66,0,0,66.000,113.04
1514399,95707,1298740,2999,167,66,0,0,66.000,113.04
1514399,8199,855730,8107,375,66,0,0,66.000,113.04
1514399,1409498,769847,642,167,66,0,0,66.000,113.04
1514399,587855,966237,584,208,66,0,0,66.000,113.04
1514399,885500,160694,7333,166,66,0,0,66.000,113.04
1514399,683728,116765,1671,167,66,0,0,66.000,113.04
1514399,716278,1256543,6562,208,66,0,0,66.000,113.04
1514399,629123,598452,8554,166,66,0,0,66.000,113.04
1514399,1407203,1082427,7811,208,66,0,0,66.000,113.04
1514399,620187,1213108,7869,208,66,0,0,66.000,113.04
1514399,44841,438192,4648,208,66,0,0,66.000,113.04
1514399,1197283,931308,6024,208,66,0,0,66.000,113.04
1514399,1440120,686876,7503,209,66,0,0,66.000,113.04
1514399,1222938,288742,5274,167,66,0,0,66.000,113.04
1517647,176910,204708,7636,208,66,0,0,66.000,119.41
1517647,1389857,1128522,4555,375,66,0,0,66.000,119.41
1517647,1214433,789471,6357,166,66,0,0,66.000,119.41
1517647,64157,1147498,2578,167,66,0,0,66.000,119.41
1517647,292856,1049234,1054,208,66,0,0,66.000,119.41
1517647,1377849,1348247,6781,166,66,0,0,66.000,119.41
1517647,1341532,905965,6919,208,66,0,0,66.000,119.41
1517647,791147,583301,1269,166,66,0,0,66.000,119.41
1517647,461096,394605,2488,375,66,0,0,66.000,119.41
1517647,252233,1147525,8712,208,66,0,0,66.000,119.41
1517647,1340220,821073,4768,167,66,0,0,66.000,119.41
1517647,131451,1330704,1630,208,66,0,0,66.000,119.41
1517647,1025330,1470766,3531,166,66,0,0,66.000,119.41
1517647,1046773,1020212,2732,209,66,0,0,66.000,119.41
1517647,19496,880521,3137,208,66,0,0,66.000,119.41
1517647,8570,1053854,24474,208,66,0,0,66.000,119.41
1517647,1038839,443467,4588,350,66,0,0,66.000,119.41
1517647,202062,1507424,10726,208,66,0,0,66.000,119.41
1517647,111131,379075,2470,334,66,0,0,66.000,119.41
1517647,663325,243519,15726,208,66,0,0,66.000,119.41
1518883,947263,483177,15490,209,66,0,0,66.000,292.38
1518883,1130437,709085,34180,333,66,0,0,66.000,292.38
1518883,563856,342990,28866,208,66,0,0,66.000,292.38
1518883,551423,277295,31228,334,66,0,0,66.000,292.38
1518883,555545,699342,2036,208,66,0,0,66.000,292.38
1518883,609395,1013764,7788,167,66,0,0,66.000,292.38
1518883,159407,421200,29248,1875,66,0,0,66.000,292.38
1518883,419399,148784,13094,166,66,0,0,66.000,292.38
1518883,1359476,1477583,953,167,66,0,0,66.000,292.38
1518883,1454576,35050,7490,208,66,0,0,66.000,292.38
1518883,1489486,138220,1854,208,66,0,0,66.000,292.38
1518883,626143,426745,8848,208,66,0,0,66.000,292.38
1518883,748066,190838,10024,166,66,0,0,66.000,292.38
1518883,599464,258708,45879,333,66,0,0,66.000,292.38
1518883,1013295,1299439,50644,167,66,0,0,66.000,292.38
1518883,500176,969264,8884,333,66,0,0,66.000,292.38
1518883,1390202,1416840,10929,208,66,0,0,66.000,292.38
1518883,686919,1034555,1904,167,66,0,0,66.000,292.38
1518883,340602,651590,1831,167,66,0,0,66.000,292.38
1518883,719788,543151,4995,209,66,0,0,66.000,292.38
1520221,769856,823320,5489,209,66,0,0,66.000,404.38
1520221,540760,700370,50343,208,66,0,0,66.000,404.38
1520221,778684,380391,3640,166,66,0,0,66.000,404.38
1520221,769885,763704,24394,167,66,0,0,66.000,404.38
1520221,213250,1103061,16994,208,66,0,0,66.000,404.38
1520221,944290,312395,16529,208,66,0,0,66.000,404.38
1520221,73614,412240,5078,209,66,0,0,66.000,404.38
1520221,498228,599573,11221,167,66,0,0,66.000,404.38
1520221,708049,458488,6587,291,66,0,0,66.000,404.38
1520221,183106,1185005,36900,208,66,0,0,66.000,404.38
1520221,1220758,482781,47597,167,66,0,0,66.000,404.38
1520221,723552,310210,13466,167,66,0,0,66.000,404.38
1520221,937620,718392,7914,209,66,0,0,66.000,404.38
1520221,913931,990338,27047,167,66,0,0,66.000,404.38
1520221,80510,359476,13168,166,66,0,0,66.000,404.38
1520221,427630,179498,100070,208,66,0,0,66.000,404.38
1520221,537229,1375177,9358,208,66,0,0,66.000,404.38
1520221,1162619,242487,20558,208,66,0,0,66.000,404.38
1520221,1279064,615873,65077,208,66,0,0,66.000,404.38
1520221,540046,164988,62544,208,66,0,0,66.000,404.38
1520639,1046409,932070,4706,208,66,0,0,66.000,191.07
1520639,1207518,621944,1283,167,66,0,0,66.000,191.07
1520639,952694,32245,22233,208,66,0,0,66.000,191.07
1520639,69929,1516452,8037,167,66,0,0,66.000,191.07
1520639,1340996,1076189,1036,375,66,0,0,66.000,191.07
1520639,38277,735637,12654,208,66,0,0,66.000,191.07
1520639,571001,587338,647,209,66,0,0,66.000,191.07
1520639,986619,507754,14597,208,66,0,0,66.000,191.07
1520639,29559,1519142,13438,208,66,0,0,66.000,191.07
1520639,1515617,819277,14127,167,66,0,0,66.000,191.07
1520639,948989,1342036,5887,208,66,0,0,66.000,191.07
1520639,448608,790506,10875,334,66,0,0,66.000,191.07
1520639,1483951,887837,8776,166,66,0,0,66.000,191.07
1520639,127433,1200394,8996,166,66,0,0,66.000,191.07
1520639,583843,339848,4695,208,66,0,0,66.000,191.07
1520639,873783,624643,1847,167,66,0,0,66.000,191.07
1520639,129217,1005337,22135,208,66,0,0,66.000,191.07
1520639,1178666,816094,14739,333,66,0,0,66.000,191.07
1520639,1406907,47001,10625,209,66,0,0,66.000,191.07
1520639,285958,996944,12966,209,66,0,0,66.000,191.07
1523567,498377,1514423,13091,166,66,0,0,66.000,95.39
1523567,369376,1271463,6640,166,66,0,0,66.000,95.39
1523567,1226133,1319190,3916,208,66,0,0,66.000,95.39
1523567,395108,245952,2862,209,66,0,0,66.000,95.39
1523567,489144,112772,1448,167,66,0,0,66.000,95.39
1523567,1518235,180099,2626,166,66,0,0,66.000,95.39
1523567,539088,753586,6804,166,66,0,0,66.000,95.39
1523567,34272,503484,1297,208,66,0,0,66.000,95.39
1523567,51301,608830,261,375,66,0,0,66.000,95.39
1523567,598371,676870,3264,208,66,0,0,66.000,95.39
1523567,543413,1202661,13756,167,66,0,0,66.000,95.39
1523567,963029,409567,4978,167,66,0,0,66.000,95.39
1523567,208726,1032470,2306,209,66,0,0,66.000,95.39
1523567,1265298,120773,3765,209,66,0,0,66.000,95.39
1523567,1295412,239784,6058,208,66,0,0,66.000,95.39
1523567,1412947,1396483,2613,209,66,0,0,66.000,95.39
1523567,1339557,117628,23679,209,66,0,0,66.000,95.39
1523567,25250,447970,4098,208,66,0,0,66.000,95.39
1523567,1218164,18546,729,166,66,0,0,66.000,95.39
1523567,262809,1358210,416,167,66,0,0,66.000,95.39
1523749,1315735,1280098,992,209,66,0,0,66.000,98.35
1523749,70181,1349216,1037,167,66,0,0,66.000,98.35
1523749,226945,27127,960,208,66,0,0,66.000,98.35
1523749,602863,1391846,1037,209,66,0,0,66.000,98.35
1523749,422926,533644,11703,375,66,0,0,66.000,98.35
1523749,1174376,180737,6856,208,66,0,0,66.000,98.35
1523749,775118,12422,962,167,66,0,0,66.000,98.35
1523749,162626,1415866,1346,166,66,0,0,66.000,98.35
1523749,1419714,218698,3753,167,66,0,0,66.000,98.35
1523749,1450630,26786,3629,167,66,0,0,66.000,98.35
1523749,764037,313539,3248,167,66,0,0,66.000,98.35
1523749,628204,1420817,12427,209,66,0,0,66.000,98.35
1523749,1159996,631301,6246,208,66,0,0,66.000,98.35
1523749,1347476,1291504,10379,208,66,0,0,66.000,98.35
1523749,216469,961948,356,375,66,0,0,66.000,98.35
1523749,751643,79512,5916,209,66,0,0,66.000,98.35
1523749,1483252,909232,13767,167,66,0,0,66.000,98.35
1523749,1262312,105149,4932,167,66,0,0,66.000,98.35
1523749,481490,1183170,5020,166,66,0,0,66.000,98.35
1523749,818817,751440,7895,167,66,0,0,66.000,98.35
1524023,351224,1074126,9762,208,66,0,0,66.000,208.09
1524023,771276,1325584,11379,208,66,0,0,66.000,208.09
1524023,1335891,398282,4900,166,66,0,0,66.000,208.09
1524023,1344848,359323,10973,167,66,0,0,66.000,208.09
1524023,184804,1521899,26296,208,66,0,0,66.000,208.09
1524023,899591,624430,40236,375,66,0,0,66.000,208.09
1524023,847647,325289,5781,208,66,0,0,66.000,208.09
1524023,1416422,129284,4368,167,66,0,0,66.000,208.09
1524023,813514,280070,726,167,66,0,0,66.000,208.09
1524023,1266337,313962,6279,209,66,0,0,66.000,208.09
1524023,609718,87118,8513,166,66,0,0,66.000,208.09
1524023,570956,1405356,13409,209,66,0,0,66.000,208.09
1524023,600979,667119,4904,209,66,0,0,66.000,208.09
1524023,853204,912639,12743,208,66,0,0,66.000,208.09
1524023,436397,871167,9633,208,66,0,0,66.000,208.09
1524023,1037320,1351282,5277,167,66,0,0,66.000,208.09
1524023,858083,750833,3740,167,66,0,0,66.000,208.09
1524023,73236,877730,1981,209,66,0,0,66.000,208.09
1524023,904689,760805,10673,167,66,0,0,66.000,208.09
1524023,723297,563966,20826,208,66,0,0,66.000,208.09
1526339,106385,1463915,7184,250,66,0,0,66.000,470.82
1526339,432315,1116010,27110,208,66,0,0,66.000,470.82
1526339,452275,1404708,7613,208,66,0,0,66.000,470.82
1526339,1522191,1035071,10771,209,66,0,0,66.000,470.82
1526339,946966,127304,13474,208,66,0,0,66.000,470.82
1526339,220772,1494142,17966,208,66,0,0,66.000,470.82
1526339,8567,131532,4855,208,66,0,0,66.000,470.82
1526339,586715,984215,30656,209,66,0,0,66.000,470.82
1526339,1105470,79909,54399,208,66,0,0,66.000,470.82
1526339,159646,587513,32003,208,66,0,0,66.000,470.82
1526339,961804,224485,17208,208,66,0,0,66.000,470.82
1526339,1142374,1033217,610,250,66,0,0,66.000,470.82
1526339,1367722,801753,16729,167,66,0,0,66.000,470.82
1526339,672983,255049,82123,208,66,0,0,66.000,470.82
1526339,764427,783564,2832,208,66,0,0,66.000,470.82
1526339,1026583,299353,59909,375,66,0,0,66.000,470.82
1526339,348422,468245,287,167,66,0,0,66.000,470.82
1526339,158161,34513,25092,166,66,0,0,66.000,470.82
1526339,295671,946050,45151,208,66,0,0,66.000,470.82
1526339,1462329,245298,4075,167,66,0,0,66.000,470.82
1527313,1051219,38172,3244,167,66,0,0,66.000,488.63
1527313,1236805,446492,2080,208,66,0,0,66.000,488.63
1527313,1501129,891158,25249,166,66,0,0,66.000,488.63
1527313,1123896,500854,17201,166,66,0,0,66.000,488.63
1527313,493256,866687,243,209,66,0,0,66.000,488.63
1527313,321852,863168,2060,166,66,0,0,66.000,488.63
1527313,227865,104152,24428,166,66,0,0,66.000,488.63
1527313,1346163,738839,27373,309,66,0,0,66.000,488.63
1527313,205169,1148396,16117,209,66,0,0,66.000,488.63
1527313,131894,1393637,25214,333,66,0,0,66.000,488.63
1527313,79602,417932,25590,209,66,0,0,66.000,488.63
1527313,1008989,346890,19033,209,66,0,0,66.000,488.63
1527313,338772,1267478,7319,167,66,0,0,66.000,488.63
1527313,934130,622721,142135,166,66,0,0,66.000,488.63
1527313,59598,749738,8748,209,66,0,0,66.000,488.63
1527313,24264,830790,23874,208,66,0,0,66.000,488.63
1527313,74610,1461989,28163,209,66,0,0,66.000,488.63
1527313,941864,1407928,65567,167,66,0,0,66.000,488.63
1527313,394843,582489,16405,209,66,0,0,66.000,488.63
1527313,670097,37645,69964,166,66,0,0,66.000,488.63
1527629,973923,1117214,68847,209,66,0,0,66.000,457.84
1527629,495539,1285109,256,166,66,0,0,66.000,457.84
1527629,293980,714101,1536,167,66,0,0,66.000,457.84
1527629,683666,21602,67882,209,66,0,0,66.000,457.84
1527629,184777,676321,4193,209,66,0,0,66.000,457.84
1527629,1221701,312533,16233,166,66,0,0,66.000,457.84
1527629,133784,738895,540,208,66,0,0,66.000,457.84
1527629,776497,452649,38869,166,66,0,0,66.000,457.84
1527629,1406827,383180,897,167,66,0,0,66.000,457.84
1527629,1489964,1325178,28569,208,66,0,0,66.000,457.84
1527629,650396,388475,14983,208,66,0,0,66.000,457.84
1527629,526044,689517,299,167,66,0,0,66.000,457.84
1527629,1114037,215482,54195,166,66,0,0,66.000,457.84
1527629,855037,95836,4564,167,66,0,0,66.000,457.84
1527629,276864,1199433,5738,208,66,0,0,66.000,457.84
1527629,1114774,1164807,33822,208,66,0,0,66.000,457.84
1527629,838246,972978,71270,166,66,0,0,66.000,457.84
1527629,1519012,577231,9020,250,66,0,0,66.000,457.84
1527629,56773,948665,4043,208,66,0,0,66.000,457.84
1527629,904544,778924,45036,208,66,0,0,66.000,457.84
1530779,987187,1411208,5785,166,66,0,0,66.000,235.41
1530779,781156,715087,3504,167,66,0,0,66.000,235.41
1530779,1003605,1011460,11720,167,66,0,0,66.000,235.41
1530779,1393738,1121412,31795,208,66,0,0,66.000,235.41
1530779,1005389,664646,1920,167,66,0,0,66.000,235.41
1530779,536391,760630,1749,167,66,0,0,66.000,235.41
1530779,1189082,790325,15411,209,66,0,0,66.000,235.41
1530779,1247428,903743,24095,167,66,0,0,66.000,235.41
1530779,1521255,833543,1278,208,66,0,0,66.000,235.41
1530779,923535,1455974,9947,166,66,0,0,66.000,235.41
1530779,1169128,1375213,4464,208,66,0,0,66.000,235.41
1530779,317889,789379,11024,167,66,0,0,66.000,235.41
1530779,774801,660832,10900,167,66,0,0,66.000,235.41
1530779,1238053,93288,9726,166,66,0,0,66.000,235.41
1530779,916542,711675,8582,208,66,0,0,66.000,235.41
1530779,1008709,143798,11297,167,66,0,0,66.000,235.41
1530779,309714,539222,6436,250,66,0,0,66.000,235.41
1530779,968596,82100,3243,167,66,0,0,66.000,235.41
1530779,8721,12341,84526,167,66,0,0,66.000,235.41
1530779,744540,513882,7663,208,66,0,0,66.000,235.41
1537721,680602,1489411,4783,334,66,0,0,66.000,277.78
1537721,15100,1188384,11829,250,66,0,0,66.000,277.78
1537721,1268863,1433824,8525,250,66,0,0,66.000,277.78
1537721,1005627,287551,414,208,66,0,0,66.000,277.78
1537721,520217,549204,12522,250,66,0,0,66.000,277.78
1537721,1390740,251718,11728,208,66,0,0,66.000,277.78
1537721,742523,990521,8485,375,66,0,0,66.000,277.78
1537721,1292048,552760,30452,209,66,0,0,66.000,277.78
1537721,1535625,1359977,3424,209,66,0,0,66.000,277.78
1537721,1314037,171628,4922,292,66,0,0,66.000,277.78
1537721,321299,498244,17745,209,66,0,0,66.000,277.78
1537721,863400,510742,292,250,66,0,0,66.000,277.78
1537721,1425880,170471,7177,208,66,0,0,66.000,277.78
1537721,839020,984005,4272,208,66,0,0,66.000,277.78
1537721,386943,1507324,6307,209,66,0,0,66.000,277.78
1537721,409949,1313118,3017,250,66,0,0,66.000,277.78
1537721,413632,569360,15612,208,66,0,0,66.000,277.78
1537721,291047,1021926,35850,250,66,0,0,66.000,277.78
1537721,754126,546119,29648,375,66,0,0,66.000,277.78
1537721,949391,163686,52323,209,66,0,0,66.000,277.78
1541209,1433756,1401727,5951,208,66,0,0,66.000,86.66
1541209,1442891,462100,501,209,66,0,0,66.000,86.66
1541209,1354286,1108152,9434,167,66,0,0,66.000,86.66
1541209,512658,674164,3965,208,66,0,0,66.000,86.66
1541209,1087586,37918,7382,291,66,0,0,66.000,86.66
1541209,612145,512020,12312,167,66,0,0,66.000,86.66
1541209,783724,1095671,1162,209,66,0,0,66.000,86.66
1541209,350141,594393,18844,167,66,0,0,66.000,86.66
1541209,1076559,1034447,358,167,66,0,0,66.000,86.66
1541209,749847,1211985,12510,208,66,0,0,66.000,86.66
1541209,801102,820688,1992,291,66,0,0,66.000,86.66
1541209,1320492,961171,3944,166,66,0,0,66.000,86.66
1541209,881472,717032,4485,166,66,0,0,66.000,86.66
1541209,123378,667443,722,209,66,0,0,66.000,86.66
1541209,1476315,1436782,4943,167,66,0,0,66.000,86.66
1541209,1398655,87098,3722,166,66,0,0,66.000,86.66
1541209,260526,163092,1284,166,66,0,0,66.000,86.66
1541209,647439,251818,1852,167,66,0,0,66.000,86.66
1541209,1137596,436660,15870,209,66,0,0,66.000,86.66
1541209,1256872,364979,1644,167,66,0,0,66.000,86.66
1542071,1144488,1012897,2173,250,66,0,0,66.000,203.36
1542071,564260,578524,7808,209,66,0,0,66.000,203.36
1542071,1051828,500687,20156,250,66,0,0,66.000,203.36
1542071,629344,367337,7438,208,66,0,0,66.000,203.36
1542071,709771,150625,3100,209,66,0,0,66.000,203.36
1542071,980650,162654,5141,250,66,0,0,66.000,203.36
1542071,1448499,368528,13088,250,66,0,0,66.000,203.36
1542071,34586,961053,9458,208,66,0,0,66.000,203.36
1542071,1461668,141182,16649,166,66,0,0,66.000,203.36
1542071,1058816,676763,5516,333,66,0,0,66.000,203.36
1542071,28561,1525409,10961,208,66,0,0,66.000,203.36
1542071,271954,1385543,4277,208,66,0,0,66.000,203.36
1542071,1448532,286509,1870,250,66,0,0,66.000,203.36
1542071,407863,844992,32237,167,66,0,0,66.000,203.36
1542071,533545,56657,17393,208,66,0,0,66.000,203.36
1542071,1194307,255595,1068,208,66,0,0,66.000,203.36
1542071,578235,1535615,13830,208,66,0,0,66.000,203.36
1542071,1237954,279360,2338,208,66,0,0,66.000,203.36
1542071,476057,543581,19691,250,66,0,0,66.000,203.36
1542071,619746,683926,3758,208,66,0,0,66.000,203.36
1542841,1310155,1361843,6343,334,66,0,0,66.000,478.95
1542841,596950,117863,26833,208,66,0,0,66.000,478.95
1542841,345818,695754,101530,167,66,0,0,66.000,478.95
1542841,13590,1371661,7478,167,66,0,0,66.000,478.95
1542841,1266121,33137,31060,209,66,0,0,66.000,478.95
1542841,846726,679726,36263,209,66,0,0,66.000,478.95
1542841,617074,1399133,19213,208,66,0,0,66.000,478.95
1542841,464520,886800,8946,208,66,0,0,66.000,478.95
1542841,1012365,177498,3100,209,66,0,0,66.000,478.95
1542841,425394,1326344,43944,167,66,0,0,66.000,478.95
1542841,569471,469472,14627,375,66,0,0,66.000,478.95
1542841,110150,1190381,7802,208,66,0,0,66.000,478.95
1542841,351729,866088,58602,208,66,0,0,66.000,478.95
1542841,304513,713539,21068,166,66,0,0,66.000,478.95
1542841,91587,851128,27787,333,66,0,0,66.000,478.95
1542841,311252,1231487,13974,209,66,0,0,66.000,478.95
1542841,1388877,878189,33758,167,66,0,0,66.000,478.95
1542841,212069,453418,43507,166,66,0,0,66.000,478.95
1542841,79607,108230,548,166,66,0,0,66.000,478.95
1542841,795925,259756,7631,209,66,0,0,66.000,478.95
1542991,1366048,1401779,10289,333,66,0,0,66.000,135.89
1542991,1541983,991853,4866,209,66,0,0,66.000,135.89
1542991,651216,1117263,7487,209,66,0,0,66.000,135.89
1542991,1492550,778429,4698,167,66,0,0,66.000,135.89
1542991,270748,425478,8578,166,66,0,0,66.000,135.89
1542991,975847,637694,6133,166,66,0,0,66.000,135.89
1542991,623745,682130,6750,208,66,0,0,66.000,135.89
1542991,456594,173692,6883,291,66,0,0,66.000,135.89
1542991,1141175,361923,4654,166,66,0,0,66.000,135.89
1542991,322586,1076507,17556,208,66,0,0,66.000,135.89
1542991,125302,1473885,2539,167,66,0,0,66.000,135.89
1542991,179459,144039,528,167,66,0,0,66.000,135.89
1542991,588702,106171,15583,166,66,0,0,66.000,135.89
1542991,951388,1348853,978,208,66,0,0,66.000,135.89
1542991,1314324,144189,253,209,66,0,0,66.000,135.89
1542991,1285979,934878,14337,166,66,0,0,66.000,135.89
1542991,1019217,847070,25355,166,66,0,0,66.000,135.89
1542991,225024,625736,2159,208,66,0,0,66.000,135.89
1542991,1166187,1137518,5580,167,66,0,0,66.000,135.89
1542991,533654,1453323,5436,166,66,0,0,66.000,135.89
1544659,992358,1508191,8555,167,66,0,0,66.000,226.98
1544659,541774,574634,30079,209,66,0,0,66.000,226.98
1544659,1421183,1208306,472,417,66,0,0,66.000,226.98
1544659,805425,1367086,18899,166,66,0,0,66.000,226.98
1544659,1329257,147337,2500,333,66,0,0,66.000,226.98
1544659,204569,1226546,11296,167,66,0,0,66.000,226.98
1544659,411694,1518960,4080,166,66,0,0,66.000,226.98
1544659,423884,1020400,23668,167,66,0,0,66.000,226.98
1544659,219567,278192,2220,209,66,0,0,66.000,226.98
1544659,360845,1484672,9626,167,66,0,0,66.000,226.98
1544659,1456812,901866,26136,209,66,0,0,66.000,226.98
1544659,1515434,619872,6782,375,66,0,0,66.000,226.98
1544659,919195,866938,38220,375,66,0,0,66.000,226.98
1544659,1188352,45212,8791,167,66,0,0,66.000,226.98
1544659,362480,15197,4002,166,66,0,0,66.000,226.98
1544659,1203909,212396,25543,209,66,0,0,66.000,226.98
1544659,496874,894110,984,208,66,0,0,66.000,226.98
1544659,1343458,1256744,16347,167,66,0,0,66.000,226.98
1544659,1438273,1372719,3129,333,66,0,0,66.000,226.98
1544659,502443,549103,6253,208,66,0,0,66.000,226.98
1546361,403670,596766,7455,166,66,0,0,66.000,137.42
1546361,206427,481164,2562,208,66,0,0,66.000,137.42
1546361,490667,541916,22005,209,66,0,0,66.000,137.42
1546361,1144103,1321442,3226,208,66,0,0,66.000,137.42
1546361,1538247,800381,37136,375,66,0,0,66.000,137.42
1546361,1121613,146595,2849,209,66,0,0,66.000,137.42
1546361,1319148,962876,743,209,66,0,0,66.000,137.42
1546361,466848,862111,2668,209,66,0,0,66.000,137.42
1546361,1180802,1085603,1496,209,66,0,0,66.000,137.42
1546361,520280,1534942,687,208,66,0,0,66.000,137.42
1546361,1527651,430098,14112,167,66,0,0,66.000,137.42
1546361,1259815,530812,4544,333,66,0,0,66.000,137.42
1546361,784161,1239562,9062,208,66,0,0,66.000,137.42
1546361,376339,432522,7782,208,66,0,0,66.000,137.42
1546361,353122,46444,3510,209,66,0,0,66.000,137.42
1546361,921484,780145,9920,167,66,0,0,66.000,137.42
1546361,842965,228055,842,209,66,0,0,66.000,137.42
1546361,506254,1120520,2521,167,66,0,0,66.000,137.42
1546361,242603,245628,4591,208,66,0,0,66.000,137.42
1546361,242284,810484,5852,167,66,0,0,66.000,137.42
1548983,466025,372975,7999,167,66,0,0,66.000,79.42
1548983,674793,1264592,3288,167,66,0,0,66.000,79.42
1548983,1411003,1021238,8551,167,66,0,0,66.000,79.42
1548983,226030,1415563,8999,167,66,0,0,66.000,79.42
1548983,632787,753069,3155,167,66,0,0,66.000,79.42
1548983,721047,174900,741,166,66,0,0,66.000,79.42
1548983,660118,1154898,964,375,66,0,0,66.000,79.42
1548983,368357,1434944,4353,209,66,0,0,66.000,79.42
1548983,43742,818607,1535,208,66,0,0,66.000,79.42
1548983,469529,623367,10076,167,66,0,0,66.000,79.42
1548983,50354,319648,3490,167,66,0,0,66.000,79.42
1548983,389807,1531515,1586,208,66,0,0,66.000,79.42
1548983,753922,948390,5304,167,66,0,0,66.000,79.42
1548983,902343,215271,1612,209,66,0,0,66.000,79.42
1548983,1328769,413806,1875,209,66,0,0,66.000,79.42
1548983,1229222,581620,4393,167,66,0,0,66.000,79.42
1548983,1343053,1268463,8494,209,66,0,0,66.000,79.42
1548983,728960,375989,4795,208,66,0,0,66.000,79.42
1548983,1043889,571224,4113,208,66,0,0,66.000,79.42
1548983,1512079,1267724,5394,208,66,0,0,66.000,79.42
1549087,1511050,735407,4932,250,66,0,0,66.000,225.40
1549087,959484,1401563,4056,208,66,0,0,66.000,225.40
1549087,229324,339311,15465,208,66,0,0,66.000,225.40
1549087,935257,1175357,53273,333,66,0,0,66.000,225.40
1549087,1072096,1237560,9618,167,66,0,0,66.000,225.40
1549087,1436192,443871,2816,208,66,0,0,66.000,225.40
1549087,782041,797388,18507,208,66,0,0,66.000,225.40
1549087,232713,697807,12167,167,66,0,0,66.000,225.40
1549087,346183,345207,3618,167,66,0,0,66.000,225.40
1549087,843022,232384,8478,209,66,0,0,66.000,225.40
1549087,1510832,1507334,3186,166,66,0,0,66.000,225.40
1549087,151565,1211446,30303,167,66,0,0,66.000,225.40
1549087,285724,1421550,14464,209,66,0,0,66.000,225.40
1549087,880831,1152155,397,209,66,0,0,66.000,225.40
1549087,1548446,705772,8558,208,66,0,0,66.000,225.40
1549087,794489,887565,23071,208,66,0,0,66.000,225.40
1549087,781339,815662,8630,167,66,0,0,66.000,225.40
1549087,1002734,92105,405,375,66,0,0,66.000,225.40
1549087,1365381,380927,1479,167,66,0,0,66.000,225.40
1549087,1060999,1371551,8027,209,66,0,0,66.000,225.40
1551793,958752,843603,64983,209,66,0,0,66.000,562.26
1551793,1218326,658418,42,208,66,0,0,66.000,562.26
1551793,556603,758681,15879,208,66,0,0,66.000,562.26
1551793,1468630,554724,20550,208,66,0,0,66.000,562.26
1551793,560646,19161,82314,208,66,0,0,66.000,562.26
1551793,402683,1325666,27559,209,66,0,0,66.000,562.26
1551793,1188159,798640,21421,166,66,0,0,66.000,562.26
1551793,1345147,97313,11444,208,66,0,0,66.000,562.26
1551793,90645,347647,13986,208,66,0,0,66.000,562.26
1551793,1381342,194549,21491,375,66,0,0,66.000,562.26
1551793,521242,487422,30318,167,66,0,0,66.000,562.26
1551793,482490,1468935,40722,209,66,0,0,66.000,562.26
1551793,620984,1225194,123,208,66,0,0,66.000,562.26
1551793,32710,1044884,6530,167,66,0,0,66.000,562.26
1551793,83384,475279,191,250,66,0,0,66.000,562.26
1551793,521940,467438,14739,208,66,0,0,66.000,562.26
1551793,786193,166594,22673,208,66,0,0,66.000,562.26
1551793,1172761,131003,18676,167,66,0,0,66.000,562.26
1551793,1148560,570659,10362,166,66,0,0,66.000,562.26
1551793,1251058,1164752,108387,167,66,0,0,66.000,562.26
1552843,320152,949897,12914,166,66,0,0,66.000,248.03
1552843,330223,804490,10066,333,66,0,0,66.000,248.03
1552843,1350853,909828,11035,166,66,0,0,66.000,248.03
1552843,1264607,877315,10110,167,66,0,0,66.000,248.03
1552843,219205,438481,24899,166,66,0,0,66.000,248.03
1552843,963455,778283,11893,166,66,0,0,66.000,248.03
1552843,1498113,650035,11087,208,66,0,0,66.000,248.03
1552843,1133868,988051,310,167,66,0,0,66.000,248.03
1552843,1172784,223509,12217,166,66,0,0,66.000,248.03
1552843,914699,441590,5093,333,66,0,0,66.000,248.03
1552843,698456,522191,8319,167,66,0,0,66.000,248.03
1552843,237485,1067050,1331,208,66,0,0,66.000,248.03
1552843,1108789,729319,937,209,66,0,0,66.000,248.03
1552843,354480,1281470,16196,208,66,0,0,66.000,248.03
1552843,1270711,915194,1500,167,66,0,0,66.000,248.03
1552843,128427,1096859,33916,166,66,0,0,66.000,248.03
1552843,821124,1148534,12340,208,66,0,0,66.000,248.03
1552843,629972,787841,11163,167,66,0,0,66.000,248.03
1552843,1013035,893695,44230,209,66,0,0,66.000,248.03
1552843,567779,294792,31643,209,66,0,0,66.000,248.03
1553927,1323973,864588,2591,208,66,0,0,66.000,309.22
1553927,718900,1512626,3241,208,66,0,0,66.000,309.22
1553927,114695,952190,9699,208,66,0,0,66.000,309.22
1553927,221131,1495814,2568,208,66,0,0,66.000,309.22
1553927,320589,1036678,36280,375,66,0,0,66.000,309.22
1553927,313976,1496189,2930,208,66,0,0,66.000,309.22
1553927,1484576,703705,7552,208,66,0,0,66.000,309.22
1553927,1066359,1197990,22454,208,66,0,0,66.000,309.22
1553927,681223,122070,7988,209,66,0,0,66.000,309.22
1553927,1102648,889939,29380,208,66,0,0,66.000,309.22
1553927,599549,1203094,23230,208,66,0,0,66.000,309.22
1553927,1191513,464197,9950,166,66,0,0,66.000,309.22
1553927,1030018,1106326,11805,375,66,0,0,66.000,309.22
1553927,630931,1541124,2578,167,66,0,0,66.000,309.22
1553927,841345,647391,348,167,66,0,0,66.000,309.22
1553927,79485,1383800,14296,167,66,0,0,66.000,309.22
1553927,6036,677644,48593,208,66,0,0,66.000,309.22
1553927,1421211,68406,11678,167,66,0,0,66.000,309.22
1553927,250336,1451104,17324,208,66,0,0,66.000,309.22
1553927,95131,889007,51769,209,66,0,0,66.000,309.22
1558283,1077646,16311,13173,250,66,0,0,66.000,128.39
1558283,341197,1006215,5398,167,66,0,0,66.000,128.39
1558283,944383,1341219,14641,209,66,0,0,66.000,128.39
1558283,263136,37189,7505,208,66,0,0,66.000,128.39
1558283,1100146,893068,9966,208,66,0,0,66.000,128.39
1558283,1092695,222062,6255,208,66,0,0,66.000,128.39
1558283,588330,1343185,1161,208,66,0,0,66.000,128.39
1558283,1524355,1406671,4944,208,66,0,0,66.000,128.39
1558283,411636,657220,2481,167,66,0,0,66.000,128.39
1558283,394210,1512645,1551,209,66,0,0,66.000,128.39
1558283,1506775,814367,5036,208,66,0,0,66.000,128.39
1558283,443778,242375,1052,209,66,0,0,66.000,128.39
1558283,1011649,1427428,2688,208,66,0,0,66.000,128.39
1558283,155580,878406,8681,167,66,0,0,66.000,128.39
1558283,599598,1379760,8185,250,66,0,0,66.000,128.39
1558283,893072,177181,2354,209,66,0,0,66.000,128.39
1558283,571017,851112,4313,166,66,0,0,66.000,128.39
1558283,1431978,423685,13218,208,66,0,0,66.000,128.39
1558283,1262570,773684,3076,208,66,0,0,66.000,128.39
1558283,22863,1296007,6711,209,66,0,0,66.000,128.39
1558877,1192001,481796,5659,166,66,0,0,66.000,188.84
1558877,643519,243599,864,208,66,0,0,66.000,188.84
1558877,645901,627262,3043,208,66,0,0,66.000,188.84
1558877,72941,114778,2907,208,66,0,0,66.000,188.84
1558877,1076879,617103,23864,208,66,0,0,66.000,188.84
1558877,1136104,1061141,12277,208,66,0,0,66.000,188.84
1558877,1108424,1377029,18602,208,66,0,0,66.000,188.84
1558877,294013,853687,7772,375,66,0,0,66.000,188.84
1558877,121278,291504,12789,333,66,0,0,66.000,188.84
1558877,1044464,1203270,3908,208,66,0,0,66.000,188.84
1558877,1295981,668320,16507,167,66,0,0,66.000,188.84
1558877,1214849,569972,2343,167,66,0,0,66.000,188.84
1558877,284730,1332400,30638,209,66,0,0,66.000,188.84
1558877,1253704,508665,10768,209,66,0,0,66.000,188.84
1558877,1548227,825951,5426,209,66,0,0,66.000,188.84
1558877,519049,215101,3171,167,66,0,0,66.000,188.84
1558877,94027,1384289,930,208,66,0,0,66.000,188.84
1558877,735665,785160,21803,208,66,0,0,66.000,188.84
1558877,89239,1271384,17004,208,66,0,0,66.000,188.84
1558877,374269,1321782,471,125,66,0,0,66.000,188.84
1561529,1178183,1245463,10786,167,66,0,0,66.000,190.48
1561529,1425032,714122,4211,334,66,0,0,66.000,190.48
1561529,1306341,355402,24869,167,66,0,0,66.000,190.48
1561529,1006615,1479525,7952,333,66,0,0,66.000,190.48
1561529,942385,1285944,20916,208,66,0,0,66.000,190.48
1561529,1387433,267520,7308,167,66,0,0,66.000,190.48
1561529,1032440,1537598,8537,167,66,0,0,66.000,190.48
1561529,1440772,517864,15386,209,66,0,0,66.000,190.48
1561529,1164759,462293,19963,167,66,0,0,66.000,190.48
1561529,1212119,324078,22674,209,66,0,0,66.000,190.48
1561529,687712,566762,16172,167,66,0,0,66.000,190.48
1561529,740977,911491,13869,167,66,0,0,66.000,190.48
1561529,100196,1300383,9286,209,66,0,0,66.000,190.48
1561529,1435754,570294,5734,208,66,0,0,66.000,190.48
1561529,127955,816270,1261,166,66,0,0,66.000,190.48
1561529,760566,1248204,8123,167,66,0,0,66.000,190.48
1561529,955365,968420,1611,208,66,0,0,66.000,190.48
1561529,470469,636352,34241,166,66,0,0,66.000,190.48
1561529,442899,168319,8928,167,66,0,0,66.000,190.48
1561529,356803,1482622,9397,208,66,0,0,66.000,190.48
1561753,1274899,1375098,115747,208,66,0,0,66.000,404.74
1561753,1460458,1244321,14973,167,66,0,0,66.000,404.74
1561753,549650,50919,27348,208,66,0,0,66.000,404.74
1561753,559147,528675,16496,209,66,0,0,66.000,404.74
1561753,1017168,1485450,30212,166,66,0,0,66.000,404.74
1561753,1485977,987854,13333,167,66,0,0,66.000,404.74
1561753,845313,520439,1714,209,66,0,0,66.000,404.74
1561753,1085136,699441,15136,208,66,0,0,66.000,404.74
1561753,1320740,1456712,13026,167,66,0,0,66.000,404.74
1561753,270683,741700,5747,167,66,0,0,66.000,404.74
1561753,925772,940257,52151,166,66,0,0,66.000,404.74
1561753,953258,80834,28645,209,66,0,0,66.000,404.74
1561753,52066,1337375,15822,166,66,0,0,66.000,404.74
1561753,1291070,1386613,62050,209,66,0,0,66.000,404.74
1561753,1504882,1428383,29452,292,66,0,0,66.000,404.74
1561753,1190267,25304,5047,209,66,0,0,66.000,404.74
1561753,449366,1357133,13122,209,66,0,0,66.000,404.74
1561753,894064,442918,34276,208,66,0,0,66.000,404.74
1561753,1214517,207621,14655,209,66,0,0,66.000,404.74
1561753,1411472,811034,12140,209,66,0,0,66.000,404.74
1562647,1466887,282484,5968,250,66,0,0,66.000,279.90
1562647,1545531,248774,7007,250,66,0,0,66.000,279.90
1562647,1552096,51110,13544,250,66,0,0,66.000,279.90
1562647,567620,729930,26817,209,66,0,0,66.000,279.90
1562647,495203,25310,22837,209,66,0,0,66.000,279.90
1562647,160006,675722,5693,209,66,0,0,66.000,279.90
1562647,461566,1551592,5,416,66,0,0,66.000,279.90
1562647,556482,655867,4943,250,66,0,0,66.000,279.90
1562647,589845,1362081,9445,250,66,0,0,66.000,279.90
1562647,105809,852997,5969,375,66,0,0,66.000,279.90
1562647,1517989,891670,12247,208,66,0,0,66.000,279.90
1562647,114638,11030,6366,208,66,0,0,66.000,279.90
1562647,570078,745778,60022,209,66,0,0,66.000,279.90
1562647,953412,59673,9612,208,66,0,0,66.000,279.90
1562647,1092457,87610,3855,250,66,0,0,66.000,279.90
1562647,512149,1515955,43858,208,66,0,0,66.000,279.90
1562647,763234,773876,17387,208,66,0,0,66.000,279.90
1562647,660894,42899,4645,209,66,0,0,66.000,279.90
1562647,1443518,1541854,4228,208,66,0,0,66.000,279.90
1562647,1512837,431137,2801,166,66,0,0,66.000,279.90
1562707,463468,677911,13280,208,66,0,0,66.000,176.00
1562707,119526,442192,13853,333,66,0,0,66.000,176.00
1562707,692332,808926,11256,208,66,0,0,66.000,176.00
1562707,1006067,540464,5734,167,66,0,0,66.000,176.00
1562707,202381,1404230,2777,375,66,0,0,66.000,176.00
1562707,227957,58326,1619,334,66,0,0,66.000,176.00
1562707,82856,698324,30162,167,66,0,0,66.000,176.00
1562707,1530482,395443,7588,208,66,0,0,66.000,176.00
1562707,529889,1492616,6432,208,66,0,0,66.000,176.00
1562707,1121552,259513,7492,209,66,0,0,66.000,176.00
1562707,1044870,1117303,11266,209,66,0,0,66.000,176.00
1562707,1525980,491342,2945,209,66,0,0,66.000,176.00
1562707,296624,603602,6424,208,66,0,0,66.000,176.00
1562707,702098,1009794,281,208,66,0,0,66.000,176.00
1562707,381781,296122,6479,208,66,0,0,66.000,176.00
1562707,1559243,570643,9200,208,66,0,0,66.000,176.00
1562707,774872,227323,14795,250,66,0,0,66.000,176.00
1562707,350792,1130169,673,208,66,0,0,66.000,176.00
1562707,1126176,423175,3132,209,66,0,0,66.000,176.00
1562707,705652,1142231,15436,208,66,0,0,66.000,176.00
1563461,923529,32479,1833,250,66,0,0,66.000,164.04
1563461,1241462,610106,1604,208,66,0,0,66.000,164.04
1563461,643719,1516302,1127,167,66,0,0,66.000,164.04
1563461,264509,294894,19558,250,66,0,0,66.000,164.04
1563461,1054264,576104,6827,167,66,0,0,66.000,164.04
1563461,743964,753110,1044,209,66,0,0,66.000,164.04
1563461,749093,459730,11810,167,66,0,0,66.000,164.04
1563461,555641,584692,7301,375,66,0,0,66.000,164.04
1563461,1164092,515503,10490,167,66,0,0,66.000,164.04
1563461,1089211,341056,3310,208,66,0,0,66.000,164.04
1563461,170310,327974,28310,166,66,0,0,66.000,164.04
1563461,682141,1062592,1635,167,66,0,0,66.000,164.04
1563461,1092766,1528397,25031,208,66,0,0,66.000,164.04
1563461,264516,1178898,9830,167,66,0,0,66.000,164.04
1563461,965985,1037527,890,208,66,0,0,66.000,164.04
1563461,227280,659366,4115,209,66,0,0,66.000,164.04
1563461,844008,579433,10121,209,66,0,0,66.000,164.04
1563461,346720,981718,15298,167,66,0,0,66.000,164.04
1563461,1193949,291529,7444,209,66,0,0,66.000,164.04
1563461,1444038,1179461,2032,250,66,0,0,66.000,164.04
1566793,1038889,1100512,19887,166,66,0,0,66.000,208.04
1566793,1084029,171406,6725,166,66,0,0,66.000,208.04
1566793,846497,940348,9917,208,66,0,0,66.000,208.04
1566793,106752,1212856,5268,167,66,0,0,66.000,208.04
1566793,410034,1460067,7544,250,66,0,0,66.000,208.04
1566793,1441682,215601,35816,166,66,0,0,66.000,208.04
1566793,1545414,949031,5594,167,66,0,0,66.000,208.04
1566793,845093,201396,10201,167,66,0,0,66.000,208.04
1566793,1255297,1277558,13389,208,66,0,0,66.000,208.04
1566793,1271208,611755,10708,226,66,0,0,66.000,208.04
1566793,952172,903206,5664,167,66,0,0,66.000,208.04
1566793,232393,1276742,7806,167,66,0,0,66.000,208.04
1566793,103009,644012,1790,166,66,0,0,66.000,208.04
1566793,673143,264164,12938,167,66,0,0,66.000,208.04
1566793,304817,366483,2321,167,66,0,0,66.000,208.04
1566793,1370382,428591,301,167,66,0,0,66.000,208.04
1566793,1144975,799379,18153,166,66,0,0,66.000,208.04
1566793,1536911,1373562,6950,167,66,0,0,66.000,208.04
1566793,95760,1438960,3038,167,66,0,0,66.000,208.04
1566793,968123,1490879,48845,208,66,0,0,66.000,208.04
1566823,632021,979894,13666,208,66,0,0,66.000,111.38
1566823,951966,1317932,6031,167,66,0,0,66.000,111.38
1566823,542986,776168,1066,333,66,0,0,66.000,111.38
1566823,904126,308909,1686,167,66,0,0,66.000,111.38
1566823,306551,1143057,2427,166,66,0,0,66.000,111.38
1566823,1036583,1248688,2651,208,66,0,0,66.000,111.38
1566823,1341531,385503,4199,208,66,0,0,66.000,111.38
1566823,474846,1398037,2750,209,66,0,0,66.000,111.38
1566823,1389487,1160131,35500,209,66,0,0,66.000,111.38
1566823,972708,206159,1046,167,66,0,0,66.000,111.38
1566823,974625,1009688,3388,350,66,0,0,66.000,111.38
1566823,1097864,780572,7455,166,66,0,0,66.000,111.38
1566823,775537,72554,680,208,66,0,0,66.000,111.38
1566823,553072,104619,6519,167,66,0,0,66.000,111.38
1566823,746936,1397800,2059,250,66,0,0,66.000,111.38
1566823,812908,1129043,4282,167,66,0,0,66.000,111.38
1566823,1523674,1081032,2915,166,66,0,0,66.000,111.38
1566823,294267,863298,7957,167,66,0,0,66.000,111.38
1566823,1131155,969466,7906,208,66,0,0,66.000,111.38
1566823,1103225,1087416,1649,250,66,0,0,66.000,111.38
1567171,1101963,546651,3086,208,66,0,0,66.000,302.60
1567171,1118045,1026442,40248,166,66,0,0,66.000,302.60
1567171,1216401,26811,7116,167,66,0,0,66.000,302.60
1567171,865564,27406,41464,208,66,0,0,66.000,302.60
1567171,141663,664286,19937,167,66,0,0,66.000,302.60
1567171,1435431,362771,1077,167,66,0,0,66.000,302.60
1567171,55736,1565504,6617,209,66,0,0,66.000,302.60
1567171,1185086,581936,79020,167,66,0,0,66.000,302.60
1567171,932162,974335,541,167,66,0,0,66.000,302.60
1567171,665367,1503754,32174,208,66,0,0,66.000,302.60
1567171,416926,1280176,5771,208,66,0,0,66.000,302.60
1567171,1485567,1304376,8623,166,66,0,0,66.000,302.60
1567171,246084,1082275,14909,166,66,0,0,66.000,302.60
1567171,117464,890928,13293,167,66,0,0,66.000,302.60
1567171,569073,1126885,13830,208,66,0,0,66.000,302.60
1567171,1551951,1489778,4548,209,66,0,0,66.000,302.60
1567171,61771,1397572,12092,166,66,0,0,66.000,302.60
1567171,175036,950622,25997,167,66,0,0,66.000,302.60
1567171,986953,592862,9024,208,66,0,0,66.000,302.60
1567171,141081,1065448,6015,167,66,0,0,66.000,302.60
1568519,1170772,1075007,10976,166,66,0,0,66.000,329.71
1568519,1208465,636776,15962,208,66,0,0,66.000,329.71
1568519,1477120,148730,23629,167,66,0,0,66.000,329.71
1568519,1335268,611626,28179,167,66,0,0,66.000,329.71
1568519,1362870,1042200,26716,167,66,0,0,66.000,329.71
1568519,718423,1191748,16684,166,66,0,0,66.000,329.71
1568519,1211406,385,2837,167,66,0,0,66.000,329.71
1568519,351979,1370385,10101,375,66,0,0,66.000,329.71
1568519,1063995,741922,36978,208,66,0,0,66.000,329.71
1568519,1438559,953732,3588,209,66,0,0,66.000,329.71
1568519,1561561,1392885,2643,209,66,0,0,66.000,329.71
1568519,713738,524685,19383,208,66,0,0,66.000,329.71
1568519,1497921,1041131,7146,167,66,0,0,66.000,329.71
1568519,1030023,537490,483,250,66,0,0,66.000,329.71
1568519,531344,216538,49225,167,66,0,0,66.000,329.71
1568519,1372628,882527,14822,209,66,0,0,66.000,329.71
1568519,981722,42991,5560,167,66,0,0,66.000,329.71
1568519,844615,411217,6636,208,66,0,0,66.000,329.71
1568519,1050152,679716,15672,208,66,0,0,66.000,329.71
1568519,1545096,466690,57377,209,66,0,0,66.000,329.71
1569817,27094,1342665,916,167,66,0,0,66.000,402.73
1569817,961103,489749,22918,209,66,0,0,66.000,402.73
1569817,862310,973916,37820,167,66,0,0,66.000,402.73
1569817,733770,734268,17549,334,66,0,0,66.000,402.73
1569817,1434895,950620,13832,166,66,0,0,66.000,402.73
1569817,1090813,1009355,42072,334,66,0,0,66.000,402.73
1569817,1142191,1309019,9426,167,66,0,0,66.000,402.73
1569817,1511883,75303,86614,209,66,0,0,66.000,402.73
1569817,152252,268794,4558,167,66,0,0,66.000,402.73
1569817,10385,72156,19853,167,66,0,0,66.000,402.73
1569817,799062,862474,64567,167,66,0,0,66.000,402.73
1569817,1091924,1360543,46754,209,66,0,0,66.000,402.73
1569817,444578,216951,2480,208,66,0,0,66.000,402.73
1569817,1324695,571085,40012,167,66,0,0,66.000,402.73
1569817,159693,628028,27588,166,66,0,0,66.000,402.73
1569817,1141676,998345,37522,209,66,0,0,66.000,402.73
1569817,1139456,591491,7621,167,66,0,0,66.000,402.73
1569817,1049577,1468814,3984,167,66,0,0,66.000,402.73
1569817,488139,551853,11882,208,66,0,0,66.000,402.73
1569817,1447864,41392,26416,292,66,0,0,66.000,402.73
1571287,947620,48020,3711,208,66,0,0,66.000,185.90
1571287,1464560,1025248,10793,209,66,0,0,66.000,185.90
1571287,25772,114794,2380,333,66,0,0,66.000,185.90
1571287,134936,1321158,9658,209,66,0,0,66.000,185.90
1571287,800983,1229243,9081,166,66,0,0,66.000,185.90
1571287,139330,59376,2635,209,66,0,0,66.000,185.90
1571287,565623,908483,19447,208,66,0,0,66.000,185.90
1571287,794513,436245,8527,208,66,0,0,66.000,185.90
1571287,314503,109393,1496,167,66,0,0,66.000,185.90
1571287,148842,832068,12955,208,66,0,0,66.000,185.90
1571287,850292,25584,16111,167,66,0,0,66.000,185.90
1571287,2205,843961,6570,208,66,0,0,66.000,185.90
1571287,1506118,191180,14475,208,66,0,0,66.000,185.90
1571287,1045325,1246377,35415,208,66,0,0,66.000,185.90
1571287,301016,760803,43686,167,66,0,0,66.000,185.90
1571287,824192,1103836,16130,292,66,0,0,66.000,185.90
1571287,220545,942362,19473,208,66,0,0,66.000,185.90
1571287,1516139,24464,7958,167,66,0,0,66.000,185.90
1571287,948634,679014,3746,208,66,0,0,66.000,185.90
1571287,403566,1545300,1813,166,66,0,0,66.000,185.90
1573303,248294,1392011,18237,208,66,0,0,66.000,173.71
1573303,527621,403520,11636,167,66,0,0,66.000,173.71
1573303,221130,889961,7462,166,66,0,0,66.000,173.71
1573303,1319671,661146,5465,208,66,0,0,66.000,173.71
1573303,182012,1340623,17360,167,66,0,0,66.000,173.71
1573303,1562731,565249,3314,209,66,0,0,66.000,173.71
1573303,722457,1363472,7329,166,66,0,0,66.000,173.71
1573303,1158095,589171,12986,167,66,0,0,66.000,173.71
1573303,157279,827674,22737,167,66,0,0,66.000,173.71
1573303,547439,820656,958,209,66,0,0,66.000,173.71
1573303,1487652,441518,9883,166,66,0,0,66.000,173.71
1573303,83164,1440369,5164,292,66,0,0,66.000,173.71
1573303,561526,577257,2985,208,66,0,0,66.000,173.71
1573303,1002075,1109584,5857,208,66,0,0,66.000,173.71
1573303,1138206,373486,25105,208,66,0,0,66.000,173.71
1573303,826228,47158,8181,166,66,0,0,66.000,173.71
1573303,20448,32033,6206,185,66,0,0,66.000,173.71
1573303,1464446,628588,13497,334,66,0,0,66.000,173.71
1573303,1181423,1213715,2546,184,66,0,0,66.000,173.71
1573303,1081259,847254,2745,166,66,0,0,66.000,173.71
1573577,528310,1282027,8471,333,66,0,0,66.000,95.32
1573577,1196470,1111806,7596,375,66,0,0,66.000,95.32
1573577,1048522,656294,4604,166,66,0,0,66.000,95.32
1573577,1319946,424704,13299,208,66,0,0,66.000,95.32
1573577,507519,148208,16247,167,66,0,0,66.000,95.32
1573577,1538233,476037,3038,167,66,0,0,66.000,95.32
1573577,153152,1036622,4149,166,66,0,0,66.000,95.32
1573577,239066,592416,1199,208,66,0,0,66.000,95.32
1573577,245611,1076540,6170,209,66,0,0,66.000,95.32
1573577,505743,533754,3997,208,66,0,0,66.000,95.32
1573577,1000620,594866,1493,167,66,0,0,66.000,95.32
1573577,85553,719125,2773,209,66,0,0,66.000,95.32
1573577,1456396,1122155,773,208,66,0,0,66.000,95.32
1573577,234070,1030439,389,334,66,0,0,66.000,95.32
1573577,825247,8439,9079,167,66,0,0,66.000,95.32
1573577,1372214,290242,685,375,66,0,0,66.000,95.32
1573577,564707,243477,9715,208,66,0,0,66.000,95.32
1573577,838674,1110373,1763,167,66,0,0,66.000,95.32
1573577,400735,44117,1268,208,66,0,0,66.000,95.32
1573577,88671,1394297,1077,208,66,0,0,66.000,95.32
1575547,1247167,1079836,1109,208,66,0,0,66.000,113.67
1575547,398864,1282269,22410,167,66,0,0,66.000,113.67
1575547,399235,978036,13205,208,66,0,0,66.000,113.67
1575547,408562,1069956,6656,167,66,0,0,66.000,113.67
1575547,875198,699690,19751,208,66,0,0,66.000,113.67
1575547,1415765,1110465,19298,292,66,0,0,66.000,113.67
1575547,1234372,718509,883,167,66,0,0,66.000,113.67
1575547,952283,817871,4056,209,66,0,0,66.000,113.67
1575547,1060297,1179832,1693,167,66,0,0,66.000,113.67
1575547,50673,761137,4096,208,66,0,0,66.000,113.67
1575547,250453,1146382,8494,209,66,0,0,66.000,113.67
1575547,505958,1520578,6766,209,66,0,0,66.000,113.67
1575547,216150,1078568,36,167,66,0,0,66.000,113.67
1575547,1319968,1013040,6398,208,66,0,0,66.000,113.67
1575547,1455208,135906,9495,166,66,0,0,66.000,113.67
1575547,348,310744,1255,167,66,0,0,66.000,113.67
1575547,866941,558586,1190,167,66,0,0,66.000,113.67
1575547,198946,498767,10459,209,66,0,0,66.000,113.67
1575547,1283049,915218,7931,209,66,0,0,66.000,113.67
1575547,1191166,11648,8389,167,66,0,0,66.000,113.67
1575869,1129664,12200,22045,167,66,0,0,66.000,581.29
1575869,1191248,128234,3004,208,66,0,0,66.000,581.29
1575869,776845,988897,34397,166,66,0,0,66.000,581.29
1575869,1463724,879355,22463,208,66,0,0,66.000,581.29
1575869,1077628,1202694,46918,166,66,0,0,66.000,581.29
1575869,1500119,491849,28894,166,66,0,0,66.000,581.29
1575869,1009565,942936,10243,209,66,0,0,66.000,581.29
1575869,1120047,53516,7849,209,66,0,0,66.000,581.29
1575869,803134,1053529,92143,375,66,0,0,66.000,581.29
1575869,557500,1260968,57293,209,66,0,0,66.000,581.29
1575869,1438076,752350,536,250,66,0,0,66.000,581.29
1575869,784519,1262405,24550,166,66,0,0,66.000,581.29
1575869,1491147,1472308,68413,167,66,0,0,66.000,581.29
1575869,1301807,1362610,11237,166,66,0,0,66.000,581.29
1575869,948250,1421310,12693,209,66,0,0,66.000,581.29
1575869,621760,449204,17148,167,66,0,0,66.000,581.29
1575869,1575759,308493,50539,250,66,0,0,66.000,581.29
1575869,112725,742618,71303,208,66,0,0,66.000,581.29
1575869,823640,705580,3912,209,66,0,0,66.000,581.29
1575869,598056,947424,18962,167,66,0,0,66.000,581.29
1576889,365192,936361,22112,166,66,0,0,66.000,341.77
1576889,1119141,360716,13486,166,66,0,0,66.000,341.77
1576889,1133935,1400413,25449,167,66,0,0,66.000,341.77
1576889,967860,641180,60708,166,66,0,0,66.000,341.77
1576889,924903,438786,1011,209,66,0,0,66.000,341.77
1576889,1208417,1379083,11379,209,66,0,0,66.000,341.77
1576889,1508898,236598,7497,167,66,0,0,66.000,341.77
1576889,1512579,643320,18071,208,66,0,0,66.000,341.77
1576889,1207839,642323,8591,167,66,0,0,66.000,341.77
1576889,537520,975812,11775,209,66,0,0,66.000,341.77
1576889,421274,1384540,11688,166,66,0,0,66.000,341.77
1576889,1449604,872649,34557,167,66,0,0,66.000,341.77
1576889,682271,1568175,10256,208,66,0,0,66.000,341.77
1576889,748196,1424685,18213,208,66,0,0,66.000,341.77
1576889,1396810,74884,31794,167,66,0,0,66.000,341.77
1576889,1205050,64351,6121,167,66,0,0,66.000,341.77
1576889,1147308,328336,8474,167,66,0,0,66.000,341.77
1576889,494398,1391053,46933,166,66,0,0,66.000,341.77
1576889,1240540,1497208,22051,167,66,0,0,66.000,341.77
1576889,967953,301924,11871,208,66,0,0,66.000,341.77
1583833,77224,1447072,18998,167,66,0,0,66.000,175.14
1583833,798933,1226652,4293,142,66,0,0,66.000,175.14
1583833,230238,849462,11369,167,66,0,0,66.000,175.14
1583833,1443417,1525804,16061,292,66,0,0,66.000,175.14
1583833,1048195,1565431,1729,208,66,0,0,66.000,175.14
1583833,1287648,1233839,6731,208,66,0,0,66.000,175.14
1583833,1459098,652288,13933,167,66,0,0,66.000,175.14
1583833,782068,24346,7899,167,66,0,0,66.000,175.14
1583833,308162,275979,14531,167,66,0,0,66.000,175.14
1583833,490986,945327,21722,166,66,0,0,66.000,175.14
1583833,1281936,1548497,3973,166,66,0,0,66.000,175.14
1583833,569357,829143,3240,167,66,0,0,66.000,175.14
1583833,71945,402544,22495,166,66,0,0,66.000,175.14
1583833,408003,590073,2723,166,66,0,0,66.000,175.14
1583833,310768,699837,1618,166,66,0,0,66.000,175.14
1583833,1109408,613006,16497,208,66,0,0,66.000,175.14
1583833,1320144,556695,10470,167,66,0,0,66.000,175.14
1583833,1113500,63854,3785,167,66,0,0,66.000,175.14
1583833,70855,493537,13061,167,66,0,0,66.000,175.14
1583833,169263,208484,7967,167,66,0,0,66.000,175.14
1585657,1579480,1424493,33136,166,66,0,0,66.000,302.77
1585657,1409950,81119,15368,209,66,0,0,66.000,302.77
1585657,362780,1153715,38623,208,66,0,0,66.000,302.77
1585657,1493118,696602,6777,208,66,0,0,66.000,302.77
1585657,421880,1506691,19519,166,66,0,0,66.000,302.77
1585657,1031363,1150320,46785,166,66,0,0,66.000,302.77
1585657,271008,803914,29132,167,66,0,0,66.000,302.77
1585657,853356,735084,17447,167,66,0,0,66.000,302.77
1585657,216596,877373,91435,167,66,0,0,66.000,302.77
1585657,793570,225412,7873,208,66,0,0,66.000,302.77
1585657,1095600,331112,10531,209,66,0,0,66.000,302.77
1585657,203084,1103688,32951,292,66,0,0,66.000,302.77
1585657,820493,955561,2878,166,66,0,0,66.000,302.77
1585657,674144,222307,317,209,66,0,0,66.000,302.77
1585657,217353,224999,14309,167,66,0,0,66.000,302.77
1585657,712378,430799,2624,166,66,0,0,66.000,302.77
1585657,656353,1169311,5616,209,66,0,0,66.000,302.77
1585657,1540979,58763,5313,167,66,0,0,66.000,302.77
1585657,641757,301859,1666,208,66,0,0,66.000,302.77
1585657,228483,760358,17839,292,66,0,0,66.000,302.77
1589633,1567211,1348549,15304,375,66,0,0,66.000,170.56
1589633,50417,936452,18723,209,66,0,0,66.000,170.56
1589633,393743,1140636,891,167,66,0,0,66.000,170.56
1589633,1099228,188691,2374,167,66,0,0,66.000,170.56
1589633,188962,1542037,23931,167,66,0,0,66.000,170.56
1589633,1463943,416990,1574,208,66,0,0,66.000,170.56
1589633,551684,1233539,65,167,66,0,0,66.000,170.56
1589633,1441473,789017,1438,209,66,0,0,66.000,170.56
1589633,1306812,1387831,25189,208,66,0,0,66.000,170.56
1589633,208012,1283901,5106,166,66,0,0,66.000,170.56
1589633,459820,676046,7267,208,66,0,0,66.000,170.56
1589633,222179,1103590,12661,167,66,0,0,66.000,170.56
1589633,528314,823218,6390,167,66,0,0,66.000,170.56
1589633,1565168,201613,1150,250,66,0,0,66.000,170.56
1589633,119669,701173,12262,208,66,0,0,66.000,170.56
1589633,1540369,787515,3028,166,66,0,0,66.000,170.56
1589633,1548643,151503,12695,375,66,0,0,66.000,170.56
1589633,797181,147669,16177,166,66,0,0,66.000,170.56
1589633,1267732,301823,3578,375,66,0,0,66.000,170.56
1589633,1413797,1167504,8977,250,66,0,0,66.000,170.56
1590739,813649,1262278,12554,209,66,0,0,66.000,277.89
1590739,550529,81463,2864,292,66,0,0,66.000,277.89
1590739,1462656,456232,22386,209,66,0,0,66.000,277.89
1590739,270532,1378781,5958,167,66,0,0,66.000,277.89
1590739,1248294,1043896,4890,209,66,0,0,66.000,277.89
1590739,838601,1217499,11059,208,66,0,0,66.000,277.89
1590739,1207003,379766,24287,208,66,0,0,66.000,277.89
1590739,327582,1382859,3024,250,66,0,0,66.000,277.89
1590739,1222636,350307,36306,208,66,0,0,66.000,277.89
1590739,1494694,65872,5819,250,66,0,0,66.000,277.89
1590739,232090,646442,6430,458,66,0,0,66.000,277.89
1590739,1354711,1202388,1825,250,66,0,0,66.000,277.89
1590739,993406,185218,378,208,66,0,0,66.000,277.89
1590739,146193,1190139,2625,209,66,0,0,66.000,277.89
1590739,1292309,133550,16504,417,66,0,0,66.000,277.89
1590739,844567,997975,12098,167,66,0,0,66.000,277.89
1590739,1049986,293156,4808,209,66,0,0,66.000,277.89
1590739,1434940,366218,56693,375,66,0,0,66.000,277.89
1590739,981676,207537,26442,185,66,0,0,66.000,277.89
1590739,1490955,995083,6128,208,66,0,0,66.000,277.89
1593149,633567,1441232,32715,208,66,0,0,66.000,497.57
1593149,1208175,559481,141393,208,66,0,0,66.000,497.57
1593149,1019947,556118,40272,334,66,0,0,66.000,497.57
1593149,1072735,703422,21059,167,66,0,0,66.000,497.57
1593149,1210595,1146463,4762,167,66,0,0,66.000,497.57
1593149,921241,698700,1718,208,66,0,0,66.000,497.57
1593149,936391,1507298,3250,166,66,0,0,66.000,497.57
1593149,324352,156170,12639,208,66,0,0,66.000,497.57
1593149,217296,31800,14510,208,66,0,0,66.000,497.57
1593149,211996,769516,47902,166,66,0,0,66.000,497.57
1593149,830285,247729,1736,167,66,0,0,66.000,497.57
1593149,285648,97734,39,208,66,0,0,66.000,497.57
1593149,1491540,336874,46671,209,66,0,0,66.000,497.57
1593149,1323410,1251008,630,333,66,0,0,66.000,497.57
1593149,1457665,1353094,46687,334,66,0,0,66.000,497.57
1593149,1540428,1197506,16881,209,66,0,0,66.000,497.57
1593149,458026,1363345,32137,167,66,0,0,66.000,497.57
1593149,743390,569381,21230,208,66,0,0,66.000,497.57
1593149,631802,911577,24497,208,66,0,0,66.000,497.57
1593149,234702,1428087,7559,167,66,0,0,66.000,497.57
1593703,419631,901896,20268,250,66,0,0,66.000,214.20
1593703,1583577,1215723,1354,250,66,0,0,66.000,214.20
1593703,1141734,1049447,1559,208,66,0,0,66.000,214.20
1593703,293591,458666,10164,167,66,0,0,66.000,214.20
1593703,555136,38566,944,250,66,0,0,66.000,214.20
1593703,1382142,1090423,34596,250,66,0,0,66.000,214.20
1593703,1442847,1268678,14331,208,66,0,0,66.000,214.20
1593703,615386,233653,19130,208,66,0,0,66.000,214.20
1593703,547047,1237377,26464,208,66,0,0,66.000,214.20
1593703,42836,273112,23346,209,66,0,0,66.000,214.20
1593703,246089,1567931,900,166,66,0,0,66.000,214.20
1593703,483239,441714,2354,250,66,0,0,66.000,214.20
1593703,152903,438337,15061,208,66,0,0,66.000,214.20
1593703,72141,331181,4009,208,66,0,0,66.000,214.20
1593703,938724,1422485,10136,416,66,0,0,66.000,214.20
1593703,808878,258448,3034,209,66,0,0,66.000,214.20
1593703,829756,1273688,8646,250,66,0,0,66.000,214.20
1593703,345272,1552429,4689,209,66,0,0,66.000,214.20
1593703,71568,667285,380,167,66,0,0,66.000,214.20
1593703,1457620,973548,1477,208,66,0,0,66.000,214.20
1597381,1406909,552825,3525,208,66,0,0,66.000,137.13
1597381,468077,988978,296,208,66,0,0,66.000,137.13
1597381,478648,550627,14853,208,66,0,0,66.000,137.13
1597381,560332,1001053,3749,208,66,0,0,66.000,137.13
1597381,1252667,462016,4222,208,66,0,0,66.000,137.13
1597381,337323,252650,10273,209,66,0,0,66.000,137.13
1597381,1130562,1201023,5133,208,66,0,0,66.000,137.13
1597381,1533093,936920,119,209,66,0,0,66.000,137.13
1597381,1217923,834957,12607,167,66,0,0,66.000,137.13
1597381,923556,951450,11563,167,66,0,0,66.000,137.13
1597381,634433,1037111,7896,208,66,0,0,66.000,137.13
1597381,801755,1193003,4637,375,66,0,0,66.000,137.13
1597381,1145561,723346,12846,167,66,0,0,66.000,137.13
1597381,251118,726621,10216,208,66,0,0,66.000,137.13
1597381,1503119,7819,6671,167,66,0,0,66.000,137.13
1597381,471431,580648,8023,208,66,0,0,66.000,137.13
1597381,991499,291479,3244,208,66,0,0,66.000,137.13
1597381,1420047,145270,1141,208,66,0,0,66.000,137.13
1597381,409607,1161691,11409,166,66,0,0,66.000,137.13
1597381,391596,410697,1304,250,66,0,0,66.000,137.13
1598273,191455,950886,5829,166,66,0,0,66.000,97.36
1598273,1089687,635058,6158,292,66,0,0,66.000,97.36
1598273,331557,574605,1093,167,66,0,0,66.000,97.36
1598273,757510,410212,8532,208,66,0,0,66.000,97.36
1598273,1140593,970383,16597,209,66,0,0,66.000,97.36
1598273,1310194,1005344,665,250,66,0,0,66.000,97.36
1598273,1168675,78957,2475,166,66,0,0,66.000,97.36
1598273,1089907,1009668,5498,167,66,0,0,66.000,97.36
1598273,908938,448971,10249,167,66,0,0,66.000,97.36
1598273,932564,1369917,567,167,66,0,0,66.000,97.36
1598273,228839,1103818,11398,167,66,0,0,66.000,97.36
1598273,457376,570437,370,167,66,0,0,66.000,97.36
1598273,1088647,1235696,9809,334,66,0,0,66.000,97.36
1598273,1192082,485302,446,208,66,0,0,66.000,97.36
1598273,1381657,1033429,16054,208,66,0,0,66.000,97.36
1598273,17,122300,7816,167,66,0,0,66.000,97.36
1598273,803680,1443472,3585,334,66,0,0,66.000,97.36
1598273,142906,4594,366,208,66,0,0,66.000,97.36
1598273,941603,660159,2185,333,66,0,0,66.000,97.36
1598273,640325,1370817,3932,208,66,0,0,66.000,97.36
1600531,556907,821202,4398,167,66,0,0,66.000,213.50
1600531,307327,353259,5640,208,66,0,0,66.000,213.50
1600531,296920,627944,2679,333,66,0,0,66.000,213.50
1600531,1161591,1480591,1327,167,66,0,0,66.000,213.50
1600531,211944,905408,2615,333,66,0,0,66.000,213.50
1600531,1285898,1221955,277,208,66,0,0,66.000,213.50
1600531,647832,404989,25006,209,66,0,0,66.000,213.50
1600531,870217,792731,9386,166,66,0,0,66.000,213.50
1600531,1067290,1354777,8896,208,66,0,0,66.000,213.50
1600531,565457,414623,834,125,66,0,0,66.000,213.50
1600531,308927,1201684,4578,166,66,0,0,66.000,213.50
1600531,1141860,685738,18428,209,66,0,0,66.000,213.50
1600531,1228657,171984,25485,167,66,0,0,66.000,213.50
1600531,1595694,81439,8093,208,66,0,0,66.000,213.50
1600531,1292906,1558975,30461,167,66,0,0,66.000,213.50
1600531,1171784,774271,21554,208,66,0,0,66.000,213.50
1600531,495471,1067038,3036,333,66,0,0,66.000,213.50
1600531,319509,800879,74606,166,66,0,0,66.000,213.50
1600531,627041,996942,1779,209,66,0,0,66.000,213.50
1600531,339334,783034,18606,208,66,0,0,66.000,213.50
1600957,1540722,830270,113354,208,66,0,0,66.000,512.87
1600957,1177130,680408,16752,208,66,0,0,66.000,512.87
1600957,878917,90486,10826,209,66,0,0,66.000,512.87
1600957,837697,1065944,6425,333,66,0,0,66.000,512.87
1600957,261347,700507,11498,208,66,0,0,66.000,512.87
1600957,178869,739925,80662,250,66,0,0,66.000,512.87
1600957,462142,1512244,36899,209,66,0,0,66.000,512.87
1600957,706685,709789,9009,208,66,0,0,66.000,512.87
1600957,1119336,1480733,11059,375,66,0,0,66.000,512.87
1600957,92460,1551535,8783,208,66,0,0,66.000,512.87
1600957,1153034,1535292,18447,250,66,0,0,66.000,512.87
1600957,1231875,1139865,5793,208,66,0,0,66.000,512.87
1600957,1255183,880730,7233,208,66,0,0,66.000,512.87
1600957,983386,1090606,1151,250,66,0,0,66.000,512.87
1600957,94686,581865,9709,209,66,0,0,66.000,512.87
1600957,1518407,626781,5858,209,66,0,0,66.000,512.87
1600957,63064,860269,19043,375,66,0,0,66.000,512.87
1600957,935615,109261,22875,250,66,0,0,66.000,512.87
1600957,833798,1309157,58858,250,66,0,0,66.000,512.87
1600957,841575,812342,35157,250,66,0,0,66.000,512.87
1601399,1175793,993404,11614,334,66,0,0,66.000,167.79
1601399,1479707,1089855,22276,208,66,0,0,66.000,167.79
1601399,949167,275709,6623,166,66,0,0,66.000,167.79
1601399,865354,1256559,17347,250,66,0,0,66.000,167.79
1601399,376663,1454834,2611,208,66,0,0,66.000,167.79
1601399,648924,545972,5282,209,66,0,0,66.000,167.79
1601399,431131,1237500,10685,209,66,0,0,66.000,167.79
1601399,1600856,1529272,11001,375,66,0,0,66.000,167.79
1601399,1221041,615005,3117,208,66,0,0,66.000,167.79
1601399,1566668,626455,817,166,66,0,0,66.000,167.79
1601399,1276974,883117,2367,209,66,0,0,66.000,167.79
1601399,1327061,1134253,5415,208,66,0,0,66.000,167.79
1601399,791432,26613,1492,167,66,0,0,66.000,167.79
1601399,506906,887581,6280,333,66,0,0,66.000,167.79
1601399,1370584,123632,10344,208,66,0,0,66.000,167.79
1601399,343034,193637,4248,167,66,0,0,66.000,167.79
1601399,1101181,480966,685,250,66,0,0,66.000,167.79
1601399,899024,737260,4974,166,66,0,0,66.000,167.79
1601399,1350143,541326,9619,166,66,0,0,66.000,167.79
1601399,1238501,1514497,33321,208,66,0,0,66.000,167.79
1601731,642358,1522065,5953,166,66,0,0,66.000,89.78
1601731,856174,187478,930,166,66,0,0,66.000,89.78
1601731,823045,266544,1758,208,66,0,0,66.000,89.78
1601731,337064,972167,19714,167,66,0,0,66.000,89.78
1601731,585313,1283737,15469,167,66,0,0,66.000,89.78
1601731,257367,1115065,47,166,66,0,0,66.000,89.78
1601731,681637,927458,2388,208,66,0,0,66.000,89.78
1601731,232737,671246,6188,417,66,0,0,66.000,89.78
1601731,1582165,1068,1656,209,66,0,0,66.000,89.78
1601731,1087057,496910,3916,209,66,0,0,66.000,89.78
1601731,514674,395246,3144,167,66,0,0,66.000,89.78
1601731,91239,1399347,6852,208,66,0,0,66.000,89.78
1601731,169273,808538,5152,292,66,0,0,66.000,89.78
1601731,84052,903259,6436,166,66,0,0,66.000,89.78
1601731,390657,1061605,4784,209,66,0,0,66.000,89.78
1601731,815641,364882,2398,167,66,0,0,66.000,89.78
1601731,522985,1587134,7238,167,66,0,0,66.000,89.78
1601731,963317,412499,804,226,66,0,0,66.000,89.78
1601731,299027,1381140,325,209,66,0,0,66.000,89.78
1601731,772684,606885,1656,167,66,0,0,66.000,89.78
1609249,964132,1351968,26119,333,66,0,0,66.000,585.01
1609249,187654,1088477,2025,167,66,0,0,66.000,585.01
1609249,18575,721157,15354,209,66,0,0,66.000,585.01
1609249,720559,1227308,49503,208,66,0,0,66.000,585.01
1609249,1003862,120754,63168,208,66,0,0,66.000,585.01
1609249,1584700,967141,22184,209,66,0,0,66.000,585.01
1609249,783101,1180652,3924,333,66,0,0,66.000,585.01
1609249,162432,1176997,18172,208,66,0,0,66.000,585.01
1609249,813010,1126370,3829,167,66,0,0,66.000,585.01
1609249,564001,1091211,98469,209,66,0,0,66.000,585.01
1609249,544567,807772,4350,167,66,0,0,66.000,585.01
1609249,578018,440017,615,333,66,0,0,66.000,585.01
1609249,1346600,1394091,28278,208,66,0,0,66.000,585.01
1609249,802408,338094,11503,375,66,0,0,66.000,585.01
1609249,1166792,1357665,16216,167,66,0,0,66.000,585.01
1609249,265150,1596739,92159,167,66,0,0,66.000,585.01
1609249,1047237,1150760,58647,209,66,0,0,66.000,585.01
1609249,639654,392799,821,167,66,0,0,66.000,585.01
1609249,325569,108387,22863,208,66,0,0,66.000,585.01
1609249,1132057,698173,49415,208,66,0,0,66.000,585.01
1610107,83839,775287,5632,209,66,0,0,66.000,364.12
1610107,1574982,444088,28923,209,66,0,0,66.000,364.12
1610107,540180,1384502,40416,209,66,0,0,66.000,364.12
1610107,1205938,1137060,3020,166,66,0,0,66.000,364.12
1610107,1498263,1034159,884,333,66,0,0,66.000,364.12
1610107,1551139,21951,7010,166,66,0,0,66.000,364.12
1610107,871123,1123849,12547,208,66,0,0,66.000,364.12
1610107,413550,1458402,20067,167,66,0,0,66.000,364.12
1610107,354152,106413,27947,166,66,0,0,66.000,364.12
1610107,772710,1146076,18929,166,66,0,0,66.000,364.12
1610107,1575949,326747,8023,208,66,0,0,66.000,364.12
1610107,677139,425392,42277,208,66,0,0,66.000,364.12
1610107,1506170,424431,10952,167,66,0,0,66.000,364.12
1610107,105006,765235,7915,208,66,0,0,66.000,364.12
1610107,1588532,358839,19195,167,66,0,0,66.000,364.12
1610107,73289,73857,43611,167,66,0,0,66.000,364.12
1610107,986254,994554,9157,208,66,0,0,66.000,364.12
1610107,617057,890190,57977,209,66,0,0,66.000,364.12
1610107,1063268,1314841,35448,167,66,0,0,66.000,364.12
1610107,639493,1275749,5606,333,66,0,0,66.000,364.12
1610471,1347448,494135,10988,250,66,0,0,66.000,260.48
1610471,1149189,1046040,49412,209,66,0,0,66.000,260.48
1610471,1554810,1139961,15759,250,66,0,0,66.000,260.48
1610471,1386169,1404472,19862,208,66,0,0,66.000,260.48
1610471,697856,1086382,1090,208,66,0,0,66.000,260.48
1610471,984517,39632,1929,208,66,0,0,66.000,260.48
1610471,1142787,621520,2265,250,66,0,0,66.000,260.48
1610471,791119,1347682,6773,375,66,0,0,66.000,260.48
1610471,824518,1358514,5183,416,66,0,0,66.000,260.48
1610471,620239,1291194,4079,208,66,0,0,66.000,260.48
1610471,986544,767771,4175,208,66,0,0,66.000,260.48
1610471,963650,999719,35643,167,66,0,0,66.000,260.48
1610471,662699,1454183,26580,208,66,0,0,66.000,260.48
1610471,1392520,563949,13611,250,66,0,0,66.000,260.48
1610471,1116484,1198380,7047,250,66,0,0,66.000,260.48
1610471,1341817,1193843,6025,209,66,0,0,66.000,260.48
1610471,1323668,37504,13792,250,66,0,0,66.000,260.48
1610471,1569255,756631,4439,209,66,0,0,66.000,260.48
1610471,870017,704725,2580,208,66,0,0,66.000,260.48
1610471,1427262,425469,13144,208,66,0,0,66.000,260.48
1614289,654064,919573,1561,209,66,0,0,66.000,145.39
1614289,481883,1308105,117,209,66,0,0,66.000,145.39
1614289,1532392,510013,31990,208,66,0,0,66.000,145.39
1614289,818905,608109,1173,226,66,0,0,66.000,145.39
1614289,892894,336,26017,209,66,0,0,66.000,145.39
1614289,1293278,474907,7836,167,66,0,0,66.000,145.39
1614289,1115400,400343,9820,292,66,0,0,66.000,145.39
1614289,915796,1436461,1021,208,66,0,0,66.000,145.39
1614289,350294,94003,4775,167,66,0,0,66.000,145.39
1614289,643648,1238705,5302,167,66,0,0,66.000,145.39
1614289,1553900,1330977,5726,167,66,0,0,66.000,145.39
1614289,1490351,465270,12163,167,66,0,0,66.000,145.39
1614289,966067,114945,4530,291,66,0,0,66.000,145.39
1614289,22498,172109,341,208,66,0,0,66.000,145.39
1614289,901001,925767,21452,166,66,0,0,66.000,145.39
1614289,1326861,1418639,22757,209,66,0,0,66.000,145.39
1614289,21009,1469977,16350,208,66,0,0,66.000,145.39
1614289,1350014,1068114,9417,208,66,0,0,66.000,145.39
1614289,72769,1133819,5610,166,66,0,0,66.000,145.39
1614289,843329,1134537,4252,208,66,0,0,66.000,145.39
1619699,1566709,288403,157,166,66,0,0,66.000,181.68
1619699,682360,631253,451,167,66,0,0,66.000,181.68
1619699,299530,1541971,4436,250,66,0,0,66.000,181.68
1619699,518021,1194221,12325,208,66,0,0,66.000,181.68
1619699,1252236,1561711,32488,166,66,0,0,66.000,181.68
1619699,115918,917560,6256,208,66,0,0,66.000,181.68
1619699,1174819,928355,24727,167,66,0,0,66.000,181.68
1619699,244823,470174,545,167,66,0,0,66.000,181.68
1619699,272505,1445794,8941,208,66,0,0,66.000,181.68
1619699,938893,360753,1096,167,66,0,0,66.000,181.68
1619699,57221,1134232,25437,334,66,0,0,66.000,181.68
1619699,1550453,503008,18722,208,66,0,0,66.000,181.68
1619699,1500711,183755,6181,167,66,0,0,66.000,181.68
1619699,924437,1397860,13399,208,66,0,0,66.000,181.68
1619699,295089,734957,7254,208,66,0,0,66.000,181.68
1619699,1248873,309470,16357,166,66,0,0,66.000,181.68
1619699,901837,1479124,26,167,66,0,0,66.000,181.68
1619699,965640,1528109,22037,208,66,0,0,66.000,181.68
1619699,936295,179351,11052,208,66,0,0,66.000,181.68
1619699,402044,55286,28240,208,66,0,0,66.000,181.68
1622209,1002603,1099762,910,208,66,0,0,66.000,102.06
1622209,870082,241972,1456,334,66,0,0,66.000,102.06
1622209,1398821,475048,917,208,66,0,0,66.000,102.06
1622209,781751,323552,11176,333,66,0,0,66.000,102.06
1622209,1330656,115546,4516,208,66,0,0,66.000,102.06
1622209,688452,84866,5100,167,66,0,0,66.000,102.06
1622209,272164,265179,1902,208,66,0,0,66.000,102.06
1622209,955598,183003,10058,167,66,0,0,66.000,102.06
1622209,563407,302405,12569,209,66,0,0,66.000,102.06
1622209,1088453,833174,3441,209,66,0,0,66.000,102.06
1622209,1332443,425380,6465,208,66,0,0,66.000,102.06
1622209,1320894,565880,3265,166,66,0,0,66.000,102.06
1622209,329804,1605102,9159,208,66,0,0,66.000,102.06
1622209,58393,1208589,5124,208,66,0,0,66.000,102.06
1622209,56675,468007,7278,166,66,0,0,66.000,102.06
1622209,15910,1151804,4019,333,66,0,0,66.000,102.06
1622209,46420,1310006,394,167,66,0,0,66.000,102.06
1622209,1236376,1499973,13026,250,66,0,0,66.000,102.06
1622209,107076,1269384,1326,209,66,0,0,66.000,102.06
1622209,1216273,489063,2230,208,66,0,0,66.000,102.06
1624321,1165987,566291,16522,209,66,0,0,66.000,165.67
1624321,603153,1437158,6568,208,66,0,0,66.000,165.67
1624321,826027,617229,3627,208,66,0,0,66.000,165.67
1624321,351088,1448509,23508,208,66,0,0,66.000,165.67
1624321,1231900,334855,8285,208,66,0,0,66.000,165.67
1624321,52861,809239,16124,208,66,0,0,66.000,165.67
1624321,1040200,1208767,431,167,66,0,0,66.000,165.67
1624321,923047,1560145,678,167,66,0,0,66.000,165.67
1624321,1219560,810683,17302,167,66,0,0,66.000,165.67
1624321,812310,834790,4582,334,66,0,0,66.000,165.67
1624321,1357771,1369557,4468,166,66,0,0,66.000,165.67
1624321,1546341,1054688,748,167,66,0,0,66.000,165.67
1624321,110019,314171,14775,166,66,0,0,66.000,165.67
1624321,1233969,23686,170,167,66,0,0,66.000,165.67
1624321,324814,1254783,5727,209,66,0,0,66.000,165.67
1624321,508488,1522154,15058,208,66,0,0,66.000,165.67
1624321,880103,452396,631,167,66,0,0,66.000,165.67
1624321,1202921,1120704,4200,167,66,0,0,66.000,165.67
1624321,694485,426478,15091,166,66,0,0,66.000,165.67
1624321,1237916,479087,16614,167,66,0,0,66.000,165.67
1625329,1290734,387517,13069,167,66,0,0,66.000,398.20
1625329,1502586,315296,6021,208,66,0,0,66.000,398.20
1625329,1194546,1380383,16278,167,66,0,0,66.000,398.20
1625329,184563,972614,7309,167,66,0,0,66.000,398.20
1625329,297255,792004,82630,208,66,0,0,66.000,398.20
1625329,581330,1563024,1937,208,66,0,0,66.000,398.20
1625329,1455926,1569001,37016,209,66,0,0,66.000,398.20
1625329,165480,466145,1518,208,66,0,0,66.000,398.20
1625329,629099,1287316,10631,208,66,0,0,66.000,398.20
1625329,1341257,952514,6986,167,66,0,0,66.000,398.20
1625329,1304312,714507,31168,209,66,0,0,66.000,398.20
1625329,1297249,1529791,7540,166,66,0,0,66.000,398.20
1625329,709947,308436,36997,209,66,0,0,66.000,398.20
1625329,676201,1174204,6355,209,66,0,0,66.000,398.20
1625329,341344,817524,18190,167,66,0,0,66.000,398.20
1625329,1215786,190305,55707,167,66,0,0,66.000,398.20
1625329,1397225,1222750,34499,208,66,0,0,66.000,398.20
1625329,880943,399361,23968,166,66,0,0,66.000,398.20
1625329,753560,84048,12328,167,66,0,0,66.000,398.20
1625329,101646,1102780,42266,209,66,0,0,66.000,398.20
1626109,1355772,243880,1624,167,66,0,0,66.000,324.30
1626109,722111,412935,33384,167,66,0,0,66.000,324.30
1626109,525245,520086,1791,167,66,0,0,66.000,324.30
1626109,301062,1391584,28593,167,66,0,0,66.000,324.30
1626109,509609,1617893,13386,209,66,0,0,66.000,324.30
1626109,352631,700249,3691,208,66,0,0,66.000,324.30
1626109,1038172,487664,22002,166,66,0,0,66.000,324.30
1626109,1280732,437341,60419,167,66,0,0,66.000,324.30
1626109,921469,1164506,14679,333,66,0,0,66.000,324.30
1626109,552991,1252544,2054,334,66,0,0,66.000,324.30
1626109,1505892,324744,14700,167,66,0,0,66.000,324.30
1626109,935889,1280380,3222,208,66,0,0,66.000,324.30
1626109,674519,840451,19133,333,66,0,0,66.000,324.30
1626109,305397,109279,38729,167,66,0,0,66.000,324.30
1626109,380267,1112881,8216,125,66,0,0,66.000,324.30
1626109,637657,62961,1129,166,66,0,0,66.000,324.30
1626109,470387,1076232,10399,208,66,0,0,66.000,324.30
1626109,510888,1055440,16546,166,66,0,0,66.000,324.30
1626109,223855,1590602,2499,167,66,0,0,66.000,324.30
1626109,1371744,111789,67470,208,66,0,0,66.000,324.30
1626431,1417928,1224472,12532,208,66,0,0,66.000,421.03
1626431,671308,1419908,5822,208,66,0,0,66.000,421.03
1626431,1032886,979058,31675,250,66,0,0,66.000,421.03
1626431,618757,164845,6008,208,66,0,0,66.000,421.03
1626431,969435,634949,47545,167,66,0,0,66.000,421.03
1626431,1241147,494031,41453,250,66,0,0,66.000,421.03
1626431,489106,966460,11284,208,66,0,0,66.000,421.03
1626431,379184,891116,4204,375,66,0,0,66.000,421.03
1626431,379358,59288,761,417,66,0,0,66.000,421.03
1626431,1475696,919553,50757,250,66,0,0,66.000,421.03
1626431,1185395,1093773,3053,208,66,0,0,66.000,421.03
1626431,1292941,294916,25911,250,66,0,0,66.000,421.03
1626431,1587608,600324,5372,208,66,0,0,66.000,421.03
1626431,262975,881858,20516,208,66,0,0,66.000,421.03
1626431,1016619,417118,46032,250,66,0,0,66.000,421.03
1626431,1613149,443629,10001,167,66,0,0,66.000,421.03
1626431,1356614,859589,45714,209,66,0,0,66.000,421.03
1626431,626495,555745,26738,208,66,0,0,66.000,421.03
1626431,1165618,1550659,7232,250,66,0,0,66.000,421.03
1626431,422731,174384,2337,208,66,0,0,66.000,421.03
1626701,127318,904588,681,209,66,0,0,66.000,301.56
1626701,1529543,543515,25967,208,66,0,0,66.000,301.56
1626701,1357856,722876,799,209,66,0,0,66.000,301.56
1626701,894792,1405848,9973,209,66,0,0,66.000,301.56
1626701,173481,61347,78942,208,66,0,0,66.000,301.56
1626701,1240629,1558034,20787,167,66,0,0,66.000,301.56
1626701,357347,701935,11101,167,66,0,0,66.000,301.56
1626701,1453220,1273725,39423,167,66,0,0,66.000,301.56
1626701,1293246,1406038,13727,167,66,0,0,66.000,301.56
1626701,462260,1423874,24400,167,66,0,0,66.000,301.56
1626701,506419,238136,7535,209,66,0,0,66.000,301.56
1626701,1299543,1294917,4214,166,66,0,0,66.000,301.56
1626701,601813,589536,10457,291,66,0,0,66.000,301.56
1626701,1616575,1094220,12986,167,66,0,0,66.000,301.56
1626701,1396306,1254607,6187,166,66,0,0,66.000,301.56
1626701,507949,911487,20734,167,66,0,0,66.000,301.56
1626701,1384896,1002687,17994,167,66,0,0,66.000,301.56
1626701,1245358,1099273,66620,209,66,0,0,66.000,301.56
1626701,958684,533723,21656,167,66,0,0,66.000,301.56
1626701,827409,1280189,2126,209,66,0,0,66.000,301.56
1630927,1465815,134983,48528,167,66,0,0,66.000,297.42
1630927,426237,815168,3924,208,66,0,0,66.000,297.42
1630927,325131,389724,5134,208,66,0,0,66.000,297.42
1630927,475251,1550369,7559,209,66,0,0,66.000,297.42
1630927,1313033,17989,25899,375,66,0,0,66.000,297.42
1630927,274714,601389,2530,167,66,0,0,66.000,297.42
1630927,1014202,378313,8869,208,66,0,0,66.000,297.42
1630927,570296,989823,36898,209,66,0,0,66.000,297.42
1630927,420602,416720,7882,167,66,0,0,66.000,297.42
1630927,1415249,1396223,22389,208,66,0,0,66.000,297.42
1630927,466300,119982,11534,166,66,0,0,66.000,297.42
1630927,745125,262980,6287,167,66,0,0,66.000,297.42
1630927,427038,804775,7896,167,66,0,0,66.000,297.42
1630927,462847,279680,47449,333,66,0,0,66.000,297.42
1630927,566518,1198199,16270,209,66,0,0,66.000,297.42
1630927,1250256,211387,1582,208,66,0,0,66.000,297.42
1630927,222078,652411,11950,208,66,0,0,66.000,297.42
1630927,1223836,1206464,45024,333,66,0,0,66.000,297.42
1630927,691069,344966,96,167,66,0,0,66.000,297.42
1630927,693406,106586,6982,209,66,0,0,66.000,297.42
1632571,1458704,1071665,2879,208,66,0,0,66.000,252.42
1632571,1452010,11672,220,250,66,0,0,66.000,252.42
1632571,638745,1265595,212,166,66,0,0,66.000,252.42
1632571,536002,25465,10984,250,66,0,0,66.000,252.42
1632571,631094,962473,29748,166,66,0,0,66.000,252.42
1632571,1118429,363216,6992,250,66,0,0,66.000,252.42
1632571,1353701,1260153,456,208,66,0,0,66.000,252.42
1632571,1543476,225448,15785,250,66,0,0,66.000,252.42
1632571,1229360,1222391,48031,250,66,0,0,66.000,252.42
1632571,159492,932396,24099,208,66,0,0,66.000,252.42
1632571,1246553,813699,2163,226,66,0,0,66.000,252.42
1632571,1320445,1413952,12335,392,66,0,0,66.000,252.42
1632571,1051452,690496,9936,208,66,0,0,66.000,252.42
1632571,1441300,913060,2894,209,66,0,0,66.000,252.42
1632571,1617124,1345851,5751,208,66,0,0,66.000,252.42
1632571,72589,897299,13194,167,66,0,0,66.000,252.42
1632571,425097,166128,1603,208,66,0,0,66.000,252.42
1632571,1022070,1010358,42203,416,66,0,0,66.000,252.42
1632571,1097100,766791,9017,185,66,0,0,66.000,252.42
1632571,1011573,1129460,3046,250,66,0,0,66.000,252.42
1634141,234812,1413013,32246,209,66,0,0,66.000,453.03
1634141,1288758,345316,6566,167,66,0,0,66.000,453.03
1634141,1228879,543408,57893,209,66,0,0,66.000,453.03
1634141,925319,801398,118,209,66,0,0,66.000,453.03
1634141,1623830,194783,21255,208,66,0,0,66.000,453.03
1634141,150238,1223852,30040,167,66,0,0,66.000,453.03
1634141,1421128,794627,11394,250,66,0,0,66.000,453.03
1634141,315467,465299,5407,208,66,0,0,66.000,453.03
1634141,1559078,161654,21164,209,66,0,0,66.000,453.03
1634141,1248024,629353,1518,208,66,0,0,66.000,453.03
1634141,612154,523767,5786,166,66,0,0,66.000,453.03
1634141,220002,182355,52387,208,66,0,0,66.000,453.03
1634141,395041,707991,19949,208,66,0,0,66.000,453.03
1634141,1352106,814869,21065,209,66,0,0,66.000,453.03
1634141,1569443,1011019,6999,209,66,0,0,66.000,453.03
1634141,1524397,1249787,17047,208,66,0,0,66.000,453.03
1634141,1146905,961324,83940,334,66,0,0,66.000,453.03
1634141,919655,221081,15401,167,66,0,0,66.000,453.03
1634141,1221088,1176519,15756,208,66,0,0,66.000,453.03
1634141,1103669,1174866,8470,208,66,0,0,66.000,453.03
1636049,724008,1556455,206,416,66,0,0,66.000,149.21
1636049,1613173,1283709,878,250,66,0,0,66.000,149.21
1636049,1006777,1190916,6786,209,66,0,0,66.000,149.21
1636049,694737,1191903,6732,209,66,0,0,66.000,149.21
1636049,494734,1536355,692,208,66,0,0,66.000,149.21
1636049,368025,34329,918,208,66,0,0,66.000,149.21
1636049,130369,717726,2876,208,66,0,0,66.000,149.21
1636049,1462748,1492004,6203,250,66,0,0,66.000,149.21
1636049,110213,1549803,445,208,66,0,0,66.000,149.21
1636049,1635959,1090452,4130,250,66,0,0,66.000,149.21
1636049,846101,863783,42296,208,66,0,0,66.000,149.21
1636049,884480,759695,6844,209,66,0,0,66.000,149.21
1636049,1502964,733005,704,250,66,0,0,66.000,149.21
1636049,375709,855613,17722,209,66,0,0,66.000,149.21
1636049,964512,1047542,1798,209,66,0,0,66.000,149.21
1636049,1285345,35665,22071,208,66,0,0,66.000,149.21
1636049,1351933,1414428,2713,208,66,0,0,66.000,149.21
1636049,1587395,458758,4613,208,66,0,0,66.000,149.21
1636049,1350633,1076614,10271,208,66,0,0,66.000,149.21
1636049,480476,68693,670,250,66,0,0,66.000,149.21
1637371,1094771,1604005,4809,208,66,0,0,66.000,216.23
1637371,520943,864597,7119,208,66,0,0,66.000,216.23
1637371,477559,1584099,214,208,66,0,0,66.000,216.23
1637371,1066728,872606,2543,375,66,0,0,66.000,216.23
1637371,1528504,1307949,6437,208,66,0,0,66.000,216.23
1637371,846409,67511,16134,208,66,0,0,66.000,216.23
1637371,1063595,958152,25404,209,66,0,0,66.000,216.23
1637371,260137,623957,16790,166,66,0,0,66.000,216.23
1637371,268806,667761,1618,208,66,0,0,66.000,216.23
1637371,619061,119803,981,250,66,0,0,66.000,216.23
1637371,808212,1452011,4653,167,66,0,0,66.000,216.23
1637371,1366240,1589620,22329,351,66,0,0,66.000,216.23
1637371,1620983,593531,10991,209,66,0,0,66.000,216.23
1637371,59905,800671,12771,166,66,0,0,66.000,216.23
1637371,1532564,1147672,222,209,66,0,0,66.000,216.23
1637371,1000876,395629,3328,166,66,0,0,66.000,216.23
1637371,968202,1536112,38800,250,66,0,0,66.000,216.23
1637371,1118189,654622,20523,208,66,0,0,66.000,216.23
1637371,1044629,52073,17753,333,66,0,0,66.000,216.23
1637371,369452,121654,14564,167,66,0,0,66.000,216.23
1639789,226319,255570,11646,208,66,0,0,66.000,145.35
1639789,833760,837655,3445,167,66,0,0,66.000,145.35
1639789,1564003,442456,6425,167,66,0,0,66.000,145.35
1639789,694823,1442388,6781,167,66,0,0,66.000,145.35
1639789,97521,391220,84,333,66,0,0,66.000,145.35
1639789,973551,929979,1422,209,66,0,0,66.000,145.35
1639789,1568086,690800,6322,209,66,0,0,66.000,145.35
1639789,39378,1594557,23097,208,66,0,0,66.000,145.35
1639789,1385918,717714,1754,416,66,0,0,66.000,145.35
1639789,314049,788871,4022,292,66,0,0,66.000,145.35
1639789,1091001,556737,1052,208,66,0,0,66.000,145.35
1639789,397144,58787,5459,208,66,0,0,66.000,145.35
1639789,957204,265445,8308,167,66,0,0,66.000,145.35
1639789,1287182,986823,23866,208,66,0,0,66.000,145.35
1639789,680816,1444750,4066,208,66,0,0,66.000,145.35
1639789,720850,705425,2659,209,66,0,0,66.000,145.35
1639789,29628,329217,13993,209,66,0,0,66.000,145.35
1639789,1397052,644474,8774,250,66,0,0,66.000,145.35
1639789,1490590,1359764,8428,250,66,0,0,66.000,145.35
1639789,1427889,909815,2766,250,66,0,0,66.000,145.35
1640609,1381796,1178024,9306,209,66,0,0,66.000,135.07
1640609,1417661,38504,505,166,66,0,0,66.000,135.07
1640609,746999,33021,4235,167,66,0,0,66.000,135.07
1640609,1108574,1140995,1964,167,66,0,0,66.000,135.07
1640609,367156,1377377,2760,209,66,0,0,66.000,135.07
1640609,1351545,29486,18161,166,66,0,0,66.000,135.07
1640609,1101338,1540638,15576,167,66,0,0,66.000,135.07
1640609,500604,1192457,9707,209,66,0,0,66.000,135.07
1640609,727567,67912,2704,167,66,0,0,66.000,135.07
1640609,1411606,50156,4179,167,66,0,0,66.000,135.07
1640609,361506,715646,19225,166,66,0,0,66.000,135.07
1640609,395974,868608,23603,333,66,0,0,66.000,135.07
1640609,308620,1475659,6183,334,66,0,0,66.000,135.07
1640609,1540750,136146,446,167,66,0,0,66.000,135.07
1640609,944699,349179,9024,166,66,0,0,66.000,135.07
1640609,834289,1385884,777,208,66,0,0,66.000,135.07
1640609,945092,419332,16551,208,66,0,0,66.000,135.07
1640609,1112025,496014,984,166,66,0,0,66.000,135.07
1640609,680574,1304169,253,208,66,0,0,66.000,135.07
1640609,518982,783586,13911,333,66,0,0,66.000,135.07
1640633,878663,538785,7443,208,66,0,0,66.000,208.20
1640633,1443295,559289,6416,208,66,0,0,66.000,208.20
1640633,316409,1400298,14915,250,66,0,0,66.000,208.20
1640633,1079552,61931,30495,208,66,0,0,66.000,208.20
1640633,746471,982416,12891,417,66,0,0,66.000,208.20
1640633,1476661,903506,12882,250,66,0,0,66.000,208.20
1640633,1504081,1513796,17,208,66,0,0,66.000,208.20
1640633,265250,1006138,1543,208,66,0,0,66.000,208.20
1640633,1062563,411777,1925,250,66,0,0,66.000,208.20
1640633,1183851,251967,929,250,66,0,0,66.000,208.20
1640633,1297179,904668,11373,208,66,0,0,66.000,208.20
1640633,1553518,276402,14197,250,66,0,0,66.000,208.20
1640633,744595,810010,1890,209,66,0,0,66.000,208.20
1640633,1376892,1061455,11360,209,66,0,0,66.000,208.20
1640633,922558,1282564,1110,250,66,0,0,66.000,208.20
1640633,284163,1247441,15058,250,66,0,0,66.000,208.20
1640633,1263696,81874,23269,208,66,0,0,66.000,208.20
1640633,1584619,1398719,1852,375,66,0,0,66.000,208.20
1640633,881919,932523,8907,250,66,0,0,66.000,208.20
1640633,788662,371357,15059,209,66,0,0,66.000,208.20
1641089,595695,432944,15205,167,66,0,0,66.000,399.73
1641089,195752,372178,31597,166,66,0,0,66.000,399.73
1641089,1605533,1497439,3856,208,66,0,0,66.000,399.73
1641089,76507,877405,72988,208,66,0,0,66.000,399.73
1641089,1084218,123917,5186,166,66,0,0,66.000,399.73
1641089,506801,602975,12549,167,66,0,0,66.000,399.73
1641089,1077346,799499,25037,208,66,0,0,66.000,399.73
1641089,190914,574846,19860,167,66,0,0,66.000,399.73
1641089,1307858,1286151,10085,167,66,0,0,66.000,399.73
1641089,351702,690481,138687,208,66,0,0,66.000,399.73
1641089,248928,661372,3095,167,66,0,0,66.000,399.73
1641089,1022248,1240871,18609,167,66,0,0,66.000,399.73
1641089,989493,151180,11736,209,66,0,0,66.000,399.73
1641089,1264355,409601,52709,166,66,0,0,66.000,399.73
1641089,980020,818631,8189,167,66,0,0,66.000,399.73
1641089,790696,770555,13717,167,66,0,0,66.000,399.73
1641089,392825,169424,10965,167,66,0,0,66.000,399.73
1641089,1345814,1467765,1844,209,66,0,0,66.000,399.73
1641089,1365485,1178888,32507,166,66,0,0,66.000,399.73
1641089,18099,359128,10735,208,66,0,0,66.000,399.73
1641659,292585,964113,14039,208,66,0,0,66.000,299.47
1641659,734863,188424,942,250,66,0,0,66.000,299.47
1641659,1196725,477971,11108,167,66,0,0,66.000,299.47
1641659,824876,580031,45678,375,66,0,0,66.000,299.47
1641659,371094,307340,20050,166,66,0,0,66.000,299.47
1641659,1280203,943085,3040,208,66,0,0,66.000,299.47
1641659,964947,773189,46767,167,66,0,0,66.000,299.47
1641659,643381,12120,26060,167,66,0,0,66.000,299.47
1641659,479529,584534,2910,167,66,0,0,66.000,299.47
1641659,1236887,37716,28998,166,66,0,0,66.000,299.47
1641659,117788,850803,14724,209,66,0,0,66.000,299.47
1641659,1216853,691143,3750,208,66,0,0,66.000,299.47
1641659,513302,1191844,12616,208,66,0,0,66.000,299.47
1641659,1216144,252273,1652,208,66,0,0,66.000,299.47
1641659,1412483,928297,34873,167,66,0,0,66.000,299.47
1641659,251456,1427450,19743,209,66,0,0,66.000,299.47
1641659,726784,784245,1173,208,66,0,0,66.000,299.47
1641659,145143,1178578,11054,375,66,0,0,66.000,299.47
1641659,159784,1195884,5535,167,66,0,0,66.000,299.47
1641659,828932,1273214,3876,166,66,0,0,66.000,299.47
1641863,912783,309106,2609,167,66,0,0,66.000,272.16
1641863,1090160,838113,20818,292,66,0,0,66.000,272.16
1641863,362273,1346820,25868,209,66,0,0,66.000,272.16
1641863,14579,1149075,17579,167,66,0,0,66.000,272.16
1641863,1186415,935958,9518,208,66,0,0,66.000,272.16
1641863,1166813,1576720,13743,208,66,0,0,66.000,272.16
1641863,723322,168032,34504,166,66,0,0,66.000,272.16
1641863,882511,700391,40883,375,66,0,0,66.000,272.16
1641863,289218,1029319,20656,208,66,0,0,66.000,272.16
1641863,372404,453975,8667,209,66,0,0,66.000,272.16
1641863,1229334,501608,2064,209,66,0,0,66.000,272.16
1641863,514322,1139233,1865,209,66,0,0,66.000,272.16
1641863,1010450,375883,2237,208,66,0,0,66.000,272.16
1641863,461656,1165297,19433,250,66,0,0,66.000,272.16
1641863,1066937,199501,1111,209,66,0,0,66.000,272.16
1641863,158110,436315,3879,208,66,0,0,66.000,272.16
1641863,949386,331857,6043,352,66,0,0,66.000,272.16
1641863,834371,1564656,6931,250,66,0,0,66.000,272.16
1641863,894824,1342432,3018,208,66,0,0,66.000,272.16
1641863,749968,64910,27566,250,66,0,0,66.000,272.16
1642517,194720,1111478,23796,167,66,0,0,66.000,329.85
1642517,990754,1413356,9935,208,66,0,0,66.000,329.85
1642517,937418,515799,13582,208,66,0,0,66.000,329.85
1642517,723260,1382827,37521,167,66,0,0,66.000,329.85
1642517,498548,1001744,12483,166,66,0,0,66.000,329.85
1642517,238989,1230185,34710,167,66,0,0,66.000,329.85
1642517,483039,413698,11265,208,66,0,0,66.000,329.85
1642517,303786,1322791,5237,208,66,0,0,66.000,329.85
1642517,1182584,735734,14727,292,66,0,0,66.000,329.85
1642517,312630,176669,11481,167,66,0,0,66.000,329.85
1642517,987727,868690,54956,209,66,0,0,66.000,329.85
1642517,1294694,1167533,19870,334,66,0,0,66.000,329.85
1642517,271371,1399572,46807,209,66,0,0,66.000,329.85
1642517,1213035,1214594,7429,208,66,0,0,66.000,329.85
1642517,1198641,569786,6380,167,66,0,0,66.000,329.85
1642517,1320904,1445763,18015,166,66,0,0,66.000,329.85
1642517,852072,1566015,14179,167,66,0,0,66.000,329.85
1642517,392738,1440860,19833,209,66,0,0,66.000,329.85
1642517,1589266,1317389,13428,208,66,0,0,66.000,329.85
1642517,1438170,475500,21573,167,66,0,0,66.000,329.85
1643959,715387,183873,2106,208,66,0,0,66.000,290.87
1643959,1014179,321251,3718,375,66,0,0,66.000,290.87
1643959,1150920,105134,119,208,66,0,0,66.000,290.87
1643959,461673,449754,23402,208,66,0,0,66.000,290.87
1643959,1144764,1198591,5429,459,66,0,0,66.000,290.87
1643959,1487232,204935,6921,208,66,0,0,66.000,290.87
1643959,1193497,1560124,1907,166,66,0,0,66.000,290.87
1643959,266291,1302864,3879,166,66,0,0,66.000,290.87
1643959,1430233,1319283,1940,208,66,0,0,66.000,290.87
1643959,487000,102823,44500,250,66,0,0,66.000,290.87
1643959,1134200,50871,9283,209,66,0,0,66.000,290.87
1643959,1633149,571607,29396,208,66,0,0,66.000,290.87
1643959,230276,1212918,62668,167,66,0,0,66.000,290.87
1643959,264474,1184247,4855,166,66,0,0,66.000,290.87
1643959,1641814,776910,23983,375,66,0,0,66.000,290.87
1643959,1016173,234719,39297,208,66,0,0,66.000,290.87
1643959,1381137,813263,1830,209,66,0,0,66.000,290.87
1643959,39382,223602,21065,166,66,0,0,66.000,290.87
1643959,1643554,301556,12840,167,66,0,0,66.000,290.87
1643959,404230,1189197,10545,166,66,0,0,66.000,290.87
1645543,1184562,543557,37242,209,66,0,0,66.000,282.29
1645543,1425082,474260,46219,209,66,0,0,66.000,282.29
1645543,1419408,476092,3799,208,66,0,0,66.000,282.29
1645543,230394,664549,18091,209,66,0,0,66.000,282.29
1645543,933117,587991,4521,167,66,0,0,66.000,282.29
1645543,1293044,433538,6563,333,66,0,0,66.000,282.29
1645543,579741,201384,10755,167,66,0,0,66.000,282.29
1645543,919172,704954,19005,166,66,0,0,66.000,282.29
1645543,702483,53868,32926,167,66,0,0,66.000,282.29
1645543,358454,1388542,9586,208,66,0,0,66.000,282.29
1645543,880171,486074,23557,167,66,0,0,66.000,282.29
1645543,1531014,1609100,5996,209,66,0,0,66.000,282.29
1645543,267074,15699,32627,208,66,0,0,66.000,282.29
1645543,250402,6439,15990,166,66,0,0,66.000,282.29
1645543,598703,684401,21915,167,66,0,0,66.000,282.29
1645543,14802,1159120,14514,167,66,0,0,66.000,282.29
1645543,1039441,983894,4158,208,66,0,0,66.000,282.29
1645543,1396784,283458,12159,167,66,0,0,66.000,282.29
1645543,138234,633190,2197,167,66,0,0,66.000,282.29
1645543,1089978,1546217,3161,209,66,0,0,66.000,282.29
1650167,551178,1626103,10532,208,66,0,0,66.000,152.77
1650167,1508783,442277,1517,250,66,0,0,66.000,152.77
1650167,305862,521094,2742,250,66,0,0,66.000,152.77
1650167,442927,1051826,732,209,66,0,0,66.000,152.77
1650167,1369120,1347663,10638,250,66,0,0,66.000,152.77
1650167,1312078,1255987,13076,250,66,0,0,66.000,152.77
1650167,801134,671188,1937,417,66,0,0,66.000,152.77
1650167,1372581,194770,10146,250,66,0,0,66.000,152.77
1650167,1188781,1459160,15596,208,66,0,0,66.000,152.77
1650167,940663,237977,3192,208,66,0,0,66.000,152.77
1650167,267512,1635893,2557,208,66,0,0,66.000,152.77
1650167,1135111,510171,4875,250,66,0,0,66.000,152.77
1650167,280563,414879,726,208,66,0,0,66.000,152.77
1650167,1501211,583340,2448,250,66,0,0,66.000,152.77
1650167,538887,1499367,1760,208,66,0,0,66.000,152.77
1650167,220298,445234,16377,167,66,0,0,66.000,152.77
1650167,1025132,1445239,7089,209,66,0,0,66.000,152.77
1650167,1291904,1358662,21359,250,66,0,0,66.000,152.77
1650167,1527490,5145,11357,208,66,0,0,66.000,152.77
1650167,1358540,402276,3161,375,66,0,0,66.000,152.77
1650743,767615,1272709,8725,208,66,0,0,66.000,232.67
1650743,290746,608557,17534,250,66,0,0,66.000,232.67
1650743,1625290,1438703,984,250,66,0,0,66.000,232.67
1650743,744569,947717,2978,250,66,0,0,66.000,232.67
1650743,902898,1377379,15636,209,66,0,0,66.000,232.67
1650743,866198,1343722,13431,209,66,0,0,66.000,232.67
1650743,193657,620096,40205,208,66,0,0,66.000,232.67
1650743,1102192,505961,9146,416,66,0,0,66.000,232.67
1650743,233787,180396,7824,291,66,0,0,66.000,232.67
1650743,1325121,1640935,10796,250,66,0,0,66.000,232.67
1650743,1169333,285137,2292,209,66,0,0,66.000,232.67
1650743,1070548,1354468,18729,250,66,0,0,66.000,232.67
1650743,1326566,513427,13005,209,66,0,0,66.000,232.67
1650743,1091755,1266988,6875,250,66,0,0,66.000,232.67
1650743,1107272,645502,16730,417,66,0,0,66.000,232.67
1650743,1324109,470805,2124,291,66,0,0,66.000,232.67
1650743,1632369,1645110,3649,250,66,0,0,66.000,232.67
1650743,520549,523557,5016,208,66,0,0,66.000,232.67
1650743,934727,665511,7319,250,66,0,0,66.000,232.67
1650743,1190800,1303076,11769,250,66,0,0,66.000,232.67
1652377,579283,1395362,2113,209,66,0,0,66.000,126.64
1652377,294222,500378,5030,167,66,0,0,66.000,126.64
1652377,459955,153699,4935,167,66,0,0,66.000,126.64
1652377,945000,204303,3277,167,66,0,0,66.000,126.64
1652377,992849,1462817,7043,333,66,0,0,66.000,126.64
1652377,738742,374315,18862,208,66,0,0,66.000,126.64
1652377,66481,840610,5029,375,66,0,0,66.000,126.64
1652377,236392,588494,12127,167,66,0,0,66.000,126.64
1652377,319114,1471771,1837,167,66,0,0,66.000,126.64
1652377,444917,785634,4904,209,66,0,0,66.000,126.64
1652377,852042,1230344,3215,208,66,0,0,66.000,126.64
1652377,1485643,919490,4980,209,66,0,0,66.000,126.64
1652377,987704,1160465,5783,167,66,0,0,66.000,126.64
1652377,1587193,1026429,3613,167,66,0,0,66.000,126.64
1652377,1136037,1082163,7792,209,66,0,0,66.000,126.64
1652377,151940,195448,16464,166,66,0,0,66.000,126.64
1652377,435613,735936,14997,166,66,0,0,66.000,126.64
1652377,1565521,190303,6234,166,66,0,0,66.000,126.64
1652377,966138,1628322,3450,166,66,0,0,66.000,126.64
1652377,545874,884999,9420,167,66,0,0,66.000,126.64
1653181,936565,407008,13464,208,66,0,0,66.000,284.56
1653181,1231908,461559,25672,208,66,0,0,66.000,284.56
1653181,1192636,1116972,34580,209,66,0,0,66.000,284.56
1653181,1415200,150285,1068,250,66,0,0,66.000,284.56
1653181,1379439,537124,25121,209,66,0,0,66.000,284.56
1653181,728536,371412,12513,209,66,0,0,66.000,284.56
1653181,533917,64436,11570,208,66,0,0,66.000,284.56
1653181,1110804,1321818,188,375,66,0,0,66.000,284.56
1653181,478728,1299194,32437,208,66,0,0,66.000,284.56
1653181,1054544,1443433,19774,250,66,0,0,66.000,284.56
1653181,1252130,520342,3999,208,66,0,0,66.000,284.56
1653181,1494236,1542296,3896,250,66,0,0,66.000,284.56
1653181,599450,1002052,16964,208,66,0,0,66.000,284.56
1653181,546517,1386098,287,209,66,0,0,66.000,284.56
1653181,445357,58557,1791,250,66,0,0,66.000,284.56
1653181,256079,567088,16393,208,66,0,0,66.000,284.56
1653181,1616697,22956,1188,209,66,0,0,66.000,284.56
1653181,255597,1002564,29185,209,66,0,0,66.000,284.56
1653181,854706,426145,4287,208,66,0,0,66.000,284.56
1653181,988003,899489,15389,250,66,0,0,66.000,284.56
1653689,872884,107283,6697,208,66,0,0,66.000,120.22
1653689,1014947,1344015,9584,208,66,0,0,66.000,120.22
1653689,696726,1630078,2712,209,66,0,0,66.000,120.22
1653689,679432,42095,4117,208,66,0,0,66.000,120.22
1653689,740964,935241,4183,167,66,0,0,66.000,120.22
1653689,241817,1069739,12800,375,66,0,0,66.000,120.22
1653689,410865,802025,945,208,66,0,0,66.000,120.22
1653689,550825,468787,5300,208,66,0,0,66.000,120.22
1653689,1181708,709092,844,208,66,0,0,66.000,120.22
1653689,416891,661122,2143,166,66,0,0,66.000,120.22
1653689,1285419,1375482,2656,166,66,0,0,66.000,120.22
1653689,915890,157509,14849,167,66,0,0,66.000,120.22
1653689,98635,806839,595,167,66,0,0,66.000,120.22
1653689,703818,507811,12007,209,66,0,0,66.000,120.22
1653689,1065059,117665,2287,167,66,0,0,66.000,120.22
1653689,1648269,162250,3707,375,66,0,0,66.000,120.22
1653689,519623,800544,7842,250,66,0,0,66.000,120.22
1653689,14988,1248805,3030,167,66,0,0,66.000,120.22
1653689,1634164,860816,2967,208,66,0,0,66.000,120.22
1653689,1538723,1397380,22824,208,66,0,0,66.000,120.22
1654111,484406,1211502,17243,167,66,0,0,66.000,493.09
1654111,453140,657463,11795,166,66,0,0,66.000,493.09
1654111,1402820,1074771,15320,208,66,0,0,66.000,493.09
1654111,584556,873686,19984,166,66,0,0,66.000,493.09
1654111,63733,1608629,45098,167,66,0,0,66.000,493.09
1654111,1222993,1617776,8467,208,66,0,0,66.000,493.09
1654111,1316813,907494,22169,167,66,0,0,66.000,493.09
1654111,146000,832906,33978,208,66,0,0,66.000,493.09
1654111,1078713,1588208,69074,166,66,0,0,66.000,493.09
1654111,1624939,1605912,16311,167,66,0,0,66.000,493.09
1654111,753570,349657,13835,167,66,0,0,66.000,493.09
1654111,124320,1468287,40325,166,66,0,0,66.000,493.09
1654111,1459,733372,47341,166,66,0,0,66.000,493.09
1654111,330741,267180,50068,167,66,0,0,66.000,493.09
1654111,1604581,1590867,31670,167,66,0,0,66.000,493.09
1654111,1434255,256759,19454,208,66,0,0,66.000,493.09
1654111,1280233,369715,25987,208,66,0,0,66.000,493.09
1654111,56266,133983,10440,167,66,0,0,66.000,493.09
1654111,1397619,1604167,68181,209,66,0,0,66.000,493.09
1654111,692873,1382983,37099,166,66,0,0,66.000,493.09
1654663,491732,1364419,302,167,66,0,0,66.000,309.84
1654663,1394076,819535,16056,166,66,0,0,66.000,309.84
1654663,1621522,50096,23880,208,66,0,0,66.000,309.84
1654663,366704,434604,13741,166,66,0,0,66.000,309.84
1654663,765957,308729,63671,167,66,0,0,66.000,309.84
1654663,1348294,579297,19755,209,66,0,0,66.000,309.84
1654663,1131581,932460,1064,166,66,0,0,66.000,309.84
1654663,1355033,329588,14519,166,66,0,0,66.000,309.84
1654663,1115298,987171,7345,208,66,0,0,66.000,309.84
1654663,241808,580502,35566,208,66,0,0,66.000,309.84
1654663,783982,401149,5253,166,66,0,0,66.000,309.84
1654663,18345,707755,4711,208,66,0,0,66.000,309.84
1654663,1545591,147042,17526,209,66,0,0,66.000,309.84
1654663,604781,1600421,9304,166,66,0,0,66.000,309.84
1654663,448679,1065291,16012,208,66,0,0,66.000,309.84
1654663,1356575,306429,16647,208,66,0,0,66.000,309.84
1654663,464586,735249,273,167,66,0,0,66.000,309.84
1654663,476769,1640044,21132,166,66,0,0,66.000,309.84
1654663,1224139,200983,22482,167,66,0,0,66.000,309.84
1654663,209431,1600873,71009,167,66,0,0,66.000,309.84
1655947,706786,478428,6415,209,66,0,0,66.000,253.80
1655947,408984,235325,10161,166,66,0,0,66.000,253.80
1655947,833773,1071858,12166,166,66,0,0,66.000,253.80
1655947,1623569,375233,2921,166,66,0,0,66.000,253.80
1655947,938716,267775,9161,208,66,0,0,66.000,253.80
1655947,1059026,726785,25620,166,66,0,0,66.000,253.80
1655947,861083,1389433,1143,208,66,0,0,66.000,253.80
1655947,385258,674097,5282,209,66,0,0,66.000,253.80
1655947,1458412,772694,28469,167,66,0,0,66.000,253.80
1655947,789212,909847,65819,167,66,0,0,66.000,253.80
1655947,1300251,1177752,2420,375,66,0,0,66.000,253.80
1655947,769552,1234901,1519,167,66,0,0,66.000,253.80
1655947,1155435,361563,7962,208,66,0,0,66.000,253.80
1655947,509711,1453446,18456,208,66,0,0,66.000,253.80
1655947,1586007,910483,10436,209,66,0,0,66.000,253.80
1655947,477485,659203,25575,167,66,0,0,66.000,253.80
1655947,1190345,1195246,35986,167,66,0,0,66.000,253.80
1655947,224103,1626072,19058,292,66,0,0,66.000,253.80
1655947,9084,1527500,11576,209,66,0,0,66.000,253.80
1655947,225277,1217458,3313,208,66,0,0,66.000,253.80
1657939,842092,672684,9469,334,66,0,0,66.000,98.99
1657939,828280,496667,13111,167,66,0,0,66.000,98.99
1657939,38461,900066,840,167,66,0,0,66.000,98.99
1657939,1619540,783481,2115,166,66,0,0,66.000,98.99
1657939,639629,467929,9128,208,66,0,0,66.000,98.99
1657939,67230,1564053,878,208,66,0,0,66.000,98.99
1657939,544941,1410077,25978,167,66,0,0,66.000,98.99
1657939,848428,1136597,208,166,66,0,0,66.000,98.99
1657939,645832,1406744,633,166,66,0,0,66.000,98.99
1657939,115429,398827,1813,208,66,0,0,66.000,98.99
1657939,672760,293221,19695,208,66,0,0,66.000,98.99
1657939,197040,25358,1419,167,66,0,0,66.000,98.99
1657939,1655774,1208888,1287,167,66,0,0,66.000,98.99
1657939,1655532,1237673,13298,166,66,0,0,66.000,98.99
1657939,1173794,984539,13533,334,66,0,0,66.000,98.99
1657939,762456,795764,2094,166,66,0,0,66.000,98.99
1657939,1020773,107427,4620,208,66,0,0,66.000,98.99
1657939,454880,1521308,474,167,66,0,0,66.000,98.99
1657939,353363,1244850,391,167,66,0,0,66.000,98.99
1657939,521337,21120,1330,209,66,0,0,66.000,98.99
1658309,1152948,24566,3869,167,66,0,0,66.000,308.41
1658309,1057174,36907,9127,208,66,0,0,66.000,308.41
1658309,267724,1290485,11174,208,66,0,0,66.000,308.41
1658309,613842,1409037,22144,209,66,0,0,66.000,308.41
1658309,443745,1435350,8257,167,66,0,0,66.000,308.41
1658309,1147710,1223108,83397,208,66,0,0,66.000,308.41
1658309,568257,832673,1127,209,66,0,0,66.000,308.41
1658309,1618960,740136,19784,166,66,0,0,66.000,308.41
1658309,336298,76692,23329,208,66,0,0,66.000,308.41
1658309,588089,92701,5907,166,66,0,0,66.000,308.41
1658309,251660,484528,4309,208,66,0,0,66.000,308.41
1658309,1418405,1541099,36163,167,66,0,0,66.000,308.41
1658309,1573333,688171,16403,167,66,0,0,66.000,308.41
1658309,586911,337568,5819,208,66,0,0,66.000,308.41
1658309,538042,972014,6315,167,66,0,0,66.000,308.41
1658309,1500571,1362227,35398,208,66,0,0,66.000,308.41
1658309,1412754,1029254,4773,208,66,0,0,66.000,308.41
1658309,1396485,941316,392,166,66,0,0,66.000,308.41
1658309,1345210,1044371,52088,167,66,0,0,66.000,308.41
1658309,1058334,69416,5699,167,66,0,0,66.000,308.41
1660889,504186,884087,5683,208,66,0,0,66.000,240.01
1660889,1383411,262374,32059,209,66,0,0,66.000,240.01
1660889,642233,446419,15132,208,66,0,0,66.000,240.01
1660889,662480,574742,7666,208,66,0,0,66.000,240.01
1660889,1022763,406843,25197,166,66,0,0,66.000,240.01
1660889,667689,220953,18418,208,66,0,0,66.000,240.01
1660889,843089,788368,1938,167,66,0,0,66.000,240.01
1660889,905291,713884,18809,167,66,0,0,66.000,240.01
1660889,1294973,89824,5248,209,66,0,0,66.000,240.01
1660889,1541580,1198157,5663,167,66,0,0,66.000,240.01
1660889,981777,1378813,1390,208,66,0,0,66.000,240.01
1660889,492875,25000,5031,209,66,0,0,66.000,240.01
1660889,645282,1488448,2571,167,66,0,0,66.000,240.01
1660889,753932,121270,6296,167,66,0,0,66.000,240.01
1660889,877927,1503371,15979,184,66,0,0,66.000,240.01
1660889,580636,1446958,12303,208,66,0,0,66.000,240.01
1660889,1268622,807101,2827,167,66,0,0,66.000,240.01
1660889,577524,31279,57398,208,66,0,0,66.000,240.01
1660889,768738,432714,7721,208,66,0,0,66.000,240.01
1660889,157480,732925,7476,333,66,0,0,66.000,240.01
1665173,1169447,626177,1934,208,66,0,0,66.000,255.81
1665173,788840,435444,2359,167,66,0,0,66.000,255.81
1665173,1240833,975191,21723,208,66,0,0,66.000,255.81
1665173,1200659,41315,3635,208,66,0,0,66.000,255.81
1665173,1009090,1593168,1214,250,66,0,0,66.000,255.81
1665173,1120680,1641138,11281,209,66,0,0,66.000,255.81
1665173,1244430,1098456,21430,208,66,0,0,66.000,255.81
1665173,18857,653576,4034,250,66,0,0,66.000,255.81
1665173,149677,736148,16189,208,66,0,0,66.000,255.81
1665173,1069005,678327,27623,208,66,0,0,66.000,255.81
1665173,561726,1408181,5491,208,66,0,0,66.000,255.81
1665173,1598678,739354,4716,208,66,0,0,66.000,255.81
1665173,340179,786548,17311,209,66,0,0,66.000,255.81
1665173,455009,949718,21720,250,66,0,0,66.000,255.81
1665173,236523,548971,17093,268,66,0,0,66.000,255.81
1665173,969697,1110692,519,208,66,0,0,66.000,255.81
1665173,1232514,414824,30133,250,66,0,0,66.000,255.81
1665173,563250,1403039,11522,250,66,0,0,66.000,255.81
1665173,1569716,945569,16508,208,66,0,0,66.000,255.81
1665173,1012089,899782,2313,208,66,0,0,66.000,255.81
1667473,623298,625204,10718,208,66,0,0,66.000,507.96
1667473,1150289,1243292,24272,250,66,0,0,66.000,507.96
1667473,277142,1358967,48107,208,66,0,0,66.000,507.96
1667473,1477868,1003025,21796,250,66,0,0,66.000,507.96
1667473,1231336,1152346,39227,209,66,0,0,66.000,507.96
1667473,944524,308259,19696,250,66,0,0,66.000,507.96
1667473,1255506,608218,96925,208,66,0,0,66.000,507.96
1667473,1098359,1318892,4010,250,66,0,0,66.000,507.96
1667473,1646498,582416,30653,166,66,0,0,66.000,507.96
1667473,1184733,1378630,7176,208,66,0,0,66.000,507.96
1667473,1286746,1324602,26765,208,66,0,0,66.000,507.96
1667473,420169,981628,15872,250,66,0,0,66.000,507.96
1667473,233280,624717,3815,209,66,0,0,66.000,507.96
1667473,283491,1105060,10168,167,66,0,0,66.000,507.96
1667473,683148,296135,6267,208,66,0,0,66.000,507.96
1667473,483170,268941,12980,209,66,0,0,66.000,507.96
1667473,1011482,343249,28486,208,66,0,0,66.000,507.96
1667473,1539214,162646,47911,209,66,0,0,66.000,507.96
1667473,918591,1186273,12368,208,66,0,0,66.000,507.96
1667473,286914,1153958,18120,208,66,0,0,66.000,507.96
1667663,792850,213669,21482,167,66,0,0,66.000,303.16
1667663,844465,901744,16064,250,66,0,0,66.000,303.16
1667663,814357,156415,13263,208,66,0,0,66.000,303.16
1667663,39045,1507595,49637,209,66,0,0,66.000,303.16
1667663,270991,1359542,3814,166,66,0,0,66.000,303.16
1667663,1253028,914057,17240,208,66,0,0,66.000,303.16
1667663,411875,1072079,29859,209,66,0,0,66.000,303.16
1667663,1069869,788334,1077,208,66,0,0,66.000,303.16
1667663,1150778,409381,2195,208,66,0,0,66.000,303.16
1667663,118620,471916,37278,166,66,0,0,66.000,303.16
1667663,318210,430143,2160,209,66,0,0,66.000,303.16
1667663,795132,857557,14995,208,66,0,0,66.000,303.16
1667663,1484881,434425,14390,166,66,0,0,66.000,303.16
1667663,1505373,1529149,11149,167,66,0,0,66.000,303.16
1667663,842809,455598,51220,166,66,0,0,66.000,303.16
1667663,1607639,1490942,118,208,66,0,0,66.000,303.16
1667663,242478,1212801,29065,167,66,0,0,66.000,303.16
1667663,355635,742186,3230,167,66,0,0,66.000,303.16
1667663,574127,595070,3058,167,66,0,0,66.000,303.16
1667663,1543171,513385,14017,167,66,0,0,66.000,303.16
1668299,664418,286376,3040,209,66,0,0,66.000,267.37
1668299,805387,460741,7913,250,66,0,0,66.000,267.37
1668299,1017470,1018046,2600,208,66,0,0,66.000,267.37
1668299,1621863,359333,779,208,66,0,0,66.000,267.37
1668299,1646242,1244166,10845,209,66,0,0,66.000,267.37
1668299,234406,830150,548,250,66,0,0,66.000,267.37
1668299,919057,593410,5800,250,66,0,0,66.000,267.37
1668299,1368536,669702,30281,167,66,0,0,66.000,267.37
1668299,383278,1276122,2800,250,66,0,0,66.000,267.37
1668299,461250,691044,22793,208,66,0,0,66.000,267.37
1668299,637999,947662,14834,166,66,0,0,66.000,267.37
1668299,517056,1347828,1214,208,66,0,0,66.000,267.37
1668299,1204038,1224742,30279,208,66,0,0,66.000,267.37
1668299,574797,20991,22056,208,66,0,0,66.000,267.37
1668299,495102,522491,13091,208,66,0,0,66.000,267.37
1668299,393597,703899,40345,209,66,0,0,66.000,267.37
1668299,864406,66706,639,250,66,0,0,66.000,267.37
1668299,130278,606572,13207,208,66,0,0,66.000,267.37
1668299,142592,641419,6560,209,66,0,0,66.000,267.37
1668299,853595,495690,18065,250,66,0,0,66.000,267.37
1668379,741015,1433199,9717,333,66,0,0,66.000,330.35
1668379,1524034,1306026,2790,166,66,0,0,66.000,330.35
1668379,1414956,1637869,10850,167,66,0,0,66.000,330.35
1668379,1378695,660784,24463,208,66,0,0,66.000,330.35
1668379,269110,526292,10967,167,66,0,0,66.000,330.35
1668379,26769,74791,52115,167,66,0,0,66.000,330.35
1668379,483231,447539,27680,208,66,0,0,66.000,330.35
1668379,324988,1653982,7907,208,66,0,0,66.000,330.35
1668379,1593669,201807,3288,167,66,0,0,66.000,330.35
1668379,256848,1554578,15488,334,66,0,0,66.000,330.35
1668379,1185497,1648073,19305,208,66,0,0,66.000,330.35
1668379,471444,797115,6414,209,66,0,0,66.000,330.35
1668379,686202,291139,23108,209,66,0,0,66.000,330.35
1668379,607639,966393,13820,167,66,0,0,66.000,330.35
1668379,1432559,327913,5707,375,66,0,0,66.000,330.35
1668379,118031,39060,52290,166,66,0,0,66.000,330.35
1668379,220905,1087847,2560,208,66,0,0,66.000,330.35
1668379,837324,1431129,11611,208,66,0,0,66.000,330.35
1668379,713868,514188,7307,208,66,0,0,66.000,330.35
1668379,1657447,722134,35249,208,66,0,0,66.000,330.35
1668983,880523,104790,2405,208,66,0,0,66.000,102.87
1668983,1208616,1476471,4501,167,66,0,0,66.000,102.87
1668983,1363982,649811,1339,334,66,0,0,66.000,102.87
1668983,1501526,1547539,10350,167,66,0,0,66.000,102.87
1668983,798958,1205257,13908,250,66,0,0,66.000,102.87
1668983,880781,1146890,2241,167,66,0,0,66.000,102.87
1668983,1593582,1282533,14034,208,66,0,0,66.000,102.87
1668983,699712,1129305,6132,208,66,0,0,66.000,102.87
1668983,124869,1276508,2247,209,66,0,0,66.000,102.87
1668983,1026763,1029595,1127,209,66,0,0,66.000,102.87
1668983,123396,146225,10447,166,66,0,0,66.000,102.87
1668983,940819,505255,8968,208,66,0,0,66.000,102.87
1668983,1023802,1364596,4139,209,66,0,0,66.000,102.87
1668983,569982,290283,7947,208,66,0,0,66.000,102.87
1668983,1067038,904044,2041,167,66,0,0,66.000,102.87
1668983,572466,667401,2193,208,66,0,0,66.000,102.87
1668983,521934,406129,10484,208,66,0,0,66.000,102.87
1668983,1665102,852437,756,375,66,0,0,66.000,102.87
1668983,1667542,1410076,1308,167,66,0,0,66.000,102.87
1668983,1112153,955104,610,167,66,0,0,66.000,102.87
1669541,1381255,1639265,6359,208,66,0,0,66.000,179.10
1669541,1527903,721494,309,209,66,0,0,66.000,179.10
1669541,1012340,660556,27871,209,66,0,0,66.000,179.10
1669541,55361,1210546,32354,250,66,0,0,66.000,179.10
1669541,375378,1084165,13296,208,66,0,0,66.000,179.10
1669541,219470,553018,877,167,66,0,0,66.000,179.10
1669541,1009704,1510280,16811,250,66,0,0,66.000,179.10
1669541,1194714,146468,2328,208,66,0,0,66.000,179.10
1669541,926487,1043713,2398,208,66,0,0,66.000,179.10
1669541,551731,378342,885,375,66,0,0,66.000,179.10
1669541,190588,935259,13720,375,66,0,0,66.000,179.10
1669541,792630,334787,5204,167,66,0,0,66.000,179.10
1669541,1463939,758555,2141,208,66,0,0,66.000,179.10
1669541,501144,370068,2173,208,66,0,0,66.000,179.10
1669541,1257152,88440,14298,209,66,0,0,66.000,179.10
1669541,1289490,436765,9338,166,66,0,0,66.000,179.10
1669541,1466968,1575271,7519,209,66,0,0,66.000,179.10
1669541,1190963,842814,482,250,66,0,0,66.000,179.10
1669541,661717,14463,1839,208,66,0,0,66.000,179.10
1669541,594330,1583216,11801,209,66,0,0,66.000,179.10
1671311,324734,449493,9906,208,66,0,0,66.000,225.58
1671311,1594663,1121831,15766,209,66,0,0,66.000,225.58
1671311,382134,1041830,5255,209,66,0,0,66.000,225.58
1671311,156762,195536,5267,208,66,0,0,66.000,225.58
1671311,1240148,1023062,14689,208,66,0,0,66.000,225.58
1671311,1556431,9879,1010,208,66,0,0,66.000,225.58
1671311,373859,1547398,1387,250,66,0,0,66.000,225.58
1671311,931926,1585169,810,250,66,0,0,66.000,225.58
1671311,1666731,1539905,14073,208,66,0,0,66.000,225.58
1671311,89014,1347153,15402,375,66,0,0,66.000,225.58
1671311,1417223,738221,948,208,66,0,0,66.000,225.58
1671311,1561347,1488501,4278,375,66,0,0,66.000,225.58
1671311,1167673,354600,41461,250,66,0,0,66.000,225.58
1671311,1627692,1417247,11066,250,66,0,0,66.000,225.58
1671311,1391729,773366,1612,208,66,0,0,66.000,225.58
1671311,763631,953622,10685,209,66,0,0,66.000,225.58
1671311,1073060,123451,15025,417,66,0,0,66.000,225.58
1671311,646448,1576433,18052,208,66,0,0,66.000,225.58
1671311,1475239,834043,21016,208,66,0,0,66.000,225.58
1671311,317620,501136,140,209,66,0,0,66.000,225.58
1676879,509120,1305318,4908,208,66,0,0,66.000,226.03
1676879,189109,1616163,9426,167,66,0,0,66.000,226.03
1676879,1126496,1411495,5842,166,66,0,0,66.000,226.03
1676879,441578,1230190,11995,167,66,0,0,66.000,226.03
1676879,1673849,933232,8323,166,66,0,0,66.000,226.03
1676879,549652,213366,328,208,66,0,0,66.000,226.03
1676879,867684,889850,2696,166,66,0,0,66.000,226.03
1676879,1462833,80167,41299,209,66,0,0,66.000,226.03
1676879,145255,1491652,31586,166,66,0,0,66.000,226.03
1676879,577341,623685,7369,208,66,0,0,66.000,226.03
1676879,922680,1051870,13304,166,66,0,0,66.000,226.03
1676879,1105958,443841,4613,166,66,0,0,66.000,226.03
1676879,1316996,329473,21375,167,66,0,0,66.000,226.03
1676879,654629,131532,12998,166,66,0,0,66.000,226.03
1676879,1197972,1148360,2536,208,66,0,0,66.000,226.03
1676879,113303,948386,13492,208,66,0,0,66.000,226.03
1676879,1104447,133376,61678,209,66,0,0,66.000,226.03
1676879,1133296,1632537,6560,167,66,0,0,66.000,226.03
1676879,1117268,1162682,4102,209,66,0,0,66.000,226.03
1676879,853563,268749,277,292,66,0,0,66.000,226.03
1680407,958177,1424373,85,375,66,0,0,66.000,330.85
1680407,275825,197953,1255,208,66,0,0,66.000,330.85
1680407,1508339,901012,20307,209,66,0,0,66.000,330.85
1680407,285259,1482655,11796,208,66,0,0,66.000,330.85
1680407,170680,262539,12421,250,66,0,0,66.000,330.85
1680407,703891,54331,1630,167,66,0,0,66.000,330.85
1680407,144619,603559,1998,375,66,0,0,66.000,330.85
1680407,848106,1469148,2179,208,66,0,0,66.000,330.85
1680407,552870,304858,5859,334,66,0,0,66.000,330.85
1680407,15912,314910,28558,209,66,0,0,66.000,330.85
1680407,435901,1522106,36818,208,66,0,0,66.000,330.85
1680407,1373614,995762,2140,375,66,0,0,66.000,330.85
1680407,1248914,726388,36774,208,66,0,0,66.000,330.85
1680407,909999,1136473,12585,208,66,0,0,66.000,330.85
1680407,786233,3581,6147,375,66,0,0,66.000,330.85
1680407,556946,1542380,43306,208,66,0,0,66.000,330.85
1680407,168139,618890,28699,209,66,0,0,66.000,330.85
1680407,1435311,836421,1014,250,66,0,0,66.000,330.85
1680407,1220623,1586852,30643,209,66,0,0,66.000,330.85
1680407,1488170,435168,38726,250,66,0,0,66.000,330.85
1687757,608074,1003510,2251,167,66,0,0,66.000,186.29
1687757,1111913,1558967,3574,209,66,0,0,66.000,186.29
1687757,1328914,1403629,6557,208,66,0,0,66.000,186.29
1687757,785195,629919,31217,208,66,0,0,66.000,186.29
1687757,1080227,653599,1588,250,66,0,0,66.000,186.29
1687757,1105540,1293250,8152,250,66,0,0,66.000,186.29
1687757,1219511,1014198,7018,250,66,0,0,66.000,186.29
1687757,1330028,1103301,11607,250,66,0,0,66.000,186.29
1687757,590487,1335834,4169,208,66,0,0,66.000,186.29
1687757,35079,1534617,2968,208,66,0,0,66.000,186.29
1687757,193860,527888,14593,542,66,0,0,66.000,186.29
1687757,373889,539083,11491,166,66,0,0,66.000,186.29
1687757,94101,1359598,2868,208,66,0,0,66.000,186.29
1687757,1319903,1511618,11642,292,66,0,0,66.000,186.29
1687757,594148,57437,3210,209,66,0,0,66.000,186.29
1687757,38940,1326708,27386,208,66,0,0,66.000,186.29
1687757,1150767,1494589,7952,166,66,0,0,66.000,186.29
1687757,1513390,1531214,922,250,66,0,0,66.000,186.29
1687757,98318,1482724,4897,209,66,0,0,66.000,186.29
1687757,1430895,133097,9854,208,66,0,0,66.000,186.29
1689713,1490343,1112535,29152,166,66,0,0,66.000,213.67
1689713,9959,1164026,8888,167,66,0,0,66.000,213.67
1689713,1506434,437679,4330,167,66,0,0,66.000,213.67
1689713,321548,1542362,23865,167,66,0,0,66.000,213.67
1689713,1416070,468218,12704,209,66,0,0,66.000,213.67
1689713,1343709,200149,4032,208,66,0,0,66.000,213.67
1689713,68848,652052,14644,166,66,0,0,66.000,213.67
1689713,1146180,1670734,37864,333,66,0,0,66.000,213.67
1689713,631896,539186,11485,209,66,0,0,66.000,213.67
1689713,1001525,1202828,2938,209,66,0,0,66.000,213.67
1689713,1282715,906793,14084,208,66,0,0,66.000,213.67
1689713,1556462,1011737,5069,166,66,0,0,66.000,213.67
1689713,111938,638425,9941,209,66,0,0,66.000,213.67
1689713,306152,1029709,4445,166,66,0,0,66.000,213.67
1689713,434108,1408231,9037,208,66,0,0,66.000,213.67
1689713,382934,1296898,8795,208,66,0,0,66.000,213.67
1689713,1290888,582262,4967,167,66,0,0,66.000,213.67
1689713,391594,1292697,11636,208,66,0,0,66.000,213.67
1689713,117702,1118202,4221,334,66,0,0,66.000,213.67
1689713,1650519,48199,10052,208,66,0,0,66.000,213.67
1690153,57199,645970,53018,334,66,0,0,66.000,476.89
1690153,216251,319946,19088,250,66,0,0,66.000,476.89
1690153,67267,933985,946,250,66,0,0,66.000,476.89
1690153,263524,1590306,10854,209,66,0,0,66.000,476.89
1690153,1134955,1598090,65868,208,66,0,0,66.000,476.89
1690153,633979,756537,29505,250,66,0,0,66.000,476.89
1690153,81717,1254301,170,209,66,0,0,66.000,476.89
1690153,682119,259116,41760,167,66,0,0,66.000,476.89
1690153,705410,410608,43443,375,66,0,0,66.000,476.89
1690153,315538,1601896,49248,250,66,0,0,66.000,476.89
1690153,438724,242655,12576,250,66,0,0,66.000,476.89
1690153,1385121,660452,920,208,66,0,0,66.000,476.89
1690153,1312814,584441,14136,208,66,0,0,66.000,476.89
1690153,47986,633828,47472,208,66,0,0,66.000,476.89
1690153,592460,378007,12408,208,66,0,0,66.000,476.89
1690153,1314036,1362787,3352,208,66,0,0,66.000,476.89
1690153,1680248,1596742,5040,209,66,0,0,66.000,476.89
1690153,1335806,74327,2715,250,66,0,0,66.000,476.89
1690153,872857,852284,17069,208,66,0,0,66.000,476.89
1690153,673220,261405,30246,250,66,0,0,66.000,476.89
1691119,1196923,1593433,8479,208,66,0,0,66.000,305.64
1691119,478343,438948,19816,167,66,0,0,66.000,305.64
1691119,753218,447286,7113,209,66,0,0,66.000,305.64
1691119,385087,893698,30207,209,66,0,0,66.000,305.64
1691119,687863,297090,7451,167,66,0,0,66.000,305.64
1691119,264392,1294033,3178,167,66,0,0,66.000,305.64
1691119,413383,990348,8009,209,66,0,0,66.000,305.64
1691119,201300,547621,20284,167,66,0,0,66.000,305.64
1691119,988133,1043537,5198,167,66,0,0,66.000,305.64
1691119,638216,309251,12614,167,66,0,0,66.000,305.64
1691119,1579602,895959,11775,208,66,0,0,66.000,305.64
1691119,1015838,1150600,3298,208,66,0,0,66.000,305.64
1691119,1670181,938983,2638,209,66,0,0,66.000,305.64
1691119,1662787,1245753,520,167,66,0,0,66.000,305.64
1691119,424050,1578145,28180,208,66,0,0,66.000,305.64
1691119,871008,1176721,25660,167,66,0,0,66.000,305.64
1691119,1357612,892696,53567,166,66,0,0,66.000,305.64
1691119,1048146,359325,20452,167,66,0,0,66.000,305.64
1691119,875620,737757,1704,166,66,0,0,66.000,305.64
1691119,1203057,404393,62261,167,66,0,0,66.000,305.64
1695233,65756,1333811,11935,167,66,0,0,66.000,141.34
1695233,1642824,1178235,5864,167,66,0,0,66.000,141.34
1695233,186008,1421753,4581,208,66,0,0,66.000,141.34
1695233,883963,1284294,23488,208,66,0,0,66.000,141.34
1695233,512533,89101,4173,166,66,0,0,66.000,141.34
1695233,646311,147667,426,166,66,0,0,66.000,141.34
1695233,1619812,786871,26580,166,66,0,0,66.000,141.34
1695233,827903,273017,3020,208,66,0,0,66.000,141.34
1695233,717681,454990,28631,208,66,0,0,66.000,141.34
1695233,1266132,852530,6049,209,66,0,0,66.000,141.34
1695233,1496398,272823,8258,166,66,0,0,66.000,141.34
1695233,859706,376026,1217,208,66,0,0,66.000,141.34
1695233,472223,825136,15801,166,66,0,0,66.000,141.34
1695233,590569,299051,3835,209,66,0,0,66.000,141.34
1695233,1486462,1453134,6222,166,66,0,0,66.000,141.34
1695233,129898,1234915,6423,208,66,0,0,66.000,141.34
1695233,166315,1206156,4299,167,66,0,0,66.000,141.34
1695233,879785,1239604,4036,166,66,0,0,66.000,141.34
1695233,989977,1205115,11612,208,66,0,0,66.000,141.34
1695233,404609,1257248,5129,208,66,0,0,66.000,141.34
1696333,632826,132376,20804,209,66,0,0,66.000,165.77
1696333,1019642,554850,2889,208,66,0,0,66.000,165.77
1696333,1464185,1061602,4710,250,66,0,0,66.000,165.77
1696333,653759,1375514,23272,167,66,0,0,66.000,165.77
1696333,718796,1518585,10635,375,66,0,0,66.000,165.77
1696333,1231112,550850,9327,167,66,0,0,66.000,165.77
1696333,1150281,148947,9489,209,66,0,0,66.000,165.77
1696333,1128390,1601221,14218,208,66,0,0,66.000,165.77
1696333,661215,576522,11920,209,66,0,0,66.000,165.77
1696333,1317482,456705,8420,250,66,0,0,66.000,165.77
1696333,148569,706982,1067,167,66,0,0,66.000,165.77
1696333,890872,1346413,3241,208,66,0,0,66.000,165.77
1696333,569888,1640359,4024,208,66,0,0,66.000,165.77
1696333,924432,340201,3822,209,66,0,0,66.000,165.77
1696333,399168,1008306,3831,208,66,0,0,66.000,165.77
1696333,389005,1047194,2568,375,66,0,0,66.000,165.77
1696333,110270,1380950,2898,208,66,0,0,66.000,165.77
1696333,525895,771500,7634,209,66,0,0,66.000,165.77
1696333,535239,1363102,8525,208,66,0,0,66.000,165.77
1696333,1005484,1600204,8694,167,66,0,0,66.000,165.77
1697719,859321,1881,5476,167,66,0,0,66.000,93.61
1697719,287162,1204674,6260,167,66,0,0,66.000,93.61
1697719,886466,1654687,496,209,66,0,0,66.000,93.61
1697719,1656880,819048,1793,208,66,0,0,66.000,93.61
1697719,1301719,1532631,7208,167,66,0,0,66.000,93.61
1697719,755172,1239950,8475,167,66,0,0,66.000,93.61
1697719,804707,1249500,2932,167,66,0,0,66.000,93.61
1697719,1302911,795225,10563,166,66,0,0,66.000,93.61
1697719,1097999,1298909,1193,208,66,0,0,66.000,93.61
1697719,674187,814114,5231,208,66,0,0,66.000,93.61
1697719,852088,366388,45500,291,66,0,0,66.000,93.61
1697719,952984,1452818,2090,209,66,0,0,66.000,93.61
1697719,95324,1113939,2036,208,66,0,0,66.000,93.61
1697719,1446404,422897,5138,166,66,0,0,66.000,93.61
1697719,350124,246270,821,166,66,0,0,66.000,93.61
1697719,942697,1323314,1529,167,66,0,0,66.000,93.61
1697719,1125346,181170,856,167,66,0,0,66.000,93.61
1697719,1471651,1154023,2074,208,66,0,0,66.000,93.61
1697719,158472,822282,4335,166,66,0,0,66.000,93.61
1697719,1092019,363665,3452,167,66,0,0,66.000,93.61
1697989,486590,293725,15313,166,66,0,0,66.000,125.12
1697989,641962,1168952,852,209,66,0,0,66.000,125.12
1697989,310081,775822,5397,208,66,0,0,66.000,125.12
1697989,500003,285008,10450,167,66,0,0,66.000,125.12
1697989,1138900,768509,16462,167,66,0,0,66.000,125.12
1697989,1200939,363656,5682,208,66,0,0,66.000,125.12
1697989,1539368,574239,8201,167,66,0,0,66.000,125.12
1697989,499650,1461421,4311,167,66,0,0,66.000,125.12
1697989,1414580,972337,13661,208,66,0,0,66.000,125.12
1697989,1587259,905867,28728,209,66,0,0,66.000,125.12
1697989,228236,1124223,10707,208,66,0,0,66.000,125.12
1697989,61704,388141,620,167,66,0,0,66.000,125.12
1697989,317290,1128002,4239,166,66,0,0,66.000,125.12
1697989,1114156,1429888,2204,167,66,0,0,66.000,125.12
1697989,1579927,646597,1017,167,66,0,0,66.000,125.12
1697989,1010769,1492907,11235,167,66,0,0,66.000,125.12
1697989,1019667,1623436,496,166,66,0,0,66.000,125.12
1697989,1082879,858979,426,166,66,0,0,66.000,125.12
1697989,1462881,1193138,937,167,66,0,0,66.000,125.12
1697989,334226,357122,8875,167,66,0,0,66.000,125.12
1698607,268139,1517771,14641,375,66,0,0,66.000,300.93
1698607,210356,937263,1500,250,66,0,0,66.000,300.93
1698607,199393,516816,45648,208,66,0,0,66.000,300.93
1698607,762536,134942,4909,375,66,0,0,66.000,300.93
1698607,1181496,48435,16727,250,66,0,0,66.000,300.93
1698607,305758,1424768,12189,250,66,0,0,66.000,300.93
1698607,185962,556314,3616,250,66,0,0,66.000,300.93
1698607,469688,1260740,27764,166,66,0,0,66.000,300.93
1698607,24740,934157,27956,208,66,0,0,66.000,300.93
1698607,654318,1281223,5199,250,66,0,0,66.000,300.93
1698607,621551,859659,7975,208,66,0,0,66.000,300.93
1698607,1695621,1490613,36335,167,66,0,0,66.000,300.93
1698607,227818,746031,4447,250,66,0,0,66.000,300.93
1698607,175570,1682440,3327,208,66,0,0,66.000,300.93
1698607,200142,478056,14096,166,66,0,0,66.000,300.93
1698607,797523,605700,13924,208,66,0,0,66.000,300.93
1698607,365220,769547,10842,208,66,0,0,66.000,300.93
1698607,450833,377944,12491,208,66,0,0,66.000,300.93
1698607,1615578,1322312,15988,208,66,0,0,66.000,300.93
1698607,625327,230236,9128,209,66,0,0,66.000,300.93
1699301,757763,1231628,19595,167,66,0,0,66.000,452.52
1699301,1016755,922374,14332,209,66,0,0,66.000,452.52
1699301,1033169,1168380,102329,167,66,0,0,66.000,452.52
1699301,1599026,894526,9084,167,66,0,0,66.000,452.52
1699301,650284,193238,45582,208,66,0,0,66.000,452.52
1699301,209112,1232783,6130,166,66,0,0,66.000,452.52
1699301,1646839,1324370,28183,167,66,0,0,66.000,452.52
1699301,1510508,633614,230,208,66,0,0,66.000,452.52
1699301,784849,506876,3803,167,66,0,0,66.000,452.52
1699301,409919,1298593,825,208,66,0,0,66.000,452.52
1699301,241345,725538,42590,166,66,0,0,66.000,452.52
1699301,585757,55620,43919,209,66,0,0,66.000,452.52
1699301,1658745,562506,23227,208,66,0,0,66.000,452.52
1699301,322644,1674733,1082,209,66,0,0,66.000,452.52
1699301,1580449,680554,54508,209,66,0,0,66.000,452.52
1699301,1493014,1430919,33019,250,66,0,0,66.000,452.52
1699301,853261,670144,25186,208,66,0,0,66.000,452.52
1699301,20484,198882,34124,208,66,0,0,66.000,452.52
1699301,87865,1539616,4085,167,66,0,0,66.000,452.52
1699301,1333372,668268,5846,208,66,0,0,66.000,452.52
1699783,285283,1306875,6148,167,66,0,0,66.000,173.54
1699783,1718,1561193,7984,167,66,0,0,66.000,173.54
1699783,354224,1264878,14128,166,66,0,0,66.000,173.54
1699783,1381564,1203236,345,208,66,0,0,66.000,173.54
1699783,479755,641356,7780,167,66,0,0,66.000,173.54
1699783,322212,714216,13880,334,66,0,0,66.000,173.54
1699783,993725,41043,2729,167,66,0,0,66.000,173.54
1699783,722802,446800,11062,167,66,0,0,66.000,173.54
1699783,408615,1548056,7323,166,66,0,0,66.000,173.54
1699783,1370484,795593,19347,208,66,0,0,66.000,173.54
1699783,450685,98229,19078,166,66,0,0,66.000,173.54
1699783,831076,1340863,12307,166,66,0,0,66.000,173.54
1699783,320717,938950,5225,208,66,0,0,66.000,173.54
1699783,855573,460284,19208,250,66,0,0,66.000,173.54
1699783,1029007,55224,4520,208,66,0,0,66.000,173.54
1699783,291877,461134,5927,209,66,0,0,66.000,173.54
1699783,1626509,1268695,5615,209,66,0,0,66.000,173.54
1699783,1644801,234539,9983,208,66,0,0,66.000,173.54
1699783,1631424,259815,7216,167,66,0,0,66.000,173.54
1699783,379837,398355,5353,166,66,0,0,66.000,173.54
1699787,574425,1344597,6230,208,66,0,0,66.000,252.61
1699787,1562995,677199,20539,166,66,0,0,66.000,252.61
1699787,390689,1359240,35002,167,66,0,0,66.000,252.61
1699787,238737,1694577,9987,167,66,0,0,66.000,252.61
1699787,1261821,40130,22697,167,66,0,0,66.000,252.61
1699787,957482,1306021,1090,167,66,0,0,66.000,252.61
1699787,1326540,1236718,3743,208,66,0,0,66.000,252.61
1699787,197063,1392714,17594,167,66,0,0,66.000,252.61
1699787,1624297,202175,16566,208,66,0,0,66.000,252.61
1699787,189484,140158,38217,208,66,0,0,66.000,252.61
1699787,223145,510238,4535,209,66,0,0,66.000,252.61
1699787,463868,1186139,17833,208,66,0,0,66.000,252.61
1699787,351451,978965,2144,166,66,0,0,66.000,252.61
1699787,1304233,363464,2074,208,66,0,0,66.000,252.61
1699787,1406539,195713,1572,208,66,0,0,66.000,252.61
1699787,447332,1519349,876,167,66,0,0,66.000,252.61
1699787,877541,1431522,34633,208,66,0,0,66.000,252.61
1699787,1625379,586902,10081,208,66,0,0,66.000,252.61
1699787,1196818,819510,25896,209,66,0,0,66.000,252.61
1699787,146309,132592,5995,167,66,0,0,66.000,252.61
1700849,1685233,1663173,31112,208,66,0,0,66.000,563.97
1700849,291282,1054448,8007,334,66,0,0,66.000,563.97
1700849,1018032,1038230,48324,209,66,0,0,66.000,563.97
1700849,64689,73698,68154,208,66,0,0,66.000,563.97
1700849,617373,542740,27579,208,66,0,0,66.000,563.97
1700849,1414432,1128655,12852,167,66,0,0,66.000,563.97
1700849,1217799,219989,10583,209,66,0,0,66.000,563.97
1700849,911538,696182,24061,208,66,0,0,66.000,563.97
1700849,294071,519489,19823,208,66,0,0,66.000,563.97
1700849,1201647,1173268,25849,250,66,0,0,66.000,563.97
1700849,221919,1076604,2166,209,66,0,0,66.000,563.97
1700849,1331178,1644155,43050,250,66,0,0,66.000,563.97
1700849,1010927,1161927,18585,208,66,0,0,66.000,563.97
1700849,153479,260402,395,250,66,0,0,66.000,563.97
1700849,741065,116855,34915,208,66,0,0,66.000,563.97
1700849,251037,826253,50502,209,66,0,0,66.000,563.97
1700849,461203,154654,33520,209,66,0,0,66.000,563.97
1700849,237214,1522199,19727,209,66,0,0,66.000,563.97
1700849,1288478,916014,48241,208,66,0,0,66.000,563.97
1700849,1450764,909203,14403,209,66,0,0,66.000,563.97
1704041,234,234834,2421,167,66,0,0,66.000,139.56
1704041,1104847,668681,9523,167,66,0,0,66.000,139.56
1704041,475540,1251252,19570,209,66,0,0,66.000,139.56
1704041,193275,1133759,8641,208,66,0,0,66.000,139.56
1704041,1192463,1209044,1706,166,66,0,0,66.000,139.56
1704041,816735,113061,5427,166,66,0,0,66.000,139.56
1704041,374944,918839,4751,208,66,0,0,66.000,139.56
1704041,897760,357048,6510,166,66,0,0,66.000,139.56
1704041,5372,1089868,1924,125,66,0,0,66.000,139.56
1704041,36370,812140,2187,208,66,0,0,66.000,139.56
1704041,1683780,459176,19364,209,66,0,0,66.000,139.56
1704041,634340,762309,2316,209,66,0,0,66.000,139.56
1704041,990117,690934,340,208,66,0,0,66.000,139.56
1704041,1327706,885394,1560,208,66,0,0,66.000,139.56
1704041,812840,899493,3720,167,66,0,0,66.000,139.56
1704041,1322856,926191,10943,209,66,0,0,66.000,139.56
1704041,190130,1092012,18489,208,66,0,0,66.000,139.56
1704041,1350670,197328,14389,208,66,0,0,66.000,139.56
1704041,305818,679142,7747,167,66,0,0,66.000,139.56
1704041,1072796,732366,32957,209,66,0,0,66.000,139.56
1704377,473993,499799,7147,208,66,0,0,66.000,93.30
1704377,42258,269003,1452,125,66,0,0,66.000,93.30
1704377,1609881,566875,5449,167,66,0,0,66.000,93.30
1704377,78365,1286091,1149,166,66,0,0,66.000,93.30
1704377,993015,1022953,3145,208,66,0,0,66.000,93.30
1704377,1008390,1486642,2287,375,66,0,0,66.000,93.30
1704377,767036,195114,6581,167,66,0,0,66.000,93.30
1704377,1468345,976569,253,333,66,0,0,66.000,93.30
1704377,920347,883127,3718,208,66,0,0,66.000,93.30
1704377,589653,380554,709,166,66,0,0,66.000,93.30
1704377,1023398,1203362,21600,208,66,0,0,66.000,93.30
1704377,632297,1404455,6946,208,66,0,0,66.000,93.30
1704377,1629374,746978,6166,167,66,0,0,66.000,93.30
1704377,42258,1289189,7438,167,66,0,0,66.000,93.30
1704377,1090512,673789,9490,208,66,0,0,66.000,93.30
1704377,861597,34817,142,333,66,0,0,66.000,93.30
1704377,740252,667984,2187,333,66,0,0,66.000,93.30
1704377,184689,846602,7409,167,66,0,0,66.000,93.30
1704377,1562175,1569120,7303,166,66,0,0,66.000,93.30
1704377,725930,948087,3954,183,66,0,0,66.000,93.30
1704559,582390,1209350,25659,209,66,0,0,66.000,273.90
1704559,1677838,1132796,2913,208,66,0,0,66.000,273.90
1704559,811283,1545345,76221,250,66,0,0,66.000,273.90
1704559,1016946,847149,24667,209,66,0,0,66.000,273.90
1704559,1319762,1144373,11009,209,66,0,0,66.000,273.90
1704559,851983,1312556,20756,208,66,0,0,66.000,273.90
1704559,431101,1379775,3788,209,66,0,0,66.000,273.90
1704559,702425,168080,1018,208,66,0,0,66.000,273.90
1704559,1609964,653575,10001,166,66,0,0,66.000,273.90
1704559,713906,268968,15622,250,66,0,0,66.000,273.90
1704559,647900,1096316,562,209,66,0,0,66.000,273.90
1704559,997067,99063,19154,167,66,0,0,66.000,273.90
1704559,311082,289052,7392,208,66,0,0,66.000,273.90
1704559,1491299,1516691,16630,208,66,0,0,66.000,273.90
1704559,597406,1664785,14864,250,66,0,0,66.000,273.90
1704559,1002134,868503,1981,209,66,0,0,66.000,273.90
1704559,1635834,985217,8882,167,66,0,0,66.000,273.90
1704559,528143,809179,2185,208,66,0,0,66.000,273.90
1704559,1495655,970207,383,250,66,0,0,66.000,273.90
1704559,1652356,1291580,585,208,66,0,0,66.000,273.90
1704727,223302,799322,10169,208,66,0,0,66.000,280.31
1704727,447999,560673,6069,208,66,0,0,66.000,280.31
1704727,845138,145066,65791,208,66,0,0,66.000,280.31
1704727,464456,294589,21076,167,66,0,0,66.000,280.31
1704727,988747,1643532,1305,209,66,0,0,66.000,280.31
1704727,518267,1542245,7491,208,66,0,0,66.000,280.31
1704727,1486096,706301,1240,208,66,0,0,66.000,280.31
1704727,597556,112308,213,208,66,0,0,66.000,280.31
1704727,527310,1171731,4649,208,66,0,0,66.000,280.31
1704727,1529748,1481515,39123,209,66,0,0,66.000,280.31
1704727,95566,1483153,20613,208,66,0,0,66.000,280.31
1704727,1167137,228968,4844,209,66,0,0,66.000,280.31
1704727,1446378,710414,7968,208,66,0,0,66.000,280.31
1704727,1160191,1449042,14085,417,66,0,0,66.000,280.31
1704727,1067586,1329737,26892,375,66,0,0,66.000,280.31
1704727,1310203,69214,2196,375,66,0,0,66.000,280.31
1704727,352850,24115,39628,166,66,0,0,66.000,280.31
1704727,1625736,832106,3036,167,66,0,0,66.000,280.31
1704727,174877,1024919,1565,208,66,0,0,66.000,280.31
1704727,1612194,1053009,15716,208,66,0,0,66.000,280.31
1706087,1274324,604613,1557,166,66,0,0,66.000,186.01
1706087,1000121,1273063,1760,209,66,0,0,66.000,186.01
1706087,1609724,467161,4431,208,66,0,0,66.000,186.01
1706087,668127,1125268,6039,208,66,0,0,66.000,186.01
1706087,1563593,1283465,333,208,66,0,0,66.000,186.01
1706087,1595280,12279,10201,208,66,0,0,66.000,186.01
1706087,1474110,1160116,4322,250,66,0,0,66.000,186.01
1706087,532567,378701,1367,250,66,0,0,66.000,186.01
1706087,808779,336415,27964,250,66,0,0,66.000,186.01
1706087,1557488,1288,2816,375,66,0,0,66.000,186.01
1706087,1009197,1619705,11082,209,66,0,0,66.000,186.01
1706087,1376623,1234106,28958,209,66,0,0,66.000,186.01
1706087,1123545,1290260,15407,250,66,0,0,66.000,186.01
1706087,598465,563214,2439,250,66,0,0,66.000,186.01
1706087,1235471,1359601,6504,250,66,0,0,66.000,186.01
1706087,550932,1635068,7806,417,66,0,0,66.000,186.01
1706087,1336327,1581418,4346,209,66,0,0,66.000,186.01
1706087,149371,352337,502,166,66,0,0,66.000,186.01
1706087,594492,1602472,10479,209,66,0,0,66.000,186.01
1706087,137524,1182145,2835,208,66,0,0,66.000,186.01
1709143,1065797,99286,42397,375,66,0,0,66.000,352.15
1709143,208692,81812,42112,208,66,0,0,66.000,352.15
1709143,683095,1382801,12015,167,66,0,0,66.000,352.15
1709143,1682503,15311,7396,209,66,0,0,66.000,352.15
1709143,372760,969978,7762,250,66,0,0,66.000,352.15
1709143,608698,1046666,26443,208,66,0,0,66.000,352.15
1709143,688996,1600999,1599,167,66,0,0,66.000,352.15
1709143,731628,95049,3960,208,66,0,0,66.000,352.15
1709143,424406,1241355,43636,209,66,0,0,66.000,352.15
1709143,517587,157895,4521,167,66,0,0,66.000,352.15
1709143,252018,833610,3269,208,66,0,0,66.000,352.15
1709143,456208,1404287,15267,209,66,0,0,66.000,352.15
1709143,657309,1112281,7845,208,66,0,0,66.000,352.15
1709143,777971,1482951,268,209,66,0,0,66.000,352.15
1709143,460476,1243792,13872,208,66,0,0,66.000,352.15
1709143,456208,386617,30169,167,66,0,0,66.000,352.15
1709143,816571,166129,25767,209,66,0,0,66.000,352.15
1709143,1330553,1232973,48302,208,66,0,0,66.000,352.15
1709143,424406,1637943,6789,209,66,0,0,66.000,352.15
1709143,1699621,72812,9014,208,66,0,0,66.000,352.15
1709161,1121635,813230,17651,208,66,0,0,66.000,521.94
1709161,1379400,674228,29060,208,66,0,0,66.000,521.94
1709161,1708246,1408733,41913,208,66,0,0,66.000,521.94
1709161,510659,944706,59197,166,66,0,0,66.000,521.94
1709161,291480,345287,104698,250,66,0,0,66.000,521.94
1709161,392211,1184446,22766,167,66,0,0,66.000,521.94
1709161,1239402,405527,2699,167,66,0,0,66.000,521.94
1709161,949564,1043953,49814,209,66,0,0,66.000,521.94
1709161,511033,1533993,6356,167,66,0,0,66.000,521.94
1709161,679707,197203,1828,209,66,0,0,66.000,521.94
1709161,1525069,292935,8424,208,66,0,0,66.000,521.94
1709161,1463643,610533,5141,167,66,0,0,66.000,521.94
1709161,381377,633685,16111,208,66,0,0,66.000,521.94
1709161,220401,1430782,27007,166,66,0,0,66.000,521.94
1709161,836298,1027292,48481,167,66,0,0,66.000,521.94
1709161,246069,377818,10193,166,66,0,0,66.000,521.94
1709161,658819,1529735,4980,208,66,0,0,66.000,521.94
1709161,1072295,319045,9630,209,66,0,0,66.000,521.94
1709161,673590,119488,30597,208,66,0,0,66.000,521.94
1709161,1583719,303261,41655,375,66,0,0,66.000,521.94
1713223,475776,231774,9370,208,66,0,0,66.000,230.94
1713223,767353,1538947,21755,250,66,0,0,66.000,230.94
1713223,698741,62764,4311,166,66,0,0,66.000,230.94
1713223,1049798,255737,11051,208,66,0,0,66.000,230.94
1713223,687991,1572789,1170,375,66,0,0,66.000,230.94
1713223,685652,1217688,3016,166,66,0,0,66.000,230.94
1713223,171712,693057,6342,333,66,0,0,66.000,230.94
1713223,1301081,1250306,25806,209,66,0,0,66.000,230.94
1713223,347433,990346,34108,167,66,0,0,66.000,230.94
1713223,421473,1586382,1719,208,66,0,0,66.000,230.94
1713223,682948,1463516,727,167,66,0,0,66.000,230.94
1713223,802522,1419352,7212,167,66,0,0,66.000,230.94
1713223,1430522,1335564,23837,167,66,0,0,66.000,230.94
1713223,405114,1646409,8730,209,66,0,0,66.000,230.94
1713223,700742,283130,2810,209,66,0,0,66.000,230.94
1713223,1159848,1148023,30730,209,66,0,0,66.000,230.94
1713223,983104,378575,1459,209,66,0,0,66.000,230.94
1713223,843867,526049,92,208,66,0,0,66.000,230.94
1713223,698980,379424,35970,209,66,0,0,66.000,230.94
1713223,1491869,867258,9905,166,66,0,0,66.000,230.94
1715783,218165,1606076,37485,208,66,0,0,66.000,232.39
1715783,70384,516823,22701,209,66,0,0,66.000,232.39
1715783,1189201,369248,941,208,66,0,0,66.000,232.39
1715783,99441,1361935,5501,208,66,0,0,66.000,232.39
1715783,1639137,885720,19539,334,66,0,0,66.000,232.39
1715783,274386,467229,41398,333,66,0,0,66.000,232.39
1715783,588061,488822,5385,167,66,0,0,66.000,232.39
1715783,1346516,1286151,9325,166,66,0,0,66.000,232.39
1715783,1708115,258632,9660,208,66,0,0,66.000,232.39
1715783,1172713,853886,13531,166,66,0,0,66.000,232.39
1715783,1097500,386886,24681,209,66,0,0,66.000,232.39
1715783,1530648,973989,180,166,66,0,0,66.000,232.39
1715783,170795,887306,3020,167,66,0,0,66.000,232.39
1715783,894738,510045,17996,166,66,0,0,66.000,232.39
1715783,32328,1421877,28180,167,66,0,0,66.000,232.39
1715783,1403586,763957,461,166,66,0,0,66.000,232.39
1715783,297222,23961,2423,167,66,0,0,66.000,232.39
1715783,1480492,1331903,6784,333,66,0,0,66.000,232.39
1715783,999464,1186314,3913,167,66,0,0,66.000,232.39
1715783,1710472,610902,6707,208,66,0,0,66.000,232.39
1719493,1618077,1536566,1646,208,66,0,0,66.000,134.05
1719493,1617681,1584021,1416,250,66,0,0,66.000,134.05
1719493,1377881,50487,6130,208,66,0,0,66.000,134.05
1719493,1450160,182782,7607,208,66,0,0,66.000,134.05
1719493,265306,1487373,20190,208,66,0,0,66.000,134.05
1719493,415817,1588169,3034,208,66,0,0,66.000,134.05
1719493,1149863,361361,10736,208,66,0,0,66.000,134.05
1719493,1441067,873657,3975,208,66,0,0,66.000,134.05
1719493,677408,693784,8655,209,66,0,0,66.000,134.05
1719493,1563838,1381282,12635,208,66,0,0,66.000,134.05
1719493,776801,1617732,6059,208,66,0,0,66.000,134.05
1719493,1504401,1195276,894,208,66,0,0,66.000,134.05
1719493,1033870,1074852,6636,250,66,0,0,66.000,134.05
1719493,219296,849063,9712,208,66,0,0,66.000,134.05
1719493,303671,83549,1801,208,66,0,0,66.000,134.05
1719493,1514241,1554740,140,416,66,0,0,66.000,134.05
1719493,373431,401515,18316,375,66,0,0,66.000,134.05
1719493,1340579,584062,4769,209,66,0,0,66.000,134.05
1719493,240046,988838,5743,166,66,0,0,66.000,134.05
1719493,1239708,1377764,1020,333,66,0,0,66.000,134.05
1720211,824211,872262,9191,292,66,0,0,66.000,142.21
1720211,1077823,218985,3117,166,66,0,0,66.000,142.21
1720211,1228937,368136,9597,167,66,0,0,66.000,142.21
1720211,1603135,257724,1280,167,66,0,0,66.000,142.21
1720211,1280780,1142412,18573,166,66,0,0,66.000,142.21
1720211,1390900,581167,1803,334,66,0,0,66.000,142.21
1720211,906867,968086,6325,209,66,0,0,66.000,142.21
1720211,724819,373282,2893,208,66,0,0,66.000,142.21
1720211,1340727,832600,1096,166,66,0,0,66.000,142.21
1720211,1153439,889640,3236,167,66,0,0,66.000,142.21
1720211,1120946,1059351,8655,166,66,0,0,66.000,142.21
1720211,690212,510000,23380,209,66,0,0,66.000,142.21
1720211,1402417,1576375,1247,167,66,0,0,66.000,142.21
1720211,1209387,1709758,19650,208,66,0,0,66.000,142.21
1720211,143297,48334,9048,292,66,0,0,66.000,142.21
1720211,808340,349568,7866,167,66,0,0,66.000,142.21
1720211,1580971,35029,32960,209,66,0,0,66.000,142.21
1720211,53174,1306030,6344,292,66,0,0,66.000,142.21
1720211,1033311,1313912,6003,167,66,0,0,66.000,142.21
1720211,6854,248465,287,167,66,0,0,66.000,142.21
1720361,172015,1418872,3804,167,66,0,0,66.000,87.31
1720361,1489093,933415,6134,208,66,0,0,66.000,87.31
1720361,452683,1169036,1335,167,66,0,0,66.000,87.31
1720361,333841,648063,11364,208,66,0,0,66.000,87.31
1720361,601185,1074467,2771,167,66,0,0,66.000,87.31
1720361,381506,192699,1602,208,66,0,0,66.000,87.31
1720361,1515994,633599,11145,208,66,0,0,66.000,87.31
1720361,1103397,1570341,1451,166,66,0,0,66.000,87.31
1720361,1716555,898998,25662,208,66,0,0,66.000,87.31
1720361,1403896,1675070,996,125,66,0,0,66.000,87.31
1720361,561673,831048,3872,167,66,0,0,66.000,87.31
1720361,1315974,592634,578,209,66,0,0,66.000,87.31
1720361,1471291,224448,5202,166,66,0,0,66.000,87.31
1720361,536930,584575,173,166,66,0,0,66.000,87.31
1720361,552396,101594,449,166,66,0,0,66.000,87.31
1720361,1133180,43932,1534,166,66,0,0,66.000,87.31
1720361,243449,698548,1732,208,66,0,0,66.000,87.31
1720361,1210910,1039509,15060,292,66,0,0,66.000,87.31
1720361,796517,1544455,3890,351,66,0,0,66.000,87.31
1720361,227660,1017558,2932,209,66,0,0,66.000,87.31
1721149,1368293,458230,7185,167,66,0,0,66.000,160.63
1721149,1480479,1467067,1216,208,66,0,0,66.000,160.63
1721149,1031111,399052,9132,167,66,0,0,66.000,160.63
1721149,1282990,437992,1488,208,66,0,0,66.000,160.63
1721149,808815,241729,8340,250,66,0,0,66.000,160.63
1721149,259809,636706,6483,208,66,0,0,66.000,160.63
1721149,1400144,1374251,14857,209,66,0,0,66.000,160.63
1721149,1148569,1232657,1906,416,66,0,0,66.000,160.63
1721149,204277,1180607,13737,167,66,0,0,66.000,160.63
1721149,1711731,511723,11283,208,66,0,0,66.000,160.63
1721149,927129,787041,2242,208,66,0,0,66.000,160.63
1721149,1598532,928231,10171,250,66,0,0,66.000,160.63
1721149,521597,499146,18766,208,66,0,0,66.000,160.63
1721149,229724,671460,5426,209,66,0,0,66.000,160.63
1721149,1054526,301814,1853,209,66,0,0,66.000,160.63
1721149,1336061,1058727,8072,208,66,0,0,66.000,160.63
1721149,1049987,1710594,4895,209,66,0,0,66.000,160.63
1721149,831319,105569,23098,208,66,0,0,66.000,160.63
1721149,720079,1631064,2586,250,66,0,0,66.000,160.63
1721149,748923,872186,1191,208,66,0,0,66.000,160.63
1721453,118588,851313,2565,209,66,0,0,66.000,139.49
1721453,1251921,500894,10121,250,66,0,0,66.000,139.49
1721453,8098,1002382,2049,166,66,0,0,66.000,139.49
1721453,1446808,1493908,13925,209,66,0,0,66.000,139.49
1721453,3024,1477924,10421,208,66,0,0,66.000,139.49
1721453,1650295,654140,9782,208,66,0,0,66.000,139.49
1721453,1575033,1379089,17511,375,66,0,0,66.000,139.49
1721453,19134,662071,4123,167,66,0,0,66.000,139.49
1721453,680224,80545,4521,208,66,0,0,66.000,139.49
1721453,1563844,1484451,12134,167,66,0,0,66.000,139.49
1721453,974687,608234,5260,209,66,0,0,66.000,139.49
1721453,1021569,824276,2727,208,66,0,0,66.000,139.49
1721453,1255132,503677,31325,208,66,0,0,66.000,139.49
1721453,129653,230857,8252,375,66,0,0,66.000,139.49
1721453,847900,797810,682,209,66,0,0,66.000,139.49
1721453,1524181,839013,1962,166,66,0,0,66.000,139.49
1721453,1715605,932373,4641,334,66,0,0,66.000,139.49
1721453,1232084,513707,403,250,66,0,0,66.000,139.49
1721453,1071365,829426,2299,208,66,0,0,66.000,139.49
1721453,581422,1331375,139,209,66,0,0,66.000,139.49
1721693,413273,1489974,5624,167,66,0,0,66.000,113.35
1721693,882245,1492899,20433,167,66,0,0,66.000,113.35
1721693,1208532,801823,76,167,66,0,0,66.000,113.35
1721693,1559945,1150222,89,167,66,0,0,66.000,113.35
1721693,870177,860153,21893,208,66,0,0,66.000,113.35
1721693,1116329,1531420,1210,227,66,0,0,66.000,113.35
1721693,1210299,1697567,898,208,66,0,0,66.000,113.35
1721693,500668,890418,2908,167,66,0,0,66.000,113.35
1721693,1529713,1582707,5520,209,66,0,0,66.000,113.35
1721693,391802,1071462,1587,209,66,0,0,66.000,113.35
1721693,860468,1317685,262,209,66,0,0,66.000,113.35
1721693,530777,1503463,4705,208,66,0,0,66.000,113.35
1721693,39132,1065747,1806,166,66,0,0,66.000,113.35
1721693,464718,241807,8549,208,66,0,0,66.000,113.35
1721693,721301,909297,242,167,66,0,0,66.000,113.35
1721693,133036,1334626,22739,208,66,0,0,66.000,113.35
1721693,1385142,1246966,541,166,66,0,0,66.000,113.35
1721693,1338987,424083,13364,208,66,0,0,66.000,113.35
1721693,191980,1022553,8962,167,66,0,0,66.000,113.35
1721693,275688,48445,1288,208,66,0,0,66.000,113.35
1722187,797874,1130900,2316,208,66,0,0,66.000,198.94
1722187,895620,466854,3751,250,66,0,0,66.000,198.94
1722187,597911,1096815,10479,166,66,0,0,66.000,198.94
1722187,255766,177304,7442,250,66,0,0,66.000,198.94
1722187,17881,838590,13022,250,66,0,0,66.000,198.94
1722187,654830,1083133,13065,209,66,0,0,66.000,198.94
1722187,1492148,1408963,3288,209,66,0,0,66.000,198.94
1722187,1474928,48724,6029,208,66,0,0,66.000,198.94
1722187,144911,391128,10236,166,66,0,0,66.000,198.94
1722187,505151,883214,8418,167,66,0,0,66.000,198.94
1722187,590570,618203,54980,167,66,0,0,66.000,198.94
1722187,1371906,1523295,352,208,66,0,0,66.000,198.94
1722187,696196,1276442,5263,208,66,0,0,66.000,198.94
1722187,1445588,166113,8226,250,66,0,0,66.000,198.94
1722187,528206,304808,1329,167,66,0,0,66.000,198.94
1722187,1677395,68916,7001,250,66,0,0,66.000,198.94
1722187,830091,19729,16156,208,66,0,0,66.000,198.94
1722187,301480,440138,1715,250,66,0,0,66.000,198.94
1722187,11497,1717026,26008,208,66,0,0,66.000,198.94
1722187,500099,1216612,74,209,66,0,0,66.000,198.94
1722937,924122,1516498,43752,209,66,0,0,66.000,427.12
1722937,67066,130923,3846,208,66,0,0,66.000,427.12
1722937,1325710,271663,4003,250,66,0,0,66.000,427.12
1722937,1089221,70499,31288,208,66,0,0,66.000,427.12
1722937,898863,1568742,5538,209,66,0,0,66.000,427.12
1722937,1429226,1621300,5411,250,66,0,0,66.000,427.12
1722937,1291520,891467,13999,209,66,0,0,66.000,427.12
1722937,497271,428256,8051,250,66,0,0,66.000,427.12
1722937,763882,613548,3450,250,66,0,0,66.000,427.12
1722937,322458,1165036,39346,208,66,0,0,66.000,427.12
1722937,139672,503533,23741,393,66,0,0,66.000,427.12
1722937,1317125,129999,63842,208,66,0,0,66.000,427.12
1722937,1611377,1297707,635,458,66,0,0,66.000,427.12
1722937,141581,1222136,4739,250,66,0,0,66.000,427.12
1722937,1672403,908365,9216,250,66,0,0,66.000,427.12
1722937,58804,125023,23786,208,66,0,0,66.000,427.12
1722937,15796,1003618,37969,250,66,0,0,66.000,427.12
1722937,565648,922746,18473,209,66,0,0,66.000,427.12
1722937,673406,229231,3685,250,66,0,0,66.000,427.12
1722937,1246154,1321793,40728,209,66,0,0,66.000,427.12
1723801,448126,873228,23353,333,66,0,0,66.000,856.97
1723801,1349763,1038162,184945,208,66,0,0,66.000,856.97
1723801,1002890,276486,11413,167,66,0,0,66.000,856.97
1723801,166806,1453507,28845,166,66,0,0,66.000,856.97
1723801,1096979,1312103,16716,226,66,0,0,66.000,856.97
1723801,131771,161765,28431,167,66,0,0,66.000,856.97
1723801,397407,775410,6174,167,66,0,0,66.000,856.97
1723801,1081051,166117,73212,167,66,0,0,66.000,856.97
1723801,1028782,1202948,55177,375,66,0,0,66.000,856.97
1723801,251435,1619914,34837,208,66,0,0,66.000,856.97
1723801,59946,678797,5712,209,66,0,0,66.000,856.97
1723801,831416,1141934,46598,209,66,0,0,66.000,856.97
1723801,1151298,1591838,65663,209,66,0,0,66.000,856.97
1723801,655183,510595,108045,208,66,0,0,66.000,856.97
1723801,883715,245845,8099,185,66,0,0,66.000,856.97
1723801,267554,1097213,21817,167,66,0,0,66.000,856.97
1723801,854843,1509903,11662,208,66,0,0,66.000,856.97
1723801,17274,826944,71504,208,66,0,0,66.000,856.97
1723801,751107,15773,53915,167,66,0,0,66.000,856.97
1723801,1294584,1266972,20530,209,66,0,0,66.000,856.97
1724059,967848,1717725,1728,208,66,0,0,66.000,126.50
1724059,492721,21782,5680,333,66,0,0,66.000,126.50
1724059,1626442,347671,3462,208,66,0,0,66.000,126.50
1724059,309918,95774,9372,209,66,0,0,66.000,126.50
1724059,129753,1183749,2788,250,66,0,0,66.000,126.50
1724059,141957,586570,2555,209,66,0,0,66.000,126.50
1724059,1139565,1084291,5712,208,66,0,0,66.000,126.50
1724059,687465,519455,18840,209,66,0,0,66.000,126.50
1724059,263896,771817,11298,350,66,0,0,66.000,126.50
1724059,733504,928434,8226,167,66,0,0,66.000,126.50
1724059,557946,481496,5224,209,66,0,0,66.000,126.50
1724059,1696284,13327,2225,250,66,0,0,66.000,126.50
1724059,270249,646292,11218,208,66,0,0,66.000,126.50
1724059,1354128,4501,5202,208,66,0,0,66.000,126.50
1724059,427825,414425,7654,250,66,0,0,66.000,126.50
1724059,495918,1682387,2554,209,66,0,0,66.000,126.50
1724059,97438,1469626,6741,166,66,0,0,66.000,126.50
1724059,488535,1208638,3246,167,66,0,0,66.000,126.50
1724059,1571220,805930,1714,208,66,0,0,66.000,126.50
1724059,2538,878184,7023,208,66,0,0,66.000,126.50
1724399,1079603,1600412,2724,208,66,0,0,66.000,234.47
1724399,307740,212822,12873,209,66,0,0,66.000,234.47
1724399,532868,1620647,30725,250,66,0,0,66.000,234.47
1724399,302063,1074245,14754,208,66,0,0,66.000,234.47
1724399,109586,337294,6772,209,66,0,0,66.000,234.47
1724399,172296,741981,1477,209,66,0,0,66.000,234.47
1724399,225260,713031,421,250,66,0,0,66.000,234.47
1724399,987355,443761,961,209,66,0,0,66.000,234.47
1724399,234070,951993,25556,333,66,0,0,66.000,234.47
1724399,1640379,569342,17590,208,66,0,0,66.000,234.47
1724399,447210,1190261,95,209,66,0,0,66.000,234.47
1724399,863377,1457629,12352,209,66,0,0,66.000,234.47
1724399,662403,1037440,25345,250,66,0,0,66.000,234.47
1724399,298071,1057274,30608,208,66,0,0,66.000,234.47
1724399,727840,1486649,2981,208,66,0,0,66.000,234.47
1724399,201046,481514,5840,167,66,0,0,66.000,234.47
1724399,1055333,1007139,2709,250,66,0,0,66.000,234.47
1724399,1616640,1399615,12982,167,66,0,0,66.000,234.47
1724399,472528,990389,11232,209,66,0,0,66.000,234.47
1724399,1020164,1312537,6971,208,66,0,0,66.000,234.47
1726201,981818,566749,503,209,66,0,0,66.000,284.79
1726201,1591051,130961,17288,333,66,0,0,66.000,284.79
1726201,788494,291332,815,209,66,0,0,66.000,284.79
1726201,1133106,417665,6439,208,66,0,0,66.000,284.79
1726201,1592628,13114,4298,166,66,0,0,66.000,284.79
1726201,1662911,1161056,21925,208,66,0,0,66.000,284.79
1726201,1371847,1263168,22333,208,66,0,0,66.000,284.79
1726201,1596181,831398,945,416,66,0,0,66.000,284.79
1726201,1458182,485232,50230,209,66,0,0,66.000,284.79
1726201,1278327,764082,6496,333,66,0,0,66.000,284.79
1726201,1618000,1384132,10048,334,66,0,0,66.000,284.79
1726201,664634,979519,1775,167,66,0,0,66.000,284.79
1726201,1711624,1058732,4207,167,66,0,0,66.000,284.79
1726201,1665580,871608,457,167,66,0,0,66.000,284.79
1726201,965819,649955,35807,208,66,0,0,66.000,284.79
1726201,1538772,487959,12761,333,66,0,0,66.000,284.79
1726201,1049590,111705,25166,209,66,0,0,66.000,284.79
1726201,59778,1705831,22464,167,66,0,0,66.000,284.79
1726201,1269996,838804,46835,291,66,0,0,66.000,284.79
1726201,272964,98796,25286,167,66,0,0,66.000,284.79
1727137,227048,1101974,439,375,66,0,0,66.000,451.02
1727137,1395207,915174,16372,209,66,0,0,66.000,451.02
1727137,459035,768021,143,167,66,0,0,66.000,451.02
1727137,38107,773357,9604,167,66,0,0,66.000,451.02
1727137,105247,33722,50052,375,66,0,0,66.000,451.02
1727137,329266,1573716,20462,208,66,0,0,66.000,451.02
1727137,36127,604672,36797,209,66,0,0,66.000,451.02
1727137,1075565,1573042,13515,208,66,0,0,66.000,451.02
1727137,985373,842829,8102,166,66,0,0,66.000,451.02
1727137,3350,922096,21747,208,66,0,0,66.000,451.02
1727137,545240,1498942,9169,208,66,0,0,66.000,451.02
1727137,1708346,8462,18102,208,66,0,0,66.000,451.02
1727137,1726466,757695,34420,208,66,0,0,66.000,451.02
1727137,1688928,694602,75929,167,66,0,0,66.000,451.02
1727137,959521,698507,8758,333,66,0,0,66.000,451.02
1727137,890377,377921,37066,208,66,0,0,66.000,451.02
1727137,466672,1015715,20760,209,66,0,0,66.000,451.02
1727137,1308304,1024001,71617,166,66,0,0,66.000,451.02
1727137,1147662,870053,4587,208,66,0,0,66.000,451.02
1727137,526650,1136112,7240,209,66,0,0,66.000,451.02
1729253,583213,1651231,2608,208,66,0,0,66.000,333.06
1729253,1391398,1208199,8103,250,66,0,0,66.000,333.06
1729253,943407,850555,35041,375,66,0,0,66.000,333.06
1729253,976438,125483,3929,208,66,0,0,66.000,333.06
1729253,1544684,1246657,26064,209,66,0,0,66.000,333.06
1729253,1056498,540707,6816,167,66,0,0,66.000,333.06
1729253,844611,123513,35978,208,66,0,0,66.000,333.06
1729253,392844,1535336,28271,167,66,0,0,66.000,333.06
1729253,462730,585829,4554,208,66,0,0,66.000,333.06
1729253,1725073,1438545,11366,208,66,0,0,66.000,333.06
1729253,1202753,30067,10839,167,66,0,0,66.000,333.06
1729253,1033842,420247,9076,209,66,0,0,66.000,333.06
1729253,786838,416629,38297,209,66,0,0,66.000,333.06
1729253,796881,1411563,36533,209,66,0,0,66.000,333.06
1729253,1209104,949289,99,209,66,0,0,66.000,333.06
1729253,1622777,779627,25159,208,66,0,0,66.000,333.06
1729253,930856,1054108,2932,208,66,0,0,66.000,333.06
1729253,889808,208341,17301,208,66,0,0,66.000,333.06
1729253,1341273,1091970,26030,208,66,0,0,66.000,333.06
1729253,111455,1287177,8427,166,66,0,0,66.000,333.06
1730431,1539369,532237,20888,208,66,0,0,66.000,206.53
1730431,239605,947864,4856,166,66,0,0,66.000,206.53
1730431,1559474,311140,20057,167,66,0,0,66.000,206.53
1730431,495232,756601,8448,208,66,0,0,66.000,206.53
1730431,402655,673205,290,167,66,0,0,66.000,206.53
1730431,371952,851555,7390,167,66,0,0,66.000,206.53
1730431,49922,900006,17440,167,66,0,0,66.000,206.53
1730431,238478,779173,19648,208,66,0,0,66.000,206.53
1730431,855287,1404062,6349,166,66,0,0,66.000,206.53
1730431,490735,1250500,5600,292,66,0,0,66.000,206.53
1730431,1305289,1606005,5766,166,66,0,0,66.000,206.53
1730431,1310424,693108,1324,208,66,0,0,66.000,206.53
1730431,555070,1725315,8866,167,66,0,0,66.000,206.53
1730431,683176,81864,37923,166,66,0,0,66.000,206.53
1730431,1133502,264067,34107,333,66,0,0,66.000,206.53
1730431,1486777,1569480,27536,167,66,0,0,66.000,206.53
1730431,564673,1015396,3553,166,66,0,0,66.000,206.53
1730431,369173,1678388,599,333,66,0,0,66.000,206.53
1730431,407365,534854,6992,209,66,0,0,66.000,206.53
1730431,227847,359298,2715,208,66,0,0,66.000,206.53
1733297,1253879,1671821,5267,208,66,0,0,66.000,541.91
1733297,105238,73726,35900,209,66,0,0,66.000,541.91
1733297,1421508,1286149,13117,209,66,0,0,66.000,541.91
1733297,513343,1165423,31613,208,66,0,0,66.000,541.91
1733297,1189875,1032099,18631,250,66,0,0,66.000,541.91
1733297,452787,1396155,11118,209,66,0,0,66.000,541.91
1733297,161005,370212,23056,166,66,0,0,66.000,541.91
1733297,1467347,5910,61446,208,66,0,0,66.000,541.91
1733297,984882,503246,15148,208,66,0,0,66.000,541.91
1733297,757886,1563542,26334,208,66,0,0,66.000,541.91
1733297,1614304,401564,26111,167,66,0,0,66.000,541.91
1733297,952328,1622749,17081,208,66,0,0,66.000,541.91
1733297,1474988,539175,5832,208,66,0,0,66.000,541.91
1733297,1193725,128774,19657,375,66,0,0,66.000,541.91
1733297,1404484,355668,14683,209,66,0,0,66.000,541.91
1733297,286626,1515366,242,209,66,0,0,66.000,541.91
1733297,93188,720470,144452,166,66,0,0,66.000,541.91
1733297,1539723,90687,4844,417,66,0,0,66.000,541.91
1733297,919447,1433272,11293,208,66,0,0,66.000,541.91
1733297,237595,1435104,43935,209,66,0,0,66.000,541.91
1733651,420518,319770,33383,208,66,0,0,66.000,340.93
1733651,168800,481886,14275,334,66,0,0,66.000,340.93
1733651,1146577,237513,20190,166,66,0,0,66.000,340.93
1733651,161598,1099884,5001,209,66,0,0,66.000,340.93
1733651,894544,118167,1891,250,66,0,0,66.000,340.93
1733651,940681,1053748,8500,167,66,0,0,66.000,340.93
1733651,107579,899048,94277,208,66,0,0,66.000,340.93
1733651,1232176,159070,1893,166,66,0,0,66.000,340.93
1733651,455567,726513,39652,167,66,0,0,66.000,340.93
1733651,1452360,756233,5476,208,66,0,0,66.000,340.93
1733651,822436,559119,2772,208,66,0,0,66.000,340.93
1733651,837360,1363806,15889,209,66,0,0,66.000,340.93
1733651,1102065,103728,18290,209,66,0,0,66.000,340.93
1733651,1005370,1264209,14527,167,66,0,0,66.000,340.93
1733651,531722,835967,6316,208,66,0,0,66.000,340.93
1733651,1246396,1709390,13542,375,66,0,0,66.000,340.93
1733651,117680,663537,241,167,66,0,0,66.000,340.93
1733651,1078795,83325,31938,208,66,0,0,66.000,340.93
1733651,260192,1567865,7335,167,66,0,0,66.000,340.93
1733651,776785,226533,10618,208,66,0,0,66.000,340.93
1734973,847948,185964,18787,167,66,0,0,66.000,203.40
1734973,1563077,520331,1363,167,66,0,0,66.000,203.40
1734973,1486839,1212115,5700,208,66,0,0,66.000,203.40
1734973,372251,1190045,16929,167,66,0,0,66.000,203.40
1734973,157268,1714373,1295,209,66,0,0,66.000,203.40
1734973,1665748,538788,378,208,66,0,0,66.000,203.40
1734973,800057,629973,550,209,66,0,0,66.000,203.40
1734973,1656137,1167973,15364,250,66,0,0,66.000,203.40
1734973,809348,693252,11336,166,66,0,0,66.000,203.40
1734973,973217,1713697,12985,209,66,0,0,66.000,203.40
1734973,1201669,917868,2010,209,66,0,0,66.000,203.40
1734973,75794,1182048,8813,167,66,0,0,66.000,203.40
1734973,215193,1524090,8010,167,66,0,0,66.000,203.40
1734973,36247,1729300,4672,208,66,0,0,66.000,203.40
1734973,1343963,141608,12897,208,66,0,0,66.000,203.40
1734973,1251947,878450,24093,166,66,0,0,66.000,203.40
1734973,895169,896447,11178,166,66,0,0,66.000,203.40
1734973,1215036,354895,9207,208,66,0,0,66.000,203.40
1734973,713699,1666708,10570,208,66,0,0,66.000,203.40
1734973,128889,772877,31518,208,66,0,0,66.000,203.40
1735001,897971,810551,8057,208,66,0,0,66.000,146.71
1735001,66151,761454,1391,166,66,0,0,66.000,146.71
1735001,747624,626949,5272,208,66,0,0,66.000,146.71
1735001,856240,1199956,2132,250,66,0,0,66.000,146.71
1735001,478879,258041,1368,209,66,0,0,66.000,146.71
1735001,418292,1227729,9255,208,66,0,0,66.000,146.71
1735001,748911,1038428,8032,208,66,0,0,66.000,146.71
1735001,1269043,236379,1072,208,66,0,0,66.000,146.71
1735001,946557,775610,4243,167,66,0,0,66.000,146.71
1735001,1096706,1196606,8431,250,66,0,0,66.000,146.71
1735001,996930,882543,7782,375,66,0,0,66.000,146.71
1735001,879975,836998,7088,209,66,0,0,66.000,146.71
1735001,1024594,587286,7947,208,66,0,0,66.000,146.71
1735001,1568924,1290257,21069,208,66,0,0,66.000,146.71
1735001,554682,135554,8735,250,66,0,0,66.000,146.71
1735001,914761,100006,8729,333,66,0,0,66.000,146.71
1735001,972472,25417,8001,209,66,0,0,66.000,146.71
1735001,1001114,568721,11897,166,66,0,0,66.000,146.71
1735001,1314109,865326,3405,167,66,0,0,66.000,146.71
1735001,198233,709988,11509,208,66,0,0,66.000,146.71
1737403,132314,204078,3976,208,66,0,0,66.000,179.52
1737403,1310653,893181,1061,209,66,0,0,66.000,179.52
1737403,1681671,1109106,9136,208,66,0,0,66.000,179.52
1737403,1054520,289489,2453,167,66,0,0,66.000,179.52
1737403,225159,1079026,13204,167,66,0,0,66.000,179.52
1737403,269708,266356,2766,166,66,0,0,66.000,179.52
1737403,1036387,51924,20976,167,66,0,0,66.000,179.52
1737403,1524550,1511940,9746,209,66,0,0,66.000,179.52
1737403,729145,1537555,28394,208,66,0,0,66.000,179.52
1737403,476597,69930,11040,209,66,0,0,66.000,179.52
1737403,1612781,272693,17630,167,66,0,0,66.000,179.52
1737403,967580,551330,34697,166,66,0,0,66.000,179.52
1737403,1417329,255642,11559,166,66,0,0,66.000,179.52
1737403,1249162,1064143,852,333,66,0,0,66.000,179.52
1737403,869651,1464774,4420,166,66,0,0,66.000,179.52
1737403,1611535,510801,27472,167,66,0,0,66.000,179.52
1737403,1181480,276229,8815,167,66,0,0,66.000,179.52
1737403,731693,249197,4670,167,66,0,0,66.000,179.52
1737403,283416,607704,110,166,66,0,0,66.000,179.52
1737403,4739,22595,10492,166,66,0,0,66.000,179.52
1739303,1637681,919905,6857,208,66,0,0,66.000,208.33
1739303,790581,1280123,8216,208,66,0,0,66.000,208.33
1739303,1502213,1205895,1467,208,66,0,0,66.000,208.33
1739303,1058423,1688394,33742,208,66,0,0,66.000,208.33
1739303,1355359,92895,9421,208,66,0,0,66.000,208.33
1739303,1010469,1410042,21498,208,66,0,0,66.000,208.33
1739303,301769,784317,12201,209,66,0,0,66.000,208.33
1739303,1305067,1386866,16170,208,66,0,0,66.000,208.33
1739303,1614156,1570062,8352,208,66,0,0,66.000,208.33
1739303,1519933,552780,12898,250,66,0,0,66.000,208.33
1739303,515861,1180370,4860,208,66,0,0,66.000,208.33
1739303,1377744,1374436,3234,209,66,0,0,66.000,208.33
1739303,441720,271785,7083,208,66,0,0,66.000,208.33
1739303,293183,1024868,15495,209,66,0,0,66.000,208.33
1739303,93484,637678,4617,250,66,0,0,66.000,208.33
1739303,894652,528639,14099,208,66,0,0,66.000,208.33
1739303,1643003,1696073,5797,250,66,0,0,66.000,208.33
1739303,1147443,884324,1454,209,66,0,0,66.000,208.33
1739303,1467402,995972,6074,209,66,0,0,66.000,208.33
1739303,1058761,1564589,2638,209,66,0,0,66.000,208.33
1740811,499205,37403,2873,208,66,0,0,66.000,152.02
1740811,718520,1484961,7016,209,66,0,0,66.000,152.02
1740811,1521759,964841,9405,208,66,0,0,66.000,152.02
1740811,980878,1386598,20959,208,66,0,0,66.000,152.02
1740811,635145,242775,5586,167,66,0,0,66.000,152.02
1740811,901273,551200,4826,167,66,0,0,66.000,152.02
1740811,1598152,1146898,9110,167,66,0,0,66.000,152.02
1740811,842998,1022205,14950,208,66,0,0,66.000,152.02
1740811,1395960,410610,352,209,66,0,0,66.000,152.02
1740811,1662080,1509975,1732,166,66,0,0,66.000,152.02
1740811,557069,1237945,13713,166,66,0,0,66.000,152.02
1740811,672641,1104154,18249,208,66,0,0,66.000,152.02
1740811,563433,271257,8800,166,66,0,0,66.000,152.02
1740811,609170,602060,1243,166,66,0,0,66.000,152.02
1740811,132875,445446,1242,209,66,0,0,66.000,152.02
1740811,3086,1660240,1710,167,66,0,0,66.000,152.02
1740811,271415,1058798,7831,208,66,0,0,66.000,152.02
1740811,1100039,240302,23334,208,66,0,0,66.000,152.02
1740811,971034,51,5869,209,66,0,0,66.000,152.02
1740811,55537,393366,5460,166,66,0,0,66.000,152.02
1741013,62388,1260734,11564,166,66,0,0,66.000,418.77
1741013,1362723,1713771,23806,167,66,0,0,66.000,418.77
1741013,564835,557829,3042,334,66,0,0,66.000,418.77
1741013,948121,1209321,40722,166,66,0,0,66.000,418.77
1741013,116834,1356612,566,208,66,0,0,66.000,418.77
1741013,1001662,292312,25370,167,66,0,0,66.000,418.77
1741013,507884,1271058,35213,166,66,0,0,66.000,418.77
1741013,1463239,1447104,18571,416,66,0,0,66.000,418.77
1741013,1597160,809806,12249,167,66,0,0,66.000,418.77
1741013,358586,989973,9224,166,66,0,0,66.000,418.77
1741013,1084449,1187334,11105,166,66,0,0,66.000,418.77
1741013,1459778,199553,32040,166,66,0,0,66.000,418.77
1741013,191307,1585997,5251,208,66,0,0,66.000,418.77
1741013,935404,545537,12402,167,66,0,0,66.000,418.77
1741013,334757,1181049,3100,167,66,0,0,66.000,418.77
1741013,581903,1297163,31793,166,66,0,0,66.000,418.77
1741013,75467,1105019,99638,334,66,0,0,66.000,418.77
1741013,859101,423830,12566,209,66,0,0,66.000,418.77
1741013,1476981,286238,14893,166,66,0,0,66.000,418.77
1741013,614808,67307,75403,334,66,0,0,66.000,418.77
1743127,1528180,949849,13592,209,66,0,0,66.000,238.95
1743127,1028077,208541,1916,167,66,0,0,66.000,238.95
1743127,1087853,201664,1303,208,66,0,0,66.000,238.95
1743127,718856,1006928,3458,208,66,0,0,66.000,238.95
1743127,75980,132291,2835,208,66,0,0,66.000,238.95
1743127,70906,129821,6813,208,66,0,0,66.000,238.95
1743127,634416,1493126,19045,209,66,0,0,66.000,238.95
1743127,535084,1431291,2075,209,66,0,0,66.000,238.95
1743127,834791,225923,7739,208,66,0,0,66.000,238.95
1743127,1017206,512053,5836,166,66,0,0,66.000,238.95
1743127,803173,192117,5496,167,66,0,0,66.000,238.95
1743127,1587934,423898,21373,166,66,0,0,66.000,238.95
1743127,932767,392975,30523,208,66,0,0,66.000,238.95
1743127,171330,917873,34516,250,66,0,0,66.000,238.95
1743127,91139,57614,21571,209,66,0,0,66.000,238.95
1743127,1252953,1245845,14413,209,66,0,0,66.000,238.95
1743127,574826,233284,17575,209,66,0,0,66.000,238.95
1743127,1323567,719329,2858,208,66,0,0,66.000,238.95
1743127,1677100,647480,11515,166,66,0,0,66.000,238.95
1743127,1269344,1385871,13723,250,66,0,0,66.000,238.95
1746211,1142130,1710934,4767,375,66,0,0,66.000,415.20
1746211,418866,1746052,8499,208,66,0,0,66.000,415.20
1746211,676549,32338,1290,375,66,0,0,66.000,415.20
1746211,1497185,642307,25048,167,66,0,0,66.000,415.20
1746211,1037273,552140,24529,209,66,0,0,66.000,415.20
1746211,947450,553019,1265,208,66,0,0,66.000,415.20
1746211,954089,431990,3240,208,66,0,0,66.000,415.20
1746211,681299,872272,24884,167,66,0,0,66.000,415.20
1746211,1043109,503608,12677,375,66,0,0,66.000,415.20
1746211,1592867,1464446,49006,250,66,0,0,66.000,415.20
1746211,1222305,964976,11530,250,66,0,0,66.000,415.20
1746211,518846,1080433,12789,167,66,0,0,66.000,415.20
1746211,932222,893371,6133,167,66,0,0,66.000,415.20
1746211,79975,52774,3212,209,66,0,0,66.000,415.20
1746211,1560774,284869,27152,250,66,0,0,66.000,415.20
1746211,1579151,521604,43266,209,66,0,0,66.000,415.20
1746211,1135520,365911,33336,208,66,0,0,66.000,415.20
1746211,720223,347324,80397,208,66,0,0,66.000,415.20
1746211,1284544,339499,2400,209,66,0,0,66.000,415.20
1746211,870202,978035,42285,166,66,0,0,66.000,415.20
1746449,807756,244379,2771,125,66,0,0,66.000,118.96
1746449,319031,1396073,18222,209,66,0,0,66.000,118.96
1746449,874728,380809,5625,167,66,0,0,66.000,118.96
1746449,44524,1277330,9814,209,66,0,0,66.000,118.96
1746449,1092140,482996,17500,208,66,0,0,66.000,118.96
1746449,1395289,1247545,73,166,66,0,0,66.000,118.96
1746449,1512579,1079799,3453,166,66,0,0,66.000,118.96
1746449,57880,1191701,7090,334,66,0,0,66.000,118.96
1746449,1038470,629088,10106,208,66,0,0,66.000,118.96
1746449,354206,5240,1203,208,66,0,0,66.000,118.96
1746449,1018983,1041253,9249,166,66,0,0,66.000,118.96
1746449,983541,558581,7884,208,66,0,0,66.000,118.96
1746449,1620669,675283,5173,167,66,0,0,66.000,118.96
1746449,931093,1287714,1792,209,66,0,0,66.000,118.96
1746449,1184581,985763,6460,167,66,0,0,66.000,118.96
1746449,1275274,1378450,5812,208,66,0,0,66.000,118.96
1746449,1089655,153032,3488,209,66,0,0,66.000,118.96
1746449,1125370,1516496,2564,167,66,0,0,66.000,118.96
1746449,864273,278842,3688,209,66,0,0,66.000,118.96
1746449,28322,758981,7239,208,66,0,0,66.000,118.96
1746911,87827,816722,1137,166,66,0,0,66.000,111.80
1746911,1372995,1838,2674,292,66,0,0,66.000,111.80
1746911,1656677,1430358,22746,167,66,0,0,66.000,111.80
1746911,1363936,503301,8259,167,66,0,0,66.000,111.80
1746911,1161672,1457329,7163,208,66,0,0,66.000,111.80
1746911,681774,74410,18199,167,66,0,0,66.000,111.80
1746911,1240509,893197,7934,225,66,0,0,66.000,111.80
1746911,118999,1586514,263,291,66,0,0,66.000,111.80
1746911,1704206,1238822,10302,166,66,0,0,66.000,111.80
1746911,904282,1509083,4671,208,66,0,0,66.000,111.80
1746911,248910,379127,2469,166,66,0,0,66.000,111.80
1746911,960614,515638,2480,208,66,0,0,66.000,111.80
1746911,478546,1305520,5976,208,66,0,0,66.000,111.80
1746911,1040048,691651,6551,167,66,0,0,66.000,111.80
1746911,365997,139300,55,166,66,0,0,66.000,111.80
1746911,1383761,1386751,3525,209,66,0,0,66.000,111.80
1746911,368123,462617,8093,208,66,0,0,66.000,111.80
1746911,1730389,15167,7511,167,66,0,0,66.000,111.80
1746911,1137258,1246333,769,167,66,0,0,66.000,111.80
1746911,1274191,538788,222,166,66,0,0,66.000,111.80
1747231,702339,1295375,1680,209,66,0,0,66.000,179.87
1747231,1386181,790155,10955,333,66,0,0,66.000,179.87
1747231,1328653,930426,2799,208,66,0,0,66.000,179.87
1747231,1000188,415044,18999,208,66,0,0,66.000,179.87
1747231,32170,1335808,2666,166,66,0,0,66.000,179.87
1747231,193481,1536090,564,166,66,0,0,66.000,179.87
1747231,542558,1004500,32613,209,66,0,0,66.000,179.87
1747231,909114,472086,4341,208,66,0,0,66.000,179.87
1747231,353919,1250791,28094,209,66,0,0,66.000,179.87
1747231,1181089,1429549,10274,208,66,0,0,66.000,179.87
1747231,1521165,828536,1783,167,66,0,0,66.000,179.87
1747231,1423279,838263,9384,167,66,0,0,66.000,179.87
1747231,1653334,1441293,15166,167,66,0,0,66.000,179.87
1747231,1141012,1681858,500,208,66,0,0,66.000,179.87
1747231,180406,1391305,15731,208,66,0,0,66.000,179.87
1747231,278778,918669,5846,167,66,0,0,66.000,179.87
1747231,998769,1714489,6560,208,66,0,0,66.000,179.87
1747231,694205,383702,543,334,66,0,0,66.000,179.87
1747231,373459,1643244,27674,292,66,0,0,66.000,179.87
1747231,899277,746703,5833,167,66,0,0,66.000,179.87
1747987,708428,821167,28620,209,66,0,0,66.000,336.28
1747987,624430,766817,661,208,66,0,0,66.000,336.28
1747987,1335662,190139,23967,209,66,0,0,66.000,336.28
1747987,671021,435910,16109,209,66,0,0,66.000,336.28
1747987,996466,1615935,27892,209,66,0,0,66.000,336.28
1747987,602789,659960,4901,208,66,0,0,66.000,336.28
1747987,1164162,1521816,4589,208,66,0,0,66.000,336.28
1747987,261996,332793,24969,208,66,0,0,66.000,336.28
1747987,1727255,303196,19075,209,66,0,0,66.000,336.28
1747987,1086785,895904,16739,417,66,0,0,66.000,336.28
1747987,203796,1215404,5850,209,66,0,0,66.000,336.28
1747987,1106718,1204128,24955,208,66,0,0,66.000,336.28
1747987,99134,1066742,3267,209,66,0,0,66.000,336.28
1747987,121233,540525,11043,166,66,0,0,66.000,336.28
1747987,803301,323184,5068,208,66,0,0,66.000,336.28
1747987,384389,1063430,26370,208,66,0,0,66.000,336.28
1747987,1079811,896498,69663,167,66,0,0,66.000,336.28
1747987,1305416,1046911,3100,208,66,0,0,66.000,336.28
1747987,99134,1030689,16747,250,66,0,0,66.000,336.28
1747987,981972,1272315,3089,208,66,0,0,66.000,336.28
1748743,879821,542523,8888,209,66,0,0,66.000,268.79
1748743,555969,1464261,13097,208,66,0,0,66.000,268.79
1748743,1165259,1101466,27725,250,66,0,0,66.000,268.79
1748743,208673,980395,24417,208,66,0,0,66.000,268.79
1748743,1143938,356151,18706,208,66,0,0,66.000,268.79
1748743,1667564,1681378,15022,541,66,0,0,66.000,268.79
1748743,1099254,1502308,14700,208,66,0,0,66.000,268.79
1748743,292619,327791,8929,375,66,0,0,66.000,268.79
1748743,977729,1002769,5712,208,66,0,0,66.000,268.79
1748743,1060189,28394,1332,208,66,0,0,66.000,268.79
1748743,1202901,1687768,1599,208,66,0,0,66.000,268.79
1748743,678346,1313082,11318,208,66,0,0,66.000,268.79
1748743,1376877,880637,13516,209,66,0,0,66.000,268.79
1748743,551530,397761,21320,208,66,0,0,66.000,268.79
1748743,838531,892826,746,250,66,0,0,66.000,268.79
1748743,1627146,396033,25470,208,66,0,0,66.000,268.79
1748743,491433,1744959,9445,250,66,0,0,66.000,268.79
1748743,279302,333421,3871,208,66,0,0,66.000,268.79
1748743,763802,1291303,8723,292,66,0,0,66.000,268.79
1748743,137227,1318032,12463,250,66,0,0,66.000,268.79
1749499,155613,1399242,26465,167,66,0,0,66.000,196.35
1749499,744168,130682,5247,208,66,0,0,66.000,196.35
1749499,1413083,707996,15741,167,66,0,0,66.000,196.35
1749499,1487211,1060170,3657,167,66,0,0,66.000,196.35
1749499,355004,1170102,5742,209,66,0,0,66.000,196.35
1749499,627429,456214,13097,208,66,0,0,66.000,196.35
1749499,804309,1457039,30291,209,66,0,0,66.000,196.35
1749499,1533664,496539,7202,167,66,0,0,66.000,196.35
1749499,1059029,1349223,7930,333,66,0,0,66.000,196.35
1749499,1045393,906786,1465,208,66,0,0,66.000,196.35
1749499,188011,323617,2137,167,66,0,0,66.000,196.35
1749499,1233494,1186605,7,167,66,0,0,66.000,196.35
1749499,725394,560897,27944,208,66,0,0,66.000,196.35
1749499,1100651,530504,7103,333,66,0,0,66.000,196.35
1749499,1532500,308519,36807,166,66,0,0,66.000,196.35
1749499,28909,989451,7972,167,66,0,0,66.000,196.35
1749499,1072610,1242299,9885,167,66,0,0,66.000,196.35
1749499,1215399,164401,1588,208,66,0,0,66.000,196.35
1749499,329209,412289,19370,125,66,0,0,66.000,196.35
1749499,338555,1270013,12472,291,66,0,0,66.000,196.35
1750267,1205819,1219859,54535,167,66,0,0,66.000,123.92
1750267,1223879,1049372,9477,167,66,0,0,66.000,123.92
1750267,1476065,1376109,5430,166,66,0,0,66.000,123.92
1750267,1676387,1175350,4304,166,66,0,0,66.000,123.92
1750267,557701,662787,72,166,66,0,0,66.000,123.92
1750267,199886,467814,619,292,66,0,0,66.000,123.92
1750267,460861,955311,3681,167,66,0,0,66.000,123.92
1750267,213235,252198,12668,291,66,0,0,66.000,123.92
1750267,1568919,1152789,11220,167,66,0,0,66.000,123.92
1750267,1086898,253854,5083,208,66,0,0,66.000,123.92
1750267,961412,1054875,3277,167,66,0,0,66.000,123.92
1750267,1519223,637205,1371,208,66,0,0,66.000,123.92
1750267,704649,1326778,3613,166,66,0,0,66.000,123.92
1750267,929712,37963,9222,209,66,0,0,66.000,123.92
1750267,1355267,1110861,4161,292,66,0,0,66.000,123.92
1750267,20134,1732854,6007,167,66,0,0,66.000,123.92
1750267,875822,1445161,7690,208,66,0,0,66.000,123.92
1750267,160507,327007,29,167,66,0,0,66.000,123.92
1750267,988084,530839,9574,209,66,0,0,66.000,123.92
1750267,837065,25231,8908,209,66,0,0,66.000,123.92
1753289,843234,1141489,13506,250,66,0,0,66.000,205.64
1753289,1648602,1544489,24590,208,66,0,0,66.000,205.64
1753289,409072,1721967,1394,208,66,0,0,66.000,205.64
1753289,884868,154559,19195,250,66,0,0,66.000,205.64
1753289,1355737,1423981,8233,250,66,0,0,66.000,205.64
1753289,1603807,76950,9412,209,66,0,0,66.000,205.64
1753289,1328164,1305033,671,250,66,0,0,66.000,205.64
1753289,102051,580590,13831,167,66,0,0,66.000,205.64
1753289,789054,873590,898,250,66,0,0,66.000,205.64
1753289,1273787,1605550,653,209,66,0,0,66.000,205.64
1753289,1566558,462600,17872,208,66,0,0,66.000,205.64
1753289,1164927,1659545,38902,209,66,0,0,66.000,205.64
1753289,1060016,1467345,78,208,66,0,0,66.000,205.64
1753289,927742,906836,305,209,66,0,0,66.000,205.64
1753289,784616,1273736,6645,250,66,0,0,66.000,205.64
1753289,1260093,1574276,3526,250,66,0,0,66.000,205.64
1753289,1632034,983003,7325,459,66,0,0,66.000,205.64
1753289,23710,1340332,5475,250,66,0,0,66.000,205.64
1753289,1496974,1676319,8715,250,66,0,0,66.000,205.64
1753289,1681586,1397516,4141,208,66,0,0,66.000,205.64
1755263,1291960,1492431,5640,250,66,0,0,66.000,177.27
1755263,1464809,1659298,13253,250,66,0,0,66.000,177.27
1755263,547015,688466,23603,208,66,0,0,66.000,177.27
1755263,624943,594748,6112,250,66,0,0,66.000,177.27
1755263,1694740,296341,20799,209,66,0,0,66.000,177.27
1755263,623237,838814,2541,209,66,0,0,66.000,177.27
1755263,1186136,499931,1789,208,66,0,0,66.000,177.27
1755263,715020,446332,11729,208,66,0,0,66.000,177.27
1755263,936938,667533,3577,208,66,0,0,66.000,177.27
1755263,452612,1705782,3924,250,66,0,0,66.000,177.27
1755263,705191,1431507,1493,208,66,0,0,66.000,177.27
1755263,899256,833640,8313,208,66,0,0,66.000,177.27
1755263,1197622,979830,2182,209,66,0,0,66.000,177.27
1755263,1540356,505618,1582,417,66,0,0,66.000,177.27
1755263,1146432,1408976,3872,375,66,0,0,66.000,177.27
1755263,814837,683650,11730,208,66,0,0,66.000,177.27
1755263,129994,52145,6920,208,66,0,0,66.000,177.27
1755263,619105,1122264,20984,208,66,0,0,66.000,177.27
1755263,1372836,505950,90,250,66,0,0,66.000,177.27
1755263,1378517,519383,11700,250,66,0,0,66.000,177.27
1761989,1695055,148621,4078,167,66,0,0,66.000,193.45
1761989,534793,1467018,890,292,66,0,0,66.000,193.45
1761989,870744,988519,14911,333,66,0,0,66.000,193.45
1761989,903963,1544172,9906,209,66,0,0,66.000,193.45
1761989,11901,1355570,9906,166,66,0,0,66.000,193.45
1761989,723480,1253859,20742,167,66,0,0,66.000,193.45
1761989,383419,961295,20062,167,66,0,0,66.000,193.45
1761989,1728607,207387,9888,209,66,0,0,66.000,193.45
1761989,913410,961901,2585,209,66,0,0,66.000,193.45
1761989,288838,55099,1937,209,66,0,0,66.000,193.45
1761989,673630,350599,12082,334,66,0,0,66.000,193.45
1761989,440157,73539,916,167,66,0,0,66.000,193.45
1761989,1589280,1281891,6177,209,66,0,0,66.000,193.45
1761989,240331,101411,15586,166,66,0,0,66.000,193.45
1761989,598041,444920,2523,166,66,0,0,66.000,193.45
1761989,75766,313598,30029,167,66,0,0,66.000,193.45
1761989,953972,895251,24074,208,66,0,0,66.000,193.45
1761989,1060176,765224,12570,167,66,0,0,66.000,193.45
1761989,127678,520403,3257,208,66,0,0,66.000,193.45
1761989,144266,1363976,22004,166,66,0,0,66.000,193.45
1762931,246489,339922,4167,209,66,0,0,66.000,248.60
1762931,367426,1164792,15826,208,66,0,0,66.000,248.60
1762931,1335752,145511,13888,167,66,0,0,66.000,248.60
1762931,1304737,786969,6408,375,66,0,0,66.000,248.60
1762931,1193498,238102,10603,166,66,0,0,66.000,248.60
1762931,655876,1544706,379,208,66,0,0,66.000,248.60
1762931,1612569,497162,21391,208,66,0,0,66.000,248.60
1762931,115915,1572509,23213,333,66,0,0,66.000,248.60
1762931,1199508,1343566,8299,167,66,0,0,66.000,248.60
1762931,542211,1217064,677,167,66,0,0,66.000,248.60
1762931,809470,1341163,26921,166,66,0,0,66.000,248.60
1762931,1530515,188425,2736,167,66,0,0,66.000,248.60
1762931,1088192,1570886,19004,209,66,0,0,66.000,248.60
1762931,420638,587871,37838,208,66,0,0,66.000,248.60
1762931,665310,1393860,5871,208,66,0,0,66.000,248.60
1762931,532009,694379,10763,167,66,0,0,66.000,248.60
1762931,1046468,1322317,2486,334,66,0,0,66.000,248.60
1762931,158470,799350,32188,250,66,0,0,66.000,248.60
1762931,1248386,444447,11216,208,66,0,0,66.000,248.60
1762931,1180973,286506,6512,167,66,0,0,66.000,248.60
1763701,376730,524742,9847,167,66,0,0,66.000,216.23
1763701,1354418,682328,1165,333,66,0,0,66.000,216.23
1763701,729287,937639,48579,167,66,0,0,66.000,216.23
1763701,620661,1403778,20154,167,66,0,0,66.000,216.23
1763701,99976,694490,7155,333,66,0,0,66.000,216.23
1763701,1653001,317913,6778,167,66,0,0,66.000,216.23
1763701,432186,1160414,5341,167,66,0,0,66.000,216.23
1763701,1215191,908697,784,167,66,0,0,66.000,216.23
1763701,104222,1657798,19975,208,66,0,0,66.000,216.23
1763701,720185,112103,28069,166,66,0,0,66.000,216.23
1763701,608807,117673,13019,208,66,0,0,66.000,216.23
1763701,232688,1134612,10381,208,66,0,0,66.000,216.23
1763701,1331920,942856,22753,208,66,0,0,66.000,216.23
1763701,982061,1396013,339,167,66,0,0,66.000,216.23
1763701,655816,1043274,11549,167,66,0,0,66.000,216.23
1763701,1179795,901591,206,208,66,0,0,66.000,216.23
1763701,14794,238708,8307,291,66,0,0,66.000,216.23
1763701,67810,1067646,5338,166,66,0,0,66.000,216.23
1763701,14847,618073,16419,167,66,0,0,66.000,216.23
1763701,1588727,1746881,3306,208,66,0,0,66.000,216.23
1768229,858464,1717754,4902,208,66,0,0,66.000,218.46
1768229,101470,707114,4036,208,66,0,0,66.000,218.46
1768229,1712328,1654321,21265,250,66,0,0,66.000,218.46
1768229,1252913,1262839,4156,208,66,0,0,66.000,218.46
1768229,1432005,1619018,176,208,66,0,0,66.000,218.46
1768229,924270,611311,4548,166,66,0,0,66.000,218.46
1768229,1319823,1649070,11891,416,66,0,0,66.000,218.46
1768229,967075,862322,7011,208,66,0,0,66.000,218.46
1768229,331396,982275,2838,208,66,0,0,66.000,218.46
1768229,99938,1423218,13796,209,66,0,0,66.000,218.46
1768229,965994,64125,23615,375,66,0,0,66.000,218.46
1768229,448590,492212,6373,208,66,0,0,66.000,218.46
1768229,326262,1166814,14610,167,66,0,0,66.000,218.46
1768229,85948,1117604,13363,209,66,0,0,66.000,218.46
1768229,18011,711990,266,209,66,0,0,66.000,218.46
1768229,1458434,1508132,2040,208,66,0,0,66.000,218.46
1768229,452513,113532,18109,209,66,0,0,66.000,218.46
1768229,318861,1308706,21599,250,66,0,0,66.000,218.46
1768229,318473,747966,23712,208,66,0,0,66.000,218.46
1768229,1064796,451409,13914,166,66,0,0,66.000,218.46
1768951,194548,1057218,15465,209,66,0,0,66.000,283.48
1768951,218084,1206273,4329,209,66,0,0,66.000,283.48
1768951,1057643,214296,3900,375,66,0,0,66.000,283.48
1768951,1295266,490343,1331,208,66,0,0,66.000,283.48
1768951,25014,491061,3060,250,66,0,0,66.000,283.48
1768951,1124570,443105,17146,167,66,0,0,66.000,283.48
1768951,21818,63667,1487,166,66,0,0,66.000,283.48
1768951,1506980,110698,8314,250,66,0,0,66.000,283.48
1768951,883022,323305,35589,209,66,0,0,66.000,283.48
1768951,854665,1317502,22686,208,66,0,0,66.000,283.48
1768951,971797,1749194,34113,166,66,0,0,66.000,283.48
1768951,967870,629197,1344,209,66,0,0,66.000,283.48
1768951,1548113,1544820,24931,333,66,0,0,66.000,283.48
1768951,128775,1057468,14405,209,66,0,0,66.000,283.48
1768951,405963,251096,14846,208,66,0,0,66.000,283.48
1768951,515313,1642744,24540,333,66,0,0,66.000,283.48
1768951,530650,1698153,15240,208,66,0,0,66.000,283.48
1768951,1102933,418273,32530,167,66,0,0,66.000,283.48
1768951,497525,109909,7902,333,66,0,0,66.000,283.48
1768951,1374340,1246377,8294,209,66,0,0,66.000,283.48
1776193,1381004,544345,6352,208,66,0,0,66.000,253.32
1776193,118612,559379,13474,167,66,0,0,66.000,253.32
1776193,1635683,1003378,14152,166,66,0,0,66.000,253.32
1776193,1622262,903420,19391,167,66,0,0,66.000,253.32
1776193,452289,260026,9456,208,66,0,0,66.000,253.32
1776193,436823,308397,17985,166,66,0,0,66.000,253.32
1776193,265669,828555,3009,208,66,0,0,66.000,253.32
1776193,28904,190114,7473,167,66,0,0,66.000,253.32
1776193,1721683,1730897,1517,209,66,0,0,66.000,253.32
1776193,1189355,978829,8334,334,66,0,0,66.000,253.32
1776193,1357907,51010,5569,209,66,0,0,66.000,253.32
1776193,29259,1342677,26291,167,66,0,0,66.000,253.32
1776193,891076,1488590,36412,208,66,0,0,66.000,253.32
1776193,765029,1027979,5375,166,66,0,0,66.000,253.32
1776193,1316468,974619,20530,167,66,0,0,66.000,253.32
1776193,1685243,852914,13712,208,66,0,0,66.000,253.32
1776193,173898,1094474,9280,209,66,0,0,66.000,253.32
1776193,547389,257844,23022,167,66,0,0,66.000,253.32
1776193,1448546,944225,11477,209,66,0,0,66.000,253.32
1776193,1695774,1060908,13089,209,66,0,0,66.000,253.32
1776673,1527952,1742748,11539,209,66,0,0,66.000,280.38
1776673,997388,317531,463,166,66,0,0,66.000,280.38
1776673,1568886,554590,16575,208,66,0,0,66.000,280.38
1776673,653875,1191380,17774,208,66,0,0,66.000,280.38
1776673,688762,1467067,41307,167,66,0,0,66.000,280.38
1776673,1497587,759109,8784,209,66,0,0,66.000,280.38
1776673,1236333,1670986,26821,208,66,0,0,66.000,280.38
1776673,391159,85315,42941,208,66,0,0,66.000,280.38
1776673,53299,1381460,11758,166,66,0,0,66.000,280.38
1776673,1494528,1136213,25961,333,66,0,0,66.000,280.38
1776673,1685838,1606313,696,375,66,0,0,66.000,280.38
1776673,137789,1594392,4911,166,66,0,0,66.000,280.38
1776673,1429766,1060429,31953,208,66,0,0,66.000,280.38
1776673,866324,1552951,11194,167,66,0,0,66.000,280.38
1776673,1423803,847912,3,208,66,0,0,66.000,280.38
1776673,830801,186452,314,167,66,0,0,66.000,280.38
1776673,925137,532899,13787,167,66,0,0,66.000,280.38
1776673,419592,220171,8726,375,66,0,0,66.000,280.38
1776673,100314,1635441,7421,167,66,0,0,66.000,280.38
1776673,1379687,730873,8171,208,66,0,0,66.000,280.38
1777289,1285732,1534674,1800,208,66,0,0,66.000,291.34
1777289,1297154,1421159,2874,375,66,0,0,66.000,291.34
1777289,1114741,1710850,8877,208,66,0,0,66.000,291.34
1777289,735736,1083396,52099,209,66,0,0,66.000,291.34
1777289,917514,449104,21046,208,66,0,0,66.000,291.34
1777289,1663220,1312318,18023,209,66,0,0,66.000,291.34
1777289,413804,1357640,22729,167,66,0,0,66.000,291.34
1777289,1080189,1706827,3790,167,66,0,0,66.000,291.34
1777289,482066,1519741,20653,208,66,0,0,66.000,291.34
1777289,1096165,1465702,21909,167,66,0,0,66.000,291.34
1777289,1735405,343590,6783,250,66,0,0,66.000,291.34
1777289,1085702,614331,30351,334,66,0,0,66.000,291.34
1777289,1049142,1252024,9494,167,66,0,0,66.000,291.34
1777289,1265165,1595675,3799,208,66,0,0,66.000,291.34
1777289,725360,833279,8218,166,66,0,0,66.000,291.34
1777289,282960,275853,946,167,66,0,0,66.000,291.34
1777289,206559,1577897,2443,208,66,0,0,66.000,291.34
1777289,1771644,383440,32725,208,66,0,0,66.000,291.34
1777289,280138,911578,22647,166,66,0,0,66.000,291.34
1777289,709875,1704480,9157,417,66,0,0,66.000,291.34
1778003,1377474,1428001,5616,250,66,0,0,66.000,518.45
1778003,388543,1545281,37384,208,66,0,0,66.000,518.45
1778003,262092,1097182,30489,417,66,0,0,66.000,518.45
1778003,1531961,132971,17830,208,66,0,0,66.000,518.45
1778003,1593379,187602,11673,166,66,0,0,66.000,518.45
1778003,1121166,1432813,17987,209,66,0,0,66.000,518.45
1778003,1671809,692252,17407,250,66,0,0,66.000,518.45
1778003,634386,624856,34111,375,66,0,0,66.000,518.45
1778003,681001,322439,13034,208,66,0,0,66.000,518.45
1778003,1017775,1510460,52629,250,66,0,0,66.000,518.45
1778003,1321566,70308,30464,208,66,0,0,66.000,518.45
1778003,1337343,1538357,47287,208,66,0,0,66.000,518.45
1778003,568993,426399,32606,208,66,0,0,66.000,518.45
1778003,1507234,846586,55542,209,66,0,0,66.000,518.45
1778003,1593834,464235,5465,209,66,0,0,66.000,518.45
1778003,610511,1457463,12767,375,66,0,0,66.000,518.45
1778003,1498325,489101,4054,250,66,0,0,66.000,518.45
1778003,650558,502555,6619,208,66,0,0,66.000,518.45
1778003,800230,1634873,6188,209,66,0,0,66.000,518.45
1778003,533693,1487835,29433,250,66,0,0,66.000,518.45
1779017,465180,1034000,31890,208,66,0,0,66.000,389.72
1779017,1578039,343750,13516,250,66,0,0,66.000,389.72
1779017,479287,1286833,15083,375,66,0,0,66.000,389.72
1779017,228009,481559,7411,167,66,0,0,66.000,389.72
1779017,1124682,1693283,27414,375,66,0,0,66.000,389.72
1779017,57922,974454,28913,250,66,0,0,66.000,389.72
1779017,364876,485893,24561,209,66,0,0,66.000,389.72
1779017,302371,1048705,7620,208,66,0,0,66.000,389.72
1779017,1064698,1632945,31893,250,66,0,0,66.000,389.72
1779017,384432,235929,30102,375,66,0,0,66.000,389.72
1779017,527226,907866,12022,208,66,0,0,66.000,389.72
1779017,1144069,1677637,1557,292,66,0,0,66.000,389.72
1779017,1337884,330442,7757,208,66,0,0,66.000,389.72
1779017,282661,904927,4274,250,66,0,0,66.000,389.72
1779017,627342,125894,27468,458,66,0,0,66.000,389.72
1779017,778793,624443,10619,208,66,0,0,66.000,389.72
1779017,1498884,860605,4821,417,66,0,0,66.000,389.72
1779017,1695484,1674693,26040,250,66,0,0,66.000,389.72
1779017,490346,107885,7345,209,66,0,0,66.000,389.72
1779017,1628041,1071118,30722,292,66,0,0,66.000,389.72
1779161,284752,853232,8326,208,66,0,0,66.000,248.04
1779161,1201008,1596315,2863,208,66,0,0,66.000,248.04
1779161,833463,467526,8728,208,66,0,0,66.000,248.04
1779161,474175,1258141,17824,167,66,0,0,66.000,248.04
1779161,268622,1591456,5910,208,66,0,0,66.000,248.04
1779161,617885,823364,23443,167,66,0,0,66.000,248.04
1779161,1064657,240147,1023,208,66,0,0,66.000,248.04
1779161,1430690,1369941,3321,250,66,0,0,66.000,248.04
1779161,1745739,1476009,233,250,66,0,0,66.000,248.04
1779161,290030,1072417,13210,208,66,0,0,66.000,248.04
1779161,1084928,720002,5681,208,66,0,0,66.000,248.04
1779161,331035,650418,26549,333,66,0,0,66.000,248.04
1779161,1457462,1022764,19625,250,66,0,0,66.000,248.04
1779161,1100059,159799,52473,209,66,0,0,66.000,248.04
1779161,1203690,357944,4235,209,66,0,0,66.000,248.04
1779161,1281487,383434,13010,250,66,0,0,66.000,248.04
1779161,903774,215757,3171,375,66,0,0,66.000,248.04
1779161,775877,138715,5375,208,66,0,0,66.000,248.04
1779161,161088,1144687,6002,208,66,0,0,66.000,248.04
1779161,1444571,639551,8367,209,66,0,0,66.000,248.04
1780067,1141525,355401,1275,209,66,0,0,66.000,176.02
1780067,628486,129258,21309,167,66,0,0,66.000,176.02
1780067,1158795,1153286,5482,209,66,0,0,66.000,176.02
1780067,5059,267298,10009,208,66,0,0,66.000,176.02
1780067,259451,1752342,3949,208,66,0,0,66.000,176.02
1780067,464764,1004914,14663,167,66,0,0,66.000,176.02
1780067,1384437,1760302,6318,250,66,0,0,66.000,176.02
1780067,1348114,1228418,2745,167,66,0,0,66.000,176.02
1780067,1592927,1139879,8015,166,66,0,0,66.000,176.02
1780067,934915,396062,7568,208,66,0,0,66.000,176.02
1780067,588868,851220,18507,166,66,0,0,66.000,176.02
1780067,1226756,1281954,3035,208,66,0,0,66.000,176.02
1780067,943737,143845,2315,208,66,0,0,66.000,176.02
1780067,494349,1113115,528,209,66,0,0,66.000,176.02
1780067,126170,1580253,3836,250,66,0,0,66.000,176.02
1780067,1285718,109167,3069,208,66,0,0,66.000,176.02
1780067,511673,323696,6266,208,66,0,0,66.000,176.02
1780067,1331047,1681764,27454,209,66,0,0,66.000,176.02
1780067,524257,13679,23237,209,66,0,0,66.000,176.02
1780067,1298735,3263,2307,209,66,0,0,66.000,176.02
1780817,1745382,1420116,8634,167,66,0,0,66.000,301.03
1780817,1711660,781635,68951,167,66,0,0,66.000,301.03
1780817,1024510,1133525,26287,208,66,0,0,66.000,301.03
1780817,589597,104736,1708,208,66,0,0,66.000,301.03
1780817,1280388,1581541,9288,167,66,0,0,66.000,301.03
1780817,350108,1100919,30974,208,66,0,0,66.000,301.03
1780817,1733519,828549,4780,208,66,0,0,66.000,301.03
1780817,582251,1224510,31067,208,66,0,0,66.000,301.03
1780817,882781,1261213,4388,208,66,0,0,66.000,301.03
1780817,294249,1334727,24182,291,66,0,0,66.000,301.03
1780817,626824,752643,249,209,66,0,0,66.000,301.03
1780817,974119,693087,14536,167,66,0,0,66.000,301.03
1780817,421431,835784,22098,292,66,0,0,66.000,301.03
1780817,1151709,1772589,30721,167,66,0,0,66.000,301.03
1780817,666162,248770,6630,209,66,0,0,66.000,301.03
1780817,1541888,316481,4676,166,66,0,0,66.000,301.03
1780817,729646,1660777,7296,291,66,0,0,66.000,301.03
1780817,1207577,1256738,35130,333,66,0,0,66.000,301.03
1780817,680973,813528,42243,208,66,0,0,66.000,301.03
1780817,542096,253750,725,209,66,0,0,66.000,301.03
1783069,1229227,853809,10717,417,66,0,0,66.000,672.06
1783069,1705542,261601,8706,208,66,0,0,66.000,672.06
1783069,46014,1328645,46506,417,66,0,0,66.000,672.06
1783069,957497,1367283,28905,167,66,0,0,66.000,672.06
1783069,770175,1062084,802,250,66,0,0,66.000,672.06
1783069,842681,946942,20857,209,66,0,0,66.000,672.06
1783069,1027885,291546,80870,209,66,0,0,66.000,672.06
1783069,1414056,1238366,364,250,66,0,0,66.000,672.06
1783069,1093141,1037745,6164,250,66,0,0,66.000,672.06
1783069,1044554,1354851,9551,250,66,0,0,66.000,672.06
1783069,144934,750727,35117,209,66,0,0,66.000,672.06
1783069,892391,577755,6689,208,66,0,0,66.000,672.06
1783069,1695181,1035623,13832,250,66,0,0,66.000,672.06
1783069,422536,362998,33697,209,66,0,0,66.000,672.06
1783069,277728,1704782,47477,209,66,0,0,66.000,672.06
1783069,1578018,1758192,27592,250,66,0,0,66.000,672.06
1783069,982377,976170,1560,250,66,0,0,66.000,672.06
1783069,53351,152003,3730,250,66,0,0,66.000,672.06
1783069,827652,1641246,220465,250,66,0,0,66.000,672.06
1783069,1706211,1048630,907,250,66,0,0,66.000,672.06
1785869,542641,181603,1792,208,66,0,0,66.000,204.28
1785869,229384,382580,9641,208,66,0,0,66.000,204.28
1785869,256783,46304,3211,375,66,0,0,66.000,204.28
1785869,1124981,1296677,15995,167,66,0,0,66.000,204.28
1785869,272194,1491310,14988,209,66,0,0,66.000,204.28
1785869,1210657,85915,46625,375,66,0,0,66.000,204.28
1785869,474182,8255,1868,250,66,0,0,66.000,204.28
1785869,1694380,744586,2035,209,66,0,0,66.000,204.28
1785869,552227,1217450,2465,166,66,0,0,66.000,204.28
1785869,1700824,1733766,5913,250,66,0,0,66.000,204.28
1785869,994144,353939,175,208,66,0,0,66.000,204.28
1785869,786670,1695114,6623,208,66,0,0,66.000,204.28
1785869,1042103,198591,4219,250,66,0,0,66.000,204.28
1785869,1314718,351116,18303,166,66,0,0,66.000,204.28
1785869,1770879,1543440,14141,250,66,0,0,66.000,204.28
1785869,333349,1680740,14368,209,66,0,0,66.000,204.28
1785869,1773101,1341687,17374,167,66,0,0,66.000,204.28
1785869,569555,977155,6849,208,66,0,0,66.000,204.28
1785869,925315,335349,8009,250,66,0,0,66.000,204.28
1785869,644132,554260,2606,208,66,0,0,66.000,204.28
1786333,783735,1166493,12020,268,66,0,0,66.000,224.48
1786333,1070451,597292,14447,375,66,0,0,66.000,224.48
1786333,1131241,251628,511,250,66,0,0,66.000,224.48
1786333,380315,371448,434,250,66,0,0,66.000,224.48
1786333,17822,579760,6253,250,66,0,0,66.000,224.48
1786333,1086515,1143557,12836,250,66,0,0,66.000,224.48
1786333,835871,1291209,4663,417,66,0,0,66.000,224.48
1786333,1117976,104040,16109,208,66,0,0,66.000,224.48
1786333,980190,1362444,28042,208,66,0,0,66.000,224.48
1786333,344886,803254,373,250,66,0,0,66.000,224.48
1786333,186973,651610,25513,250,66,0,0,66.000,224.48
1786333,494633,1776168,568,417,66,0,0,66.000,224.48
1786333,1591807,1516541,29764,250,66,0,0,66.000,224.48
1786333,1702937,1611773,501,459,66,0,0,66.000,224.48
1786333,1465949,1228369,6042,291,66,0,0,66.000,224.48
1786333,518664,41249,3384,208,66,0,0,66.000,224.48
1786333,1084284,1640349,12210,250,66,0,0,66.000,224.48
1786333,861761,869400,6195,250,66,0,0,66.000,224.48
1786333,1558244,609405,15902,250,66,0,0,66.000,224.48
1786333,1586211,817962,1850,250,66,0,0,66.000,224.48
1790539,789638,124641,28146,208,66,0,0,66.000,445.68
1790539,1449430,1784036,10661,209,66,0,0,66.000,445.68
1790539,854402,1348563,14376,209,66,0,0,66.000,445.68
1790539,581439,475365,8826,167,66,0,0,66.000,445.68
1790539,1113569,974332,1145,208,66,0,0,66.000,445.68
1790539,697982,1474071,19583,250,66,0,0,66.000,445.68
1790539,1275553,1359218,98304,208,66,0,0,66.000,445.68
1790539,1346098,54147,5055,333,66,0,0,66.000,445.68
1790539,1435503,460234,1943,209,66,0,0,66.000,445.68
1790539,1332527,1356962,1597,208,66,0,0,66.000,445.68
1790539,1224284,1306595,11078,167,66,0,0,66.000,445.68
1790539,1364922,1672861,211,208,66,0,0,66.000,445.68
1790539,315869,1528342,24600,209,66,0,0,66.000,445.68
1790539,57564,1009368,82045,166,66,0,0,66.000,445.68
1790539,111995,1316195,41290,167,66,0,0,66.000,445.68
1790539,195110,1594333,7631,208,66,0,0,66.000,445.68
1790539,28165,191859,9342,208,66,0,0,66.000,445.68
1790539,603555,1259101,25603,167,66,0,0,66.000,445.68
1790539,979786,1260887,35619,167,66,0,0,66.000,445.68
1790539,845384,331930,15949,334,66,0,0,66.000,445.68
1791277,694681,1398697,22595,167,66,0,0,66.000,518.39
1791277,1725102,1169792,100251,208,66,0,0,66.000,518.39
1791277,742198,655471,19648,208,66,0,0,66.000,518.39
1791277,564181,772621,24137,416,66,0,0,66.000,518.39
1791277,432067,1494770,20091,208,66,0,0,66.000,518.39
1791277,362849,575494,4638,333,66,0,0,66.000,518.39
1791277,834276,553834,9481,167,66,0,0,66.000,518.39
1791277,933065,1272167,10332,166,66,0,0,66.000,518.39
1791277,1642072,1431315,15712,250,66,0,0,66.000,518.39
1791277,695700,748734,16727,208,66,0,0,66.000,518.39
1791277,900129,1416033,4753,250,66,0,0,66.000,518.39
1791277,41256,806864,1345,209,66,0,0,66.000,518.39
1791277,1095577,271794,72944,209,66,0,0,66.000,518.39
1791277,1268833,1320127,34442,250,66,0,0,66.000,518.39
1791277,32072,1493316,16140,208,66,0,0,66.000,518.39
1791277,1230789,55388,58262,250,66,0,0,66.000,518.39
1791277,589229,894969,24372,208,66,0,0,66.000,518.39
1791277,622375,1337101,14110,208,66,0,0,66.000,518.39
1791277,1477994,943453,19771,208,66,0,0,66.000,518.39
1791277,1028428,730407,18987,209,66,0,0,66.000,518.39
1792477,1727897,647916,3185,208,66,0,0,66.000,346.56
1792477,1128848,561780,2025,250,66,0,0,66.000,346.56
1792477,1513686,1393129,35544,250,66,0,0,66.000,346.56
1792477,160815,264405,42418,250,66,0,0,66.000,346.56
1792477,1586823,1367951,17975,250,66,0,0,66.000,346.56
1792477,788661,1127204,10603,209,66,0,0,66.000,346.56
1792477,284285,626712,27299,208,66,0,0,66.000,346.56
1792477,736659,1584433,9992,333,66,0,0,66.000,346.56
1792477,1100288,1708807,1045,250,66,0,0,66.000,346.56
1792477,1785458,97848,847,208,66,0,0,66.000,346.56
1792477,313860,240346,32859,209,66,0,0,66.000,346.56
1792477,1279232,1323987,3758,250,66,0,0,66.000,346.56
1792477,1505503,936809,256,250,66,0,0,66.000,346.56
1792477,1225043,1675310,2680,167,66,0,0,66.000,346.56
1792477,504827,217030,46628,208,66,0,0,66.000,346.56
1792477,973352,1196751,34810,208,66,0,0,66.000,346.56
1792477,1468965,1657170,8768,250,66,0,0,66.000,346.56
1792477,535936,603299,11151,292,66,0,0,66.000,346.56
1792477,907625,1558991,7473,250,66,0,0,66.000,346.56
1792477,1383948,771372,11997,375,66,0,0,66.000,346.56
1795141,455699,1503674,20666,208,66,0,0,66.000,318.41
1795141,89468,1294361,24,167,66,0,0,66.000,318.41
1795141,202072,1662927,1719,208,66,0,0,66.000,318.41
1795141,175181,1626713,4840,375,66,0,0,66.000,318.41
1795141,748658,185626,14628,209,66,0,0,66.000,318.41
1795141,462466,522583,34807,208,66,0,0,66.000,318.41
1795141,1148336,621164,5974,208,66,0,0,66.000,318.41
1795141,1113674,502340,14941,417,66,0,0,66.000,318.41
1795141,132238,1460090,23059,208,66,0,0,66.000,318.41
1795141,1629459,202169,13108,209,66,0,0,66.000,318.41
1795141,840690,1390170,48703,209,66,0,0,66.000,318.41
1795141,500168,1352293,33230,209,66,0,0,66.000,318.41
1795141,1499611,666937,105,250,66,0,0,66.000,318.41
1795141,1603498,12334,10483,208,66,0,0,66.000,318.41
1795141,1435919,702361,3343,208,66,0,0,66.000,318.41
1795141,1688425,1414462,11121,250,66,0,0,66.000,318.41
1795141,336687,410265,2668,208,66,0,0,66.000,318.41
1795141,603772,194203,20654,208,66,0,0,66.000,318.41
1795141,393187,958876,9343,208,66,0,0,66.000,318.41
1795141,928930,1495114,26890,208,66,0,0,66.000,318.41
1798963,1509328,233607,4624,166,66,0,0,66.000,282.46
1798963,1797641,1510755,63717,209,66,0,0,66.000,282.46
1798963,589437,63232,15199,250,66,0,0,66.000,282.46
1798963,865498,134103,611,208,66,0,0,66.000,282.46
1798963,825148,540292,9779,209,66,0,0,66.000,282.46
1798963,1137494,1429827,15725,209,66,0,0,66.000,282.46
1798963,1604804,1473651,23598,417,66,0,0,66.000,282.46
1798963,295302,1164116,8931,209,66,0,0,66.000,282.46
1798963,1335506,663267,33542,166,66,0,0,66.000,282.46
1798963,1186232,969889,12746,375,66,0,0,66.000,282.46
1798963,1700651,686621,6161,209,66,0,0,66.000,282.46
1798963,262267,1107124,3414,333,66,0,0,66.000,282.46
1798963,562993,1598915,19481,250,66,0,0,66.000,282.46
1798963,843224,1075861,11122,209,66,0,0,66.000,282.46
1798963,1092390,635979,3933,208,66,0,0,66.000,282.46
1798963,889818,287604,11746,375,66,0,0,66.000,282.46
1798963,1246522,380874,7721,209,66,0,0,66.000,282.46
1798963,1579403,936969,6640,209,66,0,0,66.000,282.46
1798963,74045,233301,14154,166,66,0,0,66.000,282.46
1798963,87854,740137,4966,208,66,0,0,66.000,282.46
1799731,1579657,1164691,14914,166,66,0,0,66.000,246.36
1799731,644429,1726357,19916,208,66,0,0,66.000,246.36
1799731,1505271,873885,3068,208,66,0,0,66.000,246.36
1799731,1121175,1300207,23011,208,66,0,0,66.000,246.36
1799731,1674423,944790,9159,208,66,0,0,66.000,246.36
1799731,1746207,1744810,3435,208,66,0,0,66.000,246.36
1799731,1696807,511360,5574,375,66,0,0,66.000,246.36
1799731,1233015,1709433,2142,208,66,0,0,66.000,246.36
1799731,1504137,66822,7195,292,66,0,0,66.000,246.36
1799731,62975,1053300,7457,167,66,0,0,66.000,246.36
1799731,1096466,296234,114,167,66,0,0,66.000,246.36
1799731,265712,1460502,20534,167,66,0,0,66.000,246.36
1799731,626345,1273800,764,209,66,0,0,66.000,246.36
1799731,136035,454775,20373,167,66,0,0,66.000,246.36
1799731,1236378,423884,31843,333,66,0,0,66.000,246.36
1799731,692676,1014981,7907,208,66,0,0,66.000,246.36
1799731,998659,78162,10268,208,66,0,0,66.000,246.36
1799731,44092,423453,11724,167,66,0,0,66.000,246.36
1799731,1744536,332102,19575,208,66,0,0,66.000,246.36
1799731,156092,58984,44836,208,66,0,0,66.000,246.36
1802189,929514,1082325,6418,167,66,0,0,66.000,273.11
1802189,1309925,1209514,35687,167,66,0,0,66.000,273.11
1802189,52005,468845,2132,208,66,0,0,66.000,273.11
1802189,1278939,1388139,2015,209,66,0,0,66.000,273.11
1802189,747768,1798000,3944,209,66,0,0,66.000,273.11
1802189,1654747,1308059,8528,209,66,0,0,66.000,273.11
1802189,837825,1624621,6296,209,66,0,0,66.000,273.11
1802189,1120943,983063,12592,208,66,0,0,66.000,273.11
1802189,1139094,197514,16168,167,66,0,0,66.000,273.11
1802189,526650,128285,26070,209,66,0,0,66.000,273.11
1802189,913934,119740,8574,167,66,0,0,66.000,273.11
1802189,1721638,1298716,26783,292,66,0,0,66.000,273.11
1802189,1715112,915712,26937,208,66,0,0,66.000,273.11
1802189,333710,522534,4673,208,66,0,0,66.000,273.11
1802189,1195539,1128231,17509,167,66,0,0,66.000,273.11
1802189,1690556,23324,1855,333,66,0,0,66.000,273.11
1802189,154901,1730086,6983,333,66,0,0,66.000,273.11
1802189,555751,493946,4625,166,66,0,0,66.000,273.11
1802189,69669,679630,50743,208,66,0,0,66.000,273.11
1802189,413014,1462823,22446,167,66,0,0,66.000,273.11
1802393,427581,1403468,684,167,66,0,0,66.000,78.34
1802393,1442730,734471,2493,166,66,0,0,66.000,78.34
1802393,1620403,1133816,4862,208,66,0,0,66.000,78.34
1802393,1765866,1235643,6983,208,66,0,0,66.000,78.34
1802393,895596,937880,7838,167,66,0,0,66.000,78.34
1802393,916951,569017,6748,167,66,0,0,66.000,78.34
1802393,522554,1087626,1229,334,66,0,0,66.000,78.34
1802393,843973,1739970,16661,291,66,0,0,66.000,78.34
1802393,1008442,555649,1565,208,66,0,0,66.000,78.34
1802393,501046,1076067,4546,292,66,0,0,66.000,78.34
1802393,843973,1709747,5713,167,66,0,0,66.000,78.34
1802393,73940,523289,6979,167,66,0,0,66.000,78.34
1802393,749227,1548094,786,209,66,0,0,66.000,78.34
1802393,591111,1632444,7930,167,66,0,0,66.000,78.34
1802393,1041082,1408263,1830,166,66,0,0,66.000,78.34
1802393,949128,1247101,6974,167,66,0,0,66.000,78.34
1802393,1739700,846139,143,167,66,0,0,66.000,78.34
1802393,1239270,1108293,1596,166,66,0,0,66.000,78.34
1802393,909213,1288274,5079,166,66,0,0,66.000,78.34
1802393,32760,1330029,1364,166,66,0,0,66.000,78.34
1806263,1015439,1307286,65,208,66,0,0,66.000,83.01
1806263,152843,1041214,6918,291,66,0,0,66.000,83.01
1806263,645344,1607124,5351,333,66,0,0,66.000,83.01
1806263,966976,1449984,2082,208,66,0,0,66.000,83.01
1806263,509159,918775,8459,167,66,0,0,66.000,83.01
1806263,1191827,798536,612,292,66,0,0,66.000,83.01
1806263,1544061,3967,1680,208,66,0,0,66.000,83.01
1806263,1188406,229003,6116,167,66,0,0,66.000,83.01
1806263,44622,841996,5015,166,66,0,0,66.000,83.01
1806263,1296839,1390083,7813,208,66,0,0,66.000,83.01
1806263,572578,1150152,13619,209,66,0,0,66.000,83.01
1806263,471701,226063,577,167,66,0,0,66.000,83.01
1806263,88964,376162,1281,209,66,0,0,66.000,83.01
1806263,659820,911532,206,166,66,0,0,66.000,83.01
1806263,807157,791079,14100,208,66,0,0,66.000,83.01
1806263,1708484,1569999,4013,167,66,0,0,66.000,83.01
1806263,335233,353708,1380,208,66,0,0,66.000,83.01
1806263,1214641,1673915,7175,209,66,0,0,66.000,83.01
1806263,1803027,841206,120,208,66,0,0,66.000,83.01
1806263,1521477,763354,14068,167,66,0,0,66.000,83.01
1808243,136450,229225,3193,250,66,0,0,66.000,86.70
1808243,556648,519682,4352,416,66,0,0,66.000,86.70
1808243,552485,733872,6149,250,66,0,0,66.000,86.70
1808243,1512147,122590,3893,291,66,0,0,66.000,86.70
1808243,659564,289840,3178,250,66,0,0,66.000,86.70
1808243,1149941,1280754,2012,292,66,0,0,66.000,86.70
1808243,1687075,1451999,141,250,66,0,0,66.000,86.70
1808243,1760343,472846,3531,250,66,0,0,66.000,86.70
1808243,984963,1720060,777,459,66,0,0,66.000,86.70
1808243,606155,222210,10099,208,66,0,0,66.000,86.70
1808243,1544030,1558185,8322,209,66,0,0,66.000,86.70
1808243,1414405,1725794,856,292,66,0,0,66.000,86.70
1808243,1096615,1405162,1555,250,66,0,0,66.000,86.70
1808243,786081,1741001,434,250,66,0,0,66.000,86.70
1808243,1090400,645424,3884,459,66,0,0,66.000,86.70
1808243,1606034,247528,3431,250,66,0,0,66.000,86.70
1808243,27323,1051422,8594,250,66,0,0,66.000,86.70
1808243,346417,165534,4583,208,66,0,0,66.000,86.70
1808243,971870,1035834,3793,250,66,0,0,66.000,86.70
1808243,1304308,1487527,2832,209,66,0,0,66.000,86.70
1809167,623439,584053,86385,208,66,0,0,66.000,398.79
1809167,1019886,1347331,3863,375,66,0,0,66.000,398.79
1809167,894240,1000231,7284,209,66,0,0,66.000,398.79
1809167,856979,875253,40318,250,66,0,0,66.000,398.79
1809167,623439,1120440,3566,208,66,0,0,66.000,398.79
1809167,633841,1070305,18343,208,66,0,0,66.000,398.79
1809167,358676,1504891,14963,250,66,0,0,66.000,398.79
1809167,761425,840165,1739,250,66,0,0,66.000,398.79
1809167,1771713,386819,5581,208,66,0,0,66.000,398.79
1809167,1109453,1345813,41717,209,66,0,0,66.000,398.79
1809167,274130,114304,14784,250,66,0,0,66.000,398.79
1809167,785422,1325517,5564,209,66,0,0,66.000,398.79
1809167,1379476,1313500,26508,250,66,0,0,66.000,398.79
1809167,38441,41282,1874,209,66,0,0,66.000,398.79
1809167,434553,255171,5413,209,66,0,0,66.000,398.79
1809167,425392,428208,978,208,66,0,0,66.000,398.79
1809167,201980,427120,39004,208,66,0,0,66.000,398.79
1809167,737246,1693057,4926,208,66,0,0,66.000,398.79
1809167,1198881,477929,31155,250,66,0,0,66.000,398.79
1809167,1712603,1288022,20527,208,66,0,0,66.000,398.79
1810607,790822,1235635,11453,166,66,0,0,66.000,97.41
1810607,45543,1107301,2620,167,66,0,0,66.000,97.41
1810607,976735,1005662,604,208,66,0,0,66.000,97.41
1810607,1381585,92192,8446,209,66,0,0,66.000,97.41
1810607,440790,255502,4540,166,66,0,0,66.000,97.41
1810607,212005,1426440,223,166,66,0,0,66.000,97.41
1810607,767309,96554,9610,209,66,0,0,66.000,97.41
1810607,716414,1463179,4359,167,66,0,0,66.000,97.41
1810607,435993,675386,3683,208,66,0,0,66.000,97.41
1810607,167300,341269,6615,167,66,0,0,66.000,97.41
1810607,677266,497773,3282,333,66,0,0,66.000,97.41
1810607,610926,330875,6120,125,66,0,0,66.000,97.41
1810607,1806527,1061111,2863,208,66,0,0,66.000,97.41
1810607,1035997,45889,8381,167,66,0,0,66.000,97.41
1810607,1729819,249161,1756,167,66,0,0,66.000,97.41
1810607,1019217,633336,1181,209,66,0,0,66.000,97.41
1810607,710807,365303,11530,208,66,0,0,66.000,97.41
1810607,1431647,1455901,1030,208,66,0,0,66.000,97.41
1810607,276392,799944,8755,166,66,0,0,66.000,97.41
1810607,45594,5230,7901,167,66,0,0,66.000,97.41
1811413,1066039,1402520,3690,208,66,0,0,66.000,249.24
1811413,153275,85126,13574,209,66,0,0,66.000,249.24
1811413,1742587,1267594,3088,166,66,0,0,66.000,249.24
1811413,802726,947247,5408,167,66,0,0,66.000,249.24
1811413,791321,668013,17522,208,66,0,0,66.000,249.24
1811413,1567249,128343,8920,208,66,0,0,66.000,249.24
1811413,628968,1445550,516,166,66,0,0,66.000,249.24
1811413,549071,1270889,27156,166,66,0,0,66.000,249.24
1811413,600811,182805,33340,208,66,0,0,66.000,249.24
1811413,899575,132414,16317,209,66,0,0,66.000,249.24
1811413,108354,1616522,17650,167,66,0,0,66.000,249.24
1811413,9418,1516815,13935,167,66,0,0,66.000,249.24
1811413,400919,1601165,15684,209,66,0,0,66.000,249.24
1811413,1444717,199459,588,208,66,0,0,66.000,249.24
1811413,1535178,696221,18588,250,66,0,0,66.000,249.24
1811413,889183,409201,3252,166,66,0,0,66.000,249.24
1811413,1655100,261442,4678,208,66,0,0,66.000,249.24
1811413,184226,1476946,22141,166,66,0,0,66.000,249.24
1811413,981265,1360214,15822,208,66,0,0,66.000,249.24
1811413,1672657,1619194,10413,208,66,0,0,66.000,249.24
1813991,905412,1209767,111242,208,66,0,0,66.000,601.78
1813991,1484545,588823,4719,250,66,0,0,66.000,601.78
1813991,1746053,859127,24409,208,66,0,0,66.000,601.78
1813991,225626,1744799,13105,250,66,0,0,66.000,601.78
1813991,1429622,1252495,61112,250,66,0,0,66.000,601.78
1813991,1342828,922501,12176,291,66,0,0,66.000,601.78
1813991,1325828,1233841,24847,250,66,0,0,66.000,601.78
1813991,1702995,85948,8686,250,66,0,0,66.000,601.78
1813991,1570424,262865,39452,250,66,0,0,66.000,601.78
1813991,156081,1468374,20420,208,66,0,0,66.000,601.78
1813991,1752737,788404,11802,208,66,0,0,66.000,601.78
1813991,1757662,588314,50646,250,66,0,0,66.000,601.78
1813991,1786571,690136,260,292,66,0,0,66.000,601.78
1813991,529612,1519721,10610,250,66,0,0,66.000,601.78
1813991,1327252,1501971,4783,250,66,0,0,66.000,601.78
1813991,907417,400144,1187,250,66,0,0,66.000,601.78
1813991,1431368,1229523,40749,458,66,0,0,66.000,601.78
1813991,890877,984600,16068,250,66,0,0,66.000,601.78
1813991,1126885,608050,9663,250,66,0,0,66.000,601.78
1813991,973178,1736240,60602,250,66,0,0,66.000,601.78
1817611,266665,686775,1611,166,66,0,0,66.000,211.56
1817611,1305539,1145537,1101,167,66,0,0,66.000,211.56
1817611,718036,833017,11452,208,66,0,0,66.000,211.56
1817611,1192697,924433,12084,209,66,0,0,66.000,211.56
1817611,1483271,351033,8175,209,66,0,0,66.000,211.56
1817611,1048298,747928,1866,167,66,0,0,66.000,211.56
1817611,1654628,1367880,28295,166,66,0,0,66.000,211.56
1817611,1075514,1401107,605,208,66,0,0,66.000,211.56
1817611,1426481,1394850,21956,167,66,0,0,66.000,211.56
1817611,1116610,691694,11776,208,66,0,0,66.000,211.56
1817611,1124633,979342,199,167,66,0,0,66.000,211.56
1817611,239638,133439,8965,167,66,0,0,66.000,211.56
1817611,1214604,1536524,666,208,66,0,0,66.000,211.56
1817611,52062,1721885,27467,208,66,0,0,66.000,211.56
1817611,1163779,130565,7964,167,66,0,0,66.000,211.56
1817611,192791,1711125,18318,208,66,0,0,66.000,211.56
1817611,467659,1460248,505,167,66,0,0,66.000,211.56
1817611,633462,266100,4149,166,66,0,0,66.000,211.56
1817611,472807,1184029,19039,167,66,0,0,66.000,211.56
1817611,631090,604983,52403,208,66,0,0,66.000,211.56
1818533,1451328,640107,8737,208,66,0,0,66.000,169.37
1818533,894964,1189957,2101,208,66,0,0,66.000,169.37
1818533,1304295,297414,12167,166,66,0,0,66.000,169.37
1818533,1351520,1104839,20310,208,66,0,0,66.000,169.37
1818533,1599153,941645,28589,166,66,0,0,66.000,169.37
1818533,1034625,1402499,3274,333,66,0,0,66.000,169.37
1818533,401182,336682,12062,208,66,0,0,66.000,169.37
1818533,1536130,851220,12318,167,66,0,0,66.000,169.37
1818533,14789,1619443,7651,208,66,0,0,66.000,169.37
1818533,747980,248576,3914,167,66,0,0,66.000,169.37
1818533,1777616,552091,694,375,66,0,0,66.000,169.37
1818533,696287,1814939,2560,208,66,0,0,66.000,169.37
1818533,1311301,524099,708,167,66,0,0,66.000,169.37
1818533,1755468,1616535,6285,208,66,0,0,66.000,169.37
1818533,1727265,403276,1445,167,66,0,0,66.000,169.37
1818533,824423,1495614,10615,375,66,0,0,66.000,169.37
1818533,235369,245702,13161,208,66,0,0,66.000,169.37
1818533,1021336,1053955,6769,167,66,0,0,66.000,169.37
1818533,564744,532273,12960,209,66,0,0,66.000,169.37
1818533,169462,1033253,8961,208,66,0,0,66.000,169.37
1820557,479954,869385,11736,250,66,0,0,66.000,273.44
1820557,1513502,1193110,2901,208,66,0,0,66.000,273.44
1820557,1568155,1453336,7719,250,66,0,0,66.000,273.44
1820557,1782755,1013147,194,250,66,0,0,66.000,273.44
1820557,1269536,929980,2998,208,66,0,0,66.000,273.44
1820557,177326,477368,9591,167,66,0,0,66.000,273.44
1820557,1681292,699667,44723,167,66,0,0,66.000,273.44
1820557,74207,1026151,8065,209,66,0,0,66.000,273.44
1820557,1512369,275175,11956,292,66,0,0,66.000,273.44
1820557,266433,143918,24696,208,66,0,0,66.000,273.44
1820557,483293,893939,1031,209,66,0,0,66.000,273.44
1820557,759401,1531770,14806,250,66,0,0,66.000,273.44
1820557,1692815,480976,28948,208,66,0,0,66.000,273.44
1820557,489416,675197,9553,209,66,0,0,66.000,273.44
1820557,144055,586170,163,166,66,0,0,66.000,273.44
1820557,521891,13692,41769,209,66,0,0,66.000,273.44
1820557,1213141,1335039,2040,208,66,0,0,66.000,273.44
1820557,1478679,1261308,23458,167,66,0,0,66.000,273.44
1820557,1478832,614946,9864,250,66,0,0,66.000,273.44
1820557,55818,1082,237,209,66,0,0,66.000,273.44
1822181,134242,1590067,20516,208,66,0,0,66.000,731.68
1822181,1138788,1530104,16114,167,66,0,0,66.000,731.68
1822181,1273651,1529269,12975,250,66,0,0,66.000,731.68
1822181,1609704,788871,34098,375,66,0,0,66.000,731.68
1822181,963869,1499307,107819,250,66,0,0,66.000,731.68
1822181,722169,1280154,13540,208,66,0,0,66.000,731.68
1822181,937444,543644,95176,250,66,0,0,66.000,731.68
1822181,1225359,1092504,50850,375,66,0,0,66.000,731.68
1822181,261333,1446268,39350,208,66,0,0,66.000,731.68
1822181,1307257,569411,7192,250,66,0,0,66.000,731.68
1822181,1251578,1382226,66328,167,66,0,0,66.000,731.68
1822181,1619963,712369,60906,167,66,0,0,66.000,731.68
1822181,56406,1718077,5407,167,66,0,0,66.000,731.68
1822181,1138788,333038,13262,208,66,0,0,66.000,731.68
1822181,1020299,88560,40483,167,66,0,0,66.000,731.68
1822181,1343994,1598700,15871,250,66,0,0,66.000,731.68
1822181,1193795,512182,31141,208,66,0,0,66.000,731.68
1822181,309368,1783566,1602,416,66,0,0,66.000,731.68
1822181,1395927,1439906,35699,209,66,0,0,66.000,731.68
1822181,510264,87697,24817,209,66,0,0,66.000,731.68
1822391,835760,1570745,23793,333,66,0,0,66.000,441.33
1822391,137684,1311314,40465,166,66,0,0,66.000,441.33
1822391,1522879,719974,33602,250,66,0,0,66.000,441.33
1822391,1722666,1100115,3494,209,66,0,0,66.000,441.33
1822391,740039,1588062,13254,250,66,0,0,66.000,441.33
1822391,1126570,1614901,4310,208,66,0,0,66.000,441.33
1822391,451657,1527718,18406,167,66,0,0,66.000,441.33
1822391,863585,1011413,16087,250,66,0,0,66.000,441.33
1822391,516170,179141,15710,208,66,0,0,66.000,441.33
1822391,503158,1053144,4930,208,66,0,0,66.000,441.33
1822391,1316575,443192,39391,208,66,0,0,66.000,441.33
1822391,973206,447114,10270,208,66,0,0,66.000,441.33
1822391,1514735,952466,321,208,66,0,0,66.000,441.33
1822391,1614602,735224,47194,375,66,0,0,66.000,441.33
1822391,306560,988035,12231,208,66,0,0,66.000,441.33
1822391,447763,1582068,13467,209,66,0,0,66.000,441.33
1822391,1611990,463828,36510,183,66,0,0,66.000,441.33
1822391,3267,1815090,23998,167,66,0,0,66.000,441.33
1822391,49906,1174471,58119,208,66,0,0,66.000,441.33
1822391,1568445,1287330,21283,250,66,0,0,66.000,441.33
1823579,694125,1205996,12626,375,66,0,0,66.000,245.96
1823579,284940,285537,8281,166,66,0,0,66.000,245.96
1823579,1591881,540756,1410,209,66,0,0,66.000,245.96
1823579,1720944,259539,13314,208,66,0,0,66.000,245.96
1823579,1063206,578726,9129,167,66,0,0,66.000,245.96
1823579,1759797,177424,533,167,66,0,0,66.000,245.96
1823579,229264,1663531,10889,209,66,0,0,66.000,245.96
1823579,856642,958293,5119,208,66,0,0,66.000,245.96
1823579,509195,1623542,8831,209,66,0,0,66.000,245.96
1823579,842605,1289810,25878,167,66,0,0,66.000,245.96
1823579,1049532,1070052,39583,375,66,0,0,66.000,245.96
1823579,1593019,409173,8315,375,66,0,0,66.000,245.96
1823579,606158,771003,23375,166,66,0,0,66.000,245.96
1823579,1037640,1672865,154,375,66,0,0,66.000,245.96
1823579,815036,861908,12941,166,66,0,0,66.000,245.96
1823579,1194902,361383,10994,166,66,0,0,66.000,245.96
1823579,1426889,1688174,27592,208,66,0,0,66.000,245.96
1823579,1542482,705721,35553,208,66,0,0,66.000,245.96
1823579,892935,1708631,1427,209,66,0,0,66.000,245.96
1823579,1500334,267673,5258,167,66,0,0,66.000,245.96
1824269,533340,1579388,12863,208,66,0,0,66.000,283.23
1824269,1493652,658874,3850,208,66,0,0,66.000,283.23
1824269,568273,1612951,3812,166,66,0,0,66.000,283.23
1824269,1711995,599604,6271,209,66,0,0,66.000,283.23
1824269,1689659,693174,1312,334,66,0,0,66.000,283.23
1824269,5606,1811812,2237,333,66,0,0,66.000,283.23
1824269,669256,155264,7408,166,66,0,0,66.000,283.23
1824269,585224,480635,13686,167,66,0,0,66.000,283.23
1824269,926708,1136215,34357,208,66,0,0,66.000,283.23
1824269,966873,1601537,23433,167,66,0,0,66.000,283.23
1824269,1072111,1264230,29278,208,66,0,0,66.000,283.23
1824269,589593,1497553,41930,209,66,0,0,66.000,283.23
1824269,1535364,1161761,4498,209,66,0,0,66.000,283.23
1824269,1611356,656816,5240,208,66,0,0,66.000,283.23
1824269,1744664,500883,10047,167,66,0,0,66.000,283.23
1824269,76393,818495,10380,167,66,0,0,66.000,283.23
1824269,1645006,1478753,14890,166,66,0,0,66.000,283.23
1824269,337217,1296322,4796,209,66,0,0,66.000,283.23
1824269,1525520,1448972,103758,208,66,0,0,66.000,283.23
1824269,901054,687984,120,208,66,0,0,66.000,283.23
1824281,812701,111032,30239,167,66,0,0,66.000,355.86
1824281,1454739,1144982,13074,208,66,0,0,66.000,355.86
1824281,1814218,1561391,3398,166,66,0,0,66.000,355.86
1824281,453452,315793,12049,167,66,0,0,66.000,355.86
1824281,1690142,56445,32968,250,66,0,0,66.000,355.86
1824281,1638730,201275,60887,167,66,0,0,66.000,355.86
1824281,11949,1821744,6553,167,66,0,0,66.000,355.86
1824281,447299,1326254,7301,209,66,0,0,66.000,355.86
1824281,870257,1305426,428,208,66,0,0,66.000,355.86
1824281,1311569,1644132,45024,208,66,0,0,66.000,355.86
1824281,979799,498125,3806,166,66,0,0,66.000,355.86
1824281,1700868,1318021,44218,208,66,0,0,66.000,355.86
1824281,1051514,1713981,22132,333,66,0,0,66.000,355.86
1824281,1303899,430544,32457,167,66,0,0,66.000,355.86
1824281,41420,1329618,8261,167,66,0,0,66.000,355.86
1824281,546778,327185,23126,333,66,0,0,66.000,355.86
1824281,1279766,49803,2449,333,66,0,0,66.000,355.86
1824281,569417,1016472,29849,167,66,0,0,66.000,355.86
1824281,411272,1229944,12463,167,66,0,0,66.000,355.86
1824281,171586,1569242,3104,167,66,0,0,66.000,355.86
1824523,1402819,1217086,5365,250,66,0,0,66.000,160.66
1824523,1022728,1406639,631,250,66,0,0,66.000,160.66
1824523,860289,884595,36965,167,66,0,0,66.000,160.66
1824523,1220230,965328,5990,167,66,0,0,66.000,160.66
1824523,672309,1418455,23169,375,66,0,0,66.000,160.66
1824523,909836,1236944,8847,208,66,0,0,66.000,160.66
1824523,662033,38827,2731,209,66,0,0,66.000,160.66
1824523,284463,204479,16353,291,66,0,0,66.000,160.66
1824523,1673792,354850,1528,208,66,0,0,66.000,160.66
1824523,665369,424687,4725,166,66,0,0,66.000,160.66
1824523,1029953,295059,11965,209,66,0,0,66.000,160.66
1824523,1606994,866531,1109,208,66,0,0,66.000,160.66
1824523,1748875,1580702,998,209,66,0,0,66.000,160.66
1824523,1607083,1362972,78,208,66,0,0,66.000,160.66
1824523,1546909,1418397,13732,250,66,0,0,66.000,160.66
1824523,1089980,925865,4113,208,66,0,0,66.000,160.66
1824523,85666,675986,2319,333,66,0,0,66.000,160.66
1824523,850842,1425360,8542,209,66,0,0,66.000,160.66
1824523,66912,1315264,2200,166,66,0,0,66.000,160.66
1824523,1782055,995601,10121,250,66,0,0,66.000,160.66
1825679,1094874,990919,14453,166,66,0,0,66.000,342.26
1825679,1246158,1102570,20334,167,66,0,0,66.000,342.26
1825679,436050,632086,32829,208,66,0,0,66.000,342.26
1825679,596981,1135957,160,166,66,0,0,66.000,342.26
1825679,362713,1017450,31924,167,66,0,0,66.000,342.26
1825679,291077,178944,5998,166,66,0,0,66.000,342.26
1825679,434224,431616,6402,167,66,0,0,66.000,342.26
1825679,1112585,1601845,37323,208,66,0,0,66.000,342.26
1825679,271425,812212,28440,166,66,0,0,66.000,342.26
1825679,1292780,77887,39719,166,66,0,0,66.000,342.26
1825679,6974,1189290,1330,209,66,0,0,66.000,342.26
1825679,1136054,1667086,28114,209,66,0,0,66.000,342.26
1825679,222163,1087535,24,333,66,0,0,66.000,342.26
1825679,781629,1611902,21968,166,66,0,0,66.000,342.26
1825679,970266,1153428,15570,208,66,0,0,66.000,342.26
1825679,1582641,454869,16267,208,66,0,0,66.000,342.26
1825679,716330,527465,16435,166,66,0,0,66.000,342.26
1825679,688921,410161,2154,209,66,0,0,66.000,342.26
1825679,671589,1030773,66737,208,66,0,0,66.000,342.26
1825679,844724,1707409,5683,333,66,0,0,66.000,342.26
1827863,1275732,33859,15666,209,66,0,0,66.000,422.63
1827863,1710862,315244,8453,208,66,0,0,66.000,422.63
1827863,1068139,1468064,12686,208,66,0,0,66.000,422.63
1827863,628535,1651806,4209,458,66,0,0,66.000,422.63
1827863,1707076,1425065,4210,250,66,0,0,66.000,422.63
1827863,741611,190964,19496,250,66,0,0,66.000,422.63
1827863,1101242,1271190,11541,209,66,0,0,66.000,422.63
1827863,1444437,1155163,6628,250,66,0,0,66.000,422.63
1827863,1673854,220306,29799,250,66,0,0,66.000,422.63
1827863,1030215,933674,10824,250,66,0,0,66.000,422.63
1827863,1107633,548971,1262,250,66,0,0,66.000,422.63
1827863,305217,119851,14221,208,66,0,0,66.000,422.63
1827863,1582585,1734046,62898,250,66,0,0,66.000,422.63
1827863,913265,1758518,55146,208,66,0,0,66.000,422.63
1827863,794874,590058,50147,208,66,0,0,66.000,422.63
1827863,1112852,1427656,8178,250,66,0,0,66.000,422.63
1827863,692346,331029,4589,250,66,0,0,66.000,422.63
1827863,594054,460743,44421,208,66,0,0,66.000,422.63
1827863,1738081,1795806,14300,208,66,0,0,66.000,422.63
1827863,1769563,444312,2085,250,66,0,0,66.000,422.63
1828789,1597294,1767682,1185,209,66,0,0,66.000,261.78
1828789,763793,1652689,8130,208,66,0,0,66.000,261.78
1828789,1107421,636435,54428,208,66,0,0,66.000,261.78
1828789,1064085,1263204,12010,250,66,0,0,66.000,261.78
1828789,1264555,760601,7237,208,66,0,0,66.000,261.78
1828789,1568040,1384225,13133,208,66,0,0,66.000,261.78
1828789,1674504,1520481,19050,208,66,0,0,66.000,261.78
1828789,701584,1727804,11436,375,66,0,0,66.000,261.78
1828789,640448,70823,8288,209,66,0,0,66.000,261.78
1828789,1455329,125115,10519,167,66,0,0,66.000,261.78
1828789,975113,705235,5163,208,66,0,0,66.000,261.78
1828789,1477094,1503174,14843,208,66,0,0,66.000,261.78
1828789,132163,1346232,11090,250,66,0,0,66.000,261.78
1828789,473795,1790238,10873,166,66,0,0,66.000,261.78
1828789,1147926,1183278,6443,166,66,0,0,66.000,261.78
1828789,217909,1229754,22457,167,66,0,0,66.000,261.78
1828789,516372,1262183,3651,208,66,0,0,66.000,261.78
1828789,1401639,1267982,2600,208,66,0,0,66.000,261.78
1828789,1415764,845715,18275,208,66,0,0,66.000,261.78
1828789,1416617,689856,22607,208,66,0,0,66.000,261.78
1829203,293387,1103279,15304,208,66,0,0,66.000,177.32
1829203,1206958,1529772,34,166,66,0,0,66.000,177.32
1829203,306530,1462390,137,167,66,0,0,66.000,177.32
1829203,605844,1073809,11425,166,66,0,0,66.000,177.32
1829203,338895,180904,4280,166,66,0,0,66.000,177.32
1829203,877862,40869,11362,292,66,0,0,66.000,177.32
1829203,346756,1190451,1995,167,66,0,0,66.000,177.32
1829203,129726,676910,9808,167,66,0,0,66.000,177.32
1829203,74744,1382019,2478,209,66,0,0,66.000,177.32
1829203,1009652,1305495,14987,208,66,0,0,66.000,177.32
1829203,1343697,880454,17917,167,66,0,0,66.000,177.32
1829203,1681293,635121,8972,209,66,0,0,66.000,177.32
1829203,484332,1319119,6122,167,66,0,0,66.000,177.32
1829203,1812556,247105,13663,167,66,0,0,66.000,177.32
1829203,1786611,1583826,19996,208,66,0,0,66.000,177.32
1829203,105498,1053334,5164,208,66,0,0,66.000,177.32
1829203,1278714,1259642,2009,208,66,0,0,66.000,177.32
1829203,464538,567051,47751,209,66,0,0,66.000,177.32
1829203,1139689,267483,1621,208,66,0,0,66.000,177.32
1829203,885997,821720,4379,166,66,0,0,66.000,177.32
1830637,834655,519750,122357,250,66,0,0,66.000,655.36
1830637,1795283,806473,29734,208,66,0,0,66.000,655.36
1830637,1753939,408219,42797,208,66,0,0,66.000,655.36
1830637,1606659,151621,17044,291,66,0,0,66.000,655.36
1830637,1391067,124296,45754,208,66,0,0,66.000,655.36
1830637,1251663,654743,6874,250,66,0,0,66.000,655.36
1830637,1078,1356114,8851,209,66,0,0,66.000,655.36
1830637,1315614,753802,31561,208,66,0,0,66.000,655.36
1830637,835282,1058850,7835,208,66,0,0,66.000,655.36
1830637,1664380,1779435,42782,416,66,0,0,66.000,655.36
1830637,1417843,53678,13817,166,66,0,0,66.000,655.36
1830637,1752209,287644,22948,250,66,0,0,66.000,655.36
1830637,184639,231989,88510,166,66,0,0,66.000,655.36
1830637,1283135,502919,12554,250,66,0,0,66.000,655.36
1830637,714921,1663242,13496,250,66,0,0,66.000,655.36
1830637,193769,1316325,18660,208,66,0,0,66.000,655.36
1830637,1283135,1601751,22413,250,66,0,0,66.000,655.36
1830637,1021566,1638693,1213,208,66,0,0,66.000,655.36
1830637,1804842,955614,44288,209,66,0,0,66.000,655.36
1830637,1380007,100019,2843,208,66,0,0,66.000,655.36
1831211,541192,786076,19224,209,66,0,0,66.000,152.05
1831211,443635,479734,10314,250,66,0,0,66.000,152.05
1831211,1101628,47358,224,208,66,0,0,66.000,152.05
1831211,1202489,1326482,23529,208,66,0,0,66.000,152.05
1831211,562090,1285062,16,208,66,0,0,66.000,152.05
1831211,360140,1196411,3478,333,66,0,0,66.000,152.05
1831211,1044318,552680,5399,209,66,0,0,66.000,152.05
1831211,1393921,1228859,16532,209,66,0,0,66.000,152.05
1831211,82170,754455,1094,209,66,0,0,66.000,152.05
1831211,1026023,1795691,8402,208,66,0,0,66.000,152.05
1831211,13618,456736,388,167,66,0,0,66.000,152.05
1831211,1527468,556357,4332,208,66,0,0,66.000,152.05
1831211,514556,1218773,1348,250,66,0,0,66.000,152.05
1831211,690725,1579798,22478,291,66,0,0,66.000,152.05
1831211,779671,1069081,1234,209,66,0,0,66.000,152.05
1831211,805627,34159,9379,208,66,0,0,66.000,152.05
1831211,137561,570629,2758,209,66,0,0,66.000,152.05
1831211,1799748,1211987,1710,417,66,0,0,66.000,152.05
1831211,799976,756468,2025,208,66,0,0,66.000,152.05
1831211,1057506,1517619,8084,208,66,0,0,66.000,152.05
1837399,1542991,316491,14119,167,66,0,0,66.000,162.25
1837399,550089,23222,687,167,66,0,0,66.000,162.25
1837399,1182130,1756347,1072,166,66,0,0,66.000,162.25
1837399,530947,1324344,1262,208,66,0,0,66.000,162.25
1837399,1576775,652416,25008,166,66,0,0,66.000,162.25
1837399,1283221,682467,7058,208,66,0,0,66.000,162.25
1837399,821908,853052,2551,166,66,0,0,66.000,162.25
1837399,821512,259062,11301,208,66,0,0,66.000,162.25
1837399,1513516,1700167,12289,167,66,0,0,66.000,162.25
1837399,1136250,1296709,9442,167,66,0,0,66.000,162.25
1837399,48240,1443990,19890,167,66,0,0,66.000,162.25
1837399,1794310,1501091,8671,208,66,0,0,66.000,162.25
1837399,138946,436625,25509,166,66,0,0,66.000,162.25
1837399,585181,1600307,11204,209,66,0,0,66.000,162.25
1837399,87778,1398526,6172,208,66,0,0,66.000,162.25
1837399,1028698,510133,6864,208,66,0,0,66.000,162.25
1837399,1295262,1610502,8478,167,66,0,0,66.000,162.25
1837399,584584,490944,4842,167,66,0,0,66.000,162.25
1837399,304839,1746724,3055,167,66,0,0,66.000,162.25
1837399,806293,731498,1016,167,66,0,0,66.000,162.25
